
/*******************************************************************************
* generated by lcd-image-converter rev.030b30d from 2019-03-17 01:38:34 +0500
* image
* filename: unsaved
* name: yoradio_160
*
* preset name: my test2
* data block size: 16 bit(s), uint16_t
* RLE compression enabled: no
* conversion type: Color, not_used not_used
* split to rows: yes
* bits per pixel: 16
*
* preprocess:
*  main scan direction: top_to_bottom
*  line scan direction: forward
*  inverse: no
*******************************************************************************/

/* Small boot logo for narrow displays (114×97). Same linkage rules as yoradio_boot_medium.c.
 * Малый boot-лого для узких экранов. */
#include <stdint.h>

typedef struct {
    const uint16_t* data;
    uint16_t width;
    uint16_t height;
    uint8_t dataSize;
} tImage;

const uint16_t image_data_yoradio_boot_small[11058] = {
    // ∙∙∙∙∙∙∙∙∙∙∙∙∙∙∙∙∙∙∙∙∙∙∙∙∙∙∙∙∙∙∙∙∙∙∙∙∙∙∙∙∙∙∙∙∙∙∙∙∙∙∙∙∙∙∙∙∙∙∙∙∙∙∙∙∙∙∙∙∙∙∙∙∙∙∙∙∙∙∙∙∙∙∙∙∙∙∙∙∙∙∙∙∙∙∙∙∙∙∙∙∙∙∙∙∙∙∙∙∙∙∙∙∙∙
    // ∙∙∙∙∙∙∙∙∙∙∙░░∙∙∙∙∙∙∙∙∙∙∙∙∙∙∙∙∙∙∙∙∙∙∙∙∙∙∙∙∙∙∙∙∙∙∙∙∙∙∙∙∙∙∙∙∙∙∙∙∙∙∙∙∙∙∙∙∙∙∙∙∙∙∙∙∙∙∙∙∙∙∙∙∙∙∙∙∙∙∙∙∙∙∙∙∙∙∙░░∙∙∙∙∙∙∙∙∙∙∙∙
    // ∙∙∙∙∙∙∙∙∙∙░▓▓▒∙∙∙∙∙∙∙∙∙∙∙∙∙∙∙∙∙∙∙∙∙∙∙∙∙∙∙∙∙∙∙∙∙∙∙∙∙∙∙∙∙∙∙∙∙∙∙∙∙∙∙∙∙∙∙∙∙∙∙∙∙∙∙∙∙∙∙∙∙∙∙∙∙∙∙∙∙∙∙∙∙∙∙∙∙░▓▓░∙∙∙∙∙∙∙∙∙∙∙
    // ∙∙∙∙∙∙∙∙∙∙▒██▓∙∙∙∙∙∙∙∙∙∙∙∙∙∙∙∙∙∙∙∙∙∙∙∙∙∙∙∙∙∙∙∙∙∙∙∙∙∙∙∙∙∙∙∙∙∙∙∙∙∙∙∙∙∙∙∙∙∙∙∙∙∙∙∙∙∙∙∙∙∙∙∙∙∙∙∙∙∙∙∙∙∙∙∙∙▒▓▓▓░∙∙∙∙∙∙∙∙∙∙
    // ∙∙∙∙∙∙∙∙∙░▓▓▓▒∙∙∙∙∙∙∙∙∙∙∙∙∙∙∙∙∙∙∙∙∙∙∙∙∙∙∙∙∙∙∙∙∙∙░▒▒░∙∙∙∙∙∙∙∙∙∙░▒░∙∙∙∙∙∙∙∙∙∙∙∙∙∙∙∙∙∙∙∙∙∙∙∙∙∙∙∙∙∙∙∙∙∙░▒▓▓▒∙∙∙∙∙∙∙∙∙∙
    // ∙∙∙∙∙∙∙∙∙▒▓▓▓∙∙∙∙∙∙∙∙∙∙∙∙∙∙∙∙∙∙∙∙∙∙∙∙∙∙∙∙∙∙∙∙∙∙░▓▓█▒░∙∙∙∙∙∙∙∙▒▓█▓▒∙∙∙∙∙∙∙∙∙∙∙∙∙∙∙∙∙∙∙∙∙∙∙∙∙∙∙∙∙∙∙∙∙∙░▓▓▓░∙∙∙∙∙∙∙∙∙
    // ∙∙∙∙∙∙∙∙░▓▓▓░∙∙∙∙∙∙∙∙∙∙∙∙∙∙∙∙∙∙∙∙∙∙∙∙∙∙∙∙∙∙∙∙∙∙▒▓▓▓▓░∙∙∙∙∙∙∙∙▓▓▓▓▓∙∙∙∙∙∙∙∙∙∙∙∙∙∙∙∙∙∙∙∙∙∙∙∙∙∙∙∙∙∙∙∙∙∙∙▒▓▓▒∙∙∙∙∙∙∙∙∙
    // ∙∙∙∙∙∙∙∙▒▓▓▓∙∙∙∙∙∙∙∙∙∙∙∙∙∙∙∙∙∙∙∙∙∙∙∙∙∙∙∙∙∙∙∙∙∙∙▒█▓▓▓▒∙∙∙∙∙∙∙░▓▓▓▓▓░∙∙∙∙∙∙∙∙∙∙∙∙∙∙∙∙∙∙∙∙∙∙∙∙∙∙∙∙∙∙∙∙∙∙░▓▓▓░∙∙∙∙∙∙∙∙
    // ∙∙∙∙∙∙∙░▓▓▓░∙∙∙∙∙∙∙∙∙∙∙∙∙∙∙∙∙∙∙∙∙∙∙∙∙∙∙∙∙∙∙∙∙∙∙░▓█▓▓░∙∙∙∙∙∙∙∙▒▓▓▓▒∙∙∙∙∙∙∙∙∙∙∙∙∙∙∙∙∙∙∙∙∙∙∙∙∙░∙∙∙∙∙∙∙∙∙∙▒▓▓▒∙∙∙∙∙∙∙∙
    // ∙∙∙∙∙∙∙▒▓▓▓∙∙∙∙∙∙∙∙∙∙▒▒░∙∙∙∙∙∙∙∙∙∙∙∙∙∙∙∙∙∙∙∙∙∙∙∙░▒░░∙∙∙∙∙∙∙∙∙∙░▒░∙∙∙∙∙∙∙∙∙∙∙∙∙∙∙∙∙∙∙∙∙∙∙∙∙▒▓░∙∙∙∙∙∙∙∙∙░▓▓▓∙∙∙∙∙∙∙∙
    // ∙∙∙∙∙∙∙▓▓▓░∙∙∙∙∙∙∙∙∙░▓▓▒∙∙∙∙∙∙∙∙∙∙∙∙∙∙∙∙∙∙∙∙∙∙∙∙∙∙∙∙∙∙∙∙∙∙∙∙∙∙∙∙∙∙∙∙∙∙∙∙∙∙∙∙∙∙∙∙∙∙∙∙∙∙∙∙∙░▓▓▓∙∙∙∙∙∙∙∙∙∙▒▓▓▒∙∙∙∙∙∙∙
    // ∙∙∙∙∙∙░▓▓▓∙∙∙∙∙∙∙∙∙∙▓▓▓░∙∙∙∙∙∙∙∙∙∙∙∙∙∙∙∙∙∙∙∙∙∙∙∙∙∙∙∙∙∙∙∙∙∙∙∙∙∙∙∙∙∙∙∙∙∙∙∙∙∙∙∙∙∙∙∙∙∙∙∙∙∙∙∙∙∙▒▓▓░∙∙∙∙∙∙∙∙∙░▓▓▓∙∙∙∙∙∙∙
    // ∙∙∙∙∙∙▓▓▓▒∙∙∙∙∙∙∙∙∙▒▓▓▒∙∙∙∙∙∙∙∙∙∙∙∙∙∙∙∙∙∙∙∙∙∙∙∙∙∙∙∙∙∙∙∙∙∙∙∙∙∙∙∙∙∙∙∙∙∙∙∙∙∙∙∙∙∙∙∙∙∙∙∙∙∙∙∙∙∙∙░▓▓▓∙∙∙∙∙∙∙∙∙∙▓▓▓░∙∙∙∙∙∙
    // ∙∙∙∙∙░▓▓▓∙∙∙∙∙∙∙∙∙∙▓▓▓░∙∙∙∙∙∙∙∙∙∙∙∙∙∙∙∙∙∙∙∙∙∙∙∙∙∙∙∙∙∙∙∙∙∙∙∙∙∙∙∙∙∙∙∙∙∙∙∙∙∙∙∙∙∙∙∙∙∙∙∙∙∙∙∙∙∙∙∙▒▓▓░∙∙∙∙∙∙∙∙∙▒▓▓▒∙∙∙∙∙∙
    // ∙∙∙∙∙▒▓█▒∙∙∙∙∙∙∙∙∙░▓▓▒∙∙∙∙∙∙∙∙∙∙∙∙∙∙∙∙∙∙∙∙∙∙∙∙∙∙∙∙∙∙∙░░░▒▒░░░░∙∙∙∙∙∙∙∙∙∙∙∙∙∙∙∙∙∙∙∙∙∙∙∙∙∙∙∙∙░▓▓▓∙∙∙∙∙∙∙∙∙∙▓▓▓∙∙∙∙∙∙
    // ∙∙∙∙∙▓▓▓▒∙∙∙∙∙∙∙∙∙▒▓▓░∙∙∙∙∙∙∙∙∙∙∙∙∙∙∙∙∙∙∙∙∙∙∙∙∙∙∙░░▒▓▓▓████▓▓▓▓▒░∙∙∙∙∙∙∙∙∙∙∙∙∙∙∙∙∙∙∙∙∙∙∙∙∙∙∙▒▓▓░∙∙∙∙∙∙∙∙∙▓▓▓░∙∙∙∙∙
    // ∙∙∙∙░▓▓▓∙∙∙∙∙∙∙∙∙░▓▓▒∙∙∙∙∙∙∙∙∙░∙∙∙∙∙∙∙∙∙∙∙∙∙∙∙∙░▒▓▓██▓▓▓▓▓▓▓▓████▓▒∙∙∙∙∙∙∙∙∙∙∙∙∙∙∙░░∙∙∙∙∙∙∙∙░▓▓▒∙∙∙∙∙∙∙∙∙▒▓▓▒∙∙∙∙∙
    // ∙∙∙∙░█▓▓∙∙∙∙∙∙∙∙∙▒▓▓░∙∙∙∙∙∙∙∙░▓▒∙∙∙∙∙∙∙∙∙∙∙∙∙░▒▓█▓▓█████▓█▓▓███▓▓██▓░∙∙∙∙∙∙∙∙∙∙∙∙░▓▓░∙∙∙∙∙∙∙∙▓▓▓░∙∙∙∙∙∙∙∙░▓▓▓∙∙∙∙∙
    // ∙∙∙∙▒▓▓▒∙∙∙∙∙∙∙∙∙▓▓▓∙∙∙∙∙∙∙∙∙▓█▒∙∙∙∙∙∙∙∙∙∙∙∙▒▓██▓██▓▓▒▒░░░░▒▒▓▓██████▒░∙∙∙∙∙∙∙∙∙∙░▓▓▒∙∙∙∙∙∙∙∙▒▓▓▒∙∙∙∙∙∙∙∙∙▓▓▓░∙∙∙∙
    // ∙∙∙∙▓▓▓░∙∙∙∙∙∙∙∙░▓▓▒∙∙∙∙∙∙∙∙▒▓▓░∙∙∙∙∙∙∙∙∙∙∙▒██▓▓█▓▒░∙∙∙∙∙∙∙∙∙∙░▒▒██▓██▓░∙∙∙∙∙∙∙∙∙∙▒▓▓░∙∙∙∙∙∙∙∙▓▓▓∙∙∙∙∙∙∙∙∙▒▓▓▒∙∙∙∙
    // ∙∙∙░▓▓▓∙∙∙∙∙∙∙∙∙▒▓▓░∙∙∙∙∙∙∙∙▒▓▒∙∙∙∙∙∙∙∙∙∙░▓█▓▓█▓▒∙∙∙∙∙∙∙∙∙∙∙∙∙∙∙∙░▓█▓▓█▓░∙∙∙∙∙∙∙∙∙░▓▓▒∙∙∙∙∙∙∙∙▒▓▓░∙∙∙∙∙∙∙∙░▓▓▒∙∙∙∙
    // ∙∙∙▒▓▓▓∙∙∙∙∙∙∙∙∙▓▓▓∙∙∙∙∙∙∙∙░▓▓░∙∙∙∙∙∙∙∙∙∙▓▓▓█▓▒░∙∙∙∙∙∙∙∙∙∙∙∙∙∙∙∙∙∙∙▒█████∙∙∙∙∙∙∙∙∙∙▒▓▓∙∙∙∙∙∙∙∙░█▓▒∙∙∙∙∙∙∙∙░▓▓▓∙∙∙∙
    // ∙∙∙▒▓▓░∙∙∙∙∙∙∙∙░▓▓▒∙∙∙∙∙∙∙∙▒▓▒∙∙∙∙∙∙∙∙∙∙▓█▓▓█▒∙∙∙∙∙∙∙∙∙∙∙∙∙∙∙∙∙∙∙∙∙∙░▓███▓░∙∙∙∙∙∙∙∙░▓▓▒∙∙∙∙∙∙∙∙▓▓▒∙∙∙∙∙∙∙∙∙▓▓▓░∙∙∙
    // ∙∙∙▒▓▓░∙∙∙∙∙∙∙∙░▓▓▒∙∙∙∙∙∙∙░▓▓▒∙∙∙∙∙∙∙∙∙▒▓▓█▓░∙∙∙∙∙∙∙∙∙∙∙∙∙∙∙∙∙∙∙∙∙∙∙∙░▓█▓█▓∙∙∙∙∙∙∙∙∙▓▓▒∙∙∙∙∙∙∙∙▓▓▓∙∙∙∙∙∙∙∙∙▒▓▓░∙∙∙
    // ∙∙∙▓▓▓░∙∙∙∙∙∙∙∙▒▓▓░∙∙∙∙∙∙∙░▓▓░∙∙∙∙∙∙∙∙░▓▓▓▓▒∙∙∙∙∙∙∙∙∙∙∙∙∙∙∙∙∙∙∙∙∙∙∙∙∙∙░▓███▒∙∙∙∙∙∙∙∙▒▓▓░∙∙∙∙∙∙∙▒▓▓░∙∙∙∙∙∙∙∙▒▓▓░∙∙∙
    // ∙∙∙▓▓▓∙∙∙∙∙∙∙∙∙▒▓▓∙∙∙∙∙∙∙∙▒▓▒∙∙∙∙∙∙∙∙∙▒▓▓█▒∙∙∙∙∙∙∙∙∙∙∙∙∙∙∙∙∙∙∙∙∙∙∙∙∙∙∙∙░▓███░∙∙∙∙∙∙∙░▓█▒∙∙∙∙∙∙∙░█▓▒∙∙∙∙∙∙∙∙░▓▓▒∙∙∙
    // ∙∙░▓▓▓∙∙∙∙∙∙∙∙∙▓▓▒∙∙∙∙∙∙∙∙▓▓▒∙∙∙∙∙∙∙∙░█▓█▓░∙∙∙∙∙∙∙∙∙∙∙∙∙∙∙∙∙∙∙∙∙∙∙∙∙∙∙∙▒▓███▒∙∙∙∙∙∙∙∙▓█▒∙∙∙∙∙∙∙░▓█▒∙∙∙∙∙∙∙∙░▓▓▒∙∙∙
    // ∙∙░▓▓▒∙∙∙∙∙∙∙∙░▓▓▒∙∙∙∙∙∙∙░▓▓░∙∙∙∙∙∙∙∙▓█▓▓░∙∙∙∙∙∙∙∙∙∙∙∙∙∙∙∙∙∙∙∙∙∙∙∙∙∙∙░▓█████▒∙∙∙∙∙∙∙∙▒▓▓░∙∙∙∙∙∙∙▓█▓∙∙∙∙∙∙∙∙∙▓▓▓∙∙∙
    // ∙∙▒▓▓▒∙∙∙∙∙∙∙∙░▓▓░∙∙∙∙∙∙∙░▓▓░∙∙∙∙∙∙∙░▓▓█▒∙∙∙∙∙∙∙∙∙∙∙∙∙∙∙∙∙∙∙∙∙∙∙∙∙∙▒▓▓██▓█▓▓░∙∙∙∙∙∙∙∙░▓▓░∙∙∙∙∙∙∙▓█▓∙∙∙∙∙∙∙∙∙▓▓▓∙∙∙
    // ∙∙▒▓▓▒∙∙∙∙∙∙∙∙░▓▓░∙∙∙∙∙∙∙▒▓▓∙∙∙∙∙∙∙∙▒█▓▓░∙∙∙∙∙∙∙∙∙∙∙∙∙∙∙∙∙∙∙∙∙∙∙∙░▓██████▓░∙∙∙∙∙∙∙∙∙∙░▓█░∙∙∙∙∙∙∙▒▓▓∙∙∙∙∙∙∙∙∙▓▓▓∙∙∙
    // ∙∙▒▓▓░∙∙∙∙∙∙∙∙▒▓▓░∙∙∙∙∙∙∙▒▓▒∙∙∙∙∙∙∙∙▓██▒∙∙∙∙∙∙∙∙∙∙∙∙∙∙∙∙∙∙∙∙∙∙∙░▒██████▒░∙∙∙∙∙∙∙∙∙∙∙∙∙▓█▒∙∙∙∙∙∙∙▒█▓░∙∙∙∙∙∙∙∙▒▓▓░∙∙
    // ∙∙▒▓▓░∙∙∙∙∙∙∙∙▒▓▓░∙∙∙∙∙∙∙▓▓▒∙∙∙∙∙∙∙░▓▓█▒∙∙∙∙∙∙∙∙∙∙∙∙∙∙∙∙∙∙∙∙∙░▒▓█████▓░∙∙∙∙∙∙∙∙∙∙∙∙∙∙∙▓█▒∙∙∙∙∙∙∙▒█▓░∙∙∙∙∙∙∙∙▒▓▓░∙∙
    // ∙∙▒▓▓░∙∙∙∙∙∙∙∙▒▓▓░∙∙∙∙∙∙∙▓▓▒∙∙∙∙∙∙∙░▓▓▓░∙∙∙∙∙∙∙∙∙∙∙∙∙∙∙∙∙∙∙░▒██████▓░∙∙∙∙∙∙∙∙∙∙∙∙∙∙∙∙∙▓█▒∙∙∙∙∙∙∙▒▓▓░∙∙∙∙∙∙∙∙▒▓▓░∙∙
    // ∙∙▒▓▓░∙∙∙∙∙∙∙∙▒▓▓∙∙∙∙∙∙∙∙▓▓▒∙∙∙∙∙∙∙▒█▓▓░∙∙∙∙∙∙∙∙∙∙∙∙∙∙∙∙∙░▒▓█████▓░∙∙∙∙∙∙∙∙∙∙∙∙∙∙∙∙∙∙∙▓█▒∙∙∙∙∙∙∙▒▓▓░∙∙∙∙∙∙∙∙▒▓▓░∙∙
    // ∙∙▒▓▓░∙∙∙∙∙∙∙∙▒▓▓∙∙∙∙∙∙∙∙▓▓▒∙∙∙∙∙∙∙▓█▓▓∙∙∙∙∙∙∙∙∙∙∙∙∙∙∙∙░▒▓▓█▓██▓▒∙∙∙∙∙∙∙∙∙∙∙∙∙∙∙∙∙∙∙∙∙▒█▓∙∙∙∙∙∙∙░▓▓░∙∙∙∙∙∙∙∙▓▓▓░∙∙
    // ∙∙▒▓▓░∙∙∙∙∙∙∙∙▒▓▓∙∙∙∙∙∙∙∙▓▓▒∙∙∙∙∙∙∙▓█▓▓∙∙∙∙∙∙∙∙∙∙∙∙∙∙∙▒▓██▓██▓▒∙∙∙∙∙∙∙∙∙∙∙∙∙∙∙∙∙∙∙∙∙∙∙▒▓▓∙∙∙∙∙∙∙░▓▓░∙∙∙∙∙∙∙∙▓▓█░∙∙
    // ∙∙▒▓▓░∙∙∙∙∙∙∙∙▒▓▓∙∙∙∙∙∙∙∙▓▓▒∙∙∙∙∙∙∙▓█▓▓∙∙∙∙∙∙∙∙∙∙∙∙∙░▓█████▓▒░∙∙∙∙∙∙∙∙∙∙∙∙∙∙∙∙∙∙∙∙∙∙∙∙▒▓▒∙∙∙∙∙∙∙░▓▓░∙∙∙∙∙∙∙∙▓▓█░∙∙
    // ∙∙▒▓▓▒∙∙∙∙∙∙∙∙▒▓▓∙∙∙∙∙∙∙∙▓▓▒∙∙∙∙∙∙∙▒▓█▓∙∙∙∙∙∙∙∙∙∙∙░▓███▓██▒∙∙∙∙∙∙∙∙∙∙∙∙∙∙∙∙∙∙∙∙∙∙∙∙∙∙∙▒▓▒∙∙∙∙∙∙∙░▓▓░∙∙∙∙∙∙∙∙▓▓█░∙∙
    // ∙∙▒▓▓▒∙∙∙∙∙∙∙∙▒▓▓░∙∙∙∙∙∙∙▓▓▒∙∙∙∙∙∙∙▒█▓▓∙∙∙∙∙∙∙∙∙░▓▓█▓██▓▒∙∙∙∙∙∙∙∙∙∙∙∙∙∙∙∙∙∙∙∙∙∙∙∙∙∙∙∙∙▓█▒∙∙∙∙∙∙∙▒▓█░∙∙∙∙∙∙∙∙▓█▓░∙∙
    // ∙∙▒▓▓▒∙∙∙∙∙∙∙∙▒▓▓░∙∙∙∙∙∙∙▒▓▒∙∙∙∙∙∙∙▒█▓█░∙∙∙∙∙∙░▒▓█▓███▓░∙∙∙∙∙∙∙∙∙∙∙∙∙∙∙∙∙∙∙∙∙∙∙∙∙∙∙∙∙∙▓█▒∙∙∙∙∙∙∙▒▓█░∙∙∙∙∙∙∙∙▓▓▓░∙∙
    // ∙∙▒█▓▒∙∙∙∙∙∙∙∙░▓▓░∙∙∙∙∙∙∙▒█▓∙∙∙∙∙∙∙░█▓█▒∙∙∙∙░▓▓██▓██▓░∙∙∙∙∙∙∙∙∙∙∙∙∙∙∙∙∙∙∙∙∙∙∙∙∙∙∙∙∙∙∙∙▓█▒∙∙∙∙∙∙∙▒█▓░∙∙∙∙∙∙∙∙▓▓▓░∙∙
    // ∙∙░█▓▒∙∙∙∙∙∙∙∙░▓▓▒∙∙∙∙∙∙∙▒█▓∙∙∙∙∙∙∙░▓▓█▒∙∙░▒▓█▓▓██▓░∙∙∙∙∙∙∙∙∙∙∙∙∙∙∙∙∙∙∙∙∙∙∙∙∙∙∙∙∙∙∙∙∙░▓█░∙∙∙∙∙∙∙▓█▓░∙∙∙∙∙∙∙∙▓▓▓∙∙∙
    // ∙∙░█▓▓∙∙∙∙∙∙∙∙░▓█▒∙∙∙∙∙∙∙░▓▓░∙∙∙∙∙∙∙▓▓▓▓░▒▓██▓█▓▓▒░∙∙∙∙∙∙∙∙∙∙∙∙∙∙∙∙∙∙∙∙∙∙∙∙∙∙∙∙∙∙∙∙∙∙░█▓░∙∙∙∙∙∙∙▓█▓∙∙∙∙∙∙∙∙░▓▓▓∙∙∙
    // ∙∙∙▓▓▓░∙∙∙∙∙∙∙∙▓█▓∙∙∙∙∙∙∙∙▓▓▒∙∙∙∙∙∙∙▒███▓█████▓▒∙∙∙∙∙∙∙∙∙∙∙∙∙∙∙∙∙∙∙∙∙∙∙∙∙∙∙∙∙∙∙∙∙∙∙∙∙▒█▓∙∙∙∙∙∙∙░▓█▓∙∙∙∙∙∙∙∙▒██▓∙∙∙
    // ∙∙∙▓▓▓░∙∙∙∙∙∙∙∙▒█▓░∙∙∙∙∙∙∙▒█▒∙∙∙∙∙∙∙░▓███▓▓█▓▒░∙∙∙∙∙∙∙∙∙∙∙∙∙∙∙∙∙∙∙∙∙∙∙∙∙∙∙∙∙∙∙∙∙∙∙∙∙∙▓█▒∙∙∙∙∙∙∙░▓█▒∙∙∙∙∙∙∙∙▒██▒∙∙∙
    // ∙∙∙▓▓█░∙∙∙∙∙∙∙∙▒██░∙∙∙∙∙∙∙▒█▓∙∙∙∙∙∙∙∙▓▓▓██▓▒░∙∙∙∙∙∙∙∙∙∙∙∙∙∙∙∙∙∙∙∙∙∙∙∙∙∙∙∙░∙∙∙∙∙∙∙∙∙∙░▓█▒∙∙∙∙∙∙∙▒▓█▒∙∙∙∙∙∙∙∙▒██▒∙∙∙
    // ∙∙∙▒▓█▒∙∙∙∙∙∙∙∙░██▒∙∙∙∙∙∙∙░▓▓░∙∙∙∙∙∙∙▒▓▓▓█░∙∙∙∙∙∙∙∙∙∙∙∙∙∙∙∙∙∙∙∙∙∙∙∙∙∙∙∙∙░▓█▓∙∙∙∙∙∙∙∙▒█▓░∙∙∙∙∙∙∙▓▓▓∙∙∙∙∙∙∙∙∙▓█▓░∙∙∙
    // ∙∙∙▒▓█▒∙∙∙∙∙∙∙∙░▓█▓∙∙∙∙∙∙∙∙▓▓▓∙∙∙∙∙∙∙░▓█▓█▒∙∙∙∙∙∙∙∙∙∙∙∙∙∙∙∙∙∙∙∙∙∙∙∙∙∙∙∙∙▒███░∙∙∙∙∙∙∙▓█▓∙∙∙∙∙∙∙∙▓█▓∙∙∙∙∙∙∙∙∙▓█▓░∙∙∙
    // ∙∙∙░▓▓▓∙∙∙∙∙∙∙∙∙▓█▓░∙∙∙∙∙∙∙░▓▓░∙∙∙∙∙∙∙░▓███▒∙∙∙∙∙∙∙∙∙∙∙∙∙∙∙∙∙∙∙∙∙∙∙∙∙∙∙▒████░∙∙∙∙∙∙░██░∙∙∙∙∙∙∙░▓█▒∙∙∙∙∙∙∙∙░██▓∙∙∙∙
    // ∙∙∙∙▓██░∙∙∙∙∙∙∙∙▒██▒∙∙∙∙∙∙∙∙▓█▒∙∙∙∙∙∙∙∙▒████▒∙∙∙∙∙∙∙∙∙∙∙∙∙∙∙∙∙∙∙∙∙∙∙∙∙▒███▓▒∙∙∙∙∙∙∙▒█▓∙∙∙∙∙∙∙∙▒██░∙∙∙∙∙∙∙∙▒██▒∙∙∙∙
    // ∙∙∙∙▒██▒∙∙∙∙∙∙∙∙░▓█▓∙∙∙∙∙∙∙∙▒▓█░∙∙∙∙∙∙∙∙▒█▓██▒∙∙∙∙∙∙∙∙∙∙∙∙∙∙∙∙∙∙∙∙∙∙∙▒████▒∙∙∙∙∙∙∙░██▒∙∙∙∙∙∙∙∙▓█▓∙∙∙∙∙∙∙∙∙▓▓█░∙∙∙∙
    // ∙∙∙∙░█▓▓∙∙∙∙∙∙∙∙∙▓██░∙∙∙∙∙∙∙░▓█▒∙∙∙∙∙∙∙∙░▓████▓░∙∙∙∙∙∙∙∙∙∙∙∙∙∙∙∙∙∙∙░▓████▒∙∙∙∙∙∙∙∙▒█▓░∙∙∙∙∙∙∙░▓█▒∙∙∙∙∙∙∙∙░▓▓▓░∙∙∙∙
    // ∙∙∙∙░▓▓▓░∙∙∙∙∙∙∙∙░▓█▓∙∙∙∙∙∙∙∙▒▒░∙∙∙∙∙∙∙∙∙░▓█▓▓█▓▒∙∙∙∙∙∙∙∙∙∙∙∙∙∙∙∙∙░▓█▓▓█▒∙∙∙∙∙∙∙∙∙░▒▒∙∙∙∙∙∙∙∙▒█▓░∙∙∙∙∙∙∙∙▒█▓▓∙∙∙∙∙
    // ∙∙∙∙∙▓██▒∙∙∙∙∙∙∙∙∙▓██░∙∙∙∙∙∙∙∙∙∙∙∙∙∙∙∙∙∙∙∙∙▒██▓██▓▒∙∙∙∙∙∙∙∙∙∙∙∙░░▓██▓██▒∙∙∙∙∙∙∙∙∙∙∙∙∙∙∙∙∙∙∙∙░▓▓▓∙∙∙∙∙∙∙∙∙▒██▒∙∙∙∙∙
    // ∙∙∙∙∙▒█▓▓∙∙∙∙∙∙∙∙∙▒██▒∙∙∙∙∙∙∙∙∙∙∙∙∙∙∙∙∙∙∙∙∙∙▒▓██▓██▓▒░░∙∙∙∙░░▒▓▓██▓██▓░∙∙∙∙∙∙∙∙∙∙∙∙∙∙∙∙∙∙∙∙∙▒█▓▒∙∙∙∙∙∙∙∙░▓▓▓░∙∙∙∙∙
    // ∙∙∙∙∙░▓█▓░∙∙∙∙∙∙∙∙░▓█▓░∙∙∙∙∙∙∙∙∙∙∙∙∙∙∙∙∙∙∙∙∙∙░▒████████▓▓▓▓████▓▓██▓▒░∙∙∙∙∙∙∙∙∙∙∙∙∙∙∙∙∙∙∙∙∙░▓█▓∙∙∙∙∙∙∙∙∙▒▓█▓∙∙∙∙∙∙
    // ∙∙∙∙∙∙▓██▒∙∙∙∙∙∙∙∙∙▒██▒∙∙∙∙∙∙∙∙∙∙∙∙∙∙∙∙∙∙∙∙∙∙∙∙░▒████████████████▓▒░∙∙∙∙∙∙∙∙∙∙∙∙∙∙∙∙∙∙∙∙∙∙∙▒█▓▒∙∙∙∙∙∙∙∙∙▓▓█▒∙∙∙∙∙∙
    // ∙∙∙∙∙∙░██▓∙∙∙∙∙∙∙∙∙░▓█▓░∙∙∙∙∙∙∙∙∙∙∙∙∙∙∙∙∙∙∙∙∙∙∙∙∙░▒▓▓█████████▓▒▒░∙∙∙∙∙∙∙∙∙∙∙∙∙∙∙∙∙∙∙∙∙∙∙∙░▓▓█░∙∙∙∙∙∙∙∙░█▓▓░∙∙∙∙∙∙
    // ∙∙∙∙∙∙∙▓██▒∙∙∙∙∙∙∙∙∙▒██░∙∙∙∙∙∙∙∙∙∙∙∙∙∙∙∙∙∙∙∙∙∙∙∙∙∙∙∙∙░░▒▒▒▒▒░░░∙∙∙∙∙∙∙∙∙∙∙∙∙∙∙∙∙∙∙∙∙∙∙∙∙∙∙▒██▒∙∙∙∙∙∙∙∙∙▒▓█▓∙∙∙∙∙∙∙
    // ∙∙∙∙∙∙∙▒▓█▓∙∙∙∙∙∙∙∙∙∙▒▒∙∙∙∙∙∙∙∙∙∙∙∙∙∙∙∙∙∙∙∙∙∙∙∙∙∙∙∙∙∙∙∙∙∙∙∙∙∙∙∙∙∙∙∙∙∙∙∙∙∙∙∙∙∙∙∙∙∙∙∙∙∙∙∙∙∙∙∙▒▒∙∙∙∙∙∙∙∙∙░▓▓█░∙∙∙∙∙∙∙
    // ∙∙∙∙∙∙∙░▓██▒∙∙∙∙∙∙∙∙∙∙∙∙∙∙∙∙∙∙∙∙∙∙∙∙∙∙∙∙∙∙∙∙∙∙∙∙∙∙∙∙∙∙∙∙∙∙∙∙∙∙∙∙∙∙∙∙∙∙∙∙∙∙∙∙∙∙∙∙∙∙∙∙∙∙∙∙∙∙∙∙∙∙∙∙∙∙∙∙∙∙▒█▓▓∙∙∙∙∙∙∙∙
    // ∙∙∙∙∙∙∙∙▓██▓∙∙∙∙∙∙∙∙∙∙∙∙∙∙∙∙∙∙∙∙∙∙∙∙∙∙∙∙∙∙∙∙∙∙∙∙∙∙∙∙∙∙∙∙∙∙∙∙∙∙∙∙∙∙∙∙∙∙∙∙∙∙∙∙∙∙∙∙∙∙∙∙∙∙∙∙∙∙∙∙∙∙∙∙∙∙∙∙∙∙▓▓█▒∙∙∙∙∙∙∙∙
    // ∙∙∙∙∙∙∙∙∙█▓█▒∙∙∙∙∙∙∙∙∙∙∙∙∙∙∙∙∙∙∙∙∙∙∙∙∙∙∙∙∙∙∙∙∙∙∙∙∙∙∙∙∙∙∙∙∙∙∙∙∙∙∙∙∙∙∙∙∙∙∙∙∙∙∙∙∙∙∙∙∙∙∙∙∙∙∙∙∙∙∙∙∙∙∙∙∙∙∙∙▒█▓▓∙∙∙∙∙∙∙∙∙
    // ∙∙∙∙∙∙∙∙∙▒██▓░∙∙∙∙∙∙∙∙∙∙∙∙∙∙∙∙∙∙∙∙∙∙∙∙∙∙∙∙∙∙∙∙∙∙∙∙∙∙∙∙∙∙∙∙∙∙∙∙∙∙∙∙∙∙∙∙∙∙∙∙∙∙∙∙∙∙∙∙∙∙∙∙∙∙∙∙∙∙∙∙∙∙∙∙∙∙░▓▓█▒∙∙∙∙∙∙∙∙∙
    // ∙∙∙∙∙∙∙∙∙░███▒∙∙∙∙∙∙∙∙∙∙∙∙∙∙∙∙∙∙∙∙∙∙∙∙∙∙∙∙∙∙∙∙∙∙∙∙∙∙∙∙∙∙∙∙∙∙∙∙∙∙∙∙∙∙∙∙∙∙∙∙∙∙∙∙∙∙∙∙∙∙∙∙∙∙∙∙∙∙∙∙∙∙∙∙∙∙▒█▓▓∙∙∙∙∙∙∙∙∙∙
    // ∙∙∙∙∙∙∙∙∙∙▒██▒∙∙∙∙∙∙∙∙∙∙∙∙∙∙∙∙∙∙∙∙∙∙∙∙∙∙∙∙∙∙∙∙∙∙∙∙∙∙∙∙∙∙∙∙∙∙∙∙∙∙∙∙∙∙∙∙∙∙∙∙∙∙∙∙∙∙∙∙∙∙∙∙∙∙∙∙∙∙∙∙∙∙∙∙∙∙▒██░∙∙∙∙∙∙∙∙∙∙
    // ∙∙∙∙∙∙∙∙∙∙∙▒▒∙∙∙∙∙∙∙∙∙∙∙∙∙∙∙∙∙∙∙∙∙∙∙∙∙∙∙∙∙∙∙∙∙∙∙∙∙∙∙∙∙∙∙∙∙∙∙∙∙∙∙∙∙∙∙∙∙∙∙∙∙∙∙∙∙∙∙∙∙∙∙∙∙∙∙∙∙∙∙∙∙∙∙∙∙∙∙░▒▒∙∙∙∙∙∙∙∙∙∙∙
    // ∙∙∙∙∙∙∙∙∙∙∙∙∙∙∙∙∙∙∙∙∙∙∙∙∙∙∙∙∙∙∙∙∙∙∙∙∙∙∙∙∙∙∙∙∙∙∙∙∙∙∙∙∙∙∙∙∙∙∙∙∙∙∙∙∙∙∙∙∙∙∙∙∙∙∙∙∙∙∙∙∙∙∙∙∙∙∙∙∙∙∙∙∙∙∙∙∙∙∙∙∙∙∙∙∙∙∙∙∙∙∙∙∙∙
    // ∙∙∙∙∙∙∙∙∙∙∙∙∙∙∙∙∙∙∙∙∙∙∙∙∙∙∙∙∙∙∙∙∙∙∙∙∙∙∙∙∙∙∙∙∙∙∙∙∙∙∙∙∙∙∙∙∙∙∙∙∙∙∙∙∙∙∙∙∙∙∙∙∙∙∙∙∙∙∙∙∙∙∙∙∙∙∙∙∙∙∙∙∙∙∙∙∙∙∙∙∙∙∙∙∙∙∙∙∙∙∙∙∙∙
    // ∙∙∙∙∙∙∙∙∙∙∙∙∙∙∙∙∙∙∙∙∙∙∙∙∙∙∙∙∙∙∙∙∙∙∙∙∙∙∙∙∙∙∙∙∙∙∙∙∙∙∙∙∙∙∙∙∙∙∙∙∙∙∙∙∙∙∙∙∙∙∙∙∙∙∙∙∙∙∙∙∙∙∙∙∙∙∙∙∙∙∙∙∙∙∙∙∙∙∙∙∙∙∙∙∙∙∙∙∙∙∙∙∙∙
    // ∙∙∙∙∙∙∙∙∙∙∙∙∙∙∙∙∙∙∙∙∙∙∙∙∙∙∙∙∙∙∙∙∙∙∙∙∙∙∙∙∙∙∙∙∙∙∙∙∙∙∙∙∙∙∙∙∙∙∙∙∙∙∙∙∙∙∙∙∙∙∙∙∙∙∙∙∙∙∙∙∙∙∙∙∙∙∙∙∙∙∙∙∙∙∙∙∙∙∙∙∙∙∙∙∙∙∙∙∙∙∙∙∙∙
    // ∙∙∙∙∙∙∙∙∙∙∙∙∙∙∙∙∙∙∙∙∙∙∙∙∙∙∙∙∙∙∙∙∙∙∙∙∙∙∙∙∙∙∙∙∙∙∙∙∙∙∙∙∙∙∙∙∙∙∙∙∙∙∙∙∙∙∙∙∙∙∙∙∙∙∙∙∙∙∙∙∙∙∙∙∙∙∙∙∙∙∙∙∙∙∙∙∙∙∙∙∙∙∙∙∙∙∙∙∙∙∙∙∙∙
    // ∙∙∙∙∙∙∙∙∙∙∙∙∙∙∙∙∙∙∙∙∙∙∙∙∙∙∙∙∙∙∙∙∙∙∙∙∙∙∙∙∙∙∙∙∙∙∙∙∙∙∙∙∙∙∙∙∙∙∙∙∙∙∙∙∙∙∙∙∙∙∙∙∙∙∙∙∙∙∙∙∙∙∙∙∙∙∙∙∙∙∙∙∙∙∙∙∙∙∙∙∙∙∙∙∙∙∙∙∙∙∙∙∙∙
    // ∙∙∙∙∙∙∙∙∙∙∙∙∙∙∙∙∙∙∙∙∙∙∙∙∙∙∙∙∙∙∙∙∙∙∙∙∙∙∙∙∙∙∙∙∙∙∙∙∙∙∙∙∙∙∙∙∙∙∙∙∙∙∙∙∙∙∙∙∙∙∙∙∙∙∙∙∙∙∙∙∙∙∙∙∙∙∙∙∙∙∙∙∙∙∙∙∙∙∙∙∙∙∙∙∙∙∙∙∙∙∙∙∙∙
    // ∙∙∙∙∙∙∙∙∙∙∙∙∙∙∙∙∙∙∙∙∙∙∙∙∙∙∙∙∙∙∙∙∙∙∙∙∙∙∙∙∙∙∙∙∙∙∙∙∙∙∙∙∙∙∙∙∙∙∙∙∙∙∙∙∙∙∙∙∙∙∙∙∙∙∙∙∙∙∙∙∙∙∙∙∙∙∙∙∙∙∙∙∙∙∙∙∙∙∙∙∙∙∙∙∙∙∙∙∙∙∙∙∙∙
    // ∙∙∙∙∙∙∙∙∙∙∙∙∙∙∙∙∙∙∙∙∙∙∙∙∙∙∙∙∙∙∙∙∙∙∙∙∙∙∙∙∙∙∙∙∙∙∙∙∙∙∙∙∙∙∙∙∙∙∙∙∙∙∙∙∙∙∙∙∙∙∙∙∙∙∙∙∙∙∙∙∙∙∙∙∙∙∙∙∙∙∙∙∙∙∙∙∙∙∙∙∙∙∙∙∙∙∙∙∙∙∙∙∙∙
    // ∙∙∙∙∙∙∙∙∙∙∙∙∙∙∙∙∙∙∙∙∙∙∙∙∙∙∙∙∙∙∙∙∙∙∙∙∙∙∙∙∙∙∙∙∙∙∙∙∙∙∙∙∙∙∙∙∙∙∙∙∙∙∙∙∙∙∙∙∙∙∙∙∙∙∙∙∙∙∙∙∙∙∙∙∙∙∙∙∙∙∙∙∙∙∙∙∙∙∙∙∙∙∙∙∙∙∙∙∙∙∙∙∙∙
    // ∙∙∙∙∙∙∙∙∙∙∙∙∙∙∙∙∙∙∙∙∙∙∙∙∙∙∙∙∙∙∙∙∙∙∙∙∙∙∙∙∙∙∙∙∙∙∙∙∙∙∙∙∙∙∙∙∙∙∙∙∙∙∙∙∙∙∙∙∙∙∙∙∙∙∙∙∙∙∙∙∙∙∙∙∙∙∙∙∙∙∙∙∙∙∙∙∙∙∙∙∙∙∙∙∙∙∙∙∙∙∙∙∙∙
    // ∙∙∙∙∙∙∙∙∙∙∙∙∙∙∙∙∙∙∙∙∙∙∙∙∙∙∙∙∙∙∙∙∙∙∙∙∙∙∙∙∙∙∙∙∙∙∙∙∙∙∙∙∙∙░∙∙∙∙∙∙∙∙∙∙∙∙∙∙∙∙∙∙∙∙∙∙∙∙∙∙∙∙∙∙∙∙░░░∙∙∙∙∙∙∙∙∙∙∙∙∙∙∙∙∙∙∙∙∙∙∙∙
    // ∙∙∙∙∙∙∙∙∙∙∙∙∙∙∙∙∙░▒▓▓▓▓▓▓▓▒░∙∙∙∙∙∙∙∙∙∙∙∙▒▓▒∙∙∙∙∙∙∙∙∙∙░▓▓▓▓▓▓▓▓▒░∙∙∙∙∙∙∙∙∙▓▓░∙∙∙∙∙∙∙∙░▒▓▓█▓▓▒░∙∙∙∙∙∙∙∙∙∙∙∙∙∙∙∙∙∙∙∙∙
    // ∙∙∙∙∙∙∙∙∙∙∙∙∙∙∙∙∙∙▓█▓▓▓▓▓▓▓▓▒∙∙∙∙∙∙∙∙∙∙░▓▓▓∙∙∙∙∙∙∙∙∙∙░▓█▓▓▓▓▓▓█▓▓░∙∙∙∙∙∙∙▓█░∙∙∙∙∙∙∙▒▓██▓▓▓▓█▓▒∙∙∙∙∙∙∙∙∙∙∙∙∙∙∙∙∙∙∙∙
    // ∙∙∙∙∙∙∙∙∙∙∙∙∙∙∙∙∙∙▓▓░∙∙∙∙░▒▓▓▒∙∙∙∙∙∙∙∙∙▒▓▓▓▒∙∙∙∙∙∙∙∙∙░▓▓░░░░░░▒▓█▓░∙∙∙∙∙∙▓█░∙∙∙∙∙∙▒██▒░∙∙∙░▒▓█▒∙∙∙∙∙∙∙∙∙∙∙∙∙∙∙∙∙∙∙
    // ∙∙∙∙∙∙∙∙∙∙∙∙∙∙∙∙∙∙▓▓░∙∙∙∙∙∙░▓▓∙∙∙∙∙∙∙∙░▓▓░▓▓░∙∙∙∙∙∙∙∙░█▒∙∙∙∙∙∙∙░▒█▒∙∙∙∙∙∙▓█░∙∙∙∙∙░█▓░∙∙∙∙∙∙∙░▓█▒∙∙∙∙∙∙∙∙∙∙∙∙∙∙∙∙∙∙
    // ∙∙∙∙∙∙∙∙∙∙∙∙∙∙∙∙∙∙▓▓░∙∙∙∙∙∙∙▓▓░∙∙∙∙∙∙∙▒▓▒∙▒█▒∙∙∙∙∙∙∙∙░█▓∙∙∙∙∙∙∙∙░█▓░∙∙∙∙∙▓█░∙∙∙∙∙▓█▒∙∙∙∙∙∙∙∙∙░█▓∙∙∙∙∙∙∙∙∙∙∙∙∙∙∙∙∙∙
    // ∙∙∙∙∙∙∙∙∙∙∙∙∙∙∙∙∙∙▓▓░∙∙∙∙∙∙∙▓▓░∙∙∙∙∙∙░▓▓░∙░▓▓░∙∙∙∙∙∙∙░█▓∙∙∙∙∙∙∙∙∙▒█▒∙∙∙∙∙▓█░∙∙∙∙░█▓░∙∙∙∙∙∙∙∙∙∙▓█░∙∙∙∙∙∙∙∙∙∙∙∙∙∙∙∙∙
    // ∙∙∙∙∙∙∙∙∙∙∙∙∙∙∙∙∙∙▓▓░∙∙∙∙∙∙░▓▓░∙∙∙∙∙∙▒▓▒∙∙∙▒█▒∙∙∙∙∙∙∙░█▓∙∙∙∙∙∙∙∙∙░█▓∙∙∙∙∙▓█░∙∙∙∙░█▓∙∙∙∙∙∙∙∙∙∙∙▒█▒∙∙∙∙∙∙∙∙∙∙∙∙∙∙∙∙∙
    // ∙∙∙∙∙∙∙∙∙∙∙∙∙∙∙∙∙∙▓▓░∙∙∙∙∙∙▒█▒∙∙∙∙∙∙∙▓▓░∙∙∙░▓▓∙∙∙∙∙∙∙░▓▓∙∙∙∙∙∙∙∙∙░▓▓∙∙∙∙∙▓█░∙∙∙∙▒█▓∙∙∙∙∙∙∙∙∙∙∙▒█▒∙∙∙∙∙∙∙∙∙∙∙∙∙∙∙∙∙
    // ∙∙∙∙∙∙∙∙∙∙∙∙∙∙∙∙∙∙▓▓▒▒▒▒▒▒▓█▓░∙∙∙∙∙∙▒▓▒∙∙∙∙∙▒▓▒∙∙∙∙∙∙░▓▓∙∙∙∙∙∙∙∙∙░█▓∙∙∙∙∙▓█░∙∙∙∙░█▓∙∙∙∙∙∙∙∙∙∙∙▒█▒∙∙∙∙∙∙∙∙∙∙∙∙∙∙∙∙∙
    // ∙∙∙∙∙∙∙∙∙∙∙∙∙∙∙∙∙∙▓█▓▓▓▓▓▓▓▒░∙∙∙∙∙∙░▓▓▒░░▒░░▒█▓∙∙∙∙∙∙░▓▓∙∙∙∙∙∙∙∙∙▒█▒∙∙∙∙∙▓█░∙∙∙∙░█▓░∙∙∙∙∙∙∙∙∙∙▓█▒∙∙∙∙∙∙∙∙∙∙∙∙∙∙∙∙∙
    // ∙∙∙∙∙∙∙∙∙∙∙∙∙∙∙∙∙∙▓▓▒░░░▒▓▓░∙∙∙∙∙∙∙░▓▓▓▓▓▓▓▓▓▓▓░∙∙∙∙∙░█▓∙∙∙∙∙∙∙∙░▓▓░∙∙∙∙∙▓█░∙∙∙∙∙▓█▒∙∙∙∙∙∙∙∙∙▒█▓∙∙∙∙∙∙∙∙∙∙∙∙∙∙∙∙∙∙
    // ∙∙∙∙∙∙∙∙∙∙∙∙∙∙∙∙∙∙▓▓░∙∙∙∙▒█▓∙∙∙∙∙∙∙▒▓▒░▒░▒░▒░▒▓▓∙∙∙∙∙░▓▒∙∙∙∙∙∙∙░▓▓▒∙∙∙∙∙∙▓█░∙∙∙∙∙▒▓▓▒∙∙∙∙∙∙∙░▓█▒∙∙∙∙∙∙∙∙∙∙∙∙∙∙∙∙∙∙
    // ∙∙∙∙∙∙∙∙∙∙∙∙∙∙∙∙∙∙▓▓░∙∙∙∙∙▒▓▒∙∙∙∙∙░▓▓∙∙∙∙∙∙∙∙∙▓▓░∙∙∙∙░▓▓░∙∙∙∙░▒▓▓▓░∙∙∙∙∙∙▓▓░∙∙∙∙∙∙▒█▓▒░∙∙∙∙▒▓█▒∙∙∙∙∙∙∙∙∙∙∙∙∙∙∙∙∙∙∙
    // ∙∙∙∙∙∙∙∙∙∙∙∙∙∙∙∙∙∙▓▓░∙∙∙∙∙░▓▓░∙∙∙∙▒▓░∙∙∙∙∙∙∙∙∙▒▓▓∙∙∙∙░▓▓▒▓▓▓▓▓▓▓▒░∙∙∙∙∙∙∙▓▓░∙∙∙∙∙∙∙▒▓█▓▓▒▓▓██▒∙∙∙∙∙∙∙∙∙∙∙∙∙∙∙∙∙∙∙∙
    // ∙∙∙∙∙∙∙∙∙∙∙∙∙∙∙∙∙∙▓▓░∙∙∙∙∙∙░▓▓░∙∙░▓▓░∙∙∙∙∙∙∙∙∙░▓▓░∙∙∙░▓▓▓▓▓▓▓▓▒░∙∙∙∙∙∙∙∙∙▓▓░∙∙∙∙∙∙∙∙░▒▓██▓▓▓░∙∙∙∙∙∙∙∙∙∙∙∙∙∙∙∙∙∙∙∙∙
    // ∙∙∙∙∙∙∙∙∙∙∙∙∙∙∙∙∙∙∙∙∙∙∙∙∙∙∙∙∙∙∙∙∙∙∙∙∙∙∙∙∙∙∙∙∙∙∙∙∙∙∙∙∙∙∙∙∙∙∙∙∙∙∙∙∙∙∙∙∙∙∙∙∙∙∙∙∙∙∙∙∙∙∙∙∙∙∙░░░∙∙∙∙∙∙∙∙∙∙∙∙∙∙∙∙∙∙∙∙∙∙∙∙
    // ∙∙∙∙∙∙∙∙∙∙∙∙∙∙∙∙∙∙∙∙∙∙∙∙∙∙∙∙∙∙∙∙∙∙∙∙∙∙∙∙∙∙∙∙∙∙∙∙∙∙∙∙∙∙∙∙∙∙∙∙∙∙∙∙∙∙∙∙∙∙∙∙∙∙∙∙∙∙∙∙∙∙∙∙∙∙∙∙∙∙∙∙∙∙∙∙∙∙∙∙∙∙∙∙∙∙∙∙∙∙∙∙∙∙
    // ∙∙∙∙∙∙∙∙∙∙∙∙∙∙∙∙∙∙∙∙∙∙∙∙∙∙∙∙∙∙∙∙∙∙∙∙∙∙∙∙∙∙∙∙∙∙∙∙∙∙∙∙∙∙∙∙∙∙∙∙∙∙∙∙∙∙∙∙∙∙∙∙∙∙∙∙∙∙∙∙∙∙∙∙∙∙∙∙∙∙∙∙∙∙∙∙∙∙∙∙∙∙∙∙∙∙∙∙∙∙∙∙∙∙
    0x0000, 0x0000, 0x0000, 0x0000, 0x0000, 0x0000, 0x0000, 0x0000, 0x0000, 0x0001, 0x0803, 0x0802, 0x0802, 0x0001, 0x0001, 0x0001, 0x0001, 0x0001, 0x0001, 0x0000, 0x0000, 0x0000, 0x0000, 0x0000, 0x0000, 0x0000, 0x0001, 0x0001, 0x0001, 0x0001, 0x0001, 0x0001, 0x0001, 0x0001, 0x0001, 0x0001, 0x0001, 0x0001, 0x0001, 0x0001, 0x0001, 0x0001, 0x0001, 0x0001, 0x0002, 0x0802, 0x0001, 0x0001, 0x0802, 0x0802, 0x0001, 0x0001, 0x0822, 0x1043, 0x0822, 0x0001, 0x0002, 0x0822, 0x0002, 0x0823, 0x0843, 0x0822, 0x0822, 0x0822, 0x0002, 0x0002, 0x0002, 0x0002, 0x0822, 0x0822, 0x0001, 0x0001, 0x0822, 0x0001, 0x0001, 0x0001, 0x0001, 0x0001, 0x0001, 0x0001, 0x0001, 0x0000, 0x0000, 0x0000, 0x0000, 0x0000, 0x0000, 0x0000, 0x0000, 0x0000, 0x0000, 0x0000, 0x0000, 0x0001, 0x0000, 0x0000, 0x0000, 0x0821, 0x0001, 0x0001, 0x0002, 0x0002, 0x0002, 0x0823, 0x0022, 0x0000, 0x0000, 0x0000, 0x0000, 0x0000, 0x0000, 0x0000, 0x0000, 0x0000, 
    0x0000, 0x0000, 0x0000, 0x0000, 0x0000, 0x0000, 0x0000, 0x0000, 0x0001, 0x0802, 0x0803, 0x416a, 0x51eb, 0x2085, 0x0002, 0x0823, 0x0002, 0x0001, 0x0001, 0x0001, 0x0000, 0x0000, 0x0000, 0x0000, 0x0000, 0x0000, 0x0001, 0x0001, 0x0001, 0x0001, 0x0001, 0x0001, 0x0001, 0x0001, 0x0001, 0x0001, 0x0001, 0x0001, 0x0001, 0x0001, 0x0001, 0x0002, 0x0802, 0x0802, 0x0002, 0x0002, 0x0802, 0x0802, 0x0823, 0x0823, 0x0823, 0x0803, 0x0802, 0x0823, 0x0803, 0x0002, 0x0802, 0x0002, 0x0823, 0x0823, 0x0002, 0x0843, 0x0823, 0x0823, 0x1064, 0x0843, 0x0843, 0x0002, 0x0002, 0x0822, 0x0822, 0x0002, 0x0822, 0x0001, 0x0001, 0x0001, 0x0001, 0x0001, 0x0001, 0x0001, 0x0001, 0x0000, 0x0000, 0x0000, 0x0000, 0x0000, 0x0000, 0x0000, 0x0000, 0x0000, 0x0000, 0x0000, 0x0000, 0x0001, 0x0001, 0x0001, 0x0001, 0x0021, 0x0001, 0x1084, 0x4a2b, 0x528d, 0x0824, 0x0002, 0x0001, 0x0000, 0x0000, 0x0000, 0x0000, 0x0000, 0x0000, 0x0000, 0x0000, 0x0000, 
    0x0000, 0x0000, 0x0000, 0x0000, 0x0000, 0x0000, 0x0000, 0x0000, 0x0001, 0x0802, 0x3929, 0xb4b7, 0xc53a, 0x93f4, 0x1845, 0x0803, 0x0002, 0x0002, 0x0001, 0x0001, 0x0001, 0x0000, 0x0000, 0x0000, 0x0000, 0x0000, 0x0001, 0x0001, 0x0001, 0x0001, 0x0001, 0x0001, 0x0001, 0x0001, 0x0001, 0x0001, 0x0001, 0x0001, 0x0001, 0x0001, 0x0001, 0x0802, 0x0823, 0x0002, 0x0002, 0x0803, 0x1043, 0x0823, 0x0823, 0x0002, 0x0803, 0x0823, 0x0823, 0x0823, 0x0002, 0x0802, 0x1064, 0x0002, 0x1064, 0x0844, 0x0003, 0x0823, 0x0823, 0x0003, 0x0823, 0x0823, 0x0843, 0x0823, 0x0002, 0x0002, 0x0002, 0x0002, 0x0001, 0x0001, 0x0001, 0x0001, 0x0001, 0x0001, 0x0001, 0x0001, 0x0001, 0x0001, 0x0001, 0x0001, 0x0001, 0x0001, 0x0001, 0x0001, 0x0000, 0x0000, 0x0000, 0x0000, 0x0001, 0x0001, 0x0001, 0x0001, 0x0001, 0x0002, 0x0002, 0x5aad, 0xad18, 0xad39, 0x62f0, 0x0004, 0x0002, 0x0001, 0x0000, 0x0000, 0x0000, 0x0000, 0x0000, 0x0000, 0x0000, 0x0000, 
    0x0000, 0x0000, 0x0000, 0x0000, 0x0000, 0x0000, 0x0000, 0x0000, 0x0801, 0x1004, 0x93b4, 0xdddd, 0xdddc, 0xbd19, 0x1825, 0x0002, 0x0803, 0x0002, 0x0001, 0x0001, 0x0001, 0x0001, 0x0020, 0x0020, 0x0000, 0x0000, 0x0001, 0x0001, 0x0001, 0x0001, 0x0001, 0x0001, 0x0001, 0x0001, 0x0001, 0x0001, 0x0001, 0x0001, 0x0001, 0x0001, 0x0001, 0x0002, 0x0803, 0x0002, 0x0002, 0x1044, 0x0803, 0x0002, 0x0803, 0x1064, 0x1044, 0x0803, 0x0803, 0x1044, 0x0823, 0x0002, 0x1044, 0x0003, 0x0823, 0x0844, 0x0823, 0x0823, 0x18a5, 0x18c6, 0x0823, 0x0803, 0x0003, 0x0823, 0x0823, 0x0002, 0x0002, 0x0803, 0x0002, 0x0001, 0x0001, 0x0001, 0x0001, 0x0001, 0x0001, 0x0001, 0x0001, 0x0001, 0x0001, 0x0001, 0x0001, 0x0001, 0x0001, 0x0001, 0x0000, 0x0000, 0x0000, 0x0000, 0x0001, 0x0001, 0x0001, 0x0001, 0x0001, 0x0002, 0x0002, 0x6b30, 0xbdbb, 0xb57a, 0xb55a, 0x316a, 0x0002, 0x0001, 0x0000, 0x0000, 0x0000, 0x0000, 0x0000, 0x0000, 0x0000, 0x0000, 
    0x0000, 0x0000, 0x0000, 0x0000, 0x0000, 0x0000, 0x0000, 0x0000, 0x0801, 0x496a, 0xc4fa, 0xd55c, 0xccfa, 0x7ad1, 0x1004, 0x0003, 0x0002, 0x0002, 0x0002, 0x0001, 0x0001, 0x0001, 0x0020, 0x0020, 0x0020, 0x0000, 0x0001, 0x0001, 0x0001, 0x0001, 0x0001, 0x0001, 0x0001, 0x0001, 0x0001, 0x0001, 0x0001, 0x0001, 0x0001, 0x0001, 0x0001, 0x0002, 0x0003, 0x0003, 0x1024, 0x1044, 0x0002, 0x1885, 0x4a0b, 0x7370, 0x6aef, 0x3989, 0x0824, 0x0803, 0x1044, 0x0824, 0x0823, 0x0824, 0x0824, 0x0803, 0x0824, 0x2928, 0x5ace, 0x7371, 0x62ee, 0x2948, 0x0844, 0x0003, 0x0843, 0x0003, 0x0003, 0x0843, 0x0002, 0x0002, 0x0021, 0x0021, 0x0021, 0x0021, 0x0021, 0x0021, 0x0021, 0x0001, 0x0001, 0x0001, 0x0001, 0x0001, 0x0001, 0x0001, 0x0000, 0x0000, 0x0000, 0x0000, 0x0001, 0x0001, 0x0001, 0x0001, 0x0001, 0x0002, 0x0002, 0x316a, 0x8c36, 0xad3a, 0xbdbc, 0x7372, 0x0844, 0x0001, 0x0000, 0x0000, 0x0000, 0x0000, 0x0000, 0x0000, 0x0000, 0x0000, 
    0x0000, 0x0000, 0x0000, 0x0000, 0x0000, 0x0000, 0x0001, 0x0001, 0x0802, 0x9bb5, 0xd51c, 0xccfb, 0xbc98, 0x2005, 0x1003, 0x1865, 0x0002, 0x0002, 0x0002, 0x0001, 0x0001, 0x0001, 0x0001, 0x0021, 0x0001, 0x0001, 0x0001, 0x0001, 0x0000, 0x0001, 0x0001, 0x0001, 0x0001, 0x0001, 0x0001, 0x0001, 0x0001, 0x0001, 0x0001, 0x0001, 0x0001, 0x0823, 0x0803, 0x0803, 0x1044, 0x0804, 0x0803, 0x522d, 0xbd9a, 0xcdfc, 0xd63d, 0x9c55, 0x3949, 0x1024, 0x1865, 0x1064, 0x0803, 0x0803, 0x1045, 0x1044, 0x20a7, 0x6b10, 0xbd7a, 0xd63d, 0xc5fc, 0x6b10, 0x20e7, 0x0003, 0x0844, 0x0823, 0x0823, 0x0823, 0x0002, 0x0002, 0x0021, 0x0021, 0x0001, 0x0001, 0x0001, 0x0001, 0x0021, 0x0001, 0x0001, 0x0001, 0x0001, 0x0001, 0x0001, 0x0001, 0x0000, 0x0000, 0x0000, 0x0001, 0x0001, 0x0001, 0x0001, 0x0001, 0x0001, 0x0843, 0x0823, 0x0003, 0x62cf, 0xbdbb, 0xa4f9, 0xad5b, 0x316a, 0x0002, 0x0001, 0x0001, 0x0001, 0x0000, 0x0000, 0x0000, 0x0000, 0x0000, 
    0x0001, 0x0001, 0x0000, 0x0841, 0x0000, 0x0001, 0x1023, 0x0803, 0x518c, 0xdd3e, 0xd4bd, 0xdd5e, 0x59ad, 0x0803, 0x1864, 0x0001, 0x0842, 0x1063, 0x0001, 0x0002, 0x0003, 0x0003, 0x0844, 0x0823, 0x0022, 0x0001, 0x0001, 0x0001, 0x0000, 0x0001, 0x0001, 0x0001, 0x0001, 0x0001, 0x0001, 0x0802, 0x0802, 0x0002, 0x0002, 0x0022, 0x0022, 0x0822, 0x0002, 0x0803, 0x0804, 0x0804, 0x1847, 0x9c37, 0xd5de, 0xc53b, 0xc55c, 0xd5bd, 0x6a6f, 0x1003, 0x1865, 0x1044, 0x1023, 0x1845, 0x1845, 0x0804, 0x30e9, 0xb53a, 0xc5bc, 0xad1a, 0xbd5b, 0xbd9b, 0x2929, 0x0804, 0x1086, 0x0003, 0x0002, 0x0003, 0x0843, 0x0822, 0x0822, 0x0022, 0x0022, 0x0022, 0x0022, 0x0022, 0x0001, 0x0001, 0x0001, 0x0001, 0x0001, 0x0001, 0x0001, 0x0001, 0x0001, 0x0001, 0x0022, 0x0022, 0x0002, 0x0823, 0x0001, 0x0801, 0x0001, 0x0821, 0x0000, 0x0843, 0x0003, 0x7bd4, 0xb5bc, 0xad5c, 0x8457, 0x0004, 0x0023, 0x0002, 0x0022, 0x0001, 0x0021, 0x0000, 0x0020, 0x0000, 
    0x0001, 0x0801, 0x0822, 0x0000, 0x0001, 0x0001, 0x0803, 0x1805, 0x8b34, 0xd4de, 0xdd1f, 0xac18, 0x2888, 0x0803, 0x0822, 0x0821, 0x0001, 0x0001, 0x1043, 0x0002, 0x1045, 0x0003, 0x0003, 0x0003, 0x0803, 0x0001, 0x0001, 0x0001, 0x0001, 0x0021, 0x0021, 0x0001, 0x0001, 0x0802, 0x0802, 0x0802, 0x0802, 0x0802, 0x0002, 0x0022, 0x0022, 0x0822, 0x0823, 0x0823, 0x0804, 0x0805, 0x1826, 0x8bb6, 0xe61f, 0xc51c, 0xd5be, 0xd5de, 0x72b0, 0x2086, 0x2085, 0x0803, 0x1023, 0x1024, 0x1025, 0x1025, 0x396b, 0xb51a, 0xcdbd, 0xbd7c, 0xc59d, 0xb53b, 0x396b, 0x0826, 0x1066, 0x0844, 0x0823, 0x0823, 0x0822, 0x0822, 0x0822, 0x0822, 0x0022, 0x0022, 0x0022, 0x0022, 0x0022, 0x0001, 0x0001, 0x0001, 0x0001, 0x0001, 0x0001, 0x0001, 0x0001, 0x0002, 0x0002, 0x0003, 0x0002, 0x0823, 0x0823, 0x0001, 0x0801, 0x0821, 0x0000, 0x0001, 0x0002, 0x39ab, 0xad5b, 0xad9e, 0x9d3b, 0x31ab, 0x0003, 0x0023, 0x0002, 0x0001, 0x0021, 0x0020, 0x0020, 0x0000, 
    0x0001, 0x0001, 0x0822, 0x0000, 0x0001, 0x0823, 0x0002, 0x498c, 0xc4fb, 0xccdd, 0xdd3e, 0x61ef, 0x0804, 0x1023, 0x0001, 0x0822, 0x0001, 0x0001, 0x0002, 0x0804, 0x0003, 0x2087, 0x28e8, 0x0804, 0x0003, 0x0001, 0x0001, 0x0001, 0x0001, 0x0001, 0x0001, 0x0001, 0x0001, 0x0802, 0x0802, 0x0802, 0x0802, 0x0802, 0x0822, 0x0022, 0x0822, 0x0802, 0x1043, 0x1023, 0x0803, 0x1025, 0x0805, 0x5a4f, 0xb4da, 0xd5de, 0xd5de, 0xa478, 0x498c, 0x1845, 0x1845, 0x0803, 0x1064, 0x0804, 0x1045, 0x1045, 0x20a7, 0x7b73, 0xb53a, 0xcddd, 0xc5bd, 0x7353, 0x20e9, 0x0825, 0x1045, 0x0844, 0x0844, 0x0822, 0x0822, 0x0822, 0x0822, 0x0822, 0x0822, 0x0022, 0x0022, 0x0022, 0x0022, 0x0001, 0x0001, 0x0801, 0x0801, 0x0001, 0x0021, 0x0021, 0x0022, 0x0023, 0x2948, 0x424c, 0x0044, 0x0002, 0x0003, 0x0822, 0x0821, 0x0800, 0x0821, 0x0000, 0x0843, 0x0003, 0x7bd4, 0xb5de, 0xb5bd, 0x7bf4, 0x0003, 0x0824, 0x0002, 0x0001, 0x0021, 0x0041, 0x0020, 0x0000, 
    0x0001, 0x0001, 0x0001, 0x0000, 0x0001, 0x1044, 0x0803, 0x8b74, 0xd57e, 0xd53e, 0xb439, 0x2027, 0x0003, 0x0802, 0x0822, 0x0821, 0x0001, 0x18a5, 0x0002, 0x1845, 0x1846, 0x8373, 0x93f4, 0x522d, 0x0803, 0x0802, 0x0801, 0x0001, 0x0001, 0x0001, 0x0021, 0x0002, 0x0002, 0x0802, 0x0802, 0x0802, 0x0802, 0x0802, 0x0822, 0x0822, 0x0822, 0x0802, 0x1002, 0x1023, 0x0803, 0x1045, 0x0804, 0x2088, 0x49ed, 0x6ad2, 0x6ab1, 0x416c, 0x1005, 0x1004, 0x1865, 0x1065, 0x1885, 0x1044, 0x1886, 0x1866, 0x0805, 0x312a, 0x5a8f, 0x6b12, 0x526f, 0x290a, 0x1026, 0x0825, 0x1045, 0x0844, 0x0843, 0x0022, 0x0822, 0x0822, 0x0822, 0x0822, 0x0822, 0x0022, 0x0022, 0x0022, 0x0022, 0x0022, 0x0021, 0x0021, 0x0021, 0x0021, 0x0021, 0x0021, 0x0022, 0x2968, 0x94b5, 0x9cf7, 0x422c, 0x0003, 0x0002, 0x1043, 0x0001, 0x0000, 0x0841, 0x0021, 0x1083, 0x0002, 0x298b, 0xad9c, 0xadbc, 0xad7a, 0x2148, 0x0003, 0x0002, 0x0001, 0x0021, 0x0021, 0x0020, 0x0000, 
    0x0000, 0x0021, 0x0000, 0x0001, 0x0001, 0x0803, 0x2888, 0xc4fb, 0xcd3d, 0xd57e, 0x6a50, 0x0804, 0x1024, 0x0001, 0x0842, 0x0822, 0x0802, 0x1064, 0x1024, 0x0804, 0x624f, 0xcd7b, 0xc55b, 0x8bd4, 0x0003, 0x0802, 0x0802, 0x0002, 0x0002, 0x0022, 0x0022, 0x0002, 0x0002, 0x0802, 0x0802, 0x0802, 0x0802, 0x0803, 0x0823, 0x0823, 0x0822, 0x0802, 0x0802, 0x1044, 0x0803, 0x1025, 0x0804, 0x0805, 0x1005, 0x1006, 0x1847, 0x1846, 0x1046, 0x1066, 0x1066, 0x1086, 0x0845, 0x1085, 0x0845, 0x1066, 0x1066, 0x1066, 0x1887, 0x18a8, 0x0826, 0x1046, 0x1046, 0x1066, 0x1065, 0x1064, 0x1064, 0x0822, 0x0822, 0x0823, 0x0823, 0x0823, 0x0822, 0x0822, 0x0022, 0x0022, 0x0022, 0x0022, 0x0022, 0x0022, 0x0022, 0x0022, 0x0022, 0x0022, 0x0022, 0x420b, 0xbe1b, 0xb5ba, 0x9cd7, 0x10a6, 0x0004, 0x0002, 0x0002, 0x0021, 0x0021, 0x0841, 0x0863, 0x0023, 0x0003, 0x8456, 0xaddc, 0xbe1c, 0x6371, 0x0003, 0x0023, 0x0002, 0x0001, 0x0000, 0x0020, 0x0000, 
    0x0000, 0x0841, 0x0001, 0x0001, 0x0002, 0x0003, 0x6a70, 0xdd9e, 0xccfc, 0xb49a, 0x2888, 0x0804, 0x1064, 0x0001, 0x0021, 0x0843, 0x0822, 0x0003, 0x1005, 0x1826, 0xac78, 0xc53b, 0xc4fa, 0x5a2e, 0x0003, 0x0803, 0x0802, 0x0822, 0x0822, 0x0822, 0x0822, 0x0802, 0x0802, 0x0803, 0x0822, 0x0802, 0x0803, 0x0823, 0x0823, 0x0823, 0x0823, 0x0803, 0x0803, 0x1044, 0x1024, 0x0804, 0x1045, 0x1866, 0x1026, 0x1867, 0x1887, 0x1867, 0x1887, 0x1887, 0x1886, 0x18a7, 0x0825, 0x1086, 0x1045, 0x1066, 0x1887, 0x1067, 0x1887, 0x18a8, 0x1888, 0x1067, 0x1887, 0x1046, 0x0845, 0x1065, 0x1064, 0x0843, 0x0823, 0x0823, 0x0823, 0x0823, 0x0823, 0x0843, 0x0822, 0x0822, 0x0822, 0x0022, 0x0022, 0x0022, 0x0022, 0x0022, 0x0022, 0x0022, 0x0022, 0x18c6, 0x8c55, 0xb59a, 0xb5db, 0x5ad0, 0x0024, 0x0003, 0x0023, 0x0842, 0x0000, 0x0021, 0x0001, 0x0022, 0x0002, 0x428e, 0xb5db, 0xb61c, 0x9d38, 0x10a6, 0x0023, 0x0002, 0x0001, 0x0000, 0x0020, 0x0020, 
    0x0000, 0x0021, 0x0021, 0x0002, 0x0003, 0x2067, 0xa458, 0xdd7e, 0xd53d, 0x72b1, 0x0804, 0x1024, 0x0823, 0x0022, 0x0021, 0x0842, 0x0803, 0x0804, 0x1005, 0x7af2, 0xcd5c, 0xbcda, 0x93b5, 0x1806, 0x1045, 0x0803, 0x0802, 0x0802, 0x0803, 0x0803, 0x0803, 0x0803, 0x0803, 0x0803, 0x0803, 0x0823, 0x0823, 0x0823, 0x0823, 0x0823, 0x0823, 0x1003, 0x1023, 0x1024, 0x1044, 0x1024, 0x1866, 0x20a7, 0x1887, 0x1867, 0x1047, 0x1026, 0x1047, 0x1867, 0x1888, 0x20c8, 0x1066, 0x1886, 0x18a7, 0x18a7, 0x1887, 0x1067, 0x1887, 0x1067, 0x1046, 0x1067, 0x1046, 0x0825, 0x0824, 0x1045, 0x1064, 0x0844, 0x0843, 0x0823, 0x0823, 0x0843, 0x0843, 0x0843, 0x0843, 0x0823, 0x0823, 0x0023, 0x0023, 0x0023, 0x0023, 0x0023, 0x0022, 0x0022, 0x0023, 0x0003, 0x31ab, 0xa539, 0xb5dc, 0x9cf9, 0x2129, 0x0024, 0x0023, 0x0822, 0x0021, 0x0021, 0x0000, 0x0022, 0x0002, 0x10e7, 0x94f7, 0xadfb, 0xb5fc, 0x4a6d, 0x0003, 0x0002, 0x0001, 0x0021, 0x0020, 0x0020, 
    0x0020, 0x0000, 0x0001, 0x0844, 0x0003, 0x49ac, 0xcd3c, 0xd53e, 0xd57e, 0x30e9, 0x1024, 0x0823, 0x0822, 0x0001, 0x0842, 0x0002, 0x0803, 0x0804, 0x2067, 0xb499, 0xc51b, 0xc51c, 0x51ad, 0x0804, 0x1004, 0x0803, 0x0803, 0x0803, 0x0803, 0x0803, 0x0803, 0x0803, 0x0803, 0x0803, 0x0823, 0x0803, 0x0803, 0x0823, 0x0823, 0x0823, 0x0824, 0x1004, 0x1024, 0x0804, 0x1065, 0x1866, 0x1046, 0x1046, 0x1026, 0x1867, 0x20a8, 0x20a8, 0x1868, 0x1006, 0x1006, 0x1827, 0x1827, 0x1847, 0x1866, 0x1026, 0x1867, 0x1888, 0x1888, 0x1868, 0x20c9, 0x1067, 0x1067, 0x1046, 0x1066, 0x1065, 0x0824, 0x0844, 0x1064, 0x0824, 0x0824, 0x0823, 0x0843, 0x0843, 0x0843, 0x0843, 0x0823, 0x0023, 0x0023, 0x0023, 0x0023, 0x0023, 0x0023, 0x0022, 0x0023, 0x0824, 0x0845, 0x8415, 0xc63d, 0xc61d, 0x5af0, 0x0004, 0x0024, 0x0002, 0x0863, 0x0041, 0x0021, 0x0862, 0x0022, 0x0023, 0x6391, 0xaddb, 0xb5fc, 0x73f4, 0x0003, 0x0003, 0x0002, 0x0863, 0x0000, 0x0020, 
    0x0020, 0x0041, 0x0001, 0x0823, 0x0804, 0x8374, 0xd59e, 0xdd9f, 0x9bb7, 0x1005, 0x1064, 0x0802, 0x1043, 0x0842, 0x0022, 0x1064, 0x0824, 0x0804, 0x6ab1, 0xcd5d, 0xcd3c, 0x8354, 0x0805, 0x1846, 0x0804, 0x0803, 0x1044, 0x1044, 0x0003, 0x1045, 0x1024, 0x0804, 0x0804, 0x0824, 0x0823, 0x0823, 0x0823, 0x0823, 0x0824, 0x0824, 0x0824, 0x1025, 0x1005, 0x1025, 0x1046, 0x1046, 0x1887, 0x20a8, 0x1888, 0x1047, 0x1047, 0x1848, 0x2889, 0x390b, 0x51ae, 0x6250, 0x72b2, 0x6ad1, 0x62b0, 0x5a6f, 0x49cd, 0x312b, 0x20a9, 0x1027, 0x0807, 0x2089, 0x1868, 0x1067, 0x1887, 0x1066, 0x0824, 0x0845, 0x18c6, 0x0824, 0x0824, 0x0823, 0x0823, 0x0823, 0x0823, 0x0843, 0x0843, 0x0864, 0x0844, 0x0024, 0x0864, 0x0002, 0x0043, 0x0043, 0x0002, 0x0823, 0x0003, 0x31ab, 0xb5bb, 0xb5dc, 0xad9b, 0x10c7, 0x0024, 0x0043, 0x0842, 0x0841, 0x0041, 0x0041, 0x0062, 0x0001, 0x2168, 0xadfc, 0xa5bb, 0xad9a, 0x2969, 0x0003, 0x0043, 0x0001, 0x0021, 0x0020, 
    0x0020, 0x0041, 0x0001, 0x0824, 0x1846, 0xa458, 0xcd7e, 0xd57e, 0x7292, 0x0804, 0x1043, 0x0802, 0x1042, 0x0842, 0x0842, 0x1064, 0x0804, 0x1827, 0x93b6, 0xcd3d, 0xc4fc, 0x5a0f, 0x0805, 0x1005, 0x0804, 0x0003, 0x1044, 0x1024, 0x1025, 0x0003, 0x0804, 0x0004, 0x0824, 0x0824, 0x0824, 0x0823, 0x0823, 0x1024, 0x1024, 0x1024, 0x1025, 0x1046, 0x1026, 0x1026, 0x1846, 0x1867, 0x1847, 0x1006, 0x0805, 0x312b, 0x5a50, 0x93f7, 0xbd3c, 0xd5be, 0xd5be, 0xdddf, 0xddff, 0xd61f, 0xd5fe, 0xcdde, 0xcdde, 0xc57c, 0xa499, 0x7333, 0x522f, 0x20a9, 0x1027, 0x1047, 0x18a8, 0x1887, 0x0825, 0x0824, 0x1045, 0x0845, 0x0845, 0x0844, 0x0844, 0x0823, 0x0843, 0x0843, 0x0843, 0x0003, 0x0003, 0x0003, 0x0003, 0x0844, 0x0864, 0x0043, 0x0863, 0x0864, 0x0003, 0x18c7, 0x8435, 0xbe3e, 0xad9c, 0x428f, 0x0004, 0x0044, 0x0043, 0x0021, 0x0041, 0x0041, 0x0862, 0x0042, 0x08c5, 0x8cf8, 0xadfc, 0xadbb, 0x424d, 0x0003, 0x0023, 0x0001, 0x0021, 0x0020, 
    0x0020, 0x0021, 0x0002, 0x0824, 0x394b, 0xcd9d, 0xcd5d, 0xc4fc, 0x38eb, 0x0803, 0x0822, 0x0802, 0x0822, 0x0822, 0x0843, 0x1044, 0x0004, 0x496c, 0xbcfb, 0xcd3d, 0xa418, 0x2089, 0x1026, 0x0804, 0x0824, 0x0804, 0x1045, 0x0804, 0x1005, 0x2087, 0x41cc, 0x312a, 0x0804, 0x0824, 0x1024, 0x0823, 0x0823, 0x1024, 0x1024, 0x1025, 0x1025, 0x0826, 0x0826, 0x1046, 0x1867, 0x1847, 0x1827, 0x49ad, 0x9c17, 0xcd9d, 0xd5df, 0xddff, 0xd5df, 0xcd9e, 0xcd5d, 0xcd5d, 0xcd7d, 0xc57d, 0xc57c, 0xc55c, 0xc59d, 0xd5ff, 0xde3f, 0xde3f, 0xd63f, 0xb51b, 0x6af2, 0x20c9, 0x0005, 0x0805, 0x1066, 0x1887, 0x0845, 0x1046, 0x1045, 0x1045, 0x0844, 0x0844, 0x0844, 0x0843, 0x0844, 0x0865, 0x4a4d, 0x4a6e, 0x0045, 0x0024, 0x0864, 0x0043, 0x0043, 0x0863, 0x0023, 0x0004, 0x3a2d, 0xbe3e, 0xaddc, 0x8cb8, 0x0066, 0x0044, 0x0043, 0x0001, 0x0041, 0x0021, 0x0062, 0x0883, 0x0002, 0x5b52, 0xb61e, 0xadfd, 0x6bb3, 0x0024, 0x0002, 0x0002, 0x0021, 0x0021, 
    0x0020, 0x0021, 0x0002, 0x0804, 0x6291, 0xde1f, 0xcd7e, 0xa438, 0x1006, 0x0803, 0x0002, 0x0822, 0x0802, 0x0822, 0x0844, 0x0824, 0x0805, 0x8313, 0xd59e, 0xcd3d, 0x6a71, 0x0805, 0x1045, 0x0003, 0x0823, 0x0824, 0x1045, 0x0805, 0x0805, 0x6ad1, 0xacd9, 0x7b52, 0x0804, 0x1024, 0x1024, 0x1024, 0x1024, 0x1024, 0x1045, 0x1025, 0x1026, 0x0826, 0x1887, 0x1006, 0x0805, 0x414c, 0x9bd6, 0xd57d, 0xdddf, 0xcd7d, 0xd59e, 0xd5df, 0xddff, 0xde1f, 0xde1f, 0xd5df, 0xcdbe, 0xd5ff, 0xcdde, 0xd5de, 0xd61f, 0xde5f, 0xde3f, 0xcdde, 0xbd9d, 0xd63f, 0xd65f, 0xacfa, 0x526f, 0x1887, 0x0825, 0x1066, 0x1066, 0x1046, 0x0845, 0x0845, 0x0844, 0x1064, 0x1064, 0x0844, 0x0844, 0x318a, 0xad79, 0xad9a, 0x424d, 0x0024, 0x0864, 0x0043, 0x0002, 0x0042, 0x0843, 0x0024, 0x08a7, 0x94f9, 0xb61d, 0xb61d, 0x31ec, 0x0004, 0x0043, 0x0022, 0x0041, 0x0021, 0x0061, 0x08a3, 0x0002, 0x21ab, 0xaddd, 0xb61d, 0x9518, 0x08c6, 0x0002, 0x0022, 0x0021, 0x0021, 
    0x0021, 0x0022, 0x0003, 0x0805, 0x93d6, 0xd5be, 0xd59e, 0x72f3, 0x0804, 0x0823, 0x0822, 0x1043, 0x0802, 0x0823, 0x0824, 0x1005, 0x28a9, 0xb49a, 0xd57e, 0xbcdc, 0x30aa, 0x0805, 0x0824, 0x0843, 0x0002, 0x0803, 0x1025, 0x1005, 0x28e9, 0xacb9, 0xd61e, 0x8394, 0x0805, 0x1025, 0x1024, 0x1024, 0x1044, 0x1045, 0x1045, 0x1826, 0x1026, 0x1047, 0x0805, 0x20a8, 0x6ab1, 0xb4ba, 0xddbe, 0xe5df, 0xd57e, 0xee1f, 0xddff, 0xcd7d, 0xb4db, 0x9417, 0x7b34, 0x62b1, 0x5a50, 0x5a70, 0x6ab2, 0x7b34, 0x8bd6, 0xa479, 0xbd5c, 0xd63f, 0xe6bf, 0xd61f, 0xd65f, 0xd65f, 0xce1e, 0x9477, 0x316b, 0x0004, 0x1067, 0x1046, 0x0846, 0x0825, 0x0844, 0x1064, 0x1064, 0x0864, 0x0844, 0x318a, 0xb59b, 0xbe1c, 0x8c76, 0x10c7, 0x0064, 0x0043, 0x0043, 0x0042, 0x0042, 0x0885, 0x0024, 0x5331, 0xb65e, 0xbe5e, 0x6bf4, 0x0004, 0x0044, 0x0043, 0x0042, 0x0041, 0x0021, 0x0883, 0x0023, 0x0067, 0x951a, 0xae3e, 0xae1c, 0x29cb, 0x0023, 0x0022, 0x0021, 0x0021, 
    0x0021, 0x0022, 0x0824, 0x2087, 0xb4ba, 0xcd5d, 0xcd7d, 0x418d, 0x0804, 0x1044, 0x0822, 0x0843, 0x0822, 0x0844, 0x0804, 0x1005, 0x59ee, 0xcd5d, 0xcd3d, 0x9397, 0x0806, 0x1026, 0x0823, 0x0863, 0x0022, 0x0824, 0x0804, 0x1005, 0x6ad1, 0xc57c, 0xb51b, 0x41ac, 0x0804, 0x1025, 0x1024, 0x1044, 0x1044, 0x1045, 0x1846, 0x1846, 0x1847, 0x0805, 0x30e9, 0x8b94, 0xddfe, 0xe61f, 0xd57d, 0xd55e, 0xe5df, 0xac39, 0x8355, 0x51cf, 0x28aa, 0x1027, 0x0806, 0x0806, 0x1026, 0x0806, 0x1007, 0x1027, 0x1027, 0x1868, 0x396c, 0x7313, 0x9c58, 0xce1e, 0xce1e, 0xce1d, 0xde7f, 0xdedf, 0xa4f9, 0x4a2d, 0x1887, 0x1087, 0x1067, 0x0845, 0x0845, 0x1065, 0x1065, 0x1065, 0x0845, 0x10a7, 0x7bf4, 0xb5bb, 0xb5db, 0x3a0c, 0x0044, 0x0023, 0x1084, 0x0862, 0x0042, 0x08a4, 0x0003, 0x218b, 0xadfd, 0xb65e, 0x9d5a, 0x10c7, 0x0044, 0x0863, 0x0042, 0x0042, 0x0021, 0x0042, 0x0884, 0x0005, 0x6bd5, 0xae1e, 0xb67e, 0x5351, 0x0044, 0x0023, 0x0022, 0x0021, 
    0x0021, 0x0002, 0x0003, 0x49cd, 0xc53c, 0xc53c, 0xb4db, 0x1867, 0x0805, 0x1044, 0x0822, 0x0843, 0x0022, 0x1064, 0x0804, 0x1846, 0x8b74, 0xd57e, 0xcd1d, 0x59cf, 0x1006, 0x1846, 0x0823, 0x0863, 0x0863, 0x1065, 0x0804, 0x28e9, 0x9c57, 0xc59d, 0x7b33, 0x1027, 0x0805, 0x1025, 0x1024, 0x1044, 0x1044, 0x1845, 0x1846, 0x1846, 0x1847, 0x412b, 0xa437, 0xddfe, 0xcd3c, 0xc51b, 0xe5ff, 0xc53d, 0x7af4, 0x288a, 0x1848, 0x1007, 0x1007, 0x1868, 0x20c9, 0x20a8, 0x1867, 0x1868, 0x1888, 0x20a9, 0x20a9, 0x20a9, 0x1888, 0x1868, 0x1068, 0x4a2e, 0xad3a, 0xe6df, 0xcdfd, 0xc5fc, 0xe6df, 0xb57a, 0x5aaf, 0x20e9, 0x18a8, 0x1066, 0x1065, 0x1065, 0x1085, 0x1065, 0x0865, 0x0045, 0x39ec, 0xad7a, 0xbe3d, 0x73d3, 0x10a6, 0x0043, 0x0883, 0x0862, 0x0882, 0x0884, 0x0044, 0x00a7, 0x7c97, 0xb65f, 0xae1d, 0x3a2d, 0x0024, 0x0844, 0x0843, 0x0863, 0x0042, 0x0001, 0x0864, 0x0005, 0x4270, 0xae1d, 0xae5d, 0x84b6, 0x0085, 0x0023, 0x0022, 0x0021, 
    0x0002, 0x0003, 0x0003, 0x6ad1, 0xc57d, 0xc57d, 0xa478, 0x0004, 0x0824, 0x1044, 0x0002, 0x0823, 0x0023, 0x1885, 0x0804, 0x2067, 0xac79, 0xcd5d, 0xc53d, 0x2889, 0x1847, 0x1045, 0x0823, 0x0863, 0x1084, 0x1025, 0x1026, 0x5a6f, 0xb51b, 0xbd5c, 0x49ce, 0x1006, 0x1867, 0x1025, 0x1025, 0x1045, 0x1045, 0x1846, 0x1846, 0x1847, 0x2028, 0xc53b, 0xcd5b, 0xcd7c, 0xddde, 0xd5be, 0x9bf7, 0x498d, 0x1807, 0x2069, 0x1889, 0x1888, 0x1888, 0x1888, 0x1887, 0x18a7, 0x20a8, 0x20c8, 0x20a9, 0x18a8, 0x1888, 0x1888, 0x1888, 0x18a8, 0x20c9, 0x1047, 0x20e9, 0x7b93, 0xce5e, 0xdebf, 0xce3e, 0xd65e, 0xd67e, 0x294a, 0x2109, 0x10a7, 0x1066, 0x1085, 0x1085, 0x1085, 0x0865, 0x0866, 0x0025, 0x8c97, 0xb5fc, 0xadba, 0x2189, 0x0065, 0x0043, 0x0042, 0x10a3, 0x0843, 0x0884, 0x0045, 0x5331, 0xb67f, 0xb65e, 0x5b72, 0x0004, 0x0044, 0x0863, 0x0863, 0x0063, 0x0001, 0x0043, 0x0005, 0x29ac, 0xa5fd, 0xae3d, 0x95ba, 0x00c6, 0x0023, 0x0022, 0x0001, 
    0x0802, 0x0804, 0x0805, 0x8bb5, 0xc59d, 0xcdbd, 0x6ab0, 0x0003, 0x0823, 0x0002, 0x0844, 0x0823, 0x0824, 0x1025, 0x0805, 0x416d, 0xc57d, 0xcd7e, 0x93d6, 0x1006, 0x1025, 0x1024, 0x0824, 0x0844, 0x0824, 0x1027, 0x1848, 0x9417, 0xc57d, 0x8bb5, 0x1007, 0x1027, 0x1866, 0x1045, 0x1045, 0x1004, 0x2087, 0x1806, 0x1827, 0x2028, 0xac79, 0xddde, 0xc53b, 0xd5de, 0xd5de, 0x72d2, 0x2068, 0x2068, 0x20a9, 0x1868, 0x1868, 0x1867, 0x1887, 0x1887, 0x1887, 0x1887, 0x1887, 0x1887, 0x1887, 0x1887, 0x1887, 0x1887, 0x1887, 0x1888, 0x1888, 0x20c9, 0x18a8, 0x1067, 0x526f, 0xb59b, 0xd69f, 0xce5e, 0xd67f, 0xbe1d, 0x31cc, 0x0025, 0x10a6, 0x10a6, 0x0865, 0x10a6, 0x0865, 0x0845, 0x0886, 0x31cb, 0xb61c, 0xb65d, 0x6392, 0x0005, 0x0065, 0x0864, 0x0863, 0x0863, 0x0864, 0x0044, 0x1969, 0xa61c, 0xa63d, 0x84d8, 0x0065, 0x0064, 0x0884, 0x0042, 0x0022, 0x0022, 0x0864, 0x0003, 0x00a6, 0x9579, 0xa63d, 0xa63c, 0x2a4c, 0x0003, 0x0823, 0x0021, 
    0x0803, 0x0804, 0x1026, 0x9417, 0xc59d, 0xc59d, 0x524e, 0x0003, 0x0823, 0x0002, 0x0844, 0x0803, 0x0824, 0x1026, 0x0806, 0x51f0, 0xc55e, 0xc57d, 0x7312, 0x1005, 0x1044, 0x0823, 0x1044, 0x1045, 0x1026, 0x1027, 0x392c, 0xa479, 0xbd5c, 0x6af2, 0x1027, 0x1026, 0x1046, 0x1046, 0x1025, 0x1805, 0x1826, 0x1806, 0x2008, 0x8335, 0xc51d, 0xc55c, 0xd5fe, 0xc55c, 0x6ab1, 0x30ca, 0x28a9, 0x1847, 0x1867, 0x1867, 0x1867, 0x1867, 0x1887, 0x1887, 0x1887, 0x1887, 0x1087, 0x1887, 0x1887, 0x1887, 0x1887, 0x1887, 0x1887, 0x1887, 0x1887, 0x1067, 0x1087, 0x18c9, 0x1067, 0x41ed, 0xb5bc, 0xe6ff, 0xc5fd, 0xd6df, 0xad9a, 0x2149, 0x0865, 0x10a6, 0x0886, 0x0865, 0x10a6, 0x0865, 0x0886, 0x1928, 0x8d18, 0xb65d, 0x7cb7, 0x08c8, 0x0025, 0x0885, 0x0864, 0x0863, 0x1084, 0x0043, 0x1127, 0x8d79, 0xa67d, 0x8d59, 0x0908, 0x0044, 0x0864, 0x0043, 0x0022, 0x0023, 0x0843, 0x0023, 0x0084, 0x84f7, 0xa65d, 0xa65d, 0x32ae, 0x0003, 0x0823, 0x0021, 
    0x0803, 0x0804, 0x1888, 0xa4b9, 0xc57d, 0xbd7c, 0x398b, 0x0803, 0x0823, 0x0823, 0x1044, 0x0803, 0x0824, 0x1026, 0x0806, 0x6ad3, 0xbd3d, 0xb51c, 0x49ee, 0x0804, 0x1065, 0x0823, 0x1044, 0x1045, 0x1046, 0x1007, 0x62b2, 0xb51b, 0xacda, 0x418d, 0x1027, 0x1006, 0x1026, 0x1866, 0x1025, 0x1825, 0x1826, 0x1807, 0x498e, 0xcd9f, 0xcd9e, 0xcd9d, 0xc57c, 0x72f2, 0x2048, 0x1006, 0x1848, 0x1847, 0x1867, 0x1867, 0x1867, 0x1867, 0x1887, 0x1887, 0x1887, 0x1887, 0x1887, 0x1887, 0x1887, 0x1887, 0x1887, 0x1887, 0x1887, 0x1887, 0x1887, 0x18c8, 0x18c8, 0x18e9, 0x18c9, 0x0867, 0x422e, 0xb5bc, 0xe71f, 0xce7e, 0xd6df, 0x7bf4, 0x0865, 0x10c7, 0x2128, 0x0845, 0x10a6, 0x1086, 0x0886, 0x0086, 0x5b71, 0xb65d, 0xa5fc, 0x320d, 0x0005, 0x0886, 0x1084, 0x0863, 0x1084, 0x0043, 0x00a5, 0x6c75, 0xae9e, 0x9dfc, 0x2a2c, 0x0044, 0x0043, 0x0843, 0x0022, 0x0843, 0x0043, 0x0043, 0x0063, 0x6413, 0xae7e, 0xa67e, 0x4b51, 0x0003, 0x0823, 0x0021, 
    0x0823, 0x0003, 0x312a, 0xbd3c, 0xbd7d, 0xb51b, 0x20c8, 0x0803, 0x0823, 0x0823, 0x1044, 0x0803, 0x1044, 0x1026, 0x1027, 0x8bd7, 0xbd3d, 0xacba, 0x28ea, 0x0804, 0x1865, 0x0823, 0x1064, 0x0845, 0x1046, 0x1047, 0x8bf7, 0xc59d, 0x9417, 0x1868, 0x1847, 0x1026, 0x1025, 0x1866, 0x1025, 0x1826, 0x2047, 0x2889, 0xa438, 0xcd9e, 0xd5bf, 0xde1f, 0x7b54, 0x2068, 0x1827, 0x2088, 0x1847, 0x2068, 0x1867, 0x1887, 0x1887, 0x1887, 0x1887, 0x1887, 0x1887, 0x1887, 0x1887, 0x1887, 0x1887, 0x1887, 0x1887, 0x1887, 0x1887, 0x1887, 0x1887, 0x1087, 0x0826, 0x18a8, 0x294a, 0x18c9, 0x0006, 0x420e, 0xbdfd, 0xcebf, 0xce9e, 0xce9e, 0x424d, 0x0865, 0x1907, 0x0044, 0x1085, 0x10a6, 0x0886, 0x0045, 0x29cb, 0xa5fb, 0xbe9f, 0x5b73, 0x0045, 0x08a6, 0x1084, 0x0863, 0x1084, 0x0064, 0x0064, 0x4b50, 0xb6bf, 0xb69e, 0x5371, 0x0044, 0x0023, 0x0863, 0x0022, 0x0864, 0x0023, 0x0864, 0x0023, 0x4b10, 0xae9e, 0xae9e, 0x6414, 0x0024, 0x0022, 0x0021, 
    0x0823, 0x0003, 0x41cd, 0xc5bd, 0xbd9d, 0xa499, 0x0825, 0x0824, 0x0823, 0x0823, 0x0844, 0x0803, 0x1045, 0x1026, 0x2089, 0xa49a, 0xb51c, 0x9418, 0x1047, 0x0805, 0x1865, 0x0823, 0x1044, 0x0825, 0x0825, 0x20c9, 0xacfb, 0xc59d, 0x7333, 0x0805, 0x1847, 0x1046, 0x1046, 0x1866, 0x1846, 0x1866, 0x1826, 0x6250, 0xdddf, 0xbd1c, 0xddff, 0xacb9, 0x394b, 0x1006, 0x2088, 0x28a9, 0x28a9, 0x2068, 0x1847, 0x1868, 0x1868, 0x1887, 0x1887, 0x1887, 0x1887, 0x1887, 0x1887, 0x1887, 0x1887, 0x1887, 0x1887, 0x1887, 0x1887, 0x1887, 0x1887, 0x18c8, 0x2109, 0x10a8, 0x0005, 0x0867, 0x212a, 0x5b11, 0xbdfc, 0xc65e, 0xc65d, 0xdeff, 0x8455, 0x0865, 0x08a6, 0x1086, 0x18c6, 0x1086, 0x1086, 0x0886, 0x08c7, 0x8d18, 0xbe9e, 0x84b7, 0x08c7, 0x0885, 0x0884, 0x0863, 0x0884, 0x0864, 0x0044, 0x2a4d, 0xae9e, 0xbedf, 0x7496, 0x0065, 0x0023, 0x0863, 0x0042, 0x0864, 0x0023, 0x0884, 0x0022, 0x2a2c, 0xae7e, 0xaebe, 0x7cf7, 0x0085, 0x0022, 0x0021, 
    0x0823, 0x0003, 0x5a6f, 0xc5bd, 0xc59d, 0x9437, 0x0004, 0x0844, 0x0822, 0x0823, 0x0843, 0x1024, 0x1065, 0x0805, 0x312b, 0xacfc, 0xb53d, 0x7b55, 0x0806, 0x1025, 0x1064, 0x1044, 0x1044, 0x0845, 0x0805, 0x41ad, 0xb55c, 0xbd5c, 0x520f, 0x0805, 0x1847, 0x1867, 0x1046, 0x1046, 0x1846, 0x2067, 0x2068, 0xac79, 0xddff, 0xcd9e, 0xd5df, 0x51ee, 0x2088, 0x1847, 0x2088, 0x1847, 0x1868, 0x2088, 0x1847, 0x1868, 0x1868, 0x1887, 0x1887, 0x1887, 0x1887, 0x1887, 0x1887, 0x1887, 0x1887, 0x1887, 0x1887, 0x1887, 0x1887, 0x1887, 0x1887, 0x2109, 0x18c8, 0x0846, 0x18e9, 0x52b0, 0x9cf9, 0xd6bf, 0xce7f, 0xc65e, 0xd6df, 0xd6bf, 0x73d3, 0x10c7, 0x10a6, 0x18e7, 0x10a6, 0x1065, 0x1086, 0x10c7, 0x0045, 0x6bf4, 0xb65d, 0x9dbb, 0x21ab, 0x0065, 0x0864, 0x0863, 0x0884, 0x0884, 0x0065, 0x1169, 0x9e1c, 0xb6ff, 0x8d79, 0x08a6, 0x0043, 0x0883, 0x0043, 0x0843, 0x0043, 0x0864, 0x0002, 0x19aa, 0xa63c, 0xae9e, 0x95ba, 0x10e7, 0x0002, 0x0021, 
    0x0823, 0x0003, 0x62f1, 0xbdbd, 0xc5de, 0x83d5, 0x0004, 0x0844, 0x0822, 0x0823, 0x0823, 0x1064, 0x1065, 0x0805, 0x49ce, 0xb53c, 0xb53d, 0x6291, 0x0806, 0x1045, 0x1024, 0x1064, 0x0824, 0x1065, 0x0806, 0x62d1, 0xb57d, 0xacfb, 0x312b, 0x1026, 0x1026, 0x1867, 0x1046, 0x1866, 0x1046, 0x1005, 0x5a0e, 0xd5be, 0xcd9e, 0xd5df, 0x93f7, 0x1848, 0x20a8, 0x1868, 0x2088, 0x1847, 0x1026, 0x20a8, 0x1867, 0x1888, 0x1888, 0x1888, 0x1888, 0x1887, 0x1887, 0x1887, 0x1887, 0x1887, 0x1887, 0x1887, 0x1887, 0x1887, 0x1887, 0x1887, 0x1887, 0x0826, 0x18c8, 0x6311, 0xa519, 0xc61d, 0xdedf, 0xce9f, 0xbe1d, 0xdedf, 0xc61d, 0x9cf8, 0x31aa, 0x10c7, 0x10a6, 0x1085, 0x0844, 0x0865, 0x1086, 0x10a7, 0x0066, 0x42cf, 0xae5d, 0xae5d, 0x326d, 0x0065, 0x0864, 0x0884, 0x0884, 0x0884, 0x08a5, 0x00c7, 0x8d79, 0xb6df, 0x9e1b, 0x08e7, 0x0043, 0x0883, 0x0843, 0x0843, 0x0863, 0x0864, 0x0022, 0x1148, 0x9ddb, 0xa69e, 0xa63c, 0x1968, 0x0002, 0x0021, 
    0x0823, 0x0003, 0x6b52, 0xbd9d, 0xc5fe, 0x7b94, 0x0004, 0x0844, 0x0022, 0x0003, 0x0823, 0x1065, 0x1085, 0x0805, 0x522f, 0xb53c, 0xb55d, 0x4a0f, 0x1026, 0x1045, 0x0823, 0x1085, 0x0824, 0x1886, 0x0826, 0x7374, 0xb57d, 0xa4ba, 0x20a9, 0x1868, 0x0806, 0x1067, 0x1045, 0x1886, 0x1026, 0x0804, 0x93f6, 0xd5de, 0xcdbe, 0xcdbe, 0x49ae, 0x1827, 0x2088, 0x28c9, 0x1847, 0x1867, 0x28c9, 0x1888, 0x1867, 0x1888, 0x1888, 0x1888, 0x1888, 0x1887, 0x1887, 0x1887, 0x1887, 0x1887, 0x1887, 0x1887, 0x1887, 0x1887, 0x1887, 0x1887, 0x10a7, 0x4a2e, 0x94b7, 0xce7f, 0xdeff, 0xd6bf, 0xc65e, 0xce7e, 0xce7e, 0x94b7, 0x52af, 0x10c7, 0x0866, 0x0886, 0x10c6, 0x0845, 0x18c6, 0x1065, 0x0865, 0x0866, 0x08a7, 0x322d, 0xb65e, 0xb69f, 0x3aef, 0x0085, 0x0884, 0x1084, 0x0884, 0x0884, 0x08c6, 0x0065, 0x7cf8, 0xaebe, 0xa65c, 0x1127, 0x0063, 0x0883, 0x0843, 0x0023, 0x0864, 0x0043, 0x0023, 0x0928, 0x95ba, 0xa67e, 0xa67d, 0x21a9, 0x0002, 0x0021, 
    0x0843, 0x0824, 0x8415, 0xc5dd, 0xbdbe, 0x62d1, 0x0004, 0x1064, 0x0822, 0x0843, 0x0823, 0x0844, 0x1045, 0x0805, 0x7353, 0xbd7d, 0xacfc, 0x396d, 0x1047, 0x1045, 0x1064, 0x1064, 0x1064, 0x0824, 0x1087, 0x9458, 0xc5ff, 0x83d6, 0x1868, 0x1067, 0x0826, 0x1066, 0x1066, 0x1887, 0x1026, 0x28a9, 0xc55b, 0xd5de, 0xddff, 0x9c38, 0x2089, 0x2088, 0x2088, 0x1888, 0x1887, 0x1888, 0x1888, 0x1868, 0x1868, 0x1867, 0x1888, 0x20a8, 0x2088, 0x1867, 0x1047, 0x1888, 0x20c9, 0x20a8, 0x1067, 0x1887, 0x20c8, 0x1067, 0x1047, 0x420d, 0x8c36, 0xd69f, 0xce7f, 0xc65e, 0xce5e, 0xd6df, 0xce7f, 0x9497, 0x4a8f, 0x1087, 0x1087, 0x1087, 0x1086, 0x1086, 0x0886, 0x1086, 0x1085, 0x0865, 0x0865, 0x0045, 0x08a7, 0x196a, 0x9ddb, 0xb6bf, 0x5bf3, 0x0085, 0x0884, 0x0884, 0x0883, 0x0884, 0x08a6, 0x0086, 0x5bd3, 0xaebe, 0xa67d, 0x42cd, 0x0022, 0x0863, 0x0884, 0x0023, 0x0023, 0x0043, 0x0064, 0x0086, 0x7cf8, 0xa69e, 0xae9d, 0x42ad, 0x0002, 0x0062, 
    0x0843, 0x0824, 0x8415, 0xc5dd, 0xbdbd, 0x5ad1, 0x0004, 0x1064, 0x0823, 0x0844, 0x0823, 0x1044, 0x1045, 0x0805, 0x7353, 0xbd7d, 0xacfc, 0x316d, 0x1047, 0x1045, 0x1064, 0x1064, 0x1064, 0x0825, 0x1887, 0x9499, 0xbdff, 0x7bb5, 0x1048, 0x1867, 0x1046, 0x1066, 0x1046, 0x1887, 0x1026, 0x416b, 0xc57c, 0xd5be, 0xd5df, 0x8396, 0x2069, 0x2088, 0x2088, 0x1888, 0x1887, 0x1888, 0x1888, 0x1868, 0x1868, 0x1026, 0x1867, 0x20a8, 0x1888, 0x1867, 0x1888, 0x1888, 0x1867, 0x1888, 0x20e9, 0x18a8, 0x0806, 0x314b, 0x8415, 0xc61d, 0xd69f, 0xc63e, 0xce5e, 0xd6bf, 0xd6bf, 0x9d19, 0x4a6e, 0x10c8, 0x0867, 0x1087, 0x1087, 0x1087, 0x1086, 0x1086, 0x0886, 0x1086, 0x1085, 0x0865, 0x0885, 0x0866, 0x08a7, 0x1129, 0x959b, 0xb6bf, 0x6434, 0x00a5, 0x08a4, 0x08a4, 0x0883, 0x0884, 0x08a6, 0x0086, 0x5bb3, 0xaede, 0xa69d, 0x42ee, 0x0043, 0x0863, 0x0883, 0x0043, 0x0043, 0x0043, 0x0084, 0x0086, 0x7cf8, 0xa69e, 0xa69e, 0x42ad, 0x0002, 0x0062, 
    0x0843, 0x0845, 0x8415, 0xbddd, 0xbdbd, 0x5ab1, 0x0004, 0x1064, 0x0843, 0x1044, 0x0823, 0x1044, 0x1045, 0x0825, 0x7373, 0xbd9d, 0xad1c, 0x314c, 0x0847, 0x0845, 0x1064, 0x1064, 0x1065, 0x1045, 0x18a8, 0x9cfa, 0xbdff, 0x7374, 0x0827, 0x1887, 0x1066, 0x1086, 0x1045, 0x1887, 0x1026, 0x6290, 0xcdbd, 0xcd9d, 0xcdbe, 0x6292, 0x1868, 0x2088, 0x2088, 0x2088, 0x2087, 0x2087, 0x2087, 0x1868, 0x1868, 0x20a8, 0x1888, 0x1888, 0x20a8, 0x1888, 0x1067, 0x18a8, 0x290a, 0x1067, 0x0826, 0x314b, 0x8c16, 0xce3e, 0xdebf, 0xce5e, 0xc63e, 0xd67f, 0xd69f, 0xad5a, 0x52af, 0x10a7, 0x0045, 0x1087, 0x10a7, 0x1087, 0x1087, 0x1087, 0x1086, 0x1086, 0x0886, 0x1086, 0x1085, 0x0865, 0x1086, 0x0886, 0x08a7, 0x08e8, 0x8d59, 0xaedf, 0x6cb6, 0x00c6, 0x08a5, 0x08a4, 0x0884, 0x0884, 0x08a5, 0x0065, 0x5392, 0xa6be, 0xa6bd, 0x4b0f, 0x0043, 0x0863, 0x0863, 0x0843, 0x0864, 0x0043, 0x0084, 0x0086, 0x7cf8, 0xa69e, 0xa69e, 0x42ce, 0x0022, 0x0062, 
    0x0843, 0x0845, 0x8436, 0xbddd, 0xbdbd, 0x5ab1, 0x0004, 0x1085, 0x0863, 0x1064, 0x0843, 0x1064, 0x1065, 0x0825, 0x7374, 0xbd9e, 0xad1c, 0x292c, 0x0826, 0x0845, 0x1064, 0x1064, 0x1085, 0x1045, 0x20c8, 0xa53b, 0xbdff, 0x6b33, 0x0006, 0x1887, 0x1887, 0x1886, 0x1045, 0x1887, 0x1046, 0x8bb5, 0xd5fe, 0xc57d, 0xc57d, 0x418d, 0x1848, 0x2088, 0x2088, 0x2088, 0x2087, 0x2087, 0x2087, 0x1868, 0x1868, 0x1867, 0x1888, 0x1868, 0x1067, 0x1888, 0x20c9, 0x1888, 0x0826, 0x316b, 0x7bd5, 0xc61d, 0xdebf, 0xce5e, 0xce5e, 0xd69f, 0xdebf, 0xad5a, 0x5ad0, 0x10a7, 0x0846, 0x18a7, 0x10a7, 0x1087, 0x10a7, 0x1087, 0x1087, 0x1087, 0x1086, 0x1086, 0x1086, 0x1086, 0x1085, 0x0865, 0x10a6, 0x1086, 0x0886, 0x00a7, 0x84f8, 0xaedf, 0x7517, 0x00c6, 0x08c5, 0x08a4, 0x0884, 0x0884, 0x0885, 0x0045, 0x4b72, 0xa6de, 0xa6dd, 0x4b4f, 0x0084, 0x0883, 0x0863, 0x0843, 0x0884, 0x0863, 0x0064, 0x0086, 0x7d18, 0xa6be, 0xa6be, 0x42ee, 0x0022, 0x0062, 
    0x0843, 0x0865, 0x8c36, 0xbdde, 0xbddd, 0x5ad1, 0x0004, 0x1085, 0x0863, 0x1064, 0x0844, 0x1064, 0x1065, 0x0826, 0x7374, 0xbd9e, 0xad3c, 0x292b, 0x0826, 0x0845, 0x1085, 0x1064, 0x1085, 0x1065, 0x20e9, 0xad5c, 0xbdff, 0x6333, 0x0006, 0x1887, 0x1887, 0x1886, 0x1066, 0x1887, 0x1047, 0x9c78, 0xde1f, 0xc59d, 0xbd3c, 0x28cb, 0x1868, 0x2088, 0x2087, 0x2087, 0x2087, 0x2087, 0x2087, 0x1887, 0x1887, 0x1867, 0x1867, 0x1888, 0x1888, 0x0827, 0x1068, 0x39ac, 0x62f2, 0xb59b, 0xc61e, 0xce3e, 0xc5fd, 0xd67f, 0xdebf, 0xad5a, 0x6b73, 0x18e8, 0x18c8, 0x18a7, 0x18c8, 0x18c8, 0x10a7, 0x1087, 0x1087, 0x1087, 0x1087, 0x1087, 0x1086, 0x1086, 0x1086, 0x1086, 0x1085, 0x0865, 0x10a6, 0x10a7, 0x0886, 0x0086, 0x7cd7, 0xaedf, 0x7d58, 0x00e6, 0x08c5, 0x08a4, 0x08a4, 0x0884, 0x0885, 0x0025, 0x4b51, 0xa6de, 0xa6dd, 0x4b4f, 0x0084, 0x0883, 0x0863, 0x0843, 0x1084, 0x0863, 0x0064, 0x0086, 0x7d18, 0xa6be, 0xa6de, 0x42ee, 0x0022, 0x0062, 
    0x0843, 0x0865, 0x8c36, 0xbdfe, 0xbdde, 0x5ad1, 0x0004, 0x1085, 0x0863, 0x1064, 0x1044, 0x1065, 0x1065, 0x0846, 0x7394, 0xbdbe, 0xad3c, 0x292b, 0x0826, 0x0845, 0x1085, 0x1064, 0x1085, 0x1065, 0x20e9, 0xad5c, 0xbdff, 0x6333, 0x0006, 0x1087, 0x1066, 0x1886, 0x1066, 0x1887, 0x1867, 0xa498, 0xd61f, 0xcdbd, 0xbd3c, 0x20aa, 0x2068, 0x2068, 0x2087, 0x2087, 0x2087, 0x2067, 0x2087, 0x1887, 0x1887, 0x1888, 0x18a8, 0x1067, 0x0827, 0x20ea, 0x62f1, 0xad1a, 0xd67f, 0xce7f, 0xc61e, 0xce3e, 0xd69f, 0xb59b, 0x6b52, 0x294a, 0x1087, 0x18c8, 0x18c8, 0x18a7, 0x1087, 0x10a7, 0x18e8, 0x18c8, 0x1087, 0x1087, 0x1087, 0x1087, 0x1086, 0x1086, 0x1086, 0x1086, 0x1085, 0x1065, 0x1086, 0x1086, 0x0886, 0x0086, 0x7cd7, 0xa6de, 0x7d58, 0x00e6, 0x08c5, 0x08a4, 0x08a4, 0x08a4, 0x0885, 0x0025, 0x4b31, 0xa6de, 0xa6dd, 0x4b4f, 0x0084, 0x0883, 0x0863, 0x0843, 0x0884, 0x0863, 0x0064, 0x0086, 0x7d18, 0xa6be, 0xa6de, 0x430e, 0x0042, 0x0062, 
    0x0843, 0x0845, 0x8c36, 0xbdfe, 0xbdfe, 0x5af1, 0x0004, 0x1085, 0x0863, 0x1064, 0x1064, 0x1085, 0x1085, 0x0846, 0x7394, 0xbdbe, 0xad3c, 0x292b, 0x0846, 0x1066, 0x1085, 0x1064, 0x1065, 0x1065, 0x20e9, 0xa53c, 0xbdff, 0x6333, 0x0026, 0x1087, 0x1065, 0x1086, 0x1086, 0x1867, 0x1867, 0x9c58, 0xd5fe, 0xcdde, 0xb51c, 0x28aa, 0x2089, 0x2068, 0x2087, 0x2087, 0x2087, 0x2067, 0x2087, 0x1887, 0x1887, 0x20c9, 0x1067, 0x20c9, 0x5a90, 0xa4d9, 0xce3f, 0xd67f, 0xce5f, 0xc63e, 0xd69f, 0xbddd, 0x73b4, 0x296b, 0x0887, 0x10a8, 0x20e9, 0x18a8, 0x10a7, 0x18c8, 0x18e8, 0x18a7, 0x0846, 0x0846, 0x18a7, 0x1087, 0x1087, 0x1087, 0x1086, 0x1086, 0x1086, 0x1086, 0x1085, 0x1085, 0x1086, 0x0866, 0x0887, 0x00a7, 0x7cf7, 0xa6be, 0x7537, 0x00e6, 0x08a4, 0x08a4, 0x08a4, 0x08a5, 0x08a6, 0x0025, 0x4b31, 0xa6de, 0xa6dd, 0x434f, 0x0084, 0x0883, 0x0863, 0x0843, 0x0884, 0x0863, 0x0064, 0x0086, 0x7d18, 0xa6be, 0xa6de, 0x430e, 0x0042, 0x0062, 
    0x0843, 0x0845, 0x8436, 0xbe1e, 0xbdfe, 0x5b12, 0x0004, 0x1085, 0x0843, 0x1064, 0x1064, 0x1084, 0x1085, 0x0846, 0x7394, 0xbdbe, 0xad3c, 0x292b, 0x0847, 0x1065, 0x1085, 0x1064, 0x1064, 0x1065, 0x20e9, 0xa53b, 0xbdff, 0x6b54, 0x0827, 0x1087, 0x0846, 0x1086, 0x18a6, 0x1067, 0x1887, 0x9437, 0xd5de, 0xd5ff, 0xb51b, 0x28eb, 0x20a9, 0x2088, 0x2068, 0x2068, 0x2067, 0x2068, 0x2088, 0x1868, 0x1888, 0x1047, 0x524f, 0xa4d9, 0xce3e, 0xd67f, 0xce3e, 0xc61e, 0xce3e, 0xd67f, 0x7bd4, 0x212a, 0x0867, 0x18c8, 0x18e9, 0x10a8, 0x1087, 0x18a8, 0x18c8, 0x10a7, 0x1046, 0x1066, 0x18c8, 0x18a7, 0x0846, 0x1087, 0x1087, 0x1087, 0x1086, 0x1086, 0x1086, 0x1086, 0x1085, 0x1085, 0x0885, 0x0865, 0x0886, 0x00c7, 0x7cf8, 0xa6be, 0x7517, 0x00c6, 0x08a4, 0x08a4, 0x08a4, 0x08a5, 0x08a6, 0x0025, 0x4b31, 0xa6de, 0xa6dd, 0x432f, 0x0063, 0x0883, 0x0883, 0x0843, 0x0864, 0x0063, 0x0064, 0x0086, 0x7d18, 0xa6de, 0xa6fe, 0x430e, 0x0042, 0x0062, 
    0x0063, 0x0024, 0x7bf4, 0xbdfe, 0xc63f, 0x6b73, 0x0004, 0x0864, 0x0843, 0x1084, 0x0843, 0x1064, 0x0865, 0x0024, 0x6b73, 0xbdfe, 0xb59c, 0x39ad, 0x0826, 0x1086, 0x10a5, 0x0844, 0x0865, 0x18a6, 0x1087, 0x94fa, 0xb5ff, 0x7c17, 0x0827, 0x1047, 0x1067, 0x10a7, 0x10a7, 0x18a7, 0x1067, 0x83b4, 0xd61f, 0xc59d, 0xc59e, 0x290c, 0x1869, 0x310b, 0x1868, 0x1848, 0x28c9, 0x2089, 0x1027, 0x20a9, 0x41cd, 0xacfa, 0xce1e, 0xd67f, 0xce1e, 0xce3e, 0xd69f, 0xbddc, 0x8c56, 0x18a8, 0x18a7, 0x1087, 0x1087, 0x10a7, 0x18a7, 0x10a7, 0x1087, 0x10a7, 0x1887, 0x1887, 0x1887, 0x1887, 0x1887, 0x10a7, 0x10a7, 0x1087, 0x1087, 0x1087, 0x1086, 0x0886, 0x0886, 0x1066, 0x1085, 0x10c6, 0x08a5, 0x0865, 0x10c7, 0x00c7, 0x8d59, 0xa6df, 0x6496, 0x00a6, 0x0884, 0x08a4, 0x1106, 0x0064, 0x08a6, 0x0045, 0x5bf3, 0xa6de, 0xa6fe, 0x430e, 0x0043, 0x0063, 0x08a4, 0x0863, 0x0063, 0x0043, 0x0064, 0x00e7, 0x8d99, 0xa6fe, 0xa6dd, 0x32ac, 0x0042, 0x0042, 
    0x0063, 0x0023, 0x73b3, 0xbe3e, 0xbe3f, 0x6b94, 0x0004, 0x0864, 0x0863, 0x1084, 0x0843, 0x1064, 0x0865, 0x0025, 0x6331, 0xbdfd, 0xbdbd, 0x4a0e, 0x0805, 0x1066, 0x10a6, 0x0844, 0x0885, 0x1886, 0x0866, 0x8c99, 0xbe1f, 0x8438, 0x0868, 0x1067, 0x1067, 0x1066, 0x10a7, 0x10a7, 0x1066, 0x6b12, 0xd63f, 0xcdde, 0xd61f, 0x4a10, 0x1869, 0x1848, 0x28ea, 0x28ea, 0x1027, 0x1848, 0x4a0e, 0x9c58, 0xc5dd, 0xce1e, 0xc5fd, 0xce1e, 0xd67f, 0xce5e, 0x9cb8, 0x4a4e, 0x1087, 0x18a7, 0x1887, 0x1087, 0x1087, 0x18a7, 0x10a7, 0x10a7, 0x1087, 0x1887, 0x1887, 0x1887, 0x1887, 0x1887, 0x1887, 0x10a7, 0x10a7, 0x10a7, 0x10a7, 0x10a7, 0x10a7, 0x1087, 0x1086, 0x1066, 0x1065, 0x0885, 0x08a5, 0x0865, 0x08a6, 0x0908, 0x8dba, 0xaeff, 0x5c75, 0x0085, 0x1085, 0x08a4, 0x08c5, 0x0085, 0x00a6, 0x0045, 0x6434, 0xa6de, 0xaefd, 0x3acd, 0x0063, 0x0083, 0x08a3, 0x0883, 0x0063, 0x0044, 0x0064, 0x0107, 0x8dda, 0x9efd, 0xa6fd, 0x2a6b, 0x0042, 0x0042, 
    0x0063, 0x0003, 0x6351, 0xc65f, 0xbe3f, 0x7c16, 0x0005, 0x0864, 0x1064, 0x1084, 0x0843, 0x0844, 0x10a6, 0x0045, 0x52af, 0xbdfd, 0xbddd, 0x5290, 0x0005, 0x1066, 0x1085, 0x0044, 0x1085, 0x1086, 0x0846, 0x73f6, 0xbe5f, 0x94b9, 0x18a9, 0x1047, 0x1067, 0x0846, 0x1087, 0x1087, 0x1066, 0x524e, 0xce1e, 0xcdde, 0xd63f, 0x7355, 0x0808, 0x28ea, 0x1027, 0x1848, 0x522f, 0x9c78, 0xc5dd, 0xd63f, 0xd63f, 0xc5fd, 0xdebf, 0xd69f, 0x9cd8, 0x4a4e, 0x18a8, 0x0866, 0x10a7, 0x18a7, 0x18a7, 0x1887, 0x1887, 0x18a7, 0x10a7, 0x1887, 0x1087, 0x1887, 0x1887, 0x1887, 0x1887, 0x1887, 0x1887, 0x1887, 0x1887, 0x1066, 0x1066, 0x1087, 0x1087, 0x1087, 0x1086, 0x1066, 0x1065, 0x0044, 0x10a5, 0x0885, 0x0065, 0x118a, 0x9e3c, 0xaeff, 0x53f3, 0x0085, 0x10a5, 0x08a4, 0x0064, 0x0885, 0x00a6, 0x0065, 0x74b6, 0xa6fe, 0xa6dd, 0x326b, 0x0063, 0x08a4, 0x0883, 0x0863, 0x0063, 0x0864, 0x0064, 0x0948, 0x961b, 0x9efd, 0xa6fd, 0x2209, 0x0042, 0x0042, 
    0x0863, 0x0003, 0x4aaf, 0xc67f, 0xbe3f, 0x8c98, 0x0046, 0x0844, 0x1064, 0x1064, 0x0843, 0x0844, 0x18a6, 0x0865, 0x422d, 0xb5dc, 0xc61e, 0x6b53, 0x0005, 0x1065, 0x1085, 0x0024, 0x1085, 0x1065, 0x0845, 0x5b33, 0xbe5f, 0xa53b, 0x212b, 0x0826, 0x1087, 0x1046, 0x1066, 0x1086, 0x1087, 0x318b, 0xbd9c, 0xc5bd, 0xcdff, 0x9459, 0x1849, 0x2089, 0x418d, 0x83b5, 0xc5dd, 0xde5f, 0xc5dd, 0xc5dd, 0xde9f, 0xce3e, 0x9cb8, 0x526f, 0x20e9, 0x1087, 0x18c8, 0x18c8, 0x1087, 0x18a7, 0x18a7, 0x18a7, 0x1887, 0x1887, 0x1887, 0x1887, 0x1087, 0x1887, 0x1887, 0x1887, 0x1887, 0x1887, 0x1887, 0x1887, 0x1887, 0x1066, 0x1086, 0x1087, 0x10a7, 0x10a7, 0x1086, 0x1066, 0x1065, 0x0844, 0x10a6, 0x0885, 0x0044, 0x2a4c, 0xa69d, 0xa6df, 0x4371, 0x0085, 0x10a5, 0x08a4, 0x0043, 0x0885, 0x00a6, 0x00c7, 0x8558, 0xa6fe, 0x9e9c, 0x21c9, 0x0063, 0x08c4, 0x0083, 0x0062, 0x0863, 0x0864, 0x0064, 0x11aa, 0x9e9c, 0x9efd, 0x9ebc, 0x1187, 0x0042, 0x0042, 
    0x0843, 0x0003, 0x39ec, 0xbe5e, 0xbe3f, 0x9d3a, 0x10e8, 0x0824, 0x1064, 0x1064, 0x0843, 0x0844, 0x18a6, 0x0866, 0x298a, 0xad7b, 0xc63e, 0x8c56, 0x1067, 0x0845, 0x1085, 0x0844, 0x1085, 0x1065, 0x0845, 0x3a2f, 0xb61e, 0xaddd, 0x39ed, 0x0006, 0x1887, 0x1887, 0x1066, 0x1086, 0x0846, 0x18c8, 0xa4fa, 0xcdfe, 0xcdff, 0xb53c, 0x5250, 0x7b54, 0xacfa, 0xd63f, 0xd61f, 0xcdfe, 0xce1e, 0xc5dd, 0xad3b, 0x62f1, 0x314b, 0x1047, 0x18a8, 0x20e9, 0x1067, 0x1067, 0x20e9, 0x10a7, 0x10a7, 0x18a7, 0x1887, 0x1887, 0x1887, 0x1887, 0x1887, 0x1887, 0x1887, 0x10a7, 0x10a7, 0x1887, 0x1887, 0x1887, 0x1887, 0x18c7, 0x18c7, 0x18c7, 0x18a7, 0x10a7, 0x1086, 0x1066, 0x1065, 0x0865, 0x10a6, 0x0885, 0x0064, 0x4370, 0xaefe, 0x9e5d, 0x2aae, 0x0085, 0x08a5, 0x08a5, 0x0023, 0x08a5, 0x0085, 0x1169, 0x95fa, 0xa6fe, 0x8dfa, 0x1147, 0x0064, 0x08a4, 0x0063, 0x0062, 0x0863, 0x0864, 0x0044, 0x2a8d, 0xa6dd, 0x9efd, 0x8e3a, 0x0906, 0x0042, 0x0042, 
    0x0842, 0x0003, 0x2149, 0xb5fd, 0xb65e, 0xaddc, 0x298b, 0x0824, 0x1064, 0x1064, 0x0864, 0x1064, 0x1085, 0x1086, 0x18e8, 0x9cf9, 0xce7f, 0xa53a, 0x2109, 0x0845, 0x1085, 0x1065, 0x1085, 0x1065, 0x0866, 0x214b, 0xa55b, 0xbe3e, 0x5b32, 0x0046, 0x1087, 0x18a7, 0x1046, 0x1086, 0x0025, 0x0846, 0x83f6, 0xde5f, 0xd61f, 0xcdff, 0xacfb, 0xde7f, 0xd63f, 0xce1e, 0xce1e, 0xd63f, 0xbd7c, 0x7353, 0x312b, 0x1888, 0x1047, 0x1067, 0x20e9, 0x20e9, 0x1067, 0x1067, 0x18a8, 0x10a7, 0x18a7, 0x18a7, 0x18a7, 0x1887, 0x1867, 0x1887, 0x1887, 0x1887, 0x1887, 0x1887, 0x10a7, 0x1887, 0x1887, 0x1887, 0x1887, 0x1087, 0x1087, 0x1087, 0x1086, 0x1086, 0x1086, 0x1086, 0x1086, 0x1065, 0x10a6, 0x0885, 0x08e6, 0x6cb5, 0xaf1f, 0x859a, 0x11ca, 0x0085, 0x08a5, 0x08a5, 0x0043, 0x0885, 0x0065, 0x224c, 0x9e7c, 0xa6fe, 0x7537, 0x00c5, 0x0864, 0x0884, 0x0063, 0x0062, 0x0863, 0x0864, 0x0044, 0x4391, 0xa71e, 0xa71e, 0x7577, 0x00a4, 0x0063, 0x0042, 
    0x0842, 0x0023, 0x10c7, 0xa5bb, 0xb65e, 0xb63e, 0x3a2d, 0x0024, 0x1044, 0x1064, 0x0864, 0x1064, 0x1065, 0x1086, 0x0886, 0x8477, 0xce9f, 0xbe1e, 0x31ac, 0x0845, 0x1065, 0x10a6, 0x1065, 0x1065, 0x1086, 0x10a8, 0x8457, 0xbe5f, 0x8497, 0x10a8, 0x0866, 0x1887, 0x1046, 0x1086, 0x0866, 0x0846, 0x4a2e, 0xcdfe, 0xd61f, 0xcdff, 0xd63f, 0xbdbd, 0xce1e, 0xd65f, 0xc5dd, 0x83b5, 0x316c, 0x1047, 0x1888, 0x18a8, 0x20c9, 0x18a8, 0x1047, 0x1067, 0x20c8, 0x20e9, 0x1087, 0x10a7, 0x18a7, 0x18a7, 0x18a7, 0x1887, 0x1867, 0x1887, 0x1887, 0x1887, 0x1887, 0x1887, 0x1887, 0x1887, 0x1887, 0x1887, 0x10a7, 0x10c7, 0x08c7, 0x10a7, 0x1086, 0x1066, 0x1086, 0x1086, 0x1086, 0x1086, 0x0865, 0x08a6, 0x19a9, 0x8e1a, 0xaf3f, 0x6cb6, 0x00c6, 0x00c5, 0x0884, 0x10a5, 0x0884, 0x0865, 0x0044, 0x3b0f, 0xa6bd, 0xa6fe, 0x6494, 0x0064, 0x0864, 0x0863, 0x0863, 0x0062, 0x0883, 0x0884, 0x0044, 0x5c94, 0xa75f, 0xa75f, 0x64b4, 0x0043, 0x0863, 0x0042, 
    0x0842, 0x0023, 0x0885, 0x9d7a, 0xb65e, 0xbe7f, 0x428f, 0x0024, 0x0844, 0x0864, 0x1064, 0x1084, 0x0844, 0x10a6, 0x0045, 0x7c15, 0xce9f, 0xce9f, 0x3a0d, 0x0045, 0x1065, 0x18c6, 0x1065, 0x1065, 0x1086, 0x0826, 0x73b4, 0xbe7f, 0xa57b, 0x1929, 0x0846, 0x1087, 0x1046, 0x1066, 0x18c8, 0x1067, 0x18a8, 0xb51a, 0xcdfe, 0xbd9d, 0xce1f, 0xd63f, 0xc5fe, 0x8c37, 0x398c, 0x0827, 0x1068, 0x20e9, 0x18a9, 0x20e9, 0x1888, 0x1067, 0x18a8, 0x20c8, 0x1887, 0x1087, 0x18a8, 0x1087, 0x18a7, 0x18a8, 0x18a7, 0x1887, 0x1067, 0x1887, 0x1887, 0x1887, 0x1887, 0x1887, 0x1887, 0x10a7, 0x10a7, 0x10a7, 0x10a7, 0x29ab, 0x218a, 0x1929, 0x18e8, 0x10a6, 0x1086, 0x1086, 0x1086, 0x1086, 0x0845, 0x08c6, 0x224b, 0xa6dd, 0xaf3f, 0x6413, 0x0024, 0x08c5, 0x0084, 0x10a5, 0x10a5, 0x0865, 0x0024, 0x43b1, 0xa6fe, 0xa6fe, 0x5c13, 0x0023, 0x0864, 0x0042, 0x0863, 0x0062, 0x0883, 0x0884, 0x0044, 0x6d16, 0xa75f, 0xaf5f, 0x5432, 0x0022, 0x0863, 0x0842, 
    0x0022, 0x0863, 0x0065, 0x7435, 0xbe5e, 0xc6df, 0x6bb3, 0x0003, 0x1085, 0x1085, 0x0844, 0x1064, 0x1085, 0x1085, 0x0045, 0x3a2e, 0xd6df, 0xc67f, 0x7c36, 0x0025, 0x18c7, 0x0824, 0x18a6, 0x0824, 0x18a6, 0x0005, 0x39cd, 0xaddc, 0xbe7e, 0x4af0, 0x0025, 0x1087, 0x1046, 0x0825, 0x18a7, 0x1067, 0x0805, 0x6ad1, 0xcdfe, 0xcdfe, 0xc5de, 0xce3f, 0x5ab1, 0x1088, 0x18c9, 0x20c9, 0x18a9, 0x18a9, 0x1888, 0x18a8, 0x18a8, 0x18a8, 0x1888, 0x18c8, 0x20e9, 0x20c8, 0x1887, 0x1887, 0x1887, 0x1887, 0x18a8, 0x18a8, 0x18a8, 0x1887, 0x1867, 0x2909, 0x0826, 0x0826, 0x18c8, 0x18c8, 0x10a7, 0x1909, 0x31cb, 0xae3c, 0xcf1f, 0x9d59, 0x2169, 0x10a7, 0x1086, 0x10a6, 0x10a6, 0x0845, 0x0886, 0x00a5, 0x5c12, 0xb73f, 0xa6dd, 0x324d, 0x0044, 0x1106, 0x0043, 0x10c5, 0x08a4, 0x0865, 0x0085, 0x7d99, 0x9efe, 0xaedd, 0x11a9, 0x0085, 0x10a4, 0x0022, 0x0883, 0x0042, 0x08a4, 0x0043, 0x0106, 0x8e3a, 0xa75e, 0xa6fd, 0x3b2e, 0x0002, 0x0863, 0x0022, 
    0x0022, 0x0864, 0x0023, 0x6372, 0xb65e, 0xbe9f, 0x84b7, 0x0025, 0x1086, 0x0865, 0x0864, 0x0884, 0x0864, 0x10a6, 0x0045, 0x29ab, 0xbe1d, 0xc69f, 0x9d19, 0x10a7, 0x0865, 0x0865, 0x1085, 0x0844, 0x1886, 0x1887, 0x18c9, 0x8cd8, 0xbe5e, 0x8cf7, 0x10c7, 0x1086, 0x18a7, 0x0846, 0x1066, 0x1867, 0x1046, 0x394b, 0xa478, 0xe6bf, 0xc5fe, 0xdedf, 0x8c37, 0x294b, 0x1068, 0x20ea, 0x18a9, 0x1067, 0x20c9, 0x1888, 0x18a8, 0x18a8, 0x1067, 0x1067, 0x1887, 0x18a8, 0x1887, 0x1887, 0x18a8, 0x18a8, 0x18a8, 0x18a8, 0x1887, 0x1887, 0x1887, 0x1067, 0x18c8, 0x18a8, 0x0846, 0x18e9, 0x0866, 0x08a7, 0x8496, 0xbedf, 0xb69d, 0xd71f, 0x52cf, 0x0024, 0x1086, 0x0885, 0x0044, 0x10a6, 0x08a6, 0x0127, 0x8dd9, 0xaefe, 0x8578, 0x08e7, 0x0085, 0x0085, 0x0023, 0x08a4, 0x08a5, 0x0064, 0x1989, 0x8e3b, 0xa73f, 0x95fa, 0x1148, 0x0064, 0x10a4, 0x0022, 0x0883, 0x0042, 0x08a4, 0x0043, 0x11a9, 0x969c, 0x9f3e, 0x9ebd, 0x222a, 0x0002, 0x0843, 0x0022, 
    0x0022, 0x0863, 0x0002, 0x3a6d, 0xb63d, 0xb65e, 0xadfc, 0x1928, 0x0845, 0x0865, 0x0864, 0x1084, 0x0044, 0x10a6, 0x0865, 0x1908, 0x8cd8, 0xc6bf, 0xb61d, 0x31ec, 0x0004, 0x1086, 0x1065, 0x1064, 0x1086, 0x18a7, 0x0826, 0x5b11, 0xbe5d, 0xbe7d, 0x320c, 0x0025, 0x10a7, 0x1066, 0x1046, 0x1846, 0x2087, 0x1006, 0x522e, 0xce1d, 0xd67f, 0xce7f, 0xd69f, 0x7bd5, 0x1088, 0x1088, 0x292b, 0x18c9, 0x18a9, 0x18a8, 0x18a8, 0x18a8, 0x1888, 0x1087, 0x1887, 0x18a8, 0x18a8, 0x1887, 0x1887, 0x18a8, 0x1887, 0x1087, 0x1887, 0x18c8, 0x20e9, 0x1067, 0x0826, 0x1087, 0x18e8, 0x0866, 0x08a7, 0x5b72, 0xcf1f, 0xb69e, 0xb6be, 0xc69e, 0x3a2c, 0x0004, 0x18c6, 0x10a6, 0x0865, 0x10a6, 0x0065, 0x2a6c, 0xb71e, 0xaefd, 0x4b70, 0x0003, 0x0885, 0x0043, 0x0043, 0x0884, 0x08a5, 0x0064, 0x430e, 0x9edd, 0xaf5f, 0x6c75, 0x08c7, 0x0044, 0x10a4, 0x0042, 0x0863, 0x0862, 0x08a4, 0x0043, 0x32ed, 0x9f1e, 0xa75f, 0x961b, 0x00e6, 0x0043, 0x0022, 0x0022, 
    0x0022, 0x0843, 0x0003, 0x1929, 0xa59b, 0xbe7e, 0xbe9e, 0x42ae, 0x0024, 0x1085, 0x0844, 0x1085, 0x0043, 0x10a5, 0x0865, 0x0886, 0x5b32, 0xc69f, 0xc69f, 0x6bd4, 0x0025, 0x1086, 0x1085, 0x0844, 0x1045, 0x1046, 0x0846, 0x1929, 0xa5bb, 0xbe7d, 0x7c75, 0x0886, 0x0845, 0x1066, 0x1066, 0x1025, 0x20a8, 0x1846, 0x1847, 0x6b32, 0xce3e, 0xce3f, 0xce7f, 0xc63f, 0x7bd5, 0x18c9, 0x0847, 0x210a, 0x18a8, 0x1067, 0x1088, 0x1888, 0x18a8, 0x18c8, 0x18c8, 0x18a8, 0x1067, 0x1887, 0x1888, 0x18a8, 0x18a8, 0x18a8, 0x1887, 0x1087, 0x1067, 0x1046, 0x18c8, 0x18e8, 0x0066, 0x0087, 0x6392, 0xc6bf, 0xbebf, 0xbedf, 0xb67d, 0x6392, 0x0886, 0x1086, 0x10a6, 0x18c7, 0x10a6, 0x0045, 0x08c6, 0x74f6, 0xb71f, 0xa67b, 0x1989, 0x0044, 0x0864, 0x0864, 0x0884, 0x0884, 0x00a4, 0x0084, 0x6c94, 0xa71e, 0xa71e, 0x42ef, 0x0065, 0x0044, 0x10a4, 0x0043, 0x0863, 0x0863, 0x00a3, 0x0083, 0x5c53, 0xa73e, 0xaf9f, 0x74f6, 0x0043, 0x0064, 0x0002, 0x0022, 
    0x0021, 0x0022, 0x0043, 0x0065, 0x8497, 0xc6bf, 0xbe7e, 0x7c55, 0x0045, 0x1086, 0x0023, 0x10a5, 0x0884, 0x0864, 0x0885, 0x0866, 0x29ac, 0xbe3e, 0xc69f, 0xa57a, 0x1908, 0x0044, 0x10a5, 0x0844, 0x1065, 0x0825, 0x1087, 0x0025, 0x6bd3, 0xbe5d, 0xceff, 0x426d, 0x0024, 0x1086, 0x1045, 0x1046, 0x1887, 0x20a8, 0x0805, 0x20a8, 0x8c36, 0xdebf, 0xb59c, 0xc65f, 0xd69f, 0x7bd5, 0x18ea, 0x0847, 0x1088, 0x210a, 0x20e9, 0x18c8, 0x18a8, 0x1887, 0x1087, 0x1067, 0x1887, 0x1888, 0x1887, 0x1067, 0x1888, 0x1888, 0x18a8, 0x1888, 0x1067, 0x18c9, 0x20e9, 0x0867, 0x1109, 0x7c55, 0xc6bf, 0xbe9e, 0xb69e, 0xcf1f, 0x7435, 0x1928, 0x0065, 0x18c7, 0x0845, 0x1085, 0x10a6, 0x0024, 0x42ae, 0xc75f, 0xb6fe, 0x7474, 0x0064, 0x08a5, 0x0864, 0x10a5, 0x0864, 0x0884, 0x0084, 0x0967, 0x8e19, 0xa71e, 0x965b, 0x19aa, 0x0025, 0x0044, 0x0884, 0x0043, 0x0863, 0x0863, 0x0083, 0x0105, 0x85b8, 0x9efd, 0xb79f, 0x4b70, 0x0023, 0x0063, 0x0022, 0x0021, 
    0x0021, 0x0022, 0x0864, 0x0004, 0x5311, 0xbe7e, 0xb65e, 0xa59a, 0x1928, 0x1065, 0x0823, 0x0884, 0x0884, 0x0064, 0x0885, 0x0866, 0x10a8, 0x8cd9, 0xbe7f, 0xbe7e, 0x4acf, 0x0024, 0x1065, 0x1064, 0x1885, 0x1066, 0x1087, 0x0025, 0x298a, 0xadba, 0xd71f, 0x7c14, 0x0045, 0x10a6, 0x0805, 0x1887, 0x1846, 0x1867, 0x1887, 0x1026, 0x316b, 0x9cd9, 0xce7f, 0xce9f, 0xc63e, 0xce5f, 0x9498, 0x39cd, 0x18a9, 0x1088, 0x1088, 0x18a8, 0x18a8, 0x18a8, 0x1887, 0x1888, 0x20a8, 0x1887, 0x1887, 0x1888, 0x1888, 0x18a8, 0x18a8, 0x1888, 0x1087, 0x1067, 0x0026, 0x29ac, 0x8cf8, 0xc6ff, 0xc6df, 0xbebf, 0xc71f, 0x84b7, 0x1949, 0x08a7, 0x10a6, 0x1085, 0x1086, 0x0024, 0x10a6, 0x0065, 0x7454, 0xcfbf, 0x9e3b, 0x29ea, 0x0003, 0x0864, 0x0884, 0x1084, 0x0864, 0x0863, 0x00a4, 0x3b2e, 0xa6fd, 0xa71e, 0x64d6, 0x00c7, 0x0045, 0x0844, 0x0864, 0x0043, 0x0063, 0x0883, 0x0063, 0x222a, 0x9ebc, 0x96dd, 0x9efd, 0x19eb, 0x0044, 0x0043, 0x0022, 0x0021, 
    0x0041, 0x0022, 0x0864, 0x0024, 0x298a, 0xaddc, 0xb65e, 0xb65d, 0x428e, 0x0845, 0x0844, 0x0884, 0x0064, 0x0064, 0x08a6, 0x0886, 0x0046, 0x4ab0, 0xbe5e, 0xc6bf, 0x94f8, 0x18e7, 0x0844, 0x1885, 0x1064, 0x1066, 0x0866, 0x0866, 0x0066, 0x5b30, 0x7c34, 0x52ef, 0x0065, 0x1086, 0x0825, 0x1046, 0x1846, 0x1046, 0x1887, 0x1866, 0x0826, 0x318c, 0x94d9, 0xce7f, 0xbdfe, 0xc63e, 0xd69f, 0xad3b, 0x6b53, 0x210a, 0x10a8, 0x1067, 0x1888, 0x20c8, 0x20c8, 0x18a8, 0x1887, 0x1067, 0x18a8, 0x20c9, 0x20c9, 0x20a8, 0x1888, 0x1888, 0x18c8, 0x18e9, 0x52d0, 0xa59b, 0xd73f, 0xae3d, 0xae5d, 0xc71f, 0x7cb7, 0x218a, 0x0045, 0x10a7, 0x1086, 0x0845, 0x18c6, 0x0845, 0x10a6, 0x0065, 0x4b10, 0x74b5, 0x4b91, 0x00a5, 0x0003, 0x0864, 0x0884, 0x0843, 0x1084, 0x0023, 0x1147, 0x7536, 0xa73d, 0x96bc, 0x2aee, 0x0065, 0x0866, 0x1065, 0x0864, 0x0043, 0x0062, 0x0883, 0x0042, 0x4bb0, 0xaf3e, 0x96fd, 0x75b8, 0x00e7, 0x0064, 0x0043, 0x0042, 0x0021, 
    0x0041, 0x0842, 0x0043, 0x0865, 0x0886, 0x9d59, 0xbe7e, 0xbe9e, 0x63b2, 0x0024, 0x1085, 0x0864, 0x0043, 0x0884, 0x10a6, 0x0886, 0x0025, 0x10e8, 0xbe3d, 0xc6bf, 0xc69e, 0x29ca, 0x0024, 0x18a6, 0x0004, 0x0004, 0x0865, 0x0866, 0x0886, 0x0045, 0x10c6, 0x08a6, 0x0045, 0x0845, 0x1886, 0x0804, 0x1866, 0x1866, 0x0804, 0x1866, 0x1887, 0x0026, 0x190a, 0x7bf5, 0xd69f, 0xd6bf, 0xc61e, 0xce7f, 0xdeff, 0xa51a, 0x6332, 0x210a, 0x0026, 0x0826, 0x1087, 0x10a8, 0x1087, 0x1087, 0x1087, 0x1067, 0x0826, 0x0806, 0x18a8, 0x39ac, 0x528f, 0xa53a, 0xc69f, 0xcedf, 0xb65d, 0xc6ff, 0xc71f, 0x7475, 0x00e7, 0x0886, 0x18e8, 0x1086, 0x10c6, 0x1085, 0x0844, 0x18a6, 0x1086, 0x0024, 0x0065, 0x0927, 0x00a5, 0x08a6, 0x0044, 0x10c5, 0x0043, 0x0023, 0x10c6, 0x0043, 0x21e9, 0x9ebb, 0x9f1d, 0x965b, 0x0148, 0x0044, 0x0886, 0x1085, 0x0864, 0x0043, 0x0063, 0x0883, 0x0042, 0x6cf4, 0xaf9f, 0x9f1d, 0x5cb4, 0x0064, 0x0044, 0x0864, 0x0042, 0x0021, 
    0x0001, 0x0021, 0x0822, 0x0844, 0x0003, 0x6bd3, 0xbe9e, 0xb67d, 0xa5da, 0x10a5, 0x18c5, 0x0002, 0x1085, 0x0844, 0x0844, 0x10a6, 0x0865, 0x0024, 0x7454, 0xbebd, 0xbebe, 0x7c95, 0x0024, 0x0045, 0x1065, 0x0844, 0x0844, 0x0844, 0x0844, 0x0844, 0x0844, 0x0844, 0x0844, 0x0845, 0x1045, 0x1045, 0x1045, 0x1046, 0x1066, 0x1066, 0x1066, 0x18c8, 0x0846, 0x18e8, 0x6b52, 0xb5bc, 0xd6bf, 0xce7f, 0xbe1d, 0xd6df, 0xc67f, 0xad9b, 0x7c56, 0x5311, 0x320d, 0x218b, 0x194a, 0x1109, 0x194a, 0x29ac, 0x426e, 0x6373, 0x8cd8, 0xadfc, 0xc69f, 0xc6bf, 0xbe5d, 0xc69e, 0xd73f, 0xa5db, 0x4b10, 0x0908, 0x0086, 0x08a6, 0x1086, 0x1086, 0x1086, 0x1085, 0x1085, 0x1085, 0x1085, 0x0865, 0x0885, 0x0085, 0x0884, 0x0864, 0x0864, 0x0864, 0x0864, 0x1065, 0x0024, 0x0023, 0x6494, 0xaf7e, 0x9f1c, 0x53f1, 0x0043, 0x08a5, 0x0043, 0x0023, 0x0864, 0x0043, 0x0042, 0x0042, 0x19e8, 0x9f3c, 0x971c, 0xa6fd, 0x32cd, 0x0044, 0x0044, 0x0002, 0x0022, 0x0021, 
    0x0001, 0x0001, 0x0022, 0x0043, 0x0002, 0x3a4c, 0xb63c, 0xbebe, 0xb65d, 0x3a2b, 0x0864, 0x1064, 0x0844, 0x1064, 0x0844, 0x0844, 0x0885, 0x0044, 0x29ea, 0xb67c, 0xbefe, 0xae7c, 0x324c, 0x0004, 0x0845, 0x0844, 0x0844, 0x0844, 0x0844, 0x0844, 0x0844, 0x0844, 0x0844, 0x1045, 0x1045, 0x1045, 0x1045, 0x1045, 0x1065, 0x1065, 0x1066, 0x0825, 0x18a7, 0x1067, 0x0825, 0x318b, 0x8c76, 0xce5e, 0xd6df, 0xc67f, 0xc69f, 0xc6bf, 0xcedf, 0xcedf, 0xc69f, 0xb65e, 0xadfd, 0xadfc, 0xb63d, 0xbe7f, 0xc6bf, 0xc6df, 0xc69f, 0xbe7e, 0xb63d, 0xc6bf, 0xceff, 0xbe5d, 0x8476, 0x3a2d, 0x08c7, 0x0086, 0x08c7, 0x1086, 0x1086, 0x1086, 0x1086, 0x1085, 0x1065, 0x1085, 0x0865, 0x0865, 0x0865, 0x0864, 0x0864, 0x0864, 0x0864, 0x0864, 0x0864, 0x0845, 0x0004, 0x2a6c, 0xa6dd, 0x9f5d, 0x969b, 0x19c8, 0x0063, 0x0884, 0x0063, 0x0043, 0x0043, 0x0864, 0x0063, 0x0042, 0x4bf0, 0x971c, 0x975d, 0x85d8, 0x1188, 0x0023, 0x0843, 0x0002, 0x0022, 0x0021, 
    0x0001, 0x0001, 0x0822, 0x0843, 0x0023, 0x08a6, 0x8d18, 0xc6df, 0xbebe, 0x7c54, 0x0043, 0x1085, 0x0844, 0x1064, 0x0864, 0x0824, 0x0865, 0x0885, 0x0064, 0x84f6, 0xbede, 0xb6dd, 0x6c33, 0x0865, 0x0845, 0x0844, 0x0843, 0x0843, 0x0843, 0x0824, 0x0824, 0x0824, 0x0824, 0x0844, 0x0844, 0x1045, 0x1045, 0x1045, 0x1045, 0x1065, 0x1046, 0x1066, 0x0825, 0x1046, 0x18a8, 0x1066, 0x1066, 0x424e, 0x8c97, 0xc65e, 0xc67f, 0xce9f, 0xc69f, 0xc67f, 0xc67f, 0xc69f, 0xc6bf, 0xbe7e, 0xbe7e, 0xbe7e, 0xbe7e, 0xbe7e, 0xc69f, 0xc6bf, 0xcedf, 0xaddc, 0x7c55, 0x3a0c, 0x0887, 0x0066, 0x10c7, 0x10c7, 0x0866, 0x1086, 0x1086, 0x1086, 0x1085, 0x1065, 0x1065, 0x0865, 0x0865, 0x0865, 0x0864, 0x0864, 0x0864, 0x0864, 0x0864, 0x0864, 0x0864, 0x0024, 0x00a6, 0x6cd5, 0xaf7e, 0x9f1c, 0x5cd4, 0x0083, 0x08c5, 0x0064, 0x0864, 0x0063, 0x0022, 0x1084, 0x0043, 0x0105, 0x8618, 0x8efc, 0x9f7d, 0x5431, 0x0084, 0x0003, 0x0843, 0x0843, 0x0022, 0x0001, 
    0x0001, 0x0001, 0x0843, 0x0864, 0x0884, 0x0003, 0x5330, 0xbebe, 0xbebe, 0xae3b, 0x1967, 0x0003, 0x0864, 0x0024, 0x0844, 0x0844, 0x0844, 0x1085, 0x0865, 0x29ea, 0xb67b, 0xb6dd, 0xb67c, 0x424c, 0x0824, 0x0844, 0x0843, 0x0843, 0x0843, 0x0824, 0x0824, 0x0824, 0x0824, 0x0824, 0x0824, 0x0845, 0x0845, 0x1045, 0x1045, 0x1045, 0x1045, 0x0805, 0x1887, 0x18a8, 0x1067, 0x1046, 0x1087, 0x1087, 0x0887, 0x422e, 0x6352, 0x94b8, 0xb5dc, 0xc67f, 0xce9f, 0xc69f, 0xc69f, 0xc67f, 0xcebf, 0xd6ff, 0xceff, 0xbe5e, 0xa57a, 0x8496, 0x73f4, 0x298b, 0x1908, 0x0887, 0x10a7, 0x10c7, 0x10a7, 0x0886, 0x1086, 0x1086, 0x1086, 0x1085, 0x1065, 0x1065, 0x0865, 0x0865, 0x0865, 0x0864, 0x0864, 0x0864, 0x0864, 0x0864, 0x0864, 0x0864, 0x0864, 0x0064, 0x3acd, 0x9e9b, 0xa6fc, 0xa71c, 0x1a8a, 0x00a4, 0x0063, 0x0064, 0x0043, 0x0864, 0x0003, 0x0844, 0x0002, 0x2aec, 0xa73d, 0x973c, 0x96db, 0x226a, 0x0043, 0x0023, 0x0843, 0x0022, 0x0001, 0x0001, 
    0x0001, 0x0001, 0x0842, 0x0043, 0x0864, 0x0003, 0x1948, 0xae1b, 0xbebe, 0xc6de, 0x63b1, 0x0003, 0x0865, 0x0024, 0x0844, 0x0844, 0x0844, 0x0844, 0x0885, 0x0002, 0x7c94, 0xbedc, 0xd77f, 0x5b2f, 0x0002, 0x0823, 0x0823, 0x0823, 0x0823, 0x0823, 0x0823, 0x0824, 0x0824, 0x0824, 0x0824, 0x0824, 0x0824, 0x0845, 0x1045, 0x1045, 0x1045, 0x0805, 0x1046, 0x1046, 0x1046, 0x1046, 0x1087, 0x18a7, 0x1087, 0x0846, 0x0867, 0x10a8, 0x212a, 0x3a0d, 0x52d0, 0x6b73, 0x73d4, 0x7c15, 0x73d4, 0x6352, 0x52d0, 0x3a0d, 0x296a, 0x18e9, 0x10c7, 0x0866, 0x10a7, 0x10c7, 0x10c7, 0x10a7, 0x1086, 0x1086, 0x1086, 0x1086, 0x1085, 0x1065, 0x1065, 0x0865, 0x0865, 0x0865, 0x0864, 0x0864, 0x0864, 0x0864, 0x0864, 0x0864, 0x0864, 0x0864, 0x0864, 0x0023, 0x5bb0, 0xc7bf, 0xaf1c, 0x7535, 0x0063, 0x08e5, 0x0022, 0x0884, 0x0023, 0x1064, 0x0824, 0x0003, 0x0043, 0x6d36, 0x973c, 0xa77d, 0x7576, 0x0105, 0x00a4, 0x0023, 0x0022, 0x0002, 0x0002, 0x0001, 
    0x0021, 0x0001, 0x0022, 0x0002, 0x0023, 0x0044, 0x0024, 0x7c74, 0xb69d, 0xbedd, 0xa61a, 0x08e7, 0x0044, 0x0865, 0x0844, 0x0023, 0x0864, 0x0823, 0x0843, 0x0043, 0x21a8, 0x7452, 0x6c11, 0x2147, 0x0022, 0x0823, 0x0823, 0x0823, 0x0823, 0x0823, 0x0823, 0x0823, 0x0823, 0x0824, 0x0824, 0x0824, 0x0824, 0x0825, 0x0845, 0x0845, 0x1045, 0x1886, 0x1025, 0x0805, 0x1046, 0x1887, 0x1887, 0x1887, 0x18a7, 0x1067, 0x1087, 0x18c8, 0x10c8, 0x10a8, 0x0887, 0x0846, 0x0046, 0x0846, 0x0846, 0x0846, 0x0866, 0x1067, 0x1087, 0x10a7, 0x10a7, 0x18c8, 0x18c7, 0x10a7, 0x1086, 0x10a7, 0x10a6, 0x1086, 0x0845, 0x1085, 0x1065, 0x1065, 0x0865, 0x0865, 0x0864, 0x0864, 0x0864, 0x0864, 0x0864, 0x0864, 0x0864, 0x0864, 0x0864, 0x0843, 0x0863, 0x0002, 0x1988, 0x74f4, 0x7514, 0x1186, 0x0021, 0x08a4, 0x0063, 0x0864, 0x0002, 0x1064, 0x0844, 0x0003, 0x21ea, 0x96dc, 0x8efb, 0x9f3c, 0x3b8e, 0x0042, 0x08a4, 0x0002, 0x0002, 0x0001, 0x0822, 0x0001, 
    0x0021, 0x0001, 0x0001, 0x0022, 0x0002, 0x0043, 0x0023, 0x29ca, 0xa5fa, 0xb6dd, 0xbf1e, 0x5370, 0x0065, 0x0064, 0x0844, 0x0024, 0x0844, 0x0844, 0x0003, 0x10c5, 0x0002, 0x1105, 0x0062, 0x0001, 0x0863, 0x0823, 0x0823, 0x0823, 0x0823, 0x0823, 0x0823, 0x0823, 0x0823, 0x0823, 0x0823, 0x0824, 0x0824, 0x0824, 0x0824, 0x0824, 0x1025, 0x0804, 0x1845, 0x1886, 0x1046, 0x0825, 0x0825, 0x1066, 0x1887, 0x1046, 0x1087, 0x18a8, 0x18a8, 0x1067, 0x0866, 0x1087, 0x18a8, 0x18a8, 0x18a7, 0x18a8, 0x1887, 0x1087, 0x1087, 0x1087, 0x1086, 0x1086, 0x0865, 0x0845, 0x1086, 0x10a6, 0x1086, 0x0865, 0x1085, 0x1065, 0x1085, 0x0865, 0x0865, 0x0865, 0x0864, 0x0864, 0x0864, 0x0864, 0x0864, 0x0864, 0x0864, 0x0864, 0x0843, 0x0843, 0x0863, 0x0883, 0x0001, 0x00e4, 0x1186, 0x0001, 0x10c4, 0x0042, 0x0043, 0x0843, 0x0023, 0x0844, 0x0024, 0x00a5, 0x6473, 0x9f7e, 0x8f3c, 0x7df8, 0x0186, 0x0042, 0x0043, 0x0002, 0x0802, 0x0802, 0x0822, 0x0001, 
    0x0021, 0x0001, 0x0001, 0x1063, 0x0002, 0x0023, 0x0884, 0x0002, 0x8d36, 0xb6fd, 0xb73e, 0x9db9, 0x00c6, 0x0023, 0x0844, 0x0864, 0x0002, 0x1064, 0x0002, 0x0022, 0x0883, 0x0022, 0x0042, 0x08a3, 0x0042, 0x0822, 0x0823, 0x0823, 0x0823, 0x0823, 0x0823, 0x0823, 0x0823, 0x0823, 0x0823, 0x0824, 0x0824, 0x0824, 0x0824, 0x0824, 0x1024, 0x1025, 0x1025, 0x1025, 0x1045, 0x1045, 0x1045, 0x1045, 0x1066, 0x1066, 0x1066, 0x1087, 0x18a7, 0x18a7, 0x18a7, 0x1087, 0x1087, 0x1887, 0x1887, 0x1887, 0x1887, 0x1887, 0x1887, 0x1887, 0x18a7, 0x0845, 0x1086, 0x18a6, 0x1086, 0x1066, 0x1065, 0x1065, 0x1065, 0x1085, 0x0865, 0x0865, 0x0865, 0x0864, 0x0864, 0x0864, 0x0864, 0x0864, 0x0864, 0x0864, 0x0864, 0x0864, 0x0843, 0x0843, 0x0863, 0x0863, 0x08a3, 0x0082, 0x0042, 0x08a4, 0x0863, 0x0001, 0x0863, 0x0022, 0x0063, 0x0064, 0x0023, 0x0167, 0x969b, 0x975d, 0x979e, 0x5cb3, 0x0041, 0x0083, 0x0001, 0x0822, 0x0822, 0x0822, 0x0001, 0x0001, 
    0x0000, 0x0001, 0x0001, 0x0001, 0x0002, 0x0042, 0x0063, 0x0884, 0x00c4, 0xbefd, 0xaebc, 0xbefe, 0x5bd1, 0x0023, 0x0864, 0x0003, 0x1085, 0x0823, 0x0823, 0x0822, 0x0822, 0x0822, 0x0022, 0x0042, 0x0042, 0x0022, 0x0822, 0x0802, 0x0802, 0x0802, 0x0802, 0x0803, 0x0803, 0x0823, 0x0823, 0x0823, 0x0824, 0x0824, 0x0824, 0x0824, 0x0824, 0x1045, 0x1045, 0x1045, 0x1045, 0x1045, 0x1045, 0x1045, 0x1045, 0x1066, 0x1066, 0x1066, 0x1066, 0x1066, 0x1066, 0x1066, 0x1066, 0x1066, 0x1086, 0x1066, 0x1086, 0x1086, 0x1086, 0x1086, 0x1086, 0x1066, 0x1065, 0x1065, 0x1065, 0x1065, 0x1065, 0x1065, 0x1065, 0x1065, 0x0865, 0x0865, 0x0865, 0x0865, 0x0864, 0x0864, 0x0864, 0x0864, 0x0864, 0x0843, 0x0843, 0x0843, 0x0843, 0x0843, 0x0843, 0x0842, 0x0062, 0x0062, 0x0062, 0x0042, 0x0042, 0x0042, 0x0042, 0x0063, 0x0043, 0x0063, 0x0042, 0x5cd4, 0x9f5d, 0x8f3c, 0x973c, 0x00c3, 0x0083, 0x0062, 0x0842, 0x0822, 0x0801, 0x0801, 0x0001, 0x0001, 
    0x0000, 0x0001, 0x0001, 0x0001, 0x0022, 0x0022, 0x0042, 0x0063, 0x0083, 0x74d4, 0xb71d, 0xbf1d, 0x9dd9, 0x29c9, 0x0002, 0x18a5, 0x0002, 0x0823, 0x0822, 0x0822, 0x0822, 0x0822, 0x0822, 0x0022, 0x0042, 0x0022, 0x0822, 0x0802, 0x0802, 0x0802, 0x0802, 0x0803, 0x0803, 0x0823, 0x0823, 0x0823, 0x0824, 0x0824, 0x0824, 0x0824, 0x0824, 0x1044, 0x1044, 0x1045, 0x1045, 0x1045, 0x1045, 0x1045, 0x1045, 0x1065, 0x1066, 0x1066, 0x1066, 0x1066, 0x1066, 0x1066, 0x1066, 0x1086, 0x1086, 0x1086, 0x1086, 0x1086, 0x1086, 0x1086, 0x1086, 0x1065, 0x1065, 0x1065, 0x1065, 0x1065, 0x1065, 0x1065, 0x1065, 0x1065, 0x0865, 0x0865, 0x0864, 0x0864, 0x0864, 0x0864, 0x0864, 0x0864, 0x0863, 0x0843, 0x0843, 0x0843, 0x0843, 0x0843, 0x0843, 0x0842, 0x0042, 0x0042, 0x0042, 0x0042, 0x0042, 0x0042, 0x0022, 0x0022, 0x0042, 0x0022, 0x228a, 0x96fb, 0x975c, 0x9f9e, 0x4431, 0x00a3, 0x0062, 0x0042, 0x0822, 0x0822, 0x0801, 0x0001, 0x0001, 0x0001, 
    0x0000, 0x0021, 0x0021, 0x0001, 0x0001, 0x0021, 0x0022, 0x0042, 0x0062, 0x2209, 0xbefd, 0xb6fc, 0xb6bc, 0x6bf1, 0x0002, 0x0823, 0x0002, 0x0802, 0x0022, 0x0022, 0x0822, 0x0802, 0x0802, 0x0022, 0x0022, 0x0822, 0x0822, 0x0822, 0x0822, 0x0822, 0x0822, 0x0802, 0x0802, 0x0823, 0x0823, 0x0823, 0x0823, 0x0824, 0x0824, 0x0824, 0x0824, 0x0844, 0x0844, 0x0844, 0x1044, 0x1044, 0x0845, 0x1045, 0x1045, 0x1065, 0x1045, 0x1045, 0x1066, 0x1066, 0x1066, 0x1066, 0x1066, 0x1066, 0x1066, 0x1066, 0x1066, 0x1066, 0x1066, 0x1066, 0x1085, 0x1065, 0x1065, 0x1065, 0x1065, 0x1065, 0x1064, 0x1064, 0x1064, 0x0864, 0x0864, 0x0864, 0x0864, 0x0864, 0x0864, 0x0864, 0x0864, 0x0843, 0x0843, 0x0843, 0x0863, 0x0843, 0x0843, 0x0843, 0x0842, 0x0842, 0x0842, 0x0842, 0x0042, 0x0042, 0x0042, 0x0022, 0x0822, 0x0842, 0x0042, 0x0021, 0x6cd3, 0x9f3c, 0x975c, 0x969a, 0x09a7, 0x0082, 0x0042, 0x0842, 0x0821, 0x0821, 0x0001, 0x0001, 0x0001, 0x0001, 
    0x0000, 0x0021, 0x0001, 0x0001, 0x0001, 0x0001, 0x0021, 0x0041, 0x0062, 0x0021, 0x6c52, 0xc75d, 0xcf3d, 0x63b0, 0x0063, 0x0802, 0x1043, 0x0822, 0x0022, 0x0022, 0x0822, 0x0802, 0x0802, 0x0822, 0x0022, 0x0822, 0x0822, 0x0822, 0x0822, 0x0822, 0x0822, 0x0802, 0x0802, 0x0823, 0x0823, 0x0823, 0x0823, 0x0823, 0x0824, 0x0824, 0x0824, 0x0844, 0x0844, 0x0844, 0x0844, 0x0844, 0x0844, 0x0845, 0x0845, 0x1045, 0x1045, 0x1045, 0x1045, 0x1045, 0x1065, 0x1066, 0x1066, 0x1066, 0x1065, 0x1065, 0x1065, 0x1065, 0x1065, 0x1065, 0x1065, 0x1065, 0x0865, 0x0865, 0x0864, 0x0864, 0x0864, 0x0864, 0x0864, 0x0864, 0x0864, 0x0864, 0x0864, 0x0864, 0x0864, 0x0864, 0x0864, 0x0843, 0x0843, 0x0863, 0x0843, 0x0843, 0x0843, 0x0842, 0x0842, 0x0823, 0x0842, 0x0822, 0x0042, 0x0042, 0x0042, 0x0022, 0x0822, 0x0001, 0x1083, 0x0062, 0x74b3, 0xb79d, 0xaf7d, 0x3b4d, 0x0022, 0x0062, 0x0041, 0x0821, 0x0821, 0x0021, 0x0021, 0x0001, 0x0001, 0x0001, 
    0x0000, 0x0000, 0x0000, 0x0000, 0x0000, 0x0001, 0x0021, 0x0041, 0x0042, 0x0001, 0x08e4, 0x7cb3, 0x7492, 0x1966, 0x0042, 0x0802, 0x0802, 0x0822, 0x0022, 0x0022, 0x0022, 0x0802, 0x0802, 0x0802, 0x0822, 0x0822, 0x0822, 0x0822, 0x0822, 0x0822, 0x0822, 0x0802, 0x0802, 0x0823, 0x0823, 0x0823, 0x0823, 0x0823, 0x0823, 0x0824, 0x0824, 0x0843, 0x0843, 0x0844, 0x0844, 0x0844, 0x0844, 0x0844, 0x0844, 0x0844, 0x1045, 0x1045, 0x1045, 0x1045, 0x1045, 0x1045, 0x1045, 0x1045, 0x1045, 0x1045, 0x1065, 0x1065, 0x1065, 0x1065, 0x1065, 0x0865, 0x0864, 0x0864, 0x0884, 0x0864, 0x0864, 0x0864, 0x0864, 0x0864, 0x0864, 0x0864, 0x0864, 0x0864, 0x0864, 0x0864, 0x0843, 0x0843, 0x0843, 0x0843, 0x0843, 0x0842, 0x0842, 0x0842, 0x0043, 0x0823, 0x0823, 0x0823, 0x0822, 0x0042, 0x0042, 0x0822, 0x0822, 0x0001, 0x0822, 0x0042, 0x2a28, 0x6cd2, 0x5c30, 0x00c3, 0x0001, 0x0041, 0x0021, 0x0021, 0x0021, 0x0021, 0x0021, 0x0000, 0x0000, 0x0000, 
    0x0000, 0x0000, 0x0000, 0x0000, 0x0000, 0x0000, 0x0001, 0x0021, 0x0821, 0x0862, 0x0000, 0x00a3, 0x0062, 0x0021, 0x0001, 0x0002, 0x0001, 0x0002, 0x0022, 0x0022, 0x0022, 0x0003, 0x0003, 0x0003, 0x0003, 0x0822, 0x0822, 0x0822, 0x0822, 0x0822, 0x0822, 0x0802, 0x0802, 0x0823, 0x0823, 0x0823, 0x0823, 0x0823, 0x0823, 0x0823, 0x0823, 0x0823, 0x0843, 0x0843, 0x0843, 0x0844, 0x0844, 0x0844, 0x0844, 0x0824, 0x0824, 0x0845, 0x0845, 0x1045, 0x1045, 0x1045, 0x1045, 0x1045, 0x1045, 0x1045, 0x1045, 0x1045, 0x1045, 0x0864, 0x0864, 0x0864, 0x0864, 0x0864, 0x0864, 0x0864, 0x0864, 0x0864, 0x0864, 0x0864, 0x0864, 0x0864, 0x0864, 0x0844, 0x0843, 0x0843, 0x0843, 0x0843, 0x0843, 0x0843, 0x0843, 0x0842, 0x0842, 0x0042, 0x0043, 0x0823, 0x0823, 0x0823, 0x0023, 0x0022, 0x0022, 0x0022, 0x0822, 0x0801, 0x0001, 0x0000, 0x0061, 0x0061, 0x0061, 0x0041, 0x0883, 0x0021, 0x0021, 0x0001, 0x0001, 0x0021, 0x0020, 0x0020, 0x0000, 0x0000, 
    0x0000, 0x0001, 0x0001, 0x0000, 0x0000, 0x0000, 0x0000, 0x0000, 0x0000, 0x1042, 0x0000, 0x0000, 0x0020, 0x0021, 0x0001, 0x0863, 0x0001, 0x0002, 0x0022, 0x0022, 0x0023, 0x0003, 0x0003, 0x0003, 0x0003, 0x0822, 0x0822, 0x0822, 0x0822, 0x0822, 0x0822, 0x0822, 0x0822, 0x0823, 0x0823, 0x0823, 0x0823, 0x0823, 0x0823, 0x0823, 0x0823, 0x0823, 0x0823, 0x0823, 0x0843, 0x0843, 0x0843, 0x1024, 0x1024, 0x0824, 0x1024, 0x1024, 0x1024, 0x1025, 0x1025, 0x1025, 0x1045, 0x0845, 0x0845, 0x0845, 0x0845, 0x0845, 0x0844, 0x0844, 0x0844, 0x0864, 0x0864, 0x0864, 0x0864, 0x0864, 0x0864, 0x0864, 0x0864, 0x0864, 0x0864, 0x0864, 0x0844, 0x0843, 0x0843, 0x0843, 0x0843, 0x0843, 0x0843, 0x0843, 0x0842, 0x0842, 0x0042, 0x0042, 0x0043, 0x0023, 0x0023, 0x0023, 0x0023, 0x0022, 0x0022, 0x0022, 0x0022, 0x0001, 0x1062, 0x0000, 0x0041, 0x0021, 0x0020, 0x0000, 0x0041, 0x0000, 0x0000, 0x0000, 0x0000, 0x0000, 0x0020, 0x0000, 0x0000, 0x0000, 
    0x0000, 0x0021, 0x0021, 0x0000, 0x0000, 0x0000, 0x0000, 0x0000, 0x0000, 0x0821, 0x0000, 0x0041, 0x0021, 0x0042, 0x0021, 0x0822, 0x0001, 0x0022, 0x0022, 0x0022, 0x0003, 0x0003, 0x0003, 0x0003, 0x0003, 0x0822, 0x0022, 0x0822, 0x0822, 0x0822, 0x0822, 0x0822, 0x0822, 0x0823, 0x0823, 0x0823, 0x0823, 0x0823, 0x0823, 0x0823, 0x0823, 0x0823, 0x0823, 0x0823, 0x0823, 0x0843, 0x0843, 0x0824, 0x1024, 0x0824, 0x0824, 0x0824, 0x0844, 0x0844, 0x0844, 0x1044, 0x0844, 0x0845, 0x0845, 0x0845, 0x0845, 0x0864, 0x0864, 0x0864, 0x0864, 0x0864, 0x0864, 0x0864, 0x0864, 0x0864, 0x0864, 0x0844, 0x0844, 0x0864, 0x0864, 0x0844, 0x0844, 0x0843, 0x0843, 0x0843, 0x0843, 0x0843, 0x0843, 0x0842, 0x0842, 0x0842, 0x0042, 0x0042, 0x0043, 0x0023, 0x0023, 0x0023, 0x0023, 0x0022, 0x0022, 0x0022, 0x0041, 0x0841, 0x0001, 0x1082, 0x0000, 0x1083, 0x0021, 0x0020, 0x0000, 0x0000, 0x0000, 0x0000, 0x0000, 0x0000, 0x0000, 0x0000, 0x0000, 0x0000, 
    0x0000, 0x0000, 0x0000, 0x0000, 0x0000, 0x0000, 0x0000, 0x0000, 0x0000, 0x0001, 0x0001, 0x0001, 0x0001, 0x0001, 0x0001, 0x0001, 0x0001, 0x0021, 0x0001, 0x0002, 0x0002, 0x0803, 0x0803, 0x0803, 0x0803, 0x0002, 0x0022, 0x0022, 0x0022, 0x0022, 0x0022, 0x0002, 0x0002, 0x0002, 0x0003, 0x0803, 0x0802, 0x0823, 0x0822, 0x0822, 0x0822, 0x0823, 0x0823, 0x0823, 0x0823, 0x0823, 0x0823, 0x0824, 0x0824, 0x0824, 0x0844, 0x0844, 0x0844, 0x0844, 0x0843, 0x0844, 0x0844, 0x1045, 0x0845, 0x0845, 0x0865, 0x0864, 0x0864, 0x0864, 0x0864, 0x0864, 0x0864, 0x0864, 0x0864, 0x0864, 0x0864, 0x0844, 0x0844, 0x0843, 0x0863, 0x0863, 0x0863, 0x0863, 0x0863, 0x0863, 0x0843, 0x0843, 0x0842, 0x0822, 0x0822, 0x0822, 0x0822, 0x0042, 0x0042, 0x0822, 0x0822, 0x0022, 0x0042, 0x0022, 0x0021, 0x0021, 0x0021, 0x0021, 0x0021, 0x0021, 0x0001, 0x0001, 0x0021, 0x0020, 0x0020, 0x0000, 0x0000, 0x0000, 0x0000, 0x0000, 0x0000, 0x0000, 0x0000, 0x0000, 
    0x0000, 0x0000, 0x0000, 0x0000, 0x0000, 0x0000, 0x0000, 0x0000, 0x0000, 0x0001, 0x0001, 0x0001, 0x0001, 0x0001, 0x0001, 0x0001, 0x0001, 0x0021, 0x0021, 0x0001, 0x0002, 0x0802, 0x0803, 0x0803, 0x0803, 0x0002, 0x0022, 0x0022, 0x0022, 0x0022, 0x0022, 0x0002, 0x0002, 0x0003, 0x0003, 0x0803, 0x0802, 0x0822, 0x0822, 0x0822, 0x0822, 0x0822, 0x0823, 0x0823, 0x0823, 0x0823, 0x0823, 0x0824, 0x0824, 0x0844, 0x0844, 0x0843, 0x0843, 0x0843, 0x0843, 0x0863, 0x0844, 0x1045, 0x1045, 0x0845, 0x0864, 0x0864, 0x0864, 0x0864, 0x0863, 0x0863, 0x0863, 0x0863, 0x0863, 0x0864, 0x0864, 0x0844, 0x0844, 0x0843, 0x0863, 0x0863, 0x0863, 0x0863, 0x0863, 0x0843, 0x0863, 0x0842, 0x0822, 0x0822, 0x0822, 0x0822, 0x0042, 0x0042, 0x0042, 0x0822, 0x0821, 0x0041, 0x0041, 0x0041, 0x0021, 0x0021, 0x0021, 0x0021, 0x0021, 0x0021, 0x0001, 0x0001, 0x0021, 0x0020, 0x0020, 0x0000, 0x0000, 0x0000, 0x0000, 0x0000, 0x0000, 0x0000, 0x0000, 0x0000, 
    0x0000, 0x0000, 0x0000, 0x0000, 0x0000, 0x0000, 0x0000, 0x0000, 0x0000, 0x0001, 0x0001, 0x0001, 0x0001, 0x0001, 0x0001, 0x0001, 0x0001, 0x0021, 0x0021, 0x0001, 0x0002, 0x0802, 0x0802, 0x0803, 0x0003, 0x0002, 0x0002, 0x0002, 0x0002, 0x0002, 0x0002, 0x0002, 0x0002, 0x0003, 0x0003, 0x0802, 0x0802, 0x0822, 0x0822, 0x0822, 0x0822, 0x0823, 0x0823, 0x0823, 0x0823, 0x0823, 0x0823, 0x0823, 0x0823, 0x0823, 0x0823, 0x0843, 0x0843, 0x0843, 0x0843, 0x0843, 0x0844, 0x0844, 0x0844, 0x0844, 0x0844, 0x0864, 0x0863, 0x0843, 0x0843, 0x0863, 0x0863, 0x0863, 0x0863, 0x0864, 0x0864, 0x0844, 0x0844, 0x0843, 0x0063, 0x0843, 0x0843, 0x0843, 0x0843, 0x0843, 0x0843, 0x0842, 0x0842, 0x0842, 0x0042, 0x0042, 0x0042, 0x0042, 0x0042, 0x0042, 0x0042, 0x0022, 0x0042, 0x0041, 0x0021, 0x0021, 0x0021, 0x0021, 0x0021, 0x0021, 0x0021, 0x0021, 0x0021, 0x0020, 0x0020, 0x0000, 0x0000, 0x0000, 0x0000, 0x0000, 0x0000, 0x0000, 0x0000, 0x0000, 
    0x0000, 0x0000, 0x0000, 0x0000, 0x0000, 0x0000, 0x0000, 0x0000, 0x0000, 0x0001, 0x0001, 0x0001, 0x0001, 0x0001, 0x0001, 0x0001, 0x0001, 0x0021, 0x0021, 0x0001, 0x0001, 0x0002, 0x0002, 0x0002, 0x0002, 0x0002, 0x0002, 0x0002, 0x0002, 0x0002, 0x0002, 0x0002, 0x0002, 0x0003, 0x0003, 0x0802, 0x0802, 0x0823, 0x0822, 0x0822, 0x0823, 0x0823, 0x0823, 0x0823, 0x0823, 0x0823, 0x0823, 0x0823, 0x0823, 0x0823, 0x0823, 0x0823, 0x0843, 0x0843, 0x0844, 0x0844, 0x0844, 0x0844, 0x0844, 0x0844, 0x0844, 0x0863, 0x0843, 0x0843, 0x0843, 0x0843, 0x0863, 0x0863, 0x0063, 0x0863, 0x0843, 0x0844, 0x0843, 0x0843, 0x0063, 0x0843, 0x0843, 0x0843, 0x0843, 0x0843, 0x0843, 0x0042, 0x0042, 0x0042, 0x0042, 0x0042, 0x0042, 0x0042, 0x0042, 0x0042, 0x0042, 0x0022, 0x0022, 0x0022, 0x0021, 0x0021, 0x0021, 0x0021, 0x0021, 0x0021, 0x0001, 0x0021, 0x0021, 0x0000, 0x0000, 0x0000, 0x0000, 0x0000, 0x0000, 0x0000, 0x0000, 0x0000, 0x0000, 0x0000, 
    0x0000, 0x0000, 0x0000, 0x0000, 0x0000, 0x0000, 0x0000, 0x0000, 0x0000, 0x0001, 0x0001, 0x0001, 0x0001, 0x0001, 0x0001, 0x0001, 0x0001, 0x0021, 0x0021, 0x0001, 0x0021, 0x0001, 0x0002, 0x0022, 0x0022, 0x0002, 0x0002, 0x0003, 0x0002, 0x0003, 0x0002, 0x0002, 0x0002, 0x0002, 0x0002, 0x0802, 0x0802, 0x0823, 0x0823, 0x0823, 0x0823, 0x0823, 0x0023, 0x0023, 0x0823, 0x0823, 0x0823, 0x0823, 0x0823, 0x0823, 0x0823, 0x0823, 0x0823, 0x0843, 0x0824, 0x0824, 0x0844, 0x0844, 0x0843, 0x0843, 0x0843, 0x0843, 0x0843, 0x0843, 0x0843, 0x0843, 0x0843, 0x0863, 0x0863, 0x0863, 0x0843, 0x0843, 0x0843, 0x0843, 0x0863, 0x0863, 0x0843, 0x0843, 0x0862, 0x0862, 0x0062, 0x0042, 0x0042, 0x0042, 0x0042, 0x0022, 0x0822, 0x0822, 0x0022, 0x0022, 0x0042, 0x0022, 0x0022, 0x0022, 0x0021, 0x0021, 0x0021, 0x0021, 0x0021, 0x0001, 0x0001, 0x0001, 0x0001, 0x0000, 0x0000, 0x0000, 0x0000, 0x0000, 0x0000, 0x0000, 0x0000, 0x0000, 0x0000, 0x0000, 
    0x0000, 0x0000, 0x0000, 0x0000, 0x0000, 0x0000, 0x0000, 0x0000, 0x0000, 0x0001, 0x0001, 0x0001, 0x0001, 0x0001, 0x0001, 0x0001, 0x0001, 0x0001, 0x0021, 0x0001, 0x0002, 0x0002, 0x0002, 0x0022, 0x0002, 0x0003, 0x0003, 0x0003, 0x0003, 0x0003, 0x0003, 0x0003, 0x0002, 0x0002, 0x0002, 0x0802, 0x0802, 0x0823, 0x0823, 0x0803, 0x0803, 0x0823, 0x0023, 0x0023, 0x0023, 0x0823, 0x0823, 0x0823, 0x0823, 0x0823, 0x0823, 0x0823, 0x0824, 0x0824, 0x0844, 0x0824, 0x0844, 0x0844, 0x0844, 0x0843, 0x0843, 0x0843, 0x0843, 0x0843, 0x0843, 0x0843, 0x0843, 0x0843, 0x0843, 0x0843, 0x0843, 0x0843, 0x0843, 0x0843, 0x0843, 0x0843, 0x0842, 0x0042, 0x0062, 0x0062, 0x0062, 0x0042, 0x0042, 0x0042, 0x0022, 0x0822, 0x0022, 0x0022, 0x0022, 0x0022, 0x0042, 0x0022, 0x0022, 0x0022, 0x0022, 0x0022, 0x0021, 0x0021, 0x0021, 0x0021, 0x0001, 0x0001, 0x0001, 0x0000, 0x0000, 0x0000, 0x0000, 0x0000, 0x0000, 0x0000, 0x0000, 0x0000, 0x0000, 0x0000, 
    0x0000, 0x0000, 0x0000, 0x0000, 0x0000, 0x0000, 0x0000, 0x0000, 0x0000, 0x0001, 0x0001, 0x0001, 0x0001, 0x0001, 0x0001, 0x0001, 0x0001, 0x0001, 0x0002, 0x0002, 0x0002, 0x0002, 0x0002, 0x0002, 0x0002, 0x0003, 0x0803, 0x0803, 0x0803, 0x0803, 0x0803, 0x0803, 0x0802, 0x0002, 0x0002, 0x0802, 0x0803, 0x0823, 0x0803, 0x0804, 0x0804, 0x0004, 0x0004, 0x0804, 0x0823, 0x0823, 0x0823, 0x0823, 0x0823, 0x0823, 0x0823, 0x0823, 0x0844, 0x0824, 0x0824, 0x0824, 0x0844, 0x0844, 0x0844, 0x0844, 0x0844, 0x0844, 0x0844, 0x0843, 0x0843, 0x0843, 0x0843, 0x0843, 0x0843, 0x0843, 0x0843, 0x0843, 0x0843, 0x0843, 0x0843, 0x0843, 0x0843, 0x0042, 0x0042, 0x0062, 0x0062, 0x0042, 0x0042, 0x0022, 0x0022, 0x0822, 0x0022, 0x0042, 0x0042, 0x0042, 0x0022, 0x0022, 0x0022, 0x0822, 0x0022, 0x0022, 0x0021, 0x0021, 0x0021, 0x0021, 0x0001, 0x0001, 0x0001, 0x0000, 0x0020, 0x0000, 0x0000, 0x0000, 0x0000, 0x0000, 0x0000, 0x0000, 0x0000, 0x0000, 
    0x0000, 0x0000, 0x0000, 0x0000, 0x0000, 0x0000, 0x0000, 0x0000, 0x0000, 0x0001, 0x0001, 0x0001, 0x0001, 0x0001, 0x0001, 0x0001, 0x0001, 0x0002, 0x0802, 0x0803, 0x0803, 0x0803, 0x0803, 0x0803, 0x0803, 0x0803, 0x0803, 0x0803, 0x0803, 0x0803, 0x0803, 0x0803, 0x0802, 0x0002, 0x0002, 0x0802, 0x0803, 0x0803, 0x0804, 0x0804, 0x0804, 0x0804, 0x0004, 0x0804, 0x0804, 0x0823, 0x0823, 0x0823, 0x0823, 0x0823, 0x0823, 0x0823, 0x0844, 0x0824, 0x0824, 0x0845, 0x0845, 0x0845, 0x0045, 0x0045, 0x0045, 0x0064, 0x0044, 0x0844, 0x0844, 0x0843, 0x0843, 0x0843, 0x0843, 0x0843, 0x0843, 0x0843, 0x0843, 0x0843, 0x0843, 0x0843, 0x0843, 0x0843, 0x0043, 0x0043, 0x0043, 0x0043, 0x0023, 0x0023, 0x0023, 0x0022, 0x0042, 0x0062, 0x0062, 0x0062, 0x0042, 0x0042, 0x0022, 0x0022, 0x0002, 0x0002, 0x0022, 0x0021, 0x0021, 0x0021, 0x0021, 0x0001, 0x0001, 0x0020, 0x0020, 0x0000, 0x0000, 0x0000, 0x0000, 0x0000, 0x0000, 0x0000, 0x0000, 0x0000, 
    0x0000, 0x0000, 0x0000, 0x0000, 0x0000, 0x0000, 0x0000, 0x0000, 0x0000, 0x0001, 0x0001, 0x0000, 0x0001, 0x0001, 0x0001, 0x0001, 0x0002, 0x0002, 0x3108, 0x28c7, 0x1846, 0x28c7, 0x1846, 0x1045, 0x28c7, 0x1045, 0x0003, 0x0003, 0x0003, 0x0804, 0x0824, 0x0002, 0x0803, 0x0823, 0x0001, 0x1063, 0x0803, 0x0824, 0x1045, 0x0004, 0x18a8, 0x314a, 0x1886, 0x0825, 0x0003, 0x0824, 0x0803, 0x1064, 0x0843, 0x0002, 0x0843, 0x1084, 0x0003, 0x18c6, 0x318a, 0x18c7, 0x1908, 0x1908, 0x1908, 0x10c7, 0x08a6, 0x0886, 0x0004, 0x0003, 0x0064, 0x0003, 0x10a5, 0x0843, 0x0022, 0x0843, 0x0022, 0x0042, 0x0063, 0x1927, 0x2168, 0x10c6, 0x0023, 0x0823, 0x0863, 0x0843, 0x0823, 0x0844, 0x0023, 0x0003, 0x0002, 0x0084, 0x11a7, 0x2229, 0x2aaa, 0x1a29, 0x09a7, 0x00e5, 0x0042, 0x0001, 0x0842, 0x1063, 0x0801, 0x0001, 0x0021, 0x0021, 0x0021, 0x0001, 0x0001, 0x0020, 0x0020, 0x0000, 0x0000, 0x0000, 0x0000, 0x0000, 0x0000, 0x0000, 0x0000, 0x0000, 
    0x0000, 0x0000, 0x0000, 0x0000, 0x0000, 0x0000, 0x0000, 0x0000, 0x0000, 0x0000, 0x0000, 0x0000, 0x0000, 0x0001, 0x0001, 0x0002, 0x0802, 0x3949, 0x9415, 0xb4d8, 0xac98, 0xb4f9, 0xacd9, 0xa497, 0xacd8, 0xa497, 0x7b93, 0x4a0c, 0x1045, 0x0003, 0x0803, 0x0803, 0x0802, 0x0822, 0x0802, 0x0002, 0x0002, 0x0824, 0x0004, 0x1067, 0x6af1, 0x9c77, 0x6b11, 0x1887, 0x0804, 0x0804, 0x0823, 0x0002, 0x0002, 0x0022, 0x0843, 0x0864, 0x0844, 0x4a6d, 0x9d18, 0xa559, 0xad9a, 0xad5a, 0xa55a, 0xa55a, 0x9d59, 0x94f8, 0x73f4, 0x424d, 0x10e7, 0x0045, 0x0003, 0x0844, 0x1084, 0x0863, 0x0022, 0x0863, 0x08a4, 0xa578, 0xa5ba, 0x52ce, 0x0864, 0x0843, 0x0002, 0x0002, 0x0023, 0x0844, 0x0003, 0x08c6, 0x3a8c, 0x6c94, 0x9e19, 0xaedb, 0xb71c, 0xa69a, 0x9e7a, 0x7535, 0x3b0d, 0x08e5, 0x0001, 0x0001, 0x0822, 0x0002, 0x0021, 0x0021, 0x0001, 0x0001, 0x0001, 0x0000, 0x0020, 0x0000, 0x0000, 0x0000, 0x0000, 0x0000, 0x0000, 0x0000, 0x0000, 0x0000, 
    0x0000, 0x0000, 0x0000, 0x0000, 0x0000, 0x0000, 0x0000, 0x0000, 0x0000, 0x0000, 0x0000, 0x0000, 0x0000, 0x0000, 0x0001, 0x0002, 0x0803, 0x3909, 0xb4f9, 0xde1f, 0xbd1b, 0xb4fa, 0xbd1a, 0xb4f9, 0xb4f9, 0xb53a, 0xc5bb, 0xb539, 0x7332, 0x3109, 0x0804, 0x0803, 0x0803, 0x0802, 0x1043, 0x0001, 0x0802, 0x0824, 0x0004, 0x41ad, 0xb55b, 0xcdfd, 0xacf9, 0x312a, 0x0003, 0x0824, 0x1064, 0x0843, 0x0843, 0x0843, 0x0843, 0x0023, 0x0003, 0x52af, 0xc63d, 0xc65e, 0xad9b, 0xbdfd, 0xb5dc, 0xbdfc, 0xb5fc, 0xb61d, 0xc67e, 0xb61c, 0x94f7, 0x3a2c, 0x0865, 0x0024, 0x1085, 0x0844, 0x0043, 0x0063, 0x10e5, 0xae3b, 0xcf1f, 0x4b0f, 0x0002, 0x0864, 0x0843, 0x0844, 0x1085, 0x0003, 0x1148, 0x5bd2, 0xa65b, 0xbf5e, 0xaefc, 0x9e59, 0x8dd7, 0x8e18, 0xaefc, 0xb77d, 0x9edb, 0x6cb3, 0x11a7, 0x0001, 0x0863, 0x0022, 0x0001, 0x0001, 0x0001, 0x0001, 0x0001, 0x0000, 0x0020, 0x0000, 0x0000, 0x0000, 0x0000, 0x0000, 0x0000, 0x0000, 0x0000, 0x0000, 
    0x0000, 0x0000, 0x0000, 0x0000, 0x0000, 0x0000, 0x0000, 0x0000, 0x0000, 0x0000, 0x0000, 0x0000, 0x0000, 0x0000, 0x0001, 0x0002, 0x0803, 0x30e9, 0xbcfa, 0xc55c, 0x6230, 0x30ca, 0x30ea, 0x30e9, 0x28c8, 0x394a, 0x7b52, 0xbd5a, 0xc5bc, 0x7332, 0x1025, 0x0002, 0x0802, 0x0802, 0x1063, 0x0001, 0x1044, 0x0003, 0x1046, 0x7bb5, 0xc5de, 0x9c98, 0xbd7c, 0x7332, 0x0804, 0x0804, 0x0844, 0x0844, 0x0022, 0x0864, 0x1084, 0x0844, 0x0003, 0x4a8e, 0xbdfc, 0x94b8, 0x420e, 0x31ab, 0x31ab, 0x31ab, 0x298b, 0x31ec, 0x6392, 0xa59a, 0xcedf, 0x9d38, 0x3a2c, 0x0044, 0x0024, 0x0864, 0x0843, 0x0063, 0x08e5, 0x95b9, 0xc73f, 0x4aee, 0x0002, 0x0884, 0x0864, 0x0864, 0x0023, 0x0065, 0x6433, 0xb6dd, 0xaedd, 0x74f5, 0x32cc, 0x11a8, 0x0125, 0x0987, 0x2aab, 0x5c92, 0xa6fb, 0xc7bf, 0x7514, 0x1187, 0x0022, 0x0022, 0x0002, 0x0001, 0x0001, 0x0001, 0x0021, 0x0020, 0x0020, 0x0000, 0x0000, 0x0000, 0x0000, 0x0000, 0x0000, 0x0000, 0x0000, 0x0000, 
    0x0000, 0x0000, 0x0000, 0x0000, 0x0000, 0x0000, 0x0000, 0x0000, 0x0000, 0x0000, 0x0000, 0x0000, 0x0000, 0x0000, 0x0001, 0x0002, 0x0803, 0x30e9, 0xc51a, 0xc53c, 0x410b, 0x0805, 0x0805, 0x1005, 0x1005, 0x0804, 0x1846, 0x6290, 0xc59b, 0xa4b8, 0x28e8, 0x0002, 0x1023, 0x0802, 0x0822, 0x1043, 0x1044, 0x0003, 0x41cc, 0xbd7c, 0xa4da, 0x4a0f, 0xb55b, 0xbd7b, 0x316a, 0x0003, 0x0824, 0x0843, 0x0002, 0x0022, 0x0863, 0x0864, 0x0003, 0x5acf, 0xce5e, 0x8c77, 0x10a8, 0x0025, 0x0845, 0x0845, 0x0025, 0x0004, 0x0086, 0x426d, 0x84b6, 0xd71f, 0x84b5, 0x1928, 0x0003, 0x0885, 0x0864, 0x0843, 0x08e6, 0x9dfa, 0xc73f, 0x4b2f, 0x0043, 0x0064, 0x0043, 0x0884, 0x0022, 0x430e, 0xb6bd, 0xae7c, 0x4350, 0x0106, 0x0022, 0x0043, 0x0022, 0x0023, 0x0002, 0x00a4, 0x3b2d, 0x9e9a, 0xb75d, 0x5410, 0x0062, 0x0042, 0x0022, 0x0001, 0x0001, 0x0021, 0x0021, 0x0020, 0x0020, 0x0000, 0x0000, 0x0000, 0x0000, 0x0000, 0x0000, 0x0000, 0x0000, 0x0000, 
    0x0000, 0x0000, 0x0000, 0x0000, 0x0000, 0x0000, 0x0000, 0x0000, 0x0000, 0x0001, 0x0000, 0x0000, 0x0000, 0x0000, 0x0001, 0x0002, 0x0802, 0x38e9, 0xcd5b, 0xd5bd, 0x498d, 0x0804, 0x1026, 0x1025, 0x1004, 0x1847, 0x0804, 0x2088, 0xb4f9, 0xbd7b, 0x418a, 0x0803, 0x1023, 0x0822, 0x0001, 0x1043, 0x0803, 0x0824, 0x83b4, 0xcdff, 0x6b13, 0x0807, 0x83d5, 0xce1e, 0x7372, 0x0824, 0x0844, 0x0843, 0x0843, 0x0042, 0x0863, 0x0844, 0x0003, 0x528f, 0xce7f, 0x94b8, 0x1087, 0x0865, 0x10a5, 0x10a6, 0x18a6, 0x1085, 0x0004, 0x0086, 0x29eb, 0xbe9d, 0xb65c, 0x4ace, 0x0044, 0x0885, 0x0844, 0x0043, 0x1106, 0x95b9, 0xb6dd, 0x4b0f, 0x0023, 0x0023, 0x0043, 0x00a4, 0x0106, 0x8d98, 0xc75f, 0x6433, 0x00a5, 0x0003, 0x0064, 0x10c5, 0x0843, 0x0864, 0x0864, 0x0002, 0x0063, 0x438f, 0xb77d, 0x9639, 0x09a7, 0x0042, 0x0022, 0x0001, 0x0001, 0x0021, 0x0021, 0x0020, 0x0020, 0x0000, 0x0000, 0x0000, 0x0000, 0x0000, 0x0000, 0x0000, 0x0000, 0x0000, 
    0x0000, 0x0000, 0x0000, 0x0000, 0x0000, 0x0000, 0x0000, 0x0000, 0x0000, 0x0001, 0x0001, 0x0000, 0x0000, 0x0000, 0x0001, 0x0002, 0x0802, 0x30c8, 0xbd1a, 0xcd9c, 0x498c, 0x0004, 0x1025, 0x0803, 0x0003, 0x1867, 0x0804, 0x2088, 0xb4f9, 0xbd5b, 0x394a, 0x0003, 0x0802, 0x0802, 0x0001, 0x0822, 0x0002, 0x39ab, 0xb53b, 0xa4db, 0x312c, 0x0006, 0x41ee, 0xb55b, 0xb55a, 0x318a, 0x0003, 0x0002, 0x0843, 0x0883, 0x1084, 0x0885, 0x0003, 0x4a6e, 0xc63e, 0x9498, 0x1067, 0x0023, 0x0843, 0x0844, 0x1064, 0x1065, 0x0865, 0x0885, 0x00a6, 0x7cb5, 0xc6de, 0x7c74, 0x08a5, 0x0024, 0x0865, 0x0003, 0x1107, 0x9dfa, 0xbf1e, 0x532f, 0x0002, 0x1064, 0x0022, 0x0042, 0x2229, 0xb6dc, 0xa67b, 0x2a2c, 0x0023, 0x10a6, 0x10a5, 0x0883, 0x0001, 0x0003, 0x0865, 0x10a5, 0x0002, 0x1187, 0x9e59, 0xbf5d, 0x438e, 0x0042, 0x0022, 0x0801, 0x0801, 0x0001, 0x0021, 0x0000, 0x0000, 0x0000, 0x0000, 0x0000, 0x0000, 0x0000, 0x0000, 0x0000, 0x0000, 0x0000, 
    0x0000, 0x0000, 0x0000, 0x0000, 0x0000, 0x0000, 0x0000, 0x0000, 0x0000, 0x0001, 0x0001, 0x0000, 0x0000, 0x0000, 0x0001, 0x0001, 0x0802, 0x3909, 0xbd1a, 0xcd5c, 0x496c, 0x0804, 0x1045, 0x1024, 0x1025, 0x1005, 0x1006, 0x414c, 0xbd5b, 0xbd3a, 0x394a, 0x1004, 0x1003, 0x0802, 0x0802, 0x0803, 0x0804, 0x6b11, 0xcdfe, 0x7355, 0x0807, 0x0827, 0x0847, 0x9457, 0xd67f, 0x6b51, 0x0004, 0x0844, 0x1084, 0x0002, 0x0023, 0x0865, 0x0004, 0x528f, 0xce5e, 0x9498, 0x1067, 0x0844, 0x1084, 0x18a5, 0x0843, 0x0803, 0x10a5, 0x08a6, 0x0003, 0x532f, 0xc6de, 0x9d78, 0x08a6, 0x0003, 0x0865, 0x0003, 0x10c6, 0x95da, 0xbf1e, 0x52ee, 0x0002, 0x10a4, 0x0043, 0x0042, 0x4b6e, 0xc77f, 0x8d78, 0x0907, 0x0003, 0x1085, 0x0002, 0x0022, 0x0863, 0x0043, 0x0002, 0x1065, 0x0003, 0x0084, 0x7d14, 0xbf7e, 0x6cb3, 0x0042, 0x0022, 0x0802, 0x0801, 0x0001, 0x0001, 0x0001, 0x0000, 0x0000, 0x0000, 0x0000, 0x0000, 0x0000, 0x0000, 0x0000, 0x0000, 0x0000, 
    0x0000, 0x0000, 0x0000, 0x0000, 0x0000, 0x0000, 0x0000, 0x0000, 0x0000, 0x0001, 0x0001, 0x0000, 0x0000, 0x0020, 0x0000, 0x0001, 0x0803, 0x30e9, 0xbcfb, 0xc4fb, 0x492c, 0x0805, 0x0805, 0x0803, 0x0804, 0x1806, 0x38eb, 0x9c37, 0xd5fe, 0x8374, 0x1005, 0x0803, 0x1866, 0x0804, 0x1866, 0x0003, 0x28e8, 0xbd7b, 0xb55b, 0x398d, 0x0807, 0x0806, 0x0867, 0x526f, 0xbddc, 0xad39, 0x2109, 0x0004, 0x0866, 0x0825, 0x0004, 0x0866, 0x0025, 0x526f, 0xc61e, 0x9cb8, 0x1087, 0x0824, 0x0844, 0x0844, 0x0824, 0x0824, 0x0865, 0x0865, 0x0044, 0x320b, 0xb67c, 0x9d79, 0x10e7, 0x0025, 0x0866, 0x0004, 0x10e7, 0x9dda, 0xb6bd, 0x530f, 0x0002, 0x10a5, 0x0043, 0x0063, 0x53b0, 0xbf1e, 0x8d78, 0x08e7, 0x0004, 0x10a6, 0x0003, 0x0002, 0x0884, 0x0064, 0x0002, 0x1085, 0x0023, 0x0042, 0x6cf4, 0xbf7e, 0x6cd3, 0x0062, 0x0022, 0x0002, 0x0001, 0x0001, 0x0001, 0x0001, 0x0001, 0x0000, 0x0000, 0x0000, 0x0000, 0x0000, 0x0000, 0x0000, 0x0000, 0x0000, 
    0x0000, 0x0000, 0x0000, 0x0000, 0x0000, 0x0000, 0x0000, 0x0000, 0x0000, 0x0001, 0x0001, 0x0000, 0x0000, 0x0020, 0x0000, 0x0001, 0x0003, 0x30c9, 0xb4ba, 0xd55d, 0x8b55, 0x7af3, 0x8333, 0x72d1, 0x72d0, 0x8b95, 0xb4ba, 0xddff, 0xb4d9, 0x414b, 0x1005, 0x1005, 0x0003, 0x1025, 0x0004, 0x1005, 0x7352, 0xc5dd, 0x7353, 0x0807, 0x0006, 0x0826, 0x0005, 0x1087, 0x8415, 0xc61d, 0x6b52, 0x0846, 0x0026, 0x1087, 0x0826, 0x0826, 0x0005, 0x526f, 0xc61d, 0x9498, 0x0866, 0x0845, 0x0865, 0x0865, 0x0024, 0x0003, 0x1085, 0x0865, 0x0003, 0x4aee, 0xbe9d, 0x9538, 0x08c6, 0x0004, 0x1086, 0x0025, 0x10e7, 0x9dda, 0xb6bd, 0x530f, 0x0002, 0x10a5, 0x0043, 0x0043, 0x432e, 0xc75f, 0x95d9, 0x0928, 0x0004, 0x0886, 0x0003, 0x1065, 0x0003, 0x0002, 0x0043, 0x0885, 0x0022, 0x00a3, 0x6cf4, 0xb77d, 0x5c51, 0x0062, 0x0022, 0x0002, 0x0001, 0x0001, 0x0001, 0x0001, 0x0001, 0x0000, 0x0000, 0x0000, 0x0000, 0x0000, 0x0000, 0x0000, 0x0000, 0x0000, 
    0x0000, 0x0000, 0x0000, 0x0000, 0x0000, 0x0000, 0x0000, 0x0000, 0x0000, 0x0001, 0x0001, 0x0000, 0x0000, 0x0020, 0x0000, 0x0001, 0x0003, 0x30e9, 0xb4b9, 0xe5ff, 0xc4fb, 0xcd7d, 0xd5dd, 0xcd9b, 0xcddc, 0xc55c, 0xbd1b, 0x93d6, 0x412b, 0x1005, 0x0804, 0x1826, 0x1005, 0x1025, 0x0004, 0x314a, 0xa4b8, 0xbd9c, 0x83d5, 0x5a91, 0x5ab1, 0x62f1, 0x5ad0, 0x5ad0, 0x9477, 0xce7e, 0x9497, 0x18c8, 0x0004, 0x1087, 0x0846, 0x0005, 0x0004, 0x526f, 0xc61d, 0x9497, 0x0846, 0x0845, 0x0024, 0x0024, 0x0845, 0x0865, 0x10a6, 0x0886, 0x0024, 0x7c75, 0xc6be, 0x7c54, 0x0065, 0x0024, 0x0865, 0x0024, 0x10c7, 0x95b9, 0xb6dd, 0x4b0f, 0x0002, 0x10a5, 0x0043, 0x0022, 0x2a4a, 0xb6fd, 0xae9c, 0x328d, 0x0003, 0x0044, 0x0003, 0x0002, 0x0002, 0x0002, 0x0003, 0x0864, 0x0022, 0x0987, 0x9659, 0xaefb, 0x4bcf, 0x0042, 0x0022, 0x0002, 0x0001, 0x0001, 0x0001, 0x0001, 0x0001, 0x0000, 0x0000, 0x0000, 0x0000, 0x0000, 0x0000, 0x0000, 0x0000, 0x0000, 
    0x0000, 0x0000, 0x0000, 0x0000, 0x0000, 0x0000, 0x0000, 0x0000, 0x0000, 0x0001, 0x0001, 0x0000, 0x0000, 0x0020, 0x0020, 0x0001, 0x0002, 0x30e8, 0xb4b9, 0xcd5d, 0x8354, 0x7291, 0x6ab0, 0x626e, 0x6ad0, 0xc55c, 0xc55c, 0x59ee, 0x0804, 0x0804, 0x1846, 0x0803, 0x1025, 0x1025, 0x0804, 0x62af, 0xbd9b, 0xbd7b, 0xb55b, 0xc5dd, 0xb55b, 0xb59b, 0xb59b, 0xbdfc, 0xb59b, 0xbddc, 0xb5bb, 0x5aaf, 0x0025, 0x0004, 0x0005, 0x0004, 0x0004, 0x52af, 0xce5e, 0x9cb7, 0x0845, 0x1086, 0x0865, 0x0004, 0x0045, 0x0045, 0x0003, 0x0004, 0x31ea, 0xb61b, 0xbe5c, 0x4ace, 0x0003, 0x0865, 0x0844, 0x0003, 0x08c6, 0x95b9, 0xb6dd, 0x4b0e, 0x0002, 0x1084, 0x0043, 0x0022, 0x0947, 0x95b9, 0xb6dd, 0x74d6, 0x1168, 0x0003, 0x0024, 0x18a5, 0x1044, 0x1085, 0x0884, 0x0002, 0x00c4, 0x5431, 0xbf7d, 0x9659, 0x19e8, 0x0042, 0x0022, 0x0001, 0x0001, 0x0001, 0x0001, 0x0001, 0x0001, 0x0000, 0x0000, 0x0000, 0x0000, 0x0000, 0x0000, 0x0000, 0x0000, 0x0000, 
    0x0000, 0x0000, 0x0000, 0x0000, 0x0000, 0x0000, 0x0000, 0x0000, 0x0000, 0x0001, 0x0001, 0x0000, 0x0000, 0x0020, 0x0020, 0x0001, 0x0002, 0x28a7, 0xb4d9, 0xbd1b, 0x496c, 0x1005, 0x0804, 0x0803, 0x0803, 0x8373, 0xd5fe, 0xa477, 0x1846, 0x1005, 0x1846, 0x1004, 0x0003, 0x0804, 0x20a7, 0x8c35, 0xcdfc, 0x83d4, 0x5a8f, 0x6b12, 0x5a8f, 0x62f1, 0x52af, 0x6b51, 0x5aaf, 0x7392, 0xc63d, 0x9cd8, 0x18c8, 0x0004, 0x0825, 0x0825, 0x0004, 0x5aaf, 0xc63d, 0x8c56, 0x0825, 0x0004, 0x0004, 0x0003, 0x0003, 0x0003, 0x0003, 0x31cb, 0x94d6, 0xc67c, 0x8494, 0x1947, 0x0002, 0x1084, 0x0823, 0x0002, 0x08c5, 0x8d98, 0xb6dd, 0x430e, 0x0002, 0x0884, 0x0043, 0x0022, 0x0084, 0x53b0, 0xaedd, 0xaebd, 0x5bf2, 0x0106, 0x0022, 0x0043, 0x0002, 0x0022, 0x0022, 0x0083, 0x436e, 0xa6db, 0xb73d, 0x5c31, 0x0042, 0x0022, 0x0002, 0x0001, 0x0001, 0x0001, 0x0001, 0x0001, 0x0001, 0x0000, 0x0000, 0x0000, 0x0000, 0x0000, 0x0000, 0x0000, 0x0000, 0x0000, 
    0x0000, 0x0000, 0x0000, 0x0000, 0x0000, 0x0000, 0x0000, 0x0000, 0x0000, 0x0001, 0x0001, 0x0000, 0x0000, 0x0000, 0x0020, 0x0001, 0x0002, 0x28c7, 0xc55a, 0xcd9c, 0x498c, 0x1005, 0x1845, 0x1845, 0x1004, 0x2066, 0x9c36, 0xd5fd, 0x83b3, 0x1846, 0x0804, 0x1025, 0x1004, 0x0003, 0x5a6d, 0xbd9a, 0xa4b7, 0x2908, 0x0004, 0x0004, 0x0004, 0x0004, 0x0003, 0x0025, 0x0004, 0x2949, 0xa539, 0xbdbb, 0x4a4d, 0x0004, 0x0025, 0x0865, 0x0024, 0x5acf, 0xc61c, 0x94b6, 0x31ab, 0x18a7, 0x18c7, 0x1908, 0x2128, 0x31ca, 0x6350, 0x9d17, 0xbe3b, 0x8cd6, 0x3a2b, 0x0023, 0x0043, 0x0863, 0x0022, 0x0863, 0x08c5, 0x9598, 0xb6bc, 0x42cd, 0x0002, 0x0863, 0x0022, 0x0043, 0x0022, 0x00e5, 0x6c94, 0xb71e, 0xaebc, 0x74d5, 0x328b, 0x0925, 0x00c4, 0x0146, 0x09a7, 0x5431, 0xaedb, 0xbf7e, 0x7514, 0x1186, 0x0021, 0x0022, 0x0001, 0x0001, 0x0001, 0x0001, 0x0001, 0x0001, 0x0000, 0x0000, 0x0000, 0x0000, 0x0000, 0x0000, 0x0000, 0x0000, 0x0000, 0x0000, 
    0x0000, 0x0000, 0x0000, 0x0000, 0x0000, 0x0000, 0x0000, 0x0000, 0x0000, 0x0001, 0x0001, 0x0000, 0x0000, 0x0000, 0x0020, 0x0001, 0x0002, 0x28e7, 0xc55a, 0xcd9b, 0x498b, 0x0803, 0x1004, 0x0803, 0x0802, 0x0803, 0x418a, 0xacf8, 0xc59a, 0x62af, 0x0804, 0x0803, 0x0803, 0x1865, 0x9c75, 0xc5fb, 0x62ef, 0x0004, 0x0004, 0x1886, 0x1045, 0x0004, 0x0824, 0x1065, 0x0824, 0x1065, 0x7371, 0xbddb, 0x94b6, 0x0865, 0x0003, 0x0004, 0x0004, 0x5acf, 0xce3c, 0xb59a, 0x9496, 0xad59, 0xad39, 0xa559, 0xa559, 0xad99, 0xbe3c, 0xb5fa, 0x94d5, 0x3a0a, 0x0864, 0x0002, 0x0863, 0x0842, 0x0022, 0x0862, 0x08c4, 0x9577, 0xb69c, 0x3aac, 0x0002, 0x0042, 0x0002, 0x0843, 0x0002, 0x0002, 0x0906, 0x6c74, 0xae9c, 0xb6fc, 0xa69a, 0x8596, 0x7534, 0x7d96, 0x9659, 0xaefc, 0xbf3d, 0x7d14, 0x19c7, 0x0062, 0x0021, 0x0002, 0x0801, 0x0001, 0x0001, 0x0001, 0x0001, 0x0001, 0x0020, 0x0000, 0x0000, 0x0000, 0x0000, 0x0000, 0x0000, 0x0000, 0x0000, 0x0000, 
    0x0000, 0x0000, 0x0000, 0x0000, 0x0000, 0x0000, 0x0000, 0x0000, 0x0000, 0x0001, 0x0001, 0x0000, 0x0000, 0x0000, 0x0020, 0x0001, 0x0002, 0x28e7, 0xbd39, 0xc55a, 0x418b, 0x0803, 0x0803, 0x0802, 0x1023, 0x0803, 0x0803, 0x5a6d, 0xc59a, 0xacf7, 0x4a0c, 0x0804, 0x0002, 0x4a0b, 0xad18, 0xa4d6, 0x3169, 0x0002, 0x0003, 0x0003, 0x0003, 0x0824, 0x0003, 0x0023, 0x0023, 0x0002, 0x39aa, 0xa537, 0xb579, 0x3189, 0x0824, 0x0844, 0x0023, 0x528d, 0xbdda, 0xbdba, 0xc5fb, 0xb59a, 0xbdbb, 0xb5db, 0xad79, 0x94d6, 0x6bb1, 0x3a0b, 0x10c5, 0x0002, 0x0001, 0x0843, 0x0822, 0x0842, 0x0021, 0x0000, 0x08a3, 0x9d77, 0xb67b, 0x428c, 0x0001, 0x0022, 0x0001, 0x1063, 0x0002, 0x0864, 0x0002, 0x0043, 0x328c, 0x7d15, 0xa67a, 0xb71c, 0xbf5c, 0xaefb, 0x9e7a, 0x8555, 0x3aec, 0x00c4, 0x0001, 0x0001, 0x0021, 0x0001, 0x0001, 0x0001, 0x0001, 0x0001, 0x0000, 0x0020, 0x0020, 0x0000, 0x0000, 0x0000, 0x0000, 0x0000, 0x0000, 0x0000, 0x0000, 0x0000, 
    0x0000, 0x0000, 0x0000, 0x0000, 0x0000, 0x0000, 0x0000, 0x0000, 0x0000, 0x0001, 0x0001, 0x0000, 0x0000, 0x0000, 0x0000, 0x0001, 0x0001, 0x1044, 0x1845, 0x1845, 0x1024, 0x0803, 0x0002, 0x0001, 0x0802, 0x0802, 0x0823, 0x1885, 0x20c6, 0x20c6, 0x1885, 0x0823, 0x0002, 0x20c6, 0x18a5, 0x1885, 0x1064, 0x0843, 0x0803, 0x0002, 0x0002, 0x0003, 0x0003, 0x0003, 0x0823, 0x0844, 0x1064, 0x1085, 0x18a5, 0x0824, 0x0844, 0x1064, 0x1085, 0x18a6, 0x20e6, 0x2107, 0x2107, 0x2949, 0x2949, 0x2108, 0x10c7, 0x0885, 0x0064, 0x0023, 0x0002, 0x0022, 0x0022, 0x0022, 0x0021, 0x0021, 0x0021, 0x0021, 0x0021, 0x10c5, 0x10c5, 0x08a4, 0x0883, 0x0042, 0x0021, 0x0001, 0x0001, 0x0022, 0x0002, 0x0002, 0x0043, 0x00c4, 0x1987, 0x2a29, 0x3aaa, 0x19e8, 0x1186, 0x08e4, 0x0062, 0x0001, 0x0001, 0x0001, 0x0001, 0x0001, 0x0001, 0x0000, 0x0000, 0x0000, 0x0000, 0x0000, 0x0000, 0x0000, 0x0000, 0x0000, 0x0000, 0x0000, 0x0000, 0x0000, 0x0000, 0x0000, 
    0x0000, 0x0000, 0x0000, 0x0000, 0x0000, 0x0000, 0x0000, 0x0000, 0x0000, 0x0000, 0x0000, 0x0000, 0x0000, 0x0000, 0x0000, 0x0001, 0x0001, 0x0803, 0x1003, 0x1023, 0x0803, 0x0802, 0x0001, 0x0001, 0x0801, 0x0001, 0x0002, 0x0802, 0x0823, 0x0823, 0x0803, 0x0002, 0x0002, 0x0803, 0x0802, 0x0002, 0x0002, 0x0002, 0x0002, 0x0002, 0x0002, 0x0002, 0x0002, 0x0002, 0x0003, 0x0823, 0x0843, 0x0864, 0x1064, 0x0002, 0x0002, 0x0002, 0x0003, 0x0823, 0x0823, 0x0823, 0x0823, 0x0824, 0x0824, 0x0024, 0x0023, 0x0023, 0x0023, 0x0022, 0x0002, 0x0022, 0x0022, 0x0822, 0x0821, 0x0021, 0x0021, 0x0021, 0x0021, 0x0843, 0x0843, 0x0842, 0x0042, 0x0041, 0x0021, 0x0021, 0x0022, 0x0843, 0x0043, 0x0023, 0x0002, 0x0002, 0x0021, 0x0021, 0x0041, 0x0083, 0x0062, 0x0022, 0x0001, 0x0001, 0x0801, 0x0001, 0x0001, 0x0001, 0x0000, 0x0000, 0x0000, 0x0000, 0x0000, 0x0000, 0x0000, 0x0000, 0x0000, 0x0000, 0x0000, 0x0000, 0x0000, 0x0000, 0x0000, 0x0000, 
    0x0000, 0x0000, 0x0000, 0x0000, 0x0000, 0x0000, 0x0000, 0x0000, 0x0000, 0x0000, 0x0000, 0x0000, 0x0000, 0x0000, 0x0000, 0x0001, 0x0001, 0x0001, 0x0802, 0x0802, 0x0002, 0x0001, 0x0001, 0x0001, 0x0021, 0x0001, 0x0001, 0x0001, 0x0001, 0x0001, 0x0002, 0x0002, 0x0002, 0x0002, 0x0002, 0x0002, 0x0001, 0x0001, 0x0001, 0x0001, 0x0001, 0x0022, 0x0002, 0x0002, 0x0002, 0x0002, 0x0002, 0x0002, 0x0022, 0x0822, 0x0822, 0x0822, 0x0022, 0x0022, 0x0002, 0x0002, 0x0002, 0x0002, 0x0003, 0x0003, 0x0023, 0x0023, 0x0043, 0x0042, 0x0042, 0x0022, 0x0002, 0x0021, 0x0021, 0x0021, 0x0021, 0x0021, 0x0021, 0x0002, 0x0002, 0x0001, 0x0021, 0x0021, 0x0021, 0x0021, 0x0021, 0x0002, 0x0002, 0x0023, 0x0022, 0x0022, 0x0001, 0x0000, 0x0000, 0x0001, 0x0001, 0x0001, 0x0001, 0x0822, 0x0822, 0x0001, 0x0001, 0x0000, 0x0000, 0x0000, 0x0000, 0x0000, 0x0000, 0x0000, 0x0000, 0x0000, 0x0000, 0x0000, 0x0000, 0x0000, 0x0000, 0x0000, 0x0000, 0x0000
};
const tImage yoradio_boot_small_meta = { image_data_yoradio_boot_small, 114, 97, 16 };

