/*******************************************************************************
 * Size: 48 px
 * Bpp: 4
 * Opts: --font G:\Github\Yoradio_RGB_Panel-1\tools\fonts\Montserrat-Medium.ttf --size 48 --bpp 4 --format lvgl -o src\src\lvgl_ui\fonts\lv_font_yora_montserrat_48_cyr.c -r 0x20-0x7F,0x400-0x4FF,0xB0,0x2022,0x2026,0xC0,0xC1,0xC2,0xC4,0xC6,0xC7,0xC8,0xC9,0xCA,0xCB,0xCD,0xCE,0xCF,0xD3,0xD4,0xD6,0xD9,0xDA,0xDB,0xDC,0xDD,0xDF,0xE0,0xE1,0xE2,0xE4,0xE6,0xE7,0xE8,0xE9,0xEA,0xEB,0xED,0xEE,0xEF,0xF3,0xF4,0xF6,0xF9,0xFA,0xFB,0xFC,0xFD,0xFF,0x104,0x105,0x106,0x107,0x10C,0x10D,0x10E,0x10F,0x118,0x119,0x139,0x13A,0x13D,0x13E,0x141,0x142,0x143,0x144,0x147,0x148,0x152,0x153,0x154,0x155,0x15A,0x15B,0x160,0x161,0x164,0x165,0x178,0x179,0x17A,0x17B,0x17C,0x17D,0x17E,0x1E9E,0xA0,0xAB,0xBB,0x2013-0x2014,0x2018-0x2019,0x201C-0x201E --lv-include lvgl.h
 ******************************************************************************/

#ifdef LV_LVGL_H_INCLUDE_SIMPLE
#include "lvgl.h"
#else
#include "lvgl.h"
#endif

#ifndef LV_FONT_YORA_MONTSERRAT_48_CYR
#define LV_FONT_YORA_MONTSERRAT_48_CYR 1
#endif

#if LV_FONT_YORA_MONTSERRAT_48_CYR

/*-----------------
 *    BITMAPS
 *----------------*/

/*Store the image of the glyphs*/
static LV_ATTRIBUTE_LARGE_CONST const uint8_t glyph_bitmap[] = {
    /* U+0020 " " */

    /* U+0021 "!" */
    0x3f, 0xfe, 0x20, 0xf, 0x18, 0x80, 0x78, 0xc0,
    0x38, 0x40, 0x3e, 0x10, 0xf, 0xf8, 0x40, 0x3c,
    0x60, 0x1f, 0xc2, 0x1, 0x8, 0x0, 0xc0, 0x3f,
    0xce, 0x0, 0x10, 0x8, 0x40, 0x3f, 0x9c, 0x2,
    0x30, 0x0, 0x80, 0x42, 0x1, 0xfc, 0x60, 0x17,
    0x80, 0x7f, 0x8, 0x4, 0x20, 0xf, 0x0, 0x8c,
    0x3, 0xf8, 0x40, 0x21, 0x0, 0x3d, 0xdc, 0xa0,
    0x1, 0x44, 0x84, 0x3, 0xff, 0x8c, 0x40, 0x19,
    0xff, 0x7d, 0x81, 0x60, 0x2, 0x93, 0xc0, 0xe,
    0x40, 0xf, 0xd, 0x0, 0x73, 0x9d, 0x98, 0x1e,
    0x8,

    /* U+0022 "\"" */
    0xff, 0xc0, 0x19, 0x3f, 0xeb, 0x0, 0xff, 0xe0,
    0x88, 0x7, 0xce, 0x1, 0x8, 0x7, 0xff, 0x38,
    0xc0, 0x2, 0x1, 0x84, 0x2, 0x30, 0xf, 0xfe,
    0x8, 0x80, 0xc, 0x3, 0x18, 0x4, 0x20, 0x1f,
    0xfc, 0x41, 0x0, 0xfd, 0xee, 0x1, 0xf0, 0x80,
    0x7f, 0xf2, 0x1c, 0x3, 0xf0, 0xd6, 0xea, 0x80,
    0x3b, 0x76, 0x60,

    /* U+0023 "#" */
    0x0, 0xff, 0x7f, 0xcc, 0x1, 0xfa, 0x7f, 0xd8,
    0x1, 0xff, 0xc3, 0x20, 0x8, 0x80, 0x3f, 0x10,
    0x1, 0x80, 0x3f, 0xf8, 0x6c, 0x1, 0x28, 0x7,
    0xe6, 0x0, 0x10, 0x7, 0xff, 0xc, 0xc0, 0x21,
    0x0, 0xfc, 0x40, 0xe, 0x0, 0xff, 0xe1, 0xf0,
    0x0, 0x80, 0x3f, 0x8, 0x4, 0x40, 0x1f, 0xfc,
    0x32, 0x0, 0x30, 0x7, 0xe5, 0x0, 0x98, 0x3,
    0xff, 0x86, 0xc0, 0x2, 0x0, 0xfc, 0x40, 0x11,
    0x0, 0x7f, 0xf0, 0xc8, 0x1, 0xc0, 0x1f, 0xb8,
    0x0, 0x20, 0x1f, 0x8b, 0xff, 0xe0, 0xa, 0x3f,
    0xff, 0x38, 0x0, 0x7f, 0xfc, 0xe0, 0x1f, 0xff,
    0x53, 0x77, 0xf1, 0x80, 0x4e, 0xff, 0x98, 0x2,
    0x47, 0x7f, 0x20, 0xc, 0x47, 0x94, 0x0, 0x51,
    0x1f, 0xac, 0x2, 0xf8, 0x8f, 0x18, 0x7, 0xe2,
    0x0, 0x30, 0x7, 0xe1, 0x0, 0x98, 0x3, 0xff,
    0x86, 0xc0, 0x2, 0x0, 0xfc, 0xc0, 0x11, 0x0,
    0x7f, 0xf0, 0xc8, 0x1, 0xc0, 0x1f, 0x88, 0x0,
    0x20, 0x1f, 0xfc, 0x31, 0x0, 0x84, 0x3, 0xf7,
    0x0, 0x8, 0x3, 0xff, 0x86, 0x40, 0x11, 0x0,
    0x7e, 0x20, 0x3, 0x80, 0x7f, 0xf0, 0xdc, 0x2,
    0x60, 0xf, 0xcc, 0x0, 0x20, 0xf, 0xfe, 0x19,
    0x0, 0x44, 0x1, 0xf8, 0x80, 0x1c, 0x1, 0xff,
    0xc3, 0xe0, 0x0, 0x80, 0x7e, 0x10, 0x8, 0x80,
    0x3f, 0x34, 0x47, 0x94, 0x2, 0x88, 0xfe, 0x0,
    0xbe, 0x23, 0x9c, 0x1, 0xae, 0xfe, 0x20, 0x0,
    0xbb, 0xfe, 0x60, 0x9, 0x5d, 0xfa, 0x40, 0x3f,
    0xfe, 0xd7, 0xff, 0xda, 0x1, 0x5f, 0xff, 0xe5,
    0x0, 0x1f, 0xff, 0xb8, 0x3, 0xf3, 0x0, 0x4e,
    0x1, 0xf9, 0x80, 0xc, 0x1, 0xff, 0xc3, 0x20,
    0x8, 0x80, 0x3f, 0x10, 0x0, 0x80, 0x3f, 0xf8,
    0x62, 0x1, 0x8, 0x7, 0xe1, 0x0, 0x70, 0x7,
    0xff, 0xf, 0x80, 0x4, 0x1, 0xf8, 0x80, 0x22,
    0x0, 0xff, 0xe1, 0x90, 0x1, 0x80, 0x3f, 0x8,
    0x4, 0xc0, 0x1f, 0xfc, 0x36, 0x0, 0x10, 0x7,
    0xe6, 0x0, 0x88, 0x3, 0xff, 0x86, 0x40, 0xe,
    0x0, 0xfc, 0x40, 0x1, 0x0, 0xff, 0xe1, 0x88,
    0x4, 0x40, 0x1f, 0xb8, 0x0, 0x40, 0x1f, 0xe0,

    /* U+0024 "$" */
    0x0, 0xff, 0xe0, 0x37, 0xfa, 0xc0, 0x3f, 0xff,
    0xe0, 0x1f, 0xff, 0xf0, 0xc, 0x71, 0x7b, 0x20,
    0x4, 0xfd, 0xc8, 0x40, 0xf, 0xfe, 0x2, 0xee,
    0x3a, 0x10, 0x7, 0x11, 0xbd, 0xfc, 0x98, 0x7,
    0xc3, 0x74, 0x40, 0x1f, 0xfc, 0x26, 0xca, 0x10,
    0xc, 0x38, 0x80, 0x1f, 0xfc, 0x65, 0x20, 0xd,
    0x44, 0x1, 0x85, 0xaa, 0x0, 0x9, 0x97, 0x8,
    0x1, 0x8c, 0xc0, 0x12, 0x20, 0x3, 0x3f, 0x4a,
    0x88, 0x4, 0x68, 0xf7, 0xd0, 0x21, 0x20, 0x1b,
    0xc0, 0x34, 0x40, 0x3, 0xfe, 0x17, 0xe7, 0x50,
    0xc, 0x80, 0x11, 0x38, 0x7, 0xff, 0xe, 0x0,
    0x31, 0x0, 0x64, 0x0, 0xff, 0xe4, 0x88, 0x6,
    0x10, 0xf, 0xfe, 0x49, 0x0, 0x62, 0x0, 0xff,
    0xe4, 0x88, 0x6, 0x52, 0x0, 0xff, 0xe4, 0xa8,
    0x6, 0xc4, 0x0, 0xff, 0xe4, 0x48, 0x6, 0x1b,
    0xc5, 0x0, 0xff, 0xe3, 0x1b, 0x80, 0x71, 0xd7,
    0xd8, 0x7, 0xff, 0x16, 0x1c, 0x3, 0xe2, 0x0,
    0x2c, 0xa8, 0x7, 0xff, 0x6, 0x2c, 0x80, 0x3f,
    0xb, 0x57, 0xe3, 0x8, 0x7, 0xf9, 0x36, 0xd0,
    0x3, 0xfc, 0x73, 0xd0, 0x1, 0xff, 0x25, 0xfd,
    0xb0, 0x80, 0x7f, 0x3e, 0x98, 0x7, 0xff, 0x1,
    0x26, 0x0, 0x2, 0x20, 0xf, 0x16, 0x10, 0x7,
    0xff, 0x11, 0x7b, 0x18, 0x3, 0xde, 0x1, 0xff,
    0xc6, 0x39, 0xe5, 0x0, 0xc4, 0x80, 0x1f, 0xfc,
    0x71, 0xa5, 0x0, 0xda, 0x1, 0xff, 0xc9, 0xb0,
    0xc, 0x40, 0x1f, 0xfc, 0x91, 0x10, 0x4, 0xc0,
    0x1f, 0xfc, 0xe1, 0x0, 0x32, 0x80, 0x7f, 0xf1,
    0x4c, 0x40, 0x25, 0x0, 0x45, 0x48, 0x80, 0x7f,
    0xf0, 0xfc, 0x3, 0x60, 0x30, 0x83, 0x74, 0x8,
    0x7, 0xfc, 0x58, 0x60, 0x11, 0x28, 0x58, 0x6,
    0x7e, 0xc8, 0x53, 0xe0, 0x3, 0xa3, 0x5e, 0x98,
    0x6, 0x90, 0x4, 0x88, 0x7, 0x1b, 0xd6, 0x38,
    0x0, 0xee, 0x50, 0x3, 0xa1, 0x0, 0x9, 0xea,
    0x1, 0xff, 0xc7, 0xa7, 0x0, 0xc3, 0x58, 0xa0,
    0x1f, 0xfc, 0x36, 0xe5, 0x0, 0xf8, 0xeb, 0xed,
    0xd0, 0x40, 0x3c, 0x4b, 0x3d, 0x22, 0x1, 0xff,
    0x24, 0x5f, 0x7c, 0x80, 0x13, 0xf6, 0x98, 0x40,
    0x3f, 0xff, 0xe0, 0x1f, 0xfe, 0x75, 0x77, 0x70,
    0x7, 0xfc,

    /* U+0025 "%" */
    0x0, 0xe6, 0xbe, 0xfe, 0xc7, 0x0, 0xff, 0xe2,
    0x3f, 0xfc, 0x60, 0x1f, 0x8b, 0x65, 0x4, 0x4,
    0xe3, 0x8c, 0x3, 0xff, 0x82, 0x50, 0x0, 0x73,
    0x0, 0xf8, 0xb0, 0x80, 0x2, 0x62, 0x0, 0x1c,
    0x30, 0xf, 0xfe, 0x7, 0x0, 0xa, 0x0, 0x3f,
    0x70, 0x80, 0xdf, 0x67, 0x61, 0x0, 0x34, 0x3,
    0xfe, 0x83, 0x0, 0x70, 0x7, 0xe5, 0x30, 0x6,
    0x20, 0x4, 0x78, 0x20, 0x2e, 0x1, 0xfc, 0x6e,
    0x0, 0x73, 0x0, 0xfd, 0xc0, 0x7, 0x20, 0xe,
    0x1b, 0x0, 0x50, 0x7, 0xf7, 0x0, 0xa, 0x0,
    0x3f, 0x90, 0x1, 0x60, 0x1f, 0x28, 0x0, 0x84,
    0x3, 0xe8, 0x20, 0x7, 0x80, 0x7f, 0x8, 0x4,
    0x60, 0x1f, 0x88, 0x0, 0xa0, 0x1e, 0x37, 0x0,
    0x41, 0x0, 0x7f, 0x18, 0x0, 0x40, 0x3f, 0x98,
    0x0, 0x20, 0x1e, 0xe0, 0x1, 0xb8, 0x7, 0xf8,
    0x40, 0x3f, 0xf9, 0x30, 0x40, 0xe, 0x0, 0xff,
    0x88, 0x0, 0x20, 0x1f, 0xcc, 0x0, 0x10, 0xc,
    0x6e, 0x0, 0x82, 0x0, 0xff, 0x84, 0x2, 0x30,
    0xf, 0xc4, 0x0, 0x50, 0xd, 0xc0, 0x3, 0x70,
    0xf, 0xfe, 0xa, 0x0, 0x28, 0x3, 0xe5, 0x0,
    0x10, 0x80, 0x52, 0x40, 0xe, 0x0, 0xff, 0xe1,
    0x78, 0x1, 0x88, 0x3, 0x86, 0xc0, 0x14, 0x1,
    0x23, 0x0, 0x20, 0x80, 0x3f, 0xf8, 0x48, 0x60,
    0xc, 0x50, 0x8, 0xf0, 0x40, 0x5c, 0x2, 0xa0,
    0x1, 0xb8, 0x7, 0xff, 0x13, 0x44, 0x6, 0xbb,
    0x3b, 0x8, 0x1, 0xa0, 0x14, 0x88, 0x3, 0x80,
    0x21, 0x6a, 0xbb, 0x4a, 0x0, 0x7c, 0x38, 0x40,
    0x1, 0x31, 0x0, 0xd, 0x98, 0x1, 0x18, 0x1,
    0x24, 0x0, 0x5f, 0x95, 0x44, 0x35, 0xe9, 0x80,
    0x78, 0xb6, 0x90, 0x40, 0x4e, 0x39, 0x0, 0x3,
    0x40, 0x4, 0x60, 0x3, 0xd0, 0x80, 0x78, 0xb0,
    0xc0, 0x3e, 0x5b, 0xef, 0xec, 0x70, 0xd, 0x62,
    0x0, 0xa0, 0x1, 0xc0, 0x1, 0x33, 0xfa, 0x84,
    0x1, 0xa2, 0x1, 0xff, 0xc4, 0x45, 0x0, 0x48,
    0x80, 0x38, 0x0, 0xb6, 0x60, 0x2b, 0xe4, 0x3,
    0x0, 0x1f, 0xfc, 0x31, 0xa0, 0x2, 0x30, 0x0,
    0xc8, 0x6, 0xc0, 0x38, 0x64, 0x0, 0xc0, 0x1f,
    0xfc, 0x3b, 0x10, 0x1a, 0x0, 0xac, 0x0, 0xe2,
    0x1, 0xe4, 0x10, 0x2, 0x0, 0x7f, 0xf0, 0x55,
    0x40, 0xb, 0x10, 0x8, 0xc0, 0x18, 0x1, 0xf9,
    0x0, 0x18, 0x1, 0xff, 0xc0, 0x1b, 0x0, 0x22,
    0x80, 0x66, 0x0, 0x30, 0x7, 0xe2, 0x0, 0x8,
    0x7, 0xff, 0x2, 0xc4, 0x6, 0x80, 0x38, 0xc0,
    0x2, 0x1, 0xfb, 0xc0, 0x6, 0x1, 0xff, 0x2a,
    0x80, 0x16, 0x20, 0x1c, 0x60, 0x1, 0x0, 0xff,
    0xe5, 0xd, 0x80, 0x15, 0x40, 0x1e, 0x10, 0x3,
    0x80, 0x7e, 0xe0, 0x1, 0x0, 0x7f, 0xa8, 0x40,
    0x6c, 0x3, 0xe5, 0x0, 0x60, 0x7, 0xe4, 0x0,
    0x68, 0x7, 0xf3, 0x20, 0x2, 0xc4, 0x3, 0xec,
    0x0, 0x28, 0x7, 0xc4, 0x40, 0x2, 0x0, 0x7e,
    0x19, 0x0, 0x2a, 0x80, 0x3f, 0x28, 0x81, 0x38,
    0x7, 0xb8, 0x0, 0xa2, 0x1, 0xfa, 0x80, 0x3,
    0x60, 0x1f, 0xe8, 0x0, 0x44, 0x0, 0x22, 0xb3,
    0x0, 0x40, 0x7, 0xe6, 0x40, 0x5, 0x8, 0x7,
    0xf9, 0x94, 0x0, 0xff, 0xbb, 0x20, 0x2, 0x48,
    0x3, 0xe2, 0x90, 0x3, 0x20, 0x7, 0xff, 0x2,
    0x98, 0x2, 0x22, 0x0, 0x52, 0xc0, 0x1f, 0xb8,
    0x0, 0x32, 0x1, 0xff, 0xc2, 0x9c, 0x62, 0x0,
    0x13, 0xf3, 0x0, 0x40,

    /* U+0026 "&" */
    0x0, 0xfe, 0x6a, 0xdf, 0xf7, 0x64, 0x98, 0x7,
    0xff, 0x21, 0xfe, 0x54, 0x80, 0x2, 0x6d, 0x96,
    0x40, 0x1f, 0xfc, 0x5a, 0x80, 0xf, 0xf2, 0x61,
    0x0, 0x7f, 0xf0, 0xe1, 0x40, 0x32, 0xc4, 0xc1,
    0x80, 0x43, 0xc0, 0x1f, 0xfc, 0x21, 0x70, 0x8,
    0xb6, 0x9d, 0x9f, 0x28, 0x2, 0x34, 0x0, 0xff,
    0xe0, 0xb0, 0x6, 0xf2, 0x0, 0xe5, 0x70, 0xb,
    0x0, 0x3f, 0xf8, 0x3a, 0x1, 0x21, 0x0, 0x7d,
    0x60, 0x11, 0x0, 0x7f, 0xf0, 0x44, 0x2, 0x20,
    0xf, 0xfe, 0x71, 0x0, 0x44, 0x1, 0xf9, 0x0,
    0x22, 0x0, 0xff, 0xe0, 0xf8, 0x4, 0x80, 0x1f,
    0xc, 0x80, 0x56, 0x1, 0xff, 0xc1, 0x70, 0xd,
    0x0, 0x1c, 0x3a, 0x20, 0x4, 0x30, 0xf, 0xfe,
    0x8, 0xb0, 0x4, 0xe8, 0x1, 0x1e, 0x18, 0x0,
    0x68, 0x3, 0xff, 0x87, 0x24, 0x1, 0x59, 0x84,
    0x61, 0x0, 0x7, 0x4, 0x3, 0xff, 0x89, 0xe0,
    0x1b, 0x79, 0xc0, 0x23, 0xf2, 0x0, 0xff, 0xe2,
    0x95, 0x80, 0x42, 0x20, 0xa, 0x30, 0x40, 0x3f,
    0xf8, 0xe4, 0x1, 0xe2, 0xd7, 0x0, 0xff, 0xe3,
    0x96, 0x48, 0x7, 0x89, 0x0, 0x3f, 0xf8, 0xed,
    0xa6, 0x1, 0x10, 0x6, 0x96, 0x0, 0xff, 0xe2,
    0xcc, 0x80, 0x34, 0xed, 0x80, 0x69, 0x70, 0xf,
    0x27, 0xdb, 0x8, 0x6, 0x96, 0x0, 0x8f, 0x98,
    0x12, 0xc0, 0x34, 0x38, 0x7, 0x60, 0x24, 0xb0,
    0x4, 0xac, 0x1, 0x2e, 0x8, 0x4, 0x98, 0x1,
    0xa1, 0xc0, 0x32, 0x0, 0x46, 0x1, 0x58, 0x4,
    0x74, 0x1, 0xe3, 0xc0, 0xd, 0xe, 0x0, 0x23,
    0x0, 0x90, 0x0, 0xa2, 0x1, 0x78, 0x7, 0xe3,
    0xc0, 0xd, 0xe, 0x16, 0x1, 0x28, 0x5, 0xe0,
    0x11, 0x18, 0x7, 0xf1, 0xe0, 0x80, 0x51, 0x6,
    0x0, 0xb8, 0x2, 0x60, 0x9, 0x80, 0x3f, 0xe3,
    0xd1, 0x0, 0x9c, 0x2, 0x24, 0x0, 0x84, 0x2,
    0x70, 0xf, 0xfe, 0x1, 0xe0, 0x80, 0x7a, 0x40,
    0x33, 0x0, 0x46, 0x1, 0xff, 0xc1, 0x2c, 0x10,
    0xc, 0x28, 0x1, 0x8c, 0x3, 0x48, 0x7, 0xff,
    0x5, 0x80, 0x38, 0x68, 0x3, 0x50, 0x6, 0x69,
    0x0, 0xff, 0xc, 0xd8, 0x80, 0x72, 0xd0, 0x4,
    0x4e, 0x1, 0x9b, 0x9c, 0xc0, 0x30, 0xac, 0xf3,
    0x0, 0x61, 0x0, 0x96, 0x80, 0x28, 0x40, 0xc,
    0x31, 0x9f, 0xdc, 0xfe, 0xa6, 0x0, 0xc3, 0x9e,
    0x40, 0x12, 0xd0, 0x5, 0x6c, 0x1, 0xf0, 0x88,
    0x3, 0xe4, 0xf3, 0x1f, 0x10, 0x9, 0x80, 0x34,
    0xe2, 0x0, 0x7f, 0xf0, 0x12, 0xec, 0x20, 0x2,
    0xc1, 0x1, 0xd0, 0xe, 0x3b, 0xd8, 0x52, 0x0,
    0x84, 0x96, 0x7a, 0xd0, 0x3, 0x8b, 0xb, 0x44,
    0x3, 0xe2, 0x7a, 0xdf, 0xfb, 0xb6, 0x98, 0x40,
    0x3f, 0x16, 0x98, 0x0,

    /* U+0027 "'" */
    0xff, 0xc0, 0x1e, 0x10, 0xf, 0xfe, 0x11, 0x80,
    0x4, 0x3, 0xc2, 0x0, 0x30, 0xf, 0xe1, 0x7,
    0x0, 0xff, 0xe0, 0x38, 0x56, 0xea, 0x80,

    /* U+0028 "(" */
    0x0, 0xe1, 0xff, 0xcc, 0x1, 0xd0, 0x1, 0x13,
    0x0, 0x62, 0x60, 0xa, 0x0, 0x3a, 0xc0, 0x21,
    0x50, 0xc, 0x2c, 0x1, 0x48, 0x7, 0x30, 0x6,
    0x60, 0xe, 0xa0, 0x9, 0x44, 0x3, 0x19, 0x0,
    0x5e, 0x1, 0xc8, 0x1, 0x94, 0x3, 0xac, 0x2,
    0x40, 0xf, 0x18, 0x5, 0x80, 0x1c, 0x80, 0x19,
    0x0, 0x38, 0xc0, 0x31, 0x80, 0x76, 0x80, 0x44,
    0x1, 0xe7, 0x0, 0x9c, 0x3, 0xc4, 0x1, 0x10,
    0x7, 0x8, 0x6, 0xe0, 0xe, 0x20, 0xc, 0x60,
    0x1c, 0xe0, 0x19, 0x80, 0x38, 0x40, 0x30, 0x80,
    0x71, 0x80, 0x7f, 0xf0, 0xcc, 0x3, 0xff, 0xa8,
    0x60, 0x1c, 0x60, 0x1f, 0xe1, 0x0, 0xc2, 0x1,
    0xce, 0x1, 0x98, 0x3, 0x88, 0x3, 0x18, 0x7,
    0x8, 0x6, 0xe0, 0xf, 0x10, 0x4, 0x40, 0x1e,
    0x70, 0x9, 0xc0, 0x3d, 0xa0, 0x11, 0x0, 0x78,
    0xc0, 0x31, 0x80, 0x72, 0x0, 0x64, 0x0, 0xf1,
    0x80, 0x58, 0x1, 0xeb, 0x0, 0x90, 0x3, 0xca,
    0x1, 0x94, 0x3, 0x88, 0x80, 0x17, 0x80, 0x7a,
    0x80, 0x25, 0x10, 0xe, 0x60, 0xc, 0xc0, 0x1c,
    0x2c, 0x1, 0x48, 0x7, 0xac, 0x2, 0x15, 0x0,
    0xe2, 0x60, 0xa, 0x0, 0x3d, 0x0, 0x11, 0x30,

    /* U+0029 ")" */
    0x3f, 0xfc, 0x60, 0x1c, 0x6a, 0x1, 0x78, 0x7,
    0xa0, 0x2, 0x35, 0x0, 0xe2, 0x40, 0xa, 0x40,
    0x3d, 0x0, 0x11, 0xa0, 0x7, 0x19, 0x0, 0x5c,
    0x1, 0xea, 0x0, 0x94, 0x40, 0x39, 0x80, 0x33,
    0x80, 0x70, 0x98, 0x5, 0xa0, 0x1e, 0x40, 0x9,
    0x0, 0x3d, 0x60, 0x19, 0x0, 0x38, 0xc0, 0x31,
    0x80, 0x78, 0xc0, 0x2c, 0x0, 0xf2, 0x80, 0x4a,
    0x1, 0xee, 0x0, 0x84, 0x3, 0xc6, 0x1, 0x8c,
    0x3, 0x98, 0x3, 0x30, 0x7, 0x18, 0x6, 0x30,
    0xe, 0x10, 0xc, 0x20, 0x1e, 0x10, 0xb, 0x80,
    0x3f, 0xf8, 0xa6, 0x1, 0x18, 0x7, 0xff, 0x40,
    0xc0, 0x23, 0x0, 0xff, 0xe2, 0x88, 0x5, 0xc0,
    0x1c, 0x20, 0x18, 0x40, 0x38, 0xc0, 0x31, 0x80,
    0x73, 0x0, 0x66, 0x0, 0xe3, 0x0, 0xc6, 0x1,
    0xdc, 0x1, 0x8, 0x7, 0x94, 0x2, 0x50, 0xf,
    0x18, 0x5, 0x80, 0x1c, 0x60, 0x18, 0xc0, 0x3a,
    0xc0, 0x32, 0x0, 0x72, 0x0, 0x48, 0x1, 0xc2,
    0x60, 0x16, 0x80, 0x73, 0x0, 0x67, 0x0, 0xea,
    0x0, 0x94, 0x40, 0x31, 0x90, 0x5, 0xc0, 0x1d,
    0x0, 0x11, 0xa0, 0x6, 0x24, 0x0, 0xa4, 0x3,
    0xa0, 0x2, 0x35, 0x0, 0xc6, 0xa0, 0x17, 0x80,
    0x70,

    /* U+002A "*" */
    0x0, 0xfd, 0xbf, 0xe0, 0xf, 0xff, 0x25, 0x18,
    0x7, 0xfc, 0x54, 0x20, 0x5, 0x56, 0x50, 0x80,
    0x7e, 0x8d, 0x59, 0x0, 0x40, 0x1, 0x79, 0xc0,
    0x40, 0x25, 0xe7, 0x0, 0x38, 0x87, 0xa0, 0x5,
    0x1a, 0x40, 0xb, 0xa1, 0x0, 0x15, 0x88, 0x15,
    0xd8, 0x80, 0x4, 0x20, 0x4, 0x0, 0xc, 0xea,
    0x0, 0x64, 0xd9, 0x10, 0xf, 0x3f, 0x30, 0x7,
    0xe2, 0x30, 0xe, 0x1f, 0x0, 0xfc, 0x57, 0x62,
    0x0, 0xe1, 0x8d, 0x40, 0xc, 0x33, 0xa8, 0x0,
    0x11, 0x0, 0x8, 0x0, 0x57, 0x62, 0x0, 0x63,
    0x0, 0x4d, 0xc4, 0x0, 0xd8, 0x0, 0x93, 0x44,
    0x2c, 0x0, 0x9b, 0x20, 0x20, 0x13, 0xf2, 0x80,
    0x18, 0x41, 0x92, 0xac, 0x80, 0x3e, 0x1a, 0xc4,
    0x80, 0xa, 0xd4, 0x3, 0xfe, 0x3b, 0x10, 0xf,
    0xff, 0x1e, 0x6e, 0x80, 0x3f, 0x0,

    /* U+002B "+" */
    0x0, 0xfe, 0x44, 0xc0, 0x1f, 0xfc, 0x6b, 0xbc,
    0x1, 0xff, 0xff, 0x0, 0xff, 0xff, 0x80, 0x7f,
    0xf0, 0x6b, 0x77, 0xf0, 0x6, 0xdd, 0xfd, 0x2c,
    0x45, 0xf8, 0x3, 0x11, 0x7f, 0x0, 0x7f, 0xf8,
    0x33, 0xff, 0xf0, 0x6, 0xff, 0xfd, 0x60, 0x1f,
    0xff, 0xf0, 0xf, 0xff, 0xf8, 0x7, 0xff, 0x38,

    /* U+002C "," */
    0x0, 0x2b, 0xa8, 0x5, 0x95, 0x15, 0x60, 0xe6,
    0x1, 0x22, 0xe8, 0x7, 0x61, 0x80, 0x70, 0xd0,
    0x7, 0x71, 0xd8, 0x80, 0x4e, 0x8, 0x60, 0x4,
    0x10, 0x12, 0x0, 0x68, 0x1, 0x0, 0x27, 0x0,
    0x60, 0x1, 0x4, 0x0, 0x80, 0xd, 0x0, 0x9,
    0x0, 0x1c, 0x0, 0x80, 0x4, 0x10, 0x0,

    /* U+002D "-" */
    0x0, 0xff, 0xe1, 0x27, 0xff, 0xff, 0x2, 0x80,
    0x3f, 0xfb, 0xc0,

    /* U+002E "." */
    0x0, 0x3c, 0xb0, 0x0, 0x7a, 0x1a, 0x70, 0x20,
    0x40, 0x23, 0x62, 0x0, 0xef, 0x10, 0xe, 0xe9,
    0x0, 0xe6, 0x3b, 0x30, 0x3c, 0x10,

    /* U+002F "/" */
    0x0, 0xff, 0xe2, 0x57, 0xfc, 0xe0, 0x1f, 0xfc,
    0x45, 0x0, 0x94, 0x3, 0xff, 0x86, 0xa0, 0x11,
    0x90, 0x7, 0xff, 0xf, 0x80, 0x2b, 0x0, 0xff,
    0xe1, 0x8a, 0x0, 0x4a, 0x1, 0xff, 0xc3, 0x70,
    0x8, 0xc8, 0x3, 0xff, 0x87, 0xa0, 0x15, 0x0,
    0x7f, 0xf0, 0xc5, 0x0, 0x27, 0x0, 0xff, 0xe1,
    0xb8, 0x4, 0x82, 0x1, 0xff, 0xc3, 0xa0, 0xb,
    0x40, 0x3f, 0xf8, 0x62, 0x60, 0x13, 0x80, 0x7f,
    0xf0, 0xd8, 0x2, 0x41, 0x0, 0xff, 0xe1, 0xd8,
    0x5, 0xc0, 0x1f, 0xfc, 0x32, 0x30, 0x9, 0x40,
    0x3f, 0xf8, 0x6a, 0x1, 0x28, 0x7, 0xff, 0x12,
    0x80, 0x2f, 0x0, 0xff, 0xe1, 0x91, 0x0, 0x25,
    0x0, 0xff, 0xe1, 0xd0, 0x4, 0xa0, 0x1f, 0xfc,
    0x45, 0x0, 0xb8, 0x3, 0xff, 0x86, 0x64, 0x0,
    0x14, 0x0, 0xff, 0xe1, 0xd0, 0x4, 0xe0, 0x1f,
    0xfc, 0x47, 0x0, 0xb4, 0x3, 0xff, 0x86, 0x82,
    0x0, 0x14, 0x0, 0xff, 0xe1, 0xe8, 0x4, 0xe0,
    0x1f, 0xfc, 0x47, 0x0, 0xa8, 0x3, 0xff, 0x86,
    0x82, 0x0, 0x13, 0x0, 0xff, 0xe1, 0xf0, 0x4,
    0xc0, 0x1f, 0xfc, 0x45, 0x0, 0xac, 0x3, 0xff,
    0x86, 0xa0, 0x11, 0x18, 0x7, 0xff, 0xf, 0xc0,
    0x25, 0x0, 0xff, 0xe2, 0x28, 0x5, 0x40, 0x1f,
    0xfc, 0x35, 0x0, 0x88, 0x80, 0x1f, 0xfc, 0x3e,
    0x0, 0xa8, 0x3, 0xff, 0x86, 0x28, 0x1, 0x28,
    0x7, 0xff, 0xd, 0xc0, 0x23, 0x20, 0xf, 0xfe,
    0x1e, 0x80, 0x56, 0x1, 0xff, 0xc3, 0x14, 0x0,
    0x98, 0x3, 0xff, 0x86, 0xe0, 0x11, 0x88, 0x7,
    0xff, 0xe, 0x80, 0x2a, 0x0, 0xff, 0xe1, 0x89,
    0x80, 0x4e, 0x1, 0xff, 0xc3, 0x60, 0x9, 0x4,
    0x3, 0xff, 0x87, 0x60, 0x16, 0x80, 0x7f, 0xf0,
    0xc8, 0xc0, 0x26, 0x0, 0xff, 0xe1, 0xa8, 0x4,
    0x80, 0x1f, 0xfc, 0x4a, 0x0, 0xb8, 0x3, 0xff,
    0x86, 0x44, 0x0, 0x94, 0x3, 0xff, 0x86,

    /* U+0030 "0" */
    0x0, 0xfe, 0x38, 0xbe, 0xff, 0x76, 0x41, 0x80,
    0x7f, 0xf1, 0x13, 0x30, 0xe8, 0x20, 0x1, 0x37,
    0xcd, 0x40, 0xf, 0xfe, 0xc, 0xd9, 0x80, 0x7f,
    0x8a, 0xe8, 0x3, 0xfe, 0xc6, 0x0, 0xff, 0xe1,
    0x2e, 0x8, 0x7, 0xec, 0x30, 0xe, 0x48, 0xaa,
    0x42, 0x0, 0x71, 0xe8, 0x7, 0xd0, 0x60, 0x19,
    0x3a, 0xdd, 0x54, 0xf7, 0xc8, 0x1, 0x8e, 0x0,
    0x38, 0xdc, 0x3, 0x3d, 0x88, 0x7, 0x86, 0xdc,
    0x3, 0x39, 0x80, 0x68, 0x0, 0xcd, 0x0, 0x1f,
    0xe8, 0x60, 0xd, 0x0, 0x11, 0xa0, 0x4, 0x32,
    0x1, 0xff, 0xc0, 0x91, 0x0, 0x90, 0xc0, 0x14,
    0x1, 0xa0, 0x3, 0xff, 0x85, 0x0, 0x1a, 0x80,
    0xe, 0x1, 0x9c, 0x3, 0xff, 0x84, 0xe0, 0x19,
    0xc0, 0x84, 0x2, 0x41, 0x0, 0xff, 0xe1, 0xa,
    0x0, 0x42, 0x4e, 0x1, 0x8c, 0x3, 0xff, 0x88,
    0x60, 0x19, 0xc8, 0x3, 0x68, 0x7, 0xff, 0x13,
    0x40, 0x31, 0x70, 0x6, 0x60, 0xf, 0xfe, 0x23,
    0x0, 0x6e, 0x30, 0xc, 0x20, 0x1f, 0xfc, 0x41,
    0x0, 0xc6, 0x1, 0xff, 0xca, 0x30, 0xc, 0x20,
    0x1f, 0xfe, 0x63, 0x0, 0xc2, 0x60, 0x18, 0x40,
    0x3f, 0xf8, 0x82, 0x1, 0x8f, 0x80, 0x33, 0x0,
    0x7f, 0xf1, 0x18, 0x3, 0x71, 0x0, 0x6d, 0x0,
    0xff, 0xe2, 0x68, 0x6, 0x27, 0x0, 0xc6, 0x1,
    0xff, 0xc4, 0x30, 0xc, 0xe4, 0x20, 0x12, 0x8,
    0x7, 0xff, 0x8, 0x50, 0x2, 0x12, 0x7, 0x0,
    0xce, 0x1, 0xff, 0xc2, 0x70, 0xc, 0xe0, 0xa,
    0x0, 0xd0, 0x1, 0xff, 0xc2, 0x80, 0xd, 0x40,
    0x3, 0x40, 0x8, 0x64, 0x3, 0xff, 0x81, 0x22,
    0x1, 0x21, 0x80, 0x50, 0x1, 0x9a, 0x0, 0x3f,
    0xd0, 0xc0, 0x1a, 0x0, 0x31, 0xb8, 0x6, 0x7b,
    0x20, 0xf, 0xd, 0xb8, 0x6, 0x63, 0x0, 0xe8,
    0x30, 0xc, 0x9b, 0x6e, 0xcc, 0x7b, 0xe4, 0x0,
    0xc7, 0x20, 0x1f, 0x69, 0x80, 0x72, 0x44, 0xca,
    0x10, 0x3, 0x8f, 0x40, 0x3f, 0xe, 0x28, 0x7,
    0xff, 0x9, 0x70, 0x40, 0x3f, 0xd5, 0x64, 0x1,
    0xfe, 0x2b, 0xa0, 0xf, 0xfe, 0xa, 0x6e, 0x39,
    0x88, 0x0, 0x4d, 0xf3, 0x50, 0x3, 0xe0,

    /* U+0031 "1" */
    0x9f, 0xff, 0xfa, 0xc0, 0x3f, 0xfb, 0x77, 0x99,
    0xeb, 0x0, 0xe2, 0x33, 0xf2, 0x0, 0x7f, 0xff,
    0xc0, 0x3f, 0xff, 0xe0, 0x1f, 0xff, 0xf0, 0xf,
    0xff, 0xf8, 0x7, 0xff, 0xe4,

    /* U+0032 "2" */
    0x0, 0xf8, 0xde, 0xf7, 0xbf, 0xdd, 0xb2, 0xc2,
    0x1, 0xff, 0xc0, 0x7e, 0xc8, 0x42, 0x10, 0x0,
    0x93, 0x4f, 0x50, 0x80, 0x7e, 0x6e, 0x81, 0x0,
    0xff, 0xe0, 0x2f, 0xa8, 0x7, 0xaa, 0x44, 0x3,
    0xff, 0x86, 0x34, 0xa0, 0x1a, 0xd4, 0x3, 0xcb,
    0x13, 0x54, 0x85, 0x0, 0xf5, 0x10, 0x0, 0x5c,
    0x3, 0x15, 0xfd, 0x3b, 0x2a, 0x9e, 0xbd, 0x80,
    0x3a, 0x0, 0x3, 0x88, 0x0, 0x8d, 0x40, 0xf,
    0xe9, 0x80, 0xc, 0xa0, 0x1a, 0xda, 0x5c, 0x3,
    0xff, 0x80, 0xe4, 0x1, 0x90, 0x3, 0x4b, 0x0,
    0x7f, 0xf0, 0xa8, 0x3, 0x10, 0x7, 0xff, 0x20,
    0x80, 0x30, 0x80, 0x7f, 0xf2, 0xc, 0x3, 0x8,
    0x7, 0xff, 0x23, 0x80, 0x31, 0x0, 0x7f, 0xf2,
    0x14, 0x3, 0x20, 0x7, 0xff, 0x1d, 0x8, 0x2,
    0x50, 0xf, 0xfe, 0x44, 0x80, 0x69, 0x0, 0xff,
    0xe3, 0xd1, 0x0, 0x4a, 0x60, 0x1f, 0xfc, 0x68,
    0x50, 0x8, 0x6c, 0x3, 0xff, 0x8d, 0xe, 0x1,
    0xb4, 0x40, 0x3f, 0xf8, 0xb2, 0xe0, 0x1a, 0x8c,
    0x3, 0xff, 0x8b, 0x2c, 0x1, 0xa9, 0x40, 0x3f,
    0xf8, 0xb4, 0xc0, 0x1a, 0x94, 0x3, 0xff, 0x8b,
    0x4a, 0x1, 0xad, 0x40, 0x3f, 0xf8, 0xb6, 0xa0,
    0x1a, 0xd0, 0x3, 0xff, 0x8b, 0x68, 0x1, 0xb1,
    0x0, 0x3f, 0xf8, 0xb6, 0x80, 0x1b, 0xc, 0x3,
    0xff, 0x8b, 0x88, 0x1, 0xe, 0x18, 0x7, 0xff,
    0x10, 0x70, 0xc0, 0x21, 0xc3, 0x0, 0xff, 0xe2,
    0xe, 0x18, 0x4, 0x38, 0x40, 0x1f, 0xfc, 0x41,
    0xc2, 0x0, 0x8b, 0x8, 0x3, 0xff, 0x88, 0x38,
    0x40, 0x1a, 0x4, 0xcf, 0xff, 0x86, 0x3, 0xe4,
    0x1, 0xd5, 0x99, 0xff, 0xc3, 0xd0, 0x21, 0x0,
    0xff, 0xff, 0x80,

    /* U+0033 "3" */
    0x3, 0xff, 0xff, 0xe5, 0x0, 0x7f, 0xff, 0xc0,
    0x6, 0x1, 0x1e, 0x67, 0xff, 0xd, 0xc0, 0x30,
    0xe8, 0x6, 0x33, 0xff, 0xe1, 0xb, 0x0, 0x6d,
    0x10, 0xf, 0xfe, 0x37, 0x88, 0x5, 0x46, 0x1,
    0xff, 0xc6, 0xb2, 0x0, 0x9d, 0x40, 0x3f, 0xf8,
    0xd0, 0x80, 0x12, 0x40, 0x7, 0xff, 0x19, 0x5c,
    0x2, 0x2a, 0x0, 0xff, 0xe3, 0x1d, 0x0, 0x6f,
    0x10, 0xf, 0xfe, 0x28, 0xe8, 0x6, 0xb2, 0x0,
    0xff, 0xe3, 0x68, 0x80, 0x50, 0x80, 0x1f, 0xfc,
    0x6a, 0x30, 0x9, 0x5c, 0x3, 0xff, 0x8c, 0xaa,
    0x0, 0xcf, 0x4e, 0x60, 0x1f, 0xfc, 0x4d, 0x0,
    0xe2, 0x58, 0xcd, 0x50, 0xf, 0xfe, 0x61, 0x56,
    0x8, 0x7, 0xff, 0x3, 0xc4, 0x60, 0xf, 0xc7,
    0x82, 0x1, 0xff, 0x3f, 0x75, 0xfd, 0x8e, 0x20,
    0x18, 0xa8, 0x3, 0xff, 0x88, 0x27, 0x1c, 0xc0,
    0x19, 0x14, 0x3, 0xff, 0x8f, 0x2c, 0x1, 0xa4,
    0x3, 0xff, 0x91, 0x22, 0x1, 0x18, 0x7, 0xff,
    0x25, 0x0, 0x31, 0x80, 0x7f, 0xf2, 0x8, 0x3,
    0x38, 0x7, 0xff, 0x20, 0x40, 0x33, 0x80, 0x7f,
    0xf2, 0x14, 0x3, 0x8, 0x2, 0x48, 0x3, 0xff,
    0x86, 0x66, 0x0, 0x84, 0x81, 0x99, 0xac, 0x1,
    0xff, 0xc1, 0x1e, 0x0, 0xce, 0x0, 0x80, 0x4,
    0xeb, 0x90, 0x7, 0xf3, 0x79, 0x0, 0x6b, 0x8,
    0x10, 0x8, 0xa3, 0x75, 0x30, 0xca, 0xcf, 0x5d,
    0x22, 0x1, 0xa0, 0x82, 0x8c, 0x3, 0xc4, 0xcf,
    0x35, 0x30, 0xa2, 0x1, 0xcc, 0xe0, 0x2, 0xc8,
    0x10, 0xf, 0xfe, 0x2c, 0x48, 0x7, 0x3f, 0x49,
    0x80, 0x7f, 0xf0, 0x57, 0x5c, 0x3, 0xf3, 0x66,
    0xcb, 0x18, 0x80, 0x42, 0x6b, 0x3d, 0x44, 0x1,
    0xc0,

    /* U+0034 "4" */
    0x0, 0xff, 0xe2, 0xaf, 0xfe, 0xc0, 0xf, 0xfe,
    0x61, 0x50, 0x4, 0x3c, 0x1, 0xff, 0xcc, 0xf0,
    0xd, 0x44, 0x1, 0xff, 0xcb, 0xa2, 0x0, 0x9d,
    0x0, 0x3f, 0xf9, 0x6c, 0xa0, 0x11, 0xc0, 0x7,
    0xff, 0x2c, 0xe4, 0x2, 0x1d, 0x0, 0xff, 0xe6,
    0x70, 0x6, 0xa1, 0x0, 0xff, 0xe5, 0xd1, 0x0,
    0x4e, 0x80, 0x1f, 0xfc, 0xb7, 0x50, 0x8, 0xe0,
    0x3, 0xff, 0x96, 0x70, 0x1, 0xe, 0x80, 0x7f,
    0xf2, 0xc7, 0x40, 0x35, 0x8, 0x7, 0xff, 0x2e,
    0x84, 0x2, 0x74, 0x0, 0xff, 0xe5, 0xba, 0x0,
    0x47, 0x0, 0x1f, 0xfc, 0xb4, 0x80, 0x8, 0x74,
    0x3, 0xff, 0x96, 0x34, 0x1, 0xa8, 0x40, 0x38,
    0xee, 0xf0, 0x80, 0x7f, 0xf0, 0x34, 0x40, 0x27,
    0x40, 0xf, 0x32, 0x26, 0x30, 0xf, 0xfa, 0xc,
    0x2, 0x38, 0x0, 0xff, 0xe5, 0xa3, 0x80, 0x43,
    0xa0, 0x1f, 0xfc, 0xb1, 0xa0, 0xd, 0x42, 0x1,
    0xff, 0xcb, 0xd1, 0x0, 0x9d, 0x0, 0x3f, 0xf9,
    0x72, 0x60, 0x11, 0xc0, 0x7, 0xff, 0x2d, 0x58,
    0x3, 0x41, 0x17, 0xff, 0x0, 0x3, 0x31, 0x17,
    0x8, 0xa8, 0x3, 0xaf, 0x77, 0xfe, 0x80, 0xd,
    0x7b, 0xbd, 0x26, 0x1, 0xff, 0xff, 0x0, 0xff,
    0xe2, 0x97, 0xff, 0xff, 0x19, 0xc0, 0x36, 0xff,
    0xf4, 0x0, 0x7f, 0xff, 0xc0, 0x3f, 0xff, 0xe0,
    0x1f, 0xff, 0x70,

    /* U+0035 "5" */
    0x0, 0xef, 0xff, 0xfe, 0x38, 0x7, 0x84, 0x3,
    0xff, 0x9a, 0x40, 0x1f, 0xfc, 0xd6, 0x0, 0xff,
    0xe6, 0x98, 0x6, 0xbc, 0xcf, 0xfe, 0x10, 0x7,
    0xb8, 0x3, 0x21, 0x9f, 0xff, 0x8, 0x3, 0xc4,
    0x1, 0x10, 0x7, 0xff, 0x24, 0x40, 0x26, 0x0,
    0xff, 0xe4, 0xb0, 0x4, 0x20, 0x1f, 0xfc, 0x92,
    0x0, 0x88, 0x3, 0xff, 0x9b, 0xc0, 0x1f, 0xfc,
    0x82, 0x0, 0xc4, 0x1, 0xff, 0xc8, 0x10, 0xc,
    0xe0, 0x1f, 0xfc, 0x86, 0x0, 0xd9, 0xff, 0xdd,
    0x94, 0xe6, 0x1, 0xfe, 0x20, 0xf, 0xf0, 0x9a,
    0xc6, 0x6b, 0x80, 0x7e, 0xf0, 0xf, 0xfe, 0x19,
    0x47, 0x20, 0x7, 0x88, 0x3, 0xff, 0x8a, 0x36,
    0xa0, 0x1d, 0x19, 0x9f, 0xae, 0xa1, 0x88, 0x3,
    0xd4, 0x60, 0x18, 0x8c, 0xff, 0x22, 0xbc, 0xee,
    0x94, 0x3, 0xbc, 0x3, 0xff, 0x8c, 0x55, 0x0,
    0x18, 0xcc, 0x1, 0xff, 0xc7, 0x74, 0x0, 0xd6,
    0x1, 0xff, 0xc8, 0xf0, 0xc, 0x60, 0x1f, 0xfc,
    0x84, 0x0, 0xcc, 0x1, 0xff, 0xe7, 0x10, 0xf,
    0xfe, 0x42, 0x0, 0x66, 0x0, 0x24, 0x80, 0x7f,
    0xf1, 0x3c, 0x3, 0x60, 0x2, 0x5b, 0x4c, 0x3,
    0xff, 0x83, 0x8, 0x1, 0x9c, 0x18, 0x80, 0xb2,
    0xd4, 0x3, 0xf8, 0xa9, 0xc0, 0x33, 0x8, 0x40,
    0x6, 0x4a, 0xfb, 0x86, 0x55, 0x34, 0x66, 0xa8,
    0x6, 0x29, 0x0, 0x40, 0x7, 0xc8, 0xf3, 0x54,
    0x97, 0x30, 0xe, 0x1f, 0x0, 0x9b, 0x54, 0x3,
    0xff, 0x8a, 0x78, 0x40, 0x18, 0xab, 0x58, 0x40,
    0x3f, 0xf8, 0x3, 0x38, 0x40, 0x1f, 0x14, 0xf6,
    0x42, 0x90, 0x80, 0x44, 0x8f, 0x7c, 0xc0, 0x1c,

    /* U+0036 "6" */
    0x0, 0xff, 0xb, 0x56, 0x77, 0xfb, 0xb6, 0xe1,
    0x0, 0x3f, 0xf8, 0x29, 0x7d, 0x2a, 0x62, 0x0,
    0x12, 0x47, 0xbf, 0x81, 0x0, 0xfc, 0x37, 0x64,
    0x0, 0xff, 0xe0, 0xba, 0x80, 0x7c, 0x9c, 0x80,
    0x1f, 0xfc, 0x33, 0x40, 0xf, 0x25, 0x80, 0x79,
    0x22, 0xf3, 0x2a, 0x84, 0x0, 0x40, 0x7, 0x8a,
    0xc0, 0x3a, 0x3a, 0xdd, 0xc, 0xe5, 0x7b, 0xe8,
    0x40, 0xf, 0x78, 0x6, 0x2d, 0x71, 0x0, 0xfe,
    0x17, 0x0, 0xf3, 0x90, 0x4, 0x5a, 0x40, 0x1f,
    0xfc, 0x79, 0x0, 0xde, 0x1, 0xff, 0xc8, 0x61,
    0x0, 0x9c, 0x80, 0x3f, 0xf9, 0x1a, 0x1, 0xa4,
    0x3, 0xff, 0x92, 0x80, 0x12, 0x8, 0x7, 0xff,
    0x20, 0xc0, 0x36, 0x0, 0x7f, 0xf2, 0x54, 0x3,
    0x18, 0x6, 0x5a, 0xce, 0xff, 0x76, 0x41, 0x80,
    0x7d, 0xc0, 0x19, 0xc0, 0x11, 0xf4, 0xa6, 0x20,
    0x1, 0x37, 0xcd, 0x40, 0xe, 0x10, 0xc, 0x25,
    0xae, 0x1, 0xff, 0x15, 0xd0, 0x6, 0x30, 0xc,
    0xd8, 0x40, 0x1f, 0xfc, 0x25, 0xb0, 0x8, 0x40,
    0x35, 0x8, 0x4, 0xd7, 0xff, 0xb1, 0xc4, 0x3,
    0x24, 0x80, 0x4, 0x3, 0x8, 0x1, 0x3a, 0x50,
    0x3, 0x1c, 0x72, 0x80, 0x66, 0x30, 0x30, 0xf,
    0x25, 0x88, 0x7, 0xf5, 0x28, 0x6, 0x90, 0x10,
    0xf, 0x50, 0x7, 0xff, 0x2, 0xc0, 0x32, 0x87,
    0x0, 0x73, 0x8, 0x7, 0xff, 0x0, 0x54, 0x3,
    0x12, 0x80, 0x76, 0x0, 0x7f, 0xf0, 0xb0, 0x3,
    0x31, 0x80, 0x70, 0x80, 0x7f, 0xf0, 0x8c, 0x3,
    0xc8, 0x1, 0x84, 0x3, 0xff, 0x84, 0x40, 0x19,
    0xc3, 0x80, 0x36, 0x0, 0x7f, 0xf0, 0xb4, 0x3,
    0x10, 0x28, 0x80, 0x4c, 0x20, 0x1f, 0xfc, 0x1,
    0x50, 0x8, 0x84, 0x1, 0x20, 0x1a, 0x80, 0x3f,
    0xf8, 0x14, 0x1, 0xa8, 0x2, 0x73, 0x0, 0x92,
    0xc4, 0x3, 0xf0, 0xda, 0x0, 0x42, 0xc0, 0x1b,
    0x80, 0x32, 0x74, 0xa0, 0x80, 0x47, 0x1e, 0x80,
    0x1a, 0xc4, 0x3, 0x15, 0x80, 0x73, 0x5f, 0x7f,
    0xd8, 0xe2, 0x1, 0xa1, 0x40, 0x3c, 0x98, 0x40,
    0x1f, 0xfc, 0x39, 0x70, 0xf, 0xc7, 0xb0, 0x20,
    0x1f, 0xf2, 0xeb, 0x0, 0x7f, 0xcf, 0xd6, 0xc6,
    0x20, 0x11, 0x2c, 0xf5, 0x10, 0x7, 0x0,

    /* U+0037 "7" */
    0x9f, 0xff, 0xfe, 0x66, 0x0, 0x7f, 0xff, 0xc0,
    0xc, 0x1, 0xd7, 0x99, 0xff, 0xc2, 0x20, 0xd,
    0xc0, 0x1c, 0x86, 0x7f, 0xfc, 0x10, 0x20, 0x8,
    0xd0, 0x3, 0xff, 0x8f, 0x20, 0x1a, 0x40, 0x3f,
    0xf8, 0xe2, 0xa0, 0x10, 0xa8, 0x7, 0xff, 0x1e,
    0x40, 0x34, 0x80, 0x7f, 0xf2, 0x18, 0x3, 0x30,
    0x2, 0xea, 0xb0, 0x7, 0xff, 0x1, 0x84, 0x2,
    0x61, 0x0, 0x12, 0xae, 0x0, 0xff, 0xe0, 0x58,
    0x6, 0xb0, 0xf, 0xfe, 0x3a, 0x90, 0x4, 0x84,
    0x1, 0xff, 0xc7, 0x90, 0xd, 0xe0, 0x1f, 0xfc,
    0x73, 0x30, 0x4, 0x48, 0x1, 0xff, 0xc7, 0x90,
    0xd, 0x60, 0x1f, 0xfc, 0x71, 0x50, 0x8, 0x58,
    0x3, 0xff, 0x8f, 0x20, 0x19, 0x80, 0x3f, 0xf9,
    0xe, 0x1, 0xa4, 0x3, 0xff, 0x8e, 0xe0, 0x19,
    0x84, 0x3, 0xff, 0x8f, 0x40, 0x1a, 0xc0, 0x3f,
    0xf8, 0xea, 0x40, 0x12, 0x10, 0x7, 0xff, 0x1e,
    0x40, 0x37, 0x80, 0x7f, 0xf1, 0xcc, 0xc0, 0x11,
    0x20, 0x7, 0xff, 0x1e, 0x40, 0x35, 0x80, 0x7f,
    0xf1, 0xc5, 0x40, 0x21, 0x60, 0xf, 0xfe, 0x3c,
    0x80, 0x66, 0x0, 0xff, 0xe4, 0x38, 0x6, 0x90,
    0xf, 0xfe, 0x3b, 0x80, 0x65, 0x10, 0xf, 0xfe,
    0x3d, 0x0, 0x69, 0x0, 0xff, 0xe3, 0xa9, 0x0,
    0x46, 0x60, 0xf, 0xfe, 0x3c, 0x80, 0x68, 0x0,
    0xff, 0xe3, 0x99, 0x80, 0x22, 0x40, 0xf, 0xfe,
    0x3c, 0x80, 0x6b, 0x0, 0xff, 0xe0, 0x80,

    /* U+0038 "8" */
    0x0, 0xf8, 0x5a, 0x73, 0xbf, 0xee, 0xc9, 0x50,
    0xf, 0xfe, 0x9, 0x57, 0x4b, 0x18, 0x80, 0x42,
    0x6d, 0x5f, 0x44, 0x1, 0xfd, 0x1a, 0xa0, 0x1f,
    0xfc, 0x15, 0xd7, 0x0, 0xfa, 0x9c, 0x3, 0xf0,
    0x80, 0x7e, 0x88, 0x0, 0x73, 0xa8, 0x7, 0x3d,
    0xf7, 0xf7, 0xf5, 0xb0, 0x7, 0x3a, 0x80, 0x68,
    0x0, 0xc9, 0xd0, 0x82, 0x1, 0xa, 0x4e, 0x98,
    0x6, 0xb0, 0x9, 0x40, 0x31, 0xd8, 0x80, 0x7f,
    0x16, 0x10, 0x4, 0x28, 0x0, 0xc0, 0xd, 0x20,
    0x1f, 0xfc, 0x1b, 0x0, 0xc6, 0x0, 0x30, 0xc,
    0x80, 0x1f, 0xfc, 0x14, 0x0, 0xdc, 0x1, 0xff,
    0xce, 0x10, 0x6, 0x80, 0x64, 0x0, 0xff, 0xe0,
    0xa0, 0x6, 0xe0, 0x2, 0x0, 0x68, 0x0, 0xff,
    0xe0, 0xd8, 0x6, 0x70, 0x1, 0xa0, 0x4, 0x56,
    0x20, 0x1f, 0xc5, 0x84, 0x1, 0x30, 0x80, 0x52,
    0x20, 0x12, 0x74, 0xa9, 0x0, 0x44, 0xb5, 0xa6,
    0x1, 0x14, 0x80, 0x62, 0xc2, 0x0, 0xcd, 0x5b,
    0xff, 0x6d, 0x28, 0x6, 0x4c, 0x0, 0xf1, 0x6b,
    0x0, 0x7f, 0xf0, 0xe2, 0xc4, 0x3, 0xe9, 0x60,
    0xf, 0xfe, 0x1c, 0x40, 0x3, 0xc5, 0xac, 0x1,
    0xe2, 0x44, 0x19, 0x0, 0x79, 0xf0, 0x40, 0x21,
    0xc2, 0x0, 0xcd, 0x9f, 0xb7, 0x6c, 0xdf, 0xb5,
    0x0, 0xc7, 0x82, 0x0, 0xa1, 0x0, 0x8b, 0x64,
    0xc0, 0x3e, 0x4a, 0xc1, 0x0, 0x8a, 0x0, 0xd0,
    0x2, 0x1c, 0x20, 0xf, 0xf8, 0xf0, 0x3, 0x31,
    0x50, 0x6, 0x81, 0x0, 0xff, 0xe0, 0x93, 0x80,
    0x65, 0x50, 0x6, 0x70, 0xf, 0xfe, 0x1d, 0x0,
    0x6d, 0x10, 0xc, 0x20, 0x1f, 0xfc, 0x32, 0x0,
    0xcc, 0x1, 0xff, 0xc9, 0x10, 0xe, 0x60, 0xc,
    0x40, 0x1f, 0xfc, 0x35, 0x0, 0xcc, 0x60, 0x1a,
    0x80, 0x3f, 0xf8, 0x7c, 0x1, 0xb6, 0xc0, 0x33,
    0x98, 0x7, 0xff, 0x5, 0x54, 0x1, 0x94, 0xd0,
    0x3, 0x63, 0x0, 0x7f, 0xd1, 0x40, 0x19, 0x48,
    0x24, 0x3, 0xa7, 0x5c, 0xc0, 0x30, 0xa4, 0x73,
    0x80, 0x61, 0xb0, 0x1, 0x60, 0x80, 0x62, 0x8c,
    0xff, 0xdd, 0x6e, 0x20, 0x18, 0x70, 0x40, 0x23,
    0xc3, 0x0, 0xff, 0xe2, 0xa7, 0x90, 0x7, 0x16,
    0x49, 0x80, 0x7f, 0xf0, 0x4e, 0xec, 0x20, 0x1f,
    0x9b, 0x36, 0x14, 0x84, 0x2, 0x13, 0x59, 0xdc,
    0x40, 0xe,

    /* U+0039 "9" */
    0x0, 0xf9, 0x23, 0x3b, 0xfe, 0xdb, 0x72, 0x0,
    0xff, 0xe1, 0x36, 0xdb, 0x98, 0x80, 0x44, 0x91,
    0xb8, 0x80, 0x1f, 0xe1, 0xc9, 0x20, 0xf, 0xf8,
    0xee, 0x80, 0x3f, 0x17, 0x98, 0x7, 0xff, 0xd,
    0x70, 0x3, 0xef, 0x10, 0xc, 0x95, 0xdf, 0xf7,
    0x5a, 0x80, 0x63, 0xb0, 0xe, 0x82, 0x0, 0xd7,
    0x65, 0x10, 0x8, 0x52, 0xb4, 0x80, 0x24, 0x70,
    0xc, 0xe0, 0x1b, 0x10, 0x3, 0xf8, 0xb0, 0x80,
    0x28, 0x20, 0x2, 0x0, 0x66, 0x30, 0xf, 0xf8,
    0x78, 0x3, 0x58, 0x3, 0x0, 0x35, 0x0, 0x7f,
    0xf0, 0x4c, 0x80, 0x27, 0x0, 0x8, 0x6, 0x30,
    0xf, 0xfe, 0x13, 0x80, 0x42, 0xa0, 0x60, 0x1f,
    0xfc, 0xcc, 0x3, 0x0, 0xc6, 0x1, 0xff, 0xc2,
    0x70, 0xc, 0xa1, 0xe0, 0x1a, 0xc0, 0x3f, 0xf8,
    0x26, 0x40, 0x18, 0xc1, 0xc0, 0x33, 0x90, 0x7,
    0xfc, 0x3c, 0x1, 0xe1, 0x12, 0x0, 0x6c, 0x40,
    0xf, 0xe3, 0xc2, 0x0, 0xf1, 0x84, 0x80, 0x61,
    0xbb, 0x29, 0x0, 0x42, 0xb5, 0x84, 0x0, 0x10,
    0xc, 0x20, 0x54, 0x1, 0xc9, 0x5b, 0xff, 0x75,
    0x28, 0x4, 0x8c, 0x1, 0x9c, 0x0, 0xb6, 0x20,
    0x1f, 0xfc, 0x25, 0xb0, 0xf, 0xe4, 0xf6, 0x0,
    0xff, 0x8a, 0xa8, 0x2, 0x1, 0x9c, 0x3, 0xc,
    0xf4, 0xa9, 0x0, 0x42, 0x6f, 0x9a, 0xa0, 0x3,
    0x0, 0xc2, 0x1, 0xe1, 0x6a, 0xdf, 0xfb, 0xb2,
    0xc, 0x3, 0x38, 0x6, 0x20, 0xf, 0xfe, 0x49,
    0x0, 0x44, 0x1, 0xff, 0xc9, 0x40, 0xc, 0x80,
    0x1f, 0xfc, 0x9f, 0x0, 0xd8, 0x1, 0xff, 0xc8,
    0x24, 0x0, 0xca, 0x1, 0xff, 0xc8, 0xe0, 0xc,
    0xe0, 0x1f, 0xfc, 0x89, 0x30, 0xd, 0x20, 0x1f,
    0xfc, 0x7a, 0x60, 0xd, 0x2, 0x1, 0xc8, 0xe0,
    0x1f, 0xe5, 0xd5, 0x0, 0xc8, 0xe0, 0x1e, 0xf8,
    0xfa, 0x74, 0x33, 0x22, 0xcf, 0x51, 0x0, 0x62,
    0xa0, 0xf, 0x1a, 0x0, 0x16, 0x2f, 0x31, 0x74,
    0xc2, 0x1, 0xc7, 0x82, 0x1, 0xe9, 0x0, 0xff,
    0xe2, 0x46, 0x8, 0x7, 0xd2, 0x80, 0x1f, 0xfc,
    0x16, 0xd7, 0x0, 0xfe, 0x3b, 0xe9, 0x63, 0x10,
    0x8, 0x51, 0xaf, 0xe4, 0x80, 0x3f, 0x0,

    /* U+003A ":" */
    0x4, 0xcf, 0xc3, 0x3, 0xb3, 0x3, 0xc2, 0x90,
    0xe, 0x51, 0x0, 0xee, 0x30, 0xe, 0xf9, 0x10,
    0x8, 0xd8, 0x7a, 0x1a, 0x70, 0x2, 0x79, 0x60,
    0xf, 0xff, 0xf8, 0x7, 0x9e, 0x58, 0x0, 0x3d,
    0xd, 0x38, 0x10, 0x20, 0x11, 0xb1, 0x0, 0x77,
    0x88, 0x7, 0x74, 0x80, 0x73, 0x1d, 0x98, 0x1e,
    0x8,

    /* U+003B ";" */
    0x4, 0xcf, 0xc3, 0x3, 0xb3, 0x3, 0xc2, 0x90,
    0xe, 0x51, 0x0, 0xee, 0x30, 0xe, 0xf9, 0x10,
    0x8, 0xd8, 0x7a, 0x1a, 0x70, 0x2, 0x79, 0x60,
    0xf, 0xff, 0xf8, 0x7, 0x95, 0xd4, 0x2, 0xca,
    0x8a, 0xb0, 0x73, 0x0, 0x91, 0x74, 0x3, 0xb0,
    0xc0, 0x38, 0x68, 0x3, 0xb8, 0xec, 0x40, 0x27,
    0x4, 0x30, 0x2, 0x8, 0x9, 0x0, 0x34, 0x0,
    0x80, 0x13, 0x80, 0x30, 0x0, 0x82, 0x0, 0x40,
    0x6, 0x80, 0x4, 0x80, 0xe, 0x0, 0x40, 0x2,
    0x8, 0x0,

    /* U+003C "<" */
    0x0, 0xff, 0xe4, 0x1b, 0x0, 0x7f, 0xf1, 0x9b,
    0x31, 0xa0, 0x1f, 0xfc, 0x33, 0x9f, 0x93, 0x0,
    0xff, 0xe1, 0xb6, 0x61, 0x80, 0x3f, 0xf8, 0x67,
    0x3f, 0x26, 0x1, 0xc5, 0xc0, 0x1f, 0x9b, 0x30,
    0xc0, 0x1e, 0x6c, 0xd5, 0x0, 0xe3, 0x9f, 0x93,
    0x0, 0xe3, 0xaf, 0x93, 0x0, 0xe6, 0xcc, 0x30,
    0x7, 0xb, 0xee, 0x28, 0x7, 0x1c, 0xfc, 0x98,
    0x7, 0x25, 0x74, 0x10, 0x7, 0xde, 0xc0, 0x1c,
    0x51, 0xd6, 0xa0, 0x1f, 0xfc, 0x35, 0xbd, 0x71,
    0x0, 0xff, 0xed, 0xad, 0xeb, 0x88, 0x7, 0xff,
    0x3, 0x98, 0x3, 0x8a, 0x3a, 0xd0, 0x3, 0xfc,
    0x53, 0xf2, 0x60, 0x1c, 0x97, 0xd0, 0x40, 0x1f,
    0xe6, 0xcc, 0x30, 0x7, 0xb, 0xee, 0x28, 0x7,
    0xf8, 0xe7, 0xe4, 0xc0, 0x38, 0xeb, 0xe4, 0xc0,
    0x3f, 0xcd, 0x98, 0x60, 0xf, 0x36, 0x6a, 0x80,
    0x7f, 0x8e, 0x7e, 0x4c, 0x3, 0x8b, 0x80, 0x3f,
    0xf8, 0x2d, 0x98, 0x60, 0xf, 0xfe, 0x41, 0xcf,
    0xc9, 0x80, 0x7f, 0xf2, 0x1b, 0x31, 0xa0,

    /* U+003D "=" */
    0xcf, 0xff, 0xfe, 0x45, 0x80, 0x7f, 0xf8, 0x18,
    0x8b, 0xff, 0x93, 0x5b, 0xbf, 0xfc, 0x89, 0x0,
    0xff, 0xff, 0x80, 0x7f, 0xfb, 0x6b, 0x77, 0xff,
    0x91, 0x2c, 0x45, 0xff, 0xc9, 0x0, 0xff, 0xf0,
    0x0,

    /* U+003E ">" */
    0x62, 0x0, 0xff, 0xe4, 0x56, 0xe3, 0x0, 0x7f,
    0xf2, 0xe, 0x7a, 0x48, 0x3, 0xff, 0x8e, 0x2d,
    0xb8, 0xc0, 0x1f, 0xfc, 0x1a, 0x20, 0xe, 0x39,
    0xf9, 0x20, 0xf, 0xf3, 0x6e, 0x30, 0x7, 0x9b,
    0x71, 0x80, 0x3f, 0xc7, 0x3f, 0x26, 0x1, 0xc7,
    0x3f, 0x24, 0x1, 0xfe, 0x6c, 0xd7, 0x10, 0xe,
    0x6d, 0xc6, 0x0, 0xff, 0x14, 0x75, 0x20, 0x7,
    0x1c, 0xfc, 0x90, 0x7, 0xf9, 0x6f, 0x9c, 0x40,
    0x39, 0xa4, 0x3, 0xff, 0x80, 0x31, 0xd6, 0xa0,
    0x1f, 0xfd, 0xb1, 0x8e, 0xb5, 0x0, 0xff, 0xe1,
    0xad, 0xf3, 0x88, 0x6, 0x16, 0x90, 0xf, 0x8a,
    0x3a, 0x90, 0x3, 0x8e, 0xba, 0x48, 0x3, 0x9b,
    0x35, 0xc4, 0x3, 0xb, 0x6e, 0x28, 0x7, 0x1c,
    0xfc, 0x98, 0x7, 0x1d, 0x74, 0x90, 0x7, 0x36,
    0xe3, 0x0, 0x70, 0xb6, 0xe2, 0x80, 0x7e, 0xa2,
    0x0, 0xe3, 0xae, 0x92, 0x0, 0xff, 0xe1, 0xb,
    0x6e, 0x28, 0x7, 0xff, 0xc, 0xe7, 0xa4, 0x80,
    0x3f, 0xf8, 0x75, 0xb8, 0xc0, 0x1f, 0xfc, 0x60,

    /* U+003F "?" */
    0x0, 0xf9, 0x22, 0xf7, 0xfe, 0xed, 0xa6, 0x10,
    0xf, 0xf0, 0xc7, 0x5b, 0xa1, 0x0, 0x42, 0x4b,
    0x3d, 0x44, 0x1, 0xf3, 0x73, 0x88, 0x7, 0xff,
    0x1, 0x75, 0x80, 0x3a, 0xa4, 0x3, 0xff, 0x8b,
    0x2e, 0x1, 0x5a, 0x80, 0x71, 0xc5, 0xe6, 0xea,
    0xdc, 0x40, 0x3a, 0xc, 0x11, 0x0, 0x19, 0x37,
    0x1d, 0xc, 0x88, 0x91, 0xce, 0x1, 0xd2, 0x9,
    0xa4, 0x0, 0xab, 0x20, 0xf, 0xe8, 0x70, 0xc,
    0xa0, 0x2, 0xd7, 0xa5, 0x0, 0xff, 0xe0, 0x40,
    0x80, 0x62, 0x0, 0xa1, 0x40, 0x3f, 0xf8, 0x4a,
    0x1, 0x84, 0x3, 0xff, 0x8e, 0x20, 0x18, 0x40,
    0x3f, 0xf8, 0xec, 0x1, 0x88, 0x3, 0xff, 0x8c,
    0x46, 0x1, 0x20, 0x7, 0xff, 0x1f, 0x80, 0x37,
    0x80, 0x7f, 0xf1, 0xa8, 0xc0, 0x24, 0x40, 0x7,
    0xff, 0x16, 0xd4, 0x2, 0x2a, 0x0, 0xff, 0xe2,
    0xe, 0x20, 0x4, 0x58, 0x20, 0x1f, 0xfc, 0x31,
    0xc3, 0x0, 0x8f, 0x4, 0x3, 0xff, 0x86, 0x38,
    0x40, 0x12, 0x60, 0x80, 0x7f, 0xf1, 0x2c, 0x80,
    0x24, 0xb0, 0xf, 0xfe, 0x2a, 0x28, 0x4, 0x34,
    0x1, 0xff, 0xc6, 0xe0, 0xd, 0x62, 0x1, 0xff,
    0xc6, 0x40, 0xc, 0xa0, 0x1f, 0xfc, 0x71, 0x0,
    0x88, 0x3, 0xff, 0x91, 0xdd, 0xb0, 0x3, 0xff,
    0x90, 0x23, 0xc0, 0x1f, 0xff, 0xc2, 0x0, 0xff,
    0xe5, 0x47, 0xef, 0xa8, 0x7, 0xff, 0x1d, 0x9c,
    0x2, 0xa2, 0x0, 0xff, 0xe3, 0x60, 0x7, 0x20,
    0x7, 0xff, 0x18, 0xc0, 0x38, 0xc0, 0x3f, 0xf8,
    0xd4, 0x1, 0x85, 0x0, 0x3f, 0xf8, 0xc7, 0x44,
    0x7, 0x82, 0x1, 0xf8,

    /* U+0040 "@" */
    0x0, 0xff, 0xe2, 0x1b, 0xd6, 0x77, 0xfd, 0xdc,
    0xca, 0x73, 0x0, 0xff, 0xe8, 0xa5, 0x7e, 0x42,
    0x98, 0x80, 0x42, 0x23, 0x58, 0xce, 0x93, 0x0,
    0xff, 0xe6, 0x36, 0xda, 0x80, 0x7f, 0xf0, 0xc5,
    0xb3, 0x54, 0x3, 0xff, 0x90, 0x7b, 0x24, 0x1,
    0x89, 0x62, 0xaf, 0x31, 0x75, 0xa, 0x40, 0x18,
    0xab, 0x8, 0x3, 0xff, 0x8b, 0x18, 0x40, 0x11,
    0x4f, 0x6d, 0x3a, 0xa1, 0x99, 0x15, 0xeb, 0x7a,
    0x4c, 0x2, 0x3d, 0x70, 0xf, 0xfe, 0x10, 0xdb,
    0x80, 0x47, 0x7a, 0xc2, 0x1, 0xff, 0xc0, 0x16,
    0xcc, 0x18, 0x5, 0x14, 0x1, 0xff, 0xc1, 0xd4,
    0x0, 0xa3, 0x10, 0x3, 0xff, 0x8c, 0x79, 0x42,
    0x0, 0x5a, 0x0, 0xff, 0xb0, 0xc0, 0x3, 0xae,
    0x1, 0xff, 0xca, 0x5c, 0x20, 0x2, 0xc8, 0x7,
    0xf4, 0x98, 0x0, 0xbc, 0x80, 0x3e, 0x37, 0xab,
    0xb5, 0x39, 0x80, 0x63, 0xbb, 0xa8, 0xb4, 0xc0,
    0xc, 0xc0, 0xf, 0x91, 0x80, 0x3, 0x82, 0x1,
    0xe6, 0xec, 0x85, 0x44, 0x2c, 0x66, 0xa8, 0x1,
    0x91, 0x27, 0x0, 0x69, 0x0, 0x24, 0x80, 0x3d,
    0x40, 0x16, 0x88, 0x7, 0x16, 0x48, 0x80, 0x7e,
    0x2a, 0xb1, 0x0, 0xf8, 0x7c, 0x2, 0x90, 0xe,
    0x71, 0x0, 0x39, 0x80, 0x71, 0xe1, 0x80, 0x7f,
    0xf0, 0x13, 0x40, 0x3f, 0x14, 0x0, 0x10, 0xc0,
    0x34, 0x80, 0x6, 0x0, 0x38, 0x74, 0x40, 0x33,
    0x5f, 0x7f, 0x63, 0x88, 0x0, 0xe8, 0x3, 0xf3,
    0x88, 0x2, 0x40, 0x25, 0x10, 0x4, 0x80, 0x7b,
    0x44, 0x2, 0x4e, 0x94, 0x10, 0x13, 0x8e, 0x50,
    0xf, 0xfe, 0x4, 0x0, 0x14, 0x40, 0x1e, 0x1,
    0x38, 0x7, 0x29, 0x80, 0x4b, 0x62, 0x1, 0xfa,
    0x9c, 0x3, 0xfe, 0x70, 0x9, 0xc0, 0xa, 0x0,
    0x40, 0xf, 0x48, 0x4, 0x54, 0x1, 0xff, 0x41,
    0x80, 0x7f, 0x85, 0x0, 0x18, 0x6, 0x1, 0x68,
    0x7, 0x11, 0x80, 0x56, 0x1, 0xff, 0xc1, 0xe0,
    0xf, 0xfb, 0x0, 0x8, 0xa, 0x1, 0x28, 0x7,
    0x28, 0x6, 0x60, 0xf, 0xfe, 0x9, 0x18, 0x7,
    0xf8, 0xc0, 0x2, 0x1c, 0x1, 0x18, 0x7, 0x68,
    0x4, 0x80, 0x1f, 0xfc, 0x3b, 0x0, 0xff, 0x28,
    0x4, 0x62, 0x0, 0x10, 0xf, 0x30, 0x4, 0x60,
    0x1f, 0xfc, 0x32, 0x0, 0xff, 0x8, 0x4, 0xe6,
    0x0, 0x30, 0xf, 0x8, 0x5, 0xe0, 0x1f, 0xfc,
    0x31, 0x0, 0xff, 0xe1, 0x88, 0x7, 0xff, 0x45,
    0xc0, 0x3f, 0xf8, 0x62, 0x1, 0xfc, 0x20, 0x17,
    0x80, 0x7f, 0xf0, 0xdc, 0x3, 0xff, 0x86, 0x60,
    0x3, 0x0, 0xf3, 0x0, 0x44, 0x1, 0xff, 0xc3,
    0x30, 0xf, 0xf0, 0x80, 0x4e, 0x20, 0x1, 0x0,
    0xf6, 0x80, 0x48, 0x1, 0xff, 0xc3, 0xc0, 0xf,
    0xf1, 0x80, 0x45, 0xa0, 0x11, 0x80, 0x72, 0x0,
    0x42, 0x80, 0x1f, 0xfc, 0x11, 0x40, 0xf, 0xf3,
    0x80, 0x4, 0x4e, 0x1, 0x28, 0x7, 0x19, 0x0,
    0x50, 0x1, 0xff, 0xc1, 0xb0, 0xf, 0xfb, 0x0,
    0xa, 0x4, 0x20, 0xd, 0x0, 0xf5, 0x80, 0x46,
    0xe0, 0x1f, 0xf2, 0xa8, 0x3, 0x18, 0x7, 0x98,
    0x1, 0xa0, 0x4, 0x0, 0x20, 0x80, 0x73, 0x10,
    0x5, 0xe, 0x1, 0xfc, 0xd4, 0x1, 0xc2, 0x40,
    0x1a, 0x0, 0x27, 0x0, 0x70, 0x4, 0xc0, 0x1e,
    0xe0, 0xd, 0x18, 0x80, 0x1c, 0x75, 0x20, 0x2,
    0x10, 0xa, 0x40, 0x26, 0x70, 0x3, 0x8, 0x1,
    0x8, 0x1, 0x20, 0x1e, 0x3a, 0x0, 0xc7, 0x7f,
    0x97, 0x9d, 0x8a, 0x1, 0x72, 0x0, 0x49, 0xd7,
    0xb2, 0x1, 0x40, 0x6, 0xb0, 0x0, 0xc0, 0x7,
    0x96, 0xc4, 0x3, 0x8d, 0xc, 0x40, 0x21, 0xc3,
    0x80, 0xc, 0x28, 0x40, 0x15, 0x88, 0x6, 0x62,
    0x0, 0x39, 0x80, 0x79, 0x3d, 0x40, 0x3f, 0xcb,
    0xe6, 0x5, 0x40, 0x1f, 0xd, 0x20, 0x7, 0xa4,
    0x2, 0xd2, 0x0, 0xf0, 0xd6, 0xba, 0x8, 0x0,
    0x4d, 0xf6, 0x84, 0x2, 0x5d, 0x61, 0x1, 0x38,
    0xf5, 0x0, 0xf9, 0x18, 0x0, 0x3e, 0x20, 0x1f,
    0x14, 0x5f, 0x7f, 0xbb, 0x20, 0x80, 0x3c, 0x53,
    0xdf, 0xd8, 0xe2, 0x1, 0xfd, 0x26, 0x0, 0x2f,
    0x20, 0xf, 0xfe, 0xe6, 0x90, 0x0, 0x75, 0x80,
    0x3f, 0xfb, 0x63, 0x86, 0x1, 0x4e, 0x20, 0x7,
    0xff, 0x68, 0x71, 0x80, 0x23, 0xbc, 0x61, 0x0,
    0xff, 0xe0, 0x24, 0xfa, 0x0, 0x7f, 0xf2, 0x66,
    0xc8, 0x2, 0x39, 0xed, 0xa7, 0x55, 0x22, 0x15,
    0xa6, 0xfe, 0xd8, 0x38, 0x3, 0xff, 0x94, 0x9b,
    0x2, 0x1, 0x89, 0x62, 0xa9, 0x76, 0xa9, 0x64,
    0x0, 0xc8, 0x1, 0xff, 0xcc, 0x7e, 0xa4, 0x0,
    0xff, 0xe1, 0x9c, 0xf0, 0x7, 0xff, 0x39, 0x6f,
    0xee, 0x14, 0xc4, 0x2, 0x12, 0x47, 0xae, 0xc6,
    0x0, 0xff, 0xe1, 0x0,

    /* U+0041 "A" */
    0x0, 0xff, 0xe1, 0x8f, 0xff, 0x10, 0x7, 0xff,
    0x4a, 0x40, 0x3a, 0xc0, 0x3f, 0xfa, 0x4c, 0x1,
    0xcc, 0x20, 0x1f, 0xfd, 0x6, 0x10, 0xf, 0x30,
    0x7, 0xff, 0x42, 0xc0, 0x3e, 0x90, 0xf, 0xfe,
    0x7a, 0x10, 0x4, 0xc0, 0x10, 0xb0, 0x7, 0xff,
    0x3b, 0xc0, 0x21, 0x92, 0x0, 0xac, 0x3, 0xff,
    0x9a, 0x48, 0x1, 0x48, 0x50, 0x4, 0x48, 0x1,
    0xff, 0xcc, 0x80, 0xc, 0xc0, 0xe0, 0x1b, 0xc0,
    0x3f, 0xf9, 0x62, 0xa0, 0x13, 0x8, 0x1, 0x80,
    0x24, 0x20, 0xf, 0xfe, 0x54, 0x80, 0x6b, 0x0,
    0xac, 0x3, 0x40, 0x7, 0xff, 0x29, 0x80, 0x23,
    0x20, 0x8, 0x90, 0x2, 0x51, 0x0, 0xff, 0xe4,
    0x30, 0x80, 0x52, 0x1, 0xde, 0x1, 0xa4, 0x3,
    0xff, 0x91, 0x60, 0x10, 0xa8, 0x7, 0x21, 0x0,
    0x4c, 0x1, 0xff, 0xc7, 0x52, 0x0, 0xa4, 0x3,
    0xea, 0x0, 0x85, 0x80, 0x3f, 0xf8, 0xd2, 0x1,
    0x98, 0x3, 0xe7, 0x0, 0xd6, 0x1, 0xff, 0xc5,
    0x33, 0x0, 0x4c, 0x20, 0x1f, 0x98, 0x2, 0x25,
    0x0, 0xff, 0xe2, 0x48, 0x6, 0xa0, 0xf, 0xeb,
    0x0, 0xd2, 0x1, 0xff, 0xc3, 0x15, 0x0, 0x8c,
    0xc0, 0x1f, 0xc4, 0x80, 0x11, 0x98, 0x3, 0xff,
    0x85, 0x20, 0x1a, 0x40, 0x3f, 0xef, 0x0, 0xd2,
    0x1, 0xff, 0xc2, 0x70, 0x8, 0x54, 0x3, 0xfe,
    0x42, 0x0, 0x94, 0x80, 0x3f, 0xf8, 0xe, 0x1,
    0xa4, 0x3, 0xff, 0x83, 0x40, 0x1a, 0xc0, 0x3f,
    0xf8, 0x12, 0x1, 0xa3, 0xff, 0xff, 0x83, 0x0,
    0x19, 0x84, 0x3, 0xfc, 0xa2, 0x1, 0xff, 0xcc,
    0x60, 0xf, 0xf4, 0x80, 0x7f, 0xf3, 0x64, 0x3,
    0xf8, 0xcc, 0x1, 0x84, 0x7f, 0xf8, 0xa0, 0x18,
    0x54, 0x3, 0xf4, 0x0, 0x6a, 0xee, 0xff, 0xe2,
    0xd8, 0x6, 0x80, 0xf, 0x89, 0x0, 0x22, 0x50,
    0xf, 0xfe, 0x2a, 0x10, 0x4, 0x48, 0x1, 0xeb,
    0x0, 0xd6, 0x1, 0xff, 0xc7, 0x80, 0xd, 0xe0,
    0x1c, 0x2c, 0x1, 0xb, 0x0, 0x7f, 0xf1, 0xd4,
    0x40, 0x24, 0x20, 0xc, 0xc0, 0x1a, 0x40, 0x3f,
    0xf9, 0x32, 0x1, 0xac, 0x3, 0x48, 0x6, 0x60,
    0xf, 0xfe, 0x4b, 0x80, 0x66, 0x10, 0x3, 0x8,
    0x4, 0xc2, 0x1, 0xff, 0xca, 0x70, 0xd, 0x20,
    0xb, 0x0, 0xd6, 0x1, 0xff, 0xcb, 0x90, 0xc,
    0xc0,

    /* U+0042 "B" */
    0xff, 0xff, 0xe2, 0x76, 0xdc, 0x20, 0x7, 0xff,
    0x30, 0x49, 0x1e, 0xfa, 0x0, 0x3f, 0xf9, 0xe2,
    0xfc, 0x60, 0x1f, 0xfc, 0xf1, 0xc3, 0x0, 0xf8,
    0xbf, 0xff, 0xf8, 0x19, 0x4, 0x1, 0xdc, 0x1,
    0xff, 0xc8, 0x37, 0xd8, 0x0, 0xc4, 0xe0, 0x1f,
    0xfc, 0xa7, 0x70, 0x6, 0xb0, 0xf, 0xfe, 0x5c,
    0x0, 0x63, 0x0, 0xff, 0xe6, 0x20, 0x6, 0x10,
    0xf, 0xfe, 0x58, 0x80, 0x7f, 0xf4, 0x4, 0x3,
    0x8, 0x7, 0xff, 0x2d, 0x0, 0x23, 0x0, 0xff,
    0xe5, 0xc0, 0x6, 0xb0, 0xf, 0xfe, 0x54, 0x38,
    0x4, 0x2e, 0x1, 0xff, 0xc6, 0x14, 0x8e, 0x70,
    0xd, 0xa0, 0x1f, 0x17, 0xff, 0xfd, 0xd6, 0xe2,
    0x1, 0xd, 0x98, 0x7, 0xff, 0x34, 0x71, 0x0,
    0x3f, 0xf9, 0xc3, 0xb4, 0x40, 0x1f, 0xfc, 0xf5,
    0xd4, 0x0, 0xf1, 0x7f, 0xff, 0xf0, 0x76, 0x98,
    0x3, 0xac, 0xc0, 0x3f, 0xf8, 0xe4, 0xb3, 0xc8,
    0x1, 0xb8, 0x3, 0xff, 0x94, 0x36, 0x60, 0x11,
    0x28, 0x7, 0xff, 0x2e, 0x0, 0x37, 0x80, 0x7f,
    0xf2, 0xd0, 0x3, 0x38, 0x7, 0xff, 0x30, 0x40,
    0x23, 0x0, 0xff, 0xe6, 0x8, 0x7, 0xff, 0x3d,
    0x0, 0x31, 0x0, 0x7f, 0xf2, 0xe0, 0x3, 0x20,
    0x7, 0xff, 0x24, 0x6c, 0xc0, 0x35, 0x80, 0x7f,
    0xf1, 0x89, 0x27, 0x90, 0x3, 0x29, 0x80, 0x62,
    0xff, 0xff, 0xe0, 0xed, 0xb0, 0x7, 0x15, 0x80,
    0x7f, 0xf3, 0x93, 0x44, 0x3, 0xff, 0x98, 0x77,
    0x60, 0xf, 0xfe, 0x40, 0x88, 0xda, 0x77, 0x10,
    0x3, 0x0,

    /* U+0043 "C" */
    0x0, 0xff, 0xe0, 0x1b, 0xde, 0xf7, 0xfb, 0xb6,
    0xe1, 0x0, 0x3f, 0xf8, 0x83, 0x1d, 0x90, 0x84,
    0x20, 0x1, 0x24, 0x7b, 0xe9, 0x10, 0xf, 0xfe,
    0x4, 0x73, 0x88, 0x7, 0xff, 0x0, 0x5b, 0xa0,
    0x3, 0xf8, 0xb5, 0xc0, 0x3f, 0xf8, 0xcf, 0xa4,
    0x1, 0xe4, 0xd2, 0x0, 0xf1, 0xb4, 0xd5, 0x25,
    0xd0, 0x3, 0xc5, 0x86, 0x1, 0x92, 0xc0, 0x38,
    0x5f, 0xb2, 0x59, 0x54, 0xd1, 0x7f, 0x44, 0x1,
    0x86, 0xc0, 0x22, 0xb0, 0xe, 0x5f, 0x81, 0x0,
    0xfe, 0x5d, 0x90, 0x9, 0xe0, 0x2, 0xf0, 0xe,
    0x9a, 0x10, 0xf, 0xfe, 0xb, 0x60, 0xbc, 0x0,
    0x4e, 0x40, 0x1a, 0x98, 0x3, 0xff, 0x88, 0x7d,
    0x0, 0x10, 0xc0, 0x6, 0x75, 0x0, 0xff, 0xe5,
    0xb0, 0x6, 0x28, 0x0, 0xff, 0xe6, 0x50, 0x6,
    0x90, 0xf, 0xfe, 0x61, 0x10, 0x2, 0x14, 0x0,
    0xff, 0xe6, 0x38, 0x6, 0x70, 0xf, 0xfe, 0x6e,
    0x80, 0x6c, 0x0, 0xff, 0xe6, 0x90, 0x6, 0x60,
    0xf, 0xfe, 0x90, 0x80, 0x7f, 0xfc, 0x44, 0x3,
    0xff, 0x9a, 0x40, 0x19, 0x80, 0x3f, 0xf9, 0xba,
    0x1, 0xb0, 0x3, 0xff, 0x9a, 0xe0, 0x19, 0xc0,
    0x3f, 0xf9, 0xa4, 0x40, 0x8, 0x50, 0x3, 0xff,
    0x9b, 0x40, 0x1a, 0x40, 0x3f, 0xf9, 0xac, 0x1,
    0x8a, 0x0, 0x3f, 0xf9, 0x83, 0x0, 0x19, 0xd4,
    0x3, 0xff, 0x8c, 0x20, 0x1c, 0xe4, 0x1, 0xa9,
    0x80, 0x3f, 0xf8, 0x85, 0xf2, 0x1, 0xde, 0x1,
    0xd3, 0x42, 0x1, 0xff, 0xc1, 0x6d, 0x16, 0x90,
    0xc, 0x56, 0x1, 0xcb, 0xf0, 0x20, 0x1f, 0xcb,
    0x92, 0x1, 0x34, 0x80, 0x64, 0xb0, 0xe, 0x17,
    0xec, 0x97, 0x55, 0x34, 0x5f, 0xd1, 0x80, 0x61,
    0xb0, 0xe, 0x4d, 0x20, 0xf, 0x1b, 0x45, 0x52,
    0x5d, 0x0, 0x3c, 0x7e, 0x40, 0x1e, 0x2d, 0x70,
    0xf, 0xfe, 0x33, 0xe0, 0x80, 0x7f, 0x47, 0x38,
    0x80, 0x7f, 0xf0, 0x5, 0xfa, 0x0, 0x3f, 0xf8,
    0x3, 0x1d, 0x90, 0x84, 0x20, 0x11, 0x23, 0xdf,
    0x40, 0x80, 0x60,

    /* U+0044 "D" */
    0xff, 0xff, 0xe1, 0xf7, 0x32, 0x58, 0x40, 0x3f,
    0xf9, 0xe2, 0x23, 0x69, 0xec, 0x50, 0xf, 0xfe,
    0x99, 0xd7, 0x28, 0x7, 0xff, 0x4c, 0x6a, 0xc4,
    0x3, 0xfc, 0x39, 0x9f, 0xd7, 0x52, 0xc4, 0x1,
    0xe4, 0xf2, 0x0, 0xfe, 0x33, 0xff, 0x22, 0xb4,
    0xee, 0x98, 0x3, 0x87, 0x8, 0x3, 0xff, 0x96,
    0x53, 0xc8, 0x1, 0x87, 0xc0, 0x3f, 0xf9, 0xa3,
    0x70, 0x1, 0x8a, 0x80, 0x3f, 0xf9, 0xcf, 0x0,
    0x19, 0x4c, 0x3, 0xff, 0x9c, 0xe8, 0x1, 0xa0,
    0x3, 0xff, 0x9f, 0x40, 0x19, 0x8, 0x3, 0xff,
    0x9c, 0x2e, 0x1, 0xa8, 0x3, 0xff, 0x9f, 0x40,
    0x19, 0x40, 0x3f, 0xf9, 0xe4, 0x40, 0x8, 0x80,
    0x3f, 0xfa, 0xe, 0x1, 0x88, 0x3, 0xff, 0x9e,
    0x40, 0x19, 0x80, 0x3f, 0xf9, 0xfe, 0x1, 0x84,
    0x3, 0xff, 0xa8, 0x20, 0x1f, 0xfc, 0xff, 0x0,
    0xff, 0xea, 0x10, 0x6, 0x60, 0xf, 0xfe, 0x7b,
    0x80, 0x62, 0x0, 0xff, 0xe7, 0x11, 0x0, 0x22,
    0x0, 0xff, 0xe7, 0xd0, 0x6, 0x50, 0xf, 0xfe,
    0x70, 0xb8, 0x6, 0xb0, 0xf, 0xfe, 0x75, 0x80,
    0x63, 0x30, 0x7, 0xff, 0x35, 0xd4, 0x3, 0x40,
    0x7, 0xff, 0x35, 0xe0, 0x3, 0x2a, 0x0, 0x7f,
    0xf2, 0xc6, 0xa0, 0x3, 0x15, 0x0, 0x7f, 0xf2,
    0x8a, 0x39, 0x40, 0x30, 0xf8, 0x7, 0xe3, 0x3f,
    0xf2, 0x21, 0xa7, 0x74, 0xe0, 0x1c, 0x38, 0x40,
    0x1f, 0x87, 0x33, 0xfa, 0xed, 0x2c, 0x40, 0x1e,
    0x4f, 0x20, 0xf, 0xfe, 0x80, 0xd5, 0x88, 0x7,
    0xff, 0x3c, 0xe7, 0x94, 0x3, 0xff, 0x96, 0x22,
    0x36, 0x9e, 0xc6, 0x0, 0xff, 0x0,

    /* U+0045 "E" */
    0xff, 0xff, 0xe5, 0xe0, 0x7, 0xff, 0xfc, 0x3,
    0x87, 0x33, 0xff, 0x8d, 0xc0, 0x1c, 0x67, 0xff,
    0xc7, 0x20, 0xf, 0xff, 0xf8, 0x7, 0xff, 0xfc,
    0x3, 0xff, 0xd8, 0x45, 0xff, 0xc4, 0x10, 0xf,
    0x8b, 0x77, 0xff, 0x89, 0x40, 0x1f, 0xff, 0xf0,
    0xf, 0x8b, 0xff, 0xff, 0x89, 0x60, 0x1f, 0xff,
    0xf0, 0xf, 0xff, 0xf8, 0x7, 0xff, 0xfc, 0x3,
    0xe3, 0x3f, 0xfe, 0x40, 0x80, 0x61, 0xcc, 0xff,
    0xe3, 0xb8, 0x7, 0xff, 0xfc,

    /* U+0046 "F" */
    0xff, 0xff, 0xe5, 0xe0, 0x7, 0xff, 0xfc, 0x7,
    0x33, 0xff, 0x8d, 0xc0, 0x18, 0xcf, 0xff, 0x8e,
    0x40, 0x1f, 0xff, 0xf0, 0xf, 0xff, 0xf8, 0x7,
    0xff, 0xfc, 0x3, 0xff, 0x8e, 0x5f, 0xff, 0xfc,
    0x4b, 0x0, 0xff, 0xff, 0x80, 0x45, 0xbb, 0xff,
    0xc4, 0xa0, 0xf, 0x88, 0xbf, 0xf8, 0x82, 0x1,
    0xff, 0xff, 0x0, 0xff, 0xff, 0x80, 0x7f, 0xff,
    0xc0, 0x3f, 0xfe, 0xa0,

    /* U+0047 "G" */
    0x0, 0xff, 0xe0, 0x1b, 0xd6, 0x77, 0xfd, 0xd9,
    0x2a, 0x20, 0x1f, 0xfc, 0x41, 0x7d, 0xc8, 0x53,
    0x10, 0x8, 0x4d, 0xab, 0xad, 0x0, 0x3f, 0xf8,
    0x2f, 0xd0, 0x40, 0x1f, 0xfc, 0x14, 0xbc, 0x20,
    0xf, 0xe2, 0xd8, 0x0, 0xff, 0xe3, 0x1e, 0xb0,
    0x7, 0xc9, 0xa4, 0x1, 0xe2, 0x68, 0xaa, 0x4c,
    0x30, 0x80, 0x7a, 0x60, 0x3, 0x92, 0xc0, 0x3c,
    0xfb, 0xa9, 0x75, 0x53, 0x3c, 0xf6, 0xb0, 0x7,
    0x28, 0x6, 0x2b, 0x0, 0xe5, 0xe8, 0x20, 0xf,
    0xe2, 0x9e, 0x40, 0x1, 0x60, 0x6, 0xf0, 0xe,
    0x9a, 0x10, 0xf, 0xfe, 0x8, 0xdc, 0x1e, 0x8,
    0x4, 0xe4, 0x1, 0xa9, 0x80, 0x3f, 0xf8, 0xaf,
    0x82, 0x1, 0xc, 0x0, 0x68, 0x50, 0xf, 0xfe,
    0x63, 0x0, 0x63, 0x70, 0xf, 0xfe, 0x6d, 0x0,
    0x68, 0x0, 0xff, 0xe6, 0x91, 0x0, 0x21, 0x40,
    0xf, 0xfe, 0x6b, 0x80, 0x66, 0x0, 0xff, 0xe7,
    0x68, 0x6, 0xd0, 0xf, 0xfe, 0x71, 0x0, 0x66,
    0x0, 0xff, 0xe9, 0x88, 0x7, 0xff, 0x20, 0x8c,
    0xe2, 0x0, 0xff, 0xe7, 0xce, 0x66, 0x0, 0xf0,
    0x80, 0x7f, 0xf3, 0x88, 0x3, 0x30, 0x7, 0xff,
    0x3b, 0x40, 0x36, 0x0, 0x7f, 0xf3, 0x9c, 0x3,
    0x38, 0x7, 0xff, 0x38, 0x88, 0x1, 0xa, 0x80,
    0x7f, 0xf3, 0xa8, 0x3, 0x40, 0x7, 0xff, 0x39,
    0x80, 0x31, 0x40, 0x7, 0xff, 0x34, 0x60, 0x3,
    0x3a, 0x80, 0x7f, 0xf3, 0x5c, 0x80, 0x35, 0x30,
    0x7, 0xff, 0x37, 0xc0, 0x3a, 0x68, 0x40, 0x3f,
    0xf8, 0x22, 0xe0, 0x1f, 0x8a, 0xc0, 0x39, 0x7a,
    0x8, 0x3, 0xf8, 0xa3, 0x8c, 0x3, 0xf9, 0x2c,
    0x3, 0xcf, 0xba, 0x97, 0x65, 0x67, 0x9d, 0xd3,
    0x80, 0x71, 0x80, 0x79, 0x34, 0x80, 0x3c, 0x4d,
    0x13, 0x53, 0xc, 0x40, 0x1e, 0x4c, 0x0, 0xf8,
    0xb5, 0xc0, 0x3f, 0xf8, 0xc3, 0x36, 0x20, 0x1f,
    0xd1, 0xce, 0x20, 0x1f, 0xfc, 0x14, 0xae, 0x60,
    0xf, 0xfe, 0x0, 0xc7, 0x64, 0x29, 0x8, 0x4,
    0x48, 0xd5, 0xd6, 0xa0, 0x1c,

    /* U+0048 "H" */
    0xff, 0xda, 0x1, 0xff, 0xc7, 0xdf, 0xfc, 0x1,
    0xff, 0xff, 0x0, 0xff, 0xff, 0x80, 0x7f, 0xff,
    0xc0, 0x3f, 0xff, 0xe0, 0x1f, 0xff, 0xf0, 0xf,
    0x19, 0xff, 0xf2, 0x40, 0x3f, 0xe, 0x67, 0xff,
    0x1c, 0x40, 0x3f, 0xff, 0xe0, 0x1f, 0xfc, 0x82,
    0xff, 0xff, 0xe3, 0x90, 0x7, 0xff, 0xfc, 0x3,
    0xff, 0xfe, 0x1, 0xff, 0xff, 0x0, 0xff, 0xff,
    0x80, 0x7f, 0xff, 0xc0, 0x3f, 0xfa, 0xe0,

    /* U+0049 "I" */
    0xff, 0xda, 0x1, 0xff, 0xff, 0x0, 0xff, 0xff,
    0x80, 0x7f, 0xf0, 0xc0,

    /* U+004A "J" */
    0x0, 0xdf, 0xff, 0xfc, 0x4e, 0x0, 0xff, 0xfb,
    0xe6, 0x7f, 0xf0, 0x4, 0x3, 0xf1, 0x9f, 0xff,
    0x0, 0x3, 0xff, 0xfe, 0x1, 0xff, 0xff, 0x0,
    0xff, 0xff, 0x80, 0x7f, 0xff, 0xc0, 0x3f, 0xfe,
    0x26, 0x1, 0xff, 0xd9, 0x10, 0x8, 0x40, 0x3f,
    0xf8, 0x64, 0x1, 0x98, 0x0, 0x7a, 0x20, 0x1f,
    0xe4, 0x0, 0xda, 0x5, 0xa5, 0xa2, 0x1, 0xfd,
    0x60, 0x19, 0x7, 0xc4, 0xf, 0xc, 0x3, 0xeb,
    0x20, 0x8, 0x8c, 0xc4, 0x1, 0x16, 0x61, 0x90,
    0xd2, 0x39, 0x0, 0x35, 0x81, 0x58, 0x7, 0x1c,
    0xde, 0x5b, 0x88, 0x6, 0x46, 0x0, 0x26, 0x8,
    0x7, 0xff, 0x4, 0xe8, 0x3, 0x1f, 0xb0, 0x7,
    0xfc, 0xf8, 0x20, 0x1c, 0x33, 0xd2, 0xa4, 0x0,
    0x12, 0x59, 0xe8, 0x0, 0xc0,

    /* U+004B "K" */
    0xff, 0xda, 0x1, 0xff, 0xc5, 0x6f, 0xfd, 0xc4,
    0x1, 0xff, 0xca, 0x59, 0x0, 0xda, 0x40, 0x1f,
    0xfc, 0x95, 0xa0, 0xd, 0x86, 0x1, 0xff, 0xc9,
    0x4a, 0x0, 0xd6, 0x60, 0x1f, 0xfc, 0x94, 0xb0,
    0xd, 0x48, 0x1, 0xff, 0xc9, 0x3b, 0x0, 0xd2,
    0xa0, 0x1f, 0xfc, 0x93, 0xc0, 0xd, 0xc, 0x1,
    0xff, 0xc9, 0x2d, 0x0, 0xce, 0xe0, 0xf, 0xfe,
    0x49, 0x60, 0x80, 0x4d, 0x0, 0x1f, 0xfc, 0x92,
    0xc1, 0x0, 0x96, 0x40, 0x3f, 0xf9, 0x23, 0xe2,
    0x1, 0x2d, 0x0, 0x7f, 0xf2, 0x47, 0x8, 0x2,
    0x4a, 0x0, 0xff, 0xe4, 0x8e, 0x10, 0x4, 0x76,
    0x1, 0xff, 0xca, 0xd2, 0x0, 0x8b, 0x40, 0x3f,
    0xf9, 0x58, 0x60, 0x11, 0x60, 0x80, 0x7f, 0xf2,
    0x6c, 0xc0, 0x35, 0x8, 0x7, 0xff, 0x26, 0xd0,
    0x3, 0xa0, 0xc0, 0x3f, 0xf9, 0x14, 0x80, 0x1f,
    0x68, 0x80, 0x7f, 0xf1, 0xa9, 0x40, 0x3f, 0xe,
    0x80, 0x7f, 0xf1, 0x49, 0x40, 0x35, 0x40, 0x6,
    0x3a, 0x0, 0xff, 0xe4, 0xca, 0xbb, 0x0, 0x65,
    0x70, 0xf, 0xfe, 0x3c, 0xb0, 0x2, 0x50, 0x3,
    0x42, 0x0, 0x7f, 0xf1, 0x61, 0x80, 0x35, 0x10,
    0x6, 0xa2, 0x0, 0xff, 0xe1, 0xc3, 0x80, 0x70,
    0xf8, 0x80, 0x43, 0xe0, 0x1f, 0xfc, 0x27, 0x70,
    0x7, 0xc5, 0xa0, 0x18, 0xac, 0x3, 0xff, 0x80,
    0x50, 0x1, 0xfc, 0x74, 0x1, 0x92, 0x0, 0x3f,
    0xf9, 0x6a, 0xe0, 0x19, 0xd4, 0x3, 0xff, 0x97,
    0xa, 0x1, 0xa8, 0xc0, 0x3f, 0xf9, 0x74, 0x60,
    0x1b, 0x44, 0x3, 0xff, 0x97, 0xa2, 0x1, 0xe,
    0x80, 0x7f, 0xf2, 0xc7, 0x0, 0x31, 0xc8, 0x7,
    0xff, 0x2c, 0xac, 0x3, 0x33, 0x0, 0x3f, 0xf9,
    0x69, 0x20, 0x1a, 0x50, 0x3, 0xff, 0x96, 0xcc,
    0x0, 0xd4, 0x40,

    /* U+004C "L" */
    0xff, 0xda, 0x1, 0xff, 0xff, 0x0, 0xff, 0xff,
    0x80, 0x7f, 0xff, 0xc0, 0x3f, 0xff, 0xe0, 0x1f,
    0xff, 0xf0, 0xf, 0xff, 0xf8, 0x7, 0xff, 0xfc,
    0x3, 0xff, 0xfe, 0x1, 0xff, 0xff, 0x0, 0xff,
    0xe4, 0x19, 0xff, 0xf1, 0xc0, 0x38, 0x73, 0x3f,
    0xf8, 0xc0, 0x1f, 0xff, 0xd0,

    /* U+004D "M" */
    0xff, 0xc8, 0x1, 0xff, 0xce, 0x7f, 0xfa, 0xc0,
    0x34, 0x80, 0x7f, 0xf3, 0x46, 0x0, 0x27, 0x0,
    0xc4, 0xc0, 0x1f, 0xfc, 0xcb, 0x0, 0xff, 0x40,
    0x80, 0x7f, 0xf2, 0x8d, 0x40, 0x3f, 0xc3, 0x0,
    0x1f, 0xfc, 0xaf, 0x0, 0xff, 0xe0, 0x31, 0x80,
    0x7f, 0xf2, 0x14, 0xc0, 0x3f, 0xf8, 0x3e, 0x1,
    0xff, 0xc8, 0xb0, 0xf, 0xfe, 0x11, 0xa8, 0x7,
    0xff, 0x1a, 0x4, 0x3, 0xff, 0x87, 0x60, 0x1f,
    0xfc, 0x52, 0x70, 0xf, 0xfe, 0x0, 0x80, 0x43,
    0x0, 0x1f, 0xfc, 0x48, 0x0, 0x84, 0x40, 0x1f,
    0x91, 0x0, 0x13, 0x90, 0x7, 0xff, 0x9, 0x14,
    0x2, 0xb3, 0x0, 0xfe, 0x90, 0xd, 0x20, 0x1f,
    0xfc, 0x29, 0x0, 0x8d, 0x40, 0x3f, 0xc4, 0xe0,
    0x12, 0x20, 0x3, 0xff, 0x80, 0xc4, 0x1, 0x78,
    0x7, 0xff, 0x2, 0x4, 0x2, 0x90, 0xf, 0xf8,
    0x60, 0x2, 0x63, 0x0, 0xff, 0xe0, 0xd8, 0x4,
    0x4e, 0x1, 0xfe, 0x81, 0x0, 0xa0, 0x3, 0xff,
    0x84, 0xa8, 0x1, 0x40, 0x80, 0x7e, 0x26, 0x0,
    0xa4, 0x40, 0x3f, 0xf8, 0x72, 0x1, 0xac, 0x3,
    0xf4, 0x80, 0x44, 0xc0, 0x1f, 0xfc, 0x42, 0x70,
    0x9, 0x4c, 0x3, 0xca, 0x80, 0x14, 0x80, 0x7f,
    0xf1, 0xa0, 0x40, 0x2f, 0x0, 0xf4, 0x0, 0x4a,
    0x80, 0x1f, 0xfc, 0x7b, 0x0, 0x8d, 0x80, 0x33,
    0x90, 0x5, 0x60, 0x1f, 0xfc, 0x85, 0x30, 0xa,
    0x4, 0x0, 0x30, 0x1, 0x38, 0x80, 0x7f, 0xf2,
    0x78, 0x2, 0x18, 0x0, 0x58, 0x4, 0x30, 0x1,
    0xff, 0xca, 0x26, 0x0, 0x98, 0x8d, 0x40, 0x2b,
    0x0, 0xff, 0xe6, 0x40, 0x80, 0x53, 0xe0, 0x12,
    0x28, 0x7, 0xff, 0x30, 0x60, 0x2, 0x43, 0x0,
    0xa4, 0x3, 0xff, 0x9c, 0xc6, 0x1, 0xe6, 0x20,
    0xf, 0xfe, 0x7f, 0x80, 0x70, 0xc0, 0x7, 0xff,
    0x40, 0xd8, 0x3, 0x40, 0x80, 0x7f, 0xf4, 0x60,
    0x40, 0x6, 0xc0, 0x1f, 0xfd, 0x21, 0x81, 0x17,
    0x80, 0x7f, 0xf5, 0x1b, 0xb8, 0x60, 0x1f, 0xff,
    0xf0, 0xf, 0xff, 0x28,

    /* U+004E "N" */
    0xff, 0xca, 0x1, 0xff, 0xc7, 0xdf, 0xfc, 0x1,
    0xa8, 0xc0, 0x3f, 0xfa, 0x1a, 0x20, 0x1f, 0xfc,
    0xf1, 0xa0, 0xf, 0xfe, 0x82, 0x40, 0x7, 0xff,
    0x41, 0xd4, 0x3, 0xff, 0xa1, 0x44, 0x1, 0xff,
    0xd0, 0xf1, 0x0, 0xff, 0xe7, 0x95, 0x0, 0x7f,
    0xf2, 0x8a, 0x0, 0x32, 0x40, 0x7, 0xff, 0x29,
    0xd4, 0x3, 0x3a, 0x80, 0x7f, 0xf2, 0xa8, 0x80,
    0x35, 0x10, 0x7, 0xff, 0x2b, 0xc0, 0x3b, 0xc0,
    0x3f, 0xf9, 0x45, 0x60, 0x18, 0xac, 0x3, 0xff,
    0x94, 0x8e, 0x1, 0x92, 0x0, 0x3f, 0xf9, 0x50,
    0x80, 0x19, 0xd0, 0x3, 0xff, 0x95, 0x64, 0x1,
    0xac, 0x80, 0x3f, 0xf9, 0x5e, 0x1, 0xde, 0x1,
    0xff, 0xca, 0x2a, 0x0, 0xc5, 0x40, 0x1f, 0xfc,
    0xa5, 0x70, 0xc, 0xae, 0x1, 0xff, 0xca, 0x84,
    0x0, 0xd0, 0x80, 0x1f, 0xfc, 0xaa, 0x20, 0xd,
    0x44, 0x1, 0xff, 0xc9, 0x1f, 0x0, 0xc3, 0xe0,
    0x1f, 0xfc, 0xa2, 0xa0, 0xc, 0x54, 0x1, 0xff,
    0xca, 0x57, 0x0, 0xca, 0xe0, 0x1f, 0xfc, 0xa8,
    0x40, 0xd, 0x4, 0x1, 0xff, 0xca, 0xa1, 0x0,
    0xff, 0xe7, 0x8e, 0x80, 0x7f, 0xf4, 0xe, 0x80,
    0x3f, 0xfa, 0xa, 0xc0, 0x1f, 0xfd, 0x9, 0x30,
    0xf, 0xfe, 0x86, 0x88, 0x7, 0xff, 0x3c, 0x74,
    0x3, 0xff, 0xa0, 0x72, 0x1, 0x80,

    /* U+004F "O" */
    0x0, 0xff, 0xe0, 0x1b, 0xd6, 0xf7, 0xfd, 0xb7,
    0xa, 0x1, 0xff, 0xca, 0x17, 0xdc, 0x85, 0x21,
    0x0, 0x89, 0x1e, 0xbe, 0x8c, 0x3, 0xff, 0x8c,
    0xfd, 0x4, 0x1, 0xff, 0xc1, 0x5c, 0xb2, 0x0,
    0xff, 0xe1, 0x16, 0xc0, 0x7, 0xff, 0x19, 0x35,
    0x80, 0x3f, 0xf8, 0x9, 0xa4, 0x1, 0xe3, 0x69,
    0xaa, 0x4b, 0xa0, 0x7, 0xd3, 0x20, 0xf, 0xf2,
    0x58, 0x7, 0xc, 0x76, 0x4b, 0x2a, 0x9a, 0x2f,
    0xe8, 0xc0, 0x39, 0xa4, 0x3, 0xf1, 0x58, 0x7,
    0x37, 0x38, 0x80, 0x7f, 0x2e, 0x48, 0x80, 0x66,
    0x70, 0xf, 0xbc, 0x3, 0xaa, 0x40, 0x3f, 0xf8,
    0x4d, 0x84, 0x1, 0xa0, 0xc0, 0x39, 0xc8, 0x3,
    0x52, 0x80, 0x7f, 0xf1, 0xb, 0x4, 0x3, 0x78,
    0x7, 0x40, 0x6, 0x85, 0x0, 0xff, 0xe3, 0xe,
    0x0, 0x63, 0x50, 0x9, 0xc0, 0x31, 0xb8, 0x7,
    0xff, 0x20, 0xa0, 0x3, 0x48, 0x5, 0x40, 0x1a,
    0x0, 0x3f, 0xf9, 0x4e, 0x20, 0x11, 0x90, 0x9,
    0x0, 0x42, 0x80, 0x1f, 0xfc, 0xb7, 0x0, 0xc8,
    0x8, 0x1, 0x9c, 0x3, 0xff, 0x99, 0x40, 0x1b,
    0x3, 0x40, 0x36, 0x0, 0x7f, 0xf3, 0xc, 0x3,
    0x38, 0x10, 0x6, 0x60, 0xf, 0xfe, 0x68, 0x80,
    0x44, 0x1, 0xe1, 0x0, 0xff, 0xe6, 0x98, 0x7,
    0xff, 0x8c, 0x40, 0x3f, 0xf9, 0xa6, 0x1, 0xc4,
    0x1, 0x98, 0x3, 0xff, 0x9a, 0x20, 0x11, 0x6,
    0x80, 0x6c, 0x0, 0xff, 0xe6, 0x18, 0x6, 0x70,
    0x40, 0xc, 0xe0, 0x1f, 0xfc, 0xca, 0x0, 0xd8,
    0x2, 0x40, 0x10, 0xa0, 0x7, 0xff, 0x2d, 0xc0,
    0x32, 0x0, 0x28, 0x3, 0x48, 0x7, 0xff, 0x2a,
    0x4, 0x2, 0x32, 0x0, 0x38, 0x6, 0x27, 0x0,
    0xff, 0xe4, 0x1b, 0x80, 0x69, 0x0, 0xd0, 0x1,
    0xa1, 0x40, 0x3f, 0xf8, 0xc3, 0xa0, 0x18, 0xd4,
    0x3, 0x39, 0x0, 0x6a, 0x50, 0xf, 0xfe, 0x21,
    0x60, 0x80, 0x6f, 0x0, 0xf7, 0x80, 0x75, 0x48,
    0x7, 0xff, 0x9, 0xb0, 0x80, 0x34, 0x18, 0x7,
    0x8a, 0xc0, 0x39, 0xb9, 0xc4, 0x3, 0xf9, 0x72,
    0x44, 0x3, 0x33, 0x80, 0x7e, 0x4b, 0x10, 0xc,
    0x31, 0xd9, 0x2c, 0xaa, 0x68, 0xbf, 0xa3, 0x0,
    0xe6, 0x90, 0xf, 0xf2, 0x79, 0x80, 0x78, 0xda,
    0x6a, 0x92, 0xe8, 0x1, 0xf4, 0xc8, 0x3, 0xff,
    0x80, 0x39, 0x22, 0x1, 0xff, 0xc5, 0x4d, 0x60,
    0xf, 0xfe, 0x1b, 0x74, 0x10, 0x7, 0xff, 0x5,
    0x72, 0xc8, 0x3, 0xff, 0x8c, 0xfb, 0x90, 0xa4,
    0x20, 0x11, 0x23, 0xd7, 0xd1, 0x80, 0x7f, 0x80,

    /* U+0050 "P" */
    0xff, 0xff, 0xe1, 0x76, 0xdc, 0x20, 0x7, 0xff,
    0x2c, 0x49, 0x1e, 0xfa, 0x8, 0x3, 0xff, 0x9a,
    0x2f, 0xac, 0x1, 0xff, 0xcf, 0x9a, 0x0, 0xfc,
    0x39, 0x9f, 0xae, 0xa5, 0x44, 0x3, 0x96, 0x40,
    0x3e, 0x33, 0xfe, 0x45, 0x6a, 0xea, 0x10, 0xc,
    0xca, 0x1, 0xff, 0xc8, 0x5e, 0x30, 0xd, 0x60,
    0x1f, 0xfc, 0xac, 0x10, 0x8, 0x54, 0x3, 0xff,
    0x95, 0x60, 0x1b, 0xc0, 0x3f, 0xf9, 0x4a, 0x1,
    0x90, 0x3, 0xff, 0x96, 0x60, 0x10, 0x80, 0x7f,
    0xf2, 0xd8, 0x3, 0x8, 0x7, 0xff, 0x99, 0x80,
    0x30, 0x80, 0x7f, 0xf2, 0x8c, 0x2, 0x10, 0xf,
    0xfe, 0x52, 0x80, 0x64, 0x0, 0xff, 0xe5, 0x58,
    0x6, 0xf0, 0xf, 0xfe, 0x4e, 0x8, 0x4, 0x2a,
    0x1, 0xff, 0xc7, 0x5e, 0x30, 0xd, 0x60, 0x1e,
    0x33, 0xfe, 0x45, 0x6a, 0xea, 0x10, 0xc, 0xaa,
    0x0, 0xf0, 0xe6, 0x7e, 0xba, 0x95, 0x10, 0xe,
    0x5a, 0x0, 0xff, 0xe6, 0xcd, 0x0, 0x7f, 0xf3,
    0x1b, 0x58, 0x3, 0xff, 0x8e, 0x24, 0x8f, 0x7f,
    0x24, 0x1, 0xfe, 0x2f, 0xff, 0xee, 0xdb, 0x84,
    0x0, 0xff, 0xff, 0x80, 0x7f, 0xff, 0xc0, 0x3f,
    0xff, 0xe0, 0x1f, 0xfd, 0x80,

    /* U+0051 "Q" */
    0x0, 0xff, 0xe0, 0x1b, 0xd6, 0x77, 0xfd, 0xb7,
    0x8, 0x1, 0xff, 0xcc, 0x7d, 0xc8, 0x53, 0x10,
    0x8, 0x91, 0xef, 0xe8, 0xc0, 0x3f, 0xf8, 0xef,
    0xd0, 0x40, 0x1f, 0xfc, 0x15, 0xca, 0x20, 0xf,
    0xfe, 0x19, 0x64, 0x8, 0x7, 0xff, 0x15, 0x75,
    0x80, 0x3f, 0xf8, 0x27, 0x86, 0x1, 0xe3, 0x69,
    0xaa, 0x4b, 0xa0, 0x7, 0xd3, 0x0, 0x1f, 0xf1,
    0xe0, 0x80, 0x61, 0x8e, 0xc9, 0x65, 0x53, 0x45,
    0xfd, 0x18, 0x7, 0x3c, 0x80, 0x7f, 0x16, 0x80,
    0x73, 0x7b, 0x88, 0x7, 0xf2, 0xe4, 0x80, 0x73,
    0x38, 0x7, 0xee, 0x10, 0xd, 0x32, 0x10, 0xf,
    0xfe, 0xb, 0x69, 0x0, 0x68, 0x30, 0xf, 0x31,
    0x80, 0x6a, 0x60, 0xf, 0xfe, 0x21, 0x60, 0x80,
    0x6f, 0x0, 0xf4, 0x0, 0x67, 0x50, 0xf, 0xfe,
    0x30, 0xe8, 0x6, 0x35, 0x0, 0xcc, 0x20, 0x11,
    0x40, 0x7, 0xff, 0x20, 0xdc, 0x3, 0x48, 0x6,
    0xa0, 0xd, 0x0, 0x1f, 0xfc, 0xa9, 0x0, 0xc6,
    0x40, 0x1, 0x30, 0x8, 0x54, 0x3, 0xff, 0x94,
    0x2c, 0x1, 0x90, 0x0, 0x80, 0x19, 0xc0, 0x3f,
    0xf9, 0x9a, 0x1, 0xb0, 0x1, 0xa0, 0x1b, 0x0,
    0x3f, 0xf9, 0x88, 0x1, 0x9c, 0x0, 0x20, 0x19,
    0x80, 0x3f, 0xf9, 0xa2, 0x1, 0x10, 0x0, 0xc0,
    0x30, 0x80, 0x7f, 0xf3, 0x4c, 0x3, 0xff, 0xb2,
    0x20, 0x1f, 0xf0, 0x80, 0x7f, 0xf3, 0x44, 0x3,
    0xc4, 0x1, 0x98, 0x3, 0xff, 0x9a, 0x40, 0x11,
    0x0, 0x38, 0x3, 0x68, 0x7, 0xff, 0x30, 0xc0,
    0x33, 0x80, 0x10, 0x3, 0x28, 0x7, 0xff, 0x32,
    0xc0, 0x36, 0x80, 0x8, 0x40, 0x22, 0x40, 0xf,
    0xfe, 0x5b, 0x0, 0x65, 0x0, 0x98, 0x3, 0x40,
    0x7, 0xff, 0x29, 0xc4, 0x2, 0x32, 0x0, 0xa8,
    0x3, 0x1b, 0x0, 0x7f, 0xf2, 0xa, 0x0, 0x34,
    0x80, 0x62, 0x60, 0xd, 0x26, 0x1, 0xff, 0xc7,
    0xf0, 0xc, 0x4a, 0x1, 0xd0, 0x20, 0x1b, 0x10,
    0x3, 0xff, 0x88, 0x38, 0x40, 0x1b, 0x80, 0x3c,
    0x34, 0x1, 0xd6, 0xe0, 0x1f, 0xfc, 0x24, 0xf3,
    0x0, 0xce, 0x60, 0x1f, 0x24, 0x0, 0x74, 0x6a,
    0x80, 0x7f, 0x8e, 0xac, 0x40, 0x32, 0xc0, 0x7,
    0xf3, 0xc0, 0x7, 0x15, 0x75, 0x3a, 0x19, 0x91,
    0xa7, 0x71, 0x40, 0x39, 0x68, 0x3, 0xfe, 0x7a,
    0x0, 0xf0, 0xac, 0x5e, 0x62, 0xe5, 0x88, 0x3,
    0xd1, 0x40, 0x1f, 0xfc, 0x15, 0xd4, 0x0, 0xff,
    0xe3, 0x1e, 0x38, 0x7, 0xff, 0xc, 0xae, 0xc6,
    0x1, 0xff, 0xc2, 0x4a, 0xc3, 0x0, 0xff, 0xe3,
    0x26, 0x74, 0xa9, 0x8, 0x7, 0xd1, 0xb6, 0xa0,
    0x1f, 0xfc, 0xa1, 0x6a, 0xde, 0xf7, 0x0, 0xec,
    0x20, 0xf, 0xe2, 0x90, 0xf, 0xfe, 0x3c, 0x38,
    0x6, 0x4d, 0x30, 0xf, 0x93, 0x1a, 0x0, 0x3f,
    0xf8, 0xf1, 0x0, 0xc, 0x59, 0x48, 0x20, 0x4b,
    0x76, 0x10, 0x75, 0x0, 0xff, 0xe3, 0xbd, 0x0,
    0x72, 0xdf, 0x7e, 0xd2, 0x0, 0x44, 0x80, 0x1f,
    0xfc, 0x85, 0xd3, 0x0, 0xff, 0xe0, 0x16, 0x8,
    0x7, 0xff, 0x24, 0xb2, 0x44, 0x3, 0xfa, 0x34,
    0x40, 0x3f, 0xf9, 0x8d, 0xd6, 0xe8, 0x66, 0x46,
    0xaf, 0x70, 0x8,

    /* U+0052 "R" */
    0xff, 0xff, 0xe1, 0x76, 0xdc, 0x20, 0x7, 0xff,
    0x2c, 0x49, 0x1e, 0xfa, 0x4, 0x3, 0xff, 0x9a,
    0x2f, 0xcc, 0x1, 0xff, 0xcf, 0x9a, 0x0, 0xfc,
    0x39, 0x9f, 0xae, 0xa5, 0x44, 0x3, 0x96, 0x40,
    0x3e, 0x33, 0xfe, 0x45, 0x6a, 0xea, 0x10, 0xc,
    0xca, 0x1, 0xff, 0xc8, 0x5e, 0x30, 0xd, 0x60,
    0x1f, 0xfc, 0xac, 0x10, 0x8, 0x54, 0x3, 0xff,
    0x95, 0x60, 0x1b, 0xc0, 0x3f, 0xf9, 0x4a, 0x1,
    0x90, 0x3, 0xff, 0x96, 0x60, 0x10, 0x80, 0x7f,
    0xf2, 0xdc, 0x3, 0x8, 0x7, 0xff, 0x28, 0x40,
    0x31, 0x80, 0x7f, 0xf2, 0x98, 0x3, 0x18, 0x7,
    0xff, 0x28, 0xc0, 0x21, 0x10, 0x7, 0xff, 0x25,
    0x40, 0x32, 0x80, 0x7f, 0xf2, 0xa0, 0x3, 0x68,
    0x7, 0xff, 0x26, 0xc8, 0x2, 0x16, 0x0, 0xff,
    0xe3, 0xa6, 0xa0, 0x6, 0x80, 0xf, 0x88, 0xbf,
    0x8d, 0x63, 0x6c, 0x80, 0x32, 0x30, 0x7, 0x8b,
    0x77, 0xfb, 0x29, 0xc8, 0x3, 0x92, 0xc0, 0x3f,
    0xf9, 0xaf, 0x60, 0x1f, 0xfc, 0xc6, 0xd8, 0x0,
    0xff, 0xe3, 0x88, 0x7, 0x51, 0x0, 0x7f, 0x8b,
    0xff, 0xfb, 0xa8, 0x3, 0x70, 0x7, 0xff, 0x29,
    0x58, 0x2, 0x29, 0x0, 0xff, 0xe5, 0x49, 0x0,
    0x4c, 0xa0, 0x1f, 0xfc, 0xae, 0x0, 0xd6, 0x20,
    0x1f, 0xfc, 0x93, 0x80, 0x8, 0x74, 0x3, 0xff,
    0x94, 0xe8, 0x1, 0x1b, 0x80, 0x7f, 0xf2, 0xa8,
    0x40, 0x28, 0x30, 0xf, 0xfe, 0x48, 0xd0, 0x6,
    0xe0, 0xf, 0xfe, 0x52, 0x30, 0x4, 0x54, 0x1,
    0xff, 0xca, 0x92, 0x0, 0x95, 0x40,

    /* U+0053 "S" */
    0x0, 0xfc, 0x2d, 0x59, 0xdf, 0xf7, 0x64, 0xb1,
    0x80, 0x7f, 0xf0, 0xe, 0xfa, 0x54, 0xc4, 0x2,
    0x13, 0x69, 0xcd, 0x81, 0x0, 0xfd, 0x38, 0x80,
    0x1f, 0xfc, 0x12, 0x7e, 0x80, 0xf, 0x63, 0x0,
    0x7f, 0xf1, 0x9c, 0xc0, 0x35, 0x18, 0x7, 0x2c,
    0xde, 0xeb, 0x2e, 0x54, 0x40, 0x31, 0x18, 0x4,
    0x8a, 0x1, 0x97, 0xa9, 0x90, 0x88, 0x68, 0xd5,
    0xd8, 0xc0, 0xb, 0x0, 0xde, 0x1, 0x9a, 0x84,
    0x3, 0xfc, 0x73, 0xcc, 0xc0, 0xc, 0x80, 0x10,
    0xc8, 0x7, 0xff, 0x8, 0x64, 0x3, 0x10, 0x6,
    0x70, 0xf, 0xfe, 0x48, 0x80, 0x61, 0x0, 0xff,
    0xe4, 0x88, 0x6, 0x20, 0xf, 0xfe, 0x49, 0x0,
    0x65, 0x10, 0xf, 0xfe, 0x4a, 0x0, 0x6c, 0x30,
    0xf, 0xfe, 0x47, 0x80, 0x62, 0xc9, 0x20, 0xf,
    0xfe, 0x32, 0x38, 0x7, 0x36, 0xea, 0x10, 0x3,
    0xff, 0x89, 0xe, 0x1, 0xe2, 0x7b, 0xfc, 0x84,
    0x0, 0xff, 0xe0, 0xc5, 0x90, 0x7, 0xe3, 0x7b,
    0xfb, 0x60, 0xf, 0xf9, 0x36, 0x90, 0x3, 0xfc,
    0x93, 0xce, 0x1, 0xff, 0x2d, 0xf5, 0x31, 0x0,
    0x7e, 0x18, 0xd2, 0x0, 0xff, 0x85, 0x67, 0x7a,
    0x98, 0x80, 0x3c, 0x58, 0x40, 0x1f, 0xfc, 0x21,
    0x59, 0xdd, 0x38, 0x80, 0x61, 0xe0, 0xf, 0xfe,
    0x31, 0x47, 0x28, 0x6, 0x35, 0x0, 0xff, 0xe4,
    0x53, 0x0, 0x6c, 0x0, 0xff, 0xe4, 0xc0, 0x6,
    0x50, 0xf, 0xfe, 0x48, 0x88, 0x2, 0x10, 0xf,
    0xfe, 0x50, 0x80, 0x42, 0x0, 0x65, 0x0, 0xff,
    0xe2, 0xa0, 0x6, 0x50, 0x4, 0x55, 0x8, 0x3,
    0xff, 0x84, 0x32, 0x1, 0xb4, 0x18, 0x41, 0x76,
    0x90, 0x3, 0xfe, 0x3c, 0x20, 0x8, 0x90, 0x2c,
    0x3, 0x2d, 0xf5, 0x32, 0x11, 0x46, 0xaf, 0x98,
    0x20, 0xd, 0x20, 0xe, 0x10, 0xe, 0x15, 0x9b,
    0xdd, 0xb2, 0xa0, 0xc0, 0x3a, 0x50, 0x0, 0x7c,
    0xe0, 0x1f, 0xfc, 0x61, 0xb6, 0x0, 0xe8, 0xe8,
    0x20, 0xf, 0xfe, 0x8, 0xbf, 0xa0, 0x7, 0xc2,
    0xfb, 0xa9, 0x63, 0x10, 0xc, 0x48, 0xf7, 0xd0,
    0x20, 0x18,

    /* U+0054 "T" */
    0xdf, 0xff, 0xfe, 0x78, 0x7, 0xff, 0xfc, 0x3,
    0xfb, 0xb3, 0x3f, 0xd0, 0x1, 0x9b, 0x33, 0xfe,
    0x33, 0xff, 0xe0, 0x0, 0x6e, 0x33, 0xff, 0x80,
    0x3f, 0xff, 0xe0, 0x1f, 0xff, 0xf0, 0xf, 0xff,
    0xf8, 0x7, 0xff, 0xfc, 0x3, 0xff, 0xfe, 0x1,
    0xff, 0xff, 0x0, 0xff, 0xff, 0x80, 0x7f, 0xff,
    0xc0, 0x3f, 0xff, 0xe0, 0x1f, 0xff, 0xf0, 0xf,
    0xfe, 0xb0,

    /* U+0055 "U" */
    0x4f, 0xfd, 0x0, 0x1f, 0xfc, 0x67, 0xff, 0xc4,
    0x1, 0xff, 0xff, 0x0, 0xff, 0xff, 0x80, 0x7f,
    0xff, 0xc0, 0x3f, 0xff, 0xe0, 0x1f, 0xff, 0xf0,
    0xf, 0xff, 0xf8, 0x7, 0xff, 0xfc, 0x3, 0xff,
    0x86, 0xe0, 0x18, 0x40, 0x3f, 0xf8, 0xde, 0x1,
    0xc2, 0x1, 0x8c, 0x3, 0xff, 0x8c, 0x20, 0x18,
    0xcc, 0x1, 0x84, 0x3, 0xff, 0x8c, 0x60, 0x18,
    0x44, 0x1, 0x94, 0x3, 0xff, 0x8c, 0xe0, 0x10,
    0x80, 0xc, 0x2, 0x12, 0x0, 0xff, 0xe2, 0x9,
    0x0, 0x4a, 0x0, 0x40, 0xc, 0xa0, 0x1f, 0xfc,
    0x47, 0x0, 0xd8, 0x0, 0xc0, 0xd, 0x20, 0x1f,
    0xfc, 0x4b, 0x0, 0xc8, 0x0, 0x42, 0x0, 0x86,
    0x40, 0x3f, 0xf8, 0x50, 0x40, 0x11, 0x98, 0x2,
    0xb0, 0xc, 0xd0, 0x1, 0xff, 0xc0, 0x77, 0x0,
    0x69, 0x0, 0xcc, 0x60, 0x19, 0xec, 0xc0, 0x3f,
    0x1d, 0xc0, 0x6, 0x45, 0x0, 0xed, 0x10, 0xc,
    0x99, 0xb2, 0xea, 0xa7, 0x9d, 0xc4, 0x0, 0xc3,
    0x40, 0x1e, 0x1d, 0x10, 0xe, 0x26, 0x8a, 0xa4,
    0x31, 0x0, 0x71, 0x60, 0x80, 0x7c, 0x7e, 0x60,
    0x1f, 0xfc, 0x44, 0xc2, 0x0, 0xfe, 0x1c, 0xb3,
    0x0, 0xff, 0xe0, 0x1d, 0xd8, 0x40, 0x3f, 0xf8,
    0x9, 0x9b, 0x2a, 0x42, 0x0, 0x12, 0x59, 0xdc,
    0x40, 0xf, 0x80,

    /* U+0056 "V" */
    0xd, 0xff, 0xca, 0x1, 0xff, 0xcb, 0xcf, 0xfc,
    0x0, 0xb0, 0xd, 0x20, 0x1f, 0xfc, 0xa3, 0x30,
    0x4, 0xc0, 0x6, 0x10, 0x8, 0xcc, 0x1, 0xff,
    0xc9, 0x90, 0xd, 0x60, 0x13, 0x0, 0x69, 0x0,
    0xff, 0xe4, 0xa, 0x80, 0x48, 0x40, 0x14, 0x80,
    0x65, 0x10, 0xf, 0xfe, 0x3c, 0x80, 0x6f, 0x0,
    0xc2, 0xa0, 0x1a, 0x40, 0x3f, 0xf8, 0xec, 0x1,
    0x12, 0x0, 0x74, 0x80, 0x66, 0x0, 0xff, 0xe3,
    0x30, 0x80, 0x56, 0x1, 0xe3, 0x30, 0x4, 0x2c,
    0x1, 0xff, 0xc5, 0xb0, 0x8, 0x58, 0x3, 0xe9,
    0x0, 0xd4, 0x1, 0xff, 0xc4, 0x42, 0x0, 0x98,
    0x3, 0xf2, 0x88, 0x4, 0x66, 0x0, 0xff, 0xe1,
    0xf8, 0x6, 0x90, 0xf, 0xe9, 0x0, 0xd2, 0x1,
    0xff, 0xc2, 0x24, 0x0, 0x94, 0x40, 0x3f, 0x98,
    0x3, 0x28, 0x80, 0x7f, 0xf0, 0x6c, 0x3, 0x48,
    0x7, 0xf8, 0x58, 0x3, 0x48, 0x7, 0xff, 0x0,
    0x58, 0x2, 0x33, 0x0, 0x7f, 0xd6, 0x1, 0x98,
    0x3, 0xff, 0x80, 0xc0, 0x1a, 0x40, 0x3f, 0xf8,
    0x4, 0x80, 0x10, 0xb0, 0x7, 0xfd, 0x20, 0x10,
    0xa8, 0x7, 0xff, 0x7, 0xc0, 0x35, 0x80, 0x7f,
    0x94, 0x40, 0x29, 0x0, 0xff, 0xe1, 0x21, 0x0,
    0x44, 0x80, 0x1f, 0xd2, 0x1, 0x98, 0x3, 0xff,
    0x87, 0x40, 0x1b, 0xc0, 0x3f, 0x19, 0x80, 0x25,
    0x10, 0xf, 0xfe, 0x1b, 0x80, 0x64, 0x20, 0xf,
    0xa4, 0x3, 0x48, 0x7, 0xff, 0x15, 0x80, 0x35,
    0x80, 0x78, 0x54, 0x2, 0x33, 0x0, 0x7f, 0xf1,
    0x6c, 0x3, 0x30, 0x7, 0xa4, 0x3, 0x48, 0x7,
    0xff, 0x18, 0x90, 0x3, 0x30, 0x7, 0x30, 0x4,
    0x2a, 0x1, 0xff, 0xc7, 0xf0, 0xd, 0x60, 0x19,
    0x84, 0x2, 0x90, 0xf, 0xfe, 0x42, 0x10, 0x4,
    0x48, 0x1, 0x50, 0x6, 0x60, 0xf, 0xfe, 0x4d,
    0x80, 0x6f, 0x0, 0x21, 0x80, 0x4c, 0x20, 0x1f,
    0xfc, 0x96, 0x10, 0x9, 0x8, 0x38, 0x3, 0x58,
    0x7, 0xff, 0x2d, 0x80, 0x35, 0x92, 0x80, 0x48,
    0x40, 0x1f, 0xfc, 0xb9, 0x0, 0xcd, 0x60, 0x1b,
    0xc0, 0x3f, 0xf9, 0x82, 0xa0, 0x19, 0x80, 0x22,
    0x40, 0xf, 0xfe, 0x6c, 0x80, 0x7e, 0xb0, 0xf,
    0xfe, 0x71, 0x98, 0x3, 0xe6, 0x0, 0xff, 0xe7,
    0xc8, 0x7, 0x98, 0x3, 0xff, 0xa0, 0xa2, 0x1,
    0xd6, 0x1, 0xff, 0xd1, 0x90, 0xc, 0x84, 0x1,
    0xff, 0xc2,

    /* U+0057 "W" */
    0x4f, 0xfd, 0x40, 0x1f, 0xfc, 0x52, 0xff, 0xd2,
    0x1, 0xff, 0xc5, 0x3f, 0xfc, 0xa8, 0x1, 0x94,
    0x3, 0xff, 0x8a, 0xa0, 0x19, 0xc0, 0x3f, 0xf8,
    0xb6, 0x1, 0x94, 0x14, 0x3, 0x20, 0x7, 0xff,
    0x12, 0x80, 0x30, 0xa0, 0x7, 0xff, 0x11, 0x80,
    0x24, 0x0, 0x78, 0x6, 0xe0, 0xf, 0xfe, 0x19,
    0x10, 0x3, 0xb4, 0x3, 0xff, 0x86, 0x62, 0x1,
    0x70, 0x1, 0x40, 0x32, 0x80, 0x7f, 0xf0, 0xe8,
    0x3, 0xce, 0x1, 0xff, 0xc3, 0xb0, 0xc, 0xa0,
    0x12, 0x80, 0x64, 0x0, 0xff, 0xe1, 0x28, 0x7,
    0x85, 0x0, 0x3f, 0xf8, 0x4c, 0x1, 0x20, 0x6,
    0xf0, 0xd, 0xa0, 0x1f, 0xfc, 0x13, 0x20, 0xf,
    0xb4, 0x3, 0xff, 0x82, 0x62, 0x1, 0x70, 0x6,
    0x50, 0xc, 0xe0, 0x1f, 0xfc, 0x1b, 0x0, 0x89,
    0x0, 0x27, 0x0, 0xff, 0xe0, 0xd8, 0x6, 0x50,
    0xe, 0x50, 0x8, 0x50, 0x3, 0xff, 0x80, 0xa0,
    0x12, 0xe8, 0x4, 0x28, 0x1, 0xff, 0xc0, 0x60,
    0x9, 0x0, 0x3d, 0xe0, 0x1b, 0x40, 0x3f, 0xe3,
    0x20, 0xa, 0xdc, 0x3, 0x68, 0x7, 0xfc, 0x62,
    0x1, 0x68, 0x7, 0x94, 0x3, 0x38, 0x7, 0xfd,
    0x60, 0x11, 0x18, 0xa0, 0x4, 0xe0, 0x1f, 0xf5,
    0x80, 0x67, 0x0, 0xf9, 0x40, 0x21, 0x40, 0xf,
    0xf3, 0x0, 0x4a, 0x0, 0xe0, 0x8, 0x50, 0x3,
    0xfc, 0xc0, 0x12, 0x8, 0x7, 0xde, 0x1, 0xb4,
    0x3, 0xf8, 0xc4, 0x2, 0xa0, 0x2, 0x80, 0x6d,
    0x0, 0xfe, 0x31, 0x0, 0xb4, 0x3, 0xf2, 0x80,
    0x67, 0x0, 0xfe, 0xa0, 0x8, 0x88, 0x1, 0x20,
    0x4, 0xe0, 0x1f, 0xd6, 0x1, 0x9c, 0x3, 0xf9,
    0x40, 0x21, 0x40, 0xf, 0xce, 0x1, 0x28, 0x6,
    0xe0, 0x8, 0x50, 0x3, 0xf3, 0x0, 0x48, 0x20,
    0x1f, 0xde, 0x1, 0xb4, 0x3, 0xe4, 0x10, 0xa,
    0x80, 0x32, 0x80, 0x6d, 0x0, 0xf8, 0xc4, 0x2,
    0xd0, 0xf, 0xf2, 0x80, 0x67, 0x0, 0xfb, 0x40,
    0x22, 0x20, 0x7, 0x28, 0x4, 0xe0, 0x1f, 0x58,
    0x6, 0x70, 0xf, 0xf9, 0x0, 0x21, 0x30, 0xf,
    0x38, 0x5, 0x40, 0x1e, 0xf0, 0x8, 0x50, 0x3,
    0xcc, 0x1, 0x20, 0x80, 0x7f, 0xdc, 0x1, 0xa8,
    0x3, 0x90, 0x40, 0x25, 0x0, 0xf2, 0x80, 0x6d,
    0x0, 0xe3, 0x10, 0xb, 0x40, 0x3f, 0xf8, 0xa,
    0x1, 0x9c, 0x3, 0xb4, 0x2, 0x32, 0x0, 0xf9,
    0x40, 0x27, 0x0, 0xeb, 0x0, 0xce, 0x1, 0xff,
    0xc1, 0x40, 0x8, 0x4c, 0x3, 0x38, 0x5, 0x60,
    0x1f, 0xbc, 0x2, 0x14, 0x0, 0xcc, 0x1, 0x20,
    0x80, 0x7f, 0xf0, 0x78, 0x3, 0x58, 0x4, 0x82,
    0x1, 0x28, 0x7, 0xe5, 0x0, 0xda, 0x1, 0x18,
    0x80, 0x5a, 0x1, 0xff, 0xc2, 0x50, 0xc, 0xc0,
    0x17, 0x0, 0x46, 0x40, 0x1f, 0xca, 0x1, 0x38,
    0x5, 0x60, 0x19, 0xc0, 0x3f, 0xf8, 0x68, 0x1,
    0x9, 0x80, 0x14, 0x2, 0xb0, 0xf, 0xf7, 0x80,
    0x42, 0x80, 0x6, 0x0, 0x90, 0x40, 0x3f, 0xf8,
    0x7a, 0x1, 0xac, 0x14, 0x3, 0x30, 0x7, 0xf9,
    0x40, 0x36, 0x81, 0x88, 0x5, 0xa0, 0x1f, 0xfc,
    0x47, 0x0, 0xca, 0x1e, 0x1, 0x18, 0x80, 0x7f,
    0xca, 0x1, 0x38, 0x58, 0x6, 0x70, 0xf, 0xfe,
    0x20, 0xa0, 0x4, 0x46, 0xa0, 0x15, 0x80, 0x7f,
    0xf0, 0x38, 0x2, 0x14, 0x60, 0x8, 0xc4, 0x3,
    0xff, 0x8b, 0xa0, 0x1b, 0x80, 0x33, 0x0, 0x7f,
    0xf0, 0x10, 0x40, 0x28, 0x10, 0xa, 0x80, 0x3f,
    0xf8, 0xce, 0x1, 0x88, 0x2, 0x31, 0x0, 0xff,
    0xe0, 0xa0, 0x4, 0x60, 0x19, 0xc0, 0x3f, 0xf8,
    0xc2, 0x80, 0x1f, 0x50, 0x7, 0xff, 0xb, 0x80,
    0x3e, 0x31, 0x0, 0xff, 0xe3, 0xe8, 0x7, 0xce,
    0x1, 0xff, 0xc2, 0x41, 0x0, 0xf5, 0x0, 0x7f,
    0xf2, 0x1c, 0x3, 0xc6, 0x20, 0x1f, 0xfc, 0x37,
    0x0, 0xf3, 0x80, 0x7f, 0xf2, 0x5, 0x0, 0x3a,
    0x80, 0x3f, 0xf8, 0x9a, 0x1, 0xc6, 0x20, 0x1f,
    0xfc, 0x9d, 0x0, 0xe7, 0x0, 0xff, 0xe2, 0x20,
    0x80, 0x6b, 0x0, 0xff, 0x80,

    /* U+0058 "X" */
    0x4, 0xff, 0xe3, 0x0, 0xff, 0xe2, 0xe7, 0xfe,
    0x70, 0x2, 0x38, 0x6, 0xd1, 0x0, 0xff, 0xe1,
    0xb9, 0x80, 0x48, 0xe0, 0x14, 0x18, 0x4, 0x36,
    0x1, 0xff, 0xc2, 0x38, 0x0, 0x86, 0x80, 0x3b,
    0x80, 0x32, 0xb0, 0x7, 0xff, 0x7, 0x80, 0x35,
    0x8, 0x7, 0x14, 0x80, 0x69, 0x20, 0xf, 0xfa,
    0x88, 0x2, 0x74, 0x0, 0xf9, 0x94, 0x3, 0x70,
    0x7, 0xf9, 0x54, 0x1, 0x1c, 0x0, 0x7f, 0x58,
    0x80, 0x47, 0x0, 0x1f, 0x8a, 0x80, 0x37, 0x0,
    0x7f, 0x87, 0x40, 0x33, 0xa0, 0x7, 0xdc, 0x1,
    0xa4, 0x80, 0x3f, 0xe3, 0x70, 0xd, 0x42, 0x1,
    0xd0, 0x60, 0x12, 0xb0, 0x7, 0xff, 0x6, 0xc,
    0x2, 0x1a, 0x0, 0xc6, 0xe0, 0x10, 0xd8, 0x7,
    0xff, 0xf, 0x80, 0x32, 0x38, 0x5, 0xc0, 0x1b,
    0x44, 0x3, 0xff, 0x86, 0x52, 0x1, 0xa0, 0xc2,
    0x88, 0x2, 0x73, 0x0, 0xff, 0xe2, 0xb2, 0x80,
    0x6e, 0x65, 0x0, 0x8e, 0x0, 0x3f, 0xf8, 0xf6,
    0x20, 0x11, 0x48, 0x6, 0xd0, 0xf, 0xfe, 0x40,
    0xe8, 0x7, 0xea, 0x10, 0xf, 0xfe, 0x49, 0xb8,
    0x7, 0x99, 0x40, 0x3f, 0xf9, 0x70, 0x20, 0x1d,
    0x60, 0x1f, 0xfc, 0xc6, 0x10, 0xe, 0x90, 0xf,
    0xfe, 0x59, 0x48, 0x7, 0x91, 0xc0, 0x3f, 0xf9,
    0x5e, 0x1, 0xfa, 0xc, 0x3, 0xff, 0x91, 0x24,
    0x1, 0x23, 0x0, 0x6e, 0x0, 0xff, 0xe3, 0xab,
    0x0, 0x43, 0x52, 0x40, 0x11, 0x50, 0x7, 0xff,
    0x14, 0x6c, 0x3, 0x58, 0x87, 0x80, 0x65, 0x50,
    0x7, 0xff, 0x13, 0x44, 0x2, 0x65, 0x0, 0x14,
    0x80, 0x6a, 0x20, 0xf, 0xfe, 0x13, 0x98, 0x4,
    0x52, 0x1, 0x99, 0x0, 0x37, 0x0, 0x7f, 0xf0,
    0x4e, 0x0, 0x37, 0x0, 0x7a, 0x84, 0x2, 0x38,
    0x0, 0xff, 0x87, 0x40, 0x34, 0x18, 0x7, 0x86,
    0x80, 0x33, 0xa0, 0x7, 0xfa, 0xc4, 0x2, 0x37,
    0x0, 0xfc, 0x8e, 0x1, 0xa8, 0x40, 0x3f, 0x32,
    0x80, 0x43, 0xa0, 0x1f, 0xe8, 0x30, 0x8, 0x68,
    0x3, 0xe2, 0x90, 0xd, 0x62, 0x1, 0xff, 0x70,
    0x6, 0x46, 0x0, 0xf7, 0x0, 0x65, 0x50, 0x7,
    0xff, 0x0, 0xa8, 0x3, 0x49, 0x0, 0x69, 0x30,
    0x8, 0xa8, 0x3, 0xff, 0x84, 0xaa, 0x0, 0xde,
    0x1, 0x23, 0x0, 0x6e, 0x0, 0xff, 0xe2, 0x51,
    0x0, 0x45, 0x20, 0x34, 0x1, 0xa0, 0xc0, 0x3f,
    0xf8, 0xbc, 0x1, 0x99, 0x40,

    /* U+0059 "Y" */
    0xd, 0xff, 0xc6, 0x1, 0xff, 0xc8, 0xcf, 0xfb,
    0x80, 0x12, 0x1, 0xb8, 0x3, 0xff, 0x8e, 0xc6,
    0x1, 0x58, 0x1, 0x14, 0x2, 0x27, 0x0, 0xff,
    0xe2, 0x8c, 0x0, 0x48, 0xa0, 0x15, 0x80, 0x68,
    0x10, 0xf, 0xfe, 0x24, 0x8, 0x5, 0x20, 0x18,
    0x60, 0x3, 0x58, 0x7, 0xff, 0xc, 0xd8, 0x2,
    0x72, 0x0, 0xe7, 0x20, 0x9, 0x50, 0x3, 0xff,
    0x85, 0xe0, 0x10, 0xc0, 0x7, 0xd2, 0x1, 0xa4,
    0x3, 0xff, 0x82, 0xc6, 0x1, 0x58, 0x7, 0xe4,
    0x50, 0x8, 0x9c, 0x3, 0xfe, 0x19, 0x0, 0x91,
    0x40, 0x3f, 0xac, 0x3, 0x40, 0x80, 0x7f, 0xac,
    0x3, 0x48, 0x7, 0xf8, 0x60, 0x3, 0x58, 0x7,
    0xf1, 0xa8, 0x4, 0xe4, 0x1, 0xff, 0x39, 0x0,
    0x4a, 0x80, 0x1f, 0xb8, 0x2, 0x18, 0x0, 0xff,
    0xe0, 0xc8, 0x6, 0x90, 0xf, 0x9c, 0x80, 0x2b,
    0x0, 0xff, 0xe1, 0x22, 0x80, 0x44, 0xe0, 0x1c,
    0x30, 0x1, 0x22, 0x80, 0x7f, 0xf0, 0xec, 0x3,
    0x40, 0x80, 0x6b, 0x0, 0xd2, 0x1, 0xff, 0xc4,
    0x18, 0x0, 0xd6, 0x1, 0x22, 0x80, 0x4e, 0x40,
    0x1f, 0xfc, 0x57, 0x20, 0x9, 0x50, 0x1, 0x20,
    0x10, 0xc0, 0x7, 0xff, 0x1e, 0x40, 0x34, 0x83,
    0x90, 0x5, 0x40, 0x1f, 0xfc, 0x84, 0x50, 0x8,
    0xa6, 0x0, 0x24, 0x40, 0x7, 0xff, 0x26, 0xc0,
    0x33, 0x0, 0x69, 0x0, 0xff, 0xe5, 0xc, 0x0,
    0x7c, 0xe4, 0x1, 0xff, 0xcb, 0x72, 0x0, 0xe2,
    0x80, 0xf, 0xfe, 0x6f, 0x0, 0x74, 0x80, 0x7f,
    0xf3, 0x8c, 0x80, 0x21, 0x40, 0xf, 0xff, 0xf8,
    0x7, 0xff, 0xfc, 0x3, 0xff, 0xfe, 0x1, 0xff,
    0xff, 0x0, 0xff, 0xff, 0x80,

    /* U+005A "Z" */
    0x9f, 0xff, 0xfe, 0x74, 0x0, 0x7f, 0xff, 0xc0,
    0x3f, 0xed, 0xb, 0xcc, 0xff, 0xe3, 0xd0, 0x7,
    0x32, 0x81, 0x19, 0xff, 0xf1, 0xe4, 0x3, 0x1c,
    0x80, 0x7f, 0xf2, 0x64, 0xc0, 0x21, 0xd0, 0xf,
    0xfe, 0x4b, 0x30, 0x3, 0x68, 0x80, 0x7f, 0xf2,
    0xe, 0x40, 0x34, 0x98, 0x7, 0xff, 0x20, 0x74,
    0x3, 0x33, 0x0, 0x3f, 0xf9, 0x3a, 0x20, 0x11,
    0xc8, 0x7, 0xff, 0x26, 0x4c, 0x2, 0x1d, 0x0,
    0xff, 0xe4, 0xb3, 0x0, 0x36, 0x88, 0x7, 0xff,
    0x20, 0xe4, 0x3, 0x49, 0x80, 0x7f, 0xf2, 0x7,
    0x40, 0x33, 0x30, 0x3, 0xff, 0x93, 0xa2, 0x1,
    0x1c, 0x80, 0x7f, 0xf2, 0x64, 0xc0, 0x21, 0xd0,
    0xf, 0xfe, 0x4b, 0x30, 0x3, 0x68, 0x80, 0x7f,
    0xf2, 0xe, 0x40, 0x34, 0x98, 0x7, 0xff, 0x20,
    0x74, 0x3, 0x2b, 0x0, 0x7f, 0xf2, 0x74, 0x40,
    0x23, 0xa0, 0xf, 0xfe, 0x4c, 0x98, 0x4, 0x3a,
    0x1, 0xff, 0xc9, 0x66, 0x0, 0x6a, 0x10, 0xf,
    0xfe, 0x41, 0xc8, 0x6, 0x84, 0x0, 0xff, 0xe4,
    0xe, 0x80, 0x65, 0x70, 0xf, 0xfe, 0x4e, 0x88,
    0x4, 0x74, 0x1, 0xff, 0xc9, 0x93, 0x0, 0x87,
    0x80, 0x3f, 0xf9, 0x2c, 0xc0, 0xd, 0x44, 0x1,
    0xff, 0xc8, 0x39, 0x0, 0xd0, 0x80, 0x1f, 0xfc,
    0x81, 0xd0, 0xc, 0x48, 0x67, 0xff, 0xc8, 0xa,
    0x10, 0xc, 0x59, 0x9f, 0xfc, 0x92, 0x40, 0xf,
    0xff, 0xf8, 0x7, 0xfc,

    /* U+005B "[" */
    0xff, 0xff, 0x8, 0x7, 0xff, 0x3c, 0x8b, 0x80,
    0x39, 0x77, 0x78, 0x40, 0x3f, 0xff, 0xe0, 0x1f,
    0xff, 0xf0, 0xf, 0xff, 0xf8, 0x7, 0xff, 0xfc,
    0x3, 0xff, 0xfe, 0x1, 0xff, 0xcd, 0x5d, 0xde,
    0x10, 0xe, 0x22, 0xe0, 0xf, 0xfe, 0x58,

    /* U+005C "\\" */
    0xaf, 0xfa, 0x0, 0x3f, 0xf8, 0x9e, 0x1, 0x28,
    0x7, 0xff, 0x11, 0x40, 0x22, 0x30, 0xf, 0xfe,
    0x22, 0x80, 0x54, 0x1, 0xff, 0xc4, 0xe0, 0x9,
    0xc0, 0x3f, 0xf8, 0x88, 0x20, 0x1, 0x40, 0xf,
    0xfe, 0x23, 0x80, 0x5a, 0x1, 0xff, 0xc4, 0xa0,
    0x9, 0xc0, 0x3f, 0xf8, 0x86, 0x20, 0x1, 0x40,
    0xf, 0xfe, 0x23, 0x0, 0x5c, 0x1, 0xff, 0xc4,
    0xb0, 0x9, 0x40, 0x3f, 0xf8, 0x86, 0x40, 0x12,
    0x80, 0x7f, 0xf1, 0x14, 0x2, 0xf0, 0xf, 0xfe,
    0x25, 0x0, 0x4a, 0x1, 0xff, 0xc4, 0x22, 0x0,
    0x4a, 0x1, 0xff, 0xc4, 0xa0, 0xb, 0x80, 0x3f,
    0xf8, 0x8a, 0x1, 0x20, 0x80, 0x7f, 0xf0, 0xc8,
    0xc0, 0x27, 0x0, 0xff, 0xe2, 0x58, 0x5, 0xa0,
    0x1f, 0xfc, 0x46, 0x0, 0x90, 0x40, 0x3f, 0xf8,
    0x62, 0x60, 0x13, 0x80, 0x7f, 0xf1, 0x28, 0x2,
    0xa0, 0xf, 0xfe, 0x23, 0x80, 0x46, 0x20, 0x1f,
    0xfc, 0x31, 0x40, 0x9, 0x80, 0x3f, 0xf8, 0x9a,
    0x1, 0x58, 0x7, 0xff, 0x11, 0xc0, 0x23, 0x20,
    0xf, 0xfe, 0x18, 0xa0, 0x4, 0xa0, 0x1f, 0xfc,
    0x4e, 0x0, 0xa8, 0x3, 0xff, 0x88, 0xa0, 0x11,
    0x10, 0x3, 0xff, 0x88, 0xa0, 0x15, 0x0, 0x7f,
    0xf1, 0x3c, 0x2, 0x50, 0xf, 0xfe, 0x22, 0x80,
    0x44, 0x60, 0x1f, 0xfc, 0x45, 0x0, 0xac, 0x3,
    0xff, 0x89, 0xc0, 0x13, 0x0, 0x7f, 0xf1, 0x10,
    0x40, 0x2, 0x60, 0x1f, 0xfc, 0x47, 0x0, 0xa8,
    0x3, 0xff, 0x89, 0xa0, 0x13, 0x80, 0x7f, 0xf1,
    0x10, 0x40, 0x2, 0x80, 0x1f, 0xfc, 0x47, 0x0,
    0xb4, 0x3, 0xff, 0x89, 0x40, 0x13, 0x80, 0x7f,
    0xf1, 0xc, 0x40, 0x2, 0x80, 0x1f, 0xfc, 0x46,
    0x0, 0xb8, 0x3, 0xff, 0x89, 0x60, 0x12, 0x80,
    0x7f, 0xf1, 0xc, 0x80, 0x25, 0x0, 0xff, 0xe2,
    0x28, 0x5, 0xe0, 0x1f, 0xfc, 0x4a, 0x0, 0x94,
    0x0,

    /* U+005D "]" */
    0x1f, 0xff, 0xf0, 0x7, 0xff, 0x2c, 0x8b, 0x80,
    0x38, 0x77, 0x79, 0x40, 0x3f, 0xff, 0xe0, 0x1f,
    0xff, 0xf0, 0xf, 0xff, 0xf8, 0x7, 0xff, 0xfc,
    0x3, 0xff, 0xfe, 0x1, 0xff, 0xcd, 0x1d, 0xde,
    0x50, 0xe, 0x22, 0xe0, 0xf, 0xfe, 0x78,

    /* U+005E "^" */
    0x0, 0xfc, 0x5f, 0xf8, 0x80, 0x3f, 0xf8, 0x94,
    0x1, 0xac, 0x3, 0xff, 0x88, 0xc0, 0x19, 0x80,
    0x3f, 0xf8, 0x6c, 0x20, 0x1c, 0xc0, 0x1f, 0xfc,
    0x2b, 0x0, 0x22, 0x0, 0x16, 0x1, 0xff, 0xc1,
    0x32, 0x0, 0x77, 0x80, 0x9, 0x0, 0x3f, 0xf8,
    0x12, 0x0, 0x15, 0x41, 0x0, 0x70, 0x7, 0xfc,
    0x2a, 0x0, 0x90, 0x4, 0x80, 0x14, 0x40, 0x3f,
    0xd2, 0x1, 0x30, 0x1, 0x80, 0x29, 0x0, 0xff,
    0x30, 0x1, 0x44, 0x0, 0x2a, 0x0, 0x60, 0xf,
    0xe5, 0x10, 0x4, 0x80, 0x69, 0x0, 0xa, 0x80,
    0x7e, 0x90, 0x1, 0x18, 0x6, 0x32, 0x0, 0x48,
    0x7, 0xc6, 0x60, 0x5, 0x80, 0x7a, 0xc0, 0x6,
    0x60, 0xf, 0x48, 0x4, 0xc0, 0x1e, 0x60, 0xa,
    0x40, 0x38, 0x54, 0x0, 0xc0, 0x1f, 0x98, 0x0,
    0xa2, 0x1, 0x98, 0x2, 0xb0, 0xf, 0xd6, 0x1,
    0x30, 0x6, 0x90, 0x1, 0x90, 0x7, 0xe2, 0x30,
    0x4, 0x80, 0x4a, 0x20, 0x9, 0x0, 0xff, 0x48,
    0x0, 0x54, 0x1, 0x20, 0x1, 0x50, 0xf, 0xf2,
    0x88, 0x2, 0x40, 0xcc, 0x0, 0x60, 0xf, 0xfe,
    0x3, 0x0, 0xc, 0x80,

    /* U+005F "_" */
    0x0, 0xff, 0xe6, 0x7f, 0xff, 0xf3, 0x0, 0x3f,
    0xfc, 0x80,

    /* U+0060 "`" */
    0x7, 0x88, 0xca, 0x1, 0xf2, 0x33, 0xbd, 0x4e,
    0x1, 0xe3, 0xf3, 0x0, 0xa1, 0xc0, 0x3c, 0x38,
    0xa0, 0x14, 0x38, 0x7, 0xd5, 0x0, 0x14, 0x38,
    0x7, 0xcf, 0x62, 0x0, 0x87, 0x0, 0xf9, 0x30,
    0xc0, 0x10, 0xe0,

    /* U+0061 "a" */
    0x0, 0xf2, 0x45, 0xef, 0x7f, 0xb6, 0xe0, 0xc0,
    0x3f, 0x8a, 0x7e, 0xdd, 0x8, 0x40, 0x4, 0x8f,
    0x98, 0x40, 0xf, 0x4e, 0xb0, 0x7, 0xff, 0x0,
    0xee, 0x0, 0x35, 0x30, 0x7, 0xff, 0x11, 0xdc,
    0x1, 0x48, 0x6, 0x26, 0xad, 0xee, 0x6d, 0x30,
    0x7, 0x41, 0x0, 0xd, 0x40, 0xef, 0x65, 0x48,
    0x44, 0x4b, 0x3a, 0x40, 0x1a, 0x0, 0x28, 0x86,
    0x20, 0x7, 0xf1, 0x78, 0x6, 0x50, 0x8, 0x9c,
    0x3, 0xff, 0x80, 0x4e, 0x1, 0x8c, 0x3, 0xff,
    0x8b, 0x80, 0x19, 0x40, 0x3f, 0xf8, 0xac, 0x1,
    0x84, 0x3, 0xff, 0x8a, 0x60, 0x1b, 0xc0, 0x39,
    0x27, 0x3b, 0xff, 0xf7, 0x0, 0x7e, 0x6e, 0xb6,
    0x31, 0x0, 0xff, 0xe2, 0x4c, 0x84, 0x3, 0xff,
    0x8e, 0xec, 0x1, 0x8d, 0xe6, 0xab, 0xe9, 0x0,
    0xf4, 0x80, 0x6b, 0xc8, 0x65, 0x5f, 0x9c, 0x3,
    0x94, 0x40, 0x29, 0x40, 0xf, 0xfe, 0x21, 0x0,
    0x66, 0x0, 0xff, 0xe2, 0xf0, 0x7, 0xff, 0x11,
    0x0, 0x3b, 0x80, 0x31, 0x0, 0x7f, 0x86, 0xc0,
    0x38, 0xc0, 0x34, 0x0, 0x7f, 0xe, 0x88, 0x7,
    0x20, 0x80, 0x4b, 0x44, 0x1, 0xc2, 0xfe, 0x60,
    0x1f, 0x58, 0x6, 0x5d, 0xd5, 0x4d, 0x67, 0x40,
    0x80, 0x88, 0x3, 0x96, 0x0, 0x38, 0x95, 0x94,
    0xc0, 0x21, 0xc3, 0x0, 0xf3, 0xd9, 0x0, 0x7f,
    0x97, 0xc8, 0x3, 0xf2, 0x6d, 0xb1, 0x88, 0x0,
    0x92, 0x36, 0x84, 0x3, 0xc0,

    /* U+0062 "b" */
    0xaf, 0xfc, 0x1, 0xff, 0xff, 0x0, 0xff, 0xff,
    0x80, 0x7f, 0xff, 0xc0, 0x3f, 0xfc, 0xa7, 0x19,
    0xdf, 0xee, 0xb8, 0x30, 0xf, 0xfe, 0x19, 0xe6,
    0x1c, 0xc4, 0x0, 0x28, 0xf9, 0xaa, 0x1, 0xff,
    0xc0, 0x7c, 0x30, 0xf, 0xf1, 0x55, 0x88, 0x7,
    0xf4, 0x40, 0x3, 0xff, 0x84, 0x98, 0x20, 0x1f,
    0x9c, 0x3, 0x35, 0x6f, 0x6d, 0x30, 0x7, 0x16,
    0x0, 0x7f, 0xcb, 0xd2, 0xa4, 0x24, 0xb3, 0xca,
    0x1, 0x8a, 0x40, 0x3f, 0xa2, 0x84, 0x3, 0xe1,
    0xa8, 0x0, 0xcc, 0x60, 0x1f, 0x2b, 0x80, 0x7f,
    0xce, 0xa0, 0x1a, 0x40, 0x3c, 0x34, 0x1, 0xff,
    0xc1, 0xa1, 0x0, 0x94, 0x3, 0xcc, 0x1, 0xff,
    0xc3, 0x60, 0xc, 0xa0, 0x1d, 0x60, 0x1f, 0xfc,
    0x3b, 0x0, 0xda, 0x1, 0xc6, 0x1, 0xff, 0xc3,
    0x30, 0xc, 0x40, 0x1f, 0xfc, 0xe1, 0x0, 0xff,
    0xf4, 0x88, 0x7, 0x18, 0x7, 0xff, 0xc, 0xc0,
    0x31, 0x0, 0x75, 0x80, 0x7f, 0xf0, 0xec, 0x3,
    0x60, 0x7, 0x30, 0x80, 0x7f, 0xf0, 0x45, 0x80,
    0x32, 0x0, 0x70, 0xd8, 0x7, 0xff, 0x6, 0x84,
    0x2, 0x50, 0xf, 0x96, 0x0, 0x3f, 0xe8, 0x40,
    0xd, 0x0, 0x1f, 0x9e, 0xc4, 0x3, 0xe1, 0xb7,
    0x0, 0xcc, 0x40, 0x1f, 0xc9, 0xd2, 0xa4, 0x24,
    0xb3, 0xc8, 0x1, 0x8e, 0x40, 0x3c, 0x6e, 0x1,
    0x9a, 0xb7, 0xb6, 0x98, 0x3, 0x8b, 0x40, 0x3f,
    0x44, 0x0, 0x3f, 0xf8, 0x4b, 0xa2, 0x1, 0xfc,
    0xf8, 0x60, 0x1f, 0xe3, 0xba, 0x0, 0xff, 0xe0,
    0x1e, 0x61, 0xcc, 0x40, 0x2, 0x8f, 0x98, 0x40,
    0xf, 0x0,

    /* U+0063 "c" */
    0x0, 0xfc, 0x71, 0x7b, 0xff, 0x6d, 0x30, 0x80,
    0x7f, 0xcb, 0x98, 0x74, 0x20, 0x8, 0x96, 0x7a,
    0x84, 0x3, 0xe1, 0xba, 0x30, 0xf, 0xf9, 0x79,
    0x40, 0x38, 0xb1, 0x0, 0x3f, 0xf8, 0x74, 0xc0,
    0x10, 0xe1, 0x0, 0x61, 0x7b, 0xde, 0xca, 0x40,
    0xe, 0x93, 0x0, 0x50, 0x80, 0x67, 0xe8, 0x42,
    0x13, 0x5b, 0xd3, 0x0, 0xd6, 0xc, 0x80, 0x1a,
    0xe0, 0x3, 0xf1, 0x62, 0x0, 0xd4, 0x5, 0x80,
    0x69, 0x40, 0xf, 0xfa, 0xdf, 0xd4, 0x10, 0x80,
    0x24, 0x60, 0xf, 0xfe, 0xc, 0x8, 0x3, 0x40,
    0x37, 0x80, 0x7f, 0xf1, 0x94, 0x3, 0x20, 0x7,
    0xff, 0x18, 0x80, 0x23, 0x0, 0xff, 0xe3, 0x88,
    0x4, 0xe0, 0x1f, 0xfd, 0xf1, 0x0, 0x9c, 0x3,
    0xff, 0x8e, 0x40, 0x11, 0x80, 0x7f, 0xf1, 0xd0,
    0x3, 0x20, 0x7, 0xff, 0x1a, 0xc0, 0x37, 0x80,
    0x7f, 0xf1, 0x8c, 0x80, 0x24, 0x60, 0xf, 0xfe,
    0xc, 0x8, 0x5, 0x0, 0x1a, 0x50, 0x3, 0xfe,
    0xb7, 0xf5, 0x0, 0x2a, 0x0, 0x6b, 0x80, 0xf,
    0xc5, 0x88, 0x3, 0x50, 0x0, 0xa2, 0x0, 0xcf,
    0xd0, 0x84, 0x26, 0xb7, 0xa6, 0x1, 0xa8, 0x0,
    0x3e, 0x40, 0x18, 0x5e, 0xf7, 0xb2, 0x90, 0x3,
    0xa8, 0x80, 0x22, 0xc5, 0x0, 0xff, 0xe1, 0xd,
    0xa8, 0x7, 0xd, 0x59, 0x80, 0x7f, 0xcd, 0xe8,
    0x1, 0xf9, 0x33, 0x10, 0x82, 0x1, 0x12, 0xcf,
    0x48, 0x80, 0x40,

    /* U+0064 "d" */
    0x0, 0xff, 0xe4, 0x9f, 0xfe, 0x60, 0xf, 0xff,
    0xf8, 0x7, 0xff, 0xfc, 0x3, 0xff, 0xfe, 0x1,
    0xff, 0xce, 0x49, 0xce, 0xff, 0x75, 0xb8, 0x80,
    0x7f, 0xf0, 0xdf, 0xad, 0x8c, 0x40, 0x2, 0x91,
    0xd4, 0x20, 0x1f, 0xf1, 0xec, 0x8, 0x7, 0xf9,
    0x7d, 0x0, 0x3f, 0x93, 0x8, 0x3, 0xff, 0x82,
    0x36, 0x80, 0x1f, 0x1d, 0x80, 0x70, 0xbd, 0xef,
    0x64, 0xa0, 0x6, 0x80, 0xf, 0xb8, 0x3, 0xa3,
    0xa1, 0x8, 0x4d, 0xaf, 0x8, 0x3, 0xf9, 0xc8,
    0x3, 0x5b, 0x80, 0x7e, 0x3d, 0x40, 0xf, 0xd2,
    0x1, 0xa5, 0x0, 0x3f, 0xeb, 0x20, 0xf, 0x20,
    0x80, 0x48, 0xc0, 0x1f, 0xfc, 0x1e, 0x0, 0xf6,
    0x80, 0x6f, 0x0, 0xff, 0xe1, 0x19, 0x80, 0x39,
    0x40, 0x32, 0x0, 0x7f, 0xf0, 0xec, 0x3, 0x88,
    0x2, 0x30, 0xf, 0xfe, 0x21, 0x80, 0x70, 0x80,
    0x4e, 0x1, 0xff, 0xc4, 0x70, 0xf, 0xfe, 0xa0,
    0x80, 0x4e, 0x1, 0xff, 0xc4, 0x70, 0xe, 0x20,
    0x8, 0xc0, 0x3f, 0xf8, 0x86, 0x1, 0xca, 0x1,
    0x90, 0x3, 0xff, 0x87, 0x60, 0x1d, 0xa0, 0x1b,
    0xc0, 0x3f, 0xf8, 0x48, 0x60, 0x1c, 0x82, 0x1,
    0x23, 0x0, 0x7f, 0xf0, 0x6, 0x80, 0x3e, 0x90,
    0xd, 0x28, 0x1, 0xff, 0x50, 0x80, 0x7c, 0xe4,
    0x1, 0xad, 0xc0, 0x3f, 0x1e, 0xa0, 0x7, 0xf7,
    0x80, 0x74, 0x74, 0x21, 0x9, 0xb5, 0xe1, 0x0,
    0x7f, 0x8b, 0x0, 0x38, 0x5e, 0xf7, 0xb2, 0x50,
    0x3, 0x50, 0x7, 0xe3, 0xd2, 0x0, 0xff, 0xe0,
    0x8d, 0xa8, 0x7, 0xf1, 0x6c, 0x8, 0x7, 0xf9,
    0x7d, 0x0, 0x3f, 0xf8, 0xf, 0xd6, 0xc6, 0x20,
    0x1, 0x48, 0xea, 0x10, 0xf, 0x80,

    /* U+0065 "e" */
    0x0, 0xfc, 0x93, 0x9d, 0xfe, 0xeb, 0x82, 0x0,
    0xff, 0xe1, 0x3f, 0x5b, 0x18, 0x80, 0x5, 0x1f,
    0x70, 0xc0, 0x3f, 0xc5, 0xb0, 0x20, 0x1f, 0xe3,
    0xc8, 0x0, 0xfc, 0x78, 0x40, 0x1f, 0xfc, 0x27,
    0xa0, 0xf, 0x16, 0x88, 0x6, 0x7c, 0xff, 0xba,
    0x90, 0x3, 0x2c, 0x80, 0x77, 0x88, 0x4, 0x9d,
    0x6, 0x1, 0xa, 0xdd, 0x84, 0x2, 0x64, 0x0,
    0x9c, 0x80, 0x25, 0xb1, 0x0, 0xfc, 0x98, 0x20,
    0x14, 0x80, 0x52, 0x1, 0x15, 0x0, 0x7f, 0xc5,
    0x40, 0x11, 0x28, 0x20, 0x80, 0x50, 0x1, 0xff,
    0xc1, 0x44, 0x0, 0x5e, 0x1a, 0x1, 0xa, 0x80,
    0x7f, 0xf0, 0xb4, 0x2, 0x50, 0x50, 0x9, 0x40,
    0x3f, 0xf8, 0x68, 0x1, 0x88, 0x80, 0x12, 0x7f,
    0xff, 0xf0, 0xf4, 0x3, 0x30, 0x80, 0x7f, 0xf3,
    0x4, 0x3, 0xff, 0x9c, 0x20, 0x11, 0xe6, 0x7f,
    0xf2, 0x14, 0x80, 0x22, 0x33, 0xff, 0xe4, 0x2,
    0x0, 0x42, 0x60, 0x1f, 0xfc, 0x8c, 0x0, 0xd0,
    0x1, 0xff, 0xc8, 0x42, 0x0, 0x91, 0x40, 0x3f,
    0xf9, 0x10, 0x1, 0xa9, 0x0, 0x3f, 0xf8, 0x13,
    0x80, 0x1c, 0xa8, 0x1, 0xae, 0x0, 0x3f, 0x8a,
    0xd8, 0xe8, 0x3, 0xa8, 0x80, 0x33, 0xfc, 0xa9,
    0x89, 0x1b, 0x5e, 0xa0, 0x1, 0x5c, 0x3, 0xf,
    0x90, 0x7, 0x35, 0x67, 0x6e, 0x4a, 0x0, 0x62,
    0x50, 0xe, 0x2c, 0x50, 0xf, 0xfe, 0x19, 0xe1,
    0x0, 0x78, 0x6a, 0xcc, 0x3, 0xfe, 0x2a, 0xc1,
    0x0, 0xfe, 0x4c, 0xd8, 0x42, 0x0, 0x84, 0xde,
    0xf5, 0x40, 0x38,

    /* U+0066 "f" */
    0x0, 0xfe, 0x49, 0xde, 0xfe, 0xc8, 0x20, 0xf,
    0xc5, 0x96, 0xc4, 0x20, 0x26, 0xfa, 0xc0, 0x1e,
    0x2c, 0x30, 0xf, 0xe5, 0x0, 0xf7, 0x88, 0x7,
    0x10, 0x80, 0x8, 0xc0, 0x39, 0x48, 0x2, 0x2b,
    0xfd, 0xee, 0x3d, 0x80, 0x7b, 0xc0, 0x37, 0xa0,
    0x4, 0x30, 0xc0, 0x1e, 0x70, 0x9, 0x8, 0x3,
    0xff, 0x82, 0x60, 0x11, 0x0, 0x7f, 0xf0, 0x84,
    0x2, 0x10, 0xf, 0xfe, 0x82, 0x7f, 0xe0, 0xc,
    0xff, 0xff, 0x0, 0x7f, 0xf7, 0x1c, 0x8b, 0x0,
    0x71, 0x17, 0x8c, 0x0, 0x7b, 0xb8, 0x3, 0x2e,
    0xef, 0xb0, 0x3, 0xff, 0xfe, 0x1, 0xff, 0xff,
    0x0, 0xff, 0xff, 0x80, 0x7f, 0xff, 0xc0, 0x3f,
    0xff, 0xe0, 0x1f, 0xfc, 0xe0,

    /* U+0067 "g" */
    0x0, 0xfc, 0xb3, 0x9d, 0xfe, 0xec, 0x83, 0x0,
    0xd5, 0xff, 0x58, 0x7, 0xc, 0x7d, 0x31, 0x88,
    0x0, 0x4d, 0xf3, 0x8, 0x1, 0xff, 0x2f, 0xb8,
    0x7, 0xfc, 0x77, 0x20, 0x1f, 0xcf, 0x42, 0x1,
    0xff, 0xc2, 0x6b, 0x0, 0xf9, 0xa0, 0x3, 0x89,
    0xef, 0x3b, 0x2d, 0x84, 0x2, 0x45, 0x0, 0xe2,
    0x90, 0xc, 0x35, 0xb0, 0x86, 0x26, 0x93, 0xd0,
    0x1, 0xfd, 0x20, 0x18, 0xbd, 0x40, 0x3f, 0x9f,
    0x44, 0x3, 0xc4, 0x80, 0x1b, 0xc4, 0x3, 0xfe,
    0x2a, 0x0, 0xf5, 0x0, 0x68, 0x20, 0xf, 0xfe,
    0xa, 0x30, 0x7, 0x18, 0x6, 0x60, 0xf, 0xfe,
    0x1d, 0x0, 0x72, 0x80, 0x44, 0x20, 0x1f, 0xfc,
    0x33, 0x0, 0xe1, 0x0, 0x98, 0x3, 0xff, 0x8a,
    0x40, 0x1f, 0xfd, 0x31, 0x0, 0x9c, 0x3, 0xff,
    0x8a, 0x40, 0x19, 0x40, 0x23, 0x10, 0xf, 0xfe,
    0x19, 0x80, 0x71, 0x80, 0x66, 0x0, 0xff, 0xe1,
    0xd0, 0x7, 0x50, 0x6, 0x92, 0x0, 0xff, 0xe0,
    0x9b, 0x0, 0x71, 0x20, 0x4, 0x3e, 0x20, 0x1f,
    0xf1, 0x68, 0x7, 0xd2, 0x1, 0x8b, 0xd0, 0x3,
    0xf9, 0x74, 0x40, 0x3e, 0x29, 0x0, 0xc3, 0x78,
    0xc6, 0x20, 0x26, 0xfb, 0x40, 0x1f, 0xe6, 0x80,
    0xe, 0x39, 0xce, 0xfe, 0xc8, 0x20, 0x9, 0x44,
    0x3, 0xe7, 0xa0, 0xf, 0xfe, 0x1b, 0x50, 0x7,
    0xf2, 0xf3, 0x0, 0x7f, 0xc5, 0x72, 0x1, 0xc2,
    0x1, 0xc3, 0x3d, 0x28, 0x20, 0x18, 0x9a, 0xf5,
    0x0, 0x2, 0x1, 0x18, 0x7, 0xc2, 0xd7, 0xdf,
    0xdf, 0xed, 0x94, 0x0, 0x84, 0x3, 0x8, 0x7,
    0xff, 0x0, 0x40, 0x3f, 0x20, 0x6, 0xe0, 0xf,
    0xfe, 0x4f, 0x80, 0x64, 0x0, 0x8c, 0x3, 0xff,
    0x88, 0x4a, 0x1, 0x9, 0x0, 0x7, 0x30, 0x40,
    0x1f, 0xfc, 0x2e, 0x0, 0xcc, 0x1, 0x58, 0x1e,
    0xd1, 0x0, 0x7f, 0x8b, 0x4c, 0x3, 0x48, 0x0,
    0xd4, 0x2, 0x5d, 0xd4, 0xa9, 0x90, 0x91, 0xbd,
    0xe9, 0x0, 0x69, 0x10, 0x3, 0x80, 0x78, 0x9a,
    0xb3, 0x7b, 0x72, 0x10, 0x3, 0x99, 0x80, 0x12,
    0x6a, 0x0, 0x7f, 0xf1, 0xa2, 0x40, 0x38, 0xaf,
    0x14, 0x3, 0xff, 0x84, 0xba, 0xe0, 0x1f, 0x8e,
    0xbf, 0x25, 0x4c, 0x84, 0x0, 0x46, 0xd5, 0xd4,
    0x40, 0x1c,

    /* U+0068 "h" */
    0xaf, 0xfc, 0x1, 0xff, 0xff, 0x0, 0xff, 0xff,
    0x80, 0x7f, 0xff, 0xc0, 0x3f, 0xfa, 0x29, 0x39,
    0xbf, 0xee, 0xc8, 0x20, 0xf, 0xfe, 0xa, 0xf5,
    0xb1, 0x90, 0x0, 0x4d, 0xf6, 0xc8, 0x3, 0xfd,
    0x54, 0x10, 0xf, 0xf2, 0x6a, 0x0, 0x7e, 0xa5,
    0x0, 0xff, 0xe1, 0x59, 0x80, 0x7c, 0xa0, 0x11,
    0x3d, 0x66, 0x29, 0xc4, 0x3, 0xb8, 0x3, 0xfd,
    0x3b, 0xa, 0x66, 0x58, 0xe6, 0x0, 0xc4, 0xc0,
    0x1f, 0xe, 0xb0, 0x7, 0xe9, 0x60, 0xd, 0x60,
    0x1f, 0x51, 0x0, 0x7f, 0xa4, 0x40, 0x22, 0x10,
    0xe, 0x34, 0x0, 0xff, 0xe0, 0x30, 0x6, 0x50,
    0xe, 0xa0, 0xf, 0xfe, 0xe, 0x0, 0x62, 0x0,
    0xe4, 0x0, 0xff, 0xe0, 0xb0, 0x6, 0x10, 0xe,
    0x20, 0xf, 0xfe, 0x9, 0x80, 0x6f, 0x0, 0xff,
    0xff, 0x80, 0x7f, 0xff, 0xc0, 0x3f, 0xff, 0xe0,
    0x1f, 0xff, 0xf0, 0xf, 0xff, 0x30,

    /* U+0069 "i" */
    0x0, 0x1b, 0xa8, 0x5, 0x19, 0x15, 0xa2, 0x6e,
    0x1, 0x14, 0x28, 0x7, 0x11, 0x0, 0x38, 0x91,
    0x40, 0x21, 0x80, 0xaa, 0x3c, 0xf8, 0x80, 0x16,
    0x18, 0x40, 0x3f, 0xf9, 0x75, 0xff, 0x80, 0x3f,
    0xff, 0xe0, 0x1f, 0xff, 0xf0, 0xf, 0xfe, 0x70,

    /* U+006A "j" */
    0x0, 0xff, 0x13, 0x30, 0x40, 0x3f, 0xe5, 0xd9,
    0x97, 0x18, 0x7, 0xfa, 0x80, 0x37, 0x0, 0x7f,
    0x10, 0x7, 0x10, 0x7, 0xf1, 0x0, 0x71, 0x0,
    0x7f, 0xa4, 0x3, 0x48, 0x7, 0xf9, 0xb1, 0xe3,
    0x50, 0x3, 0xfe, 0x38, 0x72, 0x0, 0xff, 0xf7,
    0xb7, 0xfe, 0x30, 0xf, 0xff, 0xf8, 0x7, 0xff,
    0xfc, 0x3, 0xff, 0xfe, 0x1, 0xff, 0xff, 0x0,
    0xff, 0xff, 0x80, 0x7f, 0xf9, 0xc4, 0x3, 0x8,
    0x7, 0xfb, 0x40, 0x31, 0x0, 0x7f, 0xa, 0x80,
    0x44, 0x1, 0x1e, 0xa8, 0x80, 0x13, 0x0, 0x35,
    0x0, 0x54, 0x55, 0xdf, 0xeb, 0x20, 0x8, 0x58,
    0x0, 0x2c, 0x1, 0xfe, 0xa1, 0x0, 0x10, 0x80,
    0x7e, 0x1b, 0x40, 0x8, 0xfe, 0x50, 0x40, 0x2,
    0x93, 0xc8, 0x1, 0x80,

    /* U+006B "k" */
    0xaf, 0xfc, 0x1, 0xff, 0xff, 0x0, 0xff, 0xff,
    0x80, 0x7f, 0xff, 0xc0, 0x3f, 0xfc, 0x95, 0xff,
    0xb4, 0x40, 0x3f, 0xf8, 0xd6, 0xa0, 0x11, 0x60,
    0x80, 0x7f, 0xf1, 0x7, 0x10, 0x2, 0x2c, 0x10,
    0xf, 0xfe, 0x20, 0xe1, 0x80, 0x45, 0x82, 0x1,
    0xff, 0xc4, 0x1c, 0x20, 0x8, 0xb0, 0x40, 0x3f,
    0xf8, 0x85, 0xe4, 0x1, 0x16, 0x8, 0x7, 0xff,
    0x10, 0xf0, 0x40, 0x22, 0xc1, 0x0, 0xff, 0xe2,
    0x1e, 0x8, 0x4, 0x58, 0x20, 0x1f, 0xfc, 0x44,
    0xc0, 0xc, 0x58, 0x20, 0x1f, 0xfc, 0x45, 0xb0,
    0xc, 0x58, 0x20, 0x1f, 0xfc, 0x46, 0xa0, 0xc,
    0x38, 0x20, 0x1f, 0xfc, 0x47, 0x90, 0xe, 0x15,
    0x0, 0xff, 0xe2, 0x44, 0x0, 0x3e, 0xa2, 0x0,
    0xff, 0xe1, 0xb8, 0x7, 0xe1, 0xe0, 0xf, 0xfe,
    0x3b, 0x58, 0x6, 0x39, 0x0, 0xff, 0xe2, 0xbc,
    0xa4, 0x0, 0x66, 0x60, 0x7, 0xff, 0xe, 0x20,
    0x0, 0x75, 0x0, 0xd2, 0x40, 0x1f, 0xfc, 0x18,
    0x70, 0xd, 0x44, 0x1, 0xbc, 0x3, 0xff, 0x81,
    0x2e, 0x1, 0xef, 0x0, 0xc5, 0x40, 0x1f, 0xf3,
    0x0, 0x7c, 0x54, 0x1, 0x95, 0xc0, 0x3f, 0xf8,
    0xea, 0xe0, 0x1a, 0xc, 0x3, 0xff, 0x8f, 0x8,
    0x1, 0xb4, 0x40, 0x3f, 0xf8, 0xf4, 0x20, 0x10,
    0xe8, 0x7, 0xff, 0x1c, 0x74, 0x3, 0x1c, 0x0,
    0x7f, 0xf1, 0xce, 0x80, 0x33, 0xa8, 0x7, 0xff,
    0x1d, 0x58, 0x3, 0x51, 0x0,

    /* U+006C "l" */
    0xaf, 0xfc, 0x1, 0xff, 0xff, 0x0, 0xff, 0xff,
    0x80, 0x7f, 0xf3, 0x40,

    /* U+006D "m" */
    0xaf, 0xfb, 0x0, 0x33, 0x56, 0xff, 0xdb, 0x4a,
    0x1, 0xfc, 0x4f, 0x7d, 0xfe, 0xec, 0x83, 0x0,
    0xff, 0xe0, 0xbf, 0xca, 0x90, 0x4, 0x4b, 0x5c,
    0xa0, 0x1c, 0x77, 0xb0, 0x82, 0x0, 0x13, 0x7c,
    0xc1, 0x80, 0x7f, 0xae, 0x0, 0x3f, 0xc3, 0x52,
    0x1, 0x3e, 0x20, 0x7, 0xf8, 0xf1, 0x80, 0x3f,
    0x5a, 0x0, 0x7f, 0xf0, 0x5a, 0x2, 0x60, 0x3,
    0xff, 0x85, 0x2a, 0x1, 0xe3, 0x40, 0x8, 0xe2,
    0xf2, 0xe5, 0x0, 0x39, 0xe5, 0x80, 0x32, 0x4d,
    0xe5, 0xc1, 0x0, 0x75, 0x8, 0x7, 0xe1, 0xbc,
    0x74, 0x34, 0x6b, 0xb0, 0x7, 0x30, 0x4, 0x7b,
    0x6c, 0x86, 0x8f, 0xb2, 0x1, 0xd2, 0x1, 0xf0,
    0xfa, 0x0, 0x7c, 0x98, 0x1, 0xf1, 0xe1, 0x0,
    0x7c, 0xd2, 0x1, 0x98, 0x3, 0xed, 0x10, 0xf,
    0xe3, 0x50, 0xf, 0x68, 0x7, 0xf9, 0x88, 0x2,
    0x12, 0x0, 0xe4, 0x30, 0xf, 0xfa, 0x40, 0x39,
    0xc4, 0x3, 0xfe, 0xb0, 0xc, 0x80, 0x1d, 0xa0,
    0x1f, 0xfc, 0x3, 0x0, 0xeb, 0x0, 0xff, 0xe0,
    0x28, 0x6, 0x10, 0xe, 0x40, 0xf, 0xfe, 0x8,
    0x80, 0x63, 0x0, 0xff, 0xe0, 0x10, 0x6, 0xf0,
    0xe, 0x20, 0xf, 0xfe, 0x9, 0x80, 0x42, 0x1,
    0xff, 0xc1, 0x10, 0xc, 0x20, 0x1f, 0xfc, 0xb3,
    0x0, 0xff, 0xef, 0x8, 0x7, 0xff, 0xfc, 0x3,
    0xff, 0xfe, 0x1, 0xff, 0xff, 0x0, 0xff, 0xff,
    0x80, 0x7f, 0xff, 0xc0, 0x3f, 0xff, 0xe0, 0x1f,
    0xff, 0xf0, 0xf, 0xf0,

    /* U+006E "n" */
    0xaf, 0xfb, 0x0, 0x32, 0x4e, 0x77, 0xfb, 0xb2,
    0x8, 0x3, 0xff, 0x82, 0x9b, 0x6c, 0x62, 0x0,
    0x13, 0x7d, 0xb2, 0x0, 0xff, 0x4d, 0x90, 0x7,
    0xf9, 0x35, 0x0, 0x3f, 0x4b, 0x0, 0x7f, 0xf0,
    0xac, 0xc0, 0x3c, 0x6c, 0x1, 0x13, 0xd6, 0x62,
    0x9c, 0x40, 0x3b, 0x80, 0x3f, 0xd3, 0xb0, 0xa6,
    0x65, 0x8e, 0x60, 0xc, 0x4c, 0x1, 0xf0, 0xeb,
    0x0, 0x7e, 0x96, 0x0, 0xd6, 0x1, 0xf5, 0x10,
    0x7, 0xfa, 0x44, 0x2, 0x21, 0x0, 0xe3, 0x40,
    0xf, 0xfe, 0x3, 0x0, 0x65, 0x0, 0xea, 0x0,
    0xff, 0xe0, 0xe0, 0x6, 0x20, 0xe, 0x40, 0xf,
    0xfe, 0xb, 0x0, 0x61, 0x0, 0xe2, 0x0, 0xff,
    0xe0, 0x98, 0x6, 0xf0, 0xf, 0xff, 0xf8, 0x7,
    0xff, 0xfc, 0x3, 0xff, 0xfe, 0x1, 0xff, 0xff,
    0x0, 0xff, 0xf3, 0x0,

    /* U+006F "o" */
    0x0, 0xfc, 0x71, 0x7d, 0xfe, 0xed, 0xa6, 0x10,
    0xf, 0xfe, 0x12, 0xee, 0x3a, 0x8, 0x0, 0x49,
    0x67, 0xa4, 0x40, 0x3f, 0xc3, 0x74, 0x40, 0x1f,
    0xf3, 0x73, 0x0, 0x7e, 0x2f, 0x40, 0xf, 0xfe,
    0x1c, 0xc0, 0x7, 0x87, 0x4, 0x3, 0xb, 0xde,
    0xf6, 0xd2, 0x80, 0x73, 0xb8, 0x3, 0xa8, 0x40,
    0x34, 0x74, 0x21, 0x9, 0x2d, 0x69, 0x0, 0x68,
    0x40, 0x9, 0x90, 0x3, 0x5b, 0x80, 0x7e, 0x2d,
    0x50, 0xd, 0x20, 0x15, 0x80, 0x69, 0x40, 0xf,
    0xfa, 0x88, 0x2, 0x25, 0x4, 0x20, 0x9, 0x18,
    0x3, 0xff, 0x83, 0xc0, 0x1b, 0x83, 0x40, 0x37,
    0x80, 0x7f, 0xf0, 0x8c, 0xc0, 0x12, 0x2, 0x80,
    0x64, 0x0, 0xff, 0xe1, 0xd8, 0x6, 0x32, 0x0,
    0x8c, 0x3, 0xff, 0x88, 0x60, 0x19, 0x44, 0x2,
    0x70, 0xf, 0xfe, 0x23, 0x80, 0x61, 0x0, 0xff,
    0xe7, 0x8, 0x80, 0x27, 0x0, 0xff, 0xe2, 0x38,
    0x7, 0x10, 0x4, 0x60, 0x1f, 0xfc, 0x43, 0x0,
    0xca, 0x80, 0x19, 0x0, 0x3f, 0xf8, 0x76, 0x1,
    0x8e, 0xc0, 0x37, 0x80, 0x7f, 0xf0, 0x8c, 0xc0,
    0x12, 0x1, 0x90, 0x4, 0x8c, 0x1, 0xff, 0xc1,
    0xe0, 0xd, 0xc0, 0x8, 0x0, 0xd2, 0x80, 0x1f,
    0xf5, 0x90, 0x4, 0x4a, 0x0, 0x54, 0x0, 0xd6,
    0xe0, 0x1f, 0x8b, 0x50, 0x3, 0x70, 0x6, 0xa2,
    0x0, 0xd1, 0xd0, 0x84, 0x24, 0xb5, 0xa4, 0x1,
    0xa0, 0xc0, 0x30, 0xf9, 0x0, 0x61, 0x7b, 0xde,
    0xda, 0x50, 0xe, 0x77, 0x0, 0x78, 0xb1, 0x0,
    0x3f, 0xf8, 0x43, 0x50, 0x1, 0xf8, 0x6e, 0x88,
    0x3, 0xfe, 0x6f, 0x50, 0xf, 0xf9, 0x77, 0x1d,
    0x4, 0x0, 0x24, 0xb3, 0xd2, 0x20, 0x1e,

    /* U+0070 "p" */
    0xaf, 0xfb, 0x0, 0x31, 0xc6, 0x77, 0xfb, 0xae,
    0xc, 0x3, 0xff, 0x86, 0x79, 0x87, 0x31, 0x0,
    0xa, 0x3e, 0x6a, 0x80, 0x7f, 0xf0, 0x23, 0xc,
    0x3, 0xfc, 0x55, 0x62, 0x1, 0xfd, 0xe, 0x1,
    0xff, 0xc2, 0x4c, 0x10, 0xf, 0x8d, 0xc0, 0x33,
    0x56, 0xf6, 0xd3, 0x0, 0x71, 0x60, 0x7, 0xfc,
    0xbd, 0x2a, 0x42, 0x4b, 0x3c, 0xa0, 0x18, 0xa4,
    0x3, 0xfa, 0x28, 0x40, 0x3e, 0x1a, 0x80, 0xc,
    0xc6, 0x1, 0xf2, 0xb8, 0x7, 0xfc, 0xea, 0x1,
    0xa4, 0x3, 0xc3, 0x40, 0x1f, 0xfc, 0x1a, 0x10,
    0x9, 0x40, 0x3c, 0xc0, 0x1f, 0xfc, 0x36, 0x0,
    0xca, 0x1, 0xd6, 0x1, 0xff, 0xc3, 0xb0, 0xd,
    0xa0, 0x1c, 0x60, 0x1f, 0xfc, 0x33, 0x0, 0xc4,
    0x1, 0xff, 0xce, 0x10, 0xf, 0xff, 0x48, 0x80,
    0x71, 0x80, 0x7f, 0xf0, 0xcc, 0x3, 0x10, 0x7,
    0x58, 0x7, 0xff, 0xe, 0xc0, 0x36, 0x0, 0x73,
    0x0, 0x7f, 0xf0, 0xd8, 0x3, 0x20, 0x7, 0xd,
    0x0, 0x7f, 0xf0, 0x68, 0x40, 0x25, 0x0, 0xf9,
    0x60, 0x3, 0xfe, 0x85, 0x0, 0xd0, 0x1, 0xf9,
    0xec, 0x40, 0x3e, 0x1b, 0x70, 0xc, 0xc4, 0x1,
    0xfc, 0x9d, 0x2a, 0x42, 0x4b, 0x3c, 0x80, 0x18,
    0xe4, 0x3, 0xe9, 0x0, 0xcd, 0x5b, 0xdb, 0x4c,
    0x1, 0xc5, 0xa0, 0x1f, 0x9a, 0x40, 0x3f, 0xf8,
    0x4b, 0xa2, 0x1, 0xfc, 0xda, 0x80, 0x1f, 0xe3,
    0xba, 0x0, 0xff, 0xe0, 0x15, 0xe3, 0x98, 0x80,
    0x5, 0x1f, 0x30, 0x80, 0x1f, 0xfc, 0x33, 0x8c,
    0xef, 0xf7, 0x5c, 0x18, 0x7, 0xff, 0xfc, 0x3,
    0xff, 0xfe, 0x1, 0xff, 0xfe,

    /* U+0071 "q" */
    0x0, 0xfc, 0x93, 0x9d, 0xfe, 0xeb, 0x72, 0x0,
    0xdf, 0xf9, 0x80, 0x3c, 0xfd, 0x6c, 0x62, 0x0,
    0x14, 0x8d, 0xa1, 0x0, 0xff, 0x8f, 0x60, 0x40,
    0x3f, 0xcb, 0xc8, 0x1, 0xfc, 0x98, 0x40, 0x1f,
    0xfc, 0x2b, 0x50, 0xf, 0x8e, 0xc0, 0x38, 0x5e,
    0xf7, 0xb2, 0x50, 0x3, 0x50, 0x7, 0xdc, 0x1,
    0xd1, 0xd0, 0x84, 0x26, 0xd7, 0x84, 0x1, 0xfc,
    0xe4, 0x1, 0xad, 0xc0, 0x3f, 0x1e, 0xa0, 0x7,
    0xe9, 0x0, 0xd2, 0x80, 0x1f, 0xf5, 0x90, 0x7,
    0x90, 0x40, 0x24, 0x60, 0xf, 0xfe, 0xf, 0x0,
    0x7b, 0x40, 0x37, 0x80, 0x7f, 0xf0, 0x8c, 0xc0,
    0x1c, 0xa0, 0x19, 0x0, 0x3f, 0xf8, 0x76, 0x1,
    0xc4, 0x1, 0x18, 0x7, 0xff, 0x10, 0xc0, 0x38,
    0x40, 0x27, 0x0, 0xff, 0xe2, 0x38, 0x7, 0xff,
    0x50, 0x40, 0x27, 0x0, 0xff, 0xe2, 0x38, 0x7,
    0x10, 0x4, 0x60, 0x1f, 0xfc, 0x43, 0x0, 0xe5,
    0x0, 0xc8, 0x1, 0xff, 0xc3, 0xb0, 0xe, 0xd0,
    0xd, 0xe0, 0x1f, 0xfc, 0x24, 0x30, 0xe, 0x41,
    0x0, 0x91, 0x80, 0x3f, 0xf8, 0x3, 0x40, 0x1f,
    0x48, 0x6, 0x94, 0x0, 0xff, 0xa8, 0x40, 0x3e,
    0x72, 0x0, 0xd6, 0xe0, 0x1f, 0x8f, 0x50, 0x3,
    0xfb, 0xc0, 0x3a, 0x3a, 0x10, 0x84, 0xda, 0xf0,
    0x80, 0x3f, 0xc5, 0x80, 0x1c, 0x2f, 0x7b, 0xd9,
    0x28, 0x1, 0xc, 0x80, 0x7e, 0x3d, 0x20, 0xf,
    0xfe, 0x8, 0xea, 0x80, 0x7f, 0x16, 0xc0, 0x80,
    0x7f, 0x9b, 0x8c, 0x3, 0xff, 0x80, 0xfd, 0x6c,
    0x62, 0x0, 0x14, 0x8e, 0x90, 0xf, 0xfe, 0x22,
    0x4e, 0x77, 0xfb, 0xad, 0xc4, 0x3, 0xff, 0xfe,
    0x1, 0xff, 0xff, 0x0, 0xff, 0xff, 0x80,

    /* U+0072 "r" */
    0xaf, 0xfb, 0x0, 0x32, 0x4e, 0x77, 0x80, 0x7e,
    0x5e, 0xb6, 0x31, 0x0, 0xfd, 0x34, 0x20, 0x1f,
    0xf4, 0x30, 0x7, 0xff, 0x0, 0x9c, 0x3, 0x12,
    0xb3, 0x80, 0x70, 0x80, 0x49, 0x9b, 0x53, 0x0,
    0x1f, 0xa2, 0xcc, 0x3, 0xfe, 0x67, 0x0, 0xff,
    0xe0, 0xc, 0x80, 0x7f, 0xf0, 0x58, 0x3, 0xff,
    0x85, 0x80, 0x1f, 0xfc, 0x25, 0x0, 0xff, 0xe1,
    0x8, 0x7, 0xff, 0xfc, 0x3, 0xff, 0xfe, 0x1,
    0xff, 0xea,

    /* U+0073 "s" */
    0x0, 0xf1, 0xc5, 0xf7, 0x3f, 0xdd, 0x92, 0xc2,
    0x1, 0xf9, 0x37, 0x1d, 0x4, 0x40, 0x1, 0x36,
    0x9e, 0xc5, 0x0, 0xe9, 0xb2, 0x0, 0xff, 0xe0,
    0x1d, 0x48, 0x5, 0x2c, 0x1, 0xff, 0xc4, 0xa0,
    0x2, 0x30, 0x6, 0x4a, 0xdf, 0xfb, 0x6d, 0xc8,
    0x0, 0xa6, 0x0, 0xe0, 0xd, 0x36, 0xa4, 0x1,
    0x12, 0x46, 0xd9, 0xc0, 0x4, 0x80, 0x12, 0x30,
    0x7, 0xf9, 0x30, 0x80, 0x21, 0x0, 0x88, 0x3,
    0xff, 0x92, 0xa0, 0x1f, 0xfc, 0x53, 0x0, 0x8e,
    0x0, 0x3f, 0xf8, 0x96, 0x1, 0x9f, 0x61, 0x0,
    0x3f, 0xf8, 0x2e, 0x40, 0x18, 0x9e, 0xff, 0x69,
    0xd0, 0x3, 0xfb, 0xc, 0x3, 0xe2, 0x58, 0xbf,
    0xc6, 0x0, 0xf0, 0xe5, 0x18, 0x7, 0xf8, 0xe7,
    0x90, 0x3, 0xcb, 0x9b, 0x2c, 0x60, 0x1f, 0x86,
    0xd0, 0x3, 0xe2, 0x69, 0xcf, 0xda, 0x72, 0x0,
    0xea, 0x0, 0xff, 0xe0, 0x12, 0xc6, 0xd8, 0x80,
    0x42, 0xa0, 0x1f, 0xfc, 0x34, 0xd0, 0xd, 0xa0,
    0x1f, 0xfc, 0x43, 0x0, 0xc4, 0x2, 0xc0, 0x1f,
    0xfc, 0x12, 0x0, 0xc4, 0x13, 0x2d, 0x60, 0xf,
    0xfa, 0x40, 0x36, 0x8b, 0x81, 0x4f, 0xd3, 0x99,
    0x8, 0x9, 0xbe, 0xa0, 0x4, 0x2b, 0x0, 0x1c,
    0xb1, 0x9b, 0xdf, 0xd9, 0x4, 0x1, 0xa8, 0x28,
    0x80, 0x3f, 0xf8, 0xb6, 0x80, 0x7b, 0x48, 0x1,
    0xff, 0xc1, 0x5e, 0x40, 0xc, 0xb7, 0xd4, 0xe6,
    0x42, 0x0, 0x13, 0x69, 0xea, 0x10, 0x8,

    /* U+0074 "t" */
    0x0, 0xe7, 0x88, 0x94, 0x3, 0xff, 0x85, 0xe,
    0xf7, 0x80, 0x7f, 0xff, 0xc0, 0x3f, 0xc9, 0xff,
    0x80, 0x32, 0xff, 0xfc, 0x1, 0xff, 0xdc, 0x72,
    0x2c, 0x1, 0xc4, 0x5e, 0x30, 0x1, 0xee, 0xe0,
    0xc, 0xbb, 0xbe, 0xc0, 0xf, 0xff, 0xf8, 0x7,
    0xff, 0xfc, 0x3, 0xff, 0xfe, 0x1, 0xff, 0xd1,
    0x10, 0xf, 0xfe, 0x31, 0x80, 0x4e, 0x1, 0xff,
    0xc2, 0x70, 0x8, 0x90, 0x3, 0xff, 0x83, 0xe0,
    0x1a, 0xd8, 0x2, 0x3a, 0x80, 0xf, 0x29, 0x0,
    0x69, 0xff, 0xb1, 0x58, 0x3, 0xee, 0x0, 0xff,
    0xa, 0x80, 0x78, 0xf0, 0x40, 0x3f, 0x8, 0x80,
    0x3e, 0x3e, 0x95, 0x10, 0x0, 0xa4, 0xf2, 0x0,

    /* U+0075 "u" */
    0xef, 0xfa, 0xc0, 0x3f, 0xf8, 0x51, 0xff, 0x84,
    0x3, 0xff, 0xfe, 0x1, 0xff, 0xff, 0x0, 0xff,
    0xff, 0x80, 0x7f, 0xff, 0xc0, 0x3f, 0xf9, 0xa6,
    0x1, 0x38, 0x7, 0xff, 0x8, 0x40, 0x3f, 0xf9,
    0x84, 0x1, 0xc2, 0x1, 0x18, 0x7, 0xff, 0x9,
    0x0, 0x39, 0x80, 0x31, 0x0, 0x7f, 0xf0, 0x14,
    0x3, 0xd8, 0x1, 0xac, 0x3, 0xff, 0x81, 0x0,
    0x1e, 0x40, 0xc, 0xc6, 0x1, 0xfe, 0x92, 0x0,
    0xf1, 0x18, 0x6, 0xd4, 0x0, 0xf8, 0x6d, 0x80,
    0x3f, 0x40, 0x6, 0x1b, 0xc7, 0x43, 0x46, 0xae,
    0x40, 0xf, 0xe4, 0x80, 0xe, 0x38, 0xbc, 0xb9,
    0x50, 0x8, 0x60, 0x3, 0xe7, 0x80, 0xf, 0xfe,
    0x8, 0xe9, 0x80, 0x7e, 0x7c, 0x30, 0xf, 0xf2,
    0xf9, 0x80, 0x7f, 0x8f, 0x30, 0xe6, 0x20, 0x1,
    0x37, 0xda, 0x10, 0xf, 0x80,

    /* U+0076 "v" */
    0xd, 0xff, 0xb8, 0x3, 0xff, 0x8b, 0xbf, 0xf5,
    0x5, 0x0, 0x42, 0xa0, 0x1f, 0xfc, 0x34, 0x20,
    0xa, 0x41, 0x80, 0x34, 0x80, 0x7f, 0xf0, 0xfc,
    0x2, 0x33, 0x0, 0xb0, 0x4, 0x64, 0x1, 0xff,
    0xc1, 0x24, 0x0, 0xa8, 0x2, 0xb0, 0xd, 0x60,
    0x1f, 0xfc, 0x1b, 0x0, 0x85, 0x80, 0x22, 0x40,
    0x9, 0x80, 0x3f, 0xf8, 0x2c, 0x1, 0x30, 0x7,
    0x78, 0x6, 0x60, 0xf, 0xf9, 0x80, 0x34, 0x80,
    0x72, 0x10, 0x5, 0x60, 0x1f, 0xf5, 0x80, 0x4a,
    0x20, 0x1e, 0xa0, 0x8, 0x90, 0x3, 0xf9, 0x8,
    0x2, 0x90, 0xf, 0x98, 0x3, 0x78, 0x7, 0xf7,
    0x80, 0x46, 0x60, 0xf, 0x85, 0x80, 0x24, 0x10,
    0xf, 0x89, 0x0, 0x2a, 0x0, 0xfe, 0xb0, 0xd,
    0x20, 0x1f, 0x58, 0x4, 0x2c, 0x1, 0xfc, 0x48,
    0x1, 0x30, 0x7, 0xcc, 0x1, 0x30, 0x7, 0xfd,
    0xc0, 0x10, 0xa8, 0x7, 0x30, 0x6, 0x90, 0xf,
    0xf9, 0x48, 0x2, 0x90, 0xe, 0xb0, 0x9, 0x44,
    0x3, 0xff, 0x81, 0x40, 0x11, 0x98, 0x2, 0x42,
    0x0, 0xa4, 0x3, 0xff, 0x82, 0xc0, 0x1a, 0x40,
    0x2f, 0x0, 0x88, 0xc0, 0x3f, 0xf8, 0x22, 0xc0,
    0x12, 0x88, 0x12, 0x0, 0x56, 0x1, 0xff, 0xc3,
    0xb0, 0xc, 0xc1, 0x60, 0x10, 0xb0, 0x7, 0xff,
    0xc, 0x90, 0x2, 0x91, 0x60, 0x9, 0x80, 0x3f,
    0xf8, 0xbc, 0x1, 0xd, 0x0, 0x69, 0x0, 0xff,
    0xe2, 0xa9, 0x0, 0x48, 0x1, 0x28, 0x80, 0x7f,
    0xf1, 0xa8, 0x3, 0xe9, 0x0, 0xff, 0xe3, 0xb0,
    0x7, 0x88, 0xc0, 0x3f, 0xf8, 0xe2, 0xc0, 0x1d,
    0x60, 0x1f, 0xfc, 0x9b, 0x0, 0xc2, 0xc0, 0x1f,
    0xe0,

    /* U+0077 "w" */
    0x8f, 0xfb, 0x40, 0x3f, 0xf8, 0x4f, 0xff, 0x60,
    0x7, 0xff, 0x9, 0xff, 0xea, 0xa0, 0x4, 0x46,
    0x1, 0xff, 0xc1, 0xa0, 0x8, 0xc8, 0x3, 0xff,
    0x83, 0x40, 0x17, 0x11, 0x80, 0x56, 0x1, 0xff,
    0xc0, 0x32, 0x0, 0xd4, 0x1, 0xff, 0xc0, 0x22,
    0x0, 0x5, 0x2, 0xc0, 0x26, 0x0, 0xff, 0xe0,
    0x50, 0x7, 0x30, 0x7, 0xff, 0x2, 0x80, 0x27,
    0x0, 0x30, 0x4, 0x28, 0x1, 0xff, 0x38, 0x7,
    0x9, 0x80, 0x7f, 0xcc, 0x1, 0x50, 0x0, 0x50,
    0x2, 0xd0, 0xf, 0xf2, 0x8, 0x7, 0xa8, 0x3,
    0xfc, 0x82, 0x0, 0x23, 0x0, 0xb8, 0x2, 0x60,
    0xf, 0xf7, 0x0, 0x44, 0x1, 0x30, 0x7, 0xfb,
    0x80, 0x2a, 0x0, 0xca, 0x1, 0x94, 0x3, 0xf0,
    0xa8, 0x5, 0xe2, 0x1, 0x28, 0x7, 0xf2, 0x80,
    0x4c, 0x1, 0xca, 0x1, 0x70, 0x7, 0xe7, 0x0,
    0x8c, 0x9c, 0x2, 0xe0, 0xf, 0xcc, 0x1, 0x18,
    0x80, 0x77, 0x0, 0x48, 0x20, 0x1f, 0x50, 0x5,
    0x41, 0x40, 0x12, 0x8, 0x7, 0xda, 0x1, 0x50,
    0x7, 0x90, 0x40, 0x27, 0x0, 0xf1, 0x18, 0x4,
    0xc0, 0x64, 0x1, 0x38, 0x7, 0x85, 0x0, 0x26,
    0x0, 0xf9, 0x80, 0x2a, 0x0, 0xf5, 0x0, 0x4a,
    0x1, 0x50, 0x5, 0x40, 0x1e, 0x60, 0x9, 0x40,
    0x3f, 0x50, 0x4, 0x62, 0x1, 0xcc, 0x1, 0x70,
    0x4, 0xc0, 0x11, 0x90, 0x7, 0x50, 0x5, 0xc0,
    0x1f, 0x88, 0xc0, 0x26, 0x0, 0xc8, 0x20, 0x1,
    0x40, 0x8, 0x50, 0x2, 0xa0, 0xc, 0x64, 0x0,
    0x14, 0x0, 0xfe, 0xb0, 0xa, 0x80, 0x37, 0x0,
    0x4c, 0x1, 0xdc, 0x1, 0x30, 0x6, 0xa0, 0x9,
    0x80, 0x3f, 0xcc, 0x1, 0x11, 0x80, 0x4a, 0x1,
    0x50, 0x7, 0x28, 0x4, 0x28, 0x1, 0x38, 0x5,
    0x60, 0x1f, 0xe1, 0x40, 0xa, 0xc0, 0xc, 0x1,
    0x21, 0x0, 0x79, 0x80, 0x2d, 0x0, 0x20, 0x80,
    0x8, 0xc0, 0x3f, 0xee, 0x0, 0x98, 0x1, 0x40,
    0x17, 0x0, 0x7d, 0x40, 0x13, 0x0, 0x38, 0x2,
    0xa0, 0xf, 0xfe, 0x2, 0x80, 0x42, 0x84, 0x60,
    0x12, 0x80, 0x7c, 0x64, 0x1, 0x28, 0xa8, 0x4,
    0xc0, 0x1f, 0xfc, 0x16, 0x0, 0xb6, 0x80, 0x26,
    0x0, 0xfe, 0xa0, 0xb, 0x9c, 0x2, 0x41, 0x0,
    0xff, 0xe0, 0xe8, 0x4, 0xcc, 0x0, 0xa8, 0x3,
    0xf9, 0x80, 0x24, 0xb0, 0xb, 0x80, 0x3f, 0xf8,
    0x48, 0x20, 0x10, 0x80, 0x8, 0xc0, 0x3f, 0x85,
    0x0, 0x22, 0x0, 0x94, 0x3, 0xff, 0x86, 0xc0,
    0x1e, 0xa0, 0xf, 0xfb, 0x80, 0x3c, 0xa0, 0x1f,
    0xfc, 0x4a, 0x0, 0xf3, 0x0, 0x7f, 0xca, 0x1,
    0xee, 0x0, 0xff, 0xe2, 0x11, 0x80, 0x64, 0x10,
    0xf, 0xfe, 0x2, 0x80, 0x61, 0x40, 0xf, 0xfe,
    0x2d, 0x0, 0x6e, 0x0, 0xff, 0xe0, 0xf0, 0x6,
    0x60, 0xf, 0xe0,

    /* U+0078 "x" */
    0x7, 0xff, 0xd4, 0x1, 0xff, 0xc0, 0x2f, 0xfd,
    0xa0, 0x7, 0x40, 0x9, 0x58, 0x3, 0xfe, 0xf0,
    0xd, 0xc0, 0x15, 0x8, 0x5, 0x24, 0x1, 0xfd,
    0x24, 0x1, 0x49, 0x80, 0x43, 0xa0, 0x1b, 0xc0,
    0x3f, 0x2b, 0x0, 0x4a, 0xc0, 0x1c, 0x70, 0x1,
    0x15, 0x0, 0x78, 0xa8, 0x2, 0x2a, 0x0, 0xf9,
    0xd0, 0x2, 0x55, 0x0, 0x77, 0x80, 0x6f, 0x0,
    0xfe, 0xa1, 0x0, 0xa8, 0x80, 0x29, 0x20, 0xa,
    0x48, 0x3, 0xf8, 0x74, 0x3, 0x78, 0x1, 0x58,
    0x2, 0x56, 0x0, 0xff, 0x8e, 0x0, 0x22, 0x92,
    0xa0, 0x8, 0xa8, 0x3, 0xff, 0x82, 0xe8, 0x1,
    0x36, 0x0, 0x6f, 0x0, 0xff, 0xe1, 0xd0, 0x80,
    0x42, 0x1, 0x51, 0x0, 0x7f, 0xf0, 0xc7, 0x40,
    0x3c, 0xca, 0x1, 0xff, 0xc5, 0x37, 0x0, 0xc3,
    0x20, 0x1f, 0xfc, 0x75, 0x0, 0xc2, 0x80, 0x1f,
    0xfc, 0x6a, 0x20, 0xe, 0xa2, 0x0, 0xff, 0xe2,
    0x32, 0x80, 0x78, 0x78, 0x3, 0xff, 0x86, 0x72,
    0x1, 0x14, 0x0, 0x47, 0x20, 0x1f, 0xfc, 0x2e,
    0x0, 0xde, 0xe8, 0x1, 0x32, 0x80, 0x7f, 0xf0,
    0x28, 0x80, 0x29, 0x20, 0xa1, 0x0, 0xa8, 0x80,
    0x3f, 0xcc, 0xa0, 0x12, 0xb0, 0x0, 0x74, 0x3,
    0x78, 0x7, 0xf1, 0xc8, 0x4, 0x54, 0x1, 0x8e,
    0x0, 0x22, 0xa0, 0xf, 0x87, 0x80, 0x37, 0x80,
    0x79, 0xd0, 0x2, 0x56, 0x0, 0xf5, 0x90, 0x5,
    0x24, 0x1, 0xf5, 0x8, 0x5, 0x26, 0x1, 0x9d,
    0x40, 0x25, 0x60, 0xf, 0xc3, 0x40, 0x1b, 0x80,
    0x23, 0x80, 0x8, 0xa8, 0x3, 0xfc, 0x8e, 0x1,
    0x15, 0x0, 0xe8, 0x6, 0xe0, 0xf, 0xfe, 0x4,
    0x18, 0x4, 0xae,

    /* U+0079 "y" */
    0x0, 0x6f, 0xfd, 0xc0, 0x1f, 0xfc, 0x5d, 0xff,
    0xa8, 0x1, 0x60, 0x10, 0xa8, 0x7, 0xff, 0xd,
    0x8, 0x2, 0x90, 0x3, 0x0, 0x69, 0x0, 0xff,
    0xe1, 0xf8, 0x4, 0x66, 0x0, 0x9c, 0x2, 0x33,
    0x0, 0x7f, 0xf0, 0x49, 0x0, 0x29, 0x0, 0xd2,
    0x1, 0xa4, 0x3, 0xff, 0x83, 0x60, 0x10, 0xa8,
    0x6, 0x15, 0x0, 0x94, 0x40, 0x3f, 0xe1, 0x60,
    0xa, 0x40, 0x3d, 0x20, 0x1a, 0x40, 0x3f, 0xe6,
    0x0, 0xce, 0x1, 0xe3, 0x30, 0x4, 0xc0, 0x1f,
    0xf4, 0x80, 0x4c, 0x1, 0xfa, 0x40, 0x21, 0x60,
    0xf, 0xe5, 0x10, 0xa, 0xc0, 0x3f, 0x28, 0x80,
    0x56, 0x1, 0xfd, 0x20, 0x12, 0x90, 0x7, 0xf4,
    0x80, 0x44, 0x80, 0x1f, 0x19, 0x80, 0x29, 0x0,
    0xff, 0x38, 0x6, 0xf0, 0xf, 0xa4, 0x2, 0x33,
    0x0, 0x7f, 0xce, 0x1, 0x21, 0x0, 0x70, 0xa8,
    0x5, 0x20, 0x1f, 0xfc, 0xa, 0x0, 0xd6, 0x1,
    0xd2, 0x1, 0xa, 0x80, 0x7f, 0xf0, 0x9, 0x40,
    0x26, 0x10, 0xc, 0xc0, 0x14, 0x80, 0x7f, 0xf0,
    0xa4, 0x3, 0x30, 0x4, 0xc2, 0x1, 0x30, 0x7,
    0xff, 0x8, 0xcc, 0x1, 0x48, 0x5, 0x60, 0x13,
    0x8, 0x7, 0xff, 0xe, 0x40, 0x21, 0x50, 0x42,
    0x0, 0xac, 0x3, 0xff, 0x88, 0xa2, 0x1, 0x48,
    0x78, 0x4, 0x84, 0x1, 0xff, 0xc5, 0x90, 0x8,
    0xd5, 0x0, 0x2f, 0x0, 0xff, 0xe3, 0x30, 0x6,
    0xa0, 0x8, 0x90, 0x3, 0xff, 0x8c, 0x2c, 0x1,
    0xf5, 0x80, 0x7f, 0xf2, 0x2c, 0x3, 0xc2, 0xc0,
    0x1f, 0xfc, 0x82, 0x40, 0xe, 0x60, 0xf, 0xfe,
    0x54, 0x0, 0x74, 0x80, 0x7f, 0xf2, 0x8c, 0x3,
    0x28, 0x80, 0x7f, 0xf2, 0x98, 0x3, 0x48, 0x7,
    0xff, 0x2e, 0xc0, 0x24, 0x30, 0xf, 0xfe, 0x53,
    0x10, 0x5, 0xe0, 0x1f, 0xfc, 0x24, 0x50, 0xf,
    0x14, 0x80, 0x46, 0x80, 0x1f, 0xfc, 0x29, 0xab,
    0x41, 0x2, 0x7c, 0x0, 0xde, 0x1, 0xff, 0xc2,
    0x62, 0x4, 0xbe, 0xfd, 0x81, 0x0, 0x98, 0xc0,
    0x3f, 0xf8, 0x56, 0x1, 0xff, 0x24, 0x80, 0x7f,
    0xf0, 0xf1, 0x0, 0x3f, 0x9e, 0xc0, 0x3f, 0xf8,
    0x83, 0x78, 0xe6, 0x20, 0x26, 0xfb, 0x0, 0x1f,
    0xfc, 0x40,

    /* U+007A "z" */
    0xc, 0xff, 0xff, 0xe3, 0xe8, 0x7, 0xff, 0x91,
    0x88, 0xbf, 0xf8, 0x40, 0x1d, 0x40, 0xa, 0xdd,
    0xff, 0xe0, 0xa8, 0x6, 0x47, 0x0, 0xff, 0xe1,
    0xab, 0x80, 0x45, 0x40, 0x1f, 0xfc, 0x32, 0xa0,
    0xd, 0xe2, 0x1, 0xff, 0xc3, 0xf0, 0xd, 0x44,
    0x1, 0xff, 0xc3, 0xa2, 0x0, 0x9d, 0x40, 0x3f,
    0xf8, 0x6e, 0xa0, 0x12, 0x40, 0x7, 0xff, 0xd,
    0x20, 0x2, 0x1a, 0x0, 0xff, 0xe1, 0x8d, 0x0,
    0x6d, 0x10, 0xf, 0xfe, 0x1e, 0x88, 0x5, 0x26,
    0x1, 0xff, 0xc3, 0x93, 0x0, 0x99, 0x80, 0x1f,
    0xfc, 0x36, 0x60, 0x4, 0x72, 0x1, 0xff, 0xc3,
    0x39, 0x0, 0x87, 0x40, 0x3f, 0xf8, 0x63, 0xa0,
    0x1a, 0x84, 0x3, 0xff, 0x87, 0x42, 0x1, 0x42,
    0x0, 0x7f, 0xf0, 0xe1, 0x0, 0x25, 0x70, 0xf,
    0xfe, 0x1a, 0xb8, 0x4, 0x54, 0x1, 0xff, 0xc3,
    0x2a, 0x0, 0xde, 0x1, 0xff, 0xc4, 0xf0, 0xd,
    0x64, 0x1, 0xff, 0xc3, 0xb2, 0x0, 0xd3, 0xbb,
    0xff, 0xc2, 0x31, 0x40, 0xe, 0x22, 0xff, 0xe1,
    0x80, 0x7f, 0xf8, 0xc0,

    /* U+007B "{" */
    0x0, 0xf8, 0x5e, 0xfb, 0xfe, 0x0, 0xf2, 0xf4,
    0x20, 0x80, 0x7e, 0x3a, 0x0, 0xff, 0xe0, 0x78,
    0x7, 0x88, 0xc0, 0x30, 0x98, 0x6, 0x7f, 0xdc,
    0x0, 0xc8, 0x1, 0x96, 0x0, 0x3e, 0x30, 0xd,
    0xe0, 0x1f, 0xfc, 0x16, 0x0, 0xff, 0xff, 0x80,
    0x7f, 0xfd, 0x4, 0x3, 0xf7, 0x0, 0x7f, 0xf0,
    0x9, 0x80, 0x31, 0x0, 0x63, 0xee, 0x68, 0x80,
    0x4c, 0x1, 0xce, 0x22, 0x0, 0xcd, 0x20, 0x1f,
    0xf0, 0xf0, 0x7, 0xff, 0x0, 0x61, 0xc0, 0x39,
    0x3f, 0xd6, 0x1, 0xa4, 0x3, 0xf2, 0x30, 0x4,
    0x22, 0x0, 0xfd, 0xe0, 0x18, 0xc0, 0x3f, 0xf8,
    0x22, 0x1, 0xff, 0xff, 0x0, 0xff, 0xfe, 0x98,
    0x6, 0x60, 0xf, 0xc2, 0x1, 0xb8, 0x3, 0xf2,
    0x80, 0x64, 0x80, 0xf, 0x85, 0x0, 0x33, 0xfe,
    0xe0, 0x7, 0x48, 0x7, 0x88, 0xc0, 0x38, 0xac,
    0x40, 0x3f, 0xf8, 0x9, 0xf0, 0x82, 0x1, 0x0,

    /* U+007C "|" */
    0xff, 0xca, 0x1, 0xff, 0xff, 0x0, 0xff, 0xff,
    0x80, 0x7f, 0xfe, 0x80,

    /* U+007D "}" */
    0x1f, 0xfb, 0xad, 0x80, 0x3f, 0xf8, 0x2, 0x93,
    0xc6, 0x1, 0xff, 0xc1, 0x1c, 0x20, 0xf, 0x10,
    0x80, 0x7a, 0x0, 0x38, 0x77, 0xb8, 0xc0, 0x19,
    0x40, 0x3f, 0xc, 0x98, 0x6, 0x30, 0xf, 0xea,
    0x0, 0xce, 0x1, 0xfc, 0x40, 0x18, 0x40, 0x3f,
    0xff, 0xe0, 0x1f, 0xff, 0xf0, 0xf, 0xe7, 0x0,
    0xc6, 0x1, 0xfc, 0x40, 0x1a, 0xc4, 0x3, 0xf0,
    0x98, 0x4, 0x5d, 0xd0, 0x7, 0xda, 0x80, 0x18,
    0x46, 0x0, 0xf0, 0x98, 0x7, 0xff, 0x6, 0x9c,
    0x3, 0xff, 0x80, 0x2a, 0x1, 0xe, 0x7f, 0x84,
    0x3, 0x88, 0x3, 0x49, 0x80, 0x7e, 0x70, 0xc,
    0x40, 0x1f, 0xff, 0xf0, 0xf, 0xff, 0xf8, 0x7,
    0xf0, 0x80, 0x61, 0x0, 0xfe, 0x20, 0xf, 0xfe,
    0x15, 0x80, 0x66, 0x0, 0xf8, 0x64, 0xc0, 0x31,
    0x0, 0x61, 0xde, 0xe3, 0x0, 0x66, 0x0, 0xf1,
    0x8, 0x7, 0xc, 0x0, 0x7f, 0xf0, 0x7, 0x44,
    0x3, 0xf8, 0x52, 0x78, 0xc0, 0x3c,

    /* U+007E "~" */
    0x0, 0xe5, 0x88, 0x30, 0x80, 0x7f, 0x91, 0x20,
    0xc, 0xbd, 0x4e, 0xe9, 0xe9, 0x0, 0xfe, 0xbb,
    0x84, 0x0, 0xb4, 0x20, 0x1c, 0xda, 0x40, 0x1e,
    0x20, 0x8, 0x40, 0x68, 0x3, 0xf1, 0x61, 0x80,
    0x75, 0x0, 0x8, 0x1, 0x20, 0x13, 0x77, 0xd9,
    0x0, 0x7, 0x18, 0x2, 0x37, 0x0, 0x20, 0x1,
    0x40, 0x9, 0x22, 0x9, 0xaa, 0x1, 0x4e, 0xd5,
    0xe0, 0x5, 0x40, 0x2, 0x0, 0x40, 0x7, 0x53,
    0x80, 0x44, 0xa8, 0x1, 0x31, 0x81, 0x0, 0x46,
    0x1, 0xe8, 0xb1, 0x0, 0xf2, 0x48, 0x4, 0xaa,
    0x60, 0xf, 0xc9, 0xee, 0x40, 0x29, 0x56, 0x1,
    0x0,

    /* U+00A0 " " */

    /* U+00AB "«" */
    0x0, 0xf0, 0xcc, 0xe1, 0x0, 0xd1, 0x33, 0x18,
    0x7, 0xa9, 0x9a, 0x11, 0x0, 0x4e, 0xe6, 0x61,
    0x18, 0x7, 0x3a, 0x0, 0xe, 0x0, 0x23, 0x80,
    0x0, 0xd0, 0x7, 0x1c, 0x0, 0x5c, 0x1, 0xe,
    0x80, 0x54, 0x20, 0x1d, 0xc0, 0x15, 0x10, 0x5,
    0x42, 0x0, 0x64, 0x0, 0xea, 0x20, 0x2, 0xa8,
    0x2, 0x74, 0x0, 0x14, 0x80, 0x73, 0x28, 0x0,
    0xa8, 0x2, 0x38, 0x0, 0xbc, 0x3, 0x8a, 0x40,
    0x2e, 0x0, 0xdc, 0x1, 0x49, 0x0, 0x77, 0x80,
    0x50, 0x60, 0x15, 0x10, 0x1, 0x58, 0x3, 0xa4,
    0x80, 0x6, 0xe0, 0x12, 0xa8, 0x2, 0xb0, 0xf,
    0x50, 0x4, 0x64, 0x1, 0x20, 0x80, 0x48, 0x1,
    0xe3, 0x80, 0xb, 0xc0, 0x21, 0xa0, 0xa, 0x88,
    0x3, 0xce, 0x80, 0x2, 0x90, 0x9, 0x1c, 0x2,
    0xe0, 0xf, 0xa8, 0x40, 0xc, 0xa0, 0x14, 0x20,
    0x0, 0xe0, 0x3, 0xc3, 0xa0, 0x15, 0x88, 0x5,
    0x42, 0x0, 0x74, 0x0, 0xf1, 0xc0, 0x0, 0x74,
    0x2, 0x1a, 0x0, 0xa8, 0x40, 0x3c, 0xe8, 0x0,
    0x38, 0x0, 0x91, 0xc0, 0x3, 0x40, 0x1f, 0x50,
    0x80, 0x1d, 0x0, 0x28, 0x30, 0x2, 0x38, 0x7,
    0x86, 0x80, 0x2a, 0x10, 0xb, 0x44, 0x1, 0x6,

    /* U+00B0 "°" */
    0x0, 0xe2, 0x68, 0x83, 0x18, 0x7, 0xe2, 0xcd,
    0x97, 0x74, 0xe6, 0xc, 0x3, 0x97, 0x4c, 0x3,
    0xc7, 0x8c, 0x1, 0x1d, 0x0, 0x17, 0x3f, 0xd8,
    0xc0, 0x9, 0x40, 0x6, 0x80, 0x2a, 0x86, 0x0,
    0x39, 0xa0, 0x5, 0xa, 0x88, 0x3a, 0x80, 0x79,
    0x5c, 0x5, 0xbc, 0x1, 0x20, 0x1f, 0xa4, 0x1,
    0x6c, 0x2, 0x20, 0xf, 0xc2, 0x40, 0x42, 0x6,
    0x1, 0xff, 0xc1, 0x60, 0x20, 0xf, 0xf1, 0x81,
    0x98, 0x0, 0xa0, 0x1f, 0x90, 0x41, 0x28, 0x1,
    0x62, 0x1, 0xe1, 0x90, 0x5, 0x13, 0x80, 0xe2,
    0x0, 0x63, 0xc2, 0x6, 0x30, 0x84, 0x2, 0xbd,
    0xaa, 0x6e, 0x10, 0x1c, 0x80, 0x56, 0xe0, 0x2,
    0x55, 0x10, 0x1, 0xb0, 0x3, 0xa3, 0x58, 0x80,
    0x4, 0xd9, 0x20, 0x10,

    /* U+00BB "»" */
    0x19, 0x9c, 0x20, 0x1a, 0x26, 0x62, 0x0, 0xf0,
    0x83, 0x35, 0x60, 0x1b, 0x59, 0xaf, 0x0, 0xfa,
    0x48, 0x0, 0xac, 0x1, 0x2a, 0x80, 0x5, 0x40,
    0x1f, 0x78, 0x5, 0x26, 0x1, 0x51, 0x0, 0x15,
    0x80, 0x3c, 0x52, 0x1, 0x70, 0x6, 0xe0, 0xa,
    0x48, 0x3, 0xcc, 0xa0, 0x2, 0xa0, 0x8, 0xe0,
    0x2, 0xf0, 0xf, 0xa8, 0x80, 0xa, 0xc0, 0x13,
    0xa0, 0x0, 0xa4, 0x3, 0xee, 0x0, 0xa4, 0x80,
    0x2a, 0x10, 0x3, 0x28, 0x7, 0x8e, 0x0, 0x2f,
    0x0, 0x86, 0x80, 0x2a, 0x20, 0xf, 0x39, 0x80,
    0xa, 0x0, 0x24, 0x60, 0xb, 0x80, 0x3c, 0x66,
    0x0, 0xac, 0x2, 0x17, 0x0, 0xa8, 0x3, 0xdc,
    0x1, 0x41, 0x80, 0x54, 0x20, 0x5, 0x60, 0xe,
    0xa2, 0x0, 0x23, 0x80, 0x4c, 0x80, 0x2, 0xa0,
    0xe, 0x55, 0x0, 0x6, 0x80, 0x22, 0x90, 0xb,
    0x80, 0x38, 0xa8, 0x2, 0xd1, 0x0, 0xbc, 0x2,
    0x93, 0x0, 0xee, 0x0, 0xa0, 0xc0, 0x29, 0x20,
    0x2, 0xb0, 0x7, 0x41, 0x80, 0x11, 0xc0, 0x25,
    0x60, 0x1, 0x58, 0x7, 0x23, 0x80, 0x6, 0x80,
    0x22, 0xa0, 0xb, 0x84, 0x3, 0xd, 0x0, 0x5a,
    0x20, 0x17, 0x0, 0x50, 0x60, 0x1c,

    /* U+00C0 "À" */
    0x0, 0xff, 0x47, 0xff, 0x18, 0x7, 0xff, 0x4a,
    0x2c, 0x40, 0x2c, 0x40, 0xf, 0xfe, 0x92, 0x79,
    0x80, 0x56, 0xc0, 0x1f, 0xfd, 0x21, 0xc7, 0x0,
    0xa5, 0xc0, 0x3f, 0xfa, 0x71, 0x62, 0x0, 0x88,
    0x0, 0x7f, 0xf4, 0xd3, 0xd0, 0x0, 0xf2, 0x1,
    0xff, 0xd3, 0x1b, 0xff, 0xa4, 0x3, 0xff, 0xfe,
    0x1, 0xff, 0xd1, 0x1f, 0xfe, 0x20, 0xf, 0xfe,
    0x94, 0x80, 0x75, 0x80, 0x7f, 0xf4, 0x98, 0x3,
    0x98, 0x40, 0x3f, 0xfa, 0xc, 0x20, 0x1e, 0x60,
    0xf, 0xfe, 0x85, 0x80, 0x7d, 0x20, 0x1f, 0xfc,
    0xf4, 0x20, 0x9, 0x80, 0x21, 0x60, 0xf, 0xfe,
    0x77, 0x80, 0x43, 0x24, 0x1, 0x58, 0x7, 0xff,
    0x34, 0x90, 0x2, 0x90, 0xa0, 0x8, 0x90, 0x3,
    0xff, 0x99, 0x0, 0x19, 0x81, 0xc0, 0x37, 0x80,
    0x7f, 0xf2, 0xc5, 0x40, 0x26, 0x10, 0x3, 0x0,
    0x48, 0x40, 0x1f, 0xfc, 0xa9, 0x0, 0xd6, 0x1,
    0x58, 0x6, 0x80, 0xf, 0xfe, 0x53, 0x0, 0x46,
    0x40, 0x11, 0x20, 0x4, 0xa2, 0x1, 0xff, 0xc8,
    0x61, 0x0, 0xa4, 0x3, 0xbc, 0x3, 0x48, 0x7,
    0xff, 0x22, 0xc0, 0x21, 0x50, 0xe, 0x42, 0x0,
    0x98, 0x3, 0xff, 0x8e, 0xa4, 0x1, 0x48, 0x7,
    0xd4, 0x1, 0xb, 0x0, 0x7f, 0xf1, 0xa4, 0x3,
    0x30, 0x7, 0xce, 0x1, 0xac, 0x3, 0xff, 0x8a,
    0x66, 0x0, 0x98, 0x40, 0x3f, 0x30, 0x4, 0x4a,
    0x1, 0xff, 0xc4, 0x90, 0xd, 0x40, 0x1f, 0xd6,
    0x1, 0xa4, 0x3, 0xff, 0x86, 0x2a, 0x1, 0x19,
    0x80, 0x3f, 0x89, 0x0, 0x23, 0x30, 0x7, 0xff,
    0xa, 0x40, 0x34, 0x80, 0x7f, 0xde, 0x1, 0xa4,
    0x3, 0xff, 0x84, 0xe0, 0x10, 0xa8, 0x7, 0xfc,
    0x84, 0x1, 0x29, 0x0, 0x7f, 0xf0, 0x1c, 0x3,
    0x48, 0x7, 0xff, 0x6, 0x80, 0x35, 0x80, 0x7f,
    0xf0, 0x24, 0x3, 0x47, 0xff, 0xff, 0x6, 0x0,
    0x33, 0x8, 0x7, 0xf9, 0x44, 0x3, 0xff, 0x98,
    0xc0, 0x1f, 0xe9, 0x0, 0xff, 0xe6, 0xc8, 0x7,
    0xf1, 0x98, 0x3, 0x8, 0xff, 0xf1, 0x40, 0x30,
    0xa8, 0x7, 0xe8, 0x0, 0xd5, 0xdd, 0xff, 0xc5,
    0xb0, 0xd, 0x0, 0x1f, 0x12, 0x0, 0x44, 0xa0,
    0x1f, 0xfc, 0x54, 0x20, 0x8, 0x90, 0x3, 0xd6,
    0x1, 0xac, 0x3, 0xff, 0x8f, 0x0, 0x1b, 0xc0,
    0x38, 0x58, 0x2, 0x16, 0x0, 0xff, 0xe3, 0xa8,
    0x80, 0x48, 0x40, 0x19, 0x80, 0x34, 0x80, 0x7f,
    0xf2, 0x64, 0x3, 0x58, 0x6, 0x90, 0xc, 0xc0,
    0x1f, 0xfc, 0x97, 0x0, 0xcc, 0x20, 0x6, 0x10,
    0x9, 0x84, 0x3, 0xff, 0x94, 0xe0, 0x1a, 0x40,
    0x16, 0x1, 0xac, 0x3, 0xff, 0x97, 0x20, 0x19,
    0x80,

    /* U+00C1 "Á" */
    0x0, 0xff, 0xe4, 0x17, 0x7f, 0xea, 0x0, 0xff,
    0xe8, 0x9e, 0x8, 0x5, 0x34, 0x1, 0xff, 0xd0,
    0x4c, 0x10, 0x1, 0x6b, 0x0, 0x7f, 0xf4, 0x16,
    0xc0, 0x26, 0xd2, 0x0, 0xff, 0xe8, 0x35, 0x0,
    0x55, 0x20, 0x1f, 0xfd, 0x17, 0x90, 0x1, 0xea,
    0x80, 0x7f, 0xf4, 0x9f, 0xfe, 0xc2, 0x0, 0xff,
    0xff, 0x80, 0x7f, 0xf4, 0x87, 0xff, 0x88, 0x3,
    0xff, 0xa5, 0x20, 0x1d, 0x60, 0x1f, 0xfd, 0x26,
    0x0, 0xe6, 0x10, 0xf, 0xfe, 0x83, 0x8, 0x7,
    0x98, 0x3, 0xff, 0xa1, 0x60, 0x1f, 0x48, 0x7,
    0xff, 0x3d, 0x8, 0x2, 0x60, 0x8, 0x58, 0x3,
    0xff, 0x9d, 0xe0, 0x10, 0xc9, 0x0, 0x56, 0x1,
    0xff, 0xcd, 0x24, 0x0, 0xa4, 0x28, 0x2, 0x24,
    0x0, 0xff, 0xe6, 0x40, 0x6, 0x60, 0x70, 0xd,
    0xe0, 0x1f, 0xfc, 0xb1, 0x50, 0x9, 0x84, 0x0,
    0xc0, 0x12, 0x10, 0x7, 0xff, 0x2a, 0x40, 0x35,
    0x80, 0x56, 0x1, 0xa0, 0x3, 0xff, 0x94, 0xc0,
    0x11, 0x90, 0x4, 0x48, 0x1, 0x28, 0x80, 0x7f,
    0xf2, 0x18, 0x40, 0x29, 0x0, 0xef, 0x0, 0xd2,
    0x1, 0xff, 0xc8, 0xb0, 0x8, 0x54, 0x3, 0x90,
    0x80, 0x26, 0x0, 0xff, 0xe3, 0xa9, 0x0, 0x52,
    0x1, 0xf5, 0x0, 0x42, 0xc0, 0x1f, 0xfc, 0x69,
    0x0, 0xcc, 0x1, 0xf3, 0x80, 0x6b, 0x0, 0xff,
    0xe2, 0x99, 0x80, 0x26, 0x10, 0xf, 0xcc, 0x1,
    0x12, 0x80, 0x7f, 0xf1, 0x24, 0x3, 0x50, 0x7,
    0xf5, 0x80, 0x69, 0x0, 0xff, 0xe1, 0x8a, 0x80,
    0x46, 0x60, 0xf, 0xe2, 0x40, 0x8, 0xcc, 0x1,
    0xff, 0xc2, 0x90, 0xd, 0x20, 0x1f, 0xf7, 0x80,
    0x69, 0x0, 0xff, 0xe1, 0x38, 0x4, 0x2a, 0x1,
    0xff, 0x21, 0x0, 0x4a, 0x40, 0x1f, 0xfc, 0x7,
    0x0, 0xd2, 0x1, 0xff, 0xc1, 0xa0, 0xd, 0x60,
    0x1f, 0xfc, 0x9, 0x0, 0xd1, 0xff, 0xff, 0xc1,
    0x80, 0xc, 0xc2, 0x1, 0xfe, 0x51, 0x0, 0xff,
    0xe6, 0x30, 0x7, 0xfa, 0x40, 0x3f, 0xf9, 0xb2,
    0x1, 0xfc, 0x66, 0x0, 0xc2, 0x3f, 0xfc, 0x50,
    0xc, 0x2a, 0x1, 0xfa, 0x0, 0x35, 0x77, 0x7f,
    0xf1, 0x6c, 0x3, 0x40, 0x7, 0xc4, 0x80, 0x11,
    0x28, 0x7, 0xff, 0x15, 0x8, 0x2, 0x24, 0x0,
    0xf5, 0x80, 0x6b, 0x0, 0xff, 0xe3, 0xc0, 0x6,
    0xf0, 0xe, 0x16, 0x0, 0x85, 0x80, 0x3f, 0xf8,
    0xea, 0x20, 0x12, 0x10, 0x6, 0x60, 0xd, 0x20,
    0x1f, 0xfc, 0x99, 0x0, 0xd6, 0x1, 0xa4, 0x3,
    0x30, 0x7, 0xff, 0x25, 0xc0, 0x33, 0x8, 0x1,
    0x84, 0x2, 0x61, 0x0, 0xff, 0xe5, 0x38, 0x6,
    0x90, 0x5, 0x80, 0x6b, 0x0, 0xff, 0xe5, 0xc8,
    0x6, 0x60,

    /* U+00C2 "Â" */
    0x0, 0xff, 0xe1, 0x9f, 0xff, 0x28, 0x7, 0xff,
    0x45, 0x30, 0x3, 0xa9, 0x80, 0x3f, 0xf9, 0xeb,
    0x60, 0x12, 0x80, 0x52, 0xe0, 0x1f, 0xfc, 0xd6,
    0xa0, 0xa, 0xa9, 0x82, 0x0, 0x87, 0x0, 0xff,
    0xe5, 0xbc, 0x80, 0xb, 0x54, 0xf, 0xcc, 0x1,
    0x10, 0x0, 0xff, 0xe4, 0xbc, 0x0, 0x13, 0x8,
    0x2, 0x1c, 0x60, 0x3, 0xc8, 0x7, 0xff, 0x21,
    0xff, 0xeb, 0x10, 0xf, 0x4f, 0xfd, 0x20, 0x1f,
    0xff, 0xf0, 0xf, 0xfe, 0x60, 0xff, 0xf1, 0x0,
    0x7f, 0xf4, 0xa4, 0x3, 0xac, 0x3, 0xff, 0xa4,
    0xc0, 0x1c, 0xc2, 0x1, 0xff, 0xd0, 0x61, 0x0,
    0xf3, 0x0, 0x7f, 0xf4, 0x2c, 0x3, 0xe9, 0x0,
    0xff, 0xe7, 0xa1, 0x0, 0x4c, 0x1, 0xb, 0x0,
    0x7f, 0xf3, 0xbc, 0x2, 0x19, 0x20, 0xa, 0xc0,
    0x3f, 0xf9, 0xa4, 0x80, 0x14, 0x85, 0x0, 0x44,
    0x80, 0x1f, 0xfc, 0xc8, 0x0, 0xcc, 0xe, 0x1,
    0xbc, 0x3, 0xff, 0x96, 0x2a, 0x1, 0x30, 0x80,
    0x18, 0x2, 0x42, 0x0, 0xff, 0xe5, 0x48, 0x6,
    0xb0, 0xa, 0xc0, 0x34, 0x0, 0x7f, 0xf2, 0x98,
    0x2, 0x32, 0x0, 0x89, 0x0, 0x25, 0x10, 0xf,
    0xfe, 0x43, 0x8, 0x5, 0x20, 0x1d, 0xe0, 0x1a,
    0x40, 0x3f, 0xf9, 0x16, 0x1, 0xa, 0x80, 0x72,
    0x10, 0x4, 0xc0, 0x1f, 0xfc, 0x75, 0x20, 0xa,
    0x40, 0x3e, 0xa0, 0x8, 0x58, 0x3, 0xff, 0x8d,
    0x20, 0x19, 0x80, 0x3e, 0x70, 0xd, 0x60, 0x1f,
    0xfc, 0x53, 0x30, 0x4, 0xc2, 0x1, 0xf9, 0x80,
    0x22, 0x50, 0xf, 0xfe, 0x24, 0x80, 0x6a, 0x0,
    0xfe, 0xb0, 0xd, 0x20, 0x1f, 0xfc, 0x31, 0x50,
    0x8, 0xcc, 0x1, 0xfc, 0x48, 0x1, 0x19, 0x80,
    0x3f, 0xf8, 0x52, 0x1, 0xa4, 0x3, 0xfe, 0xf0,
    0xd, 0x20, 0x1f, 0xfc, 0x27, 0x0, 0x85, 0x40,
    0x3f, 0xe4, 0x20, 0x9, 0x48, 0x3, 0xff, 0x80,
    0xe0, 0x1a, 0x40, 0x3f, 0xf8, 0x34, 0x1, 0xac,
    0x3, 0xff, 0x81, 0x20, 0x1a, 0x3f, 0xff, 0xf8,
    0x30, 0x1, 0x98, 0x40, 0x3f, 0xca, 0x20, 0x1f,
    0xfc, 0xc6, 0x0, 0xff, 0x48, 0x7, 0xff, 0x36,
    0x40, 0x3f, 0x8c, 0xc0, 0x18, 0x47, 0xff, 0x8a,
    0x1, 0x85, 0x40, 0x3f, 0x40, 0x6, 0xae, 0xef,
    0xfe, 0x2d, 0x80, 0x68, 0x0, 0xf8, 0x90, 0x2,
    0x25, 0x0, 0xff, 0xe2, 0xa1, 0x0, 0x44, 0x80,
    0x1e, 0xb0, 0xd, 0x60, 0x1f, 0xfc, 0x78, 0x0,
    0xde, 0x1, 0xc2, 0xc0, 0x10, 0xb0, 0x7, 0xff,
    0x1d, 0x44, 0x2, 0x42, 0x0, 0xcc, 0x1, 0xa4,
    0x3, 0xff, 0x93, 0x20, 0x1a, 0xc0, 0x34, 0x80,
    0x66, 0x0, 0xff, 0xe4, 0xb8, 0x6, 0x61, 0x0,
    0x30, 0x80, 0x4c, 0x20, 0x1f, 0xfc, 0xa7, 0x0,
    0xd2, 0x0, 0xb0, 0xd, 0x60, 0x1f, 0xfc, 0xb9,
    0x0, 0xcc, 0x0,

    /* U+00C4 "Ä" */
    0x0, 0xff, 0xe0, 0x2f, 0x72, 0x0, 0x39, 0xbb,
    0x8e, 0x1, 0xff, 0xcb, 0x1a, 0x11, 0x3a, 0x0,
    0x45, 0x22, 0x28, 0x30, 0xf, 0xfe, 0x52, 0x80,
    0x6c, 0x0, 0x90, 0x3, 0x20, 0x7, 0xff, 0x29,
    0x80, 0x36, 0x0, 0x4a, 0x1, 0x90, 0x3, 0xff,
    0x94, 0x54, 0x22, 0x74, 0x0, 0x8e, 0x44, 0x50,
    0x60, 0x1f, 0xfc, 0xb5, 0xee, 0x40, 0x7, 0x37,
    0x71, 0xc0, 0x3f, 0xff, 0xe0, 0x1f, 0xff, 0x31,
    0xff, 0xe2, 0x0, 0xff, 0xe9, 0x48, 0x7, 0x58,
    0x7, 0xff, 0x49, 0x80, 0x39, 0x84, 0x3, 0xff,
    0xa0, 0xc2, 0x1, 0xe6, 0x0, 0xff, 0xe8, 0x58,
    0x7, 0xd2, 0x1, 0xff, 0xcf, 0x42, 0x0, 0x98,
    0x2, 0x16, 0x0, 0xff, 0xe7, 0x78, 0x4, 0x32,
    0x40, 0x15, 0x80, 0x7f, 0xf3, 0x49, 0x0, 0x29,
    0xa, 0x0, 0x89, 0x0, 0x3f, 0xf9, 0x90, 0x1,
    0x98, 0x1c, 0x3, 0x78, 0x7, 0xff, 0x2c, 0x54,
    0x2, 0x61, 0x0, 0x30, 0x4, 0x84, 0x1, 0xff,
    0xca, 0x90, 0xd, 0x60, 0x15, 0x80, 0x68, 0x0,
    0xff, 0xe5, 0x30, 0x4, 0x64, 0x1, 0x12, 0x0,
    0x4a, 0x20, 0x1f, 0xfc, 0x86, 0x10, 0xa, 0x40,
    0x3b, 0xc0, 0x34, 0x80, 0x7f, 0xf2, 0x2c, 0x2,
    0x15, 0x0, 0xe4, 0x20, 0x9, 0x80, 0x3f, 0xf8,
    0xea, 0x40, 0x14, 0x80, 0x7d, 0x40, 0x10, 0xb0,
    0x7, 0xff, 0x1a, 0x40, 0x33, 0x0, 0x7c, 0xe0,
    0x1a, 0xc0, 0x3f, 0xf8, 0xa6, 0x60, 0x9, 0x84,
    0x3, 0xf3, 0x0, 0x44, 0xa0, 0x1f, 0xfc, 0x49,
    0x0, 0xd4, 0x1, 0xfd, 0x60, 0x1a, 0x40, 0x3f,
    0xf8, 0x62, 0xa0, 0x11, 0x98, 0x3, 0xf8, 0x90,
    0x2, 0x33, 0x0, 0x7f, 0xf0, 0xa4, 0x3, 0x48,
    0x7, 0xfd, 0xe0, 0x1a, 0x40, 0x3f, 0xf8, 0x4e,
    0x1, 0xa, 0x80, 0x7f, 0xc8, 0x40, 0x12, 0x90,
    0x7, 0xff, 0x1, 0xc0, 0x34, 0x80, 0x7f, 0xf0,
    0x68, 0x3, 0x58, 0x7, 0xff, 0x2, 0x40, 0x34,
    0x7f, 0xff, 0xf0, 0x60, 0x3, 0x30, 0x80, 0x7f,
    0x94, 0x40, 0x3f, 0xf9, 0x8c, 0x1, 0xfe, 0x90,
    0xf, 0xfe, 0x6c, 0x80, 0x7f, 0x19, 0x80, 0x30,
    0x8f, 0xff, 0x14, 0x3, 0xa, 0x80, 0x7e, 0x80,
    0xd, 0x5d, 0xdf, 0xfc, 0x5b, 0x0, 0xd0, 0x1,
    0xf1, 0x20, 0x4, 0x4a, 0x1, 0xff, 0xc5, 0x42,
    0x0, 0x89, 0x0, 0x3d, 0x60, 0x1a, 0xc0, 0x3f,
    0xf8, 0xf0, 0x1, 0xbc, 0x3, 0x85, 0x80, 0x21,
    0x60, 0xf, 0xfe, 0x3a, 0x88, 0x4, 0x84, 0x1,
    0x98, 0x3, 0x48, 0x7, 0xff, 0x26, 0x40, 0x35,
    0x80, 0x69, 0x0, 0xcc, 0x1, 0xff, 0xc9, 0x70,
    0xc, 0xc2, 0x0, 0x61, 0x0, 0x98, 0x40, 0x3f,
    0xf9, 0x4e, 0x1, 0xa4, 0x1, 0x60, 0x1a, 0xc0,
    0x3f, 0xf9, 0x72, 0x1, 0x98, 0x0,

    /* U+00C6 "Æ" */
    0x0, 0xff, 0xe4, 0x2f, 0xff, 0xff, 0x3b, 0x80,
    0x3f, 0xf9, 0x36, 0x1, 0xff, 0xe3, 0x81, 0x0,
    0xff, 0xf1, 0x13, 0x80, 0x7f, 0xf8, 0xe0, 0x3,
    0x59, 0x0, 0x6c, 0xcf, 0xfe, 0x36, 0x80, 0x7f,
    0xf1, 0x91, 0x40, 0x28, 0x40, 0xe, 0x33, 0xff,
    0xe3, 0x80, 0x7f, 0xf1, 0xa4, 0x2, 0x17, 0x0,
    0xff, 0xef, 0x39, 0x0, 0x56, 0x1, 0xff, 0xde,
    0x18, 0x0, 0x8d, 0x40, 0x3f, 0xfb, 0xd6, 0x1,
    0xbc, 0x3, 0xff, 0xbc, 0x6a, 0x1, 0x29, 0x80,
    0x7f, 0xf7, 0xbc, 0x3, 0x58, 0x7, 0xff, 0x79,
    0x8c, 0x2, 0x71, 0x0, 0xff, 0xee, 0x8c, 0x0,
    0x43, 0x0, 0x1f, 0xfd, 0xe8, 0x10, 0xa, 0xc0,
    0x3f, 0xe2, 0x2f, 0xfe, 0x20, 0x80, 0x7f, 0xf0,
    0x89, 0x80, 0x23, 0x50, 0xf, 0xfb, 0x77, 0xff,
    0x8a, 0x1, 0xff, 0xc2, 0x90, 0xd, 0xe0, 0x1f,
    0xfd, 0xe5, 0x40, 0x9, 0x4c, 0x3, 0xff, 0xbd,
    0x60, 0x1a, 0xc0, 0x3f, 0xfb, 0xd0, 0x20, 0x13,
    0x88, 0x7, 0xff, 0x7, 0xff, 0xff, 0x89, 0x80,
    0x1f, 0xf1, 0x38, 0x4, 0x30, 0x1, 0xff, 0xde,
    0x90, 0xd, 0x0, 0x1f, 0xfd, 0xe4, 0x40, 0x6,
    0x9f, 0xff, 0xf1, 0x0, 0x7f, 0xf4, 0xe4, 0x3,
    0xff, 0xc6, 0xe4, 0x1, 0xff, 0xe2, 0x18, 0x0,
    0xc2, 0x3f, 0xfc, 0x10, 0xf, 0xfe, 0x95, 0x80,
    0x68, 0xee, 0xff, 0xe0, 0x90, 0x7, 0xff, 0x40,
    0xd4, 0x2, 0x27, 0x0, 0xff, 0xef, 0x78, 0x6,
    0x90, 0xf, 0xfe, 0xf3, 0x18, 0x4, 0xa8, 0x1,
    0xff, 0xc7, 0x33, 0xff, 0xe3, 0x90, 0x0, 0x60,
    0x2, 0x1b, 0x0, 0xff, 0xe4, 0x66, 0x7f, 0xf1,
    0xec, 0x1, 0x2, 0x1, 0x40, 0x80, 0x7f, 0xf7,
    0x49, 0x80, 0x23, 0x60, 0xf, 0xfe, 0xf7, 0x0,
    0x6f, 0x0, 0xff, 0xef, 0x0,

    /* U+00C7 "Ç" */
    0x0, 0xff, 0xe0, 0x1b, 0xde, 0xf7, 0xfb, 0xb6,
    0xe1, 0x0, 0x3f, 0xf8, 0x83, 0x1d, 0x90, 0x84,
    0x20, 0x1, 0x24, 0x7b, 0xe9, 0x10, 0xf, 0xfe,
    0x4, 0x73, 0x88, 0x7, 0xff, 0x0, 0x5b, 0xa0,
    0x3, 0xf8, 0xb5, 0xc0, 0x3f, 0xf8, 0xcf, 0xa4,
    0x1, 0xe4, 0xd2, 0x0, 0xf1, 0xb4, 0xd5, 0x25,
    0xd0, 0x3, 0xc5, 0x86, 0x1, 0x92, 0xc0, 0x38,
    0x5f, 0xb2, 0x59, 0x54, 0xd1, 0x7f, 0x44, 0x1,
    0x86, 0xc0, 0x22, 0xb0, 0xe, 0x5f, 0x81, 0x0,
    0xfe, 0x5d, 0x90, 0x9, 0xe0, 0x2, 0xf0, 0xe,
    0x9a, 0x10, 0xf, 0xfe, 0xb, 0x60, 0xbc, 0x0,
    0x4e, 0x40, 0x1a, 0x98, 0x3, 0xff, 0x88, 0x7d,
    0x0, 0x10, 0xc0, 0x6, 0x75, 0x0, 0xff, 0xe5,
    0xb0, 0x6, 0x28, 0x0, 0xff, 0xe6, 0x50, 0x6,
    0x90, 0xf, 0xfe, 0x61, 0x10, 0x2, 0x14, 0x0,
    0xff, 0xe6, 0x38, 0x6, 0x70, 0xf, 0xfe, 0x6e,
    0x80, 0x6c, 0x0, 0xff, 0xe6, 0x90, 0x6, 0x60,
    0xf, 0xfe, 0x90, 0x80, 0x7f, 0xfc, 0x44, 0x3,
    0xff, 0x9a, 0x40, 0x19, 0x80, 0x3f, 0xf9, 0xba,
    0x1, 0xb0, 0x3, 0xff, 0x9a, 0xe0, 0x19, 0xc0,
    0x3f, 0xf9, 0xa4, 0x40, 0x8, 0x50, 0x3, 0xff,
    0x9b, 0x40, 0x1a, 0x40, 0x3f, 0xf9, 0xac, 0x1,
    0x8a, 0x0, 0x3f, 0xf9, 0x83, 0x0, 0x19, 0xd4,
    0x3, 0xff, 0x8c, 0x20, 0x1c, 0xe4, 0x1, 0xa9,
    0x80, 0x3f, 0xf8, 0x85, 0xf2, 0x1, 0xde, 0x1,
    0xd3, 0x42, 0x1, 0xff, 0xc1, 0x6d, 0x16, 0x90,
    0xc, 0x56, 0x1, 0xcb, 0xf0, 0x20, 0x1f, 0xcb,
    0x92, 0x1, 0x34, 0x80, 0x64, 0xb0, 0xe, 0x17,
    0xec, 0x97, 0x55, 0x34, 0x5f, 0xd1, 0x80, 0x61,
    0xb0, 0xe, 0x4d, 0x20, 0xf, 0x1b, 0x45, 0x52,
    0x5d, 0x0, 0x3c, 0x7e, 0x40, 0x1e, 0x2d, 0x70,
    0xf, 0xfe, 0x33, 0xe0, 0x80, 0x7f, 0x47, 0x38,
    0x80, 0x7f, 0xf0, 0x5, 0xfa, 0x0, 0x3f, 0xf8,
    0x3, 0x1d, 0x90, 0x84, 0x1, 0x89, 0x1e, 0xfa,
    0x4, 0x3, 0xff, 0x88, 0x6f, 0x7a, 0x40, 0x7f,
    0xb7, 0x8, 0x1, 0xff, 0xca, 0x12, 0x4, 0x0,
    0xff, 0xe7, 0xa0, 0x1, 0xad, 0x0, 0x3f, 0xf9,
    0xb8, 0x0, 0x14, 0xb8, 0x0, 0xff, 0xe6, 0x47,
    0x63, 0x0, 0x1c, 0x80, 0x3f, 0xf9, 0x62, 0x23,
    0x92, 0x0, 0x28, 0x7, 0xff, 0xa2, 0x94, 0x80,
    0x60, 0x80, 0x6, 0x1, 0xff, 0xc8, 0x45, 0xad,
    0xfe, 0x70, 0x1, 0xa0, 0x7, 0xff, 0x20, 0xc0,
    0x3e, 0x5c, 0x0, 0xff, 0xe4, 0xbf, 0x4b, 0xb3,
    0x27, 0x68, 0x3, 0xfc,

    /* U+00C8 "È" */
    0x0, 0x93, 0xbf, 0xf4, 0x0, 0x7f, 0xf1, 0x93,
    0xcc, 0x2, 0x79, 0x0, 0xff, 0xe3, 0xe, 0x38,
    0x4, 0xd4, 0x1, 0xff, 0xc7, 0x8b, 0x10, 0x2,
    0xd8, 0x7, 0xff, 0x1d, 0x3d, 0x0, 0x9, 0x82,
    0x1, 0xff, 0xc6, 0x1b, 0x70, 0x1, 0xe0, 0x80,
    0x7f, 0xf1, 0xe3, 0xfe, 0xd1, 0x0, 0xff, 0xf7,
    0xff, 0xff, 0xf2, 0xf0, 0x3, 0xff, 0xfe, 0x1,
    0xc3, 0x99, 0xff, 0xc6, 0xe0, 0xe, 0x33, 0xff,
    0xe3, 0x90, 0x7, 0xff, 0xfc, 0x3, 0xff, 0xfe,
    0x1, 0xff, 0xec, 0x22, 0xff, 0xe2, 0x8, 0x7,
    0xc5, 0xbb, 0xff, 0xc4, 0xa0, 0xf, 0xff, 0xf8,
    0x7, 0xc5, 0xff, 0xff, 0xc4, 0xb0, 0xf, 0xff,
    0xf8, 0x7, 0xff, 0xfc, 0x3, 0xff, 0xfe, 0x1,
    0xf1, 0x9f, 0xff, 0x20, 0x40, 0x30, 0xe6, 0x7f,
    0xf1, 0xdc, 0x3, 0xff, 0xfe,

    /* U+00C9 "É" */
    0x0, 0xff, 0xe1, 0x57, 0xfe, 0xd2, 0x0, 0xff,
    0xe2, 0xda, 0x80, 0x4b, 0xa4, 0x1, 0xff, 0xc3,
    0x1c, 0x40, 0xa, 0xa8, 0x1, 0xff, 0xc4, 0x2c,
    0x30, 0x1, 0x6a, 0x80, 0x7f, 0xf1, 0xb, 0x8,
    0x0, 0xda, 0x40, 0x1f, 0xfc, 0x43, 0xc1, 0x0,
    0x54, 0x80, 0x7f, 0xf1, 0x8f, 0xbf, 0xe5, 0x0,
    0xff, 0xf8, 0xff, 0xff, 0xf2, 0xf0, 0x3, 0xff,
    0xfe, 0x1, 0xc3, 0x99, 0xff, 0xc6, 0xe0, 0xe,
    0x33, 0xff, 0xe3, 0x90, 0x7, 0xff, 0xfc, 0x3,
    0xff, 0xfe, 0x1, 0xff, 0xec, 0x22, 0xff, 0xe2,
    0x8, 0x7, 0xc5, 0xbb, 0xff, 0xc4, 0xa0, 0xf,
    0xff, 0xf8, 0x7, 0xc5, 0xff, 0xff, 0xc4, 0xb0,
    0xf, 0xff, 0xf8, 0x7, 0xff, 0xfc, 0x3, 0xff,
    0xfe, 0x1, 0xf1, 0x9f, 0xff, 0x20, 0x40, 0x30,
    0xe6, 0x7f, 0xf1, 0xdc, 0x3, 0xff, 0xfe,

    /* U+00CA "Ê" */
    0x0, 0xfc, 0x39, 0xff, 0xa4, 0x3, 0xff, 0x8a,
    0x38, 0x60, 0x19, 0xa8, 0x3, 0xff, 0x86, 0x38,
    0x40, 0x3, 0x20, 0x2, 0xd8, 0x7, 0xff, 0x4,
    0xbc, 0x80, 0xd, 0x98, 0x40, 0x2, 0x60, 0x7,
    0xfc, 0x78, 0x20, 0x9, 0x90, 0xd, 0xb8, 0x0,
    0xf0, 0x40, 0x3f, 0x1e, 0x8, 0xe, 0x30, 0x6,
    0x8a, 0x0, 0x1e, 0x8, 0x7, 0xc7, 0xff, 0x71,
    0x80, 0x79, 0x7f, 0xed, 0x10, 0xf, 0xff, 0x57,
    0xff, 0xff, 0x2f, 0x0, 0x3f, 0xff, 0xe0, 0x1c,
    0x39, 0x9f, 0xfc, 0x6e, 0x0, 0xe3, 0x3f, 0xfe,
    0x39, 0x0, 0x7f, 0xff, 0xc0, 0x3f, 0xff, 0xe0,
    0x1f, 0xfe, 0xc2, 0x2f, 0xfe, 0x20, 0x80, 0x7c,
    0x5b, 0xbf, 0xfc, 0x4a, 0x0, 0xff, 0xff, 0x80,
    0x7c, 0x5f, 0xff, 0xfc, 0x4b, 0x0, 0xff, 0xff,
    0x80, 0x7f, 0xff, 0xc0, 0x3f, 0xff, 0xe0, 0x1f,
    0x19, 0xff, 0xf2, 0x4, 0x3, 0xe, 0x67, 0xff,
    0x1d, 0xc0, 0x3f, 0xff, 0xe0,

    /* U+00CB "Ë" */
    0x0, 0xe2, 0xcf, 0xb1, 0x0, 0xc5, 0x9f, 0x40,
    0x1f, 0xfc, 0xe, 0x30, 0x4b, 0x0, 0xde, 0x60,
    0xb2, 0x1, 0xff, 0x18, 0x4, 0xe0, 0x18, 0x80,
    0x25, 0x0, 0xff, 0x8c, 0x2, 0x70, 0xc, 0x40,
    0x12, 0x80, 0x7f, 0xdc, 0x60, 0x96, 0x1, 0xb8,
    0xc1, 0x64, 0x3, 0xfe, 0x2c, 0xfb, 0x10, 0xc,
    0x79, 0xf4, 0x1, 0xff, 0xff, 0x0, 0xfb, 0xff,
    0xff, 0x97, 0x80, 0x1f, 0xff, 0xf0, 0xe, 0x1c,
    0xcf, 0xfe, 0x37, 0x0, 0x71, 0x9f, 0xff, 0x1c,
    0x80, 0x3f, 0xff, 0xe0, 0x1f, 0xff, 0xf0, 0xf,
    0xff, 0x61, 0x17, 0xff, 0x10, 0x40, 0x3e, 0x2d,
    0xdf, 0xfe, 0x25, 0x0, 0x7f, 0xff, 0xc0, 0x3e,
    0x2f, 0xff, 0xfe, 0x25, 0x80, 0x7f, 0xff, 0xc0,
    0x3f, 0xff, 0xe0, 0x1f, 0xff, 0xf0, 0xf, 0x8c,
    0xff, 0xf9, 0x2, 0x1, 0x87, 0x33, 0xff, 0x8e,
    0xe0, 0x1f, 0xff, 0xf0,

    /* U+00CD "Í" */
    0x0, 0xf1, 0xf7, 0xfe, 0x80, 0xf, 0x26, 0x8,
    0x0, 0x6e, 0x0, 0x39, 0x6c, 0x2, 0x3f, 0x40,
    0xe, 0x7a, 0x0, 0x9f, 0x4, 0x3, 0xa2, 0x0,
    0x1, 0xb8, 0x0, 0xf4, 0xb8, 0x1, 0x3d, 0x0,
    0x3e, 0x9f, 0xfa, 0xc4, 0x3, 0xff, 0xb3, 0xff,
    0xb4, 0x3, 0xff, 0xfe, 0x1, 0xff, 0xff, 0x0,
    0xff, 0xff, 0x80, 0x7f, 0xff, 0xc0, 0x3f, 0xff,
    0xe0, 0x1f, 0xff, 0xf0, 0xf, 0xfe, 0x38,

    /* U+00CE "Î" */
    0x0, 0xf2, 0xff, 0xf1, 0x80, 0x7f, 0xcd, 0x40,
    0x1d, 0x88, 0x1, 0xfc, 0xd2, 0x1, 0x28, 0x5,
    0x6a, 0x1, 0xf3, 0xc8, 0x0, 0x72, 0xac, 0x2,
    0xa6, 0x0, 0xe8, 0x80, 0x0, 0xfc, 0xc1, 0x34,
    0x80, 0x12, 0xc0, 0x14, 0xb8, 0x1, 0xb0, 0x40,
    0x22, 0xd4, 0x0, 0x4b, 0x80, 0x27, 0xfe, 0x90,
    0xf, 0xaf, 0xfe, 0x70, 0xf, 0xff, 0x17, 0xfe,
    0xd0, 0xf, 0xff, 0xf8, 0x7, 0xff, 0xfc, 0x3,
    0xff, 0xfe, 0x1, 0xff, 0xff, 0x0, 0xff, 0xff,
    0x80, 0x7f, 0xff, 0xc0, 0x3f, 0xff, 0xe0, 0x1f,
    0xff, 0xf0, 0xf, 0xfe, 0xb0,

    /* U+00CF "Ï" */
    0x7, 0xee, 0x30, 0x7, 0x47, 0x71, 0x40, 0xe0,
    0x45, 0x24, 0x1, 0x23, 0x88, 0xa8, 0x94, 0x3,
    0x20, 0x5, 0x80, 0x19, 0x94, 0x3, 0x28, 0x5,
    0x80, 0x19, 0x8e, 0x4, 0x52, 0x60, 0x12, 0x38,
    0x8a, 0x88, 0x1f, 0xb8, 0xc0, 0x1d, 0x1d, 0xc5,
    0x0, 0xff, 0xf3, 0xff, 0xed, 0x0, 0xff, 0xff,
    0x80, 0x7f, 0xff, 0xc0, 0x3f, 0xff, 0xe0, 0x1f,
    0xff, 0xf0, 0xf, 0xff, 0xf8, 0x7, 0xff, 0xfc,
    0x3, 0xff, 0xcc,

    /* U+00D3 "Ó" */
    0x0, 0xff, 0xe4, 0xb, 0xc4, 0x65, 0x0, 0xff,
    0xe8, 0x8e, 0xc3, 0xbc, 0x6a, 0x1, 0xff, 0xd0,
    0x1d, 0x30, 0x9, 0xec, 0x3, 0xff, 0xa0, 0x3a,
    0x60, 0x15, 0x40, 0x7, 0xff, 0x40, 0x74, 0xc0,
    0x5, 0xaa, 0x1, 0xff, 0xd0, 0x1d, 0x30, 0x2,
    0x61, 0x0, 0x7f, 0xf4, 0x7, 0x4c, 0x0, 0xf6,
    0x20, 0x1f, 0xfd, 0x11, 0xcf, 0xfa, 0x0, 0x3f,
    0xff, 0xe0, 0x1f, 0xfd, 0x3, 0x7a, 0xde, 0xff,
    0xb6, 0xe1, 0x40, 0x3f, 0xf9, 0x42, 0xfb, 0x90,
    0xa4, 0x20, 0x11, 0x23, 0xd7, 0xd1, 0x80, 0x7f,
    0xf1, 0x9f, 0xa0, 0x80, 0x3f, 0xf8, 0x2b, 0x96,
    0x40, 0x1f, 0xfc, 0x22, 0xd8, 0x0, 0xff, 0xe3,
    0x26, 0xb0, 0x7, 0xff, 0x1, 0x34, 0x80, 0x3c,
    0x6d, 0x35, 0x49, 0x74, 0x0, 0xfa, 0x64, 0x1,
    0xfe, 0x4b, 0x0, 0xe1, 0x8e, 0xc9, 0x65, 0x53,
    0x45, 0xfd, 0x18, 0x7, 0x34, 0x80, 0x7e, 0x2b,
    0x0, 0xe6, 0xe7, 0x10, 0xf, 0xe5, 0xc9, 0x10,
    0xc, 0xce, 0x1, 0xf7, 0x80, 0x75, 0x48, 0x7,
    0xff, 0x9, 0xb0, 0x80, 0x34, 0x18, 0x7, 0x39,
    0x0, 0x6a, 0x50, 0xf, 0xfe, 0x21, 0x60, 0x80,
    0x6f, 0x0, 0xe8, 0x0, 0xd0, 0xa0, 0x1f, 0xfc,
    0x61, 0xc0, 0xc, 0x6a, 0x1, 0x38, 0x6, 0x37,
    0x0, 0xff, 0xe4, 0x14, 0x0, 0x69, 0x0, 0xa8,
    0x3, 0x40, 0x7, 0xff, 0x29, 0xc4, 0x2, 0x32,
    0x1, 0x20, 0x8, 0x50, 0x3, 0xff, 0x96, 0xe0,
    0x19, 0x1, 0x0, 0x33, 0x80, 0x7f, 0xf3, 0x28,
    0x3, 0x60, 0x68, 0x6, 0xc0, 0xf, 0xfe, 0x61,
    0x80, 0x67, 0x2, 0x0, 0xcc, 0x1, 0xff, 0xcd,
    0x10, 0x8, 0x80, 0x3c, 0x20, 0x1f, 0xfc, 0xd3,
    0x0, 0xff, 0xf1, 0x88, 0x7, 0xff, 0x34, 0xc0,
    0x38, 0x80, 0x33, 0x0, 0x7f, 0xf3, 0x44, 0x2,
    0x20, 0xd0, 0xd, 0x80, 0x1f, 0xfc, 0xc3, 0x0,
    0xce, 0x8, 0x1, 0x9c, 0x3, 0xff, 0x99, 0x40,
    0x1b, 0x0, 0x48, 0x2, 0x14, 0x0, 0xff, 0xe5,
    0xb8, 0x6, 0x40, 0x5, 0x0, 0x69, 0x0, 0xff,
    0xe5, 0x40, 0x80, 0x46, 0x40, 0x7, 0x0, 0xc4,
    0xe0, 0x1f, 0xfc, 0x83, 0x70, 0xd, 0x20, 0x1a,
    0x0, 0x34, 0x28, 0x7, 0xff, 0x18, 0x74, 0x3,
    0x1a, 0x80, 0x67, 0x20, 0xd, 0x4a, 0x1, 0xff,
    0xc4, 0x2c, 0x10, 0xd, 0xe0, 0x1e, 0xf0, 0xe,
    0xa9, 0x0, 0xff, 0xe1, 0x36, 0x10, 0x6, 0x83,
    0x0, 0xf1, 0x58, 0x7, 0x37, 0x38, 0x80, 0x7f,
    0x2e, 0x48, 0x80, 0x66, 0x70, 0xf, 0xc9, 0x62,
    0x1, 0x86, 0x3b, 0x25, 0x95, 0x4d, 0x17, 0xf4,
    0x60, 0x1c, 0xd2, 0x1, 0xfe, 0x4f, 0x30, 0xf,
    0x1b, 0x4d, 0x52, 0x5d, 0x0, 0x3e, 0x99, 0x0,
    0x7f, 0xf0, 0x7, 0x24, 0x40, 0x3f, 0xf8, 0xa9,
    0xac, 0x1, 0xff, 0xc3, 0x6e, 0x82, 0x0, 0xff,
    0xe0, 0xae, 0x59, 0x0, 0x7f, 0xf1, 0x9f, 0x72,
    0x14, 0x84, 0x2, 0x24, 0x7a, 0xfa, 0x30, 0xf,
    0xf0,

    /* U+00D4 "Ô" */
    0x0, 0xff, 0xe1, 0x8c, 0x46, 0x50, 0xf, 0xfe,
    0x90, 0xe3, 0xbe, 0xa6, 0x0, 0xff, 0xe8, 0xe,
    0x10, 0x7, 0x4b, 0x0, 0x7f, 0xf3, 0x87, 0x8,
    0x0, 0x90, 0x1, 0x4a, 0x80, 0x7f, 0xf3, 0x7,
    0x8, 0x0, 0xb6, 0xf6, 0x1, 0x52, 0x80, 0x7f,
    0xf2, 0x87, 0x8, 0x0, 0xf4, 0x0, 0x4c, 0x10,
    0x5, 0x28, 0x7, 0xff, 0x20, 0x70, 0x80, 0x13,
    0x0, 0x18, 0xfc, 0x80, 0x14, 0xa0, 0x1f, 0xfc,
    0x71, 0xdf, 0xf9, 0x80, 0x3c, 0x3b, 0xff, 0x28,
    0x7, 0xff, 0xfc, 0x3, 0xff, 0x92, 0x6f, 0x5b,
    0xdf, 0xf6, 0xdc, 0x28, 0x7, 0xff, 0x28, 0x5f,
    0x72, 0x14, 0x84, 0x2, 0x24, 0x7a, 0xfa, 0x30,
    0xf, 0xfe, 0x33, 0xf4, 0x10, 0x7, 0xff, 0x5,
    0x72, 0xc8, 0x3, 0xff, 0x84, 0x5b, 0x0, 0x1f,
    0xfc, 0x64, 0xd6, 0x0, 0xff, 0xe0, 0x26, 0x90,
    0x7, 0x8d, 0xa6, 0xa9, 0x2e, 0x80, 0x1f, 0x4c,
    0x80, 0x3f, 0xc9, 0x60, 0x1c, 0x31, 0xd9, 0x2c,
    0xaa, 0x68, 0xbf, 0xa3, 0x0, 0xe6, 0x90, 0xf,
    0xc5, 0x60, 0x1c, 0xdc, 0xe2, 0x1, 0xfc, 0xb9,
    0x22, 0x1, 0x99, 0xc0, 0x3e, 0xf0, 0xe, 0xa9,
    0x0, 0xff, 0xe1, 0x36, 0x10, 0x6, 0x83, 0x0,
    0xe7, 0x20, 0xd, 0x4a, 0x1, 0xff, 0xc4, 0x2c,
    0x10, 0xd, 0xe0, 0x1d, 0x0, 0x1a, 0x14, 0x3,
    0xff, 0x8c, 0x38, 0x1, 0x8d, 0x40, 0x27, 0x0,
    0xc6, 0xe0, 0x1f, 0xfc, 0x82, 0x80, 0xd, 0x20,
    0x15, 0x0, 0x68, 0x0, 0xff, 0xe5, 0x38, 0x80,
    0x46, 0x40, 0x24, 0x1, 0xa, 0x0, 0x7f, 0xf2,
    0xdc, 0x3, 0x20, 0x20, 0x6, 0x70, 0xf, 0xfe,
    0x65, 0x0, 0x6c, 0xd, 0x0, 0xd8, 0x1, 0xff,
    0xcc, 0x30, 0xc, 0xe0, 0x40, 0x19, 0x80, 0x3f,
    0xf9, 0xa2, 0x1, 0x10, 0x7, 0x84, 0x3, 0xff,
    0x9a, 0x60, 0x1f, 0xfe, 0x31, 0x0, 0xff, 0xe6,
    0x98, 0x7, 0x10, 0x6, 0x60, 0xf, 0xfe, 0x68,
    0x80, 0x44, 0x1a, 0x1, 0xb0, 0x3, 0xff, 0x98,
    0x60, 0x19, 0xc1, 0x0, 0x33, 0x80, 0x7f, 0xf3,
    0x28, 0x3, 0x60, 0x9, 0x0, 0x42, 0x80, 0x1f,
    0xfc, 0xb7, 0x0, 0xc8, 0x0, 0xa0, 0xd, 0x20,
    0x1f, 0xfc, 0xa8, 0x10, 0x8, 0xc8, 0x0, 0xe0,
    0x18, 0x9c, 0x3, 0xff, 0x90, 0x6e, 0x1, 0xa4,
    0x3, 0x40, 0x6, 0x85, 0x0, 0xff, 0xe3, 0xe,
    0x80, 0x63, 0x50, 0xc, 0xe4, 0x1, 0xa9, 0x40,
    0x3f, 0xf8, 0x85, 0x82, 0x1, 0xbc, 0x3, 0xde,
    0x1, 0xd5, 0x20, 0x1f, 0xfc, 0x26, 0xc2, 0x0,
    0xd0, 0x60, 0x1e, 0x2b, 0x0, 0xe6, 0xe7, 0x10,
    0xf, 0xe5, 0xc9, 0x10, 0xc, 0xce, 0x1, 0xf9,
    0x2c, 0x40, 0x30, 0xc7, 0x64, 0xb2, 0xa9, 0xa2,
    0xfe, 0x8c, 0x3, 0x9a, 0x40, 0x3f, 0xc9, 0xe6,
    0x1, 0xe3, 0x69, 0xaa, 0x4b, 0xa0, 0x7, 0xd3,
    0x20, 0xf, 0xfe, 0x0, 0xe4, 0x88, 0x7, 0xff,
    0x15, 0x35, 0x80, 0x3f, 0xf8, 0x6d, 0xd0, 0x40,
    0x1f, 0xfc, 0x15, 0xcb, 0x20, 0xf, 0xfe, 0x33,
    0xee, 0x42, 0x90, 0x80, 0x44, 0x8f, 0x5f, 0x46,
    0x1, 0xfe,

    /* U+00D6 "Ö" */
    0x0, 0xff, 0xe0, 0x4f, 0xe9, 0x80, 0x75, 0x7e,
    0x18, 0x7, 0xff, 0x2d, 0xd8, 0xb, 0x40, 0x34,
    0x28, 0x1e, 0x80, 0x7f, 0xf2, 0xf4, 0x2, 0x12,
    0x0, 0x8c, 0x2, 0x11, 0x0, 0x7f, 0xf2, 0xb4,
    0x2, 0x12, 0x0, 0x8c, 0x2, 0x11, 0x0, 0x7f,
    0xf2, 0x9d, 0x80, 0xb4, 0x3, 0x42, 0x81, 0xe8,
    0x7, 0xff, 0x32, 0x7f, 0x4c, 0x3, 0xab, 0xf0,
    0xc0, 0x3f, 0xff, 0xe0, 0x1f, 0xff, 0x3, 0x7a,
    0xde, 0xff, 0xb6, 0xe1, 0x40, 0x3f, 0xf9, 0x42,
    0xfb, 0x90, 0xa4, 0x20, 0x11, 0x23, 0xd7, 0xd1,
    0x80, 0x7f, 0xf1, 0x9f, 0xa0, 0x80, 0x3f, 0xf8,
    0x2b, 0x96, 0x40, 0x1f, 0xfc, 0x22, 0xd8, 0x0,
    0xff, 0xe3, 0x26, 0xb0, 0x7, 0xff, 0x1, 0x34,
    0x80, 0x3c, 0x6d, 0x35, 0x49, 0x74, 0x0, 0xfa,
    0x64, 0x1, 0xfe, 0x4b, 0x0, 0xe1, 0x8e, 0xc9,
    0x65, 0x53, 0x45, 0xfd, 0x18, 0x7, 0x34, 0x80,
    0x7e, 0x2b, 0x0, 0xe6, 0xe7, 0x10, 0xf, 0xe5,
    0xc9, 0x10, 0xc, 0xce, 0x1, 0xf7, 0x80, 0x75,
    0x48, 0x7, 0xff, 0x9, 0xb0, 0x80, 0x34, 0x18,
    0x7, 0x39, 0x0, 0x6a, 0x50, 0xf, 0xfe, 0x21,
    0x60, 0x80, 0x6f, 0x0, 0xe8, 0x0, 0xd0, 0xa0,
    0x1f, 0xfc, 0x61, 0xc0, 0xc, 0x6a, 0x1, 0x38,
    0x6, 0x37, 0x0, 0xff, 0xe4, 0x14, 0x0, 0x69,
    0x0, 0xa8, 0x3, 0x40, 0x7, 0xff, 0x29, 0xc4,
    0x2, 0x32, 0x1, 0x20, 0x8, 0x50, 0x3, 0xff,
    0x96, 0xe0, 0x19, 0x1, 0x0, 0x33, 0x80, 0x7f,
    0xf3, 0x28, 0x3, 0x60, 0x68, 0x6, 0xc0, 0xf,
    0xfe, 0x61, 0x80, 0x67, 0x2, 0x0, 0xcc, 0x1,
    0xff, 0xcd, 0x10, 0x8, 0x80, 0x3c, 0x20, 0x1f,
    0xfc, 0xd3, 0x0, 0xff, 0xf1, 0x88, 0x7, 0xff,
    0x34, 0xc0, 0x38, 0x80, 0x33, 0x0, 0x7f, 0xf3,
    0x44, 0x2, 0x20, 0xd0, 0xd, 0x80, 0x1f, 0xfc,
    0xc3, 0x0, 0xce, 0x8, 0x1, 0x9c, 0x3, 0xff,
    0x99, 0x40, 0x1b, 0x0, 0x48, 0x2, 0x14, 0x0,
    0xff, 0xe5, 0xb8, 0x6, 0x40, 0x5, 0x0, 0x69,
    0x0, 0xff, 0xe5, 0x40, 0x80, 0x46, 0x40, 0x7,
    0x0, 0xc4, 0xe0, 0x1f, 0xfc, 0x83, 0x70, 0xd,
    0x20, 0x1a, 0x0, 0x34, 0x28, 0x7, 0xff, 0x18,
    0x74, 0x3, 0x1a, 0x80, 0x67, 0x20, 0xd, 0x4a,
    0x1, 0xff, 0xc4, 0x2c, 0x10, 0xd, 0xe0, 0x1e,
    0xf0, 0xe, 0xa9, 0x0, 0xff, 0xe1, 0x36, 0x10,
    0x6, 0x83, 0x0, 0xf1, 0x58, 0x7, 0x37, 0x38,
    0x80, 0x7f, 0x2e, 0x48, 0x80, 0x66, 0x70, 0xf,
    0xc9, 0x62, 0x1, 0x86, 0x3b, 0x25, 0x95, 0x4d,
    0x17, 0xf4, 0x60, 0x1c, 0xd2, 0x1, 0xfe, 0x4f,
    0x30, 0xf, 0x1b, 0x4d, 0x52, 0x5d, 0x0, 0x3e,
    0x99, 0x0, 0x7f, 0xf0, 0x7, 0x24, 0x40, 0x3f,
    0xf8, 0xa9, 0xac, 0x1, 0xff, 0xc3, 0x6e, 0x82,
    0x0, 0xff, 0xe0, 0xae, 0x59, 0x0, 0x7f, 0xf1,
    0x9f, 0x72, 0x14, 0x84, 0x2, 0x24, 0x7a, 0xfa,
    0x30, 0xf, 0xf0,

    /* U+00D9 "Ù" */
    0x0, 0xf1, 0xc4, 0x71, 0x0, 0x7f, 0xf2, 0xcc,
    0x1d, 0xf6, 0x10, 0x7, 0xff, 0x2e, 0x28, 0x2,
    0x1c, 0x20, 0xf, 0xfe, 0x5a, 0xe1, 0x0, 0x7,
    0x8, 0x3, 0xff, 0x96, 0x78, 0x80, 0x1, 0xc2,
    0x0, 0xff, 0xe5, 0x8d, 0xb0, 0x0, 0x70, 0x80,
    0x3f, 0xf9, 0x93, 0x40, 0x1, 0xc2, 0x0, 0xff,
    0xe6, 0x2f, 0xfd, 0xc4, 0x1, 0xff, 0xfb, 0x4f,
    0xfd, 0x0, 0x1f, 0xfc, 0x67, 0xff, 0xc4, 0x1,
    0xff, 0xff, 0x0, 0xff, 0xff, 0x80, 0x7f, 0xff,
    0xc0, 0x3f, 0xff, 0xe0, 0x1f, 0xff, 0xf0, 0xf,
    0xff, 0xf8, 0x7, 0xff, 0xfc, 0x3, 0xff, 0x86,
    0xe0, 0x18, 0x40, 0x3f, 0xf8, 0xde, 0x1, 0xc2,
    0x1, 0x8c, 0x3, 0xff, 0x8c, 0x20, 0x18, 0xcc,
    0x1, 0x84, 0x3, 0xff, 0x8c, 0x60, 0x18, 0x44,
    0x1, 0x94, 0x3, 0xff, 0x8c, 0xe0, 0x10, 0x80,
    0xc, 0x2, 0x12, 0x0, 0xff, 0xe2, 0x9, 0x0,
    0x4a, 0x0, 0x40, 0xc, 0xa0, 0x1f, 0xfc, 0x47,
    0x0, 0xd8, 0x0, 0xc0, 0xd, 0x20, 0x1f, 0xfc,
    0x4b, 0x0, 0xc8, 0x0, 0x42, 0x0, 0x86, 0x40,
    0x3f, 0xf8, 0x50, 0x40, 0x11, 0x98, 0x2, 0xb0,
    0xc, 0xd0, 0x1, 0xff, 0xc0, 0x77, 0x0, 0x69,
    0x0, 0xcc, 0x60, 0x19, 0xec, 0xc0, 0x3f, 0x1d,
    0xc0, 0x6, 0x45, 0x0, 0xed, 0x10, 0xc, 0x99,
    0xb2, 0xea, 0xa7, 0x9d, 0xc4, 0x0, 0xc3, 0x40,
    0x1e, 0x1d, 0x10, 0xe, 0x26, 0x8a, 0xa4, 0x31,
    0x0, 0x71, 0x60, 0x80, 0x7c, 0x7e, 0x60, 0x1f,
    0xfc, 0x44, 0xc2, 0x0, 0xfe, 0x1c, 0xb3, 0x0,
    0xff, 0xe0, 0x1d, 0xd8, 0x40, 0x3f, 0xf8, 0x9,
    0x9b, 0x2a, 0x42, 0x0, 0x12, 0x59, 0xdc, 0x40,
    0xf, 0x80,

    /* U+00DA "Ú" */
    0x0, 0xff, 0xe2, 0x94, 0x47, 0x18, 0x7, 0xff,
    0x28, 0xb1, 0xdf, 0x1, 0x80, 0x7f, 0xf2, 0x4b,
    0x4, 0x2, 0xa8, 0x0, 0xff, 0xe4, 0x96, 0x8,
    0x0, 0x71, 0x40, 0x3f, 0xf9, 0x25, 0x82, 0x0,
    0x3f, 0x30, 0xf, 0xfe, 0x49, 0x60, 0x80, 0x1b,
    0x4, 0x3, 0xff, 0x92, 0x58, 0x20, 0x9, 0x90,
    0x7, 0xff, 0x2c, 0xbb, 0xfe, 0x60, 0xf, 0xff,
    0xea, 0x7f, 0xe8, 0x0, 0xff, 0xe3, 0x3f, 0xfe,
    0x20, 0xf, 0xff, 0xf8, 0x7, 0xff, 0xfc, 0x3,
    0xff, 0xfe, 0x1, 0xff, 0xff, 0x0, 0xff, 0xff,
    0x80, 0x7f, 0xff, 0xc0, 0x3f, 0xff, 0xe0, 0x1f,
    0xfc, 0x37, 0x0, 0xc2, 0x1, 0xff, 0xc6, 0xf0,
    0xe, 0x10, 0xc, 0x60, 0x1f, 0xfc, 0x61, 0x0,
    0xc6, 0x60, 0xc, 0x20, 0x1f, 0xfc, 0x63, 0x0,
    0xc2, 0x20, 0xc, 0xa0, 0x1f, 0xfc, 0x67, 0x0,
    0x84, 0x0, 0x60, 0x10, 0x90, 0x7, 0xff, 0x10,
    0x48, 0x2, 0x50, 0x2, 0x0, 0x65, 0x0, 0xff,
    0xe2, 0x38, 0x6, 0xc0, 0x6, 0x0, 0x69, 0x0,
    0xff, 0xe2, 0x58, 0x6, 0x40, 0x2, 0x10, 0x4,
    0x32, 0x1, 0xff, 0xc2, 0x82, 0x0, 0x8c, 0xc0,
    0x15, 0x80, 0x66, 0x80, 0xf, 0xfe, 0x3, 0xb8,
    0x3, 0x48, 0x6, 0x63, 0x0, 0xcf, 0x66, 0x1,
    0xf8, 0xee, 0x0, 0x32, 0x28, 0x7, 0x68, 0x80,
    0x64, 0xcd, 0x97, 0x55, 0x3c, 0xee, 0x20, 0x6,
    0x1a, 0x0, 0xf0, 0xe8, 0x80, 0x71, 0x34, 0x55,
    0x21, 0x88, 0x3, 0x8b, 0x4, 0x3, 0xe3, 0xf3,
    0x0, 0xff, 0xe2, 0x26, 0x10, 0x7, 0xf0, 0xe5,
    0x98, 0x7, 0xff, 0x0, 0xee, 0xc2, 0x1, 0xff,
    0xc0, 0x4c, 0xd9, 0x52, 0x10, 0x0, 0x92, 0xce,
    0xe2, 0x0, 0x7c,

    /* U+00DB "Û" */
    0x0, 0xff, 0xe0, 0x1c, 0x46, 0x30, 0xf, 0xfe,
    0x59, 0xe3, 0xbe, 0xc3, 0x0, 0xff, 0xe4, 0x9e,
    0x0, 0x7b, 0xc, 0x3, 0xff, 0x8e, 0x78, 0x1,
    0x33, 0x0, 0x2c, 0x30, 0xf, 0xfe, 0x29, 0xe8,
    0x5, 0x13, 0x28, 0x0, 0xb0, 0xc0, 0x3f, 0xf8,
    0x65, 0xa2, 0x0, 0xa7, 0x0, 0x3d, 0x0, 0x5a,
    0x60, 0x1f, 0xfc, 0x12, 0xc1, 0x1, 0xc5, 0x0,
    0xcb, 0x82, 0x3, 0xa4, 0x1, 0xff, 0xc0, 0x2e,
    0xff, 0x71, 0x80, 0x78, 0xfb, 0xfd, 0xc4, 0x1,
    0xff, 0xf6, 0x4f, 0xfd, 0x0, 0x1f, 0xfc, 0x67,
    0xff, 0xc4, 0x1, 0xff, 0xff, 0x0, 0xff, 0xff,
    0x80, 0x7f, 0xff, 0xc0, 0x3f, 0xff, 0xe0, 0x1f,
    0xff, 0xf0, 0xf, 0xff, 0xf8, 0x7, 0xff, 0xfc,
    0x3, 0xff, 0x86, 0xe0, 0x18, 0x40, 0x3f, 0xf8,
    0xde, 0x1, 0xc2, 0x1, 0x8c, 0x3, 0xff, 0x8c,
    0x20, 0x18, 0xcc, 0x1, 0x84, 0x3, 0xff, 0x8c,
    0x60, 0x18, 0x44, 0x1, 0x94, 0x3, 0xff, 0x8c,
    0xe0, 0x10, 0x80, 0xc, 0x2, 0x12, 0x0, 0xff,
    0xe2, 0x9, 0x0, 0x4a, 0x0, 0x40, 0xc, 0xa0,
    0x1f, 0xfc, 0x47, 0x0, 0xd8, 0x0, 0xc0, 0xd,
    0x20, 0x1f, 0xfc, 0x4b, 0x0, 0xc8, 0x0, 0x42,
    0x0, 0x86, 0x40, 0x3f, 0xf8, 0x50, 0x40, 0x11,
    0x98, 0x2, 0xb0, 0xc, 0xd0, 0x1, 0xff, 0xc0,
    0x77, 0x0, 0x69, 0x0, 0xcc, 0x60, 0x19, 0xec,
    0xc0, 0x3f, 0x1d, 0xc0, 0x6, 0x45, 0x0, 0xed,
    0x10, 0xc, 0x99, 0xb2, 0xea, 0xa7, 0x9d, 0xc4,
    0x0, 0xc3, 0x40, 0x1e, 0x1d, 0x10, 0xe, 0x26,
    0x8a, 0xa4, 0x31, 0x0, 0x71, 0x60, 0x80, 0x7c,
    0x7e, 0x60, 0x1f, 0xfc, 0x44, 0xc2, 0x0, 0xfe,
    0x1c, 0xb3, 0x0, 0xff, 0xe0, 0x1d, 0xd8, 0x40,
    0x3f, 0xf8, 0x9, 0x9b, 0x2a, 0x42, 0x0, 0x12,
    0x59, 0xdc, 0x40, 0xf, 0x80,

    /* U+00DC "Ü" */
    0x0, 0xfc, 0x37, 0xf8, 0x40, 0x18, 0x6f, 0xec,
    0x40, 0x3f, 0xf8, 0x96, 0x80, 0x72, 0x1, 0xa9,
    0x1, 0x2c, 0x3, 0xff, 0x88, 0xe0, 0x12, 0x0,
    0x65, 0x0, 0x90, 0x3, 0xff, 0x88, 0xe0, 0x12,
    0x0, 0x65, 0x0, 0x90, 0x3, 0xff, 0x89, 0x68,
    0x7, 0x20, 0x1a, 0x50, 0x12, 0xc0, 0x3f, 0xf8,
    0x83, 0x7f, 0x84, 0x1, 0x8a, 0xfe, 0xc4, 0x3,
    0xff, 0xfe, 0x1, 0xff, 0xcb, 0x4f, 0xfd, 0x0,
    0x1f, 0xfc, 0x67, 0xff, 0xc4, 0x1, 0xff, 0xff,
    0x0, 0xff, 0xff, 0x80, 0x7f, 0xff, 0xc0, 0x3f,
    0xff, 0xe0, 0x1f, 0xff, 0xf0, 0xf, 0xff, 0xf8,
    0x7, 0xff, 0xfc, 0x3, 0xff, 0x86, 0xe0, 0x18,
    0x40, 0x3f, 0xf8, 0xde, 0x1, 0xc2, 0x1, 0x8c,
    0x3, 0xff, 0x8c, 0x20, 0x18, 0xcc, 0x1, 0x84,
    0x3, 0xff, 0x8c, 0x60, 0x18, 0x44, 0x1, 0x94,
    0x3, 0xff, 0x8c, 0xe0, 0x10, 0x80, 0xc, 0x2,
    0x12, 0x0, 0xff, 0xe2, 0x9, 0x0, 0x4a, 0x0,
    0x40, 0xc, 0xa0, 0x1f, 0xfc, 0x47, 0x0, 0xd8,
    0x0, 0xc0, 0xd, 0x20, 0x1f, 0xfc, 0x4b, 0x0,
    0xc8, 0x0, 0x42, 0x0, 0x86, 0x40, 0x3f, 0xf8,
    0x50, 0x40, 0x11, 0x98, 0x2, 0xb0, 0xc, 0xd0,
    0x1, 0xff, 0xc0, 0x77, 0x0, 0x69, 0x0, 0xcc,
    0x60, 0x19, 0xec, 0xc0, 0x3f, 0x1d, 0xc0, 0x6,
    0x45, 0x0, 0xed, 0x10, 0xc, 0x99, 0xb2, 0xea,
    0xa7, 0x9d, 0xc4, 0x0, 0xc3, 0x40, 0x1e, 0x1d,
    0x10, 0xe, 0x26, 0x8a, 0xa4, 0x31, 0x0, 0x71,
    0x60, 0x80, 0x7c, 0x7e, 0x60, 0x1f, 0xfc, 0x44,
    0xc2, 0x0, 0xfe, 0x1c, 0xb3, 0x0, 0xff, 0xe0,
    0x1d, 0xd8, 0x40, 0x3f, 0xf8, 0x9, 0x9b, 0x2a,
    0x42, 0x0, 0x12, 0x59, 0xdc, 0x40, 0xf, 0x80,

    /* U+00DD "Ý" */
    0x0, 0xff, 0xe3, 0x17, 0x7f, 0xea, 0x0, 0xff,
    0xe6, 0x9e, 0x8, 0x5, 0x54, 0x0, 0xff, 0xe6,
    0x26, 0x8, 0x0, 0xb5, 0x40, 0x3f, 0xf9, 0x8b,
    0x60, 0x13, 0x69, 0x0, 0x7f, 0xf3, 0x1a, 0x80,
    0x2a, 0x90, 0xf, 0xfe, 0x6c, 0x48, 0x0, 0xf5,
    0x40, 0x3f, 0xf9, 0xd1, 0xff, 0x61, 0x0, 0x7f,
    0xff, 0xc0, 0x3d, 0xbf, 0xf8, 0xc0, 0x3f, 0xf9,
    0x19, 0xff, 0x70, 0x2, 0x40, 0x37, 0x0, 0x7f,
    0xf1, 0xd8, 0xc0, 0x2b, 0x0, 0x22, 0x80, 0x44,
    0xe0, 0x1f, 0xfc, 0x51, 0x80, 0x9, 0x14, 0x2,
    0xb0, 0xd, 0x2, 0x1, 0xff, 0xc4, 0x81, 0x0,
    0xa4, 0x3, 0xc, 0x0, 0x6b, 0x0, 0xff, 0xe1,
    0x9b, 0x0, 0x4e, 0x40, 0x1c, 0xe4, 0x1, 0x2a,
    0x0, 0x7f, 0xf0, 0xbc, 0x2, 0x18, 0x0, 0xfa,
    0x40, 0x34, 0x80, 0x7f, 0xf0, 0x58, 0xc0, 0x2b,
    0x0, 0xfc, 0x8a, 0x1, 0x13, 0x80, 0x7f, 0xc3,
    0x20, 0x12, 0x28, 0x7, 0xf5, 0x80, 0x68, 0x10,
    0xf, 0xf5, 0x80, 0x69, 0x0, 0xff, 0xc, 0x0,
    0x6b, 0x0, 0xfe, 0x35, 0x0, 0x9c, 0x80, 0x3f,
    0xe7, 0x20, 0x9, 0x50, 0x3, 0xf7, 0x0, 0x43,
    0x0, 0x1f, 0xfc, 0x19, 0x0, 0xd2, 0x1, 0xf3,
    0x90, 0x5, 0x60, 0x1f, 0xfc, 0x24, 0x50, 0x8,
    0x9c, 0x3, 0x86, 0x0, 0x24, 0x50, 0xf, 0xfe,
    0x1d, 0x80, 0x68, 0x10, 0xd, 0x60, 0x1a, 0x40,
    0x3f, 0xf8, 0x83, 0x0, 0x1a, 0xc0, 0x24, 0x50,
    0x9, 0xc8, 0x3, 0xff, 0x8a, 0xe4, 0x1, 0x2a,
    0x0, 0x24, 0x2, 0x18, 0x0, 0xff, 0xe3, 0xc8,
    0x6, 0x90, 0x72, 0x0, 0xa8, 0x3, 0xff, 0x90,
    0x8a, 0x1, 0x14, 0xc0, 0x4, 0x88, 0x0, 0xff,
    0xe4, 0xd8, 0x6, 0x60, 0xd, 0x20, 0x1f, 0xfc,
    0xa1, 0x80, 0xf, 0x9c, 0x80, 0x3f, 0xf9, 0x6e,
    0x40, 0x1c, 0x50, 0x1, 0xff, 0xcd, 0xe0, 0xe,
    0x90, 0xf, 0xfe, 0x71, 0x90, 0x4, 0x28, 0x1,
    0xff, 0xff, 0x0, 0xff, 0xff, 0x80, 0x7f, 0xff,
    0xc0, 0x3f, 0xff, 0xe0, 0x1f, 0xff, 0xf0,

    /* U+00DF "ß" */
    0x0, 0xf8, 0x9e, 0xf7, 0xfe, 0xdb, 0x71, 0x0,
    0xff, 0xe1, 0x1d, 0xec, 0x21, 0x0, 0x44, 0x91,
    0xd4, 0x20, 0x1f, 0xf3, 0xe2, 0x0, 0x7f, 0xcb,
    0xca, 0x1, 0xfd, 0x30, 0x1, 0xff, 0xc3, 0xa5,
    0x0, 0xf9, 0x98, 0x1, 0x85, 0xef, 0x7b, 0x6d,
    0x80, 0x3a, 0x88, 0x3, 0x86, 0x40, 0x33, 0x74,
    0x21, 0x9, 0x24, 0xf1, 0x80, 0x68, 0x0, 0xe9,
    0x0, 0xcd, 0x20, 0x1f, 0x87, 0x8, 0x2, 0x51,
    0x0, 0xcc, 0x1, 0xc, 0x80, 0x7f, 0xd0, 0x1,
    0x90, 0x2, 0x31, 0x0, 0xa4, 0x3, 0xff, 0x80,
    0xa0, 0x18, 0x80, 0x25, 0x0, 0xc8, 0x1, 0xff,
    0xc1, 0x10, 0xb, 0xc0, 0x2e, 0x0, 0xc6, 0x1,
    0xff, 0xc1, 0x10, 0xb, 0xc0, 0x21, 0x0, 0xff,
    0xe2, 0x98, 0x6, 0x30, 0xf, 0xfe, 0x4d, 0x0,
    0x64, 0x0, 0x8c, 0x3, 0xff, 0x88, 0x8c, 0x1,
    0x30, 0x7, 0xff, 0x21, 0x6c, 0x2, 0x28, 0x0,
    0xff, 0xe2, 0x9, 0xb6, 0x50, 0x6, 0xf1, 0x0,
    0xff, 0xe1, 0xd7, 0x64, 0x98, 0x4, 0x5a, 0x40,
    0x1f, 0xfc, 0xda, 0x10, 0xf, 0xfe, 0x61, 0x3f,
    0x38, 0x7, 0xff, 0xc, 0xc0, 0x3f, 0xd1, 0x40,
    0x1f, 0xfc, 0x29, 0xff, 0xd9, 0x24, 0x1, 0x96,
    0x40, 0x3f, 0xf8, 0xc6, 0xdb, 0x20, 0x19, 0x90,
    0x3, 0xff, 0x90, 0xd4, 0x1, 0xa0, 0x3, 0xff,
    0x92, 0xa8, 0x1, 0x18, 0x80, 0x7f, 0xf2, 0x74,
    0x3, 0x28, 0x7, 0xff, 0x24, 0x80, 0x30, 0x80,
    0x7f, 0xf9, 0x8, 0x3, 0x8, 0x7, 0xff, 0x26,
    0x80, 0x32, 0x80, 0x7f, 0xf2, 0x18, 0xc0, 0x22,
    0x10, 0xf, 0xfe, 0x3b, 0xc8, 0x6, 0xb0, 0xf,
    0xfa, 0x54, 0xc4, 0x44, 0x8f, 0xb0, 0x1, 0x8d,
    0x80, 0x3f, 0xc6, 0xd5, 0x9d, 0xcd, 0xb8, 0x20,
    0xc, 0x5a, 0x1, 0xff, 0x30, 0x7, 0xff, 0x0,
    0xf0, 0x40, 0x3f, 0xed, 0x0, 0xff, 0xc, 0xe0,
    0x80, 0x7f, 0xf0, 0x35, 0x8, 0x40, 0x21, 0x36,
    0xbe, 0x60, 0xe,

    /* U+00E0 "à" */
    0x0, 0x93, 0xbf, 0xf4, 0x0, 0x7f, 0xf1, 0x13,
    0x8, 0x2, 0x78, 0x0, 0xff, 0xe2, 0x16, 0xa8,
    0x4, 0xf2, 0x1, 0xff, 0xc5, 0xa8, 0x0, 0x9a,
    0x40, 0x3f, 0xf8, 0xaf, 0x62, 0x0, 0x69, 0x0,
    0xff, 0xe2, 0xa6, 0x10, 0x1, 0xa4, 0x3, 0xff,
    0x8a, 0x5b, 0x31, 0xe, 0x20, 0xf, 0xfe, 0x33,
    0x3b, 0xc4, 0x1, 0xff, 0xef, 0x48, 0xbd, 0xef,
    0xf6, 0xdc, 0x18, 0x7, 0xf1, 0x4f, 0xdb, 0xa1,
    0x8, 0x0, 0x91, 0xf3, 0x8, 0x1, 0xe9, 0xd6,
    0x0, 0xff, 0xe0, 0x1d, 0xc0, 0x6, 0xa6, 0x0,
    0xff, 0xe2, 0x3b, 0x80, 0x29, 0x0, 0xc4, 0xd5,
    0xbd, 0xcd, 0xa6, 0x0, 0xe8, 0x20, 0x1, 0xa8,
    0x1d, 0xec, 0xa9, 0x8, 0x89, 0x67, 0x48, 0x3,
    0x40, 0x5, 0x10, 0xc4, 0x0, 0xfe, 0x2f, 0x0,
    0xca, 0x1, 0x13, 0x80, 0x7f, 0xf0, 0x9, 0xc0,
    0x31, 0x80, 0x7f, 0xf1, 0x70, 0x3, 0x28, 0x7,
    0xff, 0x15, 0x80, 0x30, 0x80, 0x7f, 0xf1, 0x4c,
    0x3, 0x78, 0x7, 0x24, 0xe7, 0x7f, 0xfe, 0xe0,
    0xf, 0xcd, 0xd6, 0xc6, 0x20, 0x1f, 0xfc, 0x49,
    0x90, 0x80, 0x7f, 0xf1, 0xdd, 0x80, 0x31, 0xbc,
    0xd5, 0x7d, 0x20, 0x1e, 0x90, 0xd, 0x79, 0xc,
    0xab, 0xf3, 0x80, 0x72, 0x88, 0x5, 0x28, 0x1,
    0xff, 0xc4, 0x20, 0xc, 0xc0, 0x1f, 0xfc, 0x5e,
    0x0, 0xff, 0xe2, 0x20, 0x7, 0x70, 0x6, 0x20,
    0xf, 0xf0, 0xd8, 0x7, 0x18, 0x6, 0x80, 0xf,
    0xe1, 0xd1, 0x0, 0xe4, 0x10, 0x9, 0x68, 0x80,
    0x38, 0x5f, 0xcc, 0x3, 0xeb, 0x0, 0xcb, 0xba,
    0xa9, 0xac, 0xe8, 0x10, 0x11, 0x0, 0x72, 0xc0,
    0x7, 0x12, 0xb2, 0x98, 0x4, 0x38, 0x60, 0x1e,
    0x7b, 0x20, 0xf, 0xf2, 0xf9, 0x0, 0x7e, 0x4d,
    0xb6, 0x31, 0x0, 0x12, 0x46, 0xd0, 0x80, 0x78,

    /* U+00E1 "á" */
    0x0, 0xff, 0xe1, 0x4f, 0xfe, 0xe3, 0x0, 0xff,
    0xe1, 0xcb, 0x0, 0x47, 0xe6, 0x1, 0xff, 0xc2,
    0x96, 0x0, 0x9b, 0x4, 0x3, 0xff, 0x85, 0x4c,
    0x1, 0x4c, 0x80, 0x3f, 0xf8, 0x74, 0xa0, 0x1,
    0xc6, 0x0, 0xff, 0xe1, 0xd2, 0x80, 0xf, 0xcc,
    0x3, 0xff, 0x86, 0x5b, 0x10, 0x9c, 0x10, 0xf,
    0xfe, 0x21, 0x3b, 0xcc, 0x1, 0xff, 0xf2, 0x48,
    0xbd, 0xef, 0xf6, 0xdc, 0x18, 0x7, 0xf1, 0x4f,
    0xdb, 0xa1, 0x8, 0x0, 0x91, 0xf3, 0x8, 0x1,
    0xe9, 0xd6, 0x0, 0xff, 0xe0, 0x1d, 0xc0, 0x6,
    0xa6, 0x0, 0xff, 0xe2, 0x3b, 0x80, 0x29, 0x0,
    0xc4, 0xd5, 0xbd, 0xcd, 0xa6, 0x0, 0xe8, 0x20,
    0x1, 0xa8, 0x1d, 0xec, 0xa9, 0x8, 0x89, 0x67,
    0x48, 0x3, 0x40, 0x5, 0x10, 0xc4, 0x0, 0xfe,
    0x2f, 0x0, 0xca, 0x1, 0x13, 0x80, 0x7f, 0xf0,
    0x9, 0xc0, 0x31, 0x80, 0x7f, 0xf1, 0x70, 0x3,
    0x28, 0x7, 0xff, 0x15, 0x80, 0x30, 0x80, 0x7f,
    0xf1, 0x4c, 0x3, 0x78, 0x7, 0x24, 0xe7, 0x7f,
    0xfe, 0xe0, 0xf, 0xcd, 0xd6, 0xc6, 0x20, 0x1f,
    0xfc, 0x49, 0x90, 0x80, 0x7f, 0xf1, 0xdd, 0x80,
    0x31, 0xbc, 0xd5, 0x7d, 0x20, 0x1e, 0x90, 0xd,
    0x79, 0xc, 0xab, 0xf3, 0x80, 0x72, 0x88, 0x5,
    0x28, 0x1, 0xff, 0xc4, 0x20, 0xc, 0xc0, 0x1f,
    0xfc, 0x5e, 0x0, 0xff, 0xe2, 0x20, 0x7, 0x70,
    0x6, 0x20, 0xf, 0xf0, 0xd8, 0x7, 0x18, 0x6,
    0x80, 0xf, 0xe1, 0xd1, 0x0, 0xe4, 0x10, 0x9,
    0x68, 0x80, 0x38, 0x5f, 0xcc, 0x3, 0xeb, 0x0,
    0xcb, 0xba, 0xa9, 0xac, 0xe8, 0x10, 0x11, 0x0,
    0x72, 0xc0, 0x7, 0x12, 0xb2, 0x98, 0x4, 0x38,
    0x60, 0x1e, 0x7b, 0x20, 0xf, 0xf2, 0xf9, 0x0,
    0x7e, 0x4d, 0xb6, 0x31, 0x0, 0x12, 0x46, 0xd0,
    0x80, 0x78,

    /* U+00E2 "â" */
    0x0, 0xfe, 0xbf, 0xfd, 0x40, 0x1f, 0xfc, 0x4b,
    0x40, 0xc, 0xb4, 0x1, 0xff, 0xc2, 0xb4, 0x0,
    0x8, 0x80, 0xb, 0x40, 0x1f, 0xfc, 0xa, 0x40,
    0x1, 0x7e, 0x10, 0x1, 0x68, 0x3, 0xfd, 0x4a,
    0x0, 0x4c, 0x12, 0xc3, 0x0, 0x2c, 0x80, 0x7e,
    0xa5, 0x0, 0x35, 0x88, 0x0, 0x71, 0x40, 0xd,
    0x20, 0x1e, 0x2d, 0x88, 0x54, 0x80, 0x7a, 0xa6,
    0x21, 0xc4, 0x1, 0xc4, 0xef, 0x28, 0x7, 0xe6,
    0x77, 0x88, 0x3, 0xff, 0xd4, 0x91, 0x7b, 0xdf,
    0xed, 0xb8, 0x30, 0xf, 0xe2, 0x9f, 0xb7, 0x42,
    0x10, 0x1, 0x23, 0xe6, 0x10, 0x3, 0xd3, 0xac,
    0x1, 0xff, 0xc0, 0x3b, 0x80, 0xd, 0x4c, 0x1,
    0xff, 0xc4, 0x77, 0x0, 0x52, 0x1, 0x89, 0xab,
    0x7b, 0x9b, 0x4c, 0x1, 0xd0, 0x40, 0x3, 0x50,
    0x3b, 0xd9, 0x52, 0x11, 0x12, 0xce, 0x90, 0x6,
    0x80, 0xa, 0x21, 0x88, 0x1, 0xfc, 0x5e, 0x1,
    0x94, 0x2, 0x27, 0x0, 0xff, 0xe0, 0x13, 0x80,
    0x63, 0x0, 0xff, 0xe2, 0xe0, 0x6, 0x50, 0xf,
    0xfe, 0x2b, 0x0, 0x61, 0x0, 0xff, 0xe2, 0x98,
    0x6, 0xf0, 0xe, 0x49, 0xce, 0xff, 0xfd, 0xc0,
    0x1f, 0x9b, 0xad, 0x8c, 0x40, 0x3f, 0xf8, 0x93,
    0x21, 0x0, 0xff, 0xe3, 0xbb, 0x0, 0x63, 0x79,
    0xaa, 0xfa, 0x40, 0x3d, 0x20, 0x1a, 0xf2, 0x19,
    0x57, 0xe7, 0x0, 0xe5, 0x10, 0xa, 0x50, 0x3,
    0xff, 0x88, 0x40, 0x19, 0x80, 0x3f, 0xf8, 0xbc,
    0x1, 0xff, 0xc4, 0x40, 0xe, 0xe0, 0xc, 0x40,
    0x1f, 0xe1, 0xb0, 0xe, 0x30, 0xd, 0x0, 0x1f,
    0xc3, 0xa2, 0x1, 0xc8, 0x20, 0x12, 0xd1, 0x0,
    0x70, 0xbf, 0x98, 0x7, 0xd6, 0x1, 0x97, 0x75,
    0x53, 0x59, 0xd0, 0x20, 0x22, 0x0, 0xe5, 0x80,
    0xe, 0x25, 0x65, 0x30, 0x8, 0x70, 0xc0, 0x3c,
    0xf6, 0x40, 0x1f, 0xe5, 0xf2, 0x0, 0xfc, 0x9b,
    0x6c, 0x62, 0x0, 0x24, 0x8d, 0xa1, 0x0, 0xf0,

    /* U+00E4 "ä" */
    0x0, 0xe1, 0xbf, 0xb1, 0x0, 0xc5, 0x9f, 0x62,
    0x1, 0xfd, 0x68, 0x9, 0x40, 0x1b, 0x8c, 0x12,
    0x0, 0x3f, 0x90, 0x2, 0x50, 0xc, 0x60, 0x12,
    0x0, 0x7f, 0x28, 0x4, 0xa0, 0x18, 0xc0, 0x27,
    0x0, 0xfe, 0xa4, 0x3, 0xa0, 0xd, 0xc6, 0x9,
    0x60, 0x1f, 0xc3, 0x7f, 0x82, 0x1, 0x8b, 0x3e,
    0xc4, 0x3, 0xff, 0xfe, 0x1, 0xff, 0xcf, 0x48,
    0xbd, 0xef, 0xf6, 0xdc, 0x18, 0x7, 0xf1, 0x4f,
    0xdb, 0xa1, 0x8, 0x0, 0x91, 0xf3, 0x8, 0x1,
    0xe9, 0xd6, 0x0, 0xff, 0xe0, 0x1d, 0xc0, 0x6,
    0xa6, 0x0, 0xff, 0xe2, 0x3b, 0x80, 0x29, 0x0,
    0xc4, 0xd5, 0xbd, 0xcd, 0xa6, 0x0, 0xe8, 0x20,
    0x1, 0xa8, 0x1d, 0xec, 0xa9, 0x8, 0x89, 0x67,
    0x48, 0x3, 0x40, 0x5, 0x10, 0xc4, 0x0, 0xfe,
    0x2f, 0x0, 0xca, 0x1, 0x13, 0x80, 0x7f, 0xf0,
    0x9, 0xc0, 0x31, 0x80, 0x7f, 0xf1, 0x70, 0x3,
    0x28, 0x7, 0xff, 0x15, 0x80, 0x30, 0x80, 0x7f,
    0xf1, 0x4c, 0x3, 0x78, 0x7, 0x24, 0xe7, 0x7f,
    0xfe, 0xe0, 0xf, 0xcd, 0xd6, 0xc6, 0x20, 0x1f,
    0xfc, 0x49, 0x90, 0x80, 0x7f, 0xf1, 0xdd, 0x80,
    0x31, 0xbc, 0xd5, 0x7d, 0x20, 0x1e, 0x90, 0xd,
    0x79, 0xc, 0xab, 0xf3, 0x80, 0x72, 0x88, 0x5,
    0x28, 0x1, 0xff, 0xc4, 0x20, 0xc, 0xc0, 0x1f,
    0xfc, 0x5e, 0x0, 0xff, 0xe2, 0x20, 0x7, 0x70,
    0x6, 0x20, 0xf, 0xf0, 0xd8, 0x7, 0x18, 0x6,
    0x80, 0xf, 0xe1, 0xd1, 0x0, 0xe4, 0x10, 0x9,
    0x68, 0x80, 0x38, 0x5f, 0xcc, 0x3, 0xeb, 0x0,
    0xcb, 0xba, 0xa9, 0xac, 0xe8, 0x10, 0x11, 0x0,
    0x72, 0xc0, 0x7, 0x12, 0xb2, 0x98, 0x4, 0x38,
    0x60, 0x1e, 0x7b, 0x20, 0xf, 0xf2, 0xf9, 0x0,
    0x7e, 0x4d, 0xb6, 0x31, 0x0, 0x12, 0x46, 0xd0,
    0x80, 0x78,

    /* U+00E6 "æ" */
    0x0, 0xf2, 0x45, 0xef, 0x7f, 0xbb, 0x20, 0xc0,
    0x3f, 0x92, 0x73, 0xbf, 0xdd, 0x6e, 0x40, 0x1f,
    0xf1, 0x4f, 0xdb, 0xa1, 0x8, 0x0, 0x4d, 0xf3,
    0x50, 0x3, 0x97, 0xad, 0x8c, 0x40, 0x2, 0x91,
    0xb6, 0x60, 0x1f, 0xa7, 0x58, 0x3, 0xff, 0x80,
    0x56, 0xe0, 0x1, 0xba, 0x10, 0xf, 0xf2, 0x64,
    0x0, 0x7a, 0x98, 0x3, 0xff, 0x89, 0xa, 0x38,
    0x80, 0x1f, 0xfc, 0x27, 0xa0, 0xe, 0x90, 0xc,
    0x4d, 0x5b, 0xdc, 0xda, 0x60, 0xe, 0xbc, 0x20,
    0xc, 0x95, 0xbd, 0xb8, 0xe2, 0x1, 0x96, 0x40,
    0x31, 0xa8, 0x1d, 0xec, 0xa9, 0x8, 0x89, 0x67,
    0x48, 0x2, 0x12, 0x0, 0x8f, 0x2d, 0x48, 0x48,
    0xe3, 0xa0, 0x3, 0x32, 0x80, 0x6b, 0x9c, 0x40,
    0xf, 0xe2, 0xc0, 0xf, 0x93, 0xc, 0x3, 0xf3,
    0xd8, 0x6, 0xb0, 0xc, 0x2c, 0x1, 0xff, 0xc0,
    0x17, 0x0, 0xe1, 0xb0, 0xf, 0xf9, 0x24, 0x2,
    0x16, 0x0, 0xff, 0xe3, 0x60, 0x7, 0x58, 0x7,
    0xff, 0x5, 0x8c, 0x2, 0xa0, 0xf, 0xfe, 0x33,
    0x0, 0x72, 0x80, 0x7f, 0xf0, 0xac, 0x2, 0x31,
    0x0, 0xff, 0xe2, 0x98, 0x6, 0x40, 0xf, 0xfe,
    0x1a, 0x0, 0x65, 0x0, 0xe4, 0x9c, 0xef, 0xff,
    0xdc, 0x1, 0x93, 0xff, 0xff, 0x87, 0x80, 0x18,
    0x80, 0x26, 0xeb, 0x63, 0x10, 0xf, 0xfe, 0xcd,
    0x48, 0x80, 0x7f, 0xf7, 0x1d, 0x40, 0x31, 0xbc,
    0xd5, 0x7d, 0x20, 0x18, 0xea, 0xbf, 0xf9, 0xe,
    0x12, 0x1, 0xaf, 0x21, 0x95, 0x7e, 0x70, 0xe,
    0x55, 0xff, 0xe4, 0xa, 0x88, 0x5, 0x28, 0x1,
    0xfe, 0x30, 0xc, 0x62, 0x1, 0xff, 0xc8, 0x20,
    0xc, 0xc0, 0x1f, 0xf3, 0x0, 0x74, 0x80, 0x7f,
    0xf2, 0x38, 0x3, 0xff, 0x89, 0x80, 0x1c, 0xe6,
    0x1, 0xff, 0xc7, 0xe0, 0xc, 0x40, 0x1f, 0xe1,
    0x70, 0xf, 0x69, 0x80, 0x7f, 0xf0, 0x26, 0xc0,
    0x32, 0x0, 0x69, 0x0, 0xfe, 0x1d, 0x0, 0xf8,
    0x71, 0xc0, 0x3f, 0x8f, 0x19, 0x24, 0x2, 0x32,
    0x0, 0x92, 0xc8, 0x3, 0xcd, 0xe6, 0x0, 0x1d,
    0x20, 0xd, 0x1d, 0x2a, 0x42, 0x46, 0xf9, 0x83,
    0x0, 0x33, 0x0, 0x2e, 0x0, 0xc9, 0xba, 0xa9,
    0xac, 0xf9, 0x10, 0xa, 0x8b, 0xc8, 0x3, 0xb,
    0x56, 0xf6, 0xe4, 0x18, 0x6, 0x14, 0x0, 0x8e,
    0x80, 0x38, 0x95, 0x94, 0xc0, 0x30, 0xda, 0x1,
    0x62, 0x0, 0x7f, 0xf0, 0xcf, 0xc8, 0x3, 0x2e,
    0x98, 0x7, 0xfc, 0xde, 0x80, 0x10, 0xdd, 0x18,
    0x7, 0xfc, 0x33, 0x82, 0x1, 0xe2, 0xcc, 0x3a,
    0x8, 0x4, 0x4b, 0x3d, 0x22, 0x1, 0xe5, 0xcd,
    0x84, 0x20, 0x8, 0x4d, 0xef, 0x98, 0x3, 0x80,

    /* U+00E7 "ç" */
    0x0, 0xfc, 0x71, 0x7b, 0xff, 0x6d, 0x30, 0x80,
    0x7f, 0xcb, 0x98, 0x74, 0x20, 0x8, 0x96, 0x7a,
    0x84, 0x3, 0xe1, 0xba, 0x30, 0xf, 0xf9, 0x79,
    0x40, 0x38, 0xb1, 0x0, 0x3f, 0xf8, 0x74, 0xc0,
    0x10, 0xe1, 0x0, 0x61, 0x7b, 0xde, 0xca, 0x40,
    0xe, 0x93, 0x0, 0x50, 0x80, 0x67, 0xe8, 0x42,
    0x13, 0x5b, 0xd3, 0x0, 0xd6, 0xc, 0x80, 0x1a,
    0xe0, 0x3, 0xf1, 0x62, 0x0, 0xd4, 0x5, 0x80,
    0x69, 0x40, 0xf, 0xfa, 0xdf, 0xd4, 0x10, 0x80,
    0x24, 0x60, 0xf, 0xfe, 0xc, 0x8, 0x3, 0x40,
    0x37, 0x80, 0x7f, 0xf1, 0x94, 0x3, 0x20, 0x7,
    0xff, 0x18, 0x80, 0x23, 0x0, 0xff, 0xe3, 0x88,
    0x4, 0xe0, 0x1f, 0xfd, 0xf1, 0x0, 0x9c, 0x3,
    0xff, 0x8e, 0x40, 0x11, 0x80, 0x7f, 0xf1, 0xd0,
    0x3, 0x20, 0x7, 0xff, 0x1a, 0xc0, 0x37, 0x80,
    0x7f, 0xf1, 0x8c, 0x80, 0x24, 0x60, 0xf, 0xfe,
    0xc, 0x8, 0x5, 0x0, 0x1a, 0x50, 0x3, 0xfe,
    0xb7, 0xf5, 0x0, 0x2a, 0x0, 0x6b, 0x80, 0xf,
    0xc5, 0x88, 0x3, 0x50, 0x0, 0xa2, 0x0, 0xcf,
    0xd0, 0x84, 0x26, 0xb7, 0xa6, 0x1, 0xa8, 0x0,
    0x3e, 0x40, 0x18, 0x5e, 0xf7, 0xb2, 0x90, 0x3,
    0xa8, 0x80, 0x22, 0xc5, 0x0, 0xff, 0xe1, 0xd,
    0xa8, 0x7, 0xd, 0x59, 0x80, 0x7f, 0xcd, 0xe8,
    0x1, 0xf9, 0x33, 0x10, 0x80, 0x18, 0x96, 0x7a,
    0x44, 0x3, 0xfe, 0x37, 0xb1, 0x4, 0xfd, 0xa6,
    0x10, 0xf, 0xfe, 0x19, 0x8, 0x60, 0x7, 0xff,
    0x21, 0x0, 0x15, 0x26, 0x1, 0xff, 0xc6, 0xc0,
    0x1, 0x36, 0x30, 0x7, 0xff, 0x16, 0xf6, 0xd4,
    0x1, 0x22, 0x1, 0xff, 0xc4, 0x12, 0x4a, 0x10,
    0x3, 0x80, 0x7f, 0xf2, 0xc4, 0x3, 0xff, 0x85,
    0x4a, 0x20, 0x30, 0x20, 0x3, 0x0, 0xff, 0xe0,
    0xa2, 0xd7, 0x7f, 0x38, 0x1, 0x10, 0x1, 0xff,
    0xc1, 0x30, 0xf, 0x96, 0xc0, 0x3f, 0xf8, 0x4f,
    0xb2, 0xec, 0xc9, 0xda, 0x0, 0xfc,

    /* U+00E8 "è" */
    0x0, 0xcf, 0xff, 0xca, 0x1, 0xff, 0xc7, 0x7b,
    0x10, 0xa, 0x94, 0x3, 0xff, 0x8e, 0x9e, 0x60,
    0x15, 0x28, 0x7, 0xff, 0x1c, 0x71, 0x40, 0x2a,
    0x50, 0xf, 0xfe, 0x45, 0x40, 0x5, 0x4a, 0x1,
    0xff, 0xc8, 0x7b, 0x10, 0x5, 0x30, 0x7, 0xff,
    0x21, 0x3e, 0x22, 0x10, 0xf, 0xfe, 0x48, 0xbb,
    0xe0, 0xf, 0xff, 0xd2, 0x4e, 0x77, 0xfb, 0xae,
    0x8, 0x3, 0xff, 0x84, 0xfd, 0x6c, 0x62, 0x0,
    0x14, 0x7d, 0xc3, 0x0, 0xff, 0x16, 0xc0, 0x80,
    0x7f, 0x8f, 0x20, 0x3, 0xf1, 0xe1, 0x0, 0x7f,
    0xf0, 0x9e, 0x80, 0x3c, 0x5a, 0x20, 0x19, 0xf3,
    0xfe, 0xea, 0x40, 0xc, 0xb2, 0x1, 0xde, 0x20,
    0x12, 0x74, 0x18, 0x4, 0x2b, 0x76, 0x10, 0x9,
    0x90, 0x2, 0x72, 0x0, 0x96, 0xc4, 0x3, 0xf2,
    0x60, 0x80, 0x52, 0x1, 0x48, 0x4, 0x54, 0x1,
    0xff, 0x15, 0x0, 0x44, 0xa0, 0x82, 0x1, 0x40,
    0x7, 0xff, 0x5, 0x10, 0x1, 0x78, 0x68, 0x4,
    0x2a, 0x1, 0xff, 0xc2, 0xd0, 0x9, 0x41, 0x40,
    0x25, 0x0, 0xff, 0xe1, 0xa0, 0x6, 0x22, 0x0,
    0x49, 0xff, 0xff, 0xc3, 0xd0, 0xc, 0xc2, 0x1,
    0xff, 0xcc, 0x10, 0xf, 0xfe, 0x70, 0x80, 0x47,
    0x99, 0xff, 0xc8, 0x52, 0x0, 0x88, 0xcf, 0xff,
    0x90, 0x8, 0x1, 0x9, 0x80, 0x7f, 0xf2, 0x30,
    0x3, 0x40, 0x7, 0xff, 0x21, 0x8, 0x2, 0x45,
    0x0, 0xff, 0xe4, 0x40, 0x6, 0xa4, 0x0, 0xff,
    0xe0, 0x4e, 0x0, 0x72, 0xa0, 0x6, 0xb8, 0x0,
    0xfe, 0x2b, 0x63, 0xa0, 0xe, 0xa2, 0x0, 0xcf,
    0xf2, 0xa6, 0x24, 0x6d, 0x7a, 0x80, 0x5, 0x70,
    0xc, 0x3e, 0x40, 0x1c, 0xd5, 0x9d, 0xb9, 0x28,
    0x1, 0x89, 0x40, 0x38, 0xb1, 0x40, 0x3f, 0xf8,
    0x67, 0x84, 0x1, 0xe1, 0xab, 0x30, 0xf, 0xf8,
    0xab, 0x4, 0x3, 0xf9, 0x33, 0x61, 0x8, 0x2,
    0x13, 0x7b, 0xd5, 0x0, 0xe0,

    /* U+00E9 "é" */
    0x0, 0xff, 0xe1, 0xe7, 0xfe, 0xc1, 0x0, 0xff,
    0xe2, 0x8e, 0x18, 0x4, 0xd8, 0x20, 0x1f, 0xfc,
    0x41, 0xd3, 0x0, 0xa6, 0x40, 0x1f, 0xfc, 0x51,
    0xd3, 0x0, 0xe, 0x30, 0x7, 0xff, 0x14, 0x74,
    0xc0, 0x7, 0xe6, 0x1, 0xff, 0xc5, 0x1c, 0x30,
    0x3, 0x60, 0x80, 0x7f, 0xf1, 0x96, 0xa2, 0x15,
    0x20, 0x1f, 0xfc, 0x84, 0x77, 0x94, 0x3, 0xff,
    0xf8, 0x93, 0x9d, 0xfe, 0xeb, 0x82, 0x0, 0xff,
    0xe1, 0x3f, 0x5b, 0x18, 0x80, 0x5, 0x1f, 0x70,
    0xc0, 0x3f, 0xc5, 0xb0, 0x20, 0x1f, 0xe3, 0xc8,
    0x0, 0xfc, 0x78, 0x40, 0x1f, 0xfc, 0x27, 0xa0,
    0xf, 0x16, 0x88, 0x6, 0x7c, 0xff, 0xba, 0x90,
    0x3, 0x2c, 0x80, 0x77, 0x88, 0x4, 0x9d, 0x6,
    0x1, 0xa, 0xdd, 0x84, 0x2, 0x64, 0x0, 0x9c,
    0x80, 0x25, 0xb1, 0x0, 0xfc, 0x98, 0x20, 0x14,
    0x80, 0x52, 0x1, 0x15, 0x0, 0x7f, 0xc5, 0x40,
    0x11, 0x28, 0x20, 0x80, 0x50, 0x1, 0xff, 0xc1,
    0x44, 0x0, 0x5e, 0x1a, 0x1, 0xa, 0x80, 0x7f,
    0xf0, 0xb4, 0x2, 0x50, 0x50, 0x9, 0x40, 0x3f,
    0xf8, 0x68, 0x1, 0x88, 0x80, 0x12, 0x7f, 0xff,
    0xf0, 0xf4, 0x3, 0x30, 0x80, 0x7f, 0xf3, 0x4,
    0x3, 0xff, 0x9c, 0x20, 0x11, 0xe6, 0x7f, 0xf2,
    0x14, 0x80, 0x22, 0x33, 0xff, 0xe4, 0x2, 0x0,
    0x42, 0x60, 0x1f, 0xfc, 0x8c, 0x0, 0xd0, 0x1,
    0xff, 0xc8, 0x42, 0x0, 0x91, 0x40, 0x3f, 0xf9,
    0x10, 0x1, 0xa9, 0x0, 0x3f, 0xf8, 0x13, 0x80,
    0x1c, 0xa8, 0x1, 0xae, 0x0, 0x3f, 0x8a, 0xd8,
    0xe8, 0x3, 0xa8, 0x80, 0x33, 0xfc, 0xa9, 0x89,
    0x1b, 0x5e, 0xa0, 0x1, 0x5c, 0x3, 0xf, 0x90,
    0x7, 0x35, 0x67, 0x6e, 0x4a, 0x0, 0x62, 0x50,
    0xe, 0x2c, 0x50, 0xf, 0xfe, 0x19, 0xe1, 0x0,
    0x78, 0x6a, 0xcc, 0x3, 0xfe, 0x2a, 0xc1, 0x0,
    0xfe, 0x4c, 0xd8, 0x42, 0x0, 0x84, 0xde, 0xf5,
    0x40, 0x38,

    /* U+00EA "ê" */
    0x0, 0xfe, 0x1d, 0xff, 0xcc, 0x1, 0xff, 0xc6,
    0x1c, 0x20, 0xd, 0x2c, 0x1, 0xff, 0xc4, 0x1c,
    0x20, 0x1, 0x0, 0x52, 0xc0, 0x1f, 0xfc, 0x21,
    0xc2, 0x0, 0x2e, 0xd8, 0x5, 0x2c, 0x1, 0xff,
    0xc0, 0x1c, 0x20, 0x3, 0x50, 0x26, 0x8, 0x2,
    0x58, 0x3, 0xfc, 0x38, 0x40, 0x9, 0x90, 0x4,
    0x7e, 0x40, 0x9, 0x60, 0xf, 0xe5, 0xa8, 0x85,
    0xb0, 0x7, 0xe, 0xc4, 0x42, 0x1, 0xfc, 0x8e,
    0xf2, 0x0, 0x7e, 0x77, 0xc0, 0x1f, 0xff, 0x54,
    0x9c, 0xef, 0xf7, 0x5c, 0x10, 0x7, 0xff, 0x9,
    0xfa, 0xd8, 0xc4, 0x0, 0x28, 0xfb, 0x86, 0x1,
    0xfe, 0x2d, 0x81, 0x0, 0xff, 0x1e, 0x40, 0x7,
    0xe3, 0xc2, 0x0, 0xff, 0xe1, 0x3d, 0x0, 0x78,
    0xb4, 0x40, 0x33, 0xe7, 0xfd, 0xd4, 0x80, 0x19,
    0x64, 0x3, 0xbc, 0x40, 0x24, 0xe8, 0x30, 0x8,
    0x56, 0xec, 0x20, 0x13, 0x20, 0x4, 0xe4, 0x1,
    0x2d, 0x88, 0x7, 0xe4, 0xc1, 0x0, 0xa4, 0x2,
    0x90, 0x8, 0xa8, 0x3, 0xfe, 0x2a, 0x0, 0x89,
    0x41, 0x4, 0x2, 0x80, 0xf, 0xfe, 0xa, 0x20,
    0x2, 0xf0, 0xd0, 0x8, 0x54, 0x3, 0xff, 0x85,
    0xa0, 0x12, 0x82, 0x80, 0x4a, 0x1, 0xff, 0xc3,
    0x40, 0xc, 0x44, 0x0, 0x93, 0xff, 0xff, 0x87,
    0xa0, 0x19, 0x84, 0x3, 0xff, 0x98, 0x20, 0x1f,
    0xfc, 0xe1, 0x0, 0x8f, 0x33, 0xff, 0x90, 0xa4,
    0x1, 0x11, 0x9f, 0xff, 0x20, 0x10, 0x2, 0x13,
    0x0, 0xff, 0xe4, 0x60, 0x6, 0x80, 0xf, 0xfe,
    0x42, 0x10, 0x4, 0x8a, 0x1, 0xff, 0xc8, 0x80,
    0xd, 0x48, 0x1, 0xff, 0xc0, 0x9c, 0x0, 0xe5,
    0x40, 0xd, 0x70, 0x1, 0xfc, 0x56, 0xc7, 0x40,
    0x1d, 0x44, 0x1, 0x9f, 0xe5, 0x4c, 0x48, 0xda,
    0xf5, 0x0, 0xa, 0xe0, 0x18, 0x7c, 0x80, 0x39,
    0xab, 0x3b, 0x72, 0x50, 0x3, 0x12, 0x80, 0x71,
    0x62, 0x80, 0x7f, 0xf0, 0xcf, 0x8, 0x3, 0xc3,
    0x56, 0x60, 0x1f, 0xf1, 0x56, 0x8, 0x7, 0xf2,
    0x66, 0xc2, 0x10, 0x4, 0x26, 0xf7, 0xaa, 0x1,
    0xc0,

    /* U+00EB "ë" */
    0x0, 0xf1, 0xef, 0xc8, 0x7, 0x26, 0xf4, 0x80,
    0x7f, 0xf0, 0x74, 0x81, 0x9c, 0x3, 0x59, 0xb,
    0x30, 0x3, 0xfe, 0x21, 0x0, 0xb4, 0x2, 0x30,
    0xd, 0xe0, 0x1f, 0xf1, 0x8, 0x5, 0xa0, 0x11,
    0x0, 0x6f, 0x0, 0xff, 0xe0, 0x69, 0x2, 0xb8,
    0x4, 0x36, 0x40, 0xcc, 0x0, 0xff, 0xe0, 0x1e,
    0xfd, 0x0, 0x72, 0x6f, 0xc8, 0x7, 0xff, 0xfc,
    0x3, 0xff, 0xc0, 0x93, 0x9d, 0xfe, 0xeb, 0x82,
    0x0, 0xff, 0xe1, 0x3f, 0x5b, 0x18, 0x80, 0x5,
    0x1f, 0x70, 0xc0, 0x3f, 0xc5, 0xb0, 0x20, 0x1f,
    0xe3, 0xc8, 0x0, 0xfc, 0x78, 0x40, 0x1f, 0xfc,
    0x27, 0xa0, 0xf, 0x16, 0x88, 0x6, 0x7c, 0xff,
    0xba, 0x90, 0x3, 0x2c, 0x80, 0x77, 0x88, 0x4,
    0x9d, 0x6, 0x1, 0xa, 0xdd, 0x84, 0x2, 0x64,
    0x0, 0x9c, 0x80, 0x25, 0xb1, 0x0, 0xfc, 0x98,
    0x20, 0x14, 0x80, 0x52, 0x1, 0x15, 0x0, 0x7f,
    0xc5, 0x40, 0x11, 0x28, 0x20, 0x80, 0x50, 0x1,
    0xff, 0xc1, 0x44, 0x0, 0x5e, 0x1a, 0x1, 0xa,
    0x80, 0x7f, 0xf0, 0xb4, 0x2, 0x50, 0x50, 0x9,
    0x40, 0x3f, 0xf8, 0x68, 0x1, 0x88, 0x80, 0x12,
    0x7f, 0xff, 0xf0, 0xf4, 0x3, 0x30, 0x80, 0x7f,
    0xf3, 0x4, 0x3, 0xff, 0x9c, 0x20, 0x11, 0xe6,
    0x7f, 0xf2, 0x14, 0x80, 0x22, 0x33, 0xff, 0xe4,
    0x2, 0x0, 0x42, 0x60, 0x1f, 0xfc, 0x8c, 0x0,
    0xd0, 0x1, 0xff, 0xc8, 0x42, 0x0, 0x91, 0x40,
    0x3f, 0xf9, 0x10, 0x1, 0xa9, 0x0, 0x3f, 0xf8,
    0x13, 0x80, 0x1c, 0xa8, 0x1, 0xae, 0x0, 0x3f,
    0x8a, 0xd8, 0xe8, 0x3, 0xa8, 0x80, 0x33, 0xfc,
    0xa9, 0x89, 0x1b, 0x5e, 0xa0, 0x1, 0x5c, 0x3,
    0xf, 0x90, 0x7, 0x35, 0x67, 0x6e, 0x4a, 0x0,
    0x62, 0x50, 0xe, 0x2c, 0x50, 0xf, 0xfe, 0x19,
    0xe1, 0x0, 0x78, 0x6a, 0xcc, 0x3, 0xfe, 0x2a,
    0xc1, 0x0, 0xfe, 0x4c, 0xd8, 0x42, 0x0, 0x84,
    0xde, 0xf5, 0x40, 0x38,

    /* U+00ED "í" */
    0x0, 0xe1, 0xdf, 0xfd, 0x62, 0x1, 0x87, 0x8,
    0x2, 0x7b, 0x10, 0x8, 0xb0, 0x80, 0x2b, 0x80,
    0xc, 0x58, 0x40, 0x2, 0xd4, 0x0, 0xc5, 0x82,
    0x0, 0x5d, 0x20, 0xc, 0x78, 0x20, 0x9, 0xa0,
    0xf, 0xaa, 0xed, 0xac, 0x1, 0xf1, 0xa2, 0x44,
    0x1, 0xff, 0xd7, 0xaf, 0xfc, 0x1, 0xff, 0xff,
    0x0, 0xff, 0xff, 0x80, 0x7f, 0xff, 0xc0, 0x3f,
    0xff, 0xe0, 0x1f, 0xfd, 0x40,

    /* U+00EE "î" */
    0x0, 0xed, 0xff, 0xc8, 0x1, 0xfd, 0x64, 0x1,
    0xa8, 0x80, 0x3e, 0x94, 0x0, 0x8, 0x0, 0x7c,
    0x40, 0x39, 0x98, 0x0, 0x2f, 0x70, 0x1, 0x50,
    0x6, 0x49, 0x0, 0x16, 0xc, 0x30, 0x1, 0x24,
    0x0, 0x54, 0x0, 0x2c, 0x10, 0x4, 0xb0, 0x1,
    0x98, 0x0, 0xab, 0xb6, 0x8, 0x6, 0x9b, 0xb8,
    0x80, 0x91, 0x21, 0x0, 0xf2, 0x26, 0x0, 0xff,
    0xed, 0x57, 0xfe, 0x0, 0xff, 0xff, 0x80, 0x7f,
    0xff, 0xc0, 0x3f, 0xff, 0xe0, 0x1f, 0xff, 0xf0,
    0xf, 0xff, 0xf8, 0x7, 0xff, 0x4c,

    /* U+00EF "ï" */
    0x3, 0xdf, 0x90, 0x9, 0x7b, 0x8e, 0x0, 0xd2,
    0x6, 0x60, 0xd, 0x8, 0xa0, 0xc4, 0x40, 0x17,
    0x81, 0x0, 0x65, 0x12, 0x0, 0xb0, 0x8, 0x3,
    0x28, 0x7a, 0x14, 0x28, 0xd, 0x99, 0x49, 0x81,
    0x5e, 0xb8, 0x4, 0x99, 0xac, 0x1, 0xff, 0xe0,
    0xaf, 0xfc, 0x1, 0xff, 0xff, 0x0, 0xff, 0xff,
    0x80, 0x7f, 0xff, 0xc0, 0x3f, 0xff, 0xe0, 0x1f,
    0xfd, 0x10,

    /* U+00F3 "ó" */
    0x0, 0xff, 0xe1, 0xb7, 0xff, 0x30, 0x7, 0xff,
    0x1d, 0xa4, 0x2, 0x1c, 0x60, 0xf, 0xfe, 0x33,
    0x48, 0x4, 0x7e, 0x60, 0x1f, 0xfc, 0x66, 0x90,
    0x9, 0xb0, 0x40, 0x3f, 0xf8, 0xcd, 0x20, 0x14,
    0xc8, 0x3, 0xff, 0x8e, 0xd2, 0x0, 0x1c, 0x60,
    0xf, 0xfe, 0x38, 0x8a, 0x22, 0xf3, 0x0, 0xff,
    0xe4, 0xb, 0xbe, 0x10, 0xf, 0xff, 0xf1, 0xc5,
    0xf7, 0xfb, 0xb6, 0x98, 0x40, 0x3f, 0xf8, 0x4b,
    0xb8, 0xe8, 0x20, 0x1, 0x25, 0x9e, 0x91, 0x0,
    0xff, 0xd, 0xd1, 0x0, 0x7f, 0xcd, 0xcc, 0x1,
    0xf8, 0xbd, 0x0, 0x3f, 0xf8, 0x73, 0x0, 0x1e,
    0x1c, 0x10, 0xc, 0x2f, 0x7b, 0xdb, 0x4a, 0x1,
    0xce, 0xe0, 0xe, 0xa1, 0x0, 0xd1, 0xd0, 0x84,
    0x24, 0xb5, 0xa4, 0x1, 0xa1, 0x0, 0x26, 0x40,
    0xd, 0x6e, 0x1, 0xf8, 0xb5, 0x40, 0x34, 0x80,
    0x56, 0x1, 0xa5, 0x0, 0x3f, 0xea, 0x20, 0x8,
    0x94, 0x10, 0x80, 0x24, 0x60, 0xf, 0xfe, 0xf,
    0x0, 0x6e, 0xd, 0x0, 0xde, 0x1, 0xff, 0xc2,
    0x33, 0x0, 0x48, 0xa, 0x1, 0x90, 0x3, 0xff,
    0x87, 0x60, 0x18, 0xc8, 0x2, 0x30, 0xf, 0xfe,
    0x21, 0x80, 0x65, 0x10, 0x9, 0xc0, 0x3f, 0xf8,
    0x8e, 0x1, 0x84, 0x3, 0xff, 0x9c, 0x22, 0x0,
    0x9c, 0x3, 0xff, 0x88, 0xe0, 0x1c, 0x40, 0x11,
    0x80, 0x7f, 0xf1, 0xc, 0x3, 0x2a, 0x0, 0x64,
    0x0, 0xff, 0xe1, 0xd8, 0x6, 0x3b, 0x0, 0xde,
    0x1, 0xff, 0xc2, 0x33, 0x0, 0x48, 0x6, 0x40,
    0x12, 0x30, 0x7, 0xff, 0x7, 0x80, 0x37, 0x0,
    0x20, 0x3, 0x4a, 0x0, 0x7f, 0xd6, 0x40, 0x11,
    0x28, 0x1, 0x50, 0x3, 0x5b, 0x80, 0x7e, 0x2d,
    0x40, 0xd, 0xc0, 0x1a, 0x88, 0x3, 0x47, 0x42,
    0x10, 0x92, 0xd6, 0x90, 0x6, 0x83, 0x0, 0xc3,
    0xe4, 0x1, 0x85, 0xef, 0x7b, 0x69, 0x40, 0x39,
    0xdc, 0x1, 0xe2, 0xc4, 0x0, 0xff, 0xe1, 0xd,
    0x40, 0x7, 0xe1, 0xba, 0x20, 0xf, 0xf9, 0xbd,
    0x40, 0x3f, 0xe5, 0xdc, 0x74, 0x10, 0x0, 0x92,
    0xcf, 0x48, 0x80, 0x78,

    /* U+00F4 "ô" */
    0x0, 0xff, 0x3f, 0xfe, 0xd1, 0x0, 0xff, 0xe3,
    0xbc, 0x0, 0x62, 0xc1, 0x0, 0xff, 0xe2, 0xbc,
    0x0, 0x44, 0x0, 0x2c, 0x10, 0xf, 0xfe, 0x1b,
    0xc0, 0x5, 0x7a, 0x80, 0x2, 0xc1, 0x0, 0xff,
    0xe0, 0xbc, 0x0, 0x7, 0x50, 0x2d, 0x80, 0x5,
    0xa2, 0x1, 0xff, 0x34, 0x0, 0xf, 0xc8, 0x2,
    0x98, 0x0, 0x1e, 0x88, 0x7, 0xf0, 0x8a, 0x21,
    0x38, 0x20, 0x1c, 0xf7, 0x10, 0xb5, 0x0, 0xfe,
    0x17, 0x79, 0x80, 0x3f, 0x23, 0xbc, 0x80, 0x1f,
    0xff, 0x73, 0x8b, 0xef, 0xf7, 0x6d, 0x30, 0x80,
    0x7f, 0xf0, 0x97, 0x71, 0xd0, 0x40, 0x2, 0x4b,
    0x3d, 0x22, 0x1, 0xfe, 0x1b, 0xa2, 0x0, 0xff,
    0x9b, 0x98, 0x3, 0xf1, 0x7a, 0x0, 0x7f, 0xf0,
    0xe6, 0x0, 0x3c, 0x38, 0x20, 0x18, 0x5e, 0xf7,
    0xb6, 0x94, 0x3, 0x9d, 0xc0, 0x1d, 0x42, 0x1,
    0xa3, 0xa1, 0x8, 0x49, 0x6b, 0x48, 0x3, 0x42,
    0x0, 0x4c, 0x80, 0x1a, 0xdc, 0x3, 0xf1, 0x6a,
    0x80, 0x69, 0x0, 0xac, 0x3, 0x4a, 0x0, 0x7f,
    0xd4, 0x40, 0x11, 0x28, 0x21, 0x0, 0x48, 0xc0,
    0x1f, 0xfc, 0x1e, 0x0, 0xdc, 0x1a, 0x1, 0xbc,
    0x3, 0xff, 0x84, 0x66, 0x0, 0x90, 0x14, 0x3,
    0x20, 0x7, 0xff, 0xe, 0xc0, 0x31, 0x90, 0x4,
    0x60, 0x1f, 0xfc, 0x43, 0x0, 0xca, 0x20, 0x13,
    0x80, 0x7f, 0xf1, 0x1c, 0x3, 0x8, 0x7, 0xff,
    0x38, 0x44, 0x1, 0x38, 0x7, 0xff, 0x11, 0xc0,
    0x38, 0x80, 0x23, 0x0, 0xff, 0xe2, 0x18, 0x6,
    0x54, 0x0, 0xc8, 0x1, 0xff, 0xc3, 0xb0, 0xc,
    0x76, 0x1, 0xbc, 0x3, 0xff, 0x84, 0x66, 0x0,
    0x90, 0xc, 0x80, 0x24, 0x60, 0xf, 0xfe, 0xf,
    0x0, 0x6e, 0x0, 0x40, 0x6, 0x94, 0x0, 0xff,
    0xac, 0x80, 0x22, 0x50, 0x2, 0xa0, 0x6, 0xb7,
    0x0, 0xfc, 0x5a, 0x80, 0x1b, 0x80, 0x35, 0x10,
    0x6, 0x8e, 0x84, 0x21, 0x25, 0xad, 0x20, 0xd,
    0x6, 0x1, 0x87, 0xc8, 0x3, 0xb, 0xde, 0xf6,
    0xd2, 0x80, 0x73, 0xb8, 0x3, 0xc5, 0x88, 0x1,
    0xff, 0xc2, 0x1a, 0x80, 0xf, 0xc3, 0x74, 0x40,
    0x1f, 0xf3, 0x7a, 0x80, 0x7f, 0xcb, 0xb8, 0xe8,
    0x20, 0x1, 0x25, 0x9e, 0x91, 0x0, 0xf0,

    /* U+00F6 "ö" */
    0x0, 0xfa, 0x7f, 0x4c, 0x3, 0xab, 0xf0, 0xc0,
    0x3f, 0xf8, 0x2e, 0xc0, 0x5a, 0x1, 0xa1, 0x40,
    0xf8, 0x3, 0xff, 0x83, 0xa0, 0x10, 0x90, 0x4,
    0x60, 0x11, 0x8, 0x7, 0xff, 0x3, 0x40, 0x21,
    0x20, 0x8, 0xc0, 0x21, 0x10, 0x7, 0xff, 0x1,
    0xd8, 0xa, 0x80, 0x34, 0x28, 0x16, 0x80, 0x7f,
    0xf0, 0xa7, 0xf5, 0x0, 0x3a, 0xbf, 0x4c, 0x3,
    0xff, 0xfe, 0x1, 0xff, 0xe4, 0x38, 0xbe, 0xff,
    0x76, 0xd3, 0x8, 0x7, 0xff, 0x9, 0x77, 0x1d,
    0x4, 0x0, 0x24, 0xb3, 0xd2, 0x20, 0x1f, 0xe1,
    0xba, 0x20, 0xf, 0xf9, 0xb9, 0x80, 0x3f, 0x17,
    0xa0, 0x7, 0xff, 0xe, 0x60, 0x3, 0xc3, 0x82,
    0x1, 0x85, 0xef, 0x7b, 0x69, 0x40, 0x39, 0xdc,
    0x1, 0xd4, 0x20, 0x1a, 0x3a, 0x10, 0x84, 0x96,
    0xb4, 0x80, 0x34, 0x20, 0x4, 0xc8, 0x1, 0xad,
    0xc0, 0x3f, 0x16, 0xa8, 0x6, 0x90, 0xa, 0xc0,
    0x34, 0xa0, 0x7, 0xfd, 0x44, 0x1, 0x12, 0x82,
    0x10, 0x4, 0x8c, 0x1, 0xff, 0xc1, 0xe0, 0xd,
    0xc1, 0xa0, 0x1b, 0xc0, 0x3f, 0xf8, 0x46, 0x60,
    0x9, 0x1, 0x40, 0x32, 0x0, 0x7f, 0xf0, 0xec,
    0x3, 0x19, 0x0, 0x46, 0x1, 0xff, 0xc4, 0x30,
    0xc, 0xa2, 0x1, 0x38, 0x7, 0xff, 0x11, 0xc0,
    0x30, 0x80, 0x7f, 0xf3, 0x84, 0x40, 0x13, 0x80,
    0x7f, 0xf1, 0x1c, 0x3, 0x88, 0x2, 0x30, 0xf,
    0xfe, 0x21, 0x80, 0x65, 0x40, 0xc, 0x80, 0x1f,
    0xfc, 0x3b, 0x0, 0xc7, 0x60, 0x1b, 0xc0, 0x3f,
    0xf8, 0x46, 0x60, 0x9, 0x0, 0xc8, 0x2, 0x46,
    0x0, 0xff, 0xe0, 0xf0, 0x6, 0xe0, 0x4, 0x0,
    0x69, 0x40, 0xf, 0xfa, 0xc8, 0x2, 0x25, 0x0,
    0x2a, 0x0, 0x6b, 0x70, 0xf, 0xc5, 0xa8, 0x1,
    0xb8, 0x3, 0x51, 0x0, 0x68, 0xe8, 0x42, 0x12,
    0x5a, 0xd2, 0x0, 0xd0, 0x60, 0x18, 0x7c, 0x80,
    0x30, 0xbd, 0xef, 0x6d, 0x28, 0x7, 0x3b, 0x80,
    0x3c, 0x58, 0x80, 0x1f, 0xfc, 0x21, 0xa8, 0x0,
    0xfc, 0x37, 0x44, 0x1, 0xff, 0x37, 0xa8, 0x7,
    0xfc, 0xbb, 0x8e, 0x82, 0x0, 0x12, 0x59, 0xe9,
    0x10, 0xf, 0x0,

    /* U+00F9 "ù" */
    0x0, 0x8b, 0x7f, 0xf5, 0x80, 0x7f, 0xf1, 0x8b,
    0x54, 0x2, 0x4b, 0x0, 0xff, 0xe3, 0xd4, 0x0,
    0x49, 0x80, 0x1f, 0xfc, 0x77, 0xb1, 0x0, 0x1e,
    0x0, 0x7f, 0xf1, 0xd3, 0xcc, 0x0, 0x78, 0x20,
    0x1f, 0xfc, 0x61, 0xc6, 0x0, 0x1e, 0x8, 0x7,
    0xff, 0x1e, 0x72, 0xed, 0x26, 0x1, 0xff, 0xc8,
    0x34, 0x48, 0x80, 0x3f, 0xfd, 0xfd, 0xff, 0x58,
    0x7, 0xff, 0xa, 0x3f, 0xf0, 0x80, 0x7f, 0xff,
    0xc0, 0x3f, 0xff, 0xe0, 0x1f, 0xff, 0xf0, 0xf,
    0xff, 0xf8, 0x7, 0xff, 0x34, 0xc0, 0x27, 0x0,
    0xff, 0xe1, 0x8, 0x7, 0xff, 0x30, 0x80, 0x38,
    0x40, 0x23, 0x0, 0xff, 0xe1, 0x20, 0x7, 0x30,
    0x6, 0x20, 0xf, 0xfe, 0x2, 0x80, 0x7b, 0x0,
    0x35, 0x80, 0x7f, 0xf0, 0x20, 0x3, 0xc8, 0x1,
    0x98, 0xc0, 0x3f, 0xd2, 0x40, 0x1e, 0x23, 0x0,
    0xda, 0x80, 0x1f, 0xd, 0xb0, 0x7, 0xe8, 0x0,
    0xc3, 0x78, 0xe8, 0x68, 0xd5, 0xc8, 0x1, 0xfc,
    0x90, 0x1, 0xc7, 0x17, 0x97, 0x2a, 0x1, 0xc,
    0x0, 0x7c, 0xf0, 0x1, 0xff, 0xc1, 0x1d, 0x30,
    0xf, 0xcf, 0x86, 0x1, 0xfe, 0x5f, 0x30, 0xf,
    0xf1, 0xe6, 0x1c, 0xc4, 0x0, 0x26, 0xfb, 0x42,
    0x1, 0xf0,

    /* U+00FA "ú" */
    0x0, 0xff, 0xe1, 0x3f, 0xff, 0x28, 0x7, 0xff,
    0x15, 0xe0, 0x2, 0x2d, 0x50, 0xf, 0xfe, 0x24,
    0x40, 0x2, 0x5d, 0x20, 0xf, 0xfe, 0x24, 0xb8,
    0x5, 0x34, 0x1, 0xff, 0xc5, 0x96, 0x0, 0xe,
    0x30, 0x7, 0xff, 0x16, 0x98, 0x0, 0x7e, 0x60,
    0x1f, 0xfc, 0x51, 0xeb, 0xbb, 0x4, 0x3, 0xff,
    0x8c, 0x28, 0x98, 0x3, 0xff, 0xe5, 0xdf, 0xf5,
    0x80, 0x7f, 0xf0, 0xa3, 0xff, 0x8, 0x7, 0xff,
    0xfc, 0x3, 0xff, 0xfe, 0x1, 0xff, 0xff, 0x0,
    0xff, 0xff, 0x80, 0x7f, 0xf3, 0x4c, 0x2, 0x70,
    0xf, 0xfe, 0x10, 0x80, 0x7f, 0xf3, 0x8, 0x3,
    0x84, 0x2, 0x30, 0xf, 0xfe, 0x12, 0x0, 0x73,
    0x0, 0x62, 0x0, 0xff, 0xe0, 0x28, 0x7, 0xb0,
    0x3, 0x58, 0x7, 0xff, 0x2, 0x0, 0x3c, 0x80,
    0x19, 0x8c, 0x3, 0xfd, 0x24, 0x1, 0xe2, 0x30,
    0xd, 0xa8, 0x1, 0xf0, 0xdb, 0x0, 0x7e, 0x80,
    0xc, 0x37, 0x8e, 0x86, 0x8d, 0x5c, 0x80, 0x1f,
    0xc9, 0x0, 0x1c, 0x71, 0x79, 0x72, 0xa0, 0x10,
    0xc0, 0x7, 0xcf, 0x0, 0x1f, 0xfc, 0x11, 0xd3,
    0x0, 0xfc, 0xf8, 0x60, 0x1f, 0xe5, 0xf3, 0x0,
    0xff, 0x1e, 0x61, 0xcc, 0x40, 0x2, 0x6f, 0xb4,
    0x20, 0x1f, 0x0,

    /* U+00FB "û" */
    0x0, 0xfe, 0x9f, 0xfd, 0x80, 0x1f, 0xfc, 0x69,
    0x60, 0xc, 0x78, 0x20, 0x1f, 0xfc, 0x39, 0x60,
    0x0, 0x90, 0x0, 0xf4, 0x40, 0x3f, 0xf8, 0x34,
    0xc0, 0x2, 0xcd, 0x40, 0x1, 0xe0, 0x80, 0x7f,
    0xd4, 0xa0, 0x3, 0xc2, 0xb, 0x70, 0x1, 0x60,
    0x80, 0x7f, 0x52, 0x80, 0x1b, 0x4, 0x2, 0x89,
    0x0, 0x16, 0x8, 0x7, 0xc3, 0xd7, 0x6c, 0x90,
    0xf, 0x36, 0xdd, 0xa4, 0xc0, 0x3e, 0x14, 0x48,
    0xc0, 0x3f, 0x12, 0x24, 0x40, 0x1f, 0xfe, 0xae,
    0xff, 0xac, 0x3, 0xff, 0x85, 0x1f, 0xf8, 0x40,
    0x3f, 0xff, 0xe0, 0x1f, 0xff, 0xf0, 0xf, 0xff,
    0xf8, 0x7, 0xff, 0xfc, 0x3, 0xff, 0x9a, 0x60,
    0x13, 0x80, 0x7f, 0xf0, 0x84, 0x3, 0xff, 0x98,
    0x40, 0x1c, 0x20, 0x11, 0x80, 0x7f, 0xf0, 0x90,
    0x3, 0x98, 0x3, 0x10, 0x7, 0xff, 0x1, 0x40,
    0x3d, 0x80, 0x1a, 0xc0, 0x3f, 0xf8, 0x10, 0x1,
    0xe4, 0x0, 0xcc, 0x60, 0x1f, 0xe9, 0x20, 0xf,
    0x11, 0x80, 0x6d, 0x40, 0xf, 0x86, 0xd8, 0x3,
    0xf4, 0x0, 0x61, 0xbc, 0x74, 0x34, 0x6a, 0xe4,
    0x0, 0xfe, 0x48, 0x0, 0xe3, 0x8b, 0xcb, 0x95,
    0x0, 0x86, 0x0, 0x3e, 0x78, 0x0, 0xff, 0xe0,
    0x8e, 0x98, 0x7, 0xe7, 0xc3, 0x0, 0xff, 0x2f,
    0x98, 0x7, 0xf8, 0xf3, 0xe, 0x62, 0x0, 0x13,
    0x7d, 0xa1, 0x0, 0xf8,

    /* U+00FC "ü" */
    0x0, 0xf5, 0x7e, 0x10, 0x6, 0x1a, 0xfc, 0x20,
    0xf, 0xfa, 0x14, 0xf, 0xc0, 0x34, 0x28, 0x1f,
    0x0, 0x7f, 0xc6, 0x1, 0x10, 0x80, 0x48, 0x1,
    0x18, 0x7, 0xfc, 0x60, 0x11, 0x8, 0x4, 0xe0,
    0x11, 0x80, 0x7f, 0xd0, 0xa0, 0x5c, 0x1, 0xad,
    0x0, 0xf8, 0x3, 0xff, 0x81, 0x5f, 0xa6, 0x1,
    0x86, 0xff, 0x8, 0x3, 0xff, 0xfe, 0x1, 0xff,
    0xd3, 0xef, 0xfa, 0xc0, 0x3f, 0xf8, 0x51, 0xff,
    0x84, 0x3, 0xff, 0xfe, 0x1, 0xff, 0xff, 0x0,
    0xff, 0xff, 0x80, 0x7f, 0xff, 0xc0, 0x3f, 0xf9,
    0xa6, 0x1, 0x38, 0x7, 0xff, 0x8, 0x40, 0x3f,
    0xf9, 0x84, 0x1, 0xc2, 0x1, 0x18, 0x7, 0xff,
    0x9, 0x0, 0x39, 0x80, 0x31, 0x0, 0x7f, 0xf0,
    0x14, 0x3, 0xd8, 0x1, 0xac, 0x3, 0xff, 0x81,
    0x0, 0x1e, 0x40, 0xc, 0xc6, 0x1, 0xfe, 0x92,
    0x0, 0xf1, 0x18, 0x6, 0xd4, 0x0, 0xf8, 0x6d,
    0x80, 0x3f, 0x40, 0x6, 0x1b, 0xc7, 0x43, 0x46,
    0xae, 0x40, 0xf, 0xe4, 0x80, 0xe, 0x38, 0xbc,
    0xb9, 0x50, 0x8, 0x60, 0x3, 0xe7, 0x80, 0xf,
    0xfe, 0x8, 0xe9, 0x80, 0x7e, 0x7c, 0x30, 0xf,
    0xf2, 0xf9, 0x80, 0x7f, 0x8f, 0x30, 0xe6, 0x20,
    0x1, 0x37, 0xda, 0x10, 0xf, 0x80,

    /* U+00FD "ý" */
    0x0, 0xff, 0xe2, 0xe7, 0xfe, 0xc1, 0x0, 0xff,
    0xe4, 0xe, 0x18, 0x4, 0xd8, 0x20, 0x1f, 0xfc,
    0x71, 0xc3, 0x0, 0xaa, 0x40, 0x3f, 0xf9, 0x3,
    0x84, 0x0, 0x2c, 0x50, 0xf, 0xfe, 0x40, 0xe1,
    0x0, 0x13, 0xc, 0x3, 0xff, 0x90, 0x5e, 0x40,
    0x8, 0xb1, 0x0, 0xff, 0xe4, 0x8d, 0x5d, 0xb5,
    0xc0, 0x3f, 0xf9, 0x66, 0x89, 0x10, 0x7, 0xff,
    0xf7, 0x7f, 0xee, 0x0, 0xff, 0xe2, 0xef, 0xfd,
    0x40, 0xb, 0x0, 0x85, 0x40, 0x3f, 0xf8, 0x68,
    0x40, 0x14, 0x80, 0x18, 0x3, 0x48, 0x7, 0xff,
    0xf, 0xc0, 0x23, 0x30, 0x4, 0xe0, 0x11, 0x98,
    0x3, 0xff, 0x82, 0x48, 0x1, 0x48, 0x6, 0x90,
    0xd, 0x20, 0x1f, 0xfc, 0x1b, 0x0, 0x85, 0x40,
    0x30, 0xa8, 0x4, 0xa2, 0x1, 0xff, 0xb, 0x0,
    0x52, 0x1, 0xe9, 0x0, 0xd2, 0x1, 0xff, 0x30,
    0x6, 0x70, 0xf, 0x19, 0x80, 0x26, 0x0, 0xff,
    0xa4, 0x2, 0x60, 0xf, 0xd2, 0x1, 0xb, 0x0,
    0x7f, 0x28, 0x80, 0x56, 0x1, 0xf9, 0x44, 0x2,
    0xb0, 0xf, 0xe9, 0x0, 0x94, 0x80, 0x3f, 0xa4,
    0x2, 0x24, 0x0, 0xf8, 0xcc, 0x1, 0x48, 0x7,
    0xf9, 0xc0, 0x37, 0x80, 0x7d, 0x20, 0x11, 0x98,
    0x3, 0xfe, 0x70, 0x9, 0x8, 0x3, 0x85, 0x40,
    0x29, 0x0, 0xff, 0xe0, 0x50, 0x6, 0xb0, 0xe,
    0x90, 0x8, 0x54, 0x3, 0xff, 0x80, 0x4a, 0x1,
    0x30, 0x80, 0x66, 0x0, 0xa4, 0x3, 0xff, 0x85,
    0x20, 0x19, 0x80, 0x26, 0x10, 0x9, 0x80, 0x3f,
    0xf8, 0x46, 0x60, 0xa, 0x40, 0x2b, 0x0, 0x98,
    0x40, 0x3f, 0xf8, 0x72, 0x1, 0xa, 0x82, 0x10,
    0x5, 0x60, 0x1f, 0xfc, 0x45, 0x10, 0xa, 0x43,
    0xc0, 0x24, 0x20, 0xf, 0xfe, 0x2c, 0x80, 0x46,
    0xa8, 0x1, 0x78, 0x7, 0xff, 0x19, 0x80, 0x35,
    0x0, 0x44, 0x80, 0x1f, 0xfc, 0x61, 0x60, 0xf,
    0xac, 0x3, 0xff, 0x91, 0x60, 0x1e, 0x16, 0x0,
    0xff, 0xe4, 0x12, 0x0, 0x73, 0x0, 0x7f, 0xf2,
    0xa0, 0x3, 0xa4, 0x3, 0xff, 0x94, 0x60, 0x19,
    0x44, 0x3, 0xff, 0x94, 0xc0, 0x1a, 0x40, 0x3f,
    0xf9, 0x76, 0x1, 0x21, 0x80, 0x7f, 0xf2, 0x98,
    0x80, 0x2f, 0x0, 0xff, 0xe1, 0x22, 0x80, 0x78,
    0xa4, 0x2, 0x34, 0x0, 0xff, 0xe1, 0x4d, 0x5a,
    0x8, 0x13, 0xe0, 0x6, 0xf0, 0xf, 0xfe, 0x13,
    0x10, 0x25, 0xf7, 0xec, 0x8, 0x4, 0xc6, 0x1,
    0xff, 0xc2, 0xb0, 0xf, 0xf9, 0x24, 0x3, 0xff,
    0x87, 0x88, 0x1, 0xfc, 0xf6, 0x1, 0xff, 0xc4,
    0x1b, 0xc7, 0x31, 0x1, 0x37, 0xd8, 0x0, 0xff,
    0xe2, 0x0,

    /* U+00FF "ÿ" */
    0x0, 0xff, 0xec, 0x9e, 0xfd, 0x0, 0x72, 0x6f,
    0xc8, 0x7, 0xff, 0x13, 0x48, 0x16, 0x0, 0x35,
    0x10, 0x33, 0x0, 0x3f, 0xf8, 0x42, 0x20, 0x8,
    0xc0, 0x22, 0x10, 0xb, 0x0, 0x3f, 0xf8, 0x42,
    0x20, 0x8, 0xc0, 0x22, 0x10, 0xb, 0x40, 0x3f,
    0xf8, 0x7a, 0x40, 0xb0, 0x1, 0xa8, 0x81, 0x9c,
    0x3, 0xff, 0x86, 0x7b, 0xf4, 0x1, 0xc9, 0xbf,
    0x20, 0x1f, 0xff, 0xf0, 0xf, 0xff, 0x3e, 0xff,
    0xdc, 0x1, 0xff, 0xc5, 0xdf, 0xfa, 0x80, 0x16,
    0x1, 0xa, 0x80, 0x7f, 0xf0, 0xd0, 0x80, 0x29,
    0x0, 0x30, 0x6, 0x90, 0xf, 0xfe, 0x1f, 0x80,
    0x46, 0x60, 0x9, 0xc0, 0x23, 0x30, 0x7, 0xff,
    0x4, 0x90, 0x2, 0x90, 0xd, 0x20, 0x1a, 0x40,
    0x3f, 0xf8, 0x36, 0x1, 0xa, 0x80, 0x61, 0x50,
    0x9, 0x44, 0x3, 0xfe, 0x16, 0x0, 0xa4, 0x3,
    0xd2, 0x1, 0xa4, 0x3, 0xfe, 0x60, 0xc, 0xe0,
    0x1e, 0x33, 0x0, 0x4c, 0x1, 0xff, 0x48, 0x4,
    0xc0, 0x1f, 0xa4, 0x2, 0x16, 0x0, 0xfe, 0x51,
    0x0, 0xac, 0x3, 0xf2, 0x88, 0x5, 0x60, 0x1f,
    0xd2, 0x1, 0x29, 0x0, 0x7f, 0x48, 0x4, 0x48,
    0x1, 0xf1, 0x98, 0x2, 0x90, 0xf, 0xf3, 0x80,
    0x6f, 0x0, 0xfa, 0x40, 0x23, 0x30, 0x7, 0xfc,
    0xe0, 0x12, 0x10, 0x7, 0xa, 0x80, 0x52, 0x1,
    0xff, 0xc0, 0xa0, 0xd, 0x60, 0x1d, 0x20, 0x10,
    0xa8, 0x7, 0xff, 0x0, 0x94, 0x2, 0x61, 0x0,
    0xcc, 0x1, 0x48, 0x7, 0xff, 0xa, 0x40, 0x33,
    0x0, 0x4c, 0x20, 0x13, 0x0, 0x7f, 0xf0, 0x8c,
    0xc0, 0x14, 0x80, 0x56, 0x1, 0x30, 0x80, 0x7f,
    0xf0, 0xe4, 0x2, 0x15, 0x4, 0x20, 0xa, 0xc0,
    0x3f, 0xf8, 0x8a, 0x20, 0x14, 0x87, 0x80, 0x48,
    0x40, 0x1f, 0xfc, 0x59, 0x0, 0x8d, 0x50, 0x2,
    0xf0, 0xf, 0xfe, 0x33, 0x0, 0x6a, 0x0, 0x89,
    0x0, 0x3f, 0xf8, 0xc2, 0xc0, 0x1f, 0x58, 0x7,
    0xff, 0x22, 0xc0, 0x3c, 0x2c, 0x1, 0xff, 0xc8,
    0x24, 0x0, 0xe6, 0x0, 0xff, 0xe5, 0x40, 0x7,
    0x48, 0x7, 0xff, 0x28, 0xc0, 0x32, 0x88, 0x7,
    0xff, 0x29, 0x80, 0x34, 0x80, 0x7f, 0xf2, 0xec,
    0x2, 0x43, 0x0, 0xff, 0xe5, 0x31, 0x0, 0x5e,
    0x1, 0xff, 0xc2, 0x45, 0x0, 0xf1, 0x48, 0x4,
    0x68, 0x1, 0xff, 0xc2, 0x9a, 0xb4, 0x10, 0x27,
    0xc0, 0xd, 0xe0, 0x1f, 0xfc, 0x26, 0x20, 0x4b,
    0xef, 0xd8, 0x10, 0x9, 0x8c, 0x3, 0xff, 0x85,
    0x60, 0x1f, 0xf2, 0x48, 0x7, 0xff, 0xf, 0x10,
    0x3, 0xf9, 0xec, 0x3, 0xff, 0x88, 0x37, 0x8e,
    0x62, 0x2, 0x6f, 0xb0, 0x1, 0xff, 0xc4,

    /* U+0104 "Ą" */
    0x0, 0xff, 0xe1, 0x8f, 0xff, 0x10, 0x7, 0xff,
    0x4e, 0x40, 0x3a, 0xc0, 0x3f, 0xfa, 0x6c, 0x1,
    0xcc, 0x20, 0x1f, 0xfd, 0x16, 0x10, 0xf, 0x30,
    0x7, 0xff, 0x46, 0xc0, 0x3e, 0x90, 0xf, 0xfe,
    0x82, 0x10, 0x4, 0xc0, 0x10, 0xb0, 0x7, 0xff,
    0x3f, 0xc0, 0x21, 0x92, 0x0, 0xac, 0x3, 0xff,
    0x9c, 0x48, 0x1, 0x48, 0x50, 0x4, 0x48, 0x1,
    0xff, 0xcd, 0x80, 0xc, 0xc0, 0xe0, 0x1b, 0xc0,
    0x3f, 0xf9, 0x82, 0xa0, 0x13, 0x8, 0x1, 0x80,
    0x24, 0x20, 0xf, 0xfe, 0x5c, 0x80, 0x6b, 0x0,
    0xac, 0x3, 0x40, 0x7, 0xff, 0x2d, 0x80, 0x23,
    0x20, 0x8, 0x90, 0x2, 0x51, 0x0, 0xff, 0xe4,
    0xb0, 0x80, 0x52, 0x1, 0xde, 0x1, 0xa4, 0x3,
    0xff, 0x93, 0x60, 0x10, 0xa8, 0x7, 0x21, 0x0,
    0x4c, 0x1, 0xff, 0xc8, 0x52, 0x0, 0xa4, 0x3,
    0xea, 0x0, 0x85, 0x80, 0x3f, 0xf8, 0xf2, 0x1,
    0x98, 0x3, 0xe7, 0x0, 0xd6, 0x1, 0xff, 0xc6,
    0x33, 0x0, 0x4c, 0x20, 0x1f, 0x98, 0x2, 0x25,
    0x0, 0xff, 0xe2, 0xc8, 0x6, 0xa0, 0xf, 0xeb,
    0x0, 0xd2, 0x1, 0xff, 0xc4, 0x15, 0x0, 0x8c,
    0xc0, 0x1f, 0xc4, 0x80, 0x11, 0x98, 0x3, 0xff,
    0x87, 0x20, 0x1a, 0x40, 0x3f, 0xef, 0x0, 0xd2,
    0x1, 0xff, 0xc3, 0x70, 0x8, 0x54, 0x3, 0xfe,
    0x42, 0x0, 0x94, 0x80, 0x3f, 0xf8, 0x2e, 0x1,
    0xa4, 0x3, 0xff, 0x83, 0x40, 0x1a, 0xc0, 0x3f,
    0xf8, 0x32, 0x1, 0xa3, 0xff, 0xff, 0x83, 0x0,
    0x19, 0x84, 0x3, 0xfe, 0x51, 0x0, 0xff, 0xe6,
    0x30, 0x7, 0xfd, 0x20, 0x1f, 0xfc, 0xd9, 0x0,
    0xff, 0x19, 0x80, 0x30, 0x8f, 0xff, 0x14, 0x3,
    0xa, 0x80, 0x7f, 0x40, 0x6, 0xae, 0xef, 0xfe,
    0x2d, 0x80, 0x68, 0x0, 0xfc, 0x48, 0x1, 0x12,
    0x80, 0x7f, 0xf1, 0x50, 0x80, 0x22, 0x40, 0xf,
    0xac, 0x3, 0x58, 0x7, 0xff, 0x1e, 0x0, 0x37,
    0x80, 0x78, 0x58, 0x2, 0x16, 0x0, 0xff, 0xe3,
    0xa8, 0x80, 0x48, 0x40, 0x1c, 0xc0, 0x1a, 0x40,
    0x3f, 0xf9, 0x32, 0x1, 0xac, 0x3, 0xa4, 0x3,
    0x30, 0x7, 0xff, 0x25, 0xc0, 0x33, 0x8, 0x4,
    0xc2, 0x1, 0x30, 0x80, 0x7f, 0xf2, 0x9c, 0x3,
    0x48, 0x5, 0x60, 0x1a, 0xc0, 0x3f, 0xf9, 0x72,
    0x1, 0x9c, 0x2, 0xdf, 0xfc, 0x40, 0x1f, 0xfc,
    0xb9, 0x0, 0x8a, 0x80, 0x3f, 0xfa, 0x76, 0xe0,
    0x8, 0xd5, 0x0, 0xff, 0xe9, 0x4a, 0x0, 0xe3,
    0x80, 0x7f, 0xf4, 0xc9, 0x80, 0x14, 0x60, 0x1f,
    0xfd, 0x4b, 0x0, 0x22, 0x0, 0x3f, 0xfa, 0xaa,
    0x0, 0x30, 0xf, 0xfe, 0xc9, 0x0, 0x7f, 0xf5,
    0x98, 0x0, 0xa8, 0x1, 0x11, 0x80, 0x7f, 0xf4,
    0x24, 0x2, 0xbd, 0xce, 0xdf, 0x0, 0xff, 0xe8,
    0x1c, 0x80, 0x44, 0x62, 0x6, 0x20, 0x1f, 0xfd,
    0x6, 0xc5, 0x10, 0x1, 0x36, 0x8,

    /* U+0105 "ą" */
    0x0, 0xf2, 0x45, 0xef, 0x7f, 0xb6, 0xe0, 0xc0,
    0x3f, 0xc5, 0x3f, 0x6e, 0x84, 0x20, 0x2, 0x47,
    0xcc, 0x20, 0x7, 0xd3, 0xac, 0x1, 0xff, 0xc0,
    0x3b, 0x80, 0xe, 0xa6, 0x0, 0xff, 0xe2, 0x3b,
    0x80, 0x34, 0x80, 0x62, 0x6a, 0xde, 0xe6, 0xd3,
    0x0, 0x74, 0x10, 0x4, 0x6a, 0x7, 0x7b, 0x2a,
    0x42, 0x22, 0x59, 0xd2, 0x0, 0xd0, 0x1, 0xa2,
    0x18, 0x80, 0x1f, 0xc5, 0xe0, 0x19, 0x40, 0x31,
    0x38, 0x7, 0xff, 0x0, 0x9c, 0x3, 0x18, 0x7,
    0xff, 0x1b, 0x0, 0x32, 0x80, 0x7f, 0xf1, 0x98,
    0x3, 0x8, 0x7, 0xff, 0x18, 0xc0, 0x37, 0x80,
    0x79, 0x27, 0x3b, 0xff, 0xf7, 0x0, 0x7f, 0x37,
    0x5b, 0x18, 0x80, 0x7f, 0xf1, 0x66, 0x42, 0x1,
    0xff, 0xc8, 0x76, 0x0, 0xc6, 0xf3, 0x55, 0xf4,
    0x80, 0x7d, 0x20, 0x1a, 0xf2, 0x19, 0x57, 0xe7,
    0x0, 0xf2, 0x88, 0x5, 0x28, 0x1, 0xff, 0xc5,
    0x20, 0xc, 0xc0, 0x1f, 0xfc, 0x6e, 0x0, 0xff,
    0xe2, 0x20, 0x7, 0xb8, 0x3, 0x10, 0x7, 0xf8,
    0x6c, 0x3, 0xc6, 0x1, 0xa0, 0x3, 0xf8, 0x74,
    0x40, 0x3c, 0x82, 0x1, 0x2d, 0x10, 0x7, 0xb,
    0xf9, 0x80, 0x7e, 0xb0, 0xc, 0xbb, 0xaa, 0x9a,
    0xce, 0x81, 0x1, 0x10, 0x7, 0x96, 0x0, 0x38,
    0x95, 0x94, 0xc0, 0x21, 0xc3, 0x0, 0xf9, 0xec,
    0x80, 0x3f, 0xcb, 0xe4, 0x1, 0xfc, 0x9b, 0x6c,
    0x62, 0x0, 0x24, 0x8d, 0xa1, 0x32, 0x0, 0x88,
    0x3, 0xc9, 0x39, 0xdf, 0xed, 0xb7, 0x20, 0x8c,
    0x0, 0xa2, 0xc0, 0x3f, 0xf8, 0x92, 0xe0, 0x5,
    0xe7, 0x10, 0xf, 0xfe, 0x1b, 0x30, 0x1, 0x34,
    0x20, 0x1f, 0xfc, 0x58, 0x0, 0x3b, 0x0, 0x7f,
    0xf1, 0x90, 0x40, 0x10, 0x1, 0xff, 0xc7, 0x30,
    0x1, 0x0, 0x7f, 0xf2, 0xc8, 0x40, 0x3f, 0xf8,
    0xe8, 0x1, 0x69, 0x80, 0xa4, 0x80, 0x7f, 0xf0,
    0x8d, 0x0, 0x7, 0x9f, 0xd6, 0xc6, 0x1, 0xff,
    0xc2, 0xb4, 0x0, 0xf9, 0x80, 0x3f, 0xf8, 0x77,
    0x8e, 0x88, 0x58, 0xe5,

    /* U+0106 "Ć" */
    0x0, 0xff, 0xe4, 0x24, 0x46, 0x71, 0x0, 0xff,
    0xe5, 0xad, 0xbb, 0xe2, 0x10, 0xf, 0xfe, 0x52,
    0xd0, 0x4, 0x5a, 0xa0, 0x1f, 0xfc, 0xa5, 0xa0,
    0x9, 0x30, 0x80, 0x3f, 0xf9, 0x4b, 0x40, 0x13,
    0xd8, 0x80, 0x7f, 0xf2, 0x9a, 0x80, 0x2a, 0x80,
    0xf, 0xfe, 0x5b, 0x48, 0x0, 0x71, 0x40, 0x3f,
    0xf9, 0x8d, 0xff, 0x71, 0x80, 0x7f, 0xff, 0xc0,
    0x3f, 0xc6, 0xf7, 0xbd, 0xfe, 0xed, 0xb8, 0x40,
    0xf, 0xfe, 0x20, 0xc7, 0x64, 0x21, 0x8, 0x0,
    0x49, 0x1e, 0xfa, 0x44, 0x3, 0xff, 0x81, 0x1c,
    0xe2, 0x1, 0xff, 0xc0, 0x16, 0xe8, 0x0, 0xfe,
    0x2d, 0x70, 0xf, 0xfe, 0x33, 0xe9, 0x0, 0x79,
    0x34, 0x80, 0x3c, 0x6d, 0x35, 0x49, 0x74, 0x0,
    0xf1, 0x61, 0x80, 0x64, 0xb0, 0xe, 0x17, 0xec,
    0x96, 0x55, 0x34, 0x5f, 0xd1, 0x0, 0x61, 0xb0,
    0x8, 0xac, 0x3, 0x97, 0xe0, 0x40, 0x3f, 0x97,
    0x64, 0x2, 0x78, 0x0, 0xbc, 0x3, 0xa6, 0x84,
    0x3, 0xff, 0x82, 0xd8, 0x2f, 0x0, 0x13, 0x90,
    0x6, 0xa6, 0x0, 0xff, 0xe2, 0x1f, 0x40, 0x4,
    0x30, 0x1, 0x9d, 0x40, 0x3f, 0xf9, 0x6c, 0x1,
    0x8a, 0x0, 0x3f, 0xf9, 0x94, 0x1, 0xa4, 0x3,
    0xff, 0x98, 0x44, 0x0, 0x85, 0x0, 0x3f, 0xf9,
    0x8e, 0x1, 0x9c, 0x3, 0xff, 0x9b, 0xa0, 0x1b,
    0x0, 0x3f, 0xf9, 0xa4, 0x1, 0x98, 0x3, 0xff,
    0xa4, 0x20, 0x1f, 0xff, 0x11, 0x0, 0xff, 0xe6,
    0x90, 0x6, 0x60, 0xf, 0xfe, 0x6e, 0x80, 0x6c,
    0x0, 0xff, 0xe6, 0xb8, 0x6, 0x70, 0xf, 0xfe,
    0x69, 0x10, 0x2, 0x14, 0x0, 0xff, 0xe6, 0xd0,
    0x6, 0x90, 0xf, 0xfe, 0x6b, 0x0, 0x62, 0x80,
    0xf, 0xfe, 0x60, 0xc0, 0x6, 0x75, 0x0, 0xff,
    0xe3, 0x8, 0x7, 0x39, 0x0, 0x6a, 0x60, 0xf,
    0xfe, 0x21, 0x7c, 0x80, 0x77, 0x80, 0x74, 0xd0,
    0x80, 0x7f, 0xf0, 0x5b, 0x45, 0xa4, 0x3, 0x15,
    0x80, 0x72, 0xfc, 0x8, 0x7, 0xf2, 0xe4, 0x80,
    0x4d, 0x20, 0x19, 0x2c, 0x3, 0x85, 0xfb, 0x25,
    0xd5, 0x4d, 0x17, 0xf4, 0x60, 0x18, 0x6c, 0x3,
    0x93, 0x48, 0x3, 0xc6, 0xd1, 0x54, 0x97, 0x40,
    0xf, 0x1f, 0x90, 0x7, 0x8b, 0x5c, 0x3, 0xff,
    0x8c, 0xf8, 0x20, 0x1f, 0xd1, 0xce, 0x20, 0x1f,
    0xfc, 0x1, 0x7e, 0x80, 0xf, 0xfe, 0x0, 0xc7,
    0x64, 0x21, 0x8, 0x4, 0x48, 0xf7, 0xd0, 0x20,
    0x18,

    /* U+0107 "ć" */
    0x0, 0xff, 0xe1, 0xe7, 0xfe, 0xc1, 0x0, 0xff,
    0xe1, 0x8e, 0x18, 0x4, 0xd8, 0x20, 0x1f, 0xfc,
    0x21, 0xd3, 0x0, 0xa6, 0x40, 0x1f, 0xfc, 0x31,
    0xd3, 0x0, 0xe, 0x30, 0x7, 0xff, 0xc, 0x74,
    0xc0, 0x7, 0xe6, 0x1, 0xff, 0xc3, 0x1c, 0x30,
    0x3, 0x60, 0x80, 0x7f, 0xf1, 0x16, 0xa2, 0x15,
    0x20, 0x1f, 0xfc, 0x64, 0x77, 0x94, 0x3, 0xff,
    0xec, 0x71, 0x7b, 0xff, 0x6d, 0x30, 0x80, 0x7f,
    0xcb, 0x98, 0x74, 0x20, 0x8, 0x96, 0x7a, 0x84,
    0x3, 0xe1, 0xba, 0x30, 0xf, 0xf9, 0x79, 0x40,
    0x38, 0xb1, 0x0, 0x3f, 0xf8, 0x74, 0xc0, 0x10,
    0xe1, 0x0, 0x61, 0x7b, 0xde, 0xca, 0x40, 0xe,
    0x93, 0x0, 0x50, 0x80, 0x67, 0xe8, 0x42, 0x13,
    0x5b, 0xd3, 0x0, 0xd6, 0xc, 0x80, 0x1a, 0xe0,
    0x3, 0xf1, 0x62, 0x0, 0xd4, 0x5, 0x80, 0x69,
    0x40, 0xf, 0xfa, 0xdf, 0xd4, 0x10, 0x80, 0x24,
    0x60, 0xf, 0xfe, 0xc, 0x8, 0x3, 0x40, 0x37,
    0x80, 0x7f, 0xf1, 0x94, 0x3, 0x20, 0x7, 0xff,
    0x18, 0x80, 0x23, 0x0, 0xff, 0xe3, 0x88, 0x4,
    0xe0, 0x1f, 0xfd, 0xf1, 0x0, 0x9c, 0x3, 0xff,
    0x8e, 0x40, 0x11, 0x80, 0x7f, 0xf1, 0xd0, 0x3,
    0x20, 0x7, 0xff, 0x1a, 0xc0, 0x37, 0x80, 0x7f,
    0xf1, 0x8c, 0x80, 0x24, 0x60, 0xf, 0xfe, 0xc,
    0x8, 0x5, 0x0, 0x1a, 0x50, 0x3, 0xfe, 0xb7,
    0xf5, 0x0, 0x2a, 0x0, 0x6b, 0x80, 0xf, 0xc5,
    0x88, 0x3, 0x50, 0x0, 0xa2, 0x0, 0xcf, 0xd0,
    0x84, 0x26, 0xb7, 0xa6, 0x1, 0xa8, 0x0, 0x3e,
    0x40, 0x18, 0x5e, 0xf7, 0xb2, 0x90, 0x3, 0xa8,
    0x80, 0x22, 0xc5, 0x0, 0xff, 0xe1, 0xd, 0xa8,
    0x7, 0xd, 0x59, 0x80, 0x7f, 0xcd, 0xe8, 0x1,
    0xf9, 0x33, 0x10, 0x82, 0x1, 0x12, 0xcf, 0x48,
    0x80, 0x40,

    /* U+010C "Č" */
    0x0, 0xfe, 0x48, 0x89, 0x0, 0x3e, 0x17, 0x88,
    0x38, 0x7, 0xff, 0x9, 0x51, 0xdd, 0x6e, 0x1,
    0xc5, 0x90, 0xee, 0x20, 0xf, 0xfe, 0x10, 0xe9,
    0x0, 0x22, 0x40, 0x23, 0xc2, 0x0, 0x52, 0x80,
    0x7f, 0xf0, 0xc7, 0x8, 0x0, 0xd6, 0x2b, 0x82,
    0x0, 0x95, 0x0, 0xff, 0xe2, 0x8e, 0x10, 0x1,
    0x3e, 0x80, 0x29, 0x60, 0xf, 0xfe, 0x38, 0xe1,
    0x0, 0x4, 0x2, 0x96, 0x0, 0xff, 0xe4, 0x8e,
    0x10, 0x6, 0x96, 0x0, 0xff, 0xe5, 0x8e, 0xff,
    0xe6, 0x0, 0xff, 0xff, 0x80, 0x7f, 0x1b, 0xde,
    0xf7, 0xfb, 0xb6, 0xe1, 0x0, 0x3f, 0xf8, 0x83,
    0x1d, 0x90, 0x84, 0x20, 0x1, 0x24, 0x7b, 0xe9,
    0x10, 0xf, 0xfe, 0x4, 0x73, 0x88, 0x7, 0xff,
    0x0, 0x5b, 0xa0, 0x3, 0xf8, 0xb5, 0xc0, 0x3f,
    0xf8, 0xcf, 0xa4, 0x1, 0xe4, 0xd2, 0x0, 0xf1,
    0xb4, 0xd5, 0x25, 0xd0, 0x3, 0xc5, 0x86, 0x1,
    0x92, 0xc0, 0x38, 0x5f, 0xb2, 0x59, 0x54, 0xd1,
    0x7f, 0x44, 0x1, 0x86, 0xc0, 0x22, 0xb0, 0xe,
    0x5f, 0x81, 0x0, 0xfe, 0x5d, 0x90, 0x9, 0xe0,
    0x2, 0xf0, 0xe, 0x9a, 0x10, 0xf, 0xfe, 0xb,
    0x60, 0xbc, 0x0, 0x4e, 0x40, 0x1a, 0x98, 0x3,
    0xff, 0x88, 0x7d, 0x0, 0x10, 0xc0, 0x6, 0x75,
    0x0, 0xff, 0xe5, 0xb0, 0x6, 0x28, 0x0, 0xff,
    0xe6, 0x50, 0x6, 0x90, 0xf, 0xfe, 0x61, 0x10,
    0x2, 0x14, 0x0, 0xff, 0xe6, 0x38, 0x6, 0x70,
    0xf, 0xfe, 0x6e, 0x80, 0x6c, 0x0, 0xff, 0xe6,
    0x90, 0x6, 0x60, 0xf, 0xfe, 0x90, 0x80, 0x7f,
    0xfc, 0x44, 0x3, 0xff, 0x9a, 0x40, 0x19, 0x80,
    0x3f, 0xf9, 0xba, 0x1, 0xb0, 0x3, 0xff, 0x9a,
    0xe0, 0x19, 0xc0, 0x3f, 0xf9, 0xa4, 0x40, 0x8,
    0x50, 0x3, 0xff, 0x9b, 0x40, 0x1a, 0x40, 0x3f,
    0xf9, 0xac, 0x1, 0x8a, 0x0, 0x3f, 0xf9, 0x83,
    0x0, 0x19, 0xd4, 0x3, 0xff, 0x8c, 0x20, 0x1c,
    0xe4, 0x1, 0xa9, 0x80, 0x3f, 0xf8, 0x85, 0xf2,
    0x1, 0xde, 0x1, 0xd3, 0x42, 0x1, 0xff, 0xc1,
    0x6d, 0x16, 0x90, 0xc, 0x56, 0x1, 0xcb, 0xf0,
    0x20, 0x1f, 0xcb, 0x92, 0x1, 0x34, 0x80, 0x64,
    0xb0, 0xe, 0x17, 0xec, 0x97, 0x55, 0x34, 0x5f,
    0xd1, 0x80, 0x61, 0xb0, 0xe, 0x4d, 0x20, 0xf,
    0x1b, 0x45, 0x52, 0x5d, 0x0, 0x3c, 0x7e, 0x40,
    0x1e, 0x2d, 0x70, 0xf, 0xfe, 0x33, 0xe0, 0x80,
    0x7f, 0x47, 0x38, 0x80, 0x7f, 0xf0, 0x5, 0xfa,
    0x0, 0x3f, 0xf8, 0x3, 0x1d, 0x90, 0x84, 0x20,
    0x11, 0x23, 0xdf, 0x40, 0x80, 0x60,

    /* U+010D "č" */
    0x0, 0xcd, 0xff, 0x60, 0x80, 0x79, 0xff, 0xec,
    0x0, 0xf9, 0xa4, 0x0, 0x7e, 0x40, 0x1a, 0x60,
    0x0, 0x78, 0x1, 0xf9, 0xa4, 0x0, 0x3a, 0x80,
    0xb, 0x60, 0x1, 0xe0, 0x7, 0xf9, 0xa4, 0x2,
    0xb7, 0xd4, 0x0, 0x1e, 0x80, 0x7f, 0xf0, 0x1a,
    0x40, 0x28, 0x20, 0x1, 0xe8, 0x80, 0x7f, 0xf0,
    0x5a, 0x40, 0x38, 0xf4, 0x40, 0x3f, 0xf8, 0x6d,
    0x51, 0x1b, 0x44, 0x3, 0xff, 0x8a, 0xae, 0xf8,
    0x40, 0x3f, 0xfe, 0x87, 0x17, 0xbf, 0xf6, 0xd3,
    0x8, 0x7, 0xfc, 0xb9, 0x87, 0x42, 0x0, 0x89,
    0x67, 0xa8, 0x40, 0x3e, 0x1b, 0xa3, 0x0, 0xff,
    0x97, 0x94, 0x3, 0x8b, 0x10, 0x3, 0xff, 0x87,
    0x4c, 0x1, 0xe, 0x10, 0x6, 0x17, 0xbd, 0xec,
    0xa4, 0x0, 0xe9, 0x30, 0x5, 0x8, 0x6, 0x7e,
    0x84, 0x21, 0x35, 0xbd, 0x30, 0xd, 0x60, 0xc8,
    0x1, 0xae, 0x0, 0x3f, 0x16, 0x20, 0xd, 0x40,
    0x58, 0x6, 0x94, 0x0, 0xff, 0xad, 0xfd, 0x41,
    0x8, 0x2, 0x46, 0x0, 0xff, 0xe0, 0xc0, 0x80,
    0x34, 0x3, 0x78, 0x7, 0xff, 0x19, 0x40, 0x32,
    0x0, 0x7f, 0xf1, 0x88, 0x2, 0x30, 0xf, 0xfe,
    0x38, 0x80, 0x4e, 0x1, 0xff, 0xdf, 0x10, 0x9,
    0xc0, 0x3f, 0xf8, 0xe4, 0x1, 0x18, 0x7, 0xff,
    0x1d, 0x0, 0x32, 0x0, 0x7f, 0xf1, 0xac, 0x3,
    0x78, 0x7, 0xff, 0x18, 0xc8, 0x2, 0x46, 0x0,
    0xff, 0xe0, 0xc0, 0x80, 0x50, 0x1, 0xa5, 0x0,
    0x3f, 0xeb, 0x7f, 0x50, 0x2, 0xa0, 0x6, 0xb8,
    0x0, 0xfc, 0x58, 0x80, 0x35, 0x0, 0xa, 0x20,
    0xc, 0xfd, 0x8, 0x42, 0x6b, 0x7a, 0x60, 0x1a,
    0x80, 0x3, 0xe4, 0x1, 0x85, 0xef, 0x7b, 0x29,
    0x0, 0x3a, 0x88, 0x2, 0x2c, 0x50, 0xf, 0xfe,
    0x10, 0xda, 0x80, 0x70, 0xd5, 0x98, 0x7, 0xfc,
    0xde, 0x80, 0x1f, 0x93, 0x31, 0x8, 0x20, 0x11,
    0x2c, 0xf4, 0x88, 0x4,

    /* U+010E "Ď" */
    0x0, 0xc3, 0x9f, 0xf3, 0x0, 0x78, 0xb7, 0xfe,
    0x40, 0xf, 0xfe, 0x18, 0xe1, 0x80, 0x26, 0x80,
    0x32, 0xe9, 0x0, 0x31, 0x0, 0x3f, 0xf8, 0xb8,
    0x80, 0x5, 0xc1, 0x8, 0xa0, 0x0, 0xe1, 0x80,
    0x7f, 0xf1, 0xed, 0x40, 0x7, 0xf8, 0xe0, 0x1,
    0xc3, 0x0, 0xff, 0xe4, 0xd3, 0x0, 0x4, 0xc0,
    0x5, 0x84, 0x1, 0xff, 0xcb, 0x97, 0x0, 0xc5,
    0x84, 0x1, 0xff, 0xcd, 0x8f, 0xfd, 0xa2, 0x1,
    0xff, 0xff, 0x0, 0xfb, 0xff, 0xff, 0x87, 0xdc,
    0xc9, 0x61, 0x0, 0xff, 0xe7, 0x88, 0x8d, 0xa7,
    0xb1, 0x40, 0x3f, 0xfa, 0x67, 0x5c, 0xa0, 0x1f,
    0xfd, 0x31, 0xab, 0x10, 0xf, 0xf0, 0xe6, 0x7f,
    0x5d, 0x4b, 0x10, 0x7, 0x93, 0xc8, 0x3, 0xf8,
    0xcf, 0xfc, 0x8a, 0xd3, 0xba, 0x60, 0xe, 0x1c,
    0x20, 0xf, 0xfe, 0x59, 0x4f, 0x20, 0x6, 0x1f,
    0x0, 0xff, 0xe6, 0x8d, 0xc0, 0x6, 0x2a, 0x0,
    0xff, 0xe7, 0x3c, 0x0, 0x65, 0x30, 0xf, 0xfe,
    0x73, 0xa0, 0x6, 0x80, 0xf, 0xfe, 0x7d, 0x0,
    0x64, 0x20, 0xf, 0xfe, 0x70, 0xb8, 0x6, 0xa0,
    0xf, 0xfe, 0x7d, 0x0, 0x65, 0x0, 0xff, 0xe7,
    0x91, 0x0, 0x22, 0x0, 0xff, 0xe8, 0x38, 0x6,
    0x20, 0xf, 0xfe, 0x79, 0x0, 0x66, 0x0, 0xff,
    0xe7, 0xf8, 0x6, 0x10, 0xf, 0xfe, 0xa0, 0x80,
    0x7f, 0xf3, 0xfc, 0x3, 0xff, 0xa8, 0x40, 0x19,
    0x80, 0x3f, 0xf9, 0xee, 0x1, 0x88, 0x3, 0xff,
    0x9c, 0x44, 0x0, 0x88, 0x3, 0xff, 0x9f, 0x40,
    0x19, 0x40, 0x3f, 0xf9, 0xc2, 0xe0, 0x1a, 0xc0,
    0x3f, 0xf9, 0xd6, 0x1, 0x8c, 0xc0, 0x1f, 0xfc,
    0xd7, 0x50, 0xd, 0x0, 0x1f, 0xfc, 0xd7, 0x80,
    0xc, 0xa8, 0x1, 0xff, 0xcb, 0x1a, 0x80, 0xc,
    0x54, 0x1, 0xff, 0xca, 0x28, 0xe5, 0x0, 0xc3,
    0xe0, 0x1f, 0x8c, 0xff, 0xc8, 0x86, 0x9d, 0xd3,
    0x80, 0x70, 0xe1, 0x0, 0x7e, 0x1c, 0xcf, 0xeb,
    0xb4, 0xb1, 0x0, 0x79, 0x3c, 0x80, 0x3f, 0xfa,
    0x3, 0x56, 0x20, 0x1f, 0xfc, 0xf3, 0x9e, 0x50,
    0xf, 0xfe, 0x58, 0x88, 0xda, 0x7b, 0x18, 0x3,
    0xfc,

    /* U+010F "ď" */
    0x0, 0xff, 0xe9, 0x2f, 0xfc, 0xc0, 0x1f, 0xfd,
    0x63, 0x0, 0xff, 0xe4, 0x9f, 0xfe, 0x60, 0xf,
    0x84, 0x3, 0xff, 0xac, 0xe0, 0x1f, 0xfd, 0x61,
    0x0, 0xff, 0xeb, 0x18, 0x7, 0xff, 0x58, 0x40,
    0x3f, 0xff, 0x2, 0x1, 0xff, 0xd3, 0x79, 0x95,
    0x80, 0x7f, 0xf4, 0xc9, 0x98, 0xa0, 0x1f, 0xfe,
    0x4, 0x9c, 0xef, 0xf7, 0x5b, 0x88, 0x7, 0xff,
    0x2d, 0xfa, 0xd8, 0xc4, 0x0, 0x29, 0x1d, 0x42,
    0x1, 0xff, 0xc7, 0x3d, 0x81, 0x0, 0xff, 0x2f,
    0xa0, 0x7, 0xff, 0x15, 0x30, 0x80, 0x3f, 0xf8,
    0x23, 0x68, 0x1, 0xff, 0xc3, 0x3b, 0x0, 0xe1,
    0x7b, 0xde, 0xc9, 0x40, 0xd, 0x0, 0x1f, 0xfc,
    0x3e, 0x0, 0xe8, 0xe8, 0x42, 0x13, 0x6b, 0xc2,
    0x0, 0xff, 0xe2, 0xb9, 0x0, 0x6b, 0x70, 0xf,
    0xc7, 0xa8, 0x1, 0xff, 0xc4, 0x90, 0xd, 0x28,
    0x1, 0xff, 0x59, 0x0, 0x7f, 0xf0, 0x90, 0x40,
    0x24, 0x60, 0xf, 0xfe, 0xf, 0x0, 0x7f, 0xf0,
    0xb4, 0x3, 0x78, 0x7, 0xff, 0x8, 0xcc, 0x1,
    0xff, 0xc1, 0x50, 0xc, 0x80, 0x1f, 0xfc, 0x3b,
    0x0, 0xff, 0xe0, 0x90, 0x4, 0x60, 0x1f, 0xfc,
    0x43, 0x0, 0xff, 0xe0, 0x88, 0x4, 0xe0, 0x1f,
    0xfc, 0x47, 0x0, 0xff, 0xf2, 0x8, 0x4, 0xe0,
    0x1f, 0xfc, 0x47, 0x0, 0xff, 0xe0, 0x90, 0x4,
    0x60, 0x1f, 0xfc, 0x43, 0x0, 0xff, 0xe0, 0xa8,
    0x6, 0x40, 0xf, 0xfe, 0x1d, 0x80, 0x7f, 0xf0,
    0x74, 0x3, 0x78, 0x7, 0xff, 0x9, 0xc, 0x3,
    0xff, 0x82, 0x82, 0x1, 0x23, 0x0, 0x7f, 0xf0,
    0x6, 0x80, 0x3f, 0xf8, 0x72, 0x1, 0xa5, 0x0,
    0x3f, 0xea, 0x10, 0xf, 0xfe, 0x1b, 0x90, 0x6,
    0xb7, 0x0, 0xfc, 0x7a, 0x80, 0x1f, 0xfc, 0x5f,
    0x0, 0xe8, 0xe8, 0x42, 0x13, 0x6b, 0xc2, 0x0,
    0xff, 0xe3, 0x16, 0x0, 0x70, 0xbd, 0xef, 0x64,
    0xa0, 0x6, 0xa0, 0xf, 0xfe, 0x21, 0xe9, 0x0,
    0x7f, 0xf0, 0x46, 0xd4, 0x3, 0xff, 0x8a, 0x5b,
    0x2, 0x1, 0xfe, 0x5f, 0x40, 0xf, 0xfe, 0x43,
    0xf5, 0xb1, 0x88, 0x0, 0x52, 0x3a, 0x84, 0x3,
    0xff, 0x86,

    /* U+0118 "Ę" */
    0xff, 0xff, 0xe5, 0xe0, 0x7, 0xff, 0xfc, 0x3,
    0xf8, 0x73, 0x3f, 0xf8, 0xdc, 0x1, 0xe3, 0x3f,
    0xfe, 0x39, 0x0, 0x7f, 0xff, 0xc0, 0x3f, 0xff,
    0xe0, 0x1f, 0xff, 0x52, 0x2f, 0xfe, 0x20, 0x80,
    0x7e, 0x2d, 0xdf, 0xfe, 0x25, 0x0, 0x7f, 0xff,
    0xc0, 0x3f, 0xe2, 0xff, 0xff, 0xe2, 0x58, 0x7,
    0xff, 0xfc, 0x3, 0xff, 0xfe, 0x1, 0xff, 0xff,
    0x0, 0xff, 0xe2, 0x99, 0xff, 0xf2, 0x4, 0x3,
    0x87, 0x33, 0xff, 0x8e, 0xe0, 0x1f, 0xff, 0xf0,
    0x0, 0x87, 0xff, 0xff, 0x1a, 0x0, 0x21, 0x87,
    0x0, 0xff, 0xe3, 0x44, 0x0, 0xd, 0xee, 0x1,
    0xff, 0xc6, 0x57, 0x0, 0x4c, 0x84, 0x3, 0xff,
    0x8f, 0x60, 0x8, 0x60, 0xf, 0xfe, 0x42, 0x88,
    0xb, 0x80, 0x7f, 0xf2, 0x74, 0x0, 0x40, 0x1f,
    0xfc, 0xd1, 0x0, 0xff, 0xe5, 0x68, 0x0, 0xa0,
    0x2, 0x15, 0x0, 0xff, 0xe2, 0x28, 0x80, 0x1f,
    0xb3, 0x7a, 0x80, 0x3f, 0xf8, 0xba, 0x20, 0x1,
    0x32, 0x0, 0x28, 0x7, 0xff, 0x10, 0xfd, 0xc8,
    0x0, 0x2b, 0x4a,

    /* U+0119 "ę" */
    0x0, 0xfc, 0x93, 0x9d, 0xfe, 0xeb, 0x82, 0x0,
    0xff, 0xe1, 0x3f, 0x5b, 0x18, 0x80, 0x5, 0x1f,
    0x70, 0xc0, 0x3f, 0xc5, 0xb0, 0x20, 0x1f, 0xe3,
    0xc8, 0x0, 0xfc, 0x78, 0x40, 0x1f, 0xfc, 0x27,
    0xa0, 0xf, 0x16, 0x88, 0x6, 0x7c, 0xff, 0xba,
    0x90, 0x3, 0x2c, 0x80, 0x77, 0x88, 0x4, 0x9d,
    0x6, 0x1, 0xa, 0xdd, 0x84, 0x2, 0x64, 0x0,
    0x9c, 0x80, 0x25, 0xb1, 0x0, 0xfc, 0x98, 0x20,
    0x14, 0x80, 0x52, 0x1, 0x15, 0x0, 0x7f, 0xc5,
    0x40, 0x11, 0x28, 0x20, 0x80, 0x50, 0x1, 0xff,
    0xc1, 0x44, 0x0, 0x5e, 0x1a, 0x1, 0xa, 0x80,
    0x7f, 0xf0, 0xb4, 0x2, 0x50, 0x50, 0x9, 0x40,
    0x3f, 0xf8, 0x68, 0x1, 0x88, 0x80, 0x12, 0x7f,
    0xff, 0xf0, 0xf4, 0x3, 0x30, 0x80, 0x7f, 0xf3,
    0x4, 0x3, 0xff, 0x9c, 0x20, 0x11, 0xe6, 0x7f,
    0xf2, 0x14, 0x80, 0x22, 0x33, 0xff, 0xe4, 0x2,
    0x0, 0x42, 0x60, 0x1f, 0xfc, 0x8c, 0x0, 0xd0,
    0x1, 0xff, 0xc8, 0x42, 0x0, 0x91, 0x40, 0x3f,
    0xf9, 0x10, 0x1, 0xa9, 0x0, 0x3f, 0xf8, 0x13,
    0x80, 0x1c, 0xa8, 0x1, 0xae, 0x0, 0x3f, 0x8a,
    0xd8, 0xe8, 0x3, 0xa8, 0x80, 0x33, 0xfc, 0xa9,
    0x89, 0x1b, 0x5e, 0xa0, 0x1, 0x5c, 0x3, 0xf,
    0x90, 0x7, 0x35, 0x67, 0x6e, 0x4a, 0x0, 0x61,
    0x50, 0xe, 0x2c, 0x50, 0xf, 0xfe, 0x19, 0x79,
    0x0, 0x78, 0x6a, 0xcc, 0x3, 0xff, 0x80, 0x9a,
    0x20, 0x1f, 0xc9, 0x9b, 0x8, 0x40, 0x1f, 0x25,
    0x80, 0x7f, 0xf0, 0x49, 0xef, 0x7f, 0xe2, 0x0,
    0x25, 0x80, 0x7f, 0xf2, 0x28, 0x80, 0x68, 0x3,
    0xff, 0x90, 0x4a, 0x0, 0xa1, 0x0, 0xff, 0xe4,
    0x28, 0x0, 0x90, 0x3, 0xff, 0x93, 0x80, 0x5,
    0x0, 0xff, 0xe5, 0x38, 0x3, 0xc0, 0x3f, 0xf9,
    0x4e, 0x0, 0xc0, 0xf, 0xfe, 0x56, 0x0, 0x12,
    0x48, 0x9, 0xd8, 0x3, 0xff, 0x88, 0xc2, 0x0,
    0x6d, 0xfd, 0x8b, 0x0, 0xff, 0xe2, 0xe, 0x10,
    0x7, 0x8c, 0x40, 0x3f, 0xf8, 0x85, 0xb4, 0xc8,
    0x86, 0xae, 0x10, 0x0,

    /* U+0139 "Ĺ" */
    0x0, 0xf1, 0xf7, 0xfe, 0x80, 0xf, 0xfe, 0x32,
    0x60, 0x80, 0x6, 0xe0, 0x3, 0xff, 0x8a, 0xb6,
    0x1, 0x1f, 0xa0, 0x7, 0xff, 0x15, 0xe8, 0x2,
    0x7c, 0x10, 0xf, 0xfe, 0x2c, 0x40, 0x0, 0x37,
    0x0, 0x1f, 0xfc, 0x69, 0x70, 0x2, 0x7a, 0x0,
    0x7f, 0xf1, 0xe7, 0xfe, 0xb1, 0x0, 0xff, 0xfe,
    0xff, 0xed, 0x0, 0xff, 0xff, 0x80, 0x7f, 0xff,
    0xc0, 0x3f, 0xff, 0xe0, 0x1f, 0xff, 0xf0, 0xf,
    0xff, 0xf8, 0x7, 0xff, 0xfc, 0x3, 0xff, 0xfe,
    0x1, 0xff, 0xff, 0x0, 0xff, 0xff, 0x80, 0x7f,
    0xff, 0xc0, 0x23, 0x3f, 0xfe, 0x38, 0x7, 0xc3,
    0x99, 0xff, 0xc6, 0x0, 0xff, 0xff, 0x80, 0x60,

    /* U+013A "ĺ" */
    0x0, 0xf2, 0xc4, 0x67, 0x10, 0xe, 0x6a, 0x77,
    0x98, 0xc4, 0x3, 0x34, 0x80, 0x45, 0x88, 0x1,
    0x9a, 0x40, 0x25, 0xd2, 0x0, 0xcd, 0x20, 0x14,
    0x50, 0x7, 0x34, 0x80, 0x56, 0xe0, 0x1c, 0xd2,
    0x0, 0x2d, 0x40, 0xf, 0x37, 0xfd, 0xa4, 0x1,
    0xff, 0xd6, 0xaf, 0xfc, 0x1, 0xff, 0xff, 0x0,
    0xff, 0xff, 0x80, 0x7f, 0xff, 0xc0, 0x3f, 0xff,
    0xe0, 0x1f, 0xff, 0xf0, 0xf, 0xff, 0xf8, 0x7,
    0xff, 0x0,

    /* U+013D "Ľ" */
    0x0, 0xff, 0xe2, 0x7f, 0xd8, 0x1, 0xff, 0xcb,
    0x70, 0xd, 0xff, 0xb4, 0x3, 0xff, 0x84, 0x20,
    0x1f, 0xfc, 0xb3, 0x0, 0xff, 0xe5, 0x88, 0x7,
    0xff, 0x2f, 0xc0, 0x3f, 0xf9, 0x62, 0x1, 0xff,
    0xcb, 0x30, 0xf, 0xfe, 0x58, 0x80, 0x7f, 0xf2,
    0x2a, 0x64, 0xa0, 0x1f, 0xfc, 0x85, 0x66, 0x8,
    0x7, 0xff, 0xfc, 0x3, 0xff, 0xfe, 0x1, 0xff,
    0xff, 0x0, 0xff, 0xff, 0x80, 0x7f, 0xff, 0xc0,
    0x3f, 0xff, 0xe0, 0x1f, 0xfd, 0xa3, 0x3f, 0xfe,
    0x38, 0x7, 0xe, 0x67, 0xff, 0x18, 0x3, 0xff,
    0xfa,

    /* U+013E "ľ" */
    0x0, 0xfe, 0x46, 0x68, 0x3, 0xfd, 0x13, 0x30,
    0x57, 0xfe, 0x0, 0xf8, 0x40, 0x3f, 0xf8, 0x26,
    0x1, 0xff, 0xc1, 0x10, 0xf, 0xfe, 0xb, 0x80,
    0x7f, 0xf0, 0x44, 0x3, 0xff, 0x82, 0x60, 0x1f,
    0xfc, 0x11, 0x0, 0xff, 0xe0, 0xf8, 0x7, 0xfb,
    0x3f, 0xce, 0x1, 0xff, 0xff, 0x0, 0xff, 0xff,
    0x80, 0x7f, 0xff, 0xc0, 0x3f, 0xff, 0xe0, 0x1f,
    0xff, 0xf0, 0xc,

    /* U+0141 "Ł" */
    0x0, 0xe9, 0xff, 0xc6, 0x1, 0xff, 0xff, 0x0,
    0xff, 0xff, 0x80, 0x7f, 0xff, 0xc0, 0x3f, 0xe4,
    0x0, 0xff, 0xe7, 0xd, 0xd9, 0x40, 0x3f, 0xf9,
    0x87, 0x88, 0x14, 0x40, 0x1f, 0xfc, 0xa6, 0xc2,
    0x0, 0x98, 0x3, 0xff, 0x93, 0xd2, 0x1, 0x16,
    0xa0, 0x7, 0xff, 0x24, 0x80, 0x25, 0xd2, 0x0,
    0xff, 0xe6, 0xcd, 0x0, 0x7f, 0xf3, 0x47, 0x18,
    0x3, 0xff, 0x8e, 0x2c, 0x1, 0x87, 0xcc, 0x3,
    0xff, 0x8e, 0x7e, 0x1, 0xda, 0x20, 0x1f, 0xfc,
    0x77, 0xc1, 0x0, 0xff, 0xe6, 0xd, 0xc0, 0x7,
    0xff, 0x39, 0x10, 0x1, 0xff, 0xcf, 0x56, 0x0,
    0x53, 0x0, 0x7f, 0xf3, 0x25, 0xb5, 0x40, 0x3f,
    0xf9, 0xd2, 0x40, 0x1f, 0xff, 0xf0, 0xf, 0xff,
    0xf8, 0x7, 0xff, 0x49, 0x4c, 0xff, 0xf8, 0xa2,
    0x1, 0xfe, 0x9c, 0xcf, 0xfe, 0x2b, 0x80, 0x7f,
    0xff, 0xc0, 0x3f, 0xf8, 0x0,

    /* U+0142 "ł" */
    0x0, 0xe4, 0xff, 0xca, 0x1, 0xff, 0xff, 0x0,
    0xff, 0xff, 0x80, 0x7f, 0xfb, 0xe3, 0x40, 0x3f,
    0xf8, 0x5, 0x6e, 0x54, 0x1, 0xff, 0x42, 0x0,
    0x14, 0xc0, 0x3f, 0xf8, 0x54, 0x60, 0x1f, 0xfc,
    0x2, 0xd5, 0x0, 0xf1, 0x0, 0x72, 0xe9, 0x0,
    0x79, 0x64, 0x3, 0x1d, 0x0, 0x7d, 0x34, 0x1,
    0xd2, 0x1, 0xe1, 0xc6, 0x0, 0xff, 0xe0, 0xf,
    0x98, 0x7, 0xff, 0x4, 0x50, 0x0, 0x2e, 0x1,
    0xff, 0x51, 0x1f, 0xe0, 0x7, 0xff, 0x3, 0xf0,
    0x40, 0x3f, 0xf8, 0x24, 0x1, 0xff, 0xff, 0x0,
    0xff, 0xff, 0x80, 0x7c,

    /* U+0143 "Ń" */
    0x0, 0xff, 0xe2, 0x1f, 0x7f, 0xe8, 0x0, 0xff,
    0xe4, 0xa6, 0x8, 0x0, 0x6e, 0x0, 0x3f, 0xf9,
    0xb, 0x60, 0x11, 0xfa, 0x0, 0x7f, 0xf2, 0x1e,
    0x80, 0x27, 0xc1, 0x0, 0xff, 0xe4, 0x44, 0x0,
    0x3, 0x70, 0x1, 0xff, 0xc9, 0x97, 0x0, 0x27,
    0xa0, 0x7, 0xff, 0x2a, 0x7f, 0xeb, 0x10, 0xf,
    0xff, 0xd7, 0xfe, 0x50, 0xf, 0xfe, 0x3e, 0xff,
    0xe0, 0xd, 0x46, 0x1, 0xff, 0xd0, 0xd1, 0x0,
    0xff, 0xe7, 0x8d, 0x0, 0x7f, 0xf4, 0x12, 0x0,
    0x3f, 0xfa, 0xe, 0xa0, 0x1f, 0xfd, 0xa, 0x20,
    0xf, 0xfe, 0x87, 0x88, 0x7, 0xff, 0x3c, 0xa8,
    0x3, 0xff, 0x94, 0x50, 0x1, 0x92, 0x0, 0x3f,
    0xf9, 0x4e, 0xa0, 0x19, 0xd4, 0x3, 0xff, 0x95,
    0x44, 0x1, 0xa8, 0x80, 0x3f, 0xf9, 0x5e, 0x1,
    0xde, 0x1, 0xff, 0xca, 0x2b, 0x0, 0xc5, 0x60,
    0x1f, 0xfc, 0xa4, 0x70, 0xc, 0x90, 0x1, 0xff,
    0xca, 0x84, 0x0, 0xce, 0x80, 0x1f, 0xfc, 0xab,
    0x20, 0xd, 0x64, 0x1, 0xff, 0xca, 0xf0, 0xe,
    0xf0, 0xf, 0xfe, 0x51, 0x50, 0x6, 0x2a, 0x0,
    0xff, 0xe5, 0x2b, 0x80, 0x65, 0x70, 0xf, 0xfe,
    0x54, 0x20, 0x6, 0x84, 0x0, 0xff, 0xe5, 0x51,
    0x0, 0x6a, 0x20, 0xf, 0xfe, 0x48, 0xf8, 0x6,
    0x1f, 0x0, 0xff, 0xe5, 0x15, 0x0, 0x62, 0xa0,
    0xf, 0xfe, 0x52, 0xb8, 0x6, 0x57, 0x0, 0xff,
    0xe5, 0x42, 0x0, 0x68, 0x20, 0xf, 0xfe, 0x55,
    0x8, 0x7, 0xff, 0x3c, 0x74, 0x3, 0xff, 0xa0,
    0x74, 0x1, 0xff, 0xd0, 0x56, 0x0, 0xff, 0xe8,
    0x49, 0x80, 0x7f, 0xf4, 0x34, 0x40, 0x3f, 0xf9,
    0xe3, 0xa0, 0x1f, 0xfd, 0x3, 0x90, 0xc,

    /* U+0144 "ń" */
    0x0, 0xff, 0xe1, 0x1f, 0x7f, 0xe9, 0x0, 0xff,
    0xe2, 0x9e, 0x88, 0x5, 0x32, 0x0, 0xff, 0xe2,
    0x1e, 0x88, 0x0, 0x71, 0x80, 0x3f, 0xf8, 0x87,
    0x82, 0x0, 0x3f, 0x30, 0xf, 0xfe, 0x21, 0xe0,
    0x4, 0xd8, 0x20, 0x1f, 0xfc, 0x43, 0xc0, 0xa,
    0x64, 0x1, 0xff, 0xc6, 0x58, 0x8b, 0x18, 0x3,
    0xff, 0x8e, 0xce, 0xf1, 0x80, 0x7f, 0xfc, 0x6b,
    0xfe, 0xc0, 0xc, 0x93, 0x9d, 0xfe, 0xec, 0x82,
    0x0, 0xff, 0xe0, 0xa6, 0xdb, 0x18, 0x80, 0x4,
    0xdf, 0x6c, 0x80, 0x3f, 0xd3, 0x64, 0x1, 0xfe,
    0x4d, 0x40, 0xf, 0xd2, 0xc0, 0x1f, 0xfc, 0x2b,
    0x30, 0xf, 0x1b, 0x0, 0x44, 0xf5, 0x98, 0xa7,
    0x10, 0xe, 0xe0, 0xf, 0xf4, 0xec, 0x29, 0x99,
    0x63, 0x98, 0x3, 0x13, 0x0, 0x7c, 0x3a, 0xc0,
    0x1f, 0xa5, 0x80, 0x35, 0x80, 0x7d, 0x44, 0x1,
    0xfe, 0x91, 0x0, 0x88, 0x40, 0x38, 0xd0, 0x3,
    0xff, 0x80, 0xc0, 0x19, 0x40, 0x3a, 0x80, 0x3f,
    0xf8, 0x38, 0x1, 0x88, 0x3, 0x90, 0x3, 0xff,
    0x82, 0xc0, 0x18, 0x40, 0x38, 0x80, 0x3f, 0xf8,
    0x26, 0x1, 0xbc, 0x3, 0xff, 0xfe, 0x1, 0xff,
    0xff, 0x0, 0xff, 0xff, 0x80, 0x7f, 0xff, 0xc0,
    0x3f, 0xfc, 0xc0,

    /* U+0147 "Ň" */
    0x0, 0xf4, 0xff, 0xd4, 0x1, 0xe1, 0xbf, 0xfa,
    0x0, 0x3f, 0xf8, 0x12, 0xe0, 0x5, 0xc1, 0x0,
    0x8b, 0x10, 0x1, 0x10, 0x0, 0xff, 0xe0, 0xc4,
    0x0, 0x7, 0xe8, 0xb, 0xa4, 0x0, 0x97, 0x0,
    0xff, 0xe1, 0xbc, 0x80, 0x6, 0xed, 0x40, 0x15,
    0x30, 0x7, 0xff, 0x15, 0xa4, 0x2, 0x40, 0xa,
    0xd4, 0x3, 0xff, 0x8e, 0xd4, 0x1, 0xd8, 0x80,
    0x1f, 0xfc, 0x95, 0xff, 0xe3, 0x0, 0xff, 0xfc,
    0xff, 0xe5, 0x0, 0xff, 0xe3, 0xef, 0xfe, 0x0,
    0xd4, 0x60, 0x1f, 0xfd, 0xd, 0x10, 0xf, 0xfe,
    0x78, 0xd0, 0x7, 0xff, 0x41, 0x20, 0x3, 0xff,
    0xa0, 0xea, 0x1, 0xff, 0xd0, 0xa2, 0x0, 0xff,
    0xe8, 0x78, 0x80, 0x7f, 0xf3, 0xca, 0x80, 0x3f,
    0xf9, 0x45, 0x0, 0x19, 0x20, 0x3, 0xff, 0x94,
    0xea, 0x1, 0x9d, 0x40, 0x3f, 0xf9, 0x54, 0x40,
    0x1a, 0x88, 0x3, 0xff, 0x95, 0xe0, 0x1d, 0xe0,
    0x1f, 0xfc, 0xa2, 0xb0, 0xc, 0x56, 0x1, 0xff,
    0xca, 0x47, 0x0, 0xc9, 0x0, 0x1f, 0xfc, 0xa8,
    0x40, 0xc, 0xe8, 0x1, 0xff, 0xca, 0xb2, 0x0,
    0xd6, 0x40, 0x1f, 0xfc, 0xaf, 0x0, 0xef, 0x0,
    0xff, 0xe5, 0x15, 0x0, 0x62, 0xa0, 0xf, 0xfe,
    0x52, 0xb8, 0x6, 0x57, 0x0, 0xff, 0xe5, 0x42,
    0x0, 0x68, 0x40, 0xf, 0xfe, 0x55, 0x10, 0x6,
    0xa2, 0x0, 0xff, 0xe4, 0x8f, 0x80, 0x61, 0xf0,
    0xf, 0xfe, 0x51, 0x50, 0x6, 0x2a, 0x0, 0xff,
    0xe5, 0x2b, 0x80, 0x65, 0x70, 0xf, 0xfe, 0x54,
    0x20, 0x6, 0x82, 0x0, 0xff, 0xe5, 0x50, 0x80,
    0x7f, 0xf3, 0xc7, 0x40, 0x3f, 0xfa, 0x7, 0x40,
    0x1f, 0xfd, 0x5, 0x60, 0xf, 0xfe, 0x84, 0x98,
    0x7, 0xff, 0x43, 0x44, 0x3, 0xff, 0x9e, 0x3a,
    0x1, 0xff, 0xd0, 0x39, 0x0, 0xc0,

    /* U+0148 "ň" */
    0x0, 0xd5, 0xff, 0x48, 0x7, 0xd5, 0xff, 0x48,
    0x7, 0xea, 0x50, 0x3, 0x58, 0x80, 0x43, 0x8a,
    0x0, 0x69, 0x0, 0xfe, 0xa5, 0x0, 0x26, 0x10,
    0x17, 0x98, 0x1, 0xa4, 0x3, 0xfe, 0xa5, 0x0,
    0x16, 0x3e, 0x88, 0x1, 0xa4, 0x3, 0xff, 0x83,
    0x4a, 0x0, 0x18, 0x0, 0x9a, 0x40, 0x3f, 0xf8,
    0x74, 0xa0, 0x1c, 0xd2, 0x1, 0xff, 0xc5, 0xa9,
    0x88, 0xa6, 0x40, 0x1f, 0xfc, 0x76, 0x77, 0x98,
    0x3, 0xff, 0xe1, 0x5f, 0xf6, 0x0, 0x64, 0x9c,
    0xef, 0xf7, 0x64, 0x10, 0x7, 0xff, 0x5, 0x36,
    0xd8, 0xc4, 0x0, 0x26, 0xfb, 0x64, 0x1, 0xfe,
    0x9b, 0x20, 0xf, 0xf2, 0x6a, 0x0, 0x7e, 0x96,
    0x0, 0xff, 0xe1, 0x59, 0x80, 0x78, 0xd8, 0x2,
    0x27, 0xac, 0xc5, 0x38, 0x80, 0x77, 0x0, 0x7f,
    0xa7, 0x61, 0x4c, 0xcb, 0x1c, 0xc0, 0x18, 0x98,
    0x3, 0xe1, 0xd6, 0x0, 0xfd, 0x2c, 0x1, 0xac,
    0x3, 0xea, 0x20, 0xf, 0xf4, 0x88, 0x4, 0x42,
    0x1, 0xc6, 0x80, 0x1f, 0xfc, 0x6, 0x0, 0xca,
    0x1, 0xd4, 0x1, 0xff, 0xc1, 0xc0, 0xc, 0x40,
    0x1c, 0x80, 0x1f, 0xfc, 0x16, 0x0, 0xc2, 0x1,
    0xc4, 0x1, 0xff, 0xc1, 0x30, 0xd, 0xe0, 0x1f,
    0xff, 0xf0, 0xf, 0xff, 0xf8, 0x7, 0xff, 0xfc,
    0x3, 0xff, 0xfe, 0x1, 0xff, 0xe6,

    /* U+0152 "Œ" */
    0x0, 0xff, 0xe0, 0x1b, 0xd6, 0x77, 0xff, 0xff,
    0x4e, 0x80, 0x3f, 0xc3, 0x1d, 0x90, 0xa6, 0x20,
    0x1f, 0xfd, 0xd8, 0xe7, 0x10, 0xf, 0xff, 0x1,
    0xf3, 0x80, 0x7f, 0xf8, 0x9b, 0x4, 0x3, 0xc8,
    0xf5, 0x79, 0x9e, 0xb0, 0xc, 0x79, 0x9f, 0xfc,
    0x68, 0x0, 0xe6, 0x90, 0xe, 0x29, 0xfb, 0x85,
    0x43, 0x3f, 0x28, 0x6, 0x73, 0x3f, 0xfe, 0x31,
    0x0, 0x64, 0x90, 0xe, 0x8d, 0x60, 0xf, 0xfe,
    0xd8, 0xd0, 0x6, 0x1c, 0x70, 0xf, 0xfe, 0xec,
    0x8, 0x6, 0xd3, 0x0, 0xff, 0xee, 0x8b, 0x0,
    0x6a, 0x30, 0xf, 0xfe, 0xf4, 0x80, 0x64, 0x50,
    0xf, 0xfe, 0xfa, 0x80, 0x68, 0x0, 0xff, 0xef,
    0x91, 0x0, 0x22, 0x30, 0xf, 0xfe, 0xfb, 0x80,
    0x65, 0x0, 0xff, 0xf0, 0x68, 0x6, 0xd0, 0xf,
    0xfe, 0x61, 0x17, 0xff, 0x10, 0x40, 0x21, 0x0,
    0xcc, 0x1, 0xff, 0xcb, 0x4d, 0xdf, 0xfe, 0x24,
    0x0, 0x46, 0x1, 0x84, 0x3, 0xff, 0xfe, 0x1,
    0xff, 0xc7, 0x30, 0xc, 0x20, 0x1f, 0xfe, 0x1,
    0x0, 0xcc, 0x1, 0xff, 0xcb, 0x4f, 0xff, 0xfe,
    0x24, 0x80, 0x5c, 0x1, 0xb4, 0x3, 0xff, 0xc0,
    0x80, 0x19, 0x40, 0x3f, 0xfc, 0x4, 0x20, 0x11,
    0x18, 0x7, 0xff, 0x81, 0xc0, 0x34, 0x0, 0x7f,
    0xf8, 0x2c, 0x3, 0x22, 0x80, 0x7f, 0xf7, 0xc9,
    0x40, 0x35, 0x90, 0x7, 0xff, 0x7e, 0xc4, 0x2,
    0x1c, 0x30, 0xf, 0xfe, 0xf0, 0xd0, 0x6, 0x1c,
    0x70, 0xf, 0xfe, 0xf2, 0x48, 0x7, 0x46, 0xb0,
    0x7, 0xff, 0x75, 0xa0, 0x3, 0x8a, 0x7e, 0xe1,
    0x50, 0xcf, 0xca, 0x1, 0x9c, 0xcf, 0xff, 0x8e,
    0x20, 0x1c, 0xf6, 0x20, 0x1e, 0x47, 0xab, 0xcc,
    0xf5, 0x80, 0x63, 0xcc, 0xff, 0xe3, 0xa0, 0x7,
    0x93, 0xd8, 0x3, 0xff, 0xc8, 0x33, 0xce, 0x20,
    0x1f, 0xfe, 0x31, 0x8e, 0xc8, 0x53, 0x10, 0xf,
    0xfe, 0xa8,

    /* U+0153 "œ" */
    0x0, 0xfc, 0x71, 0x7d, 0xfe, 0xed, 0xa5, 0x0,
    0xff, 0xe0, 0x2d, 0x6f, 0x7f, 0xb6, 0xdc, 0x40,
    0x3f, 0xf8, 0x4b, 0xb8, 0xe8, 0x20, 0x1, 0x25,
    0xaf, 0x80, 0xf, 0xd1, 0xf4, 0xa4, 0x20, 0x2,
    0x48, 0xea, 0x20, 0xf, 0xf0, 0xdd, 0x10, 0x7,
    0xfc, 0xfc, 0x60, 0x18, 0xf9, 0xc0, 0x3f, 0xe5,
    0xd6, 0x0, 0xfc, 0x5e, 0x80, 0x1f, 0xfc, 0x21,
    0xc5, 0x0, 0x26, 0x8, 0x7, 0xff, 0xa, 0x5c,
    0x3, 0xc3, 0x82, 0x1, 0x85, 0xef, 0x7b, 0x69,
    0x40, 0x3a, 0x8c, 0xac, 0x3, 0x96, 0xb7, 0xb6,
    0xdc, 0x40, 0x34, 0x30, 0x7, 0x50, 0x80, 0x68,
    0xe8, 0x42, 0x12, 0x5a, 0xd2, 0x0, 0xdb, 0xc0,
    0x19, 0x3a, 0x94, 0x84, 0x92, 0x39, 0xc0, 0x34,
    0x90, 0x4, 0xc8, 0x1, 0xad, 0xc0, 0x3f, 0x16,
    0xa8, 0x4, 0x26, 0x1, 0x35, 0x88, 0x7, 0xe8,
    0x90, 0xd, 0x0, 0x15, 0x80, 0x69, 0x40, 0xf,
    0xfa, 0x88, 0x3, 0xc7, 0x20, 0x1f, 0xf3, 0x38,
    0x4, 0xa4, 0x8, 0x40, 0x12, 0x30, 0x7, 0xff,
    0x7, 0x80, 0x3d, 0xc0, 0x1f, 0xfc, 0x18, 0x10,
    0x9, 0x43, 0x40, 0x37, 0x80, 0x7f, 0xf0, 0x8c,
    0xc0, 0x18, 0xc8, 0x3, 0xff, 0x84, 0xe0, 0x15,
    0x82, 0x80, 0x64, 0x0, 0xff, 0xe1, 0xd8, 0x6,
    0x40, 0xf, 0xfe, 0x1e, 0x0, 0x44, 0x4, 0x1,
    0x18, 0x7, 0xff, 0x10, 0xc0, 0x33, 0xff, 0xff,
    0xf0, 0xe8, 0x2, 0x11, 0x80, 0x27, 0x0, 0xff,
    0xe2, 0x38, 0x7, 0xff, 0xf4, 0xc4, 0x2, 0x70,
    0xf, 0xfe, 0x23, 0x80, 0x66, 0xcc, 0xff, 0xe4,
    0x11, 0x0, 0x23, 0x0, 0xff, 0xe2, 0x18, 0x6,
    0x23, 0x3f, 0xfe, 0x40, 0x20, 0x6, 0x40, 0xf,
    0xfe, 0x1d, 0x80, 0x64, 0x10, 0xf, 0xfe, 0x45,
    0x80, 0x6f, 0x0, 0xff, 0xe1, 0x19, 0x80, 0x39,
    0x80, 0x3f, 0xf9, 0x6, 0x40, 0x12, 0x30, 0x7,
    0xff, 0x7, 0x80, 0x3d, 0x4, 0x1, 0xff, 0xc8,
    0x80, 0xd, 0x28, 0x1, 0xff, 0x59, 0x0, 0x7d,
    0x84, 0x1, 0xff, 0xc0, 0xc9, 0x0, 0xe5, 0x40,
    0xd, 0x6e, 0x1, 0xf8, 0xb5, 0x0, 0x22, 0x40,
    0x8, 0x75, 0x80, 0x3f, 0x93, 0x4d, 0x98, 0x1,
    0xd4, 0x40, 0x1a, 0x3a, 0x10, 0x84, 0x96, 0xb4,
    0x80, 0x37, 0x51, 0x0, 0x69, 0xe8, 0x42, 0x12,
    0x47, 0xcb, 0x20, 0x4, 0x98, 0x6, 0x1f, 0x20,
    0xc, 0x2f, 0x7b, 0xdb, 0x4a, 0x1, 0xd6, 0x63,
    0xe4, 0x1, 0x85, 0xef, 0x7b, 0x6e, 0xc, 0x3,
    0x21, 0x80, 0x71, 0x62, 0x0, 0x7f, 0xf0, 0x8b,
    0x10, 0x0, 0x58, 0x80, 0x1f, 0xfc, 0x35, 0xb0,
    0xf, 0x86, 0xe8, 0x80, 0x3f, 0xc2, 0xfa, 0x60,
    0x18, 0x6e, 0x8c, 0x3, 0xfe, 0x3c, 0xa0, 0xf,
    0xf2, 0xee, 0x3a, 0x8, 0x0, 0x49, 0x6b, 0xa0,
    0x3, 0xf2, 0xe6, 0x1d, 0x4, 0x2, 0x24, 0x8c,
    0xc1, 0x80, 0x70,

    /* U+0154 "Ŕ" */
    0x0, 0xff, 0xe1, 0x16, 0xff, 0xea, 0x0, 0xff,
    0xe4, 0x16, 0x10, 0x5, 0x34, 0x1, 0xff, 0xc7,
    0x3d, 0x10, 0x1, 0x63, 0x0, 0x7f, 0xf1, 0xd3,
    0x0, 0x25, 0xd3, 0x0, 0xff, 0xe3, 0xad, 0x80,
    0x53, 0x40, 0x1f, 0xfc, 0x87, 0xa0, 0x1, 0x6b,
    0x0, 0x7f, 0xf2, 0x5f, 0xfe, 0xd2, 0x0, 0xff,
    0xfc, 0xff, 0xff, 0xf0, 0xbb, 0x6e, 0x10, 0x3,
    0xff, 0x96, 0x24, 0x8f, 0x7d, 0x2, 0x1, 0xff,
    0xcd, 0x17, 0xe6, 0x0, 0xff, 0xe7, 0xcd, 0x0,
    0x7e, 0x1c, 0xcf, 0xd7, 0x52, 0xa2, 0x1, 0xcb,
    0x20, 0x1f, 0x19, 0xff, 0x22, 0xb5, 0x75, 0x8,
    0x6, 0x65, 0x0, 0xff, 0xe4, 0x2f, 0x18, 0x6,
    0xb0, 0xf, 0xfe, 0x56, 0x8, 0x4, 0x2a, 0x1,
    0xff, 0xca, 0xb0, 0xd, 0xe0, 0x1f, 0xfc, 0xa5,
    0x0, 0xc8, 0x1, 0xff, 0xcb, 0x30, 0x8, 0x40,
    0x3f, 0xf9, 0x6e, 0x1, 0x84, 0x3, 0xff, 0x94,
    0x20, 0x18, 0xc0, 0x3f, 0xf9, 0x4c, 0x1, 0x8c,
    0x3, 0xff, 0x94, 0x60, 0x10, 0x88, 0x3, 0xff,
    0x92, 0xa0, 0x19, 0x40, 0x3f, 0xf9, 0x50, 0x1,
    0xb4, 0x3, 0xff, 0x93, 0x64, 0x1, 0xb, 0x0,
    0x7f, 0xf1, 0xd3, 0x50, 0x3, 0x40, 0x7, 0xc4,
    0x5f, 0xc6, 0xb1, 0xb6, 0x40, 0x19, 0x18, 0x3,
    0xc5, 0xbb, 0xfd, 0x94, 0xe4, 0x1, 0xc9, 0x60,
    0x1f, 0xfc, 0xd7, 0xb0, 0xf, 0xfe, 0x63, 0x6c,
    0x0, 0x7f, 0xf1, 0xc4, 0x3, 0xa8, 0x80, 0x3f,
    0xc5, 0xff, 0xfd, 0xd4, 0x1, 0xb8, 0x3, 0xff,
    0x94, 0xac, 0x1, 0x14, 0x80, 0x7f, 0xf2, 0xa4,
    0x80, 0x26, 0x50, 0xf, 0xfe, 0x57, 0x0, 0x6b,
    0x10, 0xf, 0xfe, 0x49, 0xc0, 0x4, 0x3a, 0x1,
    0xff, 0xca, 0x74, 0x0, 0x8d, 0xc0, 0x3f, 0xf9,
    0x54, 0x20, 0x14, 0x18, 0x7, 0xff, 0x24, 0x68,
    0x3, 0x70, 0x7, 0xff, 0x29, 0x18, 0x2, 0x2a,
    0x0, 0xff, 0xe5, 0x49, 0x0, 0x4a, 0xa0,

    /* U+0155 "ŕ" */
    0x0, 0xfe, 0x5f, 0xfe, 0x60, 0xf, 0xe5, 0xa0,
    0x8, 0x71, 0x80, 0x3f, 0x35, 0x0, 0x47, 0xe6,
    0x1, 0xf9, 0xa4, 0x2, 0x6c, 0x10, 0xf, 0xcd,
    0x20, 0x14, 0xc8, 0x3, 0xf9, 0xa4, 0x0, 0x38,
    0xc0, 0x1f, 0xc2, 0x28, 0x8b, 0xcc, 0x3, 0xfc,
    0x2e, 0xf8, 0x40, 0x3f, 0xfb, 0xd5, 0xff, 0x60,
    0x6, 0x49, 0xce, 0xf0, 0xf, 0xf2, 0xf5, 0xb1,
    0x88, 0x7, 0xfa, 0x68, 0x40, 0x3f, 0xf8, 0x30,
    0xc0, 0x1f, 0xfc, 0x22, 0x70, 0xc, 0x4a, 0xce,
    0x1, 0xf0, 0x80, 0x49, 0x9b, 0x53, 0x0, 0x1f,
    0xe8, 0xb3, 0x0, 0xff, 0xe0, 0xb3, 0x80, 0x7f,
    0xf0, 0x86, 0x40, 0x3f, 0xf8, 0x6c, 0x1, 0xff,
    0xc4, 0xc0, 0xf, 0xfe, 0x22, 0x80, 0x7f, 0xf1,
    0x4, 0x3, 0xff, 0xfe, 0x1, 0xff, 0xff, 0x0,
    0xff, 0xff, 0x80, 0x7c,

    /* U+015A "Ś" */
    0x0, 0xff, 0xe2, 0xb4, 0x46, 0x70, 0xf, 0xfe,
    0x44, 0xc9, 0xde, 0x55, 0x0, 0x7f, 0xf1, 0xe5,
    0x80, 0x24, 0xd2, 0x0, 0xff, 0xe3, 0x4b, 0x0,
    0x4f, 0x60, 0x1f, 0xfc, 0x79, 0x60, 0xa, 0xa0,
    0x3, 0xff, 0x8f, 0x2c, 0x0, 0x2d, 0x50, 0xf,
    0xfe, 0x3d, 0x30, 0x1, 0x30, 0x80, 0x3f, 0xf9,
    0x15, 0xff, 0x58, 0x80, 0x7f, 0xff, 0x5, 0xab,
    0x3b, 0xfe, 0xec, 0x96, 0x30, 0xf, 0xfe, 0x1,
    0xdf, 0x4a, 0x98, 0x80, 0x42, 0x6d, 0x39, 0xb0,
    0x20, 0x1f, 0xa7, 0x10, 0x3, 0xff, 0x82, 0x4f,
    0xd0, 0x1, 0xec, 0x60, 0xf, 0xfe, 0x33, 0x98,
    0x6, 0xa3, 0x0, 0xe5, 0x9b, 0xdd, 0x65, 0xca,
    0x88, 0x6, 0x23, 0x0, 0x91, 0x40, 0x32, 0xf5,
    0x32, 0x11, 0xd, 0x1a, 0xbb, 0x18, 0x1, 0x60,
    0x1b, 0xc0, 0x33, 0x50, 0x80, 0x7f, 0x8e, 0x79,
    0x98, 0x1, 0x90, 0x2, 0x19, 0x0, 0xff, 0xe1,
    0xc, 0x80, 0x62, 0x0, 0xce, 0x1, 0xff, 0xc9,
    0x10, 0xc, 0x20, 0x1f, 0xfc, 0x91, 0x0, 0xc4,
    0x1, 0xff, 0xc9, 0x20, 0xc, 0xa2, 0x1, 0xff,
    0xc9, 0x40, 0xd, 0x86, 0x1, 0xff, 0xc8, 0xf0,
    0xc, 0x59, 0x24, 0x1, 0xff, 0xc6, 0x47, 0x0,
    0xe6, 0xdd, 0x42, 0x0, 0x7f, 0xf1, 0x21, 0xc0,
    0x3c, 0x4f, 0x7f, 0x90, 0x80, 0x1f, 0xfc, 0x18,
    0xb2, 0x0, 0xfc, 0x6f, 0x7f, 0x6c, 0x1, 0xff,
    0x26, 0xd2, 0x0, 0x7f, 0x92, 0x79, 0xc0, 0x3f,
    0xe5, 0xbe, 0xa6, 0x20, 0xf, 0xc3, 0x1a, 0x40,
    0x1f, 0xf0, 0xac, 0xef, 0x53, 0x10, 0x7, 0x8b,
    0x8, 0x3, 0xff, 0x84, 0x2b, 0x3b, 0xa7, 0x10,
    0xc, 0x3c, 0x1, 0xff, 0xc6, 0x28, 0xe5, 0x0,
    0xc6, 0xa0, 0x1f, 0xfc, 0x8a, 0x60, 0xd, 0x80,
    0x1f, 0xfc, 0x98, 0x0, 0xca, 0x1, 0xff, 0xc9,
    0x11, 0x0, 0x42, 0x1, 0xff, 0xca, 0x10, 0x8,
    0x40, 0xc, 0xa0, 0x1f, 0xfc, 0x54, 0x0, 0xca,
    0x0, 0x8a, 0xa1, 0x0, 0x7f, 0xf0, 0x86, 0x40,
    0x36, 0x83, 0x8, 0x2e, 0xd2, 0x0, 0x7f, 0xc7,
    0x84, 0x1, 0x12, 0x5, 0x80, 0x65, 0xbe, 0xa6,
    0x42, 0x28, 0xd5, 0xf3, 0x4, 0x1, 0xa4, 0x1,
    0xc2, 0x1, 0xc2, 0xb3, 0x7b, 0xb6, 0x54, 0x18,
    0x7, 0x4a, 0x0, 0xf, 0x9c, 0x3, 0xff, 0x8c,
    0x36, 0xc0, 0x1d, 0x1d, 0x4, 0x1, 0xff, 0xc1,
    0x17, 0xf4, 0x0, 0xf8, 0x5f, 0x75, 0x2c, 0x62,
    0x1, 0x89, 0x1e, 0xfa, 0x4, 0x3, 0x0,

    /* U+015B "ś" */
    0x0, 0xff, 0xe0, 0xd7, 0xfe, 0xd3, 0x0, 0xff,
    0xe1, 0x52, 0x80, 0x49, 0x86, 0x1, 0xff, 0xc1,
    0xa5, 0x0, 0x9e, 0xc4, 0x3, 0xff, 0x83, 0x6a,
    0x1, 0x54, 0x0, 0x7f, 0xf0, 0xad, 0x0, 0x5,
    0x8a, 0x1, 0xff, 0xc2, 0xb4, 0x0, 0x26, 0x18,
    0x7, 0xff, 0x8, 0xf2, 0x21, 0x36, 0x20, 0x1f,
    0xfc, 0x33, 0x77, 0x98, 0x3, 0xff, 0xe0, 0x71,
    0x7d, 0xcf, 0xf7, 0x64, 0xb0, 0x80, 0x7e, 0x4d,
    0xc7, 0x41, 0x10, 0x0, 0x4d, 0xa7, 0xb1, 0x40,
    0x3a, 0x6c, 0x80, 0x3f, 0xf8, 0x7, 0x52, 0x1,
    0x4b, 0x0, 0x7f, 0xf1, 0x28, 0x0, 0x8c, 0x1,
    0x92, 0xb7, 0xfe, 0xdb, 0x72, 0x0, 0x29, 0x80,
    0x38, 0x3, 0x4d, 0xa9, 0x0, 0x44, 0x91, 0xb6,
    0x70, 0x1, 0x20, 0x4, 0x8c, 0x1, 0xfe, 0x4c,
    0x20, 0x8, 0x40, 0x22, 0x0, 0xff, 0xe4, 0xa8,
    0x7, 0xff, 0x14, 0xc0, 0x23, 0x80, 0xf, 0xfe,
    0x25, 0x80, 0x67, 0xd8, 0x40, 0xf, 0xfe, 0xb,
    0x90, 0x6, 0x27, 0xbf, 0xda, 0x74, 0x0, 0xfe,
    0xc3, 0x0, 0xf8, 0x96, 0x2f, 0xf1, 0x80, 0x3c,
    0x39, 0x46, 0x1, 0xfe, 0x39, 0xe4, 0x0, 0xf2,
    0xe6, 0xcb, 0x18, 0x7, 0xe1, 0xb4, 0x0, 0xf8,
    0x9a, 0x73, 0xf6, 0x9c, 0x80, 0x3a, 0x80, 0x3f,
    0xf8, 0x4, 0xb1, 0xb6, 0x20, 0x10, 0xa8, 0x7,
    0xff, 0xd, 0x34, 0x3, 0x68, 0x7, 0xff, 0x10,
    0xc0, 0x31, 0x0, 0xb0, 0x7, 0xff, 0x4, 0x80,
    0x31, 0x4, 0xcb, 0x58, 0x3, 0xfe, 0x90, 0xd,
    0xa2, 0xe0, 0x53, 0xf4, 0xe6, 0x42, 0x2, 0x6f,
    0xa8, 0x1, 0xa, 0xc0, 0x7, 0x2c, 0x66, 0xf7,
    0xf6, 0x41, 0x0, 0x6a, 0xa, 0x20, 0xf, 0xfe,
    0x2d, 0xa0, 0x1e, 0xd2, 0x0, 0x7f, 0xf0, 0x57,
    0x90, 0x3, 0x2d, 0xf5, 0x39, 0x90, 0x80, 0x4,
    0xda, 0x7a, 0x84, 0x2,

    /* U+0160 "Š" */
    0x0, 0xf3, 0xc4, 0x44, 0x1, 0xf1, 0xc4, 0x4c,
    0x1, 0xfe, 0x47, 0x7b, 0x50, 0x3, 0x97, 0x1d,
    0xcc, 0x80, 0x1f, 0xe3, 0xc0, 0xa, 0xd8, 0x2,
    0x7a, 0x0, 0xe, 0x10, 0x7, 0xfc, 0x78, 0x1,
    0x4c, 0x4, 0xc0, 0x0, 0x70, 0x80, 0x3f, 0xf8,
    0x27, 0x60, 0x13, 0xf3, 0x0, 0x7, 0x8, 0x3,
    0xff, 0x86, 0x96, 0x1, 0x8, 0x0, 0x74, 0x80,
    0x3f, 0xf8, 0xa9, 0x60, 0x1d, 0xa6, 0x1, 0xff,
    0xc7, 0x4f, 0xfe, 0x30, 0xf, 0xff, 0xd8, 0xb5,
    0x67, 0x7f, 0xdd, 0x92, 0xc6, 0x1, 0xff, 0xc0,
    0x3b, 0xe9, 0x53, 0x10, 0x8, 0x4d, 0xa7, 0x36,
    0x4, 0x3, 0xf4, 0xe2, 0x0, 0x7f, 0xf0, 0x49,
    0xfa, 0x0, 0x3d, 0x8c, 0x1, 0xff, 0xc6, 0x73,
    0x0, 0xd4, 0x60, 0x1c, 0xb3, 0x7b, 0xac, 0xb9,
    0x51, 0x0, 0xc4, 0x60, 0x12, 0x28, 0x6, 0x5e,
    0xa6, 0x42, 0x21, 0xa3, 0x57, 0x63, 0x0, 0x2c,
    0x3, 0x78, 0x6, 0x6a, 0x10, 0xf, 0xf1, 0xcf,
    0x33, 0x0, 0x32, 0x0, 0x43, 0x20, 0x1f, 0xfc,
    0x21, 0x90, 0xc, 0x40, 0x19, 0xc0, 0x3f, 0xf9,
    0x22, 0x1, 0x84, 0x3, 0xff, 0x92, 0x20, 0x18,
    0x80, 0x3f, 0xf9, 0x24, 0x1, 0x94, 0x40, 0x3f,
    0xf9, 0x28, 0x1, 0xb0, 0xc0, 0x3f, 0xf9, 0x1e,
    0x1, 0x8b, 0x24, 0x80, 0x3f, 0xf8, 0xc8, 0xe0,
    0x1c, 0xdb, 0xa8, 0x40, 0xf, 0xfe, 0x24, 0x38,
    0x7, 0x89, 0xef, 0xf2, 0x10, 0x3, 0xff, 0x83,
    0x16, 0x40, 0x1f, 0x8d, 0xef, 0xed, 0x80, 0x3f,
    0xe4, 0xda, 0x40, 0xf, 0xf2, 0x4f, 0x38, 0x7,
    0xfc, 0xb7, 0xd4, 0xc4, 0x1, 0xf8, 0x63, 0x48,
    0x3, 0xfe, 0x15, 0x9d, 0xea, 0x62, 0x0, 0xf1,
    0x61, 0x0, 0x7f, 0xf0, 0x85, 0x67, 0x74, 0xe2,
    0x1, 0x87, 0x80, 0x3f, 0xf8, 0xc5, 0x1c, 0xa0,
    0x18, 0xd4, 0x3, 0xff, 0x91, 0x4c, 0x1, 0xb0,
    0x3, 0xff, 0x93, 0x0, 0x19, 0x40, 0x3f, 0xf9,
    0x22, 0x20, 0x8, 0x40, 0x3f, 0xf9, 0x42, 0x1,
    0x8, 0x1, 0x94, 0x3, 0xff, 0x8a, 0x80, 0x19,
    0x40, 0x11, 0x54, 0x20, 0xf, 0xfe, 0x10, 0xc8,
    0x6, 0xd0, 0x61, 0x5, 0xda, 0x40, 0xf, 0xf8,
    0xf0, 0x80, 0x22, 0x40, 0xb0, 0xc, 0xb7, 0xd4,
    0xc8, 0x45, 0x1a, 0xbe, 0x60, 0x80, 0x34, 0x80,
    0x38, 0x40, 0x38, 0x56, 0x6f, 0x76, 0xca, 0x83,
    0x0, 0xe9, 0x40, 0x1, 0xf3, 0x80, 0x7f, 0xf1,
    0x86, 0xd8, 0x3, 0xa3, 0xa0, 0x80, 0x3f, 0xf8,
    0x22, 0xfe, 0x80, 0x1f, 0xb, 0xee, 0xa5, 0x8c,
    0x40, 0x31, 0x23, 0xdf, 0x40, 0x80, 0x60,

    /* U+0161 "š" */
    0x0, 0x1f, 0xfd, 0xc4, 0x1, 0xe5, 0xff, 0xb8,
    0x80, 0x31, 0xe0, 0x0, 0x75, 0x0, 0x33, 0xd0,
    0x0, 0x70, 0x80, 0x38, 0xec, 0x2, 0xb6, 0x0,
    0x4c, 0x0, 0x7, 0x8, 0x3, 0xe4, 0xb0, 0xa,
    0x65, 0x6c, 0x0, 0x1c, 0x20, 0xf, 0xe4, 0xb0,
    0x9, 0x90, 0x0, 0x38, 0x40, 0x1f, 0xf2, 0x58,
    0x7, 0xe, 0x10, 0x7, 0xff, 0x5, 0x32, 0x23,
    0x61, 0x0, 0x7f, 0xf0, 0xcd, 0xdf, 0x10, 0x7,
    0xff, 0xb8, 0xe2, 0xfb, 0x9f, 0xee, 0xc9, 0x61,
    0x0, 0xfc, 0x9b, 0x8e, 0x82, 0x20, 0x0, 0x9b,
    0x4f, 0x62, 0x80, 0x74, 0xd9, 0x0, 0x7f, 0xf0,
    0xe, 0xa4, 0x2, 0x96, 0x0, 0xff, 0xe2, 0x50,
    0x1, 0x18, 0x3, 0x25, 0x6f, 0xfd, 0xb6, 0xe4,
    0x0, 0x53, 0x0, 0x70, 0x6, 0x9b, 0x52, 0x0,
    0x89, 0x23, 0x6c, 0xe0, 0x2, 0x40, 0x9, 0x18,
    0x3, 0xfc, 0x98, 0x40, 0x10, 0x80, 0x44, 0x1,
    0xff, 0xc9, 0x50, 0xf, 0xfe, 0x29, 0x80, 0x47,
    0x0, 0x1f, 0xfc, 0x4b, 0x0, 0xcf, 0xb0, 0x80,
    0x1f, 0xfc, 0x17, 0x20, 0xc, 0x4f, 0x7f, 0xb4,
    0xe8, 0x1, 0xfd, 0x86, 0x1, 0xf1, 0x2c, 0x5f,
    0xe3, 0x0, 0x78, 0x72, 0x8c, 0x3, 0xfc, 0x73,
    0xc8, 0x1, 0xe5, 0xcd, 0x96, 0x30, 0xf, 0xc3,
    0x68, 0x1, 0xf1, 0x34, 0xe7, 0xed, 0x39, 0x0,
    0x75, 0x0, 0x7f, 0xf0, 0x9, 0x63, 0x6c, 0x40,
    0x21, 0x50, 0xf, 0xfe, 0x1a, 0x68, 0x6, 0xd0,
    0xf, 0xfe, 0x21, 0x80, 0x62, 0x1, 0x60, 0xf,
    0xfe, 0x9, 0x0, 0x62, 0x9, 0x96, 0xb0, 0x7,
    0xfd, 0x20, 0x1b, 0x45, 0xc0, 0xa7, 0xe9, 0xcc,
    0x84, 0x4, 0xdf, 0x50, 0x2, 0x15, 0x80, 0xe,
    0x58, 0xcd, 0xef, 0xec, 0x82, 0x0, 0xd4, 0x14,
    0x40, 0x1f, 0xfc, 0x5b, 0x40, 0x3d, 0xa4, 0x0,
    0xff, 0xe0, 0xaf, 0x20, 0x6, 0x5b, 0xea, 0x73,
    0x21, 0x0, 0x9, 0xb4, 0xf5, 0x8, 0x4,

    /* U+0164 "Ť" */
    0x0, 0xe2, 0xdf, 0xf9, 0x40, 0x3c, 0x7d, 0xfe,
    0xe3, 0x0, 0xff, 0x16, 0x10, 0x2, 0xa0, 0x3,
    0x36, 0x8, 0xe, 0x18, 0x7, 0xfc, 0x38, 0x60,
    0x7, 0xb1, 0xa, 0x90, 0x1, 0x61, 0x0, 0x7f,
    0xf0, 0x47, 0xc, 0x0, 0x99, 0xaa, 0x0, 0x2c,
    0x20, 0xf, 0xfe, 0x26, 0x20, 0x0, 0x88, 0x0,
    0x3c, 0x10, 0xf, 0xfe, 0x35, 0xa8, 0x6, 0x4c,
    0x10, 0xf, 0xfe, 0x45, 0x7f, 0xeb, 0x0, 0xff,
    0xfb, 0xef, 0xff, 0xff, 0x3c, 0x3, 0xff, 0xfe,
    0x1, 0xfd, 0xd9, 0x9f, 0xe8, 0x0, 0xcd, 0x99,
    0xff, 0x19, 0xff, 0xf0, 0x0, 0x37, 0x19, 0xff,
    0xc0, 0x1f, 0xff, 0xf0, 0xf, 0xff, 0xf8, 0x7,
    0xff, 0xfc, 0x3, 0xff, 0xfe, 0x1, 0xff, 0xff,
    0x0, 0xff, 0xff, 0x80, 0x7f, 0xff, 0xc0, 0x3f,
    0xff, 0xe0, 0x1f, 0xff, 0xf0, 0xf, 0xff, 0xf8,
    0x7, 0xff, 0x58,

    /* U+0165 "ť" */
    0x0, 0xff, 0xe0, 0x89, 0x9c, 0x20, 0x1f, 0xfc,
    0x24, 0xcc, 0x94, 0x3, 0xff, 0x8c, 0xe0, 0x1f,
    0xfc, 0x61, 0x0, 0xff, 0xe3, 0x18, 0x7, 0xff,
    0x18, 0x40, 0x3c, 0xce, 0xf2, 0x0, 0x7f, 0xf0,
    0xa6, 0x22, 0xe0, 0xf, 0x8, 0x7, 0xff, 0x18,
    0xc0, 0x3f, 0xf8, 0x6b, 0xfe, 0xd0, 0xf, 0xfe,
    0xe2, 0x7f, 0xe0, 0xc, 0xbf, 0xff, 0x0, 0x7f,
    0xf7, 0x1c, 0x8b, 0x0, 0x71, 0x17, 0x8c, 0x0,
    0x7b, 0xb8, 0x3, 0x2e, 0xef, 0xb0, 0x3, 0xff,
    0xfe, 0x1, 0xff, 0xff, 0x0, 0xff, 0xff, 0x80,
    0x7f, 0xf4, 0x44, 0x3, 0xff, 0x8c, 0x60, 0x13,
    0x80, 0x7f, 0xf0, 0x9c, 0x2, 0x24, 0x0, 0xff,
    0xe0, 0xf8, 0x6, 0xb6, 0x0, 0x8e, 0xa0, 0x3,
    0xca, 0x40, 0x1a, 0x7f, 0xec, 0x56, 0x0, 0xfb,
    0x80, 0x3f, 0xc2, 0xa0, 0x1e, 0x3c, 0x10, 0xf,
    0xc2, 0x20, 0xf, 0x8f, 0xa5, 0x44, 0x0, 0x29,
    0x3c, 0x80,

    /* U+0178 "Ÿ" */
    0x0, 0xff, 0x2f, 0x71, 0xc0, 0x39, 0xbb, 0x8e,
    0x1, 0xff, 0xc7, 0x2a, 0x11, 0x42, 0x0, 0x47,
    0x22, 0x28, 0x30, 0xf, 0xfe, 0x33, 0x80, 0x63,
    0x0, 0x94, 0x3, 0x28, 0x7, 0xff, 0x19, 0xc0,
    0x31, 0x80, 0x4a, 0x1, 0x94, 0x3, 0xff, 0x8c,
    0x54, 0x22, 0x84, 0x0, 0x8e, 0x44, 0x50, 0x60,
    0x1f, 0xfc, 0x75, 0xee, 0x38, 0x7, 0x37, 0x71,
    0xc0, 0x3f, 0xff, 0xe0, 0x1f, 0xfd, 0x7d, 0xff,
    0xc6, 0x1, 0xff, 0xc8, 0xcf, 0xfb, 0x80, 0x12,
    0x1, 0xb8, 0x3, 0xff, 0x8e, 0xc6, 0x1, 0x58,
    0x1, 0x14, 0x2, 0x27, 0x0, 0xff, 0xe2, 0x8c,
    0x0, 0x48, 0xa0, 0x15, 0x80, 0x68, 0x10, 0xf,
    0xfe, 0x24, 0x8, 0x5, 0x20, 0x18, 0x60, 0x3,
    0x58, 0x7, 0xff, 0xc, 0xd8, 0x2, 0x72, 0x0,
    0xe7, 0x20, 0x9, 0x50, 0x3, 0xff, 0x85, 0xe0,
    0x10, 0xc0, 0x7, 0xd2, 0x1, 0xa4, 0x3, 0xff,
    0x82, 0xc6, 0x1, 0x58, 0x7, 0xe4, 0x50, 0x8,
    0x9c, 0x3, 0xfe, 0x19, 0x0, 0x91, 0x40, 0x3f,
    0xac, 0x3, 0x40, 0x80, 0x7f, 0xac, 0x3, 0x48,
    0x7, 0xf8, 0x60, 0x3, 0x58, 0x7, 0xf1, 0xa8,
    0x4, 0xe4, 0x1, 0xff, 0x39, 0x0, 0x4a, 0x80,
    0x1f, 0xb8, 0x2, 0x18, 0x0, 0xff, 0xe0, 0xc8,
    0x6, 0x90, 0xf, 0x9c, 0x80, 0x2b, 0x0, 0xff,
    0xe1, 0x22, 0x80, 0x44, 0xe0, 0x1c, 0x30, 0x1,
    0x22, 0x80, 0x7f, 0xf0, 0xec, 0x3, 0x40, 0x80,
    0x6b, 0x0, 0xd2, 0x1, 0xff, 0xc4, 0x18, 0x0,
    0xd6, 0x1, 0x22, 0x80, 0x4e, 0x40, 0x1f, 0xfc,
    0x57, 0x20, 0x9, 0x50, 0x1, 0x20, 0x10, 0xc0,
    0x7, 0xff, 0x1e, 0x40, 0x34, 0x83, 0x90, 0x5,
    0x40, 0x1f, 0xfc, 0x84, 0x50, 0x8, 0xa6, 0x0,
    0x24, 0x40, 0x7, 0xff, 0x26, 0xc0, 0x33, 0x0,
    0x69, 0x0, 0xff, 0xe5, 0xc, 0x0, 0x7c, 0xe4,
    0x1, 0xff, 0xcb, 0x72, 0x0, 0xe2, 0x80, 0xf,
    0xfe, 0x6f, 0x0, 0x74, 0x80, 0x7f, 0xf3, 0x8c,
    0x80, 0x21, 0x40, 0xf, 0xff, 0xf8, 0x7, 0xff,
    0xfc, 0x3, 0xff, 0xfe, 0x1, 0xff, 0xff, 0x0,
    0xff, 0xff, 0x80,

    /* U+0179 "Ź" */
    0x0, 0xff, 0xe2, 0x3f, 0xfe, 0xe4, 0x0, 0xff,
    0xe4, 0xcc, 0x0, 0x47, 0xe8, 0x1, 0xff, 0xc8,
    0xa6, 0x0, 0x9f, 0x4, 0x3, 0xff, 0x91, 0x6a,
    0x0, 0x1b, 0x80, 0xf, 0xfe, 0x40, 0xe2, 0x0,
    0xf, 0xd0, 0x3, 0xff, 0x90, 0x38, 0x60, 0x7,
    0xc1, 0x0, 0xff, 0xe4, 0x8e, 0xff, 0xd0, 0x1,
    0xff, 0xfb, 0x9f, 0xff, 0xfe, 0x74, 0x0, 0x7f,
    0xff, 0xc0, 0x3f, 0xed, 0xb, 0xcc, 0xff, 0xe3,
    0xd0, 0x7, 0x32, 0x81, 0x19, 0xff, 0xf1, 0xe4,
    0x3, 0x1c, 0x80, 0x7f, 0xf2, 0x64, 0xc0, 0x21,
    0xd0, 0xf, 0xfe, 0x4b, 0x30, 0x3, 0x68, 0x80,
    0x7f, 0xf2, 0xe, 0x40, 0x34, 0x98, 0x7, 0xff,
    0x20, 0x74, 0x3, 0x33, 0x0, 0x3f, 0xf9, 0x3a,
    0x20, 0x11, 0xc8, 0x7, 0xff, 0x26, 0x4c, 0x2,
    0x1d, 0x0, 0xff, 0xe4, 0xb3, 0x0, 0x36, 0x88,
    0x7, 0xff, 0x20, 0xe4, 0x3, 0x49, 0x80, 0x7f,
    0xf2, 0x7, 0x40, 0x33, 0x30, 0x3, 0xff, 0x93,
    0xa2, 0x1, 0x1c, 0x80, 0x7f, 0xf2, 0x64, 0xc0,
    0x21, 0xd0, 0xf, 0xfe, 0x4b, 0x30, 0x3, 0x68,
    0x80, 0x7f, 0xf2, 0xe, 0x40, 0x34, 0x98, 0x7,
    0xff, 0x20, 0x74, 0x3, 0x2b, 0x0, 0x7f, 0xf2,
    0x74, 0x40, 0x23, 0xa0, 0xf, 0xfe, 0x4c, 0x98,
    0x4, 0x3a, 0x1, 0xff, 0xc9, 0x66, 0x0, 0x6a,
    0x10, 0xf, 0xfe, 0x41, 0xc8, 0x6, 0x84, 0x0,
    0xff, 0xe4, 0xe, 0x80, 0x65, 0x70, 0xf, 0xfe,
    0x4e, 0x88, 0x4, 0x74, 0x1, 0xff, 0xc9, 0x93,
    0x0, 0x87, 0x80, 0x3f, 0xf9, 0x2c, 0xc0, 0xd,
    0x44, 0x1, 0xff, 0xc8, 0x39, 0x0, 0xd0, 0x80,
    0x1f, 0xfc, 0x81, 0xd0, 0xc, 0x48, 0x67, 0xff,
    0xc8, 0xa, 0x10, 0xc, 0x59, 0x9f, 0xfc, 0x92,
    0x40, 0xf, 0xff, 0xf8, 0x7, 0xfc,

    /* U+017A "ź" */
    0x0, 0xff, 0xe0, 0x97, 0x7f, 0xea, 0x0, 0xff,
    0xe1, 0x96, 0x8, 0x5, 0x14, 0x1, 0xff, 0xc2,
    0x2c, 0x10, 0x0, 0xe3, 0x80, 0x7f, 0xf0, 0x8f,
    0x4, 0x0, 0x7e, 0x60, 0x1f, 0xfc, 0x23, 0xc1,
    0x0, 0x36, 0x8, 0x7, 0xff, 0x9, 0x30, 0x2,
    0xa9, 0x0, 0xff, 0xe2, 0x3d, 0xdd, 0xaa, 0x1,
    0xff, 0xc5, 0x34, 0x48, 0x80, 0x3f, 0xfd, 0xb9,
    0xff, 0xff, 0xc7, 0xd0, 0xf, 0xff, 0x23, 0x11,
    0x7f, 0xf0, 0x80, 0x3a, 0x80, 0x15, 0xbb, 0xff,
    0xc1, 0x50, 0xc, 0x8e, 0x1, 0xff, 0xc3, 0x57,
    0x0, 0x8a, 0x80, 0x3f, 0xf8, 0x65, 0x40, 0x1b,
    0xc4, 0x3, 0xff, 0x87, 0xe0, 0x1a, 0x88, 0x3,
    0xff, 0x87, 0x44, 0x1, 0x3a, 0x80, 0x7f, 0xf0,
    0xdd, 0x40, 0x24, 0x80, 0xf, 0xfe, 0x1a, 0x40,
    0x4, 0x34, 0x1, 0xff, 0xc3, 0x1a, 0x0, 0xda,
    0x20, 0x1f, 0xfc, 0x3d, 0x10, 0xa, 0x4c, 0x3,
    0xff, 0x87, 0x26, 0x1, 0x33, 0x0, 0x3f, 0xf8,
    0x6c, 0xc0, 0x8, 0xe4, 0x3, 0xff, 0x86, 0x72,
    0x1, 0xe, 0x80, 0x7f, 0xf0, 0xc7, 0x40, 0x35,
    0x8, 0x7, 0xff, 0xe, 0x84, 0x2, 0x84, 0x0,
    0xff, 0xe1, 0xc2, 0x0, 0x4a, 0xe0, 0x1f, 0xfc,
    0x35, 0x70, 0x8, 0xa8, 0x3, 0xff, 0x86, 0x54,
    0x1, 0xbc, 0x3, 0xff, 0x89, 0xe0, 0x1a, 0xc8,
    0x3, 0xff, 0x87, 0x64, 0x1, 0xa7, 0x77, 0xff,
    0x84, 0x62, 0x80, 0x1c, 0x45, 0xff, 0xc3, 0x0,
    0xff, 0xf1, 0x80,

    /* U+017B "Ż" */
    0x0, 0xff, 0xe0, 0x1c, 0xd2, 0x80, 0x7f, 0xf3,
    0xb, 0x19, 0x69, 0x80, 0x3f, 0xf9, 0x76, 0x1,
    0xac, 0x3, 0xff, 0x96, 0x60, 0x18, 0xc0, 0x3f,
    0xf9, 0x7e, 0x1, 0x9c, 0x3, 0xff, 0x96, 0xb0,
    0x22, 0x69, 0x0, 0xff, 0xe6, 0x3f, 0x72, 0x40,
    0x3f, 0xff, 0xe0, 0x1f, 0xfc, 0xd9, 0xff, 0xff,
    0xe7, 0x40, 0x7, 0xff, 0xfc, 0x3, 0xfe, 0xd0,
    0xbc, 0xcf, 0xfe, 0x3d, 0x0, 0x73, 0x28, 0x11,
    0x9f, 0xff, 0x1e, 0x40, 0x31, 0xc8, 0x7, 0xff,
    0x26, 0x4c, 0x2, 0x1d, 0x0, 0xff, 0xe4, 0xb3,
    0x0, 0x36, 0x88, 0x7, 0xff, 0x20, 0xe4, 0x3,
    0x49, 0x80, 0x7f, 0xf2, 0x7, 0x40, 0x33, 0x30,
    0x3, 0xff, 0x93, 0xa2, 0x1, 0x1c, 0x80, 0x7f,
    0xf2, 0x64, 0xc0, 0x21, 0xd0, 0xf, 0xfe, 0x4b,
    0x30, 0x3, 0x68, 0x80, 0x7f, 0xf2, 0xe, 0x40,
    0x34, 0x98, 0x7, 0xff, 0x20, 0x74, 0x3, 0x33,
    0x0, 0x3f, 0xf9, 0x3a, 0x20, 0x11, 0xc8, 0x7,
    0xff, 0x26, 0x4c, 0x2, 0x1d, 0x0, 0xff, 0xe4,
    0xb3, 0x0, 0x36, 0x88, 0x7, 0xff, 0x20, 0xe4,
    0x3, 0x49, 0x80, 0x7f, 0xf2, 0x7, 0x40, 0x32,
    0xb0, 0x7, 0xff, 0x27, 0x44, 0x2, 0x3a, 0x0,
    0xff, 0xe4, 0xc9, 0x80, 0x43, 0xa0, 0x1f, 0xfc,
    0x96, 0x60, 0x6, 0xa1, 0x0, 0xff, 0xe4, 0x1c,
    0x80, 0x68, 0x40, 0xf, 0xfe, 0x40, 0xe8, 0x6,
    0x57, 0x0, 0xff, 0xe4, 0xe8, 0x80, 0x47, 0x40,
    0x1f, 0xfc, 0x99, 0x30, 0x8, 0x78, 0x3, 0xff,
    0x92, 0xcc, 0x0, 0xd4, 0x40, 0x1f, 0xfc, 0x83,
    0x90, 0xd, 0x8, 0x1, 0xff, 0xc8, 0x1d, 0x0,
    0xc4, 0x86, 0x7f, 0xfc, 0x80, 0xa1, 0x0, 0xc5,
    0x99, 0xff, 0xc9, 0x24, 0x0, 0xff, 0xff, 0x80,
    0x7f, 0xc0,

    /* U+017C "ż" */
    0x0, 0xfe, 0x2b, 0xfc, 0x30, 0xf, 0xfe, 0x37,
    0xa0, 0x1e, 0x88, 0x7, 0xff, 0x10, 0x88, 0x1,
    0xa, 0x0, 0x7f, 0xf2, 0x84, 0x3, 0xff, 0x88,
    0x48, 0x1, 0x12, 0x0, 0x7f, 0xf1, 0x6e, 0x15,
    0xf0, 0x3, 0xff, 0x8e, 0xf5, 0x2, 0x1, 0xff,
    0xff, 0x0, 0xd9, 0xff, 0xff, 0xc7, 0xd0, 0xf,
    0xff, 0x23, 0x11, 0x7f, 0xf0, 0x80, 0x3a, 0x80,
    0x15, 0xbb, 0xff, 0xc1, 0x50, 0xc, 0x8e, 0x1,
    0xff, 0xc3, 0x57, 0x0, 0x8a, 0x80, 0x3f, 0xf8,
    0x65, 0x40, 0x1b, 0xc4, 0x3, 0xff, 0x87, 0xe0,
    0x1a, 0x88, 0x3, 0xff, 0x87, 0x44, 0x1, 0x3a,
    0x80, 0x7f, 0xf0, 0xdd, 0x40, 0x24, 0x80, 0xf,
    0xfe, 0x1a, 0x40, 0x4, 0x34, 0x1, 0xff, 0xc3,
    0x1a, 0x0, 0xda, 0x20, 0x1f, 0xfc, 0x3d, 0x10,
    0xa, 0x4c, 0x3, 0xff, 0x87, 0x26, 0x1, 0x33,
    0x0, 0x3f, 0xf8, 0x6c, 0xc0, 0x8, 0xe4, 0x3,
    0xff, 0x86, 0x72, 0x1, 0xe, 0x80, 0x7f, 0xf0,
    0xc7, 0x40, 0x35, 0x8, 0x7, 0xff, 0xe, 0x84,
    0x2, 0x84, 0x0, 0xff, 0xe1, 0xc2, 0x0, 0x4a,
    0xe0, 0x1f, 0xfc, 0x35, 0x70, 0x8, 0xa8, 0x3,
    0xff, 0x86, 0x54, 0x1, 0xbc, 0x3, 0xff, 0x89,
    0xe0, 0x1a, 0xc8, 0x3, 0xff, 0x87, 0x64, 0x1,
    0xa7, 0x77, 0xff, 0x84, 0x62, 0x80, 0x1c, 0x45,
    0xff, 0xc3, 0x0, 0xff, 0xf1, 0x80,

    /* U+017D "Ž" */
    0x0, 0xe1, 0xdf, 0xf9, 0x80, 0x3c, 0x7d, 0xff,
    0x18, 0x7, 0xfc, 0x38, 0x60, 0x9, 0x90, 0x6,
    0x6c, 0x10, 0x1c, 0x30, 0xf, 0xfe, 0x0, 0xe1,
    0x80, 0x1b, 0x4, 0x26, 0x40, 0x1, 0xc3, 0x0,
    0xff, 0xe1, 0xe2, 0x0, 0xf, 0xf1, 0x80, 0x5,
    0x84, 0x1, 0xff, 0xc5, 0xb5, 0x0, 0x9, 0x80,
    0xb, 0x8, 0x3, 0xff, 0x8f, 0x4c, 0x1, 0x8f,
    0x4, 0x3, 0xff, 0x93, 0x3f, 0xfb, 0x4, 0x3,
    0xff, 0xf3, 0x3f, 0xff, 0xfc, 0xe8, 0x0, 0xff,
    0xff, 0x80, 0x7f, 0xda, 0x17, 0x99, 0xff, 0xc7,
    0xa0, 0xe, 0x65, 0x2, 0x33, 0xff, 0xe3, 0xc8,
    0x6, 0x39, 0x0, 0xff, 0xe4, 0xc9, 0x80, 0x43,
    0xa0, 0x1f, 0xfc, 0x96, 0x60, 0x6, 0xd1, 0x0,
    0xff, 0xe4, 0x1c, 0x80, 0x69, 0x30, 0xf, 0xfe,
    0x40, 0xe8, 0x6, 0x66, 0x0, 0x7f, 0xf2, 0x74,
    0x40, 0x23, 0x90, 0xf, 0xfe, 0x4c, 0x98, 0x4,
    0x3a, 0x1, 0xff, 0xc9, 0x66, 0x0, 0x6d, 0x10,
    0xf, 0xfe, 0x41, 0xc8, 0x6, 0x93, 0x0, 0xff,
    0xe4, 0xe, 0x80, 0x66, 0x60, 0x7, 0xff, 0x27,
    0x44, 0x2, 0x39, 0x0, 0xff, 0xe4, 0xc9, 0x80,
    0x43, 0xa0, 0x1f, 0xfc, 0x96, 0x60, 0x6, 0xd1,
    0x0, 0xff, 0xe4, 0x1c, 0x80, 0x69, 0x30, 0xf,
    0xfe, 0x40, 0xe8, 0x6, 0x56, 0x0, 0xff, 0xe4,
    0xe8, 0x80, 0x47, 0x40, 0x1f, 0xfc, 0x99, 0x30,
    0x8, 0x74, 0x3, 0xff, 0x92, 0xcc, 0x0, 0xd4,
    0x20, 0x1f, 0xfc, 0x83, 0x90, 0xd, 0x8, 0x1,
    0xff, 0xc8, 0x1d, 0x0, 0xca, 0xe0, 0x1f, 0xfc,
    0x9d, 0x10, 0x8, 0xe8, 0x3, 0xff, 0x93, 0x26,
    0x1, 0xf, 0x0, 0x7f, 0xf2, 0x59, 0x80, 0x1a,
    0x88, 0x3, 0xff, 0x90, 0x72, 0x1, 0xa1, 0x0,
    0x3f, 0xf9, 0x3, 0xa0, 0x18, 0x90, 0xcf, 0xff,
    0x90, 0x14, 0x20, 0x18, 0xb3, 0x3f, 0xf9, 0x24,
    0x80, 0x1f, 0xff, 0xf0, 0xf, 0xf8,

    /* U+017E "ž" */
    0x0, 0xa3, 0xfe, 0xb0, 0xf, 0xa7, 0xfe, 0xa0,
    0xf, 0x44, 0x0, 0x9, 0xa4, 0x1, 0xd, 0xb0,
    0x1, 0x68, 0x3, 0xe7, 0x80, 0x1, 0x61, 0x81,
    0x62, 0x0, 0x1a, 0x80, 0x3f, 0x9e, 0x0, 0x3,
    0x91, 0xa4, 0x0, 0x69, 0x0, 0xff, 0x9e, 0x0,
    0x27, 0x0, 0x9a, 0x40, 0x3f, 0xf8, 0x2f, 0x20,
    0x1c, 0xd2, 0x1, 0xff, 0xc3, 0x6c, 0xbb, 0xd2,
    0x1, 0xff, 0xc5, 0x34, 0x4c, 0x1, 0xff, 0xec,
    0xcf, 0xff, 0xfe, 0x3e, 0x80, 0x7f, 0xf9, 0x18,
    0x8b, 0xff, 0x84, 0x1, 0xd4, 0x0, 0xad, 0xdf,
    0xfe, 0xa, 0x80, 0x64, 0x70, 0xf, 0xfe, 0x1a,
    0xb8, 0x4, 0x54, 0x1, 0xff, 0xc3, 0x2a, 0x0,
    0xde, 0x20, 0x1f, 0xfc, 0x3f, 0x0, 0xd4, 0x40,
    0x1f, 0xfc, 0x3a, 0x20, 0x9, 0xd4, 0x3, 0xff,
    0x86, 0xea, 0x1, 0x24, 0x0, 0x7f, 0xf0, 0xd2,
    0x0, 0x21, 0xa0, 0xf, 0xfe, 0x18, 0xd0, 0x6,
    0xd1, 0x0, 0xff, 0xe1, 0xe8, 0x80, 0x52, 0x60,
    0x1f, 0xfc, 0x39, 0x30, 0x9, 0x98, 0x1, 0xff,
    0xc3, 0x66, 0x0, 0x47, 0x20, 0x1f, 0xfc, 0x33,
    0x90, 0x8, 0x74, 0x3, 0xff, 0x86, 0x3a, 0x1,
    0xa8, 0x40, 0x3f, 0xf8, 0x74, 0x20, 0x14, 0x20,
    0x7, 0xff, 0xe, 0x10, 0x2, 0x57, 0x0, 0xff,
    0xe1, 0xab, 0x80, 0x45, 0x40, 0x1f, 0xfc, 0x32,
    0xa0, 0xd, 0xe0, 0x1f, 0xfc, 0x4f, 0x0, 0xd6,
    0x40, 0x1f, 0xfc, 0x3b, 0x20, 0xd, 0x3b, 0xbf,
    0xfc, 0x23, 0x14, 0x0, 0xe2, 0x2f, 0xfe, 0x18,
    0x7, 0xff, 0x8c,

    /* U+0400 "Ѐ" */
    0x0, 0x8b, 0x7f, 0xf5, 0x0, 0x7f, 0xf1, 0x8b,
    0x54, 0x2, 0x5b, 0x0, 0xff, 0xe3, 0xd4, 0x80,
    0x49, 0x82, 0x1, 0xff, 0xc6, 0x6d, 0x20, 0x1,
    0xe0, 0x80, 0x7f, 0xf1, 0x8b, 0x58, 0x0, 0x5e,
    0x40, 0x1f, 0xfc, 0x79, 0xa0, 0x0, 0xe1, 0x80,
    0x7f, 0xf1, 0xd7, 0xfe, 0xe3, 0x0, 0xff, 0xf7,
    0xe7, 0xff, 0xff, 0x2c, 0x3, 0xff, 0xfe, 0x1,
    0xeb, 0xcc, 0xff, 0xe3, 0x0, 0x79, 0xc, 0xff,
    0xf8, 0xc0, 0x1f, 0xff, 0xf0, 0xf, 0xff, 0xf8,
    0x7, 0xff, 0xb0, 0x8b, 0xff, 0x88, 0x20, 0x1f,
    0xb7, 0x7f, 0xf8, 0x9e, 0x1, 0xff, 0xff, 0x0,
    0xfd, 0xff, 0xff, 0xc4, 0xe0, 0xf, 0xff, 0xf8,
    0x7, 0xff, 0xfc, 0x3, 0xff, 0xfe, 0x1, 0xf9,
    0xc, 0xff, 0xf8, 0xc4, 0x1, 0xd7, 0x99, 0xff,
    0xc6, 0xb0, 0xf, 0xff, 0xf8,

    /* U+0401 "Ё" */
    0x0, 0xe1, 0xaf, 0xc2, 0x0, 0xc3, 0x7f, 0x84,
    0x1, 0xff, 0x42, 0x81, 0xf8, 0x6, 0xb4, 0x3,
    0xe0, 0xf, 0xf9, 0x40, 0x22, 0x0, 0xce, 0x1,
    0x18, 0x7, 0xfc, 0xa0, 0x11, 0x0, 0x67, 0x0,
    0x8c, 0x3, 0xfe, 0x85, 0x3, 0xf0, 0xd, 0x68,
    0x7, 0xc0, 0x1f, 0xf0, 0xd7, 0xe1, 0x0, 0x61,
    0xbf, 0xc2, 0x0, 0xff, 0xff, 0x80, 0x7b, 0x3f,
    0xff, 0xf9, 0x60, 0x1f, 0xff, 0xf0, 0xf, 0x5e,
    0x67, 0xff, 0x18, 0x3, 0xc8, 0x67, 0xff, 0xc6,
    0x0, 0xff, 0xff, 0x80, 0x7f, 0xff, 0xc0, 0x3f,
    0xfd, 0x84, 0x5f, 0xfc, 0x41, 0x0, 0xfd, 0xbb,
    0xff, 0xc4, 0xf0, 0xf, 0xff, 0xf8, 0x7, 0xef,
    0xff, 0xfe, 0x27, 0x0, 0x7f, 0xff, 0xc0, 0x3f,
    0xff, 0xe0, 0x1f, 0xff, 0xf0, 0xf, 0xc8, 0x67,
    0xff, 0xc6, 0x20, 0xe, 0xbc, 0xcf, 0xfe, 0x35,
    0x80, 0x7f, 0xff, 0xc0,

    /* U+0402 "Ђ" */
    0x5f, 0xff, 0xfe, 0x84, 0x0, 0x7f, 0xff, 0xc0,
    0x3f, 0xfc, 0xe9, 0x99, 0xff, 0x10, 0x4, 0x39,
    0x9f, 0xfc, 0x9, 0x0, 0xfe, 0x13, 0x3f, 0xf8,
    0x3, 0x8c, 0xff, 0xf8, 0x2, 0x1, 0xff, 0xff,
    0x0, 0xff, 0xff, 0x80, 0x7f, 0xff, 0xc0, 0x3f,
    0xff, 0xe0, 0x11, 0xb4, 0x4c, 0xd0, 0xc6, 0x1,
    0xff, 0xce, 0x16, 0xbf, 0xc9, 0x76, 0x69, 0xe7,
    0x3e, 0x90, 0x3, 0xff, 0x94, 0x3d, 0x28, 0x1,
    0xff, 0x2d, 0xe1, 0x0, 0x7f, 0xf6, 0x4f, 0x50,
    0x3, 0xff, 0x9a, 0x6c, 0xf0, 0xea, 0x40, 0x1e,
    0xb3, 0x0, 0xff, 0xe4, 0xb, 0xe7, 0xe4, 0xc3,
    0xc5, 0x6e, 0x28, 0x7, 0x70, 0x7, 0xff, 0x1e,
    0xfa, 0xc, 0x3, 0xf1, 0xd4, 0x0, 0x62, 0x50,
    0xf, 0xfe, 0x28, 0xa0, 0x7, 0xff, 0x5, 0xdc,
    0x1, 0xbc, 0x3, 0xff, 0xab, 0x0, 0x19, 0x0,
    0x3f, 0xfa, 0xc8, 0x1, 0x8, 0x80, 0x3f, 0xfa,
    0xa2, 0x1, 0x8c, 0x3, 0xff, 0xb4, 0x60, 0x1f,
    0xfd, 0x56, 0x0, 0xc2, 0x1, 0xff, 0xd4, 0x13,
    0x0, 0x84, 0x3, 0xff, 0xab, 0x0, 0x19, 0x0,
    0x3f, 0xfa, 0x8e, 0xc0, 0x1b, 0x80, 0x3f, 0xf9,
    0x82, 0x20, 0xc, 0x99, 0x0, 0x18, 0xd0, 0x3,
    0xff, 0x99, 0x1d, 0xcd, 0xef, 0xb3, 0x0, 0xc3,
    0xc0, 0x1f, 0xfc, 0xd2, 0x1, 0x21, 0x0, 0xf0,
    0xe9, 0x0, 0x7f, 0xf3, 0x54, 0x3, 0xf9, 0x3c,
    0xc0, 0x3f, 0xfa, 0xa4, 0xfb, 0x62, 0x1, 0xff,
    0xc4, 0xdf, 0xfb, 0x80, 0x3d, 0xdf, 0xb9, 0x8d,
    0xfd, 0x82, 0x0, 0xf0,

    /* U+0403 "Ѓ" */
    0x0, 0xff, 0xe0, 0xdf, 0xfe, 0xc2, 0x0, 0xff,
    0xe1, 0xe, 0x20, 0x4, 0xd8, 0x40, 0x1f, 0xfc,
    0x11, 0xc3, 0x0, 0xaa, 0x40, 0x3f, 0xf8, 0x45,
    0xe4, 0x0, 0x3d, 0x50, 0xf, 0xfe, 0x11, 0xe0,
    0x80, 0x1f, 0x8, 0x3, 0xff, 0x84, 0x98, 0x20,
    0x37, 0x0, 0x1f, 0xfc, 0x44, 0xff, 0xb9, 0x0,
    0x3f, 0xfd, 0x99, 0xff, 0xff, 0xc9, 0x40, 0xf,
    0xfe, 0x53, 0x80, 0x7f, 0xf9, 0xf3, 0x3f, 0xf8,
    0xa6, 0x1, 0xc6, 0x7f, 0xfc, 0x50, 0xf, 0xff,
    0xf8, 0x7, 0xff, 0xfc, 0x3, 0xff, 0xfe, 0x1,
    0xff, 0xff, 0x0, 0xff, 0xff, 0x80, 0x7f, 0xff,
    0xc0, 0x3f, 0xff, 0xe0, 0x1f, 0xff, 0xf0, 0xf,
    0xff, 0x8,

    /* U+0404 "Є" */
    0x0, 0xff, 0xe0, 0x2c, 0xe7, 0x7f, 0xdd, 0x92,
    0xc4, 0x1, 0xff, 0xc4, 0x2a, 0xfa, 0x63, 0x10,
    0x8, 0x4d, 0xa7, 0x71, 0x80, 0x3f, 0xf8, 0x3,
    0x3a, 0xa0, 0x1f, 0xfc, 0x13, 0x9e, 0x40, 0xf,
    0xe3, 0xf6, 0x0, 0xff, 0xe2, 0x8d, 0xc8, 0x7,
    0xcb, 0x82, 0x1, 0xe4, 0x79, 0x99, 0xd8, 0x80,
    0x3c, 0xd6, 0x1, 0xc7, 0x40, 0x1c, 0x33, 0xf7,
    0xc, 0xd4, 0x4e, 0xea, 0x4, 0x3, 0x22, 0x0,
    0x21, 0xd0, 0xe, 0x7e, 0x60, 0xf, 0xe2, 0x7e,
    0x70, 0xa, 0xd0, 0x2, 0xa1, 0x0, 0xd7, 0x0,
    0x1f, 0xfc, 0x28, 0xb1, 0xb4, 0x0, 0x91, 0x0,
    0x1a, 0x90, 0x3, 0xff, 0x88, 0x9c, 0x80, 0x1a,
    0x0, 0x33, 0xa8, 0x7, 0xff, 0x2d, 0xc, 0x2,
    0x18, 0x0, 0xff, 0xe6, 0x70, 0x6, 0x90, 0xf,
    0xfe, 0x6a, 0x0, 0x66, 0x0, 0xff, 0xe6, 0x10,
    0x80, 0x46, 0x20, 0x1f, 0xfc, 0xc6, 0x0, 0xca,
    0x1, 0xff, 0xcd, 0x20, 0xc, 0xdf, 0xff, 0xfc,
    0x3c, 0x0, 0xff, 0xff, 0x80, 0x7f, 0xf3, 0xc8,
    0x3, 0x2f, 0xff, 0xff, 0xf, 0x0, 0x3f, 0x98,
    0x3, 0x20, 0x7, 0xff, 0x34, 0x84, 0x2, 0x12,
    0x0, 0xff, 0xe6, 0xa0, 0x6, 0xb0, 0xf, 0xfe,
    0x6f, 0x0, 0x66, 0x10, 0xf, 0xfe, 0x62, 0x18,
    0x6, 0xb0, 0xf, 0xfe, 0x6c, 0x0, 0x65, 0x70,
    0xf, 0xfe, 0x31, 0x0, 0x72, 0x20, 0x3, 0x43,
    0x80, 0x7f, 0xf1, 0x1b, 0x58, 0x3, 0xa8, 0x40,
    0x34, 0x50, 0x80, 0x7f, 0xf0, 0x6, 0xa4, 0x25,
    0x80, 0x30, 0xe8, 0x7, 0x2f, 0xb8, 0x80, 0x7e,
    0x28, 0xf5, 0x0, 0xa5, 0x0, 0x31, 0xd8, 0x7,
    0xc, 0x76, 0x4b, 0xb3, 0xc5, 0x76, 0xb8, 0x80,
    0x64, 0x40, 0x7, 0x26, 0x8, 0x7, 0x8d, 0xa2,
    0x61, 0xd4, 0x40, 0x3c, 0xd6, 0x1, 0xf1, 0xfb,
    0x0, 0x7f, 0xf1, 0x4a, 0xe4, 0x3, 0xf8, 0x67,
    0x54, 0x3, 0xff, 0x82, 0x75, 0xa8, 0x1, 0xff,
    0xc0, 0x2a, 0xfa, 0x63, 0x10, 0x8, 0x4d, 0xa7,
    0xb1, 0x40, 0x38,

    /* U+0405 "Ѕ" */
    0x0, 0xfc, 0x91, 0x7b, 0xff, 0x76, 0xdb, 0xa0,
    0x7, 0xff, 0x0, 0x63, 0xad, 0xd0, 0x80, 0x21,
    0x24, 0x8b, 0xfa, 0x40, 0xf, 0xcb, 0xee, 0x20,
    0x1f, 0xfc, 0x15, 0xbb, 0x10, 0x7, 0x35, 0x8,
    0x7, 0xff, 0x15, 0x20, 0x3, 0x24, 0x80, 0x71,
    0xc5, 0x66, 0xeb, 0x29, 0xcc, 0x3, 0xa4, 0x3,
    0x48, 0x6, 0x2b, 0xc7, 0x53, 0x22, 0x1a, 0xc6,
    0x74, 0x10, 0x19, 0x80, 0x24, 0x20, 0x8, 0x71,
    0x0, 0x3f, 0xc2, 0xfb, 0x32, 0x0, 0xda, 0x1,
    0xac, 0x40, 0x3f, 0xf8, 0x4c, 0xa0, 0x19, 0x40,
    0x32, 0x80, 0x7f, 0xf2, 0x44, 0x2, 0x10, 0xf,
    0xfe, 0x50, 0x80, 0x42, 0x1, 0xff, 0xca, 0x50,
    0xc, 0xe0, 0x1f, 0xfc, 0x9c, 0x0, 0xd0, 0xe0,
    0x1f, 0xfc, 0x85, 0x20, 0xd, 0x18, 0xa0, 0x1f,
    0xfc, 0x7f, 0x0, 0xe3, 0xaf, 0xa6, 0x20, 0xf,
    0xfe, 0x19, 0x58, 0x80, 0x79, 0x67, 0x7a, 0x98,
    0x40, 0x3f, 0xf8, 0x9, 0xea, 0x1, 0xf8, 0x56,
    0x7b, 0x60, 0x80, 0x3f, 0xc3, 0x5a, 0xc2, 0x1,
    0xfc, 0x4f, 0xb4, 0x40, 0x1f, 0xe2, 0x9e, 0xc8,
    0x40, 0xf, 0xe5, 0xd6, 0x0, 0xff, 0xe0, 0x1b,
    0xdf, 0xe4, 0x20, 0x7, 0xd2, 0xc0, 0x1f, 0xfc,
    0x33, 0x7b, 0xfa, 0x30, 0xe, 0x93, 0x0, 0xff,
    0xe3, 0x2e, 0x50, 0x7, 0x40, 0x7, 0xff, 0x21,
    0x70, 0x3, 0x20, 0x7, 0xff, 0x24, 0xd0, 0x3,
    0x10, 0x7, 0xff, 0x24, 0xc0, 0x30, 0x80, 0x7f,
    0xf2, 0x44, 0x3, 0x8, 0xc, 0x80, 0x7f, 0xf1,
    0x90, 0x3, 0x10, 0x43, 0x6a, 0x80, 0x7f, 0xf0,
    0xe0, 0x80, 0x25, 0x1, 0x60, 0x2a, 0xd6, 0x10,
    0xf, 0xf0, 0xcb, 0x80, 0x69, 0x6, 0x0, 0xc5,
    0x3d, 0x70, 0xa6, 0x45, 0x23, 0x57, 0x30, 0x6,
    0x53, 0x7, 0x50, 0xf, 0x23, 0xd6, 0x6e, 0xd7,
    0x2a, 0x1, 0xc9, 0x40, 0x15, 0x59, 0x0, 0x7f,
    0xf1, 0x9a, 0xc0, 0x39, 0x36, 0xd4, 0x3, 0xff,
    0x84, 0x99, 0x20, 0x1f, 0x92, 0xbe, 0xdd, 0x8,
    0x40, 0x21, 0x36, 0x9e, 0xb3, 0x0, 0xe0,

    /* U+0406 "І" */
    0xcf, 0xfc, 0x1, 0xff, 0xff, 0x0, 0xff, 0xff,
    0x80, 0x7f, 0xf0, 0xc0,

    /* U+0407 "Ї" */
    0x7, 0xee, 0x30, 0x7, 0x47, 0x71, 0x40, 0xe0,
    0x45, 0x24, 0x1, 0x2b, 0x88, 0xa8, 0x94, 0x3,
    0x20, 0x5, 0xa0, 0x19, 0x94, 0x3, 0x28, 0x5,
    0xa0, 0x19, 0x8e, 0x4, 0x52, 0x60, 0x12, 0xb8,
    0x8a, 0x88, 0x1f, 0xb8, 0xc0, 0x1d, 0x1d, 0xc5,
    0x0, 0xff, 0xf3, 0xff, 0xed, 0x0, 0xff, 0xff,
    0x80, 0x7f, 0xff, 0xc0, 0x3f, 0xff, 0xe0, 0x1f,
    0xff, 0xf0, 0xf, 0xff, 0xf8, 0x7, 0xff, 0xfc,
    0x3, 0xff, 0xcc,

    /* U+0408 "Ј" */
    0x0, 0xd7, 0xff, 0xff, 0xc4, 0x20, 0xf, 0xff,
    0xd4, 0xe6, 0x7f, 0xca, 0x1, 0xfc, 0x46, 0x7f,
    0xfc, 0x0, 0xf, 0xff, 0xf8, 0x7, 0xff, 0xfc,
    0x3, 0xff, 0xfe, 0x1, 0xff, 0xff, 0x0, 0xff,
    0xff, 0x80, 0x7f, 0xf7, 0x8c, 0x3, 0x18, 0x7,
    0xff, 0x11, 0xc0, 0x30, 0x80, 0x7, 0x4c, 0x3,
    0xfc, 0x44, 0x0, 0x8c, 0x2, 0xd2, 0xd3, 0x0,
    0xfe, 0xb0, 0xc, 0x80, 0xa, 0x30, 0x1c, 0x60,
    0xf, 0x9d, 0x80, 0x35, 0x0, 0x18, 0x3, 0x4f,
    0x42, 0x9a, 0x36, 0x40, 0x6, 0x42, 0x0, 0x69,
    0x0, 0x61, 0x7a, 0xcb, 0x93, 0x0, 0xc3, 0x40,
    0x10, 0xe1, 0x80, 0x7f, 0xf0, 0x47, 0x44, 0x3,
    0xe, 0x48, 0x80, 0x7f, 0x97, 0xcc, 0x3, 0xe6,
    0xeb, 0x63, 0x0, 0x89, 0x23, 0x68, 0x40, 0x30,

    /* U+0409 "Љ" */
    0x0, 0xfe, 0xff, 0xff, 0xe6, 0x0, 0x7f, 0xff,
    0xc0, 0x3f, 0xf8, 0x2, 0x1, 0xff, 0xff, 0x0,
    0xff, 0xec, 0x18, 0x6, 0xbc, 0xcf, 0xfe, 0xd,
    0x80, 0x7f, 0xf7, 0x54, 0xcf, 0xff, 0x82, 0xa0,
    0x1f, 0xfd, 0x81, 0x0, 0xc2, 0x1, 0xff, 0xe6,
    0x70, 0xf, 0xff, 0xf8, 0x7, 0xff, 0x60, 0x40,
    0x21, 0x0, 0xff, 0xff, 0x80, 0x7f, 0xf5, 0xc,
    0x2, 0x30, 0xf, 0xfe, 0x46, 0xef, 0xfb, 0x2e,
    0x9c, 0xc0, 0x3f, 0xf8, 0x82, 0x1, 0xff, 0xcc,
    0x22, 0xff, 0x1a, 0x2c, 0x67, 0x40, 0x80, 0x7f,
    0xf1, 0x44, 0x3, 0xff, 0xae, 0x2f, 0xe8, 0x1,
    0xff, 0xc0, 0xf0, 0x9, 0xc0, 0x3f, 0xfb, 0x23,
    0x6a, 0x1, 0xff, 0x8, 0x7, 0xff, 0x33, 0xff,
    0xfd, 0xd6, 0xe2, 0x1, 0xd4, 0x60, 0x1f, 0xe3,
    0x0, 0x84, 0x3, 0xff, 0xa4, 0x29, 0x1d, 0x0,
    0x1d, 0xe0, 0x1f, 0xe1, 0x0, 0x8c, 0x3, 0xff,
    0xac, 0xf6, 0x1, 0x8d, 0x0, 0x3f, 0x9c, 0x2,
    0x10, 0xf, 0xfe, 0xba, 0x30, 0x6, 0xc0, 0xf,
    0xe2, 0x0, 0xb8, 0x3, 0xff, 0xb1, 0x60, 0x19,
    0x0, 0x3f, 0x84, 0x2, 0x30, 0xf, 0xfe, 0xc1,
    0x8, 0x4, 0x40, 0x1f, 0x88, 0x3, 0x30, 0x7,
    0xff, 0x64, 0xc0, 0x21, 0x0, 0xfc, 0xe0, 0x18,
    0x80, 0x3f, 0xfb, 0x22, 0x1, 0xff, 0xc0, 0x20,
    0x8, 0x44, 0x1, 0xff, 0xd9, 0x10, 0xf, 0xfe,
    0x5, 0x80, 0x44, 0x1, 0xff, 0xda, 0x20, 0x8,
    0x40, 0x3f, 0x18, 0x4, 0xa0, 0x1f, 0xfd, 0x94,
    0x0, 0xca, 0x1, 0xf3, 0x80, 0x6c, 0x0, 0xff,
    0xec, 0xf8, 0x6, 0xd0, 0xf, 0xc, 0x80, 0x64,
    0x0, 0xff, 0xec, 0x32, 0x0, 0x67, 0x0, 0xe1,
    0xd1, 0x0, 0x90, 0x40, 0x3f, 0xfa, 0xef, 0x20,
    0x19, 0x84, 0x1, 0x51, 0x5c, 0x60, 0x1b, 0xc0,
    0x3f, 0xfa, 0xa4, 0xdb, 0x0, 0x18, 0xa0, 0x0,
    0x4a, 0xea, 0x1, 0xc6, 0x80, 0x1f, 0xfc, 0xad,
    0xdf, 0xee, 0xfd, 0x92, 0x0, 0xc3, 0xe2, 0x0,
    0x10, 0xf, 0xdc, 0x1, 0xff, 0xcb, 0x22, 0xfe,
    0x10, 0xf, 0x8f, 0x8, 0x2, 0x70, 0xf, 0xe,
    0x10, 0x7, 0xff, 0x68, 0xe7, 0x8, 0x3, 0x8,
    0x4, 0x27, 0x1c, 0x60, 0x1f, 0xfd, 0x61, 0x25,
    0x8c, 0xc3, 0x0, 0x78,

    /* U+040A "Њ" */
    0xcf, 0xfc, 0x1, 0xff, 0xc6, 0x5f, 0xfc, 0xa0,
    0x1f, 0xff, 0xf0, 0xf, 0xff, 0xf8, 0x7, 0xff,
    0xfc, 0x3, 0xff, 0xfe, 0x1, 0xff, 0xff, 0x0,
    0xff, 0xff, 0x80, 0x7f, 0xff, 0xc0, 0x3f, 0xff,
    0xe0, 0x1f, 0xfc, 0xe2, 0x2f, 0xfe, 0x38, 0x6,
    0x22, 0xff, 0x84, 0x3, 0xff, 0x87, 0xbb, 0xff,
    0xc6, 0x80, 0xd, 0x1b, 0xbf, 0xee, 0xfe, 0xa6,
    0x0, 0xff, 0xf1, 0x8a, 0xcf, 0xb8, 0x7, 0xff,
    0x96, 0x30, 0x40, 0x3f, 0xfa, 0x48, 0xef, 0xfc,
    0xc8, 0x20, 0x1c, 0x78, 0x1, 0xf7, 0xff, 0xff,
    0x1a, 0x80, 0x37, 0x44, 0x7f, 0x4d, 0xf5, 0x98,
    0x6, 0x29, 0x0, 0xff, 0xef, 0x26, 0x30, 0x6,
    0x62, 0x0, 0xff, 0xef, 0xc9, 0x80, 0x65, 0x0,
    0xff, 0xf0, 0x48, 0x6, 0xc0, 0xf, 0xff, 0x2,
    0x80, 0x67, 0x0, 0xff, 0xf2, 0x90, 0x7, 0xff,
    0x94, 0xc0, 0x3f, 0xfc, 0x4, 0x1, 0x98, 0x3,
    0xff, 0xc1, 0x40, 0x18, 0xc0, 0x3f, 0xfb, 0xe4,
    0xe0, 0x1a, 0xc0, 0x3f, 0xfb, 0xc7, 0x80, 0x18,
    0xcc, 0x1, 0xff, 0xdb, 0x14, 0xac, 0x10, 0xd,
    0xe0, 0x1f, 0xfd, 0x1b, 0xdd, 0xfe, 0xee, 0x5a,
    0x80, 0x75, 0x18, 0x7, 0xff, 0x44, 0x48, 0xbf,
    0x84, 0x3, 0xc3, 0x4a, 0x1, 0xff, 0xe2, 0x6f,
    0x50, 0xf, 0xfe, 0xf0, 0x9b, 0x57, 0xc8, 0x80,
    0x60,

    /* U+040B "Ћ" */
    0x6f, 0xff, 0xfe, 0x81, 0x80, 0x7f, 0xff, 0xc0,
    0x3f, 0xfc, 0xef, 0x99, 0xff, 0x0, 0x62, 0xcc,
    0xff, 0xe0, 0x18, 0x7, 0xf0, 0x99, 0xff, 0xc0,
    0x18, 0x4c, 0xff, 0xf8, 0x0, 0x1f, 0xff, 0xf0,
    0xf, 0xff, 0xf8, 0x7, 0xff, 0xfc, 0x3, 0xff,
    0xfe, 0x1, 0xe1, 0x34, 0x41, 0x90, 0x7, 0xff,
    0x44, 0xe3, 0x3f, 0xb2, 0xed, 0x9b, 0xf8, 0xe2,
    0x1, 0xff, 0xca, 0x19, 0xec, 0x73, 0x0, 0xfc,
    0x71, 0xce, 0x1, 0xff, 0xc9, 0x26, 0x10, 0xf,
    0xfe, 0x14, 0x60, 0x80, 0x7f, 0xf6, 0x4f, 0x40,
    0x3f, 0xf9, 0x67, 0x17, 0xbf, 0xee, 0xc8, 0x20,
    0xe, 0x38, 0x0, 0xff, 0xe3, 0x94, 0xf6, 0x3a,
    0x10, 0x0, 0x4d, 0xf6, 0x0, 0x39, 0xc4, 0x3,
    0xff, 0x8a, 0x7a, 0xc2, 0x1, 0xfe, 0x7a, 0x0,
    0xe7, 0x0, 0xff, 0xea, 0x2a, 0x80, 0x36, 0x0,
    0x7f, 0xf5, 0x60, 0x3, 0x38, 0x7, 0xff, 0x54,
    0x84, 0x2, 0x20, 0xf, 0xfe, 0xb1, 0x0, 0x7f,
    0xf6, 0x9c, 0x3, 0x8, 0x7, 0xff, 0xfc, 0x3,
    0xff, 0xfe, 0x1, 0xff, 0xff, 0x0, 0xff, 0xff,
    0x80, 0x7f, 0xf0, 0x0,

    /* U+040C "Ќ" */
    0x0, 0xff, 0xe1, 0x37, 0xff, 0x30, 0x7, 0xff,
    0x25, 0xe4, 0x2, 0x2d, 0x60, 0xf, 0xfe, 0x44,
    0x40, 0x2, 0x6d, 0x20, 0xf, 0xfe, 0x45, 0x38,
    0x5, 0x52, 0x1, 0xff, 0xc9, 0xb5, 0x0, 0x16,
    0xa8, 0x7, 0xff, 0x20, 0x71, 0x0, 0xd, 0xa4,
    0x1, 0xff, 0xc9, 0x1c, 0xff, 0xa4, 0x3, 0xff,
    0xfb, 0x9f, 0xf8, 0x3, 0xff, 0x8b, 0x9f, 0xf9,
    0x40, 0x3f, 0xf9, 0x4e, 0x60, 0x12, 0xa8, 0x3,
    0xff, 0x92, 0x70, 0x1, 0x15, 0x0, 0x7f, 0xf2,
    0xb8, 0x3, 0x70, 0x7, 0xff, 0x2a, 0x48, 0x2,
    0x83, 0x0, 0xff, 0xe4, 0xab, 0x0, 0x48, 0xe0,
    0x1f, 0xfc, 0x91, 0xb0, 0x8, 0x68, 0x3, 0xff,
    0x95, 0x42, 0x1, 0x50, 0x80, 0x7f, 0xf2, 0x5d,
    0x0, 0x27, 0x40, 0xf, 0xfe, 0x49, 0xc0, 0x4,
    0x70, 0x1, 0xff, 0xca, 0xe0, 0xd, 0xc0, 0x1f,
    0xfc, 0xa9, 0x20, 0xa, 0x88, 0x3, 0xff, 0x92,
    0xac, 0x1, 0x32, 0x80, 0x7f, 0xf2, 0x46, 0xc0,
    0x22, 0x90, 0xf, 0xfe, 0x1a, 0x27, 0xd4, 0x20,
    0x17, 0x80, 0x7f, 0xf1, 0x2e, 0xfe, 0x40, 0xa,
    0x48, 0x3, 0xff, 0x9c, 0x2c, 0x1, 0xff, 0xcf,
    0x17, 0x0, 0xff, 0xe8, 0x41, 0x80, 0x7f, 0xf1,
    0x3f, 0xfe, 0x40, 0xd, 0xc0, 0x1f, 0xfc, 0xba,
    0x10, 0x8, 0xa8, 0x3, 0xff, 0x94, 0x34, 0x1,
    0x95, 0x40, 0x1f, 0xfc, 0xa4, 0x70, 0xd, 0x44,
    0x1, 0xff, 0xca, 0x83, 0x0, 0xdc, 0x1, 0xff,
    0xcb, 0xe0, 0xc, 0x70, 0x1, 0xff, 0xca, 0x2a,
    0x0, 0xce, 0x60, 0x1f, 0xfc, 0xa5, 0x60, 0xd,
    0xa0, 0x1f, 0xfc, 0xb9, 0x20, 0x8, 0x68, 0x3,
    0xff, 0x97, 0xe0, 0x19, 0x54, 0x1, 0xff, 0xca,
    0x29, 0x0, 0xd4, 0x40, 0x1f, 0xfc, 0xa6, 0x40,
    0xd, 0xc0, 0x1f, 0xfc, 0xba, 0x10, 0x8, 0xe0,
    0x3, 0xff, 0x94, 0x34, 0x1, 0x9c, 0xc0, 0x3f,
    0xf9, 0x48, 0xe0, 0x1b, 0x44,

    /* U+040D "Ѝ" */
    0x0, 0xf3, 0xff, 0xf2, 0x80, 0x7f, 0xf2, 0xdf,
    0x4, 0x2, 0xa6, 0x0, 0xff, 0xe5, 0x9f, 0xa8,
    0x5, 0x2e, 0x1, 0xff, 0xcb, 0x1a, 0x90, 0xa,
    0x20, 0x1, 0xff, 0xcc, 0x6c, 0x20, 0x3, 0xd0,
    0x7, 0xff, 0x30, 0xf5, 0x40, 0xb, 0x60, 0x1f,
    0xfc, 0xda, 0xff, 0xac, 0x3, 0xff, 0xf9, 0x9f,
    0xf8, 0x3, 0xff, 0x8f, 0x1f, 0xf9, 0x0, 0x3f,
    0xf9, 0x68, 0xe0, 0x1f, 0xfc, 0xf1, 0xa0, 0xf,
    0xfe, 0x86, 0x88, 0x7, 0xff, 0x3e, 0xc, 0x3,
    0xff, 0x9e, 0x8e, 0x1, 0xff, 0xcf, 0x2a, 0x0,
    0xff, 0xe8, 0x70, 0x80, 0x7f, 0xf3, 0xe4, 0xc0,
    0x21, 0x70, 0xf, 0xfe, 0x52, 0xb0, 0x6, 0xaf,
    0x0, 0xff, 0xe4, 0x95, 0x0, 0x67, 0x40, 0xf,
    0xfe, 0x57, 0x80, 0x64, 0x80, 0xf, 0xfe, 0x54,
    0x90, 0x4, 0x34, 0x1, 0xff, 0xca, 0x56, 0x0,
    0xda, 0x20, 0x1f, 0xfc, 0x92, 0xa0, 0xd, 0x6,
    0x1, 0xff, 0xca, 0xf0, 0xc, 0x8e, 0x1, 0xff,
    0xca, 0xa2, 0x0, 0x86, 0x80, 0x3f, 0xf9, 0x4c,
    0xa0, 0x1b, 0x44, 0x3, 0xff, 0x92, 0x72, 0x1,
    0xa4, 0xc0, 0x3f, 0xf9, 0x5c, 0x1, 0x95, 0x80,
    0x3f, 0xf9, 0x54, 0x40, 0x11, 0x50, 0x7, 0xff,
    0x29, 0x94, 0x3, 0x78, 0x7, 0xff, 0x28, 0xe4,
    0x3, 0x49, 0x0, 0x7f, 0xf2, 0x47, 0x40, 0x32,
    0xb0, 0x7, 0xff, 0x2a, 0x84, 0x2, 0x2a, 0x0,
    0xff, 0xe5, 0x3a, 0x0, 0x6f, 0x0, 0xff, 0xe5,
    0xc0, 0x6, 0xa2, 0x0, 0xff, 0xe7, 0xb2, 0x80,
    0x7f, 0xf3, 0xce, 0x40, 0x3f, 0xf9, 0xe3, 0xc0,
    0x1f, 0xfd, 0xa, 0x20, 0xf, 0xfe, 0x7b, 0xa0,
    0x7, 0xff, 0x3c, 0xe0, 0x3, 0xff, 0x9e, 0x3a,
    0x1, 0xff, 0xcc,

    /* U+040E "Ў" */
    0x0, 0xfd, 0xbf, 0xe9, 0x0, 0xfe, 0xdf, 0xf4,
    0x0, 0x7f, 0xf1, 0x18, 0x0, 0x80, 0x1f, 0x88,
    0x80, 0xe, 0x0, 0xff, 0xe2, 0x60, 0x0, 0x98,
    0x3, 0xe9, 0x0, 0x90, 0x3, 0xff, 0x88, 0xe2,
    0x0, 0x9a, 0x30, 0x0, 0xae, 0xa0, 0x1, 0x88,
    0x3, 0xff, 0x8b, 0xa0, 0x12, 0xe7, 0xfb, 0xa8,
    0x80, 0x7, 0x20, 0x1f, 0xfc, 0x63, 0xd4, 0x0,
    0xfc, 0x2f, 0x80, 0x1f, 0xfc, 0x82, 0xbe, 0xa7,
    0x65, 0x67, 0xbe, 0x80, 0xf, 0xfe, 0x58, 0xac,
    0x4d, 0x4c, 0x20, 0x7, 0xff, 0x8f, 0xbf, 0xf1,
    0x0, 0x7f, 0xf2, 0x13, 0xff, 0x38, 0x48, 0x6,
    0x80, 0xf, 0xfe, 0x44, 0x0, 0x42, 0xe0, 0xe2,
    0x1, 0x29, 0x0, 0x7f, 0xf1, 0x94, 0xc0, 0x28,
    0x0, 0xa0, 0x3, 0x40, 0x7, 0xff, 0x1a, 0x0,
    0x22, 0x60, 0x9, 0x88, 0x2, 0x52, 0x0, 0xff,
    0xe2, 0x29, 0x0, 0x50, 0x1, 0xd0, 0x1, 0xa0,
    0x3, 0xff, 0x89, 0x0, 0x11, 0xa8, 0x7, 0x29,
    0x0, 0x4a, 0x60, 0x1f, 0xfc, 0x26, 0x20, 0xa,
    0x0, 0x3e, 0x90, 0xd, 0x0, 0x1f, 0xfc, 0x28,
    0x0, 0x91, 0x0, 0x1f, 0x21, 0x80, 0x48, 0x60,
    0x1f, 0xfc, 0x6, 0x10, 0xa, 0x0, 0x3f, 0xa0,
    0x3, 0x40, 0x7, 0xff, 0x2, 0x0, 0x25, 0x30,
    0xf, 0xe4, 0x40, 0x4, 0x86, 0x1, 0xfe, 0x71,
    0x0, 0xa0, 0x3, 0xfe, 0x80, 0xd, 0x0, 0x1f,
    0xe9, 0x0, 0x98, 0x80, 0x3f, 0xe3, 0x50, 0x9,
    0xc, 0x3, 0xf3, 0x88, 0x5, 0x0, 0x1f, 0xfc,
    0x18, 0x0, 0xd0, 0x1, 0xf0, 0xc0, 0x4, 0xe2,
    0x1, 0xff, 0xc1, 0x25, 0x0, 0x90, 0xc0, 0x3d,
    0x20, 0x10, 0xc8, 0x7, 0xff, 0xe, 0x0, 0x34,
    0x0, 0x70, 0xb8, 0x5, 0x22, 0x1, 0xff, 0xc3,
    0x26, 0x0, 0x90, 0xc0, 0x34, 0x0, 0x42, 0xe0,
    0x1f, 0xfc, 0x58, 0x0, 0xd0, 0x1, 0xb, 0x0,
    0x50, 0x1, 0xff, 0xc6, 0x17, 0x0, 0x90, 0xc0,
    0x10, 0x1, 0x13, 0x0, 0x7f, 0xf1, 0xe4, 0x3,
    0x40, 0x13, 0x0, 0x50, 0x1, 0xff, 0xc8, 0x18,
    0x0, 0x91, 0x10, 0x1, 0x1a, 0x80, 0x7f, 0xf2,
    0x5c, 0x40, 0x29, 0x50, 0xa, 0x0, 0x3f, 0xf9,
    0x72, 0x1, 0x10, 0x4, 0x88, 0x0, 0xff, 0xe5,
    0xb8, 0x80, 0x7a, 0x0, 0x3f, 0xf9, 0xb0, 0x1,
    0xca, 0x60, 0x1f, 0xfc, 0xd6, 0x20, 0xd, 0x0,
    0x1f, 0xfc, 0xe2, 0x20, 0x4, 0xc4, 0x1, 0xff,
    0xce, 0xf0, 0xd, 0x0, 0x1f, 0xfc, 0xe9, 0x20,
    0xa, 0x4, 0x3, 0xff, 0x8e, 0x40, 0x18, 0x69,
    0x80, 0x22, 0x70, 0xf, 0xfe, 0x38, 0xee, 0xae,
    0xb3, 0x94, 0x3, 0x70, 0x7, 0xff, 0x21, 0xc0,
    0x91, 0x4c, 0x3, 0xa8, 0xc0, 0x3f, 0xf9, 0x14,
    0x1, 0xfd, 0x6a, 0x1, 0xff, 0xc9, 0x10, 0xf,
    0x97, 0x50, 0x3, 0xff, 0x95, 0xb9, 0x2c, 0xc7,
    0xae, 0xa2, 0x0, 0xff, 0xe6, 0x1b, 0x4c, 0xa1,
    0x44, 0x3, 0xff, 0x92,

    /* U+040F "Џ" */
    0xcf, 0xfc, 0x1, 0xff, 0xc6, 0x4f, 0xfc, 0xe0,
    0x1f, 0xff, 0xf0, 0xf, 0xff, 0xf8, 0x7, 0xff,
    0xfc, 0x3, 0xff, 0xfe, 0x1, 0xff, 0xff, 0x0,
    0xff, 0xff, 0x80, 0x7f, 0xff, 0xc0, 0x3f, 0xff,
    0xe0, 0x1f, 0xff, 0xf0, 0xf, 0xff, 0xf8, 0x7,
    0xff, 0xdc, 0xcf, 0xff, 0x8e, 0x1, 0xfe, 0xcc,
    0xff, 0xe3, 0x40, 0x7, 0xff, 0xfc, 0x3, 0xff,
    0x8b, 0x9f, 0xff, 0xf1, 0x0, 0x4f, 0xff, 0xff,
    0x38, 0x7, 0xff, 0xfc, 0x3, 0xff, 0xfe, 0x1,
    0xff, 0xd8, 0xb7, 0x7b, 0x0, 0x3f, 0xf8, 0x0,

    /* U+0410 "А" */
    0x0, 0xff, 0xe1, 0xb7, 0xfe, 0xc0, 0xf, 0xfe,
    0x95, 0x80, 0x63, 0x30, 0x7, 0xff, 0x41, 0x48,
    0x3, 0xa4, 0x3, 0xff, 0xa1, 0x20, 0x1e, 0x52,
    0x0, 0xff, 0xe7, 0x19, 0x80, 0x3e, 0xb0, 0xf,
    0xfe, 0x74, 0x80, 0x42, 0x80, 0x13, 0x8, 0x7,
    0xff, 0x30, 0x94, 0x2, 0x68, 0x0, 0xcc, 0x1,
    0xff, 0xcc, 0xb0, 0xd, 0x26, 0x60, 0xa, 0x40,
    0x3f, 0xf9, 0x8c, 0x1, 0x28, 0x85, 0x0, 0x42,
    0xa0, 0x1f, 0xfc, 0xa7, 0x0, 0xd2, 0x0, 0x61,
    0x0, 0xa4, 0x3, 0xff, 0x95, 0x20, 0x11, 0x98,
    0x2, 0x60, 0x8, 0xd0, 0x3, 0xff, 0x90, 0xa2,
    0x1, 0x50, 0x6, 0x90, 0xd, 0xe0, 0x1f, 0xfc,
    0x89, 0x0, 0x85, 0x80, 0x30, 0xa8, 0x4, 0x84,
    0x1, 0xff, 0xc6, 0x33, 0x0, 0x4c, 0x1, 0xe9,
    0x0, 0xd6, 0x1, 0xff, 0xc6, 0x80, 0xd, 0x20,
    0x1e, 0x32, 0x0, 0x98, 0x40, 0x3f, 0xf8, 0x84,
    0x80, 0x12, 0x88, 0x7, 0xd6, 0x1, 0xa4, 0x3,
    0xff, 0x89, 0x60, 0x1a, 0x40, 0x3f, 0x30, 0x80,
    0x4c, 0x1, 0xff, 0xc3, 0x16, 0x0, 0x88, 0xc0,
    0x3f, 0x98, 0x2, 0x16, 0x0, 0xff, 0xe1, 0x30,
    0x6, 0xb0, 0xf, 0xf4, 0x80, 0x6b, 0x0, 0xff,
    0xe1, 0x48, 0x4, 0x2c, 0x1, 0xfe, 0x15, 0x0,
    0x89, 0x0, 0x3f, 0xf8, 0xc, 0x20, 0x13, 0x0,
    0x7f, 0xf0, 0x38, 0x3, 0x78, 0x7, 0xff, 0x2,
    0xc0, 0x34, 0x80, 0x7f, 0xf0, 0x10, 0x80, 0x24,
    0x30, 0xf, 0xf2, 0x10, 0x6, 0xef, 0xff, 0xfe,
    0x9, 0x0, 0x69, 0x0, 0xff, 0x78, 0x7, 0xff,
    0x31, 0x44, 0x3, 0xf1, 0x20, 0x7, 0xff, 0x36,
    0x40, 0x3f, 0x58, 0x6, 0x11, 0xff, 0xe3, 0x0,
    0x67, 0x0, 0xf8, 0x58, 0x2, 0x1e, 0xef, 0xfe,
    0x32, 0x80, 0x67, 0x0, 0xf4, 0x80, 0x69, 0x0,
    0xff, 0xe3, 0x48, 0x6, 0x90, 0xf, 0x30, 0x6,
    0x60, 0xf, 0xfe, 0x31, 0xa0, 0x4, 0x2a, 0x1,
    0x98, 0x40, 0x26, 0x10, 0xf, 0xfe, 0x3f, 0x80,
    0x69, 0x0, 0xd6, 0x1, 0xac, 0x3, 0xff, 0x90,
    0x84, 0x1, 0x19, 0x80, 0x8, 0x40, 0x12, 0x90,
    0x7, 0xff, 0x26, 0x0, 0x34, 0x0, 0x20, 0x3,
    0x48, 0x7, 0xff, 0x29, 0x44, 0x2, 0x42, 0x33,
    0x0, 0x48, 0x60, 0x1f, 0xfc, 0xb9, 0x0, 0xd6,

    /* U+0411 "Б" */
    0xcf, 0xff, 0xfe, 0x64, 0x80, 0x7f, 0xff, 0xc0,
    0x3f, 0xf8, 0x9b, 0xbf, 0xfc, 0x88, 0x0, 0xf8,
    0x8b, 0xff, 0x90, 0x20, 0x1f, 0xff, 0xf0, 0xf,
    0xff, 0xf8, 0x7, 0xff, 0xfc, 0x3, 0xdf, 0xff,
    0xfc, 0xe, 0xc9, 0x61, 0x0, 0xff, 0xe5, 0x89,
    0xb4, 0xf5, 0x90, 0x7, 0xff, 0x39, 0x36, 0x0,
    0x3f, 0x11, 0x7f, 0x84, 0x3, 0xf3, 0xc0, 0x7,
    0xdb, 0xbf, 0xee, 0xfe, 0xa5, 0x0, 0xe7, 0x40,
    0xf, 0xfe, 0x30, 0xad, 0x60, 0x80, 0x69, 0x0,
    0xff, 0xe4, 0x9e, 0x0, 0x62, 0x20, 0x7, 0xff,
    0x24, 0x98, 0x3, 0x28, 0x7, 0xff, 0x2b, 0x40,
    0x37, 0x0, 0x7f, 0xf2, 0x98, 0x3, 0x18, 0x7,
    0xff, 0x3c, 0xc0, 0x3f, 0xf9, 0x4c, 0x1, 0x84,
    0x3, 0xff, 0x95, 0xa0, 0x1b, 0x40, 0x3f, 0xf9,
    0x26, 0xc0, 0x19, 0x40, 0x3f, 0xf9, 0x9, 0xa0,
    0x19, 0x80, 0x3f, 0xf8, 0xc2, 0xb7, 0x61, 0x0,
    0x86, 0x0, 0x3d, 0xbb, 0xfe, 0xef, 0xea, 0x40,
    0xe, 0xd1, 0x0, 0xf1, 0x17, 0xf8, 0x40, 0x3e,
    0x2c, 0x30, 0xf, 0xfe, 0x59, 0x46, 0x98, 0x7,
    0xff, 0x1c, 0x49, 0x63, 0x35, 0xc0, 0x38,

    /* U+0412 "В" */
    0xcf, 0xff, 0xfe, 0x1f, 0x65, 0x30, 0x80, 0x7f,
    0xf3, 0x4, 0xd6, 0x7a, 0xcc, 0x3, 0xff, 0x9e,
    0x99, 0x0, 0x1f, 0xe2, 0x2f, 0xf0, 0x80, 0x7c,
    0xf2, 0x1, 0xfd, 0xbb, 0xfe, 0xef, 0xc6, 0x0,
    0xe6, 0x40, 0xf, 0xfe, 0x41, 0xce, 0x8, 0x6,
    0x80, 0xf, 0xfe, 0x51, 0xe8, 0x6, 0x31, 0x0,
    0xff, 0xe5, 0x19, 0x80, 0x32, 0x80, 0x7f, 0xf2,
    0xd0, 0x3, 0x8, 0x7, 0xff, 0x2f, 0xc0, 0x3f,
    0xfa, 0x1e, 0x1, 0x98, 0x3, 0xff, 0x96, 0xa0,
    0x18, 0xc0, 0x3f, 0xf9, 0x4a, 0x40, 0x13, 0x0,
    0x7f, 0xf2, 0x96, 0x80, 0x21, 0x80, 0xf, 0xfe,
    0x39, 0x36, 0x50, 0x4, 0x3a, 0x20, 0x1f, 0xbf,
    0xff, 0xed, 0x93, 0x0, 0x93, 0xc, 0x3, 0xff,
    0x9a, 0x92, 0x40, 0x1f, 0xfc, 0xe4, 0xdb, 0x30,
    0xf, 0xe4, 0x4f, 0xfe, 0x1, 0x0, 0x72, 0x63,
    0x0, 0x7e, 0xbb, 0xff, 0xe0, 0x6f, 0xe2, 0x80,
    0x69, 0x60, 0xf, 0xfe, 0x49, 0xd5, 0x80, 0x69,
    0x10, 0xf, 0xfe, 0x52, 0x40, 0x6, 0x90, 0xf,
    0xfe, 0x5b, 0x0, 0x64, 0x0, 0xff, 0xe5, 0x89,
    0x0, 0x46, 0x1, 0xff, 0xcc, 0x10, 0xf, 0xfe,
    0x81, 0x0, 0x7f, 0xf3, 0xc8, 0x40, 0x21, 0x0,
    0xff, 0xe5, 0xc0, 0x6, 0x40, 0xf, 0xfe, 0x54,
    0x28, 0x6, 0xe0, 0xf, 0xfe, 0x39, 0x36, 0xb8,
    0x6, 0x44, 0x0, 0x7b, 0x77, 0xfe, 0xef, 0xd9,
    0x20, 0xc, 0x34, 0x1, 0xf1, 0x17, 0xfc, 0x20,
    0x1f, 0x1f, 0x88, 0x7, 0xff, 0x30, 0xa7, 0x4,
    0x3, 0xff, 0x90, 0x24, 0xb1, 0x9a, 0xc0, 0x1c,

    /* U+0413 "Г" */
    0xcf, 0xff, 0xfe, 0x4a, 0x0, 0x7f, 0xf2, 0x9c,
    0x3, 0xff, 0xcf, 0x99, 0xff, 0xc5, 0x30, 0xe,
    0x33, 0xff, 0xe2, 0x80, 0x7f, 0xff, 0xc0, 0x3f,
    0xff, 0xe0, 0x1f, 0xff, 0xf0, 0xf, 0xff, 0xf8,
    0x7, 0xff, 0xfc, 0x3, 0xff, 0xfe, 0x1, 0xff,
    0xff, 0x0, 0xff, 0xff, 0x80, 0x7f, 0xf8, 0x40,

    /* U+0414 "Д" */
    0x0, 0xfc, 0xbf, 0xff, 0xfc, 0xb4, 0x0, 0xff,
    0xf3, 0x98, 0x7, 0xff, 0xfc, 0x40, 0x22, 0xcc,
    0xff, 0xe1, 0x30, 0x7, 0xff, 0x28, 0x4c, 0xff,
    0xf8, 0x5c, 0x1, 0xff, 0xc6, 0xf0, 0x9, 0xc0,
    0x3f, 0xff, 0x62, 0x1, 0x8, 0x7, 0xff, 0xec,
    0xc0, 0x23, 0x0, 0xff, 0xfd, 0x88, 0x4, 0x20,
    0x1f, 0xfd, 0x57, 0x0, 0xbc, 0x3, 0xff, 0xaa,
    0x20, 0x10, 0x80, 0x7f, 0xf5, 0x4c, 0x2, 0x30,
    0xf, 0xfe, 0xa8, 0x80, 0x42, 0x1, 0xff, 0xd9,
    0x70, 0xf, 0xfe, 0xa1, 0x0, 0x62, 0x0, 0xff,
    0xea, 0x30, 0x6, 0x10, 0xf, 0xfe, 0xa1, 0x0,
    0x44, 0x1, 0xff, 0xd5, 0xe0, 0x9, 0x80, 0x3f,
    0xfa, 0xa6, 0x1, 0x10, 0x7, 0xff, 0x55, 0x0,
    0x2c, 0x0, 0xff, 0xea, 0x18, 0x6, 0x40, 0xf,
    0xfe, 0xa5, 0x80, 0x42, 0x20, 0xf, 0xfe, 0xa3,
    0x0, 0x4c, 0x1, 0xff, 0xd4, 0x61, 0x0, 0xa8,
    0x3, 0xff, 0xa6, 0x72, 0x1, 0x31, 0x0, 0x7f,
    0xf3, 0xc5, 0x11, 0x18, 0x1, 0xe, 0xa2, 0x7f,
    0xf1, 0x78, 0x3, 0x1a, 0x26, 0x14, 0xbb, 0x38,
    0x6, 0x1b, 0xbf, 0xfe, 0x33, 0x0, 0x68, 0xbb,
    0xca, 0x1, 0xff, 0xff, 0x0, 0xff, 0xf0, 0x6f,
    0xff, 0xff, 0x3b, 0x0, 0x3f, 0xfc, 0x86, 0x1,
    0xff, 0xff, 0x0, 0xff, 0xff, 0x80, 0x7f, 0xf5,
    0x9e, 0x23, 0x8, 0x7, 0xff, 0x38, 0xa2, 0x32,
    0x80,

    /* U+0415 "Е" */
    0xcf, 0xff, 0xfe, 0x58, 0x7, 0xff, 0xfc, 0x3,
    0xd7, 0x99, 0xff, 0xc6, 0x0, 0xf2, 0x19, 0xff,
    0xf1, 0x80, 0x3f, 0xff, 0xe0, 0x1f, 0xff, 0xf0,
    0xf, 0xff, 0x61, 0x17, 0xff, 0x10, 0x40, 0x3f,
    0x6e, 0xff, 0xf1, 0x3c, 0x3, 0xff, 0xfe, 0x1,
    0xfb, 0xff, 0xff, 0x89, 0xc0, 0x1f, 0xff, 0xf0,
    0xf, 0xff, 0xf8, 0x7, 0xff, 0xfc, 0x3, 0xf2,
    0x19, 0xff, 0xf1, 0x88, 0x3, 0xaf, 0x33, 0xff,
    0x8d, 0x60, 0x1f, 0xff, 0xf0,

    /* U+0416 "Ж" */
    0x0, 0x77, 0xfe, 0x20, 0xf, 0xfe, 0x15, 0x7f,
    0xe1, 0x0, 0xff, 0xe1, 0x67, 0xfe, 0x50, 0xa,
    0xc0, 0x37, 0x0, 0x7f, 0xf5, 0x58, 0xc0, 0x24,
    0x50, 0x9, 0x50, 0x2, 0x36, 0x0, 0xff, 0xe9,
    0x8c, 0x0, 0x69, 0x0, 0xea, 0x0, 0xd0, 0x20,
    0x1f, 0xfd, 0x28, 0x10, 0xa, 0x8, 0x3, 0x86,
    0x40, 0x21, 0x80, 0xf, 0xfe, 0x89, 0xb0, 0x4,
    0x4e, 0x1, 0xf3, 0x18, 0x4, 0xc6, 0x1, 0xff,
    0xd0, 0xe0, 0xd, 0xc0, 0x1f, 0xdc, 0x1, 0xbc,
    0x3, 0xff, 0x9e, 0xe4, 0x1, 0x31, 0x80, 0x7f,
    0x13, 0x80, 0x46, 0xc0, 0x1f, 0xfc, 0xd1, 0x80,
    0x8, 0x64, 0x3, 0xfe, 0x82, 0x0, 0xa4, 0x40,
    0x3f, 0xf9, 0x96, 0x1, 0xac, 0x3, 0xff, 0x83,
    0x20, 0x1a, 0xc0, 0x3f, 0xf9, 0x68, 0xa0, 0x12,
    0x28, 0x7, 0xff, 0x5, 0x14, 0x2, 0x54, 0x0,
    0xff, 0xe5, 0x48, 0x6, 0xa0, 0xf, 0xfe, 0x1d,
    0x88, 0x5, 0x20, 0x1f, 0xfc, 0x98, 0x20, 0xa,
    0x44, 0x3, 0xff, 0x86, 0x30, 0x1, 0x13, 0x80,
    0x7f, 0xf1, 0xc9, 0xc0, 0x23, 0x60, 0xf, 0xfe,
    0x2b, 0x18, 0x5, 0x4, 0x1, 0xff, 0xc6, 0x90,
    0xd, 0xc0, 0x1f, 0xfc, 0x7e, 0x0, 0xd2, 0x89,
    0xe1, 0x0, 0xc8, 0x9e, 0x74, 0x0, 0x9c, 0x80,
    0x3f, 0xf8, 0xe5, 0x0, 0x12, 0x5d, 0xf9, 0x0,
    0x35, 0x5d, 0xf4, 0x0, 0x45, 0x0, 0x1f, 0xfc,
    0x94, 0x0, 0xff, 0xe6, 0xa0, 0x7, 0xff, 0x2b,
    0xc0, 0x3f, 0xf9, 0xac, 0x40, 0x1f, 0xfc, 0x86,
    0x30, 0xf, 0xfe, 0x74, 0x80, 0x7f, 0xf1, 0xc6,
    0x0, 0x33, 0x7f, 0xf9, 0x40, 0x37, 0x7f, 0xf6,
    0x0, 0x64, 0x60, 0xf, 0xfe, 0x35, 0x88, 0x4,
    0x30, 0x1, 0xff, 0xc5, 0x36, 0x0, 0xd0, 0x20,
    0x1f, 0xfc, 0x44, 0x50, 0xd, 0x62, 0x1, 0xff,
    0xc6, 0x81, 0x0, 0x86, 0xc0, 0x3f, 0xf8, 0x92,
    0x1, 0x91, 0x40, 0x3f, 0xf8, 0xe3, 0x60, 0x19,
    0x50, 0x3, 0xff, 0x85, 0x4, 0x1, 0xa4, 0x3,
    0xff, 0x92, 0xa8, 0x1, 0xa4, 0x3, 0xff, 0x82,
    0x4e, 0x1, 0xa0, 0x80, 0x3f, 0xf9, 0x52, 0x1,
    0x8a, 0x0, 0x3f, 0xf8, 0x1c, 0x1, 0x89, 0xc0,
    0x3f, 0xf9, 0x65, 0x0, 0x19, 0xc8, 0x3, 0xfc,
    0xc6, 0x1, 0xb8, 0x3, 0xff, 0x9a, 0xe4, 0x1,
    0xb8, 0x3, 0xf8, 0x60, 0x3, 0x31, 0x80, 0x7f,
    0xf3, 0xb8, 0x3, 0x1b, 0x0, 0x7e, 0xb1, 0x0,
    0x86, 0x0, 0x3f, 0xf9, 0xe6, 0xc0, 0x1a, 0x4,
    0x3, 0xc8, 0xa0, 0x1a, 0xc4, 0x3, 0xff, 0xa1,
    0x22, 0x1, 0xd, 0x80, 0x7a, 0x40, 0x32, 0x28,
    0x7, 0xff, 0x4a, 0xc0, 0x32, 0xa0, 0x6, 0x82,
    0x0, 0xd2, 0x1, 0xff, 0xd3, 0x54, 0x0, 0xd2,
    0x1, 0x13, 0x80, 0x68, 0x20, 0xf, 0xfe, 0xa4,
    0x80, 0x62, 0x80, 0x7, 0x0, 0x62, 0x70, 0xf,
    0xfe, 0xa9, 0x40, 0x6, 0x72,

    /* U+0417 "З" */
    0x0, 0xf9, 0x1e, 0xb7, 0xbf, 0xdd, 0xb9, 0x2a,
    0x20, 0x1f, 0xfc, 0x5, 0xaf, 0xb8, 0x52, 0x10,
    0x0, 0x91, 0xb5, 0x75, 0xa0, 0x7, 0xe6, 0xea,
    0x50, 0xf, 0xfe, 0x12, 0x5d, 0x84, 0x3, 0x86,
    0x44, 0x3, 0xff, 0x8c, 0x9e, 0x40, 0x18, 0x50,
    0x3, 0x8d, 0xa6, 0xf3, 0x2a, 0x73, 0x0, 0xe1,
    0xf0, 0xe, 0xe0, 0x3, 0x5f, 0xe4, 0xb2, 0x19,
    0xcb, 0x19, 0xa6, 0x1, 0x89, 0xc0, 0x32, 0xc7,
    0x4a, 0x0, 0x7f, 0xc5, 0x8a, 0x1, 0xa8, 0x3,
    0x9c, 0x40, 0x3f, 0xf8, 0x74, 0x1, 0x88, 0x40,
    0x3f, 0xf9, 0x48, 0x1, 0x8c, 0x3, 0xff, 0x94,
    0x40, 0x1f, 0xfc, 0xf2, 0x0, 0xc4, 0x1, 0xff,
    0xc9, 0x24, 0x0, 0x90, 0x3, 0xff, 0x92, 0x3c,
    0x1, 0xbc, 0x3, 0xff, 0x8c, 0x29, 0x3c, 0x60,
    0x12, 0xa0, 0x7, 0xe2, 0xff, 0xfe, 0xeb, 0x60,
    0xc, 0x94, 0x1, 0xff, 0xcd, 0x9b, 0x0, 0xff,
    0xe7, 0x69, 0x80, 0x7f, 0xf3, 0x93, 0x20, 0x3,
    0xf8, 0xbf, 0xff, 0xba, 0xe0, 0x80, 0x33, 0xc8,
    0x7, 0xff, 0x18, 0x51, 0xf6, 0x40, 0x33, 0x30,
    0x3, 0xff, 0x92, 0xd8, 0x1, 0xa0, 0x3, 0xff,
    0x94, 0x6c, 0x1, 0xa, 0x0, 0x7f, 0xf2, 0xb4,
    0x3, 0x60, 0x7, 0xff, 0x29, 0xc0, 0x30, 0x80,
    0x7f, 0xf9, 0x90, 0x3, 0x8, 0x29, 0x80, 0x7f,
    0xf1, 0xe4, 0x3, 0x60, 0x46, 0x40, 0x7, 0xff,
    0x16, 0xc4, 0x2, 0x14, 0x41, 0x3, 0xfc, 0x98,
    0x7, 0xff, 0x1, 0x35, 0x0, 0x34, 0x7, 0x80,
    0x66, 0xce, 0xb7, 0x54, 0x33, 0x91, 0xa7, 0xac,
    0x80, 0x32, 0x30, 0x68, 0x7, 0x85, 0x22, 0xaf,
    0x32, 0xb9, 0x61, 0x0, 0xe4, 0xb0, 0x3, 0x6a,
    0x80, 0x7f, 0xf2, 0x22, 0xc0, 0x31, 0x56, 0xb8,
    0x80, 0x7f, 0xf0, 0x85, 0xb9, 0xc0, 0x3e, 0x28,
    0xed, 0x96, 0x32, 0x0, 0xc2, 0x6b, 0x17, 0xd2,
    0x20, 0x1c,

    /* U+0418 "И" */
    0xcf, 0xfc, 0x1, 0xff, 0xc7, 0x8f, 0xfc, 0x80,
    0x1f, 0xfc, 0xb4, 0x70, 0xf, 0xfe, 0x78, 0xd0,
    0x7, 0xff, 0x43, 0x44, 0x3, 0xff, 0x9f, 0x6,
    0x1, 0xff, 0xcf, 0x47, 0x0, 0xff, 0xe7, 0x95,
    0x0, 0x7f, 0xf4, 0x38, 0x40, 0x3f, 0xf9, 0xf2,
    0x60, 0x10, 0xb8, 0x7, 0xff, 0x29, 0x58, 0x3,
    0x57, 0x80, 0x7f, 0xf2, 0x4a, 0x80, 0x33, 0xa0,
    0x7, 0xff, 0x2b, 0xc0, 0x32, 0x40, 0x7, 0xff,
    0x2a, 0x48, 0x2, 0x1a, 0x0, 0xff, 0xe5, 0x2b,
    0x0, 0x6d, 0x10, 0xf, 0xfe, 0x49, 0x50, 0x6,
    0x83, 0x0, 0xff, 0xe5, 0x78, 0x6, 0x47, 0x0,
    0xff, 0xe5, 0x51, 0x0, 0x43, 0x40, 0x1f, 0xfc,
    0xa6, 0x50, 0xd, 0xa2, 0x1, 0xff, 0xc9, 0x39,
    0x0, 0xd2, 0x60, 0x1f, 0xfc, 0xae, 0x0, 0xca,
    0xc0, 0x1f, 0xfc, 0xaa, 0x20, 0x8, 0xa8, 0x3,
    0xff, 0x94, 0xca, 0x1, 0xbc, 0x3, 0xff, 0x94,
    0x72, 0x1, 0xa4, 0x80, 0x3f, 0xf9, 0x23, 0xa0,
    0x19, 0x58, 0x3, 0xff, 0x95, 0x42, 0x1, 0x15,
    0x0, 0x7f, 0xf2, 0x9d, 0x0, 0x37, 0x80, 0x7f,
    0xf2, 0xe0, 0x3, 0x51, 0x0, 0x7f, 0xf3, 0xd9,
    0x40, 0x3f, 0xf9, 0xe7, 0x20, 0x1f, 0xfc, 0xf1,
    0xe0, 0xf, 0xfe, 0x85, 0x10, 0x7, 0xff, 0x3d,
    0xd0, 0x3, 0xff, 0x9e, 0x70, 0x1, 0xff, 0xcf,
    0x1d, 0x0, 0xff, 0xe6, 0x0,

    /* U+0419 "Й" */
    0x0, 0xf4, 0x7f, 0xb8, 0x3, 0xfa, 0x3f, 0xda,
    0x1, 0xff, 0xc1, 0xe0, 0x0, 0x90, 0x7, 0xe5,
    0x0, 0x30, 0x7, 0xff, 0x5, 0x0, 0x29, 0x0,
    0xf9, 0xc8, 0x1, 0xa0, 0x1f, 0xfc, 0x12, 0x50,
    0x2, 0x62, 0x88, 0x0, 0xea, 0x0, 0x2, 0xc0,
    0x1f, 0xfc, 0x2a, 0x30, 0x1, 0xd7, 0x7f, 0xb1,
    0x40, 0x3, 0xa0, 0x1f, 0xfc, 0x4c, 0x70, 0xf,
    0xe5, 0xf3, 0x0, 0xff, 0xe2, 0xc7, 0xdc, 0x32,
    0xa9, 0xeb, 0xa8, 0x40, 0x3f, 0xf9, 0x8, 0xf3,
    0x54, 0x85, 0x10, 0xf, 0xfe, 0xee, 0x7f, 0xe0,
    0xf, 0xfe, 0x3c, 0x7f, 0xe4, 0x0, 0xff, 0xe5,
    0xa3, 0x80, 0x7f, 0xf3, 0xc6, 0x80, 0x3f, 0xfa,
    0x1a, 0x20, 0x1f, 0xfc, 0xf8, 0x30, 0xf, 0xfe,
    0x7a, 0x38, 0x7, 0xff, 0x3c, 0xa8, 0x3, 0xff,
    0xa1, 0xc2, 0x1, 0xff, 0xcf, 0x93, 0x0, 0x85,
    0xc0, 0x3f, 0xf9, 0x4a, 0xc0, 0x1a, 0xbc, 0x3,
    0xff, 0x92, 0x54, 0x1, 0x9d, 0x0, 0x3f, 0xf9,
    0x5e, 0x1, 0x92, 0x0, 0x3f, 0xf9, 0x52, 0x40,
    0x10, 0xd0, 0x7, 0xff, 0x29, 0x58, 0x3, 0x68,
    0x80, 0x7f, 0xf2, 0x4a, 0x80, 0x34, 0x18, 0x7,
    0xff, 0x2b, 0xc0, 0x32, 0x38, 0x7, 0xff, 0x2a,
    0x88, 0x2, 0x1a, 0x0, 0xff, 0xe5, 0x32, 0x80,
    0x6d, 0x10, 0xf, 0xfe, 0x49, 0xc8, 0x6, 0x93,
    0x0, 0xff, 0xe5, 0x70, 0x6, 0x56, 0x0, 0xff,
    0xe5, 0x51, 0x0, 0x45, 0x40, 0x1f, 0xfc, 0xa6,
    0x50, 0xd, 0xe0, 0x1f, 0xfc, 0xa3, 0x90, 0xd,
    0x24, 0x1, 0xff, 0xc9, 0x1d, 0x0, 0xca, 0xc0,
    0x1f, 0xfc, 0xaa, 0x10, 0x8, 0xa8, 0x3, 0xff,
    0x94, 0xe8, 0x1, 0xbc, 0x3, 0xff, 0x97, 0x0,
    0x1a, 0x88, 0x3, 0xff, 0x9e, 0xca, 0x1, 0xff,
    0xcf, 0x39, 0x0, 0xff, 0xe7, 0x8f, 0x0, 0x7f,
    0xf4, 0x28, 0x80, 0x3f, 0xf9, 0xee, 0x80, 0x1f,
    0xfc, 0xf3, 0x80, 0xf, 0xfe, 0x78, 0xe8, 0x7,
    0xff, 0x30,

    /* U+041A "К" */
    0xcf, 0xfc, 0x1, 0xff, 0xc5, 0xcf, 0xfc, 0xa0,
    0x1f, 0xfc, 0xa7, 0x30, 0x9, 0x54, 0x1, 0xff,
    0xc9, 0x38, 0x0, 0x8a, 0x80, 0x3f, 0xf9, 0x5c,
    0x1, 0xb8, 0x3, 0xff, 0x95, 0x24, 0x1, 0x41,
    0x80, 0x7f, 0xf2, 0x55, 0x80, 0x24, 0x70, 0xf,
    0xfe, 0x48, 0xd8, 0x4, 0x34, 0x1, 0xff, 0xca,
    0xa1, 0x0, 0xa8, 0x40, 0x3f, 0xf9, 0x2e, 0x80,
    0x13, 0xa0, 0x7, 0xff, 0x24, 0xe0, 0x2, 0x38,
    0x0, 0xff, 0xe5, 0x70, 0x6, 0xe0, 0xf, 0xfe,
    0x54, 0x90, 0x5, 0x44, 0x1, 0xff, 0xc9, 0x56,
    0x0, 0x99, 0x40, 0x3f, 0xf9, 0x23, 0x60, 0x11,
    0x48, 0x7, 0xff, 0xd, 0x13, 0xea, 0x10, 0xb,
    0xc0, 0x3f, 0xf8, 0x97, 0x7f, 0x20, 0x5, 0x24,
    0x1, 0xff, 0xce, 0x16, 0x0, 0xff, 0xe7, 0x8b,
    0x80, 0x7f, 0xf4, 0x20, 0xc0, 0x3f, 0xf8, 0x9f,
    0xff, 0x20, 0x6, 0xe0, 0xf, 0xfe, 0x5d, 0x8,
    0x4, 0x54, 0x1, 0xff, 0xca, 0x1a, 0x0, 0xca,
    0xa0, 0xf, 0xfe, 0x52, 0x38, 0x6, 0xa2, 0x0,
    0xff, 0xe5, 0x41, 0x80, 0x6e, 0x0, 0xff, 0xe5,
    0xf0, 0x6, 0x38, 0x0, 0xff, 0xe5, 0x15, 0x0,
    0x67, 0x30, 0xf, 0xfe, 0x52, 0xb0, 0x6, 0xd0,
    0xf, 0xfe, 0x5c, 0x90, 0x4, 0x34, 0x1, 0xff,
    0xcb, 0xf0, 0xc, 0xaa, 0x0, 0xff, 0xe5, 0x14,
    0x80, 0x6a, 0x20, 0xf, 0xfe, 0x53, 0x20, 0x6,
    0xe0, 0xf, 0xfe, 0x5d, 0x8, 0x4, 0x70, 0x1,
    0xff, 0xca, 0x1a, 0x0, 0xce, 0x60, 0x1f, 0xfc,
    0xa4, 0x70, 0xd, 0xa2,

    /* U+041B "Л" */
    0x0, 0xfe, 0xff, 0xff, 0xe5, 0xd8, 0x7, 0xff,
    0x74, 0x40, 0x3f, 0xfe, 0xa6, 0x1, 0xaf, 0x33,
    0xff, 0x84, 0x1, 0xff, 0xc6, 0x53, 0x3f, 0xfe,
    0x10, 0x7, 0xff, 0x4, 0x40, 0x30, 0x80, 0x7f,
    0xf3, 0xdc, 0x3, 0xff, 0xea, 0x20, 0x10, 0x80,
    0x7f, 0xfc, 0x4c, 0x2, 0x30, 0xf, 0xfe, 0x80,
    0x80, 0x7f, 0xf6, 0x4, 0x3, 0xff, 0xa1, 0xe0,
    0x13, 0x80, 0x7f, 0xf4, 0x4, 0x3, 0xff, 0xa8,
    0x60, 0x10, 0x80, 0x7f, 0xf4, 0x4, 0x2, 0x30,
    0xf, 0xfe, 0x83, 0x80, 0x42, 0x1, 0xff, 0xd0,
    0x20, 0xb, 0x80, 0x3f, 0xfa, 0x2, 0x1, 0x18,
    0x7, 0xff, 0x3c, 0x80, 0x33, 0x0, 0x7f, 0xf3,
    0xdc, 0x3, 0x10, 0x7, 0xff, 0x3c, 0x80, 0x21,
    0x10, 0x7, 0xff, 0x3e, 0xc0, 0x22, 0x0, 0xff,
    0xe8, 0x18, 0x4, 0xa0, 0x1f, 0xfc, 0xf7, 0x0,
    0xd8, 0x1, 0xff, 0xce, 0x19, 0x0, 0xc8, 0x1,
    0xff, 0xcd, 0x1d, 0x10, 0x9, 0x4, 0x3, 0xff,
    0x95, 0x51, 0x5c, 0x60, 0x1b, 0xc0, 0x3f, 0xf9,
    0x44, 0xae, 0xa0, 0x1c, 0x68, 0x1, 0xff, 0xca,
    0x10, 0xf, 0xdc, 0x1, 0xff, 0xcb, 0x70, 0xf,
    0xe, 0x10, 0x7, 0xff, 0x2c, 0x40, 0x21, 0x38,
    0xe3, 0x0, 0xff, 0xe6, 0x0,

    /* U+041C "М" */
    0xcf, 0xf9, 0xc0, 0x3f, 0xf9, 0xc9, 0xff, 0x70,
    0x6, 0x81, 0x0, 0xff, 0xe6, 0xc8, 0x4, 0x20,
    0x1d, 0x60, 0x1f, 0xfc, 0xc6, 0x20, 0xf, 0xe5,
    0x30, 0xf, 0xfe, 0x50, 0xc0, 0x7, 0xfd, 0xe0,
    0x1f, 0xfc, 0xa8, 0x10, 0xf, 0xf8, 0xd8, 0x3,
    0xff, 0x90, 0x4c, 0x1, 0xff, 0xc1, 0x81, 0x0,
    0xff, 0xe3, 0xc8, 0x7, 0xff, 0x8, 0x60, 0x3,
    0xff, 0x8c, 0xa8, 0x1, 0xff, 0xc3, 0x62, 0x0,
    0xff, 0xe2, 0xc0, 0x7, 0xff, 0x0, 0x40, 0x34,
    0x80, 0x7f, 0xf1, 0x1c, 0x80, 0x22, 0x0, 0xfc,
    0x70, 0x1, 0x22, 0x80, 0x7f, 0xf0, 0x86, 0x0,
    0x26, 0x70, 0xf, 0xe7, 0x20, 0xa, 0xc0, 0x3f,
    0xf8, 0x56, 0x1, 0xc, 0x0, 0x7f, 0xd2, 0x1,
    0xc, 0x0, 0x7f, 0xf0, 0xd, 0x40, 0x28, 0x10,
    0xf, 0xf9, 0x10, 0x1, 0x38, 0x80, 0x7f, 0xde,
    0x1, 0x1b, 0x0, 0x7f, 0xf0, 0x64, 0x3, 0x58,
    0x7, 0xf9, 0x8c, 0x2, 0xf0, 0xf, 0xfe, 0x11,
    0x38, 0x4, 0xa8, 0x1, 0xfd, 0x0, 0x12, 0x98,
    0x7, 0xff, 0xe, 0x4, 0x2, 0x90, 0xf, 0xd0,
    0x20, 0x15, 0x80, 0x7f, 0xf1, 0x6c, 0x2, 0x26,
    0x0, 0xf1, 0x38, 0x5, 0x2, 0x1, 0xff, 0xc5,
    0x53, 0x0, 0xa0, 0x40, 0x3a, 0x40, 0x22, 0x70,
    0xf, 0xfe, 0x3f, 0x0, 0x43, 0x0, 0x19, 0x10,
    0x1, 0x48, 0x7, 0xff, 0x20, 0x98, 0x2, 0x63,
    0x0, 0xa4, 0x2, 0x44, 0x0, 0x7f, 0xf2, 0x60,
    0x40, 0x2f, 0x0, 0x31, 0x0, 0x52, 0x1, 0xff,
    0xca, 0x18, 0x0, 0x8d, 0x46, 0x0, 0x27, 0x20,
    0xf, 0xfe, 0x5b, 0x18, 0x5, 0x70, 0x20, 0x1,
    0x80, 0xf, 0xfe, 0x6f, 0x80, 0x42, 0xc0, 0x15,
    0x80, 0x7f, 0xf3, 0x8d, 0x80, 0x3c, 0x6a, 0x1,
    0xff, 0xcf, 0x81, 0x0, 0xee, 0x0, 0xff, 0xe8,
    0xc, 0x0, 0x66, 0x20, 0xf, 0xe3, 0x0, 0xff,
    0xe3, 0xb1, 0x0, 0x6, 0x0, 0x3f, 0xfa, 0x7c,
    0x22, 0x81, 0x0, 0xff, 0xe9, 0x9f, 0x71, 0x80,
    0x3f, 0xff, 0xe0, 0x1f, 0xfe, 0x50,

    /* U+041D "Н" */
    0xcf, 0xfc, 0x1, 0xff, 0xc7, 0xaf, 0xfc, 0x40,
    0x1f, 0xff, 0xf0, 0xf, 0xff, 0xf8, 0x7, 0xff,
    0xfc, 0x3, 0xff, 0xfe, 0x1, 0xff, 0xff, 0x0,
    0xff, 0xe4, 0x21, 0x9f, 0xff, 0x18, 0x40, 0x3f,
    0xd7, 0x99, 0xff, 0xc6, 0x40, 0xf, 0xff, 0xf8,
    0x7, 0xff, 0x37, 0xff, 0xff, 0x8e, 0xa0, 0x1f,
    0xff, 0xf0, 0xf, 0xff, 0xf8, 0x7, 0xff, 0xfc,
    0x3, 0xff, 0xfe, 0x1, 0xff, 0xff, 0x0, 0xff,
    0xf3, 0x0,

    /* U+041E "О" */
    0x0, 0xff, 0xe0, 0x13, 0x56, 0x77, 0xfd, 0xd9,
    0x2a, 0x20, 0x1f, 0xfc, 0xa6, 0xdd, 0x4a, 0x98,
    0x80, 0x42, 0x6d, 0x5d, 0x68, 0x1, 0xff, 0xc6,
    0x6e, 0x92, 0x0, 0xff, 0xe0, 0xa5, 0xe1, 0x80,
    0x7f, 0xf0, 0x86, 0xe4, 0x40, 0x3f, 0xf8, 0xa7,
    0x90, 0x1, 0xff, 0xc0, 0x2f, 0x40, 0xf, 0x13,
    0x4d, 0x52, 0x61, 0x44, 0x3, 0xcf, 0x40, 0x1f,
    0xe2, 0xc1, 0x0, 0xe7, 0xdd, 0x4b, 0x2a, 0x99,
    0xeb, 0xad, 0x0, 0x39, 0x6c, 0x3, 0xf0, 0xe0,
    0x80, 0x65, 0xe8, 0x20, 0xf, 0xe4, 0xbb, 0x8,
    0x6, 0x49, 0x0, 0xfa, 0x84, 0x3, 0x45, 0x8,
    0x7, 0xff, 0x5, 0x3c, 0xc0, 0x33, 0x28, 0x7,
    0x2a, 0x0, 0x68, 0x70, 0xf, 0xfe, 0x20, 0xe1,
    0x80, 0x6b, 0x0, 0xe8, 0x0, 0xca, 0xe0, 0x1f,
    0xfc, 0x7d, 0x10, 0x8, 0x5c, 0x2, 0x42, 0x0,
    0x86, 0x80, 0x3f, 0xf9, 0x3, 0x60, 0x1a, 0x40,
    0x2e, 0x0, 0xd2, 0x1, 0xff, 0xca, 0x52, 0x0,
    0x85, 0x0, 0xa, 0x1, 0x9c, 0x3, 0xff, 0x97,
    0x60, 0x1b, 0x40, 0xc0, 0x32, 0x0, 0x7f, 0xf3,
    0x1c, 0x3, 0x20, 0x30, 0x6, 0xc0, 0xf, 0xfe,
    0x60, 0x88, 0x2, 0x20, 0x20, 0xc, 0x40, 0x1f,
    0xfc, 0xd5, 0x0, 0xc3, 0xe0, 0x18, 0x40, 0x3f,
    0xf9, 0xa2, 0x1, 0x8c, 0x3, 0xff, 0xb3, 0xe0,
    0x18, 0x40, 0x3f, 0xf9, 0xa2, 0x1, 0x8c, 0x80,
    0x31, 0x0, 0x7f, 0xf3, 0x54, 0x3, 0xb, 0x0,
    0x6c, 0x0, 0xff, 0xe6, 0x8, 0x80, 0x22, 0x3,
    0x0, 0xc8, 0x1, 0xff, 0xcc, 0x70, 0xc, 0x80,
    0x5, 0x0, 0xce, 0x1, 0xff, 0xcb, 0xb0, 0xd,
    0xa0, 0xe, 0x0, 0xd2, 0x20, 0x1f, 0xfc, 0x95,
    0x20, 0x8, 0x50, 0x0, 0x84, 0x1, 0xd, 0x80,
    0x7f, 0xf2, 0x6, 0xc0, 0x34, 0x80, 0x68, 0x0,
    0xca, 0xe0, 0x1f, 0xfc, 0x7d, 0x10, 0x8, 0x5c,
    0x3, 0x2a, 0x0, 0x68, 0x70, 0xf, 0xfe, 0x20,
    0xe1, 0x80, 0x6b, 0x0, 0xf5, 0x8, 0x6, 0x8a,
    0x10, 0xf, 0xfe, 0xa, 0x79, 0x80, 0x66, 0x50,
    0xf, 0xe, 0x8, 0x6, 0x5e, 0x82, 0x0, 0xfe,
    0x4b, 0xb0, 0x80, 0x64, 0x90, 0xf, 0xc5, 0x84,
    0x1, 0xcf, 0xba, 0x97, 0x65, 0x67, 0xae, 0xb4,
    0x0, 0xe5, 0xb0, 0xf, 0xf1, 0x6a, 0x80, 0x78,
    0x9a, 0x26, 0xa6, 0x14, 0x40, 0x3d, 0x14, 0x1,
    0xff, 0xc1, 0xaa, 0x10, 0x7, 0xff, 0x14, 0xf1,
    0xc0, 0x3f, 0xf8, 0x6b, 0xb4, 0x40, 0x1f, 0xfc,
    0x14, 0xbc, 0x30, 0xf, 0xfe, 0x32, 0xee, 0xa5,
    0x4c, 0x40, 0x21, 0x36, 0xae, 0xb4, 0x0, 0xff,
    0x0,

    /* U+041F "П" */
    0xcf, 0xff, 0xfe, 0x81, 0x0, 0x7f, 0xff, 0xc0,
    0x3f, 0xf9, 0x19, 0x9f, 0xfc, 0x75, 0x0, 0xff,
    0x19, 0xff, 0xf1, 0xc8, 0x3, 0xff, 0xfe, 0x1,
    0xff, 0xff, 0x0, 0xff, 0xff, 0x80, 0x7f, 0xff,
    0xc0, 0x3f, 0xff, 0xe0, 0x1f, 0xff, 0xf0, 0xf,
    0xff, 0xf8, 0x7, 0xff, 0xfc, 0x3, 0xff, 0xfe,
    0x1, 0xff, 0xff, 0x0, 0xff, 0xff, 0x80, 0x7f,
    0xf2, 0x0,

    /* U+0420 "Р" */
    0xcf, 0xff, 0xfe, 0xf, 0x6e, 0x42, 0x88, 0x7,
    0xff, 0x28, 0x48, 0xde, 0xba, 0x8c, 0x3, 0xff,
    0x9c, 0xb9, 0x0, 0x1f, 0xfc, 0xf7, 0xc1, 0x0,
    0xfd, 0x79, 0x9f, 0x5d, 0x4b, 0x10, 0x7, 0x1e,
    0x80, 0x7e, 0x43, 0x3f, 0x91, 0x5a, 0x77, 0xc,
    0x3, 0x1c, 0x0, 0x7f, 0xf2, 0xf, 0x18, 0x3,
    0x39, 0x0, 0x7f, 0xf2, 0x65, 0x0, 0x35, 0x80,
    0x7f, 0xf2, 0xa4, 0x3, 0x20, 0x7, 0xff, 0x28,
    0x88, 0x1, 0x10, 0x80, 0x7f, 0xf2, 0x90, 0x3,
    0x10, 0x7, 0xff, 0x2b, 0x80, 0x33, 0x0, 0x7f,
    0xf9, 0xb8, 0x3, 0x30, 0x7, 0xff, 0x29, 0x0,
    0x31, 0x0, 0x7f, 0xf2, 0x48, 0x80, 0x11, 0x8,
    0x7, 0xff, 0x26, 0x40, 0x32, 0x0, 0x7f, 0xf2,
    0x65, 0x0, 0x35, 0x80, 0x7f, 0xf1, 0xcf, 0x18,
    0x3, 0x31, 0x0, 0x79, 0xc, 0xfe, 0x44, 0x34,
    0xee, 0x18, 0x6, 0x39, 0x0, 0xfa, 0xf3, 0x3e,
    0xbb, 0x4b, 0x10, 0x7, 0x16, 0x80, 0x7f, 0xf3,
    0x5b, 0x44, 0x3, 0xff, 0x96, 0xb9, 0x20, 0x1f,
    0xfc, 0x71, 0x23, 0x6a, 0xea, 0x30, 0xf, 0xfb,
    0xff, 0xfb, 0xb7, 0x25, 0x44, 0x3, 0xff, 0xfe,
    0x1, 0xff, 0xff, 0x0, 0xff, 0xff, 0x80, 0x7f,
    0xf5, 0xc0,

    /* U+0421 "С" */
    0x0, 0xff, 0xe0, 0x13, 0x56, 0x77, 0xfd, 0xb7,
    0xa, 0x1, 0xff, 0xc6, 0x6d, 0xd4, 0xa9, 0x88,
    0x4, 0x48, 0xf5, 0xf4, 0x60, 0x1f, 0xfc, 0x16,
    0xe9, 0x20, 0xf, 0xfe, 0xa, 0xe5, 0x8, 0x7,
    0xf0, 0xdc, 0x88, 0x7, 0xff, 0x15, 0x7d, 0x0,
    0x3e, 0x2f, 0x40, 0xf, 0x13, 0x45, 0x52, 0x61,
    0x44, 0x3, 0x86, 0xd4, 0x3, 0x8b, 0x4, 0x3,
    0x9b, 0x75, 0x2e, 0xaa, 0x67, 0xae, 0xb3, 0x0,
    0xee, 0x0, 0xef, 0x10, 0xc, 0x9b, 0x24, 0x1,
    0xfc, 0x99, 0x62, 0x0, 0x4b, 0x0, 0xd4, 0x40,
    0x19, 0xec, 0x80, 0x3f, 0xf8, 0x29, 0xe6, 0xb6,
    0x1, 0x91, 0x40, 0x33, 0xc0, 0x7, 0xff, 0x10,
    0x72, 0x80, 0x3a, 0x0, 0x32, 0x40, 0x7, 0xff,
    0x31, 0xc, 0x2, 0x1a, 0x0, 0xff, 0xe6, 0xf0,
    0x6, 0x91, 0x0, 0xff, 0xe6, 0xa0, 0x6, 0x60,
    0xf, 0xfe, 0x69, 0x8, 0x4, 0x62, 0x1, 0xff,
    0xcd, 0x70, 0xc, 0x80, 0x1f, 0xfc, 0xe3, 0x0,
    0xdc, 0x1, 0xff, 0xce, 0x10, 0xc, 0x60, 0x1f,
    0xfe, 0xe1, 0x0, 0xc6, 0x1, 0xff, 0xce, 0x30,
    0xd, 0xc0, 0x1f, 0xfc, 0xe7, 0x0, 0xc8, 0x1,
    0xff, 0xce, 0x21, 0x0, 0x8c, 0x40, 0x3f, 0xf9,
    0xc8, 0x1, 0x98, 0x3, 0xff, 0x9d, 0xc0, 0x1a,
    0x44, 0x3, 0xff, 0x9a, 0x86, 0x1, 0xd, 0x0,
    0x7f, 0xf3, 0xa0, 0x3, 0x24, 0x0, 0x7f, 0xf3,
    0x51, 0x40, 0x33, 0xc0, 0x7, 0xff, 0x10, 0x72,
    0xc0, 0x3d, 0x44, 0x1, 0x9e, 0xc8, 0x3, 0xff,
    0x82, 0x9e, 0x69, 0x80, 0x1e, 0xf1, 0x0, 0xc9,
    0xb2, 0x40, 0x1f, 0xc9, 0x76, 0x10, 0x1, 0xe0,
    0x7, 0x16, 0x8, 0x7, 0x36, 0xea, 0x9d, 0x95,
    0xa2, 0xbe, 0xd0, 0x3, 0xa0, 0x3, 0xc5, 0xe8,
    0x1, 0xe2, 0x58, 0x9a, 0x97, 0x50, 0xf, 0xe,
    0x20, 0x7, 0xc3, 0x72, 0x20, 0x1f, 0xfc, 0x56,
    0xf3, 0x0, 0xff, 0x37, 0x49, 0x0, 0x7f, 0xf0,
    0x57, 0x64, 0x40, 0x3f, 0xf8, 0x2d, 0xba, 0x85,
    0x31, 0x0, 0x89, 0x1e, 0xfe, 0x88, 0x3, 0x80,

    /* U+0422 "Т" */
    0x6f, 0xff, 0xfe, 0x7a, 0x80, 0x7f, 0xff, 0xc0,
    0x3f, 0xf8, 0xf, 0x99, 0xff, 0x8, 0x4, 0x59,
    0x9f, 0xf2, 0x9, 0x9f, 0xfc, 0x1, 0x84, 0xcf,
    0xfe, 0x10, 0xf, 0xff, 0xf8, 0x7, 0xff, 0xfc,
    0x3, 0xff, 0xfe, 0x1, 0xff, 0xff, 0x0, 0xff,
    0xff, 0x80, 0x7f, 0xff, 0xc0, 0x3f, 0xff, 0xe0,
    0x1f, 0xff, 0xf0, 0xf, 0xff, 0xf8, 0x7, 0xff,
    0xfc, 0x3, 0xff, 0xe4,

    /* U+0423 "У" */
    0xe, 0xff, 0xc4, 0x1, 0xff, 0xc8, 0x4f, 0xfc,
    0xe1, 0x20, 0x1a, 0x0, 0x3f, 0xf9, 0x10, 0x1,
    0xb, 0x83, 0x88, 0x4, 0xa4, 0x1, 0xff, 0xc6,
    0x53, 0x0, 0xa0, 0x2, 0x80, 0xd, 0x0, 0x1f,
    0xfc, 0x68, 0x0, 0x89, 0x80, 0x26, 0x20, 0x9,
    0x48, 0x3, 0xff, 0x88, 0xa4, 0x1, 0x40, 0x7,
    0x40, 0x6, 0x80, 0xf, 0xfe, 0x24, 0x0, 0x46,
    0xa0, 0x1c, 0xa4, 0x1, 0x29, 0x80, 0x7f, 0xf0,
    0x98, 0x80, 0x28, 0x0, 0xfa, 0x40, 0x34, 0x0,
    0x7f, 0xf0, 0xa0, 0x2, 0x44, 0x0, 0x7c, 0x86,
    0x1, 0x21, 0x80, 0x7f, 0xf0, 0x18, 0x40, 0x28,
    0x0, 0xfe, 0x80, 0xd, 0x0, 0x1f, 0xfc, 0x8,
    0x0, 0x94, 0xc0, 0x3f, 0x91, 0x0, 0x12, 0x18,
    0x7, 0xf9, 0xc4, 0x2, 0x80, 0xf, 0xfa, 0x0,
    0x34, 0x0, 0x7f, 0xa4, 0x2, 0x62, 0x0, 0xff,
    0x8d, 0x40, 0x24, 0x30, 0xf, 0xce, 0x20, 0x14,
    0x0, 0x7f, 0xf0, 0x60, 0x3, 0x40, 0x7, 0xc3,
    0x0, 0x13, 0x88, 0x7, 0xff, 0x4, 0x94, 0x2,
    0x43, 0x0, 0xf4, 0x80, 0x43, 0x20, 0x1f, 0xfc,
    0x38, 0x0, 0xd0, 0x1, 0xc2, 0xe0, 0x14, 0x88,
    0x7, 0xff, 0xc, 0x98, 0x2, 0x43, 0x0, 0xd0,
    0x1, 0xb, 0x80, 0x7f, 0xf1, 0x60, 0x3, 0x40,
    0x4, 0x2c, 0x1, 0x40, 0x7, 0xff, 0x18, 0x5c,
    0x2, 0x43, 0x0, 0x40, 0x4, 0x4c, 0x1, 0xff,
    0xc7, 0x90, 0xd, 0x0, 0x4c, 0x1, 0x40, 0x7,
    0xff, 0x20, 0x60, 0x2, 0x44, 0x40, 0x4, 0x6a,
    0x1, 0xff, 0xc9, 0x71, 0x0, 0xa5, 0x40, 0x28,
    0x0, 0xff, 0xe5, 0xc8, 0x4, 0x40, 0x12, 0x20,
    0x3, 0xff, 0x96, 0xe2, 0x1, 0xe8, 0x0, 0xff,
    0xe6, 0xc0, 0x7, 0x29, 0x80, 0x7f, 0xf3, 0x58,
    0x80, 0x34, 0x0, 0x7f, 0xf3, 0x88, 0x80, 0x13,
    0x10, 0x7, 0xff, 0x3b, 0xc0, 0x34, 0x0, 0x7f,
    0xf3, 0xa4, 0x80, 0x28, 0x10, 0xf, 0xfe, 0x39,
    0x0, 0x61, 0xa6, 0x0, 0x89, 0xc0, 0x3f, 0xf8,
    0xe3, 0xba, 0xba, 0xce, 0x50, 0xd, 0xc0, 0x1f,
    0xfc, 0x87, 0x2, 0x45, 0x30, 0xe, 0xa3, 0x0,
    0xff, 0xe4, 0x50, 0x7, 0xf5, 0xa8, 0x7, 0xff,
    0x24, 0x40, 0x3e, 0x5d, 0x40, 0xf, 0xfe, 0x56,
    0xe4, 0xb3, 0x1e, 0xba, 0x88, 0x3, 0xff, 0x98,
    0x6d, 0x32, 0x85, 0x10, 0xf, 0xfe, 0x48,

    /* U+0424 "Ф" */
    0x0, 0xff, 0xe3, 0x44, 0x64, 0x0, 0xff, 0xec,
    0x3b, 0xe3, 0x0, 0xff, 0xff, 0x80, 0x7f, 0xf6,
    0x5, 0x1e, 0x6a, 0xf0, 0x3, 0x4e, 0x5d, 0x42,
    0x90, 0x7, 0xff, 0x20, 0x5f, 0x7a, 0xe1, 0x95,
    0xc, 0x3, 0x9, 0xa2, 0xbd, 0x6f, 0xd2, 0x0,
    0x7f, 0xf0, 0xca, 0xba, 0x8, 0x3, 0xff, 0x8e,
    0xb7, 0xaa, 0x1, 0xff, 0xc0, 0x6d, 0x50, 0xf,
    0xfe, 0x61, 0x55, 0x4, 0x3, 0xfa, 0xe4, 0x3,
    0xcb, 0x17, 0xbd, 0xe0, 0x1a, 0x3b, 0x99, 0x2c,
    0x40, 0x1c, 0xbe, 0x60, 0x1f, 0x5a, 0x0, 0x62,
    0x9f, 0xa7, 0x42, 0x10, 0xf, 0x8, 0x8d, 0xa7,
    0x71, 0x0, 0x30, 0xe9, 0x0, 0x73, 0xa0, 0x6,
    0x7d, 0x60, 0xf, 0xfe, 0x31, 0xdd, 0x84, 0x2,
    0x1f, 0x0, 0xc5, 0x0, 0x1a, 0x20, 0x1, 0xff,
    0xca, 0x4c, 0x10, 0x8, 0xa0, 0x2, 0x80, 0xc,
    0xce, 0x1, 0xff, 0xcc, 0x2c, 0x0, 0xce, 0x20,
    0x5, 0x0, 0x86, 0x0, 0x3f, 0xf9, 0xc4, 0xe0,
    0x19, 0x81, 0x40, 0x33, 0x8, 0x7, 0xff, 0x3e,
    0x40, 0x35, 0x86, 0x80, 0x6b, 0x0, 0xff, 0xe8,
    0xa, 0x0, 0x46, 0x6, 0x1, 0x8c, 0x3, 0xff,
    0xa2, 0x60, 0x18, 0x9c, 0x2, 0x10, 0xf, 0xfe,
    0x97, 0x0, 0x61, 0x10, 0x4, 0x60, 0x1f, 0xfd,
    0x23, 0x0, 0xce, 0x20, 0x11, 0x80, 0x7f, 0xf4,
    0x8c, 0x3, 0x3b, 0x80, 0x21, 0x0, 0xff, 0xe9,
    0x8, 0x6, 0x12, 0x0, 0xc6, 0x1, 0xff, 0xd1,
    0xc0, 0xc, 0x5e, 0x1, 0xac, 0x3, 0xff, 0xa2,
    0x80, 0x11, 0x83, 0x80, 0x66, 0x0, 0xff, 0xe8,
    0x38, 0x6, 0x40, 0x14, 0x0, 0x86, 0x40, 0x3f,
    0xf9, 0xc3, 0x0, 0x1a, 0x80, 0x10, 0x1, 0x99,
    0x80, 0x1f, 0xfc, 0xc1, 0xc0, 0xc, 0xa4, 0x0,
    0x36, 0x0, 0xd3, 0x0, 0x1f, 0xfc, 0xa2, 0xc2,
    0x0, 0x86, 0xc0, 0x34, 0x98, 0x6, 0x7d, 0x50,
    0xf, 0xfe, 0x30, 0xc6, 0x90, 0x6, 0xa1, 0x0,
    0xed, 0x20, 0xc, 0x55, 0xd2, 0xa4, 0x1, 0xfe,
    0x14, 0x7b, 0xe7, 0x0, 0xea, 0x40, 0xf, 0xe,
    0xb0, 0x7, 0xb, 0x56, 0xff, 0xb8, 0x3, 0x47,
    0xfb, 0xae, 0x10, 0x3, 0x8b, 0x14, 0x3, 0xfa,
    0x6c, 0x80, 0x3f, 0x84, 0x3, 0xff, 0x86, 0xfa,
    0x60, 0x1f, 0xf2, 0x6d, 0xa8, 0x7, 0xff, 0x20,
    0xa3, 0xa0, 0x3, 0xff, 0x86, 0x95, 0xf7, 0xa,
    0x64, 0x20, 0x1f, 0x9, 0x23, 0xd6, 0xe9, 0xc4,
    0x3, 0xff, 0x8e, 0x8f, 0x59, 0xbd, 0xe0, 0x1a,
    0x3f, 0xb6, 0xe1, 0x48, 0x3, 0xff, 0xfe, 0x1,
    0xff, 0xef,

    /* U+0425 "Х" */
    0x1, 0xef, 0xfd, 0x0, 0x1f, 0xfc, 0x4a, 0xff,
    0xdc, 0x20, 0x1, 0xb0, 0xc, 0xe6, 0x1, 0xff,
    0xc2, 0x55, 0x0, 0x6a, 0x10, 0x9, 0x54, 0x1,
    0xb8, 0x3, 0xff, 0x82, 0x36, 0x1, 0x99, 0x0,
    0x3a, 0xc4, 0x2, 0x2a, 0x0, 0xff, 0xe0, 0x50,
    0x80, 0x45, 0x20, 0x1e, 0x1a, 0x0, 0xca, 0xa0,
    0xf, 0xf3, 0xa0, 0x6, 0xe0, 0xf, 0xc8, 0xc0,
    0x1a, 0xc4, 0x3, 0xf1, 0xc0, 0x6, 0x73, 0x0,
    0xfe, 0x92, 0x0, 0x86, 0x80, 0x3f, 0x70, 0x6,
    0x38, 0x0, 0xff, 0xb8, 0x3, 0x23, 0x80, 0x7a,
    0x48, 0x3, 0x70, 0x7, 0xff, 0x0, 0xe0, 0x3,
    0x41, 0x0, 0x64, 0x60, 0xd, 0x24, 0x1, 0xff,
    0xc1, 0x73, 0x0, 0xde, 0x1, 0xd, 0x0, 0x64,
    0x60, 0xf, 0xfe, 0x1f, 0x0, 0x62, 0x90, 0x5,
    0x8, 0x4, 0x34, 0x1, 0xff, 0xc4, 0x29, 0x0,
    0xcc, 0x8c, 0x80, 0x1a, 0xc4, 0x3, 0xff, 0x8a,
    0xc8, 0x1, 0xaa, 0x40, 0x33, 0x28, 0x7, 0xff,
    0x1e, 0x84, 0x2, 0x10, 0xc, 0x52, 0x1, 0xff,
    0xc8, 0x1b, 0x0, 0xfd, 0xc0, 0x1f, 0xfc, 0xa5,
    0x50, 0x7, 0x9c, 0xc0, 0x3f, 0xf9, 0x76, 0x1,
    0xea, 0x0, 0xff, 0xe6, 0x58, 0x7, 0xb8, 0x3,
    0xff, 0x96, 0xaa, 0x0, 0xf1, 0xb8, 0x7, 0xff,
    0x24, 0x6c, 0x3, 0xf4, 0x18, 0x7, 0xff, 0x22,
    0x84, 0x2, 0x21, 0x0, 0xdc, 0x1, 0xff, 0xc7,
    0x64, 0x0, 0xdd, 0x60, 0x18, 0xa0, 0x3, 0xff,
    0x8a, 0x52, 0x1, 0xa0, 0xd5, 0x80, 0x33, 0xa0,
    0x7, 0xff, 0x13, 0x80, 0x31, 0xb8, 0x2, 0x48,
    0x3, 0x50, 0x80, 0x7f, 0xf0, 0xa0, 0xc0, 0x37,
    0x0, 0x6e, 0x0, 0xc3, 0x60, 0x1f, 0xfc, 0x13,
    0x70, 0xd, 0x44, 0x1, 0x8e, 0x0, 0x32, 0xa8,
    0x3, 0xff, 0x81, 0xa0, 0x19, 0x54, 0x1, 0xe7,
    0x30, 0xd, 0x62, 0x1, 0xfe, 0xa1, 0x0, 0x86,
    0xc0, 0x3f, 0x68, 0x80, 0x43, 0x40, 0x1f, 0xca,
    0xa0, 0xd, 0xa2, 0x1, 0xf8, 0x6c, 0x3, 0x23,
    0x0, 0x7c, 0x36, 0x1, 0x9c, 0xc0, 0x3f, 0xca,
    0xa0, 0xd, 0x24, 0x1, 0xea, 0x10, 0x8, 0xe0,
    0x3, 0xff, 0x81, 0x44, 0x1, 0xb8, 0x3, 0x9d,
    0x0, 0x37, 0x0, 0x7f, 0xf0, 0xb8, 0x3, 0x1c,
    0x0, 0x45, 0x0, 0x1a, 0x48, 0x3, 0xff, 0x84,
    0x70, 0x1, 0x9c, 0xc0, 0x1c, 0x1, 0x91, 0x80,
    0x3f, 0xf8, 0x8e, 0x60, 0x1b, 0x80,

    /* U+0426 "Ц" */
    0xcf, 0xfc, 0x1, 0xff, 0xc6, 0x4f, 0xfc, 0xe0,
    0x1f, 0xff, 0xf0, 0xf, 0xff, 0xf8, 0x7, 0xff,
    0xfc, 0x3, 0xff, 0xfe, 0x1, 0xff, 0xff, 0x0,
    0xff, 0xff, 0x80, 0x7f, 0xff, 0xc0, 0x3f, 0xff,
    0xe0, 0x1f, 0xff, 0xf0, 0xf, 0xff, 0xf8, 0x7,
    0xff, 0xfc, 0x3, 0xff, 0xfe, 0x1, 0xff, 0xf2,
    0x33, 0xff, 0xe3, 0x80, 0x6e, 0x33, 0xc4, 0x1,
    0xd9, 0x9f, 0xfc, 0x68, 0x0, 0xcd, 0x99, 0xa0,
    0x3, 0xff, 0xfe, 0x1, 0xff, 0xcf, 0xcf, 0xff,
    0xfe, 0x81, 0x0, 0x7f, 0xff, 0xc0, 0x3f, 0xff,
    0xe0, 0x1f, 0xff, 0xf0, 0xf, 0xfe, 0x5, 0xbb,
    0xde,

    /* U+0427 "Ч" */
    0x4f, 0xfc, 0xe0, 0x1f, 0xfc, 0x58, 0xff, 0xc6,
    0x1, 0xff, 0xff, 0x0, 0xff, 0xff, 0x80, 0x7f,
    0xff, 0xc0, 0x3f, 0xfe, 0xae, 0x1, 0xbc, 0x3,
    0xff, 0x96, 0x20, 0x18, 0xc0, 0x3f, 0xf9, 0x64,
    0x1, 0x90, 0x3, 0xff, 0x98, 0x60, 0x1a, 0x0,
    0x3f, 0xf9, 0x76, 0x1, 0x9d, 0x0, 0x3f, 0xf9,
    0x4c, 0x20, 0x1a, 0xdc, 0x3, 0xff, 0x80, 0x96,
    0xe0, 0x1e, 0x19, 0x0, 0xe8, 0xe8, 0x41, 0x0,
    0x9, 0x23, 0xdf, 0xda, 0x0, 0x7e, 0x75, 0x0,
    0xe1, 0x7b, 0xef, 0xf7, 0x6d, 0xc2, 0x0, 0x7f,
    0xf0, 0x29, 0x80, 0x3f, 0xfa, 0x13, 0x64, 0x1,
    0xff, 0xc2, 0x28, 0x60, 0xf, 0xf2, 0x6d, 0xb1,
    0x0, 0x7c, 0x29, 0x1b, 0xa7, 0x10, 0xf, 0xfe,
    0x2, 0x4e, 0xfe, 0xe6, 0x5b, 0xfd, 0x6e, 0x40,
    0x1f, 0xfc, 0x72, 0x33, 0x88, 0x3, 0xff, 0xfe,
    0x1, 0xff, 0xff, 0x0, 0xff, 0xff, 0x80, 0x7f,
    0xff, 0xc0, 0x20,

    /* U+0428 "Ш" */
    0xcf, 0xfc, 0x1, 0xff, 0xc2, 0xff, 0xd4, 0x1,
    0xff, 0xc1, 0x6f, 0xfc, 0xa0, 0x1f, 0xff, 0xf0,
    0xf, 0xff, 0xf8, 0x7, 0xff, 0xfc, 0x3, 0xff,
    0xfe, 0x1, 0xff, 0xff, 0x0, 0xff, 0xff, 0x80,
    0x7f, 0xff, 0xc0, 0x3f, 0xff, 0xe0, 0x1f, 0xff,
    0xf0, 0xf, 0xff, 0xf8, 0x7, 0xff, 0xfc, 0x3,
    0xff, 0xfe, 0x1, 0xff, 0xff, 0x0, 0xff, 0xff,
    0x80, 0x7f, 0xff, 0xc0, 0x3f, 0xff, 0xe0, 0x1f,
    0xc6, 0x7f, 0xfc, 0x14, 0x0, 0xc2, 0x67, 0xff,
    0xc1, 0xe0, 0xf, 0xf6, 0x67, 0xff, 0x6, 0xc0,
    0x32, 0x66, 0x7f, 0xf0, 0x5c, 0x3, 0xff, 0xfe,
    0x1, 0xff, 0xef,

    /* U+0429 "Щ" */
    0xcf, 0xfc, 0x1, 0xff, 0xc2, 0xff, 0xd4, 0x1,
    0xff, 0xc1, 0x6f, 0xfc, 0xa0, 0x1f, 0xff, 0xf0,
    0xf, 0xff, 0xf8, 0x7, 0xff, 0xfc, 0x3, 0xff,
    0xfe, 0x1, 0xff, 0xff, 0x0, 0xff, 0xff, 0x80,
    0x7f, 0xff, 0xc0, 0x3f, 0xff, 0xe0, 0x1f, 0xff,
    0xf0, 0xf, 0xff, 0xf8, 0x7, 0xff, 0xfc, 0x3,
    0xff, 0xfe, 0x1, 0xff, 0xff, 0x0, 0xff, 0xff,
    0x80, 0x7f, 0xff, 0xc0, 0x3f, 0xff, 0xe0, 0x1f,
    0xff, 0xf0, 0xf, 0xff, 0xf8, 0x6, 0x33, 0xff,
    0xe0, 0xa0, 0x6, 0x13, 0x3f, 0xfe, 0xe, 0x0,
    0x6c, 0x33, 0xc2, 0x1, 0xd9, 0x9f, 0xfc, 0x1b,
    0x0, 0xc9, 0x99, 0xff, 0xc1, 0x50, 0xc, 0xd9,
    0x99, 0xc0, 0x3f, 0xff, 0xe0, 0x1f, 0xff, 0x9c,
    0xff, 0xff, 0xef, 0x0, 0x7f, 0xff, 0xc0, 0x3f,
    0xff, 0xe0, 0x1f, 0xff, 0xf0, 0xf, 0xff, 0xf8,
    0x7, 0xff, 0x61, 0xdf, 0x28,

    /* U+042A "Ъ" */
    0x6f, 0xff, 0xfe, 0x14, 0x0, 0x7f, 0xff, 0xc0,
    0x3f, 0xfe, 0x2f, 0x99, 0xfd, 0x20, 0x1f, 0xfc,
    0xf1, 0x33, 0xfe, 0x20, 0xf, 0xff, 0xf8, 0x7,
    0xff, 0xfc, 0x3, 0xff, 0xfe, 0x1, 0xff, 0xe1,
    0x7f, 0xff, 0xfb, 0xb2, 0x54, 0x40, 0x3f, 0xfa,
    0xa2, 0x6d, 0x5d, 0x42, 0x1, 0xff, 0xd8, 0x5e,
    0x50, 0xf, 0xfe, 0x30, 0x91, 0x7f, 0x8, 0x7,
    0xea, 0x60, 0xf, 0xfe, 0x2b, 0x6e, 0xff, 0x77,
    0xec, 0x98, 0x7, 0x49, 0x80, 0x7f, 0xf4, 0x9,
    0xb2, 0x80, 0x3a, 0x0, 0x3f, 0xfa, 0x6b, 0x60,
    0x19, 0x8, 0x3, 0xff, 0xa6, 0x8a, 0x1, 0x90,
    0x3, 0xff, 0xa9, 0xc0, 0x1b, 0x0, 0x3f, 0xfa,
    0x8a, 0x1, 0x84, 0x3, 0xff, 0xa8, 0x20, 0x19,
    0xc0, 0x3f, 0xff, 0x44, 0x1, 0x98, 0x3, 0xff,
    0xa8, 0x80, 0x18, 0x80, 0x3f, 0xfa, 0x94, 0x1,
    0xb0, 0x3, 0xff, 0xa6, 0xe6, 0x1, 0xa, 0x0,
    0x7f, 0xf4, 0xa2, 0x0, 0x1a, 0x40, 0x3f, 0xfa,
    0x4, 0xfa, 0xe0, 0x18, 0x9c, 0x3, 0xff, 0x88,
    0xdb, 0xbf, 0xdd, 0xfb, 0x4, 0x1, 0x8b, 0x0,
    0x3f, 0xf8, 0xa2, 0x45, 0xfc, 0x20, 0x1f, 0x26,
    0x8, 0x7, 0xff, 0x54, 0xea, 0xc4, 0x3, 0xff,
    0xa2, 0x24, 0xb3, 0xb8, 0xa0, 0x1c,

    /* U+042B "Ы" */
    0xcf, 0xfc, 0x1, 0xff, 0xcf, 0x5f, 0xfc, 0xe0,
    0x1f, 0xff, 0xf0, 0xf, 0xff, 0xf8, 0x7, 0xff,
    0xfc, 0x3, 0xff, 0xfe, 0x1, 0xff, 0xff, 0x0,
    0xff, 0xf2, 0x7f, 0xff, 0xdd, 0xb4, 0xe6, 0x1,
    0xff, 0xd5, 0x12, 0x58, 0xcd, 0x60, 0xf, 0xfe,
    0xc1, 0x4d, 0x88, 0x7, 0xff, 0x18, 0x8b, 0xf8,
    0x44, 0x1, 0xf2, 0x60, 0x80, 0x7f, 0xf1, 0x77,
    0x7f, 0xbb, 0xab, 0x60, 0xe, 0x2a, 0x0, 0xff,
    0xe8, 0xa, 0x4f, 0x20, 0x6, 0x44, 0x0, 0x7f,
    0xf4, 0x86, 0xd0, 0x3, 0x78, 0x7, 0xff, 0x52,
    0x40, 0x32, 0x0, 0x7f, 0xf5, 0x8, 0xc0, 0x31,
    0x0, 0x7f, 0xf5, 0x10, 0x3, 0x30, 0x7, 0xff,
    0x53, 0xc0, 0x30, 0x80, 0x7f, 0xf5, 0x3c, 0x3,
    0x8, 0x7, 0xff, 0x50, 0x40, 0x33, 0x80, 0x7f,
    0xf5, 0x1c, 0x3, 0x10, 0x7, 0xff, 0x4d, 0x4,
    0x2, 0x31, 0x0, 0xff, 0xe9, 0xc, 0x80, 0x6b,
    0x0, 0xff, 0xe9, 0x16, 0x10, 0x4, 0x2e, 0x1,
    0xff, 0xcf, 0x14, 0xad, 0x20, 0xd, 0x0, 0x1f,
    0xfc, 0x5d, 0xdf, 0xee, 0xea, 0xd4, 0x3, 0xa1,
    0x80, 0x3f, 0xf8, 0xa4, 0x5f, 0xc2, 0x20, 0xf,
    0xc, 0xb8, 0x7, 0xff, 0x54, 0x5b, 0xd8, 0x3,
    0xff, 0xa2, 0x24, 0x8f, 0x5d, 0x22, 0x1, 0xff,
    0xc3,

    /* U+042C "Ь" */
    0xcf, 0xfc, 0x1, 0xff, 0xff, 0x0, 0xff, 0xff,
    0x80, 0x7f, 0xff, 0xc0, 0x3f, 0xff, 0xe0, 0x1f,
    0xfd, 0x8f, 0xff, 0xfb, 0xb6, 0x9c, 0xc0, 0x3f,
    0xf9, 0x62, 0x4b, 0x19, 0xac, 0x1, 0xff, 0xce,
    0x29, 0xb1, 0x0, 0xfc, 0x45, 0xfc, 0x22, 0x0,
    0xf9, 0x30, 0x40, 0x3e, 0xdd, 0xfe, 0xee, 0xad,
    0x80, 0x38, 0xa8, 0x3, 0xff, 0x8c, 0x29, 0x3c,
    0x80, 0x19, 0x10, 0x1, 0xff, 0xc8, 0x1b, 0x40,
    0xd, 0xe0, 0x1f, 0xfc, 0xa9, 0x0, 0xc8, 0x1,
    0xff, 0xca, 0x23, 0x0, 0xc4, 0x1, 0xff, 0xca,
    0x40, 0xc, 0xc0, 0x1f, 0xfc, 0xaf, 0x0, 0xc2,
    0x1, 0xff, 0xca, 0xf0, 0xc, 0x20, 0x1f, 0xfc,
    0xa1, 0x0, 0xce, 0x1, 0xff, 0xca, 0x70, 0xc,
    0x40, 0x1f, 0xfc, 0x94, 0x10, 0x8, 0xc4, 0x3,
    0xff, 0x90, 0x32, 0x1, 0xac, 0x3, 0xff, 0x90,
    0x58, 0x40, 0x10, 0xb8, 0x7, 0xff, 0x14, 0x52,
    0xb4, 0x80, 0x34, 0x0, 0x7d, 0xbb, 0xfd, 0xdd,
    0x5a, 0x80, 0x74, 0x30, 0x7, 0xc4, 0x5f, 0xc2,
    0x20, 0xf, 0xc, 0xb8, 0x7, 0xff, 0x2c, 0x5b,
    0xd8, 0x3, 0xff, 0x8e, 0x24, 0x8f, 0x5d, 0x22,
    0x1, 0xc0,

    /* U+042D "Э" */
    0x0, 0xf8, 0x9a, 0xb3, 0xbf, 0xee, 0xc8, 0x50,
    0xf, 0xfe, 0x2b, 0x6e, 0xa5, 0x4c, 0x40, 0x21,
    0x37, 0xaf, 0x92, 0x0, 0xff, 0xe0, 0x2f, 0x49,
    0x0, 0x7f, 0xf0, 0x5b, 0x64, 0x3, 0xfd, 0x54,
    0x10, 0xf, 0xfe, 0x2b, 0x69, 0x80, 0x78, 0x71,
    0x40, 0x3c, 0x4c, 0xf3, 0x33, 0xa0, 0x7, 0x8b,
    0x10, 0x3, 0x94, 0xc0, 0x31, 0x4f, 0x6c, 0xc3,
    0x35, 0x17, 0xf2, 0x40, 0x1d, 0x66, 0x1, 0x92,
    0xc0, 0x29, 0xd6, 0x10, 0xf, 0xe6, 0xd7, 0x0,
    0xed, 0x10, 0xc, 0x98, 0x7a, 0xc0, 0x1f, 0xfc,
    0x28, 0xb0, 0xc, 0x34, 0x1, 0xc7, 0x84, 0x1,
    0xff, 0xc4, 0x4b, 0x0, 0xc8, 0x80, 0xf, 0xfe,
    0x62, 0x48, 0x6, 0x80, 0xf, 0xfe, 0x6b, 0x18,
    0x4, 0x66, 0x0, 0xff, 0xe6, 0xc8, 0x6, 0xa0,
    0xf, 0xfe, 0x6a, 0x80, 0x64, 0x0, 0xff, 0xe7,
    0x20, 0x4, 0x42, 0x1, 0xfd, 0xbf, 0xff, 0xfc,
    0x34, 0x0, 0xc4, 0x1, 0xff, 0xd2, 0x60, 0xf,
    0xff, 0xde, 0xff, 0xff, 0xf0, 0xd4, 0x3, 0xff,
    0xa4, 0xc0, 0x19, 0x80, 0x3f, 0xf9, 0xa6, 0x1,
    0x88, 0x3, 0xff, 0x98, 0xa0, 0x18, 0x84, 0x3,
    0xff, 0x99, 0xc0, 0x19, 0x40, 0x3f, 0xf9, 0x88,
    0x80, 0xd, 0x60, 0x1f, 0xfc, 0xc9, 0x0, 0xc6,
    0x60, 0xc, 0x80, 0x1f, 0xfc, 0x6a, 0x20, 0xd,
    0x0, 0x1a, 0x2d, 0xc0, 0x3f, 0xf8, 0x92, 0xa0,
    0x19, 0x50, 0x2, 0x87, 0x8, 0xa1, 0x0, 0xff,
    0xe0, 0xd, 0xb0, 0x6, 0x1b, 0x0, 0x95, 0xc0,
    0x25, 0xe8, 0x20, 0xf, 0xc3, 0x1c, 0x80, 0x1d,
    0xa2, 0x1, 0x2a, 0x0, 0x73, 0xef, 0x54, 0x3b,
    0x3c, 0xe7, 0x38, 0x7, 0xac, 0xc0, 0x3a, 0xd8,
    0x3, 0xc2, 0xaf, 0x13, 0xc, 0x60, 0x1e, 0x2c,
    0x40, 0xf, 0xa6, 0xc8, 0x3, 0xff, 0x8a, 0xda,
    0x60, 0x1f, 0xc9, 0xb2, 0x60, 0x1f, 0xfc, 0x16,
    0xd9, 0x0, 0xff, 0xe0, 0xb6, 0x6c, 0xa9, 0x88,
    0x4, 0x26, 0xd5, 0xf2, 0x40, 0x1f, 0xc0,

    /* U+042E "Ю" */
    0xcf, 0xfc, 0x1, 0xff, 0xc5, 0x27, 0xad, 0xef,
    0xf7, 0x6d, 0xb9, 0x80, 0x7f, 0xf5, 0x1b, 0x75,
    0xa, 0x42, 0x0, 0x12, 0x48, 0xce, 0x70, 0xf,
    0xfe, 0x82, 0xf4, 0x90, 0x7, 0xff, 0x0, 0x63,
    0x98, 0x3, 0xff, 0x98, 0x35, 0x41, 0x0, 0xff,
    0xe2, 0xc, 0xd8, 0x80, 0x7f, 0xf2, 0x47, 0x14,
    0x3, 0xc4, 0xb1, 0x32, 0x86, 0x30, 0xf, 0x26,
    0x8, 0x7, 0xff, 0x1c, 0x70, 0x80, 0x39, 0x73,
    0x69, 0xd9, 0x8f, 0x39, 0xae, 0x1, 0xc5, 0x82,
    0x1, 0xff, 0xc6, 0xa2, 0x0, 0xc5, 0x94, 0x60,
    0x1f, 0x8a, 0x34, 0xc0, 0x31, 0x50, 0x7, 0xff,
    0x15, 0xd0, 0x3, 0x1e, 0x18, 0x7, 0xff, 0x0,
    0xb1, 0x80, 0x32, 0x38, 0x7, 0xff, 0xc, 0x60,
    0x3, 0x1e, 0x8, 0x7, 0xff, 0xe, 0x54, 0x3,
    0x40, 0x80, 0x7f, 0xf0, 0xa4, 0x3, 0xb8, 0x3,
    0xff, 0x8d, 0x44, 0x1, 0xa4, 0x3, 0xff, 0x84,
    0xe0, 0x1a, 0x8, 0x3, 0xff, 0x8f, 0x20, 0x19,
    0x80, 0x3f, 0xf8, 0x28, 0x1, 0x85, 0xc0, 0x3f,
    0xf9, 0x8, 0x60, 0x10, 0xa8, 0x7, 0xff, 0x3,
    0x0, 0x33, 0x80, 0x7f, 0xf2, 0xa4, 0x3, 0x60,
    0x7, 0xff, 0x0, 0xc0, 0x36, 0x80, 0x7f, 0xf2,
    0x90, 0x3, 0x20, 0x7, 0xbf, 0xfc, 0x80, 0x19,
    0x40, 0x3f, 0xf9, 0x42, 0x40, 0x11, 0x0, 0x7f,
    0xf1, 0x44, 0x3, 0xff, 0x96, 0xc0, 0x18, 0x40,
    0x3f, 0xf8, 0x62, 0x1, 0xff, 0xcc, 0x10, 0xc,
    0x60, 0x1f, 0xfe, 0x79, 0x9f, 0x8, 0x4, 0x20,
    0x1f, 0xfc, 0xc1, 0x0, 0xc6, 0x1, 0xcc, 0xde,
    0x50, 0xc, 0x20, 0x1f, 0xfc, 0xb6, 0x0, 0xc2,
    0x1, 0xff, 0x18, 0x6, 0x50, 0xf, 0xfe, 0x50,
    0x90, 0x4, 0x40, 0x1f, 0xfc, 0xc, 0x0, 0xda,
    0x1, 0xff, 0xca, 0x70, 0xc, 0x80, 0x1f, 0xfc,
    0x4, 0x0, 0xce, 0x1, 0xff, 0xca, 0xa0, 0xd,
    0x80, 0x1f, 0xfc, 0x15, 0x0, 0x85, 0xc0, 0x3f,
    0xf9, 0x8, 0x60, 0x10, 0xa8, 0x7, 0xff, 0x6,
    0x40, 0x34, 0x10, 0x7, 0xff, 0x1e, 0x40, 0x33,
    0x0, 0x7f, 0xf0, 0x8d, 0x40, 0x37, 0x0, 0x7f,
    0xf1, 0xa8, 0x80, 0x34, 0x80, 0x7f, 0xf0, 0xe0,
    0x3, 0x1e, 0x8, 0x7, 0xff, 0xe, 0x54, 0x3,
    0x40, 0x80, 0x7f, 0xf0, 0xca, 0x80, 0x31, 0xe1,
    0x80, 0x7f, 0xf0, 0xb, 0x18, 0x3, 0x23, 0x80,
    0x7f, 0xf1, 0x55, 0xc0, 0x31, 0x65, 0x18, 0x7,
    0xe2, 0x8d, 0x30, 0xc, 0x54, 0x1, 0xff, 0xc7,
    0x87, 0x0, 0xe5, 0xce, 0xa7, 0x66, 0x3c, 0xee,
    0x9c, 0x3, 0x8b, 0x4, 0x3, 0xff, 0x91, 0x12,
    0x1, 0xe1, 0x58, 0x99, 0x43, 0x10, 0x7, 0x93,
    0x4, 0x3, 0xff, 0x94, 0xda, 0x60, 0x1f, 0xfc,
    0x41, 0x9b, 0x10, 0xf, 0xfe, 0x61, 0x65, 0x98,
    0x7, 0xff, 0x0, 0x63, 0x98, 0x3, 0xff, 0xa0,
    0x99, 0xd2, 0xa6, 0x20, 0x11, 0x24, 0x67, 0x38,
    0x7, 0xf8,

    /* U+042F "Я" */
    0x0, 0xfc, 0x2d, 0x39, 0xdf, 0xff, 0xfc, 0x2d,
    0x0, 0xf1, 0xd7, 0x4b, 0x18, 0x80, 0x7f, 0xf2,
    0x27, 0x14, 0x3, 0xff, 0x99, 0x8c, 0x1, 0xff,
    0xcd, 0xb3, 0x0, 0xe2, 0x69, 0xbc, 0xcf, 0xe1,
    0x0, 0xf3, 0xa0, 0x6, 0x2b, 0xd9, 0x64, 0x33,
    0xff, 0x0, 0x7a, 0x40, 0x32, 0x6a, 0x0, 0x7f,
    0xf1, 0xd8, 0x40, 0x22, 0xb0, 0xf, 0xfe, 0x4e,
    0x80, 0x68, 0x0, 0xff, 0xe5, 0x20, 0x6, 0x50,
    0xf, 0xfe, 0x48, 0x80, 0x63, 0x0, 0xff, 0xe5,
    0x18, 0x6, 0x60, 0xf, 0xfe, 0x50, 0x80, 0x7f,
    0xf3, 0xc4, 0x3, 0x8, 0x7, 0xff, 0x28, 0x80,
    0x32, 0x80, 0x7f, 0xf2, 0xc8, 0x2, 0x13, 0x0,
    0xff, 0xe5, 0x20, 0x6, 0x90, 0xf, 0xfe, 0x55,
    0x0, 0x65, 0x60, 0xf, 0xfe, 0x49, 0xa0, 0x6,
    0x98, 0x0, 0xff, 0xe4, 0xd0, 0x80, 0x67, 0xe8,
    0x41, 0x0, 0xff, 0xe2, 0x8e, 0x80, 0x70, 0xbd,
    0xf7, 0xff, 0xf8, 0x80, 0x3e, 0x3d, 0x20, 0xf,
    0xfe, 0x71, 0x6c, 0x8, 0x7, 0xff, 0x39, 0xfc,
    0x3, 0xff, 0x9f, 0x60, 0x1a, 0xfb, 0xbf, 0xc4,
    0x1, 0xfe, 0x55, 0x0, 0x4c, 0x82, 0x3f, 0xe0,
    0xf, 0xf0, 0xd8, 0x4, 0x52, 0x1, 0xff, 0xc9,
    0xa1, 0x0, 0xb8, 0x3, 0xff, 0x92, 0xc8, 0x1,
    0x39, 0x80, 0x7f, 0xf2, 0xa, 0x40, 0x22, 0x80,
    0xf, 0xfe, 0x4f, 0x0, 0x6e, 0x0, 0xff, 0xe4,
    0xb9, 0x80, 0x4e, 0x60, 0x1f, 0xfc, 0x83, 0x80,
    0x8, 0xa0, 0x3, 0xff, 0x93, 0xc0, 0x1b, 0x80,
    0x3f, 0xf9, 0x20,

    /* U+0430 "а" */
    0x0, 0xe1, 0x48, 0xcd, 0xef, 0xed, 0xb7, 0x30,
    0xf, 0xe3, 0xae, 0xb7, 0x32, 0x10, 0x12, 0x48,
    0xcc, 0x18, 0x7, 0xd, 0x62, 0x80, 0x7f, 0xf0,
    0xf, 0x18, 0x3, 0x6a, 0x80, 0x7f, 0xf1, 0x25,
    0x40, 0x29, 0x0, 0xc4, 0xf7, 0xbd, 0xcd, 0xa5,
    0x0, 0xea, 0x10, 0x2, 0x98, 0x25, 0xec, 0x21,
    0x8, 0x89, 0x6b, 0x4, 0x3, 0x48, 0x5, 0xf3,
    0x68, 0x1, 0xfc, 0x7a, 0x1, 0x98, 0x2, 0x36,
    0x0, 0xff, 0xe0, 0x1a, 0x80, 0x42, 0x40, 0x1f,
    0xfc, 0x5f, 0x0, 0xcc, 0x1, 0xff, 0xc5, 0x60,
    0xc, 0x20, 0x1f, 0xfc, 0x51, 0x0, 0xc6, 0x1,
    0xcb, 0x39, 0xdf, 0xff, 0xb4, 0x3, 0x8, 0x4,
    0xfd, 0x4c, 0x62, 0x1, 0xff, 0xc4, 0xb8, 0x10,
    0xf, 0xfe, 0x3c, 0x20, 0x6, 0x37, 0x9a, 0xaf,
    0xa0, 0x3, 0x85, 0xc0, 0x21, 0xcc, 0x43, 0x2a,
    0xfe, 0x0, 0xe7, 0x0, 0xd6, 0x60, 0x1f, 0xfc,
    0x4f, 0x0, 0xca, 0x1, 0xff, 0xc5, 0x30, 0x8,
    0x40, 0x3f, 0xf8, 0xa, 0x1, 0xc6, 0x1, 0x8,
    0x80, 0x3f, 0xc5, 0x0, 0x1d, 0xe0, 0x1a, 0x0,
    0x3f, 0x8b, 0xc0, 0x3c, 0xe0, 0x19, 0xa4, 0x40,
    0x38, 0x5f, 0x48, 0x3, 0xc3, 0x20, 0x19, 0xbb,
    0x2a, 0x6b, 0x3a, 0x0, 0x4, 0x1, 0xe6, 0x70,
    0xe, 0x35, 0x65, 0x30, 0x8, 0x70, 0x3, 0xe8,
    0xa1, 0x0, 0xff, 0x37, 0x88, 0x7, 0xe5, 0xea,
    0x62, 0x10, 0x12, 0x48, 0xd9, 0x10, 0xf, 0x0,

    /* U+0431 "б" */
    0x0, 0xff, 0xf2, 0x8a, 0xce, 0x58, 0x7, 0xff,
    0x1c, 0xde, 0xbb, 0x94, 0xc6, 0xa0, 0x1f, 0xfc,
    0x34, 0x8c, 0xfc, 0x85, 0x10, 0xc, 0x20, 0x1f,
    0xfc, 0x4, 0xaf, 0xb7, 0x30, 0xf, 0xf1, 0x80,
    0x7f, 0x26, 0x5a, 0x80, 0x7f, 0xc2, 0xb0, 0x40,
    0x1f, 0xa6, 0xcc, 0x3, 0xf8, 0xde, 0xbb, 0x94,
    0xe2, 0x1, 0xe1, 0xc6, 0x0, 0xf0, 0xac, 0xe7,
    0xe4, 0x28, 0x80, 0x7f, 0xe, 0x98, 0x6, 0x17,
    0xde, 0xa6, 0x30, 0xf, 0xfe, 0x15, 0x18, 0x6,
    0x8e, 0x82, 0x0, 0xff, 0xe2, 0xb2, 0x0, 0x43,
    0xae, 0x1, 0xff, 0xc7, 0x18, 0x0, 0xd8, 0x40,
    0x1f, 0xfc, 0x87, 0x10, 0xa, 0x88, 0x3, 0xff,
    0x93, 0x40, 0x11, 0xa8, 0x7, 0x84, 0x84, 0x3,
    0xff, 0x80, 0x46, 0x1, 0x48, 0x4, 0x73, 0xbf,
    0xdb, 0xdf, 0xb0, 0x40, 0x1f, 0x9c, 0x3, 0x28,
    0x15, 0xe3, 0x10, 0x7, 0x13, 0xed, 0x90, 0x7,
    0xb0, 0x2, 0x30, 0x5d, 0x40, 0xf, 0xf9, 0x35,
    0x80, 0x39, 0x40, 0x25, 0x6a, 0x0, 0xff, 0xe1,
    0xcb, 0x80, 0x61, 0x0, 0x8a, 0x40, 0x21, 0x7c,
    0xef, 0xf6, 0x49, 0x0, 0x74, 0x20, 0x4, 0x60,
    0x12, 0x0, 0x51, 0xd0, 0x62, 0x0, 0x36, 0xd9,
    0x0, 0xea, 0x10, 0x0, 0x80, 0x7a, 0xdc, 0x3,
    0xf9, 0xb0, 0x3, 0xc, 0x80, 0x7e, 0x84, 0x0,
    0xff, 0x8e, 0x40, 0x33, 0x0, 0x7c, 0x4e, 0x1,
    0xff, 0xc1, 0x63, 0x0, 0x84, 0xc0, 0x3c, 0xa0,
    0x1f, 0xfc, 0x3a, 0x0, 0xc8, 0x2, 0x1, 0xb0,
    0x3, 0xff, 0x86, 0x80, 0x1b, 0x80, 0x80, 0x33,
    0x80, 0x7f, 0xf0, 0xcc, 0x3, 0x18, 0x30, 0x7,
    0xff, 0x34, 0xc3, 0x40, 0x32, 0x80, 0x7f, 0xf0,
    0xc8, 0x3, 0x8, 0x20, 0x6, 0xc0, 0xf, 0xfe,
    0x1a, 0x80, 0x6d, 0x3, 0x10, 0x9, 0x44, 0x3,
    0xff, 0x85, 0x60, 0x19, 0x0, 0xe, 0x1, 0xac,
    0x3, 0xff, 0x82, 0xc4, 0x1, 0x18, 0x80, 0x2c,
    0x3, 0x2b, 0x80, 0x7f, 0xc7, 0x20, 0x1a, 0x0,
    0x22, 0x60, 0xd, 0x12, 0x1, 0xfc, 0xd8, 0x1,
    0x91, 0x0, 0x1a, 0x48, 0x3, 0x36, 0xb1, 0x0,
    0x42, 0xb7, 0x20, 0x18, 0x68, 0x3, 0xd8, 0x40,
    0x18, 0xa7, 0x7f, 0xbf, 0xa9, 0x0, 0x30, 0xe0,
    0x80, 0x78, 0x70, 0xc0, 0x3e, 0x10, 0xf, 0x93,
    0xc8, 0x3, 0xf0, 0xe5, 0x10, 0x7, 0xfc, 0x75,
    0x62, 0x1, 0xff, 0x2e, 0xe3, 0x99, 0x0, 0x44,
    0x91, 0xb8, 0xa0, 0x1e,

    /* U+0432 "в" */
    0x8f, 0xff, 0xfe, 0x7, 0x6d, 0xb9, 0x0, 0x7f,
    0xf1, 0x84, 0x92, 0x36, 0x84, 0x3, 0xff, 0x92,
    0xbe, 0x40, 0x1f, 0x33, 0x7c, 0xa8, 0x20, 0x18,
    0x7c, 0x3, 0xe9, 0x9f, 0xaa, 0xfa, 0x80, 0x31,
    0x30, 0x7, 0xff, 0x11, 0x6c, 0x3, 0x68, 0x7,
    0xff, 0x15, 0x4, 0x2, 0x60, 0xf, 0xfe, 0x31,
    0x0, 0x7f, 0xf2, 0x84, 0x2, 0x60, 0xf, 0xfe,
    0x29, 0x10, 0x2, 0xd0, 0xf, 0xfe, 0x21, 0x78,
    0x4, 0x4c, 0x1, 0xe5, 0x5f, 0x99, 0xef, 0x48,
    0x0, 0x58, 0x1, 0xf5, 0x57, 0xd3, 0x8, 0x1,
    0x3e, 0x88, 0x7, 0xff, 0x21, 0x58, 0x3, 0xff,
    0x92, 0x53, 0x82, 0x1, 0xef, 0xff, 0xed, 0xa3,
    0x0, 0x8e, 0x80, 0x3f, 0xf8, 0x64, 0xb8, 0xa0,
    0x12, 0x20, 0x3, 0xff, 0x8b, 0x60, 0x1b, 0x0,
    0x3f, 0xf8, 0xa2, 0x20, 0x8, 0xc0, 0x3f, 0xf8,
    0xc2, 0x1, 0xff, 0xc9, 0x50, 0xc, 0x40, 0x1f,
    0xfc, 0x46, 0xa0, 0xd, 0xa0, 0x1d, 0x33, 0xfa,
    0xb3, 0xe4, 0x3, 0x1a, 0x0, 0x73, 0x37, 0xe5,
    0x30, 0xe, 0x2e, 0x0, 0xff, 0xe4, 0x36, 0x10,
    0x7, 0xff, 0xc, 0x49, 0x67, 0xa4, 0x40, 0x0,

    /* U+0433 "г" */
    0x8f, 0xff, 0xfe, 0x31, 0x80, 0x7f, 0xfd, 0x77,
    0xbb, 0xff, 0x82, 0x60, 0x1c, 0x62, 0x3f, 0xfc,
    0x10, 0xf, 0xff, 0xf8, 0x7, 0xff, 0xfc, 0x3,
    0xff, 0xfe, 0x1, 0xff, 0xff, 0x0, 0xff, 0xff,
    0x80, 0x7f, 0xf3, 0x80,

    /* U+0434 "д" */
    0x0, 0xf2, 0x7f, 0xff, 0xf1, 0xdc, 0x3, 0xfc,
    0x20, 0x1f, 0xfd, 0x23, 0x0, 0xff, 0xf8, 0x88,
    0x4, 0x7d, 0xdf, 0xec, 0x0, 0xff, 0xe1, 0xf8,
    0x4, 0xe2, 0x3f, 0xf0, 0x7, 0xff, 0x1c, 0x40,
    0x3f, 0xf9, 0xc2, 0x1, 0xff, 0xd2, 0x30, 0x8,
    0xc0, 0x3f, 0xf9, 0xc2, 0x1, 0x8, 0x7, 0xff,
    0x39, 0xc0, 0x2f, 0x0, 0xff, 0xe7, 0x8, 0x4,
    0x20, 0x1f, 0xfc, 0xe3, 0x0, 0x8c, 0x3, 0xff,
    0x9c, 0x20, 0x10, 0x80, 0x7f, 0xf3, 0x44, 0x3,
    0x30, 0x7, 0xff, 0x35, 0x40, 0x31, 0x0, 0x7f,
    0xf3, 0x4c, 0x2, 0x10, 0xf, 0xfe, 0x76, 0x80,
    0x48, 0x1, 0xff, 0xce, 0x40, 0xb, 0x0, 0x3f,
    0xf9, 0xaa, 0x20, 0x13, 0x80, 0x7f, 0xf3, 0x60,
    0x2, 0x51, 0x0, 0xff, 0xe5, 0x9, 0xd9, 0x0,
    0x6, 0x4, 0x7f, 0xf8, 0x20, 0x1c, 0x23, 0x4,
    0xf6, 0x20, 0x4, 0x3b, 0xdd, 0xff, 0xc0, 0xc0,
    0xd, 0x1d, 0xd2, 0x80, 0x7f, 0xff, 0xc0, 0x3f,
    0xf9, 0x47, 0xff, 0xff, 0xc9, 0x0, 0xff, 0xff,
    0x80, 0x7f, 0xfb, 0x9c, 0x3, 0xff, 0x9c,

    /* U+0435 "е" */
    0x0, 0xfc, 0x93, 0x9d, 0xfe, 0xeb, 0x83, 0x0,
    0xff, 0xe1, 0x37, 0x5b, 0x18, 0x80, 0x5, 0x1f,
    0x30, 0x80, 0x1f, 0xe1, 0xc9, 0x10, 0xf, 0xf1,
    0xdc, 0x80, 0x7e, 0x2f, 0x30, 0xf, 0xfe, 0x13,
    0x58, 0x7, 0x87, 0x4, 0x3, 0x35, 0xff, 0xdd,
    0x48, 0x1, 0x92, 0x80, 0x3a, 0x84, 0x2, 0x3e,
    0x94, 0x0, 0x85, 0x6f, 0x4, 0x2, 0x56, 0x0,
    0x95, 0x0, 0x24, 0xc1, 0x0, 0xfc, 0x7e, 0x20,
    0x14, 0x0, 0x50, 0x1, 0xd, 0x0, 0x7f, 0xc3,
    0xa0, 0x10, 0xb0, 0x19, 0x0, 0x50, 0x20, 0x1f,
    0xfc, 0x3, 0x50, 0xa, 0x81, 0x0, 0x33, 0x80,
    0x7f, 0xf0, 0xb8, 0x2, 0x30, 0xd0, 0x8, 0x84,
    0x3, 0xff, 0x84, 0x80, 0x18, 0xd8, 0x2, 0x2f,
    0xff, 0xfe, 0x20, 0x6, 0x61, 0x0, 0xff, 0xe6,
    0x18, 0x7, 0xff, 0x38, 0x40, 0x22, 0xcc, 0xff,
    0xe4, 0x3b, 0x0, 0x44, 0x67, 0xff, 0xc8, 0x1d,
    0x0, 0xca, 0x1, 0xff, 0xc8, 0x50, 0xd, 0x20,
    0x1f, 0xfc, 0x82, 0x30, 0x8, 0xdc, 0x3, 0xff,
    0x91, 0x0, 0x1a, 0x14, 0x3, 0xff, 0x80, 0xfa,
    0x1, 0xc8, 0xa0, 0x1a, 0xa4, 0x40, 0x3f, 0x15,
    0xc1, 0x58, 0x7, 0x51, 0x0, 0x66, 0xea, 0x53,
    0x12, 0x36, 0xbd, 0x40, 0x2, 0x40, 0x7, 0x61,
    0x80, 0x72, 0xd6, 0x76, 0xe4, 0xa0, 0x6, 0x1a,
    0x0, 0xe1, 0xc6, 0x0, 0xff, 0xe1, 0x96, 0x10,
    0x7, 0xd3, 0x88, 0x1, 0xff, 0xc, 0xe9, 0x0,
    0x7f, 0x1d, 0xec, 0x29, 0x8, 0x0, 0x4d, 0xaf,
    0x98, 0x3, 0x80,

    /* U+0436 "ж" */
    0x6, 0xff, 0xce, 0x1, 0xff, 0x7f, 0xea, 0x0,
    0xff, 0xb3, 0xff, 0x10, 0x1, 0x90, 0x2, 0x82,
    0x0, 0xff, 0xe6, 0xb1, 0x80, 0x50, 0x40, 0x14,
    0x80, 0x69, 0x0, 0xff, 0xe6, 0xc, 0x80, 0x44,
    0xe0, 0x18, 0xa0, 0x2, 0x45, 0x0, 0xff, 0xe5,
    0xd8, 0x6, 0xe0, 0xf, 0x39, 0x80, 0x56, 0x20,
    0x1f, 0xfc, 0x94, 0x50, 0x9, 0x8c, 0x3, 0xef,
    0x0, 0x86, 0x0, 0x3f, 0xf9, 0x32, 0x1, 0xc,
    0x80, 0x7e, 0x37, 0x0, 0x98, 0xc0, 0x3f, 0xf8,
    0xf0, 0x40, 0x15, 0x0, 0x7f, 0xa0, 0x80, 0x2e,
    0x0, 0xff, 0xe3, 0x13, 0x80, 0x4a, 0x80, 0x1f,
    0xf4, 0x80, 0x44, 0xe0, 0x1f, 0xfc, 0x5e, 0x0,
    0x86, 0xc0, 0x3f, 0xf8, 0x8, 0xc0, 0x14, 0x10,
    0x7, 0xff, 0xd, 0x8c, 0x2, 0x81, 0x0, 0xff,
    0xe0, 0xc0, 0x80, 0x52, 0x1, 0xff, 0xc2, 0x18,
    0x0, 0x91, 0x80, 0x3f, 0xf8, 0x43, 0x60, 0x12,
    0x7f, 0xf0, 0x6, 0x5f, 0xfd, 0xc2, 0x1, 0x48,
    0x7, 0xff, 0x11, 0x4c, 0x3, 0xff, 0x92, 0xe4,
    0x1, 0xff, 0xc4, 0x33, 0x0, 0x7f, 0xf2, 0x58,
    0x40, 0x3f, 0xf8, 0x9c, 0x1, 0xff, 0xca, 0x18,
    0x0, 0xff, 0xe1, 0xc1, 0x0, 0x47, 0xff, 0xc0,
    0x19, 0x7f, 0xf6, 0x80, 0x66, 0x40, 0xf, 0xfe,
    0x9, 0xb8, 0x6, 0xe0, 0xf, 0xfe, 0x11, 0x40,
    0x6, 0x90, 0xf, 0xfe, 0xf, 0x0, 0x67, 0x20,
    0xf, 0xfe, 0x1b, 0x98, 0x4, 0x52, 0x1, 0xff,
    0x39, 0x0, 0x45, 0x0, 0x1f, 0xfc, 0x5e, 0x0,
    0xcc, 0x60, 0x1f, 0xc5, 0x0, 0x1b, 0x80, 0x3f,
    0xf8, 0xc4, 0xe0, 0x1b, 0x80, 0x3f, 0xb8, 0x3,
    0x31, 0x80, 0x7f, 0xf1, 0xe0, 0x80, 0x22, 0x80,
    0xf, 0x9c, 0xc0, 0x21, 0x80, 0xf, 0xfe, 0x4f,
    0x0, 0x67, 0x30, 0xe, 0x28, 0x0, 0xd6, 0x20,
    0x1f, 0xfc, 0x93, 0x60, 0xd, 0xc0, 0x1d, 0x20,
    0x19, 0x54, 0x1, 0xff, 0xcb, 0x91, 0x0, 0x89,
    0xc0, 0x26, 0x40, 0xd, 0x60, 0x1f, 0xfc, 0xda,
    0x0, 0xd0, 0x40, 0x32, 0x1, 0xa4, 0x40, 0x3f,
    0xf9, 0xa8, 0xa0, 0x1b, 0x80,

    /* U+0437 "з" */
    0x0, 0xe4, 0x8b, 0xef, 0xf7, 0x6e, 0x4a, 0x88,
    0x7, 0xe2, 0x9f, 0xb7, 0x41, 0x0, 0x9, 0x1b,
    0x57, 0x59, 0x80, 0x73, 0xeb, 0x0, 0x7f, 0xf0,
    0x53, 0x20, 0x3, 0x20, 0x7, 0xff, 0x15, 0xe4,
    0x2, 0x31, 0x0, 0x1b, 0xde, 0xff, 0xdd, 0x6c,
    0x1, 0xcc, 0x80, 0x14, 0xc7, 0x64, 0x21, 0x0,
    0x42, 0x93, 0xc6, 0x1, 0xb8, 0x2, 0x77, 0x8,
    0x7, 0xf8, 0x78, 0x3, 0x30, 0x7, 0xff, 0x14,
    0x80, 0x3f, 0xf9, 0x44, 0x1, 0x90, 0x3, 0xff,
    0x88, 0x5e, 0x1, 0xc, 0x80, 0x7c, 0x6a, 0xbc,
    0xd1, 0x9a, 0x40, 0x2, 0xc1, 0x0, 0xfa, 0x6a,
    0xba, 0x5c, 0xc0, 0x26, 0xc2, 0x0, 0xff, 0xe3,
    0x9e, 0x8, 0x7, 0xff, 0x20, 0xeb, 0x4c, 0x3,
    0xf5, 0x7f, 0xfb, 0xad, 0x40, 0x22, 0xc3, 0x0,
    0xff, 0xe1, 0xa, 0x56, 0x0, 0x6d, 0x0, 0xff,
    0xe2, 0x9c, 0x0, 0x42, 0xa0, 0x1f, 0xfc, 0x54,
    0x0, 0xda, 0x1, 0xff, 0xc5, 0x70, 0xf, 0x10,
    0x80, 0x7f, 0xf0, 0xbc, 0x3, 0x70, 0x47, 0x41,
    0x0, 0x7f, 0xd4, 0x80, 0x19, 0xc5, 0x41, 0xf7,
    0x21, 0x48, 0x40, 0x2, 0x91, 0xca, 0x1, 0x9c,
    0x5c, 0x3, 0x1b, 0xd6, 0xf7, 0xfb, 0xad, 0xc4,
    0x3, 0x24, 0x2, 0x20, 0x3, 0xff, 0x8a, 0xd6,
    0x0, 0x2b, 0xc5, 0x0, 0xff, 0xe0, 0xa6, 0x48,
    0x7, 0x1d, 0x7d, 0xba, 0x10, 0x80, 0x4, 0xd6,
    0x7a, 0xcc, 0x3, 0x0,

    /* U+0438 "и" */
    0x8f, 0xfc, 0x20, 0x1f, 0xfc, 0x2b, 0xff, 0xb4,
    0x3, 0xff, 0x8f, 0x28, 0x1, 0xff, 0xca, 0x66,
    0x0, 0x7f, 0xf2, 0x8e, 0x40, 0x3f, 0xf9, 0x43,
    0xa0, 0x1f, 0xfc, 0xbc, 0x10, 0xf, 0xfe, 0x55,
    0x10, 0x7, 0xff, 0x2a, 0x14, 0x2, 0x22, 0x0,
    0x7f, 0xf1, 0x55, 0xc0, 0x21, 0xf1, 0x0, 0xff,
    0xe2, 0x1d, 0x0, 0x6a, 0x20, 0xf, 0xfe, 0x20,
    0xe8, 0x6, 0x94, 0x0, 0xff, 0xe2, 0xe8, 0x80,
    0x4c, 0xc0, 0xf, 0xfe, 0x2c, 0x98, 0x4, 0x72,
    0x1, 0xff, 0xc5, 0x76, 0x0, 0x8b, 0x40, 0x3f,
    0xf8, 0xa9, 0x0, 0x1b, 0xc4, 0x3, 0xff, 0x88,
    0x54, 0x1, 0xa8, 0x80, 0x3f, 0xf8, 0x83, 0xe2,
    0x1, 0x42, 0x80, 0x7f, 0xf1, 0x68, 0x80, 0x25,
    0x70, 0xf, 0xfe, 0x2d, 0xa0, 0x4, 0x74, 0x1,
    0xff, 0xc6, 0x50, 0x8, 0x74, 0x3, 0xff, 0x97,
    0xa2, 0x1, 0xff, 0xca, 0x93, 0x0, 0xff, 0xe5,
    0x3b, 0x0, 0x7f, 0xf2, 0x92, 0x0, 0x3f, 0xf9,
    0x45, 0x40, 0x1f, 0xfc, 0xbf, 0x10, 0xf, 0xfe,
    0x30,

    /* U+0439 "й" */
    0x0, 0xc5, 0xff, 0x0, 0x7e, 0x5f, 0xf7, 0x0,
    0x7f, 0x10, 0x4, 0x60, 0x1f, 0x68, 0x0, 0x80,
    0x3f, 0xc6, 0x0, 0x90, 0xf, 0xb, 0x0, 0x10,
    0x3, 0xfd, 0x40, 0x5, 0x91, 0x0, 0x8f, 0x4,
    0x1, 0x40, 0x1f, 0xe6, 0x40, 0x3, 0x76, 0x5e,
    0xe1, 0x0, 0x1c, 0x80, 0x3f, 0xeb, 0x50, 0x8,
    0xd0, 0x80, 0x28, 0x80, 0x7, 0xff, 0x6, 0xb1,
    0x88, 0x0, 0x26, 0xfa, 0xe0, 0x1f, 0xfc, 0x33,
    0x9d, 0xff, 0x76, 0x41, 0x0, 0x7f, 0xfb, 0xa3,
    0xff, 0x8, 0x7, 0xff, 0xa, 0xff, 0xed, 0x0,
    0xff, 0xe3, 0xca, 0x0, 0x7f, 0xf2, 0x99, 0x80,
    0x1f, 0xfc, 0xa3, 0x90, 0xf, 0xfe, 0x50, 0xe8,
    0x7, 0xff, 0x2f, 0x4, 0x3, 0xff, 0x95, 0x44,
    0x1, 0xff, 0xca, 0x85, 0x0, 0x88, 0x80, 0x1f,
    0xfc, 0x55, 0x70, 0x8, 0x7c, 0x40, 0x3f, 0xf8,
    0x87, 0x40, 0x1a, 0x88, 0x3, 0xff, 0x88, 0x3a,
    0x1, 0xa5, 0x0, 0x3f, 0xf8, 0xba, 0x20, 0x13,
    0x30, 0x3, 0xff, 0x8b, 0x26, 0x1, 0x1c, 0x80,
    0x7f, 0xf1, 0x5d, 0x80, 0x22, 0xd0, 0xf, 0xfe,
    0x2a, 0x40, 0x6, 0xf1, 0x0, 0xff, 0xe2, 0x15,
    0x0, 0x6a, 0x20, 0xf, 0xfe, 0x20, 0xf8, 0x80,
    0x50, 0xa0, 0x1f, 0xfc, 0x5a, 0x20, 0x9, 0x5c,
    0x3, 0xff, 0x8b, 0x68, 0x1, 0x1d, 0x0, 0x7f,
    0xf1, 0x94, 0x2, 0x1d, 0x0, 0xff, 0xe5, 0xe8,
    0x80, 0x7f, 0xf2, 0xa4, 0xc0, 0x3f, 0xf9, 0x4e,
    0xc0, 0x1f, 0xfc, 0xa4, 0x80, 0xf, 0xfe, 0x51,
    0x50, 0x7, 0xff, 0x2f, 0xc4, 0x3, 0xff, 0x8c,

    /* U+043A "к" */
    0x8f, 0xfc, 0x20, 0x1f, 0xfc, 0xa, 0xff, 0xc8,
    0x1, 0xff, 0xc6, 0x65, 0x0, 0xa1, 0x0, 0x3f,
    0xf8, 0xa7, 0x20, 0x12, 0x38, 0x7, 0xff, 0x1b,
    0x80, 0x21, 0xa0, 0xf, 0xfe, 0x35, 0x10, 0x5,
    0xa2, 0x1, 0xff, 0xc5, 0x65, 0x0, 0xa4, 0xc0,
    0x3f, 0xf8, 0xa7, 0x20, 0x12, 0xb0, 0x7, 0xff,
    0x1b, 0x80, 0x22, 0xa0, 0xf, 0xfe, 0x35, 0x10,
    0x5, 0xe0, 0x1f, 0xfc, 0x66, 0x50, 0xa, 0x88,
    0x3, 0xff, 0x8a, 0x52, 0x1, 0x32, 0x80, 0x7f,
    0xf0, 0x7b, 0xff, 0x68, 0x4, 0x72, 0x1, 0xff,
    0xcb, 0xf0, 0xf, 0xfe, 0x67, 0x80, 0x7f, 0xf3,
    0xe, 0x0, 0x3f, 0xf8, 0x5d, 0xff, 0xac, 0x3,
    0x3a, 0x0, 0x7f, 0xf1, 0x92, 0x0, 0x35, 0x10,
    0x7, 0xff, 0x19, 0xd0, 0x2, 0x1e, 0x0, 0xff,
    0xe3, 0xd1, 0x0, 0x47, 0x20, 0x1f, 0xfc, 0x61,
    0xf0, 0xc, 0xca, 0x1, 0xff, 0xc6, 0x29, 0x0,
    0xd4, 0x40, 0x1f, 0xfc, 0x66, 0x60, 0x6, 0xf0,
    0xf, 0xfe, 0x3c, 0x98, 0x4, 0x54, 0x1, 0xff,
    0xc7, 0xd1, 0x0, 0x95, 0x80, 0x3f, 0xf8, 0xc3,
    0x40, 0x1a, 0x4c, 0x3, 0xff, 0x8c, 0x90, 0x1,
    0xb8, 0x40,

    /* U+043B "л" */
    0x0, 0xf2, 0x7f, 0xff, 0xf1, 0xd0, 0x3, 0xff,
    0xaa, 0x20, 0x1f, 0xfc, 0xe3, 0x0, 0xff, 0xe7,
    0x8, 0x4, 0x9d, 0xdf, 0xea, 0x0, 0xff, 0xe1,
    0x88, 0xff, 0xf0, 0x0, 0x3f, 0xef, 0x0, 0xff,
    0xe7, 0x8, 0x4, 0x60, 0x1f, 0xfc, 0xe1, 0x0,
    0xff, 0xe5, 0x18, 0x5, 0xe0, 0x1f, 0xfc, 0xa1,
    0x0, 0x84, 0x3, 0xff, 0x94, 0xe0, 0x11, 0x80,
    0x7f, 0xf2, 0x88, 0x2, 0x10, 0xf, 0xfe, 0x50,
    0x80, 0x4c, 0x1, 0xff, 0xce, 0x30, 0xf, 0xfe,
    0x49, 0x0, 0x61, 0x0, 0xff, 0xe4, 0xb8, 0x4,
    0x40, 0x1f, 0xfc, 0xad, 0x0, 0x9c, 0x3, 0xff,
    0x94, 0x80, 0x16, 0x80, 0x7f, 0xf2, 0x48, 0xc0,
    0x23, 0x0, 0xff, 0xe4, 0xf0, 0x6, 0x40, 0xf,
    0xfe, 0x29, 0x22, 0xe1, 0x80, 0x4a, 0x1, 0xff,
    0xc6, 0xab, 0xa3, 0x0, 0xd0, 0x1, 0xff, 0xc6,
    0x10, 0xf, 0x31, 0x0, 0x7f, 0xf1, 0x8c, 0x3,
    0x8e, 0x40, 0x3f, 0xf8, 0xe2, 0x1, 0x14, 0x60,
    0x7, 0xff, 0x20,

    /* U+043C "м" */
    0x8f, 0xfd, 0x0, 0x1f, 0xfc, 0x7d, 0xff, 0xb0,
    0x3, 0x9c, 0x40, 0x3f, 0xf8, 0xac, 0x40, 0x1f,
    0xeb, 0x0, 0xff, 0xe2, 0xc, 0x0, 0x7f, 0xca,
    0x60, 0x1f, 0xfc, 0x38, 0x10, 0xf, 0xfe, 0x7,
    0x80, 0x7f, 0xf0, 0x89, 0x80, 0x3f, 0xf8, 0x26,
    0xa0, 0x1f, 0xfc, 0x19, 0x0, 0xff, 0xe1, 0xd8,
    0x7, 0xff, 0x1, 0x50, 0x3, 0xfe, 0x31, 0x0,
    0xb, 0x80, 0x7f, 0xd6, 0x1, 0x20, 0x7, 0xe7,
    0x80, 0xa, 0x4, 0x3, 0xfa, 0x4, 0x0, 0x7a,
    0x1, 0xfc, 0xc4, 0x1, 0x40, 0x7, 0xe1, 0x70,
    0xb, 0x80, 0x3f, 0xe9, 0x0, 0x98, 0xc0, 0x3e,
    0xb0, 0x9, 0x88, 0x3, 0xfe, 0x45, 0x0, 0xbc,
    0x3, 0xc8, 0xa0, 0x1, 0x90, 0xf, 0xfe, 0xd,
    0x80, 0x46, 0xa0, 0x1d, 0x20, 0x14, 0x0, 0x7f,
    0xf0, 0x86, 0x0, 0x28, 0x0, 0xcc, 0x40, 0x3,
    0x60, 0xf, 0xfe, 0x1b, 0x90, 0x0, 0x9c, 0x0,
    0x30, 0x1, 0x78, 0x7, 0xff, 0x16, 0x0, 0x28,
    0x10, 0x81, 0x0, 0x31, 0x80, 0x7f, 0xf1, 0x55,
    0x0, 0x28, 0x36, 0x0, 0xc, 0x0, 0x7f, 0xf1,
    0xe4, 0x2, 0x6e, 0x0, 0xa0, 0x40, 0x3f, 0xf8,
    0xe4, 0xc0, 0x11, 0x0, 0xd, 0x80, 0x3f, 0xf9,
    0x30, 0x20, 0x1d, 0xe0, 0x1f, 0xfc, 0xa1, 0x80,
    0xc, 0xc6, 0x1, 0xff, 0xcb, 0x63, 0x0, 0xa0,
    0x3, 0xff, 0x9b, 0xe0, 0x9, 0x10, 0xf, 0xfe,
    0x69, 0xff, 0x98, 0x3, 0xff, 0xfa,

    /* U+043D "н" */
    0x8f, 0xfc, 0x20, 0x1f, 0xfc, 0x17, 0xff, 0xc4,
    0x1, 0xff, 0xff, 0x0, 0xff, 0xff, 0x80, 0x7f,
    0xff, 0xc0, 0x3f, 0xfa, 0x5d, 0xff, 0xff, 0xc1,
    0x80, 0xf, 0xff, 0xf8, 0x7, 0xfb, 0xbf, 0xff,
    0xf8, 0x30, 0x1, 0xff, 0xff, 0x0, 0xff, 0xff,
    0x80, 0x7f, 0xff, 0xc0, 0x3f, 0xfa, 0x40,

    /* U+043E "о" */
    0x0, 0xfc, 0x71, 0x7d, 0xfe, 0xed, 0xa6, 0x10,
    0xf, 0xfe, 0x12, 0x66, 0x1d, 0x4, 0x0, 0x24,
    0xb3, 0xd4, 0x40, 0x1f, 0xf5, 0x59, 0x80, 0x7f,
    0xcb, 0xae, 0x1, 0xf8, 0x75, 0x40, 0x3f, 0xf8,
    0x71, 0x40, 0x1e, 0x1c, 0x20, 0xc, 0x2f, 0x7b,
    0xdb, 0x4a, 0x1, 0xcb, 0x20, 0x1d, 0x64, 0x1,
    0x9f, 0xa1, 0x8, 0x49, 0x6b, 0x8c, 0x3, 0x32,
    0x80, 0x48, 0xa0, 0x1a, 0xa0, 0x3, 0xf0, 0xe3,
    0x0, 0x6b, 0x0, 0xa0, 0x3, 0x42, 0x80, 0x7f,
    0xd2, 0x60, 0x10, 0xb8, 0x11, 0x80, 0x46, 0xe0,
    0x1f, 0xfc, 0x1e, 0x0, 0xd4, 0xa, 0x1, 0xa4,
    0x3, 0xff, 0x84, 0x4a, 0x1, 0x11, 0x34, 0x3,
    0x28, 0x7, 0xff, 0xf, 0x0, 0x33, 0xb0, 0x4,
    0x40, 0x1f, 0xfc, 0x45, 0x0, 0xc4, 0x20, 0x10,
    0x80, 0x7f, 0xf1, 0x8, 0x3, 0x78, 0x7, 0xff,
    0x24, 0xc0, 0x38, 0x40, 0x22, 0x0, 0xff, 0xe2,
    0x8, 0x6, 0xf6, 0x0, 0x84, 0x40, 0x1f, 0xfc,
    0x35, 0x0, 0xc5, 0xa0, 0x19, 0x0, 0x3f, 0xf8,
    0x7a, 0x1, 0x9d, 0x40, 0x34, 0x0, 0x7f, 0xf0,
    0x89, 0x0, 0x22, 0x28, 0xc0, 0x22, 0x80, 0xf,
    0xfe, 0xf, 0x0, 0x6a, 0x0, 0x40, 0x6, 0x75,
    0x0, 0xff, 0xa4, 0xc0, 0x21, 0x70, 0x2, 0x28,
    0x6, 0xa9, 0x0, 0xfc, 0x58, 0xc0, 0x1a, 0xc0,
    0x35, 0x18, 0x6, 0x6e, 0x84, 0x21, 0x25, 0xad,
    0x30, 0xc, 0xea, 0x1, 0xda, 0x60, 0x18, 0x5e,
    0xf7, 0xb6, 0x94, 0x3, 0x9a, 0x0, 0x3c, 0x38,
    0xa0, 0x1f, 0xfc, 0x39, 0x90, 0x7, 0xf5, 0x59,
    0x80, 0x7f, 0xcb, 0xac, 0x1, 0xff, 0x26, 0x6b,
    0xa0, 0x80, 0x44, 0xb3, 0xd4, 0x40, 0x1e,

    /* U+043F "п" */
    0x8f, 0xff, 0xfe, 0x58, 0x7, 0xff, 0xfc, 0x3,
    0xdb, 0xdd, 0xff, 0xc1, 0x60, 0xf, 0xf1, 0x88,
    0xff, 0xf0, 0x40, 0x3f, 0xff, 0xe0, 0x1f, 0xff,
    0xf0, 0xf, 0xff, 0xf8, 0x7, 0xff, 0xfc, 0x3,
    0xff, 0xfe, 0x1, 0xff, 0xff, 0x0, 0xff, 0xf6,
    0x0,

    /* U+0440 "р" */
    0x8f, 0xfb, 0x80, 0x31, 0xc6, 0x77, 0xfb, 0xb2,
    0x10, 0x3, 0xff, 0x86, 0x79, 0x87, 0x31, 0x0,
    0x9, 0xbd, 0xeb, 0x0, 0x7f, 0xf0, 0x1b, 0xc,
    0x3, 0xfc, 0x53, 0x82, 0x1, 0xfc, 0xf2, 0x1,
    0xff, 0xc2, 0x3f, 0x20, 0xf, 0x86, 0x0, 0x32,
    0xd6, 0xf6, 0xdb, 0x8, 0x6, 0x1f, 0x10, 0xf,
    0xf2, 0x75, 0x29, 0x9, 0x24, 0xf3, 0x0, 0x62,
    0xa0, 0xf, 0xe6, 0xb1, 0x0, 0xfd, 0x32, 0x0,
    0xc8, 0x80, 0xf, 0x92, 0x40, 0x3f, 0xe6, 0x60,
    0x6, 0x80, 0xf, 0xa8, 0x3, 0xff, 0x83, 0x24,
    0x1, 0x19, 0x0, 0x73, 0x8, 0x7, 0xff, 0xa,
    0xc0, 0x32, 0x0, 0x76, 0x0, 0x7f, 0xf0, 0xd0,
    0x3, 0x78, 0x7, 0x38, 0x7, 0xff, 0xc, 0x80,
    0x31, 0x0, 0x71, 0x0, 0x7f, 0xf1, 0x8, 0x2,
    0x70, 0xf, 0xfe, 0xa1, 0x0, 0x7f, 0xf1, 0x8,
    0x2, 0x70, 0xe, 0x70, 0xf, 0xfe, 0x19, 0x0,
    0x62, 0x0, 0xef, 0x0, 0xff, 0xe1, 0xa8, 0x6,
    0xf0, 0xe, 0x51, 0x0, 0xff, 0xe1, 0x50, 0x6,
    0x70, 0xf, 0x68, 0x7, 0xff, 0x6, 0x48, 0x2,
    0x41, 0x0, 0xf1, 0xc8, 0x7, 0xfc, 0xcc, 0x0,
    0xde, 0x1, 0xf9, 0xb0, 0x40, 0x3f, 0x54, 0x80,
    0x65, 0x40, 0xf, 0xe3, 0xea, 0x52, 0x12, 0x49,
    0xe5, 0x0, 0xc5, 0x60, 0x1f, 0x48, 0x6, 0x5a,
    0xde, 0xdb, 0x61, 0x0, 0xc5, 0xe2, 0x1, 0xf3,
    0xd0, 0x7, 0xff, 0x9, 0x30, 0x80, 0x3f, 0x97,
    0x94, 0x3, 0xfc, 0x55, 0x62, 0x1, 0xff, 0xd,
    0x6b, 0x98, 0x80, 0x4, 0xde, 0xf5, 0x40, 0x3f,
    0xf8, 0x65, 0x19, 0xdf, 0xee, 0xc8, 0x40, 0xf,
    0xff, 0xf8, 0x7, 0xff, 0xfc, 0x3, 0xff, 0xfc,

    /* U+0441 "с" */
    0x0, 0xfc, 0x4f, 0x7b, 0xff, 0x6d, 0xb8, 0x80,
    0x7f, 0xc9, 0x9b, 0x8, 0x40, 0x11, 0x24, 0x75,
    0x10, 0x7, 0xea, 0xb3, 0x0, 0xff, 0x97, 0x58,
    0x3, 0x87, 0x54, 0x3, 0xff, 0x87, 0x2e, 0x1,
    0xe, 0x10, 0x6, 0x16, 0xbd, 0xec, 0xa5, 0x0,
    0xe8, 0x40, 0x5, 0x90, 0x6, 0x6e, 0x94, 0x21,
    0x35, 0xad, 0x40, 0xd, 0xc0, 0x8a, 0x1, 0xa6,
    0x40, 0x1f, 0x8a, 0xd4, 0x6, 0x68, 0x20, 0x3,
    0x3b, 0x0, 0x7f, 0xd4, 0xfe, 0xc0, 0x46, 0x1,
    0x1c, 0x0, 0x7f, 0xf0, 0x60, 0x40, 0xa, 0x1,
    0xa4, 0x3, 0xff, 0x8d, 0xa0, 0x19, 0x0, 0x3f,
    0xf8, 0xcc, 0x1, 0x10, 0x80, 0x7f, 0xf1, 0x84,
    0x2, 0x10, 0xf, 0xfe, 0xf8, 0x80, 0x44, 0x1,
    0xff, 0xc7, 0x60, 0x8, 0x44, 0x1, 0xff, 0xc6,
    0xd0, 0xc, 0x80, 0x1f, 0xfc, 0x65, 0x0, 0xd0,
    0x1, 0xff, 0xc6, 0x23, 0x0, 0x8a, 0x0, 0x3f,
    0xf8, 0x30, 0x20, 0x14, 0x0, 0x67, 0x60, 0xf,
    0xfa, 0x9f, 0x98, 0x0, 0x8a, 0x1, 0xa6, 0x40,
    0x1f, 0x86, 0xd4, 0x1, 0x34, 0x0, 0xa3, 0x0,
    0xcd, 0xd2, 0x84, 0x26, 0xb5, 0xc8, 0x1, 0xb8,
    0x2, 0xd3, 0x0, 0xc2, 0xd7, 0xbd, 0x94, 0xa0,
    0x1d, 0x28, 0x1, 0xe, 0x30, 0x7, 0xff, 0xe,
    0x98, 0x3, 0xd3, 0x68, 0x1, 0xff, 0x2f, 0x28,
    0x7, 0xe4, 0xbd, 0x84, 0x20, 0x8, 0x92, 0x7a,
    0x84, 0x2,

    /* U+0442 "т" */
    0xdf, 0xff, 0xfe, 0x53, 0x0, 0x7f, 0xff, 0x33,
    0xbb, 0xf3, 0x80, 0x6d, 0xee, 0xfc, 0xc2, 0x3f,
    0xc0, 0x1c, 0x62, 0x3f, 0x80, 0x3f, 0xff, 0xe0,
    0x1f, 0xff, 0xf0, 0xf, 0xff, 0xf8, 0x7, 0xff,
    0xfc, 0x3, 0xff, 0xfe, 0x1, 0xff, 0xff, 0x0,
    0xff, 0xe9, 0x80,

    /* U+0443 "у" */
    0x9, 0xff, 0xc6, 0x1, 0xff, 0xc4, 0x9f, 0xfb,
    0x80, 0x16, 0x1, 0xa4, 0x3, 0xff, 0x88, 0xc0,
    0x13, 0x0, 0x9, 0x0, 0x25, 0x10, 0xf, 0xfe,
    0x13, 0x0, 0x69, 0x0, 0xbc, 0x3, 0x48, 0x7,
    0xff, 0xa, 0xc0, 0x26, 0x10, 0x9, 0x8, 0x2,
    0x60, 0xf, 0xfe, 0xa, 0x10, 0x5, 0x60, 0x1d,
    0x60, 0x10, 0xb0, 0x7, 0xff, 0x3, 0xc0, 0x24,
    0x20, 0xe, 0x61, 0x0, 0xac, 0x3, 0xfe, 0x24,
    0x0, 0xbc, 0x3, 0xe9, 0x0, 0x89, 0x0, 0x3f,
    0xd6, 0x1, 0x12, 0x0, 0x7c, 0xc0, 0x1b, 0xc0,
    0x3f, 0x85, 0x80, 0x2b, 0x0, 0xfc, 0x2c, 0x1,
    0x21, 0x0, 0x7e, 0x60, 0x8, 0x58, 0x3, 0xfa,
    0xc0, 0x35, 0x80, 0x7e, 0x90, 0x9, 0x80, 0x3f,
    0xc4, 0x80, 0x13, 0x0, 0x7c, 0xa2, 0x1, 0x48,
    0x7, 0xfd, 0xe0, 0x19, 0xc0, 0x3d, 0x20, 0x12,
    0x88, 0x7, 0xfc, 0x84, 0x1, 0x50, 0x7, 0x19,
    0x80, 0x29, 0x0, 0xff, 0xe0, 0xd8, 0x4, 0x4a,
    0x1, 0xa4, 0x2, 0x33, 0x0, 0x7f, 0xf0, 0x58,
    0x40, 0x29, 0x0, 0x85, 0x40, 0x29, 0x0, 0xff,
    0xe1, 0xb0, 0x4, 0x66, 0x0, 0x48, 0x4, 0x4a,
    0x1, 0xff, 0xc3, 0x90, 0xd, 0x20, 0x6, 0x0,
    0xa8, 0x3, 0xff, 0x88, 0x2c, 0x1, 0x28, 0xb0,
    0x80, 0x4e, 0x1, 0xff, 0xc5, 0xb0, 0xd, 0x36,
    0x1, 0x38, 0x7, 0xff, 0x18, 0x90, 0x2, 0x72,
    0x0, 0xa8, 0x3, 0xff, 0x8f, 0xe0, 0x1f, 0x29,
    0x0, 0x7f, 0xf1, 0xd0, 0x80, 0x3d, 0x20, 0x1f,
    0xfc, 0x9b, 0x0, 0xe3, 0x30, 0x7, 0xff, 0x25,
    0x84, 0x3, 0x48, 0x7, 0xff, 0x2d, 0x40, 0x21,
    0x50, 0xf, 0xfe, 0x51, 0x20, 0x5, 0x20, 0x1f,
    0xfc, 0xbb, 0x0, 0xcc, 0x1, 0xff, 0xca, 0x26,
    0x0, 0x98, 0x40, 0x3f, 0xf8, 0x23, 0x0, 0x1f,
    0x70, 0x6, 0x80, 0xf, 0xfe, 0x14, 0xbe, 0xb0,
    0x80, 0xae, 0x98, 0x4, 0xe2, 0x1, 0xff, 0xc1,
    0x27, 0x2, 0x9e, 0xfe, 0xa2, 0x0, 0x8a, 0x0,
    0x3f, 0xf8, 0x56, 0x1, 0xff, 0xf, 0x80, 0x7f,
    0xf0, 0xe5, 0xc0, 0x3f, 0x93, 0xc8, 0x3, 0xff,
    0x89, 0x1d, 0x8, 0x20, 0x2, 0x6b, 0xb0, 0x80,
    0x7f, 0xf1, 0x0,

    /* U+0444 "ф" */
    0x0, 0xff, 0xe1, 0xbc, 0x44, 0x80, 0x1f, 0xfd,
    0x28, 0x77, 0xb0, 0x3, 0xff, 0xfe, 0x1, 0xff,
    0xff, 0x0, 0xff, 0xff, 0x80, 0x7f, 0xff, 0xc0,
    0x3f, 0xfb, 0x42, 0xb1, 0x7b, 0xde, 0x1, 0x9f,
    0xf7, 0x29, 0xcc, 0x3, 0xff, 0x86, 0x75, 0xd4,
    0xe8, 0x42, 0x1, 0xf1, 0x1a, 0xc6, 0x6b, 0x88,
    0x7, 0xf8, 0x6b, 0x14, 0x3, 0xff, 0x8c, 0x51,
    0xea, 0x1, 0xf8, 0xbd, 0x40, 0x3f, 0xf9, 0x43,
    0x54, 0x0, 0xf1, 0x60, 0x80, 0x70, 0xa3, 0xcd,
    0x0, 0x64, 0x98, 0x74, 0x0, 0xf2, 0xc8, 0x7,
    0x78, 0x80, 0x63, 0xbe, 0xb8, 0x65, 0x0, 0xc6,
    0xcf, 0x17, 0xf4, 0x40, 0x19, 0x9c, 0x2, 0x62,
    0x0, 0xd1, 0x88, 0x1, 0xff, 0xc3, 0x5d, 0x60,
    0xd, 0x2, 0x0, 0x80, 0xd, 0xe, 0x1, 0xff,
    0xc7, 0x96, 0x0, 0xd2, 0x8, 0x20, 0x12, 0x38,
    0x7, 0xff, 0x26, 0x44, 0x2, 0x60, 0xc0, 0xd,
    0x0, 0x1f, 0xfc, 0xb6, 0x0, 0x84, 0x8c, 0x2,
    0x13, 0x0, 0xff, 0xe5, 0xd8, 0x6, 0x76, 0x0,
    0x94, 0x3, 0xff, 0x98, 0x40, 0x18, 0x8c, 0x2,
    0x10, 0xf, 0xfe, 0x60, 0x80, 0x6f, 0x0, 0xff,
    0xeb, 0x90, 0x4, 0xc0, 0x1f, 0xfc, 0xc2, 0x0,
    0xde, 0xe0, 0x11, 0x80, 0x7f, 0xf3, 0x1c, 0x3,
    0x11, 0x80, 0x64, 0x0, 0xff, 0xe5, 0xf8, 0x6,
    0x7b, 0x0, 0xd0, 0x1, 0xff, 0xca, 0x35, 0x0,
    0x88, 0x86, 0x40, 0x11, 0xb0, 0x7, 0xff, 0x27,
    0x80, 0x35, 0x0, 0x20, 0x3, 0x4b, 0x0, 0x7f,
    0xf1, 0x87, 0x8, 0x2, 0x17, 0x0, 0x29, 0x80,
    0x69, 0xb3, 0x0, 0xff, 0xe1, 0xb7, 0x98, 0x6,
    0xb0, 0xd, 0xa4, 0x1, 0x93, 0x30, 0xe6, 0x20,
    0x1f, 0x12, 0xcf, 0x48, 0x80, 0x67, 0x50, 0xc,
    0x3e, 0x40, 0x1c, 0x71, 0x9d, 0xe0, 0x19, 0xff,
    0x69, 0x84, 0x3, 0x9a, 0x0, 0x3c, 0x5a, 0xc0,
    0x1f, 0xfc, 0xa1, 0xb9, 0x0, 0xfe, 0x9c, 0x60,
    0xf, 0xfe, 0x31, 0x47, 0x20, 0x7, 0xfc, 0x73,
    0xd6, 0xe8, 0x42, 0x1, 0xf0, 0x9a, 0xce, 0x6b,
    0x80, 0x7f, 0xf0, 0xc5, 0x22, 0xf7, 0xbc, 0x3,
    0x3f, 0xf6, 0x53, 0x18, 0x7, 0xff, 0xfc, 0x3,
    0xff, 0xfe, 0x1, 0xff, 0xff, 0x0, 0xff, 0xfa,
    0x0,

    /* U+0445 "х" */
    0xb, 0xff, 0xcc, 0x1, 0xff, 0xc0, 0x5f, 0xfd,
    0x40, 0xa, 0x10, 0xa, 0x4c, 0x3, 0xfc, 0x54,
    0x1, 0x15, 0x0, 0x7, 0x40, 0x37, 0x0, 0x7f,
    0xbc, 0x3, 0x70, 0x6, 0x38, 0x0, 0x8a, 0x80,
    0x3f, 0x49, 0x0, 0x52, 0x60, 0x1c, 0xe8, 0x1,
    0x2b, 0x0, 0x79, 0x58, 0x2, 0x56, 0x0, 0xfa,
    0x84, 0x2, 0x92, 0x0, 0xc5, 0x40, 0x11, 0x50,
    0x7, 0xe1, 0xd0, 0xd, 0xe0, 0x1b, 0x80, 0x37,
    0x80, 0x7f, 0x8e, 0x0, 0x22, 0x90, 0x4, 0x98,
    0x5, 0x24, 0x1, 0xff, 0x3a, 0x0, 0x4c, 0xaa,
    0x60, 0x9, 0x58, 0x3, 0xff, 0x83, 0x42, 0x1,
    0x55, 0x0, 0x22, 0xa0, 0xf, 0xfe, 0x10, 0xe8,
    0x7, 0xef, 0x0, 0xff, 0xe2, 0x1c, 0x0, 0x7a,
    0x88, 0x3, 0xff, 0x8a, 0xe8, 0x1, 0x95, 0x40,
    0x1f, 0xfc, 0x62, 0x40, 0xc, 0x84, 0x1, 0xff,
    0xc6, 0xf0, 0xe, 0x1e, 0x0, 0xff, 0xe2, 0xd1,
    0x0, 0x78, 0xe4, 0x3, 0xff, 0x86, 0xca, 0x1,
    0x32, 0x0, 0x4c, 0xa0, 0x1f, 0xfc, 0x12, 0x90,
    0x8, 0xa6, 0x84, 0x2, 0xa2, 0x0, 0xff, 0xe0,
    0x78, 0x6, 0xf0, 0x1d, 0x0, 0xde, 0x1, 0xff,
    0x51, 0x0, 0x52, 0x40, 0x3, 0x80, 0x8, 0xa8,
    0x3, 0xf9, 0x94, 0x2, 0x56, 0x0, 0xce, 0x80,
    0x12, 0xb0, 0x7, 0xc7, 0x20, 0x11, 0x50, 0x7,
    0xa8, 0x40, 0x29, 0x20, 0xf, 0x70, 0x6, 0xe0,
    0xf, 0x86, 0x80, 0x37, 0x80, 0x75, 0x10, 0x5,
    0x26, 0x1, 0xf9, 0x1c, 0x2, 0x2a, 0x0, 0x99,
    0x40, 0x25, 0x60, 0xf, 0xf4, 0x20, 0x4, 0xac,
    0x7, 0x20, 0x11, 0x58, 0x7, 0xff, 0x2, 0x84,
    0x2, 0x93,

    /* U+0446 "ц" */
    0x8f, 0xfc, 0x20, 0x1f, 0xfc, 0x1f, 0xfd, 0x20,
    0x1f, 0xff, 0xf0, 0xf, 0xff, 0xf8, 0x7, 0xff,
    0xfc, 0x3, 0xff, 0xfe, 0x1, 0xff, 0xff, 0x0,
    0xff, 0xff, 0x80, 0x7f, 0xff, 0xc0, 0x3f, 0xfc,
    0x6, 0x23, 0xff, 0xc1, 0x0, 0xc6, 0x23, 0x0,
    0x7b, 0x7b, 0xbf, 0xf8, 0x20, 0x19, 0x7b, 0xaa,
    0x0, 0xff, 0xff, 0x80, 0x7f, 0x47, 0xff, 0xff,
    0x29, 0x0, 0x3f, 0xff, 0xe0, 0x1f, 0xff, 0x83,

    /* U+0447 "ч" */
    0xff, 0xd4, 0x1, 0xff, 0xc1, 0xdf, 0xfb, 0x0,
    0x3f, 0xff, 0xe0, 0x1f, 0xff, 0xf0, 0xf, 0xfe,
    0xb0, 0x80, 0x42, 0x1, 0xff, 0xc6, 0x30, 0x9,
    0x40, 0x3f, 0xf8, 0xce, 0x1, 0xa, 0x80, 0x7f,
    0xf1, 0x7c, 0x3, 0x52, 0x0, 0x7f, 0xb, 0x90,
    0x6, 0x51, 0x0, 0xd7, 0x48, 0x20, 0x1, 0x47,
    0xce, 0x80, 0xf, 0x50, 0x7, 0x2d, 0xf7, 0xfb,
    0xae, 0xc, 0x3, 0xf2, 0x48, 0x7, 0xff, 0x29,
    0xb5, 0x0, 0x3f, 0xc2, 0xda, 0x40, 0x1f, 0x15,
    0xec, 0xa9, 0x91, 0xd, 0x63, 0x3a, 0x48, 0x3,
    0xfc, 0x4d, 0x59, 0xba, 0xca, 0x73, 0x0, 0xff,
    0xff, 0x80, 0x7f, 0xff, 0xc0, 0x3f, 0xf8, 0xe0,

    /* U+0448 "ш" */
    0x8f, 0xfc, 0x20, 0x1f, 0xeb, 0xff, 0xb8, 0x3,
    0xfe, 0xef, 0xfa, 0xc0, 0x3f, 0xff, 0xe0, 0x1f,
    0xff, 0xf0, 0xf, 0xff, 0xf8, 0x7, 0xff, 0xfc,
    0x3, 0xff, 0xfe, 0x1, 0xff, 0xff, 0x0, 0xff,
    0xff, 0x80, 0x7f, 0xff, 0xc0, 0x3f, 0xff, 0xe0,
    0x1f, 0xff, 0xa3, 0x11, 0xff, 0x0, 0x70, 0x8f,
    0xfc, 0x1, 0xfe, 0xde, 0xef, 0xf2, 0x0, 0x43,
    0xdd, 0xff, 0x8, 0x7, 0xff, 0xfc, 0x3, 0xff,
    0xb8,

    /* U+0449 "щ" */
    0x8f, 0xfc, 0x20, 0x1f, 0xeb, 0xff, 0xb8, 0x3,
    0xfe, 0xef, 0xfa, 0xc0, 0x3f, 0xff, 0xe0, 0x1f,
    0xff, 0xf0, 0xf, 0xff, 0xf8, 0x7, 0xff, 0xfc,
    0x3, 0xff, 0xfe, 0x1, 0xff, 0xff, 0x0, 0xff,
    0xff, 0x80, 0x7f, 0xff, 0xc0, 0x3f, 0xff, 0xe0,
    0x1f, 0xff, 0xf0, 0xf, 0xff, 0xf8, 0x6, 0x31,
    0x1f, 0xf0, 0x7, 0x8, 0xff, 0xf0, 0x0, 0x27,
    0x11, 0x80, 0x3d, 0xbd, 0xdf, 0xe4, 0x0, 0x87,
    0xbb, 0xfe, 0x0, 0xc7, 0xdd, 0x38, 0x7, 0xff,
    0xfc, 0x3, 0xff, 0xc9, 0x1f, 0xff, 0xfd, 0x71,
    0x0, 0xff, 0xff, 0x80, 0x7f, 0xff, 0xc0, 0x3f,
    0xfd, 0x52, 0xef, 0x20,

    /* U+044A "ъ" */
    0xdf, 0xff, 0xfa, 0x40, 0x3f, 0xff, 0xe0, 0x1f,
    0xfd, 0x4c, 0xee, 0xf8, 0x3, 0xff, 0x94, 0x23,
    0xf8, 0x3, 0xff, 0xfe, 0x1, 0xff, 0xe5, 0x6f,
    0xff, 0xbb, 0x6d, 0xc4, 0x3, 0xff, 0x9a, 0x24,
    0x91, 0xd4, 0x20, 0x1f, 0xfd, 0x5, 0xf1, 0x0,
    0xff, 0xe1, 0x1c, 0x47, 0xcc, 0x40, 0x18, 0x70,
    0x3, 0xff, 0x84, 0xae, 0xff, 0x4e, 0xd8, 0x80,
    0x44, 0xc0, 0x1f, 0xfc, 0xb4, 0xd0, 0xd, 0x40,
    0x1f, 0xfc, 0xc3, 0x40, 0x8, 0xc0, 0x3f, 0xf9,
    0xb8, 0x1, 0x88, 0x3, 0xff, 0xa2, 0x20, 0x1f,
    0xfc, 0xcf, 0x0, 0xc2, 0x1, 0xff, 0xcc, 0x50,
    0xc, 0x40, 0x1f, 0xfc, 0xb5, 0x20, 0x9, 0x0,
    0x3f, 0xf9, 0x6f, 0x40, 0x1b, 0xc0, 0x3f, 0xf8,
    0x2b, 0x11, 0xe9, 0xbf, 0x80, 0xc, 0xa8, 0x1,
    0xff, 0xc1, 0x37, 0x7f, 0x32, 0x0, 0x72, 0x50,
    0x7, 0xff, 0x38, 0x66, 0xc0, 0x3f, 0xf9, 0x62,
    0x6d, 0x7c, 0xc0, 0x18,

    /* U+044B "ы" */
    0x8f, 0xfc, 0x20, 0x1f, 0xfc, 0x76, 0xff, 0xc6,
    0x1, 0xff, 0xff, 0x0, 0xff, 0xff, 0x80, 0x7f,
    0xff, 0xc0, 0x3f, 0xfa, 0x1d, 0xff, 0xf7, 0x64,
    0xa8, 0x7, 0xff, 0x3c, 0x4d, 0xab, 0x94, 0x3,
    0xff, 0xa2, 0x35, 0x20, 0x1f, 0xfc, 0x48, 0x8f,
    0x9d, 0x0, 0x39, 0x98, 0x1, 0xff, 0xc3, 0x67,
    0x7f, 0x45, 0xf3, 0x0, 0x69, 0x10, 0xf, 0xfe,
    0x58, 0xcb, 0x0, 0x67, 0x0, 0xff, 0xe6, 0xc0,
    0x6, 0xc0, 0xf, 0xfe, 0x68, 0x88, 0x2, 0x60,
    0xf, 0xfe, 0x71, 0x80, 0x7f, 0xf4, 0x88, 0x2,
    0x70, 0xf, 0xfe, 0x69, 0x80, 0x62, 0x0, 0xff,
    0xe6, 0xf8, 0x6, 0xd0, 0xf, 0xfe, 0x59, 0x61,
    0x80, 0x44, 0x80, 0x1f, 0xfc, 0x29, 0x88, 0xf4,
    0xee, 0x8c, 0x3, 0x70, 0x7, 0xff, 0xd, 0xdf,
    0xe6, 0x20, 0xe, 0xa3, 0x0, 0xff, 0xe7, 0xa6,
    0xa8, 0x7, 0xff, 0x2c, 0x49, 0x63, 0x6c, 0x80,
    0x3f, 0xf8, 0x0,

    /* U+044C "ь" */
    0x8f, 0xfc, 0x20, 0x1f, 0xff, 0xf0, 0xf, 0xff,
    0xf8, 0x7, 0xff, 0xb3, 0xbf, 0xfe, 0xed, 0xa6,
    0x10, 0xf, 0xfe, 0x30, 0x92, 0xcf, 0x40, 0x7,
    0xff, 0x29, 0xf4, 0x40, 0x3e, 0x88, 0xf9, 0xd4,
    0x40, 0x31, 0x68, 0x7, 0xcc, 0xef, 0xe8, 0xae,
    0x90, 0xc, 0x6a, 0x1, 0xff, 0xc4, 0x6a, 0x0,
    0xdc, 0x1, 0xff, 0xc5, 0x52, 0x0, 0x90, 0x3,
    0xff, 0x8c, 0x80, 0x18, 0x40, 0x3f, 0xf9, 0x46,
    0x1, 0xff, 0xc5, 0x30, 0xc, 0x40, 0x1f, 0xfc,
    0x54, 0x0, 0x84, 0x3, 0xff, 0x8b, 0x2, 0x1,
    0x38, 0x7, 0xff, 0xc, 0x65, 0xc0, 0x35, 0x0,
    0x7a, 0x62, 0x3d, 0x37, 0xcc, 0x1, 0x9c, 0xc0,
    0x3c, 0xef, 0xf3, 0x20, 0x7, 0x34, 0x0, 0x7f,
    0xf1, 0xca, 0xe4, 0x3, 0xff, 0x88, 0x28, 0xf7,
    0xa8, 0x1, 0x80,

    /* U+044D "э" */
    0x0, 0xe2, 0x7b, 0xdf, 0xfb, 0xb2, 0x50, 0x3,
    0xff, 0x80, 0xbb, 0xa8, 0x42, 0x0, 0x84, 0xda,
    0xf9, 0xc0, 0x3f, 0xe, 0x51, 0x0, 0x7f, 0xc3,
    0x1a, 0x60, 0x1c, 0x7e, 0x60, 0x1e, 0x12, 0x20,
    0x7, 0x8b, 0x18, 0x3, 0x58, 0x80, 0x42, 0xf9,
    0xfd, 0xba, 0xfd, 0x71, 0x0, 0xd2, 0xc0, 0x14,
    0x38, 0x1, 0xfa, 0xc, 0x3, 0x8a, 0x39, 0xc0,
    0x34, 0x98, 0x5, 0x10, 0xb8, 0x0, 0xff, 0xa2,
    0x80, 0x37, 0x0, 0x67, 0x40, 0xf, 0xfe, 0xa,
    0xc0, 0x4, 0x4a, 0x1, 0xff, 0xc7, 0x72, 0x0,
    0xa4, 0x3, 0xff, 0x91, 0x0, 0x11, 0x88, 0x7,
    0xff, 0x1d, 0x0, 0x32, 0x80, 0x7d, 0x3f, 0xff,
    0xf7, 0x0, 0x62, 0x0, 0xff, 0xe6, 0x70, 0x7,
    0xff, 0x33, 0xc0, 0x3e, 0xd8, 0x8f, 0xfe, 0x0,
    0x6, 0x10, 0xf, 0x91, 0xdf, 0xfe, 0x50, 0xc,
    0x40, 0x1f, 0xfc, 0x75, 0x0, 0xca, 0x1, 0xff,
    0xc7, 0x90, 0x8, 0xc4, 0x3, 0xff, 0x8d, 0x22,
    0x1, 0x48, 0x4, 0xea, 0x1, 0xff, 0xc1, 0x86,
    0x0, 0x89, 0x40, 0x11, 0xa, 0x91, 0x0, 0xfe,
    0x1a, 0x70, 0xd, 0xc0, 0x7, 0x70, 0x1, 0xba,
    0x50, 0x3, 0x92, 0x79, 0x40, 0x34, 0x98, 0x1,
    0x44, 0x3, 0x35, 0xff, 0x6f, 0x7d, 0xb0, 0x7,
    0x4b, 0x0, 0x45, 0xe6, 0x1, 0xe1, 0x21, 0x0,
    0xf1, 0x5b, 0x0, 0x70, 0xe5, 0x98, 0x7, 0xfc,
    0x31, 0xa8, 0x1, 0xf9, 0x33, 0x61, 0x8, 0x2,
    0x13, 0x6b, 0xe7, 0x0, 0xf8,

    /* U+044E "ю" */
    0x8f, 0xfc, 0x20, 0x1f, 0xfc, 0x4, 0x9c, 0xef,
    0xf7, 0x64, 0xa0, 0x7, 0xff, 0x31, 0xba, 0xd8,
    0xc4, 0x0, 0x26, 0xd7, 0xac, 0x1, 0xff, 0xc8,
    0x1c, 0x91, 0x0, 0xff, 0x14, 0xd8, 0x80, 0x7f,
    0xf1, 0x4b, 0xcc, 0x3, 0xff, 0x84, 0x9e, 0x40,
    0x1f, 0xfc, 0x31, 0xc1, 0x0, 0xc5, 0x19, 0xdb,
    0x90, 0x40, 0x18, 0x7c, 0x40, 0x3f, 0xf8, 0x5a,
    0x20, 0x1a, 0x75, 0xcc, 0x48, 0xdf, 0x64, 0x3,
    0x15, 0x0, 0x7f, 0xf0, 0x54, 0xc0, 0x21, 0xd6,
    0x0, 0xfc, 0xd8, 0x1, 0x91, 0x40, 0x3f, 0xf8,
    0x10, 0x1, 0xa8, 0x80, 0x3f, 0xc7, 0x40, 0x1a,
    0x40, 0x3f, 0xe3, 0x20, 0x9, 0x50, 0x3, 0xff,
    0x80, 0xa8, 0x1, 0x19, 0x0, 0x7f, 0xac, 0x3,
    0x48, 0x7, 0xff, 0xa, 0x0, 0x32, 0x80, 0x72,
    0x2a, 0xe4, 0x0, 0x84, 0xc0, 0x3f, 0xf8, 0x46,
    0x1, 0xb4, 0x3, 0xaa, 0xb8, 0xc0, 0x25, 0x0,
    0xff, 0xe2, 0x18, 0x4, 0xc0, 0x1f, 0xfc, 0x21,
    0x0, 0xff, 0xe2, 0x38, 0x4, 0x20, 0x1f, 0xfe,
    0x61, 0x0, 0xff, 0xe2, 0x38, 0x4, 0x20, 0x1d,
    0xdf, 0xf9, 0x0, 0x25, 0x0, 0xff, 0xe2, 0x18,
    0x4, 0xc0, 0x1f, 0xe3, 0x0, 0x84, 0xc0, 0x3f,
    0xf8, 0x48, 0x1, 0xb4, 0x3, 0xfd, 0x60, 0x1a,
    0x40, 0x3f, 0xf8, 0x5e, 0x1, 0x94, 0x3, 0xfc,
    0x64, 0x1, 0x2a, 0x0, 0x7f, 0xf0, 0x15, 0x0,
    0x23, 0x20, 0xf, 0xfa, 0x0, 0x35, 0x10, 0x7,
    0xf8, 0xe8, 0x3, 0x40, 0x7, 0xff, 0x1, 0x4c,
    0x2, 0x1d, 0x50, 0xf, 0xcd, 0x80, 0x19, 0x50,
    0x3, 0xff, 0x83, 0xa2, 0x1, 0xab, 0x1c, 0xc4,
    0x46, 0xfb, 0x20, 0x18, 0xac, 0x3, 0xff, 0x84,
    0x38, 0x20, 0x18, 0xe3, 0x3b, 0x99, 0x4, 0x1,
    0x8b, 0xc4, 0x3, 0xff, 0x86, 0x5e, 0x60, 0x1f,
    0xfc, 0x24, 0xc2, 0x0, 0xff, 0xe2, 0x8e, 0x48,
    0x80, 0x7f, 0x8a, 0xac, 0x40, 0x3f, 0xf9, 0xd,
    0xd6, 0xc6, 0x20, 0x1, 0x36, 0xbd, 0x50, 0xf,
    0x0,

    /* U+044F "я" */
    0x0, 0xf1, 0x3d, 0x6f, 0x7f, 0xff, 0xda, 0x1,
    0x8f, 0x36, 0x14, 0x84, 0x3, 0xff, 0x87, 0x18,
    0x60, 0x1f, 0xfc, 0x79, 0x70, 0xf, 0xfe, 0x42,
    0x30, 0x7, 0x35, 0x6f, 0x77, 0xd4, 0x1, 0xd0,
    0x1, 0x93, 0xa5, 0x48, 0x47, 0xf0, 0x6, 0x13,
    0x0, 0x86, 0xc4, 0x3, 0xff, 0x86, 0xa0, 0x19,
    0x80, 0x3f, 0xf8, 0xa4, 0x1, 0xb4, 0x3, 0xff,
    0x94, 0x20, 0x1f, 0xfc, 0x53, 0x0, 0xc2, 0x1,
    0xff, 0xc5, 0x60, 0xd, 0x80, 0x1f, 0xfc, 0x53,
    0x10, 0x9, 0x88, 0x3, 0xff, 0x8b, 0x20, 0x1b,
    0x10, 0x3, 0xff, 0x88, 0xe6, 0x1, 0xd, 0xec,
    0xb2, 0xaf, 0xd8, 0x1, 0xed, 0x30, 0xc, 0x4d,
    0x35, 0x5f, 0x38, 0x7, 0x87, 0x20, 0x3, 0xff,
    0x94, 0xfe, 0x60, 0x1f, 0xfc, 0x95, 0x30, 0xa,
    0x3f, 0xfe, 0xb0, 0xf, 0xc3, 0x60, 0x11, 0xb8,
    0x7, 0xff, 0x12, 0x84, 0x2, 0xe0, 0xf, 0xfe,
    0x23, 0xa0, 0x5, 0x24, 0x1, 0xff, 0xc3, 0x38,
    0x0, 0x95, 0x80, 0x3f, 0xf8, 0x9c, 0x1, 0xd,
    0x80, 0x7f, 0xf1, 0x28, 0x80, 0x2a, 0x10, 0xf,
    0xfe, 0x1a, 0xa8, 0x2, 0x64, 0x0, 0xff, 0xe2,
    0x0,

    /* U+0450 "ѐ" */
    0x0, 0xcb, 0xff, 0xce, 0x1, 0xff, 0xc7, 0x5d,
    0x30, 0xa, 0x20, 0x1, 0xff, 0xc7, 0x2c, 0x60,
    0x9, 0xe4, 0x3, 0xff, 0x91, 0x34, 0x20, 0x6,
    0xa0, 0xf, 0xfe, 0x42, 0xe1, 0x80, 0x16, 0xc0,
    0x3f, 0xf9, 0x5, 0x8e, 0x0, 0x4c, 0x10, 0xf,
    0xfe, 0x44, 0x7f, 0xd8, 0x20, 0x1f, 0xff, 0xf0,
    0xf, 0xfe, 0x42, 0x4e, 0x77, 0xfb, 0xae, 0xc,
    0x3, 0xff, 0x84, 0xdd, 0x6c, 0x62, 0x0, 0x14,
    0x7c, 0xc2, 0x0, 0x7f, 0x87, 0x24, 0x40, 0x3f,
    0xc7, 0x72, 0x1, 0xf8, 0xbc, 0xc0, 0x3f, 0xf8,
    0x4d, 0x60, 0x1e, 0x1c, 0x10, 0xc, 0xd7, 0xff,
    0x75, 0x20, 0x6, 0x4a, 0x0, 0xea, 0x10, 0x8,
    0xfa, 0x50, 0x2, 0x15, 0xbc, 0x10, 0x9, 0x58,
    0x2, 0x54, 0x0, 0x93, 0x4, 0x3, 0xf1, 0xf8,
    0x80, 0x50, 0x1, 0x40, 0x4, 0x34, 0x1, 0xff,
    0xe, 0x80, 0x42, 0xc0, 0x64, 0x1, 0x40, 0x80,
    0x7f, 0xf0, 0xd, 0x40, 0x2a, 0x4, 0x0, 0xce,
    0x1, 0xff, 0xc2, 0xe0, 0x8, 0xc3, 0x40, 0x22,
    0x10, 0xf, 0xfe, 0x12, 0x0, 0x63, 0x60, 0x8,
    0xbf, 0xff, 0xf8, 0x80, 0x19, 0x84, 0x3, 0xff,
    0x98, 0x60, 0x1f, 0xfc, 0xe1, 0x0, 0x8b, 0x33,
    0xff, 0x90, 0xec, 0x1, 0x11, 0x9f, 0xff, 0x20,
    0x74, 0x3, 0x28, 0x7, 0xff, 0x21, 0x40, 0x34,
    0x80, 0x7f, 0xf2, 0x8, 0xc0, 0x23, 0x70, 0xf,
    0xfe, 0x44, 0x0, 0x68, 0x50, 0xf, 0xfe, 0x3,
    0xe8, 0x7, 0x22, 0x80, 0x6a, 0x91, 0x0, 0xfc,
    0x57, 0x5, 0x60, 0x1d, 0x44, 0x1, 0x9b, 0xa9,
    0x4c, 0x48, 0xda, 0xf5, 0x0, 0x9, 0x0, 0x1d,
    0x86, 0x1, 0xcb, 0x59, 0xdb, 0x92, 0x80, 0x18,
    0x68, 0x3, 0x87, 0x18, 0x3, 0xff, 0x86, 0x58,
    0x40, 0x1f, 0x4e, 0x20, 0x7, 0xfc, 0x33, 0xa4,
    0x1, 0xfc, 0x77, 0xb0, 0xa4, 0x20, 0x1, 0x36,
    0xbe, 0x60, 0xe,

    /* U+0451 "ё" */
    0x0, 0xf1, 0x67, 0xd0, 0x7, 0x1e, 0xfc, 0x80,
    0x7f, 0xf0, 0x7c, 0xc1, 0x60, 0x3, 0x69, 0x3,
    0x38, 0x7, 0xff, 0x0, 0x80, 0x24, 0x0, 0x84,
    0x40, 0x16, 0x0, 0x7f, 0xf0, 0x8, 0x2, 0x50,
    0x8, 0x44, 0x1, 0x18, 0x7, 0xff, 0x3, 0x8c,
    0x12, 0x0, 0x36, 0x90, 0x2c, 0x0, 0x7f, 0xf0,
    0xf, 0x3e, 0xc4, 0x3, 0x1e, 0xfd, 0x0, 0x7f,
    0xff, 0xc0, 0x3f, 0xfc, 0x9, 0x39, 0xdf, 0xee,
    0xb8, 0x30, 0xf, 0xfe, 0x13, 0x75, 0xb1, 0x88,
    0x0, 0x51, 0xf3, 0x8, 0x1, 0xfe, 0x1c, 0x91,
    0x0, 0xff, 0x1d, 0xc8, 0x7, 0xe2, 0xf3, 0x0,
    0xff, 0xe1, 0x35, 0x80, 0x78, 0x70, 0x40, 0x33,
    0x5f, 0xfd, 0xd4, 0x80, 0x19, 0x28, 0x3, 0xa8,
    0x40, 0x23, 0xe9, 0x40, 0x8, 0x56, 0xf0, 0x40,
    0x25, 0x60, 0x9, 0x50, 0x2, 0x4c, 0x10, 0xf,
    0xc7, 0xe2, 0x1, 0x40, 0x5, 0x0, 0x10, 0xd0,
    0x7, 0xfc, 0x3a, 0x1, 0xb, 0x1, 0x90, 0x5,
    0x2, 0x1, 0xff, 0xc0, 0x35, 0x0, 0xa8, 0x10,
    0x3, 0x38, 0x7, 0xff, 0xb, 0x80, 0x23, 0xd,
    0x0, 0x88, 0x40, 0x3f, 0xf8, 0x48, 0x1, 0x8d,
    0x80, 0x22, 0xff, 0xff, 0xe2, 0x0, 0x66, 0x10,
    0xf, 0xfe, 0x61, 0x80, 0x7f, 0xf3, 0x84, 0x2,
    0x2c, 0xcf, 0xfe, 0x43, 0xb0, 0x4, 0x46, 0x7f,
    0xfc, 0x81, 0xd0, 0xc, 0xa0, 0x1f, 0xfc, 0x85,
    0x0, 0xd2, 0x1, 0xff, 0xc8, 0x23, 0x0, 0x8d,
    0xc0, 0x3f, 0xf9, 0x10, 0x1, 0xa1, 0x40, 0x3f,
    0xf8, 0xf, 0xa0, 0x1c, 0x8a, 0x1, 0xaa, 0x44,
    0x3, 0xf1, 0x5c, 0x15, 0x80, 0x75, 0x10, 0x6,
    0x6e, 0xa5, 0x31, 0x23, 0x6b, 0xd4, 0x0, 0x24,
    0x0, 0x76, 0x18, 0x7, 0x2d, 0x67, 0x6e, 0x4a,
    0x0, 0x61, 0xa0, 0xe, 0x1c, 0x60, 0xf, 0xfe,
    0x19, 0x61, 0x0, 0x7d, 0x38, 0x80, 0x1f, 0xf0,
    0xce, 0x90, 0x7, 0xf1, 0xde, 0xc2, 0x90, 0x80,
    0x4, 0xda, 0xf9, 0x80, 0x38,

    /* U+0452 "ђ" */
    0x0, 0xe7, 0xff, 0xb8, 0x3, 0xff, 0xfe, 0x1,
    0xc4, 0x89, 0xb4, 0x3, 0x22, 0x7f, 0xc2, 0x1,
    0xf9, 0x6e, 0xf2, 0x80, 0x43, 0x77, 0xff, 0x38,
    0x7, 0xff, 0xe1, 0xff, 0xf4, 0x0, 0x43, 0xff,
    0xff, 0x30, 0x7, 0xff, 0xfc, 0x3, 0xff, 0xb2,
    0x71, 0x9d, 0xfe, 0xec, 0x83, 0x0, 0xff, 0xe3,
    0x1e, 0x61, 0xcc, 0x40, 0x2, 0x6f, 0x98, 0x30,
    0xf, 0xfe, 0x1c, 0x61, 0x80, 0x7f, 0x8f, 0x18,
    0x3, 0xff, 0x83, 0xe, 0x1, 0xff, 0xc2, 0x95,
    0x0, 0xff, 0x85, 0xc0, 0x21, 0x6a, 0xcc, 0x5b,
    0x90, 0x7, 0x50, 0x80, 0x7f, 0xf0, 0xa3, 0xa5,
    0x4c, 0xc9, 0x1b, 0x0, 0x1d, 0x0, 0x1f, 0xfc,
    0x1b, 0x70, 0xf, 0xcf, 0x20, 0x19, 0x80, 0x3f,
    0xf8, 0x10, 0x80, 0x1f, 0xe6, 0x30, 0xc, 0x80,
    0x1f, 0xe1, 0x70, 0xf, 0xfe, 0x5, 0x0, 0x63,
    0x0, 0xff, 0x30, 0x7, 0xff, 0x5, 0x0, 0x37,
    0x0, 0x7f, 0xb4, 0x3, 0xff, 0x82, 0x40, 0x18,
    0xc0, 0x3f, 0xcc, 0x1, 0xff, 0xd1, 0x10, 0xf,
    0xff, 0xf8, 0x7, 0xff, 0xfc, 0x3, 0xff, 0xfe,
    0x1, 0xff, 0xff, 0x0, 0xff, 0xff, 0x80, 0x7f,
    0xf6, 0xdf, 0xff, 0x10, 0x7, 0xff, 0x90, 0xc0,
    0x3f, 0xf9, 0x86, 0x1, 0xb8, 0x3, 0xff, 0x99,
    0x40, 0x18, 0xc0, 0x3f, 0xf8, 0xb4, 0xe4, 0x0,
    0x19, 0x60, 0x8, 0x50, 0x3, 0xff, 0x88, 0x4b,
    0x1b, 0xfe, 0xe6, 0x0, 0xd0, 0x1, 0xff, 0xc5,
    0x80, 0xf, 0xf2, 0x30, 0x7, 0xff, 0x14, 0x40,
    0x3f, 0x9a, 0xc0, 0x3f, 0xf8, 0xd7, 0x66, 0x20,
    0x0, 0x9b, 0xec, 0x80, 0x40,

    /* U+0453 "ѓ" */
    0x0, 0xff, 0xe0, 0x4f, 0xfe, 0xe3, 0x0, 0xff,
    0xe0, 0x4b, 0x0, 0x47, 0xe6, 0x1, 0xff, 0x4b,
    0x0, 0x4d, 0x82, 0x1, 0xff, 0x4b, 0x0, 0x53,
    0x20, 0xf, 0xfe, 0x4, 0xb0, 0x0, 0x71, 0x80,
    0x3f, 0xf8, 0x12, 0xc0, 0x3, 0xf3, 0x0, 0xff,
    0xe0, 0x18, 0xbb, 0xa3, 0x4, 0x3, 0xff, 0x82,
    0x71, 0x13, 0x80, 0x7f, 0xf9, 0x63, 0xff, 0xff,
    0x8c, 0x60, 0x1f, 0xff, 0x5d, 0xee, 0xff, 0xe0,
    0x98, 0x7, 0x18, 0x8f, 0xff, 0x4, 0x3, 0xff,
    0xfe, 0x1, 0xff, 0xff, 0x0, 0xff, 0xff, 0x80,
    0x7f, 0xff, 0xc0, 0x3f, 0xff, 0xe0, 0x1f, 0xfc,
    0xe0,

    /* U+0454 "є" */
    0x0, 0xfc, 0x2d, 0x5b, 0xdf, 0xee, 0xc9, 0x51,
    0x0, 0xff, 0x8a, 0xba, 0x54, 0x84, 0x0, 0x26,
    0xd5, 0xd4, 0x40, 0x1f, 0xa3, 0x54, 0x3, 0xff,
    0x80, 0xbb, 0x0, 0x1e, 0xb7, 0x0, 0xf8, 0x44,
    0x1, 0xf3, 0xd8, 0x6, 0xb4, 0x0, 0xc5, 0x1b,
    0xfd, 0xcf, 0xe9, 0x40, 0xc, 0x86, 0x0, 0x94,
    0x0, 0xd3, 0xae, 0x40, 0x18, 0x5a, 0xf0, 0xc0,
    0x18, 0x60, 0x6c, 0x1, 0xb1, 0x80, 0x3f, 0xc7,
    0x8d, 0x86, 0x0, 0x80, 0xd, 0x86, 0x1, 0xff,
    0xc1, 0x93, 0x0, 0x12, 0x0, 0x4c, 0x60, 0x1f,
    0xfc, 0x65, 0x0, 0xd0, 0x1, 0xff, 0xc7, 0xd0,
    0x8, 0xc4, 0x3, 0xff, 0x8e, 0xc0, 0x19, 0xdf,
    0xff, 0x80, 0x20, 0x1f, 0x8, 0x4, 0x71, 0x1f,
    0xfc, 0x5, 0x0, 0xff, 0xea, 0x8, 0x7, 0xff,
    0x31, 0x80, 0x24, 0xff, 0xff, 0xe0, 0x20, 0x7,
    0xda, 0x1, 0x20, 0x7, 0xff, 0x21, 0x40, 0x33,
    0x80, 0x7f, 0xf1, 0xc8, 0xc0, 0x28, 0x20, 0xf,
    0xfe, 0x3f, 0x80, 0x6f, 0x20, 0xf, 0xfe, 0xc,
    0x18, 0x4, 0x6c, 0x1, 0x16, 0x28, 0x7, 0xf8,
    0xb1, 0xf4, 0xc0, 0x29, 0x30, 0x8, 0x6b, 0x14,
    0x40, 0x30, 0xad, 0x69, 0x80, 0xe1, 0x80, 0x58,
    0x80, 0x18, 0xeb, 0xb9, 0xba, 0xee, 0x52, 0x80,
    0x65, 0x30, 0xd, 0x6e, 0x1, 0xe1, 0x22, 0x8,
    0x7, 0x9e, 0x80, 0x3d, 0x1a, 0xa0, 0x1f, 0xfc,
    0x6, 0xe8, 0x0, 0xfc, 0x55, 0xd2, 0xa4, 0x20,
    0x1, 0x36, 0x9e, 0x91, 0x0, 0x80,

    /* U+0455 "ѕ" */
    0x0, 0xf2, 0x45, 0xf7, 0xfb, 0xb7, 0x25, 0x44,
    0x3, 0xf2, 0xed, 0xba, 0x8, 0x0, 0x48, 0xda,
    0xbb, 0x14, 0x3, 0xaa, 0x84, 0x1, 0xff, 0xc0,
    0x3a, 0x80, 0xa, 0x94, 0x3, 0xff, 0x89, 0x40,
    0x5, 0x50, 0x6, 0x5a, 0xdf, 0xfb, 0x69, 0xc4,
    0x0, 0xc4, 0x0, 0x90, 0xd, 0x54, 0x52, 0x0,
    0x89, 0x63, 0xa8, 0xe0, 0x2, 0x30, 0x9, 0x54,
    0x1, 0xfe, 0x5c, 0x10, 0x0, 0x80, 0x6d, 0x0,
    0xff, 0xe2, 0x8, 0x6, 0xd0, 0xf, 0xfe, 0x28,
    0x80, 0x4a, 0xe0, 0x1f, 0xfc, 0x46, 0x0, 0xd1,
    0xae, 0x60, 0x1f, 0xfc, 0x19, 0x20, 0xc, 0x51,
    0x9f, 0xb4, 0xe6, 0x1, 0xf8, 0x7c, 0x80, 0x3e,
    0x25, 0x8c, 0xfb, 0x50, 0xf, 0x16, 0xc9, 0x0,
    0x7f, 0x92, 0xb4, 0xc0, 0x3c, 0xdb, 0xa9, 0x63,
    0x0, 0xfc, 0x58, 0x60, 0x1f, 0x13, 0x4e, 0x7e,
    0xd3, 0x10, 0x7, 0x70, 0x7, 0xff, 0x0, 0x96,
    0x76, 0xc4, 0x2, 0x24, 0x0, 0xff, 0xe1, 0xa5,
    0x0, 0x63, 0x0, 0xff, 0xe2, 0x28, 0x6, 0xf0,
    0x15, 0x0, 0xff, 0xe0, 0x90, 0x6, 0xf0, 0xba,
    0xc5, 0x0, 0xff, 0xbc, 0x3, 0x21, 0x28, 0x1d,
    0x75, 0x31, 0x90, 0x0, 0x4d, 0xf8, 0xc0, 0x22,
    0x38, 0x0, 0xc2, 0xb3, 0x9b, 0xfe, 0xec, 0x81,
    0x0, 0xde, 0x1c, 0x20, 0x1f, 0xfc, 0x41, 0xc2,
    0x4, 0xe9, 0x30, 0xf, 0xfe, 0xb, 0x79, 0x80,
    0x66, 0xce, 0xa6, 0x32, 0x10, 0x0, 0x9b, 0x57,
    0xc8, 0x80, 0x40,

    /* U+0456 "і" */
    0x1, 0xbf, 0xd7, 0x0, 0x62, 0x1, 0x43, 0xa1,
    0x0, 0x6b, 0x0, 0xf9, 0x4, 0x3, 0x58, 0x61,
    0x80, 0x1d, 0xc0, 0x59, 0xfe, 0x80, 0xf, 0xfe,
    0x94, 0x7f, 0xe1, 0x0, 0xff, 0xff, 0x80, 0x7f,
    0xff, 0xc0, 0x3f, 0xf9, 0xa0,

    /* U+0457 "ї" */
    0x3, 0xdf, 0x90, 0x9, 0x7b, 0x8e, 0x0, 0xd2,
    0x6, 0x60, 0xd, 0x8, 0xa0, 0xc4, 0x40, 0x17,
    0x81, 0x0, 0x65, 0x12, 0x0, 0xb0, 0x8, 0x3,
    0x28, 0x7a, 0x14, 0x28, 0xd, 0x99, 0x49, 0x81,
    0x5e, 0xb8, 0x4, 0x99, 0xac, 0x1, 0xff, 0xe0,
    0xaf, 0xfc, 0x1, 0xff, 0xff, 0x0, 0xff, 0xff,
    0x80, 0x7f, 0xff, 0xc0, 0x3f, 0xff, 0xe0, 0x1f,
    0xfd, 0x10,

    /* U+0458 "ј" */
    0x0, 0xff, 0xe6, 0x16, 0x7f, 0xa4, 0x3, 0xfd,
    0xe6, 0x0, 0x68, 0x0, 0xfc, 0x64, 0x1, 0x94,
    0x3, 0xff, 0x96, 0x64, 0x1, 0xa8, 0x3, 0xfb,
    0x14, 0x6, 0x1c, 0x3, 0xf8, 0x6b, 0xf9, 0xc0,
    0x3f, 0xff, 0x4f, 0xff, 0x88, 0x3, 0xff, 0xfe,
    0x1, 0xff, 0xff, 0x0, 0xff, 0xff, 0x80, 0x7f,
    0xff, 0xc0, 0x3f, 0xff, 0xe0, 0x1f, 0xfc, 0x23,
    0x0, 0xfe, 0xf0, 0xc, 0x20, 0x1f, 0xc6, 0x1,
    0xff, 0xc1, 0x24, 0x0, 0x90, 0x0, 0x98, 0x80,
    0x12, 0x60, 0x6, 0xd0, 0x7, 0x9d, 0xff, 0xd6,
    0x20, 0x11, 0x30, 0x12, 0x0, 0x7f, 0xb8, 0x0,
    0xc0, 0x1f, 0xc3, 0x86, 0x0, 0x4e, 0x84, 0x10,
    0x0, 0xa4, 0xf1, 0x80, 0x40,

    /* U+0459 "љ" */
    0x0, 0xf2, 0x7f, 0xff, 0xf1, 0xe0, 0x3, 0xff,
    0xee, 0x20, 0x1f, 0xfd, 0xf3, 0x0, 0xff, 0xef,
    0x88, 0x4, 0x9d, 0xdf, 0xe4, 0x0, 0xff, 0xea,
    0x8, 0xff, 0xf0, 0x0, 0x3f, 0xfa, 0x1e, 0x1,
    0xff, 0xdf, 0x10, 0x8, 0xc0, 0x3f, 0xfb, 0xe2,
    0x1, 0xff, 0xc3, 0x67, 0x7f, 0x32, 0xa1, 0x0,
    0x7f, 0xf0, 0x4c, 0x2, 0xf0, 0xf, 0xfe, 0x18,
    0xc4, 0x7a, 0x6a, 0xf7, 0xa0, 0x40, 0x3f, 0xc2,
    0x1, 0x8, 0x7, 0xff, 0x38, 0x5f, 0x98, 0x3,
    0xf9, 0xc0, 0x23, 0x0, 0xff, 0xe8, 0xcb, 0x0,
    0x7e, 0x20, 0x8, 0x40, 0x3f, 0xf8, 0x6f, 0xff,
    0xee, 0xc8, 0x20, 0xd, 0x24, 0x1, 0xf0, 0x80,
    0x4c, 0x1, 0xff, 0xca, 0x13, 0x7d, 0x50, 0xd,
    0x0, 0x1f, 0xf1, 0x80, 0x7f, 0xf3, 0xa8, 0x40,
    0x25, 0x0, 0xf1, 0x0, 0x61, 0x0, 0xff, 0xe7,
    0xb8, 0x6, 0x30, 0xe, 0x70, 0x8, 0x80, 0x3f,
    0xfa, 0x1e, 0x1, 0x9c, 0x3, 0xb4, 0x2, 0x70,
    0xf, 0xfe, 0xda, 0x0, 0x5a, 0x1, 0xff, 0xd0,
    0xe0, 0xc, 0xe0, 0x18, 0x8c, 0x2, 0x30, 0xf,
    0xfe, 0x82, 0x0, 0x62, 0x0, 0xdc, 0x1, 0x90,
    0x3, 0xff, 0x9e, 0xa6, 0x1, 0x18, 0x92, 0x2e,
    0x18, 0x4, 0xa0, 0x1f, 0xfc, 0xf7, 0xa0, 0xd,
    0x1, 0x57, 0x46, 0x1, 0xa0, 0x3, 0xff, 0x8a,
    0xce, 0xfe, 0x8a, 0xe8, 0x0, 0xca, 0x80, 0x20,
    0x1e, 0x62, 0x0, 0xff, 0xe2, 0x8c, 0x47, 0x9d,
    0x44, 0x3, 0x25, 0x0, 0xc, 0x3, 0x8e, 0x40,
    0x3f, 0xfa, 0x43, 0x36, 0x1, 0x8, 0x4, 0x51,
    0x80, 0x1f, 0xfc, 0xf1, 0x36, 0xbe, 0x60, 0xc,

    /* U+045A "њ" */
    0x8f, 0xfc, 0x20, 0x1f, 0xfc, 0x1e, 0xff, 0xac,
    0x3, 0xff, 0xfe, 0x1, 0xff, 0xff, 0x0, 0xff,
    0xff, 0x80, 0x7f, 0xff, 0xc0, 0x3f, 0xff, 0xe0,
    0x1f, 0xfc, 0x4e, 0xff, 0xff, 0xe0, 0x88, 0x4,
    0x9f, 0xff, 0xbb, 0x25, 0x0, 0x3f, 0xfb, 0x22,
    0x6d, 0x7c, 0x80, 0x1f, 0xfd, 0xb1, 0xb7, 0x0,
    0xff, 0xe6, 0x89, 0x9f, 0xc2, 0x1, 0xe8, 0x40,
    0xf, 0x77, 0xff, 0xff, 0x4, 0x40, 0x25, 0xcc,
    0xfb, 0xb9, 0x22, 0x1, 0xa4, 0x3, 0xff, 0xaa,
    0x2d, 0x80, 0x18, 0x88, 0x1, 0xff, 0xd6, 0x27,
    0x0, 0xce, 0x1, 0xff, 0xd7, 0xc0, 0xc, 0x60,
    0x1f, 0xff, 0xf0, 0xc0, 0xc, 0x40, 0x1f, 0xfd,
    0x61, 0x60, 0xc, 0x80, 0x1f, 0xfd, 0x53, 0xc1,
    0x0, 0x98, 0x3, 0xff, 0x98, 0xce, 0xff, 0x4e,
    0x60, 0x80, 0x21, 0x80, 0xf, 0xfe, 0x61, 0x44,
    0x7c, 0xc6, 0x1, 0x87, 0x4, 0x3, 0xff, 0xb2,
    0xdc, 0x40, 0x1f, 0xfd, 0x51, 0x25, 0x9e, 0x90,
    0xc,

    /* U+045B "ћ" */
    0x0, 0xff, 0xec, 0xbf, 0xfe, 0x20, 0xf, 0xff,
    0xf8, 0x7, 0xff, 0x66, 0xff, 0xfa, 0x0, 0x36,
    0xff, 0xff, 0xa0, 0x3, 0xff, 0xb6, 0x67, 0xe1,
    0x0, 0xc6, 0x7f, 0xf7, 0x0, 0x7e, 0x8c, 0xce,
    0x90, 0xd, 0xd9, 0x9f, 0xe6, 0x0, 0xff, 0xff,
    0x80, 0x7f, 0x8e, 0x33, 0x7f, 0xdd, 0x90, 0x60,
    0x1f, 0xfc, 0x74, 0xdc, 0x73, 0x20, 0x0, 0x9b,
    0xe6, 0xc, 0x3, 0xff, 0x89, 0x16, 0x40, 0x1f,
    0xe3, 0xc5, 0x0, 0xff, 0xe1, 0x43, 0x80, 0x7f,
    0xf0, 0xa9, 0x0, 0x3f, 0xf8, 0x2a, 0x1, 0xb,
    0x56, 0x62, 0xdc, 0x80, 0x3a, 0x84, 0x3, 0xff,
    0x87, 0x1d, 0x2a, 0x66, 0x48, 0xd8, 0x0, 0xc3,
    0x20, 0x1f, 0xfc, 0x2b, 0x70, 0xf, 0xcf, 0x0,
    0x19, 0x80, 0x3f, 0xf8, 0x30, 0x80, 0x1f, 0xe7,
    0x20, 0x8, 0x4c, 0x3, 0xfe, 0x17, 0x0, 0xff,
    0xe0, 0x58, 0x6, 0x50, 0xf, 0xf9, 0x80, 0x3f,
    0xf8, 0x28, 0x1, 0xbc, 0x3, 0xfe, 0xd0, 0xf,
    0xfe, 0x9, 0x0, 0x7f, 0xf1, 0x18, 0x3, 0xff,
    0x8c, 0x60, 0x1f, 0xf0, 0x80, 0x7f, 0xff, 0xc0,
    0x3f, 0xff, 0xe0, 0x1f, 0xff, 0xf0, 0xf, 0xff,
    0xf8, 0x7, 0xff, 0xfc, 0x3, 0xff, 0xc6,

    /* U+045C "ќ" */
    0x0, 0xff, 0xe0, 0xdf, 0xfe, 0xd2, 0x0, 0xff,
    0xe2, 0xda, 0x0, 0x4b, 0xa4, 0x1, 0xff, 0xc4,
    0xc4, 0x0, 0xa2, 0x80, 0x3f, 0xf8, 0xb8, 0x60,
    0x1, 0xb7, 0x0, 0xff, 0xe2, 0xe1, 0x80, 0xb,
    0x10, 0x3, 0xff, 0x8b, 0x86, 0x0, 0x4d, 0x20,
    0xf, 0xfe, 0x2a, 0x21, 0xdd, 0x36, 0x1, 0xff,
    0xc7, 0x48, 0x89, 0x80, 0x3f, 0xfe, 0x71, 0xff,
    0x84, 0x3, 0xff, 0x81, 0x5f, 0xf9, 0x0, 0x3f,
    0xf8, 0xcc, 0xa0, 0x14, 0x20, 0x7, 0xff, 0x14,
    0xe4, 0x2, 0x47, 0x0, 0xff, 0xe3, 0x70, 0x4,
    0x34, 0x1, 0xff, 0xc6, 0xa2, 0x0, 0xb4, 0x40,
    0x3f, 0xf8, 0xac, 0xa0, 0x14, 0x98, 0x7, 0xff,
    0x14, 0xe4, 0x2, 0x56, 0x0, 0xff, 0xe3, 0x70,
    0x4, 0x54, 0x1, 0xff, 0xc6, 0xa2, 0x0, 0xbc,
    0x3, 0xff, 0x8c, 0xca, 0x1, 0x51, 0x0, 0x7f,
    0xf1, 0x4a, 0x40, 0x26, 0x50, 0xf, 0xfe, 0xf,
    0x7f, 0xed, 0x0, 0x8e, 0x40, 0x3f, 0xf9, 0x7e,
    0x1, 0xff, 0xcc, 0xf0, 0xf, 0xfe, 0x61, 0xc0,
    0x7, 0xff, 0xb, 0xbf, 0xf5, 0x80, 0x67, 0x40,
    0xf, 0xfe, 0x32, 0x40, 0x6, 0xa2, 0x0, 0xff,
    0xe3, 0x3a, 0x0, 0x43, 0xc0, 0x1f, 0xfc, 0x7a,
    0x20, 0x8, 0xe4, 0x3, 0xff, 0x8c, 0x3e, 0x1,
    0x99, 0x40, 0x3f, 0xf8, 0xc5, 0x20, 0x1a, 0x88,
    0x3, 0xff, 0x8c, 0xcc, 0x0, 0xde, 0x1, 0xff,
    0xc7, 0x93, 0x0, 0x8a, 0x80, 0x3f, 0xf8, 0xfa,
    0x20, 0x12, 0xb0, 0x7, 0xff, 0x18, 0x68, 0x3,
    0x49, 0x80, 0x7f, 0xf1, 0x92, 0x0, 0x37, 0x8,

    /* U+045D "ѝ" */
    0x0, 0x86, 0xff, 0xf6, 0x88, 0x7, 0xff, 0x14,
    0x6d, 0xc0, 0x22, 0xc1, 0x0, 0xff, 0xe3, 0x45,
    0x0, 0x45, 0x82, 0x1, 0xff, 0xc6, 0x5c, 0x10,
    0x1, 0x60, 0x80, 0x7f, 0xf1, 0x8f, 0xcc, 0x0,
    0x58, 0x20, 0x1f, 0xfc, 0x61, 0xc6, 0x0, 0x16,
    0x8, 0x7, 0xff, 0x1e, 0x69, 0xdc, 0xa8, 0x1,
    0xff, 0xc8, 0x58, 0x89, 0x40, 0x3f, 0xfd, 0xf1,
    0xff, 0x84, 0x3, 0xff, 0x85, 0x7f, 0xf6, 0x80,
    0x7f, 0xf1, 0xe5, 0x0, 0x3f, 0xf9, 0x4c, 0xc0,
    0xf, 0xfe, 0x51, 0xc8, 0x7, 0xff, 0x28, 0x74,
    0x3, 0xff, 0x97, 0x82, 0x1, 0xff, 0xca, 0xa2,
    0x0, 0xff, 0xe5, 0x42, 0x80, 0x44, 0x40, 0xf,
    0xfe, 0x2a, 0xb8, 0x4, 0x3e, 0x20, 0x1f, 0xfc,
    0x43, 0xa0, 0xd, 0x44, 0x1, 0xff, 0xc4, 0x1d,
    0x0, 0xd2, 0x80, 0x1f, 0xfc, 0x5d, 0x10, 0x9,
    0x98, 0x1, 0xff, 0xc5, 0x93, 0x0, 0x8e, 0x40,
    0x3f, 0xf8, 0xae, 0xc0, 0x11, 0x68, 0x7, 0xff,
    0x15, 0x20, 0x3, 0x78, 0x80, 0x7f, 0xf1, 0xa,
    0x80, 0x35, 0x10, 0x7, 0xff, 0x10, 0x7c, 0x40,
    0x28, 0x50, 0xf, 0xfe, 0x2d, 0x10, 0x4, 0xae,
    0x1, 0xff, 0xc5, 0xb4, 0x0, 0x8e, 0x80, 0x3f,
    0xf8, 0xca, 0x1, 0xe, 0x80, 0x7f, 0xf2, 0xf4,
    0x40, 0x3f, 0xf9, 0x52, 0x60, 0x1f, 0xfc, 0xa7,
    0x60, 0xf, 0xfe, 0x52, 0x40, 0x7, 0xff, 0x28,
    0xa8, 0x3, 0xff, 0x97, 0xe2, 0x1, 0xff, 0xc6,

    /* U+045E "ў" */
    0x0, 0xf1, 0xc4, 0x14, 0x3, 0xf2, 0x44, 0x10,
    0x3, 0xff, 0x82, 0xae, 0xe9, 0x0, 0xfd, 0xee,
    0xec, 0x0, 0xff, 0xe0, 0xa8, 0x0, 0xcc, 0x1,
    0xe3, 0x40, 0x6, 0x80, 0x7f, 0xf0, 0x4c, 0x80,
    0x1a, 0xa0, 0x19, 0x74, 0x0, 0x2a, 0x1, 0xff,
    0xc2, 0xe0, 0x0, 0xd7, 0x66, 0x3a, 0x84, 0x1,
    0x60, 0x1f, 0xfc, 0x33, 0xb1, 0x0, 0x9, 0x98,
    0x40, 0x2a, 0x50, 0xf, 0xfe, 0x22, 0x74, 0xa0,
    0x80, 0x5, 0x23, 0x94, 0x3, 0xff, 0x8e, 0xd7,
    0xdf, 0xee, 0xb7, 0x10, 0xf, 0xff, 0xf8, 0x7,
    0xff, 0x2e, 0x7f, 0xf1, 0x80, 0x7f, 0xf1, 0x27,
    0xfe, 0xe0, 0x5, 0x80, 0x69, 0x0, 0xff, 0xe2,
    0x30, 0x4, 0xc0, 0x2, 0x40, 0x9, 0x44, 0x3,
    0xff, 0x84, 0xc0, 0x1a, 0x40, 0x2f, 0x0, 0xd2,
    0x1, 0xff, 0xc2, 0xb0, 0x9, 0x84, 0x2, 0x42,
    0x0, 0x98, 0x3, 0xff, 0x82, 0x84, 0x1, 0x58,
    0x7, 0x58, 0x4, 0x2c, 0x1, 0xff, 0xc0, 0xf0,
    0x9, 0x8, 0x3, 0x98, 0x40, 0x2b, 0x0, 0xff,
    0x89, 0x0, 0x2f, 0x0, 0xfa, 0x40, 0x22, 0x40,
    0xf, 0xf5, 0x80, 0x44, 0x80, 0x1f, 0x30, 0x6,
    0xf0, 0xf, 0xe1, 0x60, 0xa, 0xc0, 0x3f, 0xb,
    0x0, 0x48, 0x40, 0x1f, 0x98, 0x2, 0x16, 0x0,
    0xfe, 0xb0, 0xd, 0x60, 0x1f, 0xa4, 0x2, 0x60,
    0xf, 0xf1, 0x20, 0x4, 0xc0, 0x1f, 0x28, 0x80,
    0x52, 0x1, 0xff, 0x78, 0x6, 0x70, 0xf, 0x48,
    0x4, 0xa2, 0x1, 0xff, 0x21, 0x0, 0x54, 0x1,
    0xc6, 0x60, 0xa, 0x40, 0x3f, 0xf8, 0x36, 0x1,
    0x12, 0x80, 0x69, 0x0, 0x8c, 0xc0, 0x1f, 0xfc,
    0x16, 0x10, 0xa, 0x40, 0x21, 0x50, 0xa, 0x40,
    0x3f, 0xf8, 0x6c, 0x1, 0x19, 0x80, 0x12, 0x1,
    0x12, 0x80, 0x7f, 0xf0, 0xe4, 0x3, 0x48, 0x1,
    0x80, 0x2a, 0x0, 0xff, 0xe2, 0xb, 0x0, 0x4a,
    0x2c, 0x20, 0x13, 0x80, 0x7f, 0xf1, 0x6c, 0x3,
    0x4d, 0x80, 0x4e, 0x1, 0xff, 0xc6, 0x24, 0x0,
    0x9c, 0x80, 0x2a, 0x0, 0xff, 0xe3, 0xf8, 0x7,
    0xca, 0x40, 0x1f, 0xfc, 0x74, 0x20, 0xf, 0x48,
    0x7, 0xff, 0x26, 0xc0, 0x38, 0xcc, 0x1, 0xff,
    0xc9, 0x61, 0x0, 0xd2, 0x1, 0xff, 0xcb, 0x50,
    0x8, 0x54, 0x3, 0xff, 0x94, 0x48, 0x1, 0x48,
    0x7, 0xff, 0x2e, 0xc0, 0x33, 0x0, 0x7f, 0xf2,
    0x89, 0x80, 0x26, 0x10, 0xf, 0xfe, 0x8, 0xc0,
    0x7, 0xdc, 0x1, 0xa0, 0x3, 0xff, 0x85, 0x2f,
    0xac, 0x20, 0x2b, 0xa6, 0x1, 0x38, 0x80, 0x7f,
    0xf0, 0x49, 0xc0, 0xa7, 0xbf, 0xa8, 0x80, 0x22,
    0x80, 0xf, 0xfe, 0x15, 0x80, 0x7f, 0xc3, 0xe0,
    0x1f, 0xfc, 0x39, 0x70, 0xf, 0xe4, 0xf2, 0x0,
    0xff, 0xe2, 0x47, 0x42, 0x8, 0x0, 0x9a, 0xec,
    0x20, 0x1f, 0xfc, 0x40,

    /* U+045F "џ" */
    0x8f, 0xfc, 0x20, 0x1f, 0xf0, 0xff, 0xe8, 0x0,
    0xff, 0xff, 0x80, 0x7f, 0xff, 0xc0, 0x3f, 0xff,
    0xe0, 0x1f, 0xff, 0xf0, 0xf, 0xff, 0xf8, 0x7,
    0xff, 0xfc, 0x3, 0xff, 0x86, 0x62, 0x3f, 0xf1,
    0x80, 0x7f, 0xb7, 0xbb, 0xfe, 0xd0, 0xf, 0xff,
    0xf4, 0x7f, 0xfe, 0x50, 0x9, 0x3f, 0xff, 0x40,
    0x7, 0xff, 0xfc, 0x3, 0xff, 0xb8,

    /* U+0462 "Ѣ" */
    0x0, 0xfe, 0x1f, 0xfd, 0x20, 0x1f, 0xff, 0xf0,
    0xf, 0xff, 0xf8, 0x7, 0xff, 0x3a, 0x67, 0xf5,
    0x80, 0x64, 0x99, 0xfe, 0x80, 0xf, 0xfe, 0x8,
    0xb3, 0x7e, 0x50, 0xc, 0x4c, 0xdf, 0xca, 0x1,
    0xff, 0xff, 0x0, 0xff, 0xe1, 0xf, 0xff, 0xee,
    0x0, 0xcd, 0xff, 0xfd, 0xa0, 0x1f, 0xff, 0xf0,
    0xf, 0xff, 0xf8, 0x7, 0xff, 0x45, 0xbf, 0xff,
    0xee, 0xda, 0x62, 0x0, 0xff, 0xea, 0x89, 0x2c,
    0xed, 0x98, 0x7, 0xff, 0x61, 0x32, 0x0, 0x3f,
    0xf8, 0xc2, 0x45, 0xfe, 0x10, 0xf, 0x9e, 0x0,
    0x3f, 0xf8, 0xaf, 0xbb, 0xfe, 0xee, 0x52, 0x80,
    0x73, 0xa8, 0x7, 0xff, 0x40, 0x56, 0xb0, 0x40,
    0x35, 0x80, 0x7f, 0xf4, 0xcf, 0x0, 0x30, 0xa8,
    0x7, 0xff, 0x4c, 0x9c, 0x3, 0x60, 0x7, 0xff,
    0x52, 0x80, 0x32, 0x0, 0x7f, 0xf5, 0x8, 0x3,
    0x18, 0x7, 0xff, 0x54, 0x40, 0x21, 0x0, 0xff,
    0xfd, 0x88, 0x4, 0x40, 0x1f, 0xfd, 0x43, 0x0,
    0xcc, 0x1, 0xff, 0xd4, 0xa0, 0xd, 0x80, 0x1f,
    0xfd, 0x33, 0x60, 0xc, 0xa0, 0x1f, 0xfd, 0x24,
    0xd0, 0xc, 0xa4, 0x1, 0xff, 0xcf, 0x15, 0xbb,
    0x8, 0x4, 0x36, 0x1, 0xff, 0xc4, 0x7d, 0xdf,
    0xee, 0xfe, 0xa4, 0x0, 0xed, 0x10, 0xf, 0xfe,
    0x20, 0x91, 0x7f, 0x8, 0x7, 0xc5, 0xa6, 0x1,
    0xff, 0xd5, 0x28, 0xd2, 0x0, 0xff, 0xe8, 0x89,
    0x24, 0x66, 0xb8, 0x7, 0x80,

    /* U+0463 "ѣ" */
    0x0, 0xf5, 0xff, 0xdc, 0x1, 0xff, 0xff, 0x0,
    0xff, 0xff, 0x80, 0x7f, 0xff, 0xc0, 0x3f, 0xf8,
    0x9f, 0xfe, 0x40, 0x8, 0x7f, 0xff, 0x90, 0x3,
    0xff, 0xe7, 0x33, 0xe2, 0x0, 0x86, 0x67, 0xf9,
    0x40, 0x3e, 0x66, 0xf8, 0x3, 0x33, 0x7f, 0x8,
    0x7, 0xff, 0xfc, 0x3, 0xff, 0xfe, 0x1, 0xf0,
    0xff, 0xfe, 0xed, 0x95, 0x0, 0xff, 0xe6, 0x9,
    0x35, 0x7b, 0x80, 0x7f, 0xf3, 0xe2, 0xc0, 0x3f,
    0xf8, 0x31, 0x1f, 0x3a, 0x0, 0x72, 0x48, 0x7,
    0xfc, 0x2e, 0xff, 0x45, 0xfb, 0x80, 0x66, 0x20,
    0xf, 0xfe, 0x4c, 0x40, 0x3, 0x50, 0x7, 0xff,
    0x29, 0xc0, 0x32, 0x0, 0x7f, 0xf2, 0xcc, 0x2,
    0x20, 0xf, 0xfe, 0x5b, 0x80, 0x42, 0x1, 0xff,
    0xcb, 0x60, 0x8, 0x40, 0x3f, 0xf9, 0x44, 0x40,
    0x9, 0x40, 0x3f, 0xf9, 0x50, 0x1, 0xb0, 0x3,
    0xff, 0x90, 0x56, 0xa0, 0x10, 0xb0, 0x7, 0xf8,
    0x62, 0x3e, 0x9c, 0xd4, 0x0, 0xd0, 0x20, 0x1f,
    0xf3, 0xbf, 0xcc, 0x60, 0x1d, 0xc, 0x1, 0xff,
    0xcc, 0x3c, 0x70, 0xf, 0xfe, 0x40, 0x92, 0x3e,
    0xe1, 0x80, 0x40,

    /* U+046A "Ѫ" */
    0x0, 0xc5, 0xff, 0xff, 0xd5, 0x60, 0xf, 0xff,
    0xf8, 0x7, 0xff, 0x1c, 0x88, 0x1, 0x88, 0xcf,
    0xff, 0x94, 0x1, 0x85, 0xc0, 0x3f, 0xb0, 0x80,
    0x36, 0xe6, 0x7f, 0xf2, 0x1c, 0x2, 0x1c, 0x10,
    0xf, 0xe1, 0xf1, 0x0, 0x16, 0x80, 0x7f, 0xf1,
    0xe9, 0x0, 0x2d, 0x20, 0xf, 0xf8, 0xb4, 0x2,
    0x3c, 0x0, 0xff, 0xe2, 0xca, 0x80, 0x56, 0x60,
    0x1f, 0xfc, 0x13, 0xc0, 0x8, 0xec, 0x3, 0xff,
    0x87, 0xc, 0x1, 0x52, 0x0, 0x7f, 0xf0, 0xce,
    0xc0, 0x24, 0xa0, 0xf, 0xfe, 0xc, 0x38, 0x5,
    0x2a, 0x1, 0xff, 0xc5, 0x49, 0x0, 0x96, 0x40,
    0x3f, 0xe7, 0x70, 0x4, 0xec, 0x1, 0xff, 0xc7,
    0x68, 0x0, 0x9a, 0x40, 0x3f, 0x9a, 0x0, 0x26,
    0x80, 0xf, 0xfe, 0x4b, 0xb8, 0x2, 0x68, 0x0,
    0xf9, 0x64, 0x2, 0x59, 0x0, 0xff, 0xe5, 0xc3,
    0x0, 0x4e, 0xe0, 0xe, 0x4a, 0x0, 0x92, 0x80,
    0x3f, 0xf9, 0xb2, 0xa0, 0x14, 0x30, 0x4, 0x76,
    0x1, 0x1d, 0x80, 0x7f, 0xf3, 0xe9, 0x0, 0x29,
    0x50, 0x3c, 0x0, 0x8b, 0x40, 0x3f, 0xfa, 0x36,
    0x60, 0x15, 0x36, 0x80, 0x43, 0x82, 0x1, 0xff,
    0xce, 0x38, 0xce, 0x30, 0xd, 0x22, 0x1, 0xf,
    0xec, 0xa8, 0x7, 0xff, 0x28, 0xf3, 0xe, 0x62,
    0x1, 0xff, 0x9, 0x35, 0x73, 0x0, 0x7f, 0xf1,
    0xe3, 0xc, 0x3, 0xff, 0x8e, 0x33, 0x60, 0x1f,
    0xfc, 0x59, 0x70, 0xe, 0x14, 0x66, 0x10, 0x6,
    0x66, 0x29, 0x0, 0x72, 0x60, 0x80, 0x7f, 0xf0,
    0xa1, 0x80, 0x32, 0x5f, 0x5c, 0xc9, 0xc0, 0x22,
    0x99, 0x56, 0xe9, 0x40, 0x31, 0xe8, 0x7, 0xff,
    0x5, 0x1c, 0x3, 0x4d, 0xa0, 0x7, 0xff, 0x4,
    0xaa, 0xc0, 0x31, 0xc0, 0x7, 0xff, 0x2, 0x40,
    0x35, 0x30, 0x7, 0xff, 0x15, 0x30, 0x3, 0x39,
    0x0, 0x7f, 0x9c, 0x80, 0x26, 0x50, 0xf, 0xfe,
    0x39, 0xc8, 0x6, 0x90, 0xf, 0xf4, 0x80, 0x43,
    0x20, 0x1f, 0xfc, 0x96, 0x30, 0x9, 0xc, 0x3,
    0xf3, 0x8, 0x5, 0x0, 0x1f, 0xfc, 0xbf, 0x0,
    0xd2, 0x1, 0xfa, 0xc0, 0x21, 0x60, 0xf, 0xfe,
    0x59, 0x98, 0x2, 0x52, 0x0, 0xf2, 0x10, 0x4,
    0xc0, 0x1f, 0xfc, 0xd9, 0x0, 0xd4, 0x1, 0xef,
    0x0, 0xd2, 0x1, 0xff, 0xcd, 0x51, 0x0, 0x98,
    0x3, 0x89, 0x0, 0x24, 0x10, 0xf, 0xfe, 0x74,
    0x80, 0x42, 0xc0, 0x1a, 0xc0, 0x37, 0x80, 0x7f,
    0xf3, 0xd8, 0x3, 0x58, 0x4, 0x2c, 0x1, 0x12,
    0x0, 0x7f, 0xf3, 0xc5, 0x40, 0x22, 0x40, 0x3,
    0x0, 0x6b, 0x0, 0xff, 0xe8, 0xc8, 0x6, 0xf0,
    0x4, 0x80, 0x67, 0x0, 0xff, 0xe8, 0x99, 0x0,
    0x48, 0x40,

    /* U+046B "ѫ" */
    0x0, 0x93, 0xff, 0xff, 0x9b, 0xc0, 0x1f, 0xff,
    0xf4, 0x30, 0x8, 0x6e, 0xff, 0xf8, 0x70, 0x1,
    0xa0, 0x3, 0xf6, 0x18, 0x0, 0x7d, 0x13, 0xff,
    0x82, 0xd2, 0x1, 0x43, 0x0, 0x7f, 0x69, 0x0,
    0x12, 0x80, 0x3f, 0xe2, 0xc1, 0x0, 0x3b, 0x80,
    0x3f, 0xc3, 0x84, 0x0, 0x5a, 0x0, 0xfe, 0x1c,
    0x10, 0x3, 0x40, 0x7, 0xff, 0x0, 0x7c, 0x40,
    0xb, 0x20, 0x1f, 0xe, 0x8, 0x1, 0x64, 0x3,
    0xff, 0x84, 0x58, 0x20, 0x6, 0x80, 0xe, 0x1c,
    0x20, 0x2, 0xd0, 0x7, 0xff, 0x10, 0xb4, 0x2,
    0x78, 0x0, 0x87, 0x8, 0x0, 0x94, 0x1, 0xff,
    0xc6, 0x3b, 0x0, 0x9d, 0xc0, 0xd, 0x20, 0x1,
    0xd8, 0x7, 0xff, 0x21, 0x2c, 0x2, 0x87, 0xc3,
    0x0, 0x16, 0x80, 0x7f, 0xf1, 0xc6, 0x32, 0xc0,
    0x34, 0x18, 0x4, 0x5f, 0x6c, 0x1, 0xff, 0xc4,
    0x7e, 0x73, 0x0, 0xff, 0x85, 0x27, 0x90, 0x3,
    0xff, 0x83, 0x30, 0x1, 0xff, 0xc5, 0x1b, 0x50,
    0xf, 0xf9, 0x98, 0x1, 0x9a, 0xb2, 0x80, 0x22,
    0xcc, 0x52, 0x80, 0x6a, 0x30, 0xf, 0xe2, 0x90,
    0x8, 0xb6, 0x54, 0xdc, 0x3, 0x19, 0x96, 0xb0,
    0x40, 0x2e, 0x0, 0xfe, 0x80, 0x8, 0x70, 0x80,
    0x3f, 0xf8, 0x7, 0xa0, 0x11, 0x38, 0x7, 0xc4,
    0xa0, 0x15, 0x8, 0x7, 0xff, 0x8, 0xdc, 0x2,
    0x90, 0xf, 0xac, 0x2, 0x34, 0x0, 0xff, 0xe2,
    0x48, 0x4, 0x2c, 0x1, 0xc2, 0xc0, 0x14, 0x80,
    0x7f, 0xf1, 0x45, 0x80, 0x2a, 0x0, 0xe7, 0x0,
    0xca, 0x1, 0xff, 0xc6, 0xa0, 0x8, 0xcc, 0x1,
    0xac, 0x2, 0x60, 0xf, 0xfe, 0x39, 0x90, 0x5,
    0x20, 0x12, 0x10, 0x5, 0x40, 0x1f, 0xfc, 0x8a,
    0x0, 0x94, 0x40, 0x1c, 0x1, 0x11, 0x80, 0x7f,
    0xf2, 0x18, 0x3, 0x30, 0xa, 0x80, 0x54, 0x1,
    0xff, 0xc9, 0x15, 0x0, 0xa8, 0x0,

    /* U+0472 "Ѳ" */
    0x0, 0xff, 0xe0, 0x13, 0x56, 0x77, 0xfd, 0xd9,
    0x2a, 0x20, 0x1f, 0xfc, 0xa6, 0xdd, 0x4a, 0x98,
    0x80, 0x42, 0x6d, 0x5d, 0x68, 0x1, 0xff, 0xc6,
    0x6e, 0x92, 0x0, 0xff, 0xe0, 0xa5, 0xe1, 0x80,
    0x7f, 0xf0, 0x86, 0xe4, 0x40, 0x3f, 0xf8, 0xa7,
    0x90, 0x1, 0xff, 0xc0, 0x2f, 0x40, 0xf, 0x1b,
    0x4d, 0x55, 0xa, 0x20, 0x1e, 0x7a, 0x0, 0xff,
    0x16, 0x8, 0x6, 0x18, 0xec, 0x96, 0x55, 0x9e,
    0xbb, 0x14, 0x3, 0x96, 0xc0, 0x3f, 0xe, 0x8,
    0x6, 0x5f, 0x71, 0x0, 0xfe, 0x3a, 0xc2, 0x0,
    0xc9, 0x20, 0x1f, 0x50, 0x80, 0x6a, 0xa0, 0x80,
    0x7f, 0xf0, 0x4f, 0x54, 0x3, 0x32, 0x80, 0x72,
    0xa0, 0x6, 0xa5, 0x0, 0xff, 0xe2, 0xd2, 0x80,
    0x6b, 0x0, 0xe8, 0x0, 0xd2, 0xa0, 0x1f, 0xfc,
    0x7a, 0x40, 0x8, 0x5c, 0x2, 0x42, 0x0, 0x91,
    0x80, 0x3f, 0xf9, 0x32, 0x1, 0xa4, 0x2, 0xe0,
    0xd, 0xe0, 0x1f, 0xfc, 0xa2, 0x60, 0x8, 0x50,
    0x0, 0xa0, 0x10, 0xa0, 0x7, 0xff, 0x2e, 0x80,
    0x36, 0x81, 0x80, 0x64, 0x0, 0xff, 0xe6, 0x18,
    0x6, 0x40, 0x60, 0xc, 0x9b, 0xbf, 0xfc, 0xd0,
    0xc, 0x40, 0x40, 0x18, 0x48, 0xbf, 0xf9, 0xa0,
    0x1c, 0x3e, 0x1, 0xff, 0xd7, 0x30, 0xf, 0xfe,
    0xcf, 0x80, 0x69, 0xff, 0xff, 0xe6, 0x98, 0x6,
    0x32, 0x0, 0xde, 0x1, 0xff, 0xcd, 0x30, 0xc,
    0x2c, 0x1, 0x90, 0x3, 0xff, 0x98, 0x80, 0x18,
    0x80, 0xc0, 0x31, 0x18, 0x7, 0xff, 0x2f, 0x40,
    0x32, 0x0, 0x14, 0x3, 0x50, 0x7, 0xff, 0x2d,
    0x80, 0x36, 0x80, 0x38, 0x3, 0x31, 0x0, 0x7f,
    0xf2, 0x60, 0x3, 0xa, 0x0, 0x10, 0x80, 0x37,
    0x0, 0x7f, 0xf2, 0xd, 0xc0, 0x34, 0x80, 0x68,
    0x0, 0xc7, 0x20, 0x1f, 0xfc, 0x61, 0xd0, 0xc,
    0x2e, 0x1, 0x95, 0x0, 0x33, 0x48, 0x7, 0xff,
    0x10, 0xb0, 0x40, 0x35, 0x80, 0x7a, 0x84, 0x3,
    0x36, 0x10, 0x7, 0xff, 0x5, 0x70, 0x80, 0x33,
    0x28, 0x7, 0x87, 0x4, 0x3, 0x1e, 0xc9, 0x0,
    0x7f, 0x26, 0x50, 0x80, 0x64, 0x90, 0xf, 0xc5,
    0x84, 0x1, 0xcd, 0xba, 0x97, 0x55, 0x33, 0xd7,
    0x59, 0x80, 0x72, 0xd8, 0x7, 0xf8, 0xb5, 0x40,
    0x3c, 0x4d, 0x15, 0x49, 0x85, 0x10, 0xf, 0x45,
    0x0, 0x7f, 0xf0, 0x6a, 0x84, 0x1, 0xff, 0xc5,
    0x3c, 0x70, 0xf, 0xfe, 0x1a, 0xed, 0x10, 0x7,
    0xff, 0x5, 0x2f, 0xc, 0x3, 0xff, 0x8c, 0xbb,
    0xa9, 0x53, 0x10, 0x8, 0x4d, 0xab, 0xad, 0x0,
    0x3f, 0xc0,

    /* U+0473 "ѳ" */
    0x0, 0xfc, 0x4f, 0x7d, 0xfe, 0xed, 0xa6, 0x10,
    0xf, 0xfe, 0x12, 0x66, 0xc2, 0x8, 0x0, 0x49,
    0x67, 0xa8, 0x80, 0x3f, 0xea, 0xb3, 0x0, 0xff,
    0x97, 0x5c, 0x3, 0xf0, 0xea, 0x80, 0x7f, 0xf0,
    0xe2, 0x80, 0x3c, 0x38, 0x40, 0x18, 0x5e, 0xf7,
    0xb6, 0x94, 0x3, 0x96, 0x40, 0x3a, 0xc8, 0x3,
    0x3f, 0x42, 0x10, 0x92, 0xd7, 0x20, 0x6, 0x65,
    0x0, 0x91, 0x40, 0x35, 0xc0, 0x7, 0xe1, 0xb6,
    0x0, 0xd6, 0x1, 0x40, 0x6, 0x94, 0x0, 0xff,
    0xa5, 0x0, 0x21, 0x70, 0x23, 0x0, 0x8d, 0x80,
    0x3f, 0xf8, 0x34, 0x1, 0xa8, 0x14, 0x3, 0x48,
    0x7, 0xff, 0x8, 0x54, 0x2, 0x22, 0x68, 0x6,
    0x40, 0xf, 0xfe, 0x1f, 0x80, 0x67, 0x60, 0xd,
    0xdf, 0xff, 0xfc, 0x3a, 0x0, 0xc4, 0x20, 0x1f,
    0xfc, 0xdf, 0x0, 0xff, 0xe7, 0x88, 0x6, 0xbb,
    0xff, 0xe2, 0x40, 0x6, 0xf6, 0x0, 0xca, 0x89,
    0xff, 0xc3, 0x10, 0xc, 0x5a, 0x1, 0x9c, 0x3,
    0xff, 0x87, 0xa0, 0x19, 0xd4, 0x3, 0x50, 0x7,
    0xff, 0x8, 0x90, 0x2, 0x22, 0x8c, 0x2, 0x36,
    0x0, 0xff, 0xe0, 0xc8, 0x6, 0xa0, 0x4, 0x0,
    0x69, 0x40, 0xf, 0xfa, 0x50, 0x2, 0x17, 0x0,
    0x22, 0x80, 0x6b, 0x80, 0xf, 0xc3, 0x6c, 0x1,
    0xac, 0x3, 0x51, 0x80, 0x67, 0xe8, 0x42, 0x12,
    0x5a, 0xe4, 0x0, 0xce, 0xa0, 0x1d, 0xa6, 0x1,
    0x85, 0xef, 0x7b, 0x69, 0x40, 0x39, 0xa0, 0x3,
    0xc3, 0x8a, 0x1, 0xff, 0xc3, 0x99, 0x0, 0x7f,
    0x55, 0x98, 0x7, 0xfc, 0xba, 0xc0, 0x1f, 0xf2,
    0x66, 0xc2, 0x8, 0x4, 0x4b, 0x3d, 0x44, 0x1,
    0xe0,

    /* U+0474 "Ѵ" */
    0x0, 0xff, 0xfb, 0xa, 0x2a, 0x8c, 0xb, 0xff,
    0x84, 0x3, 0xff, 0x92, 0x99, 0xd7, 0x54, 0xcd,
    0x24, 0x0, 0xd2, 0x1, 0xff, 0xc8, 0x7b, 0x30,
    0xe, 0x60, 0xe0, 0xc, 0xc0, 0x1f, 0xfc, 0x76,
    0x80, 0xf, 0x84, 0x14, 0x40, 0x21, 0x50, 0xf,
    0xfe, 0x29, 0x48, 0x7, 0xe2, 0x0, 0x30, 0x6,
    0xe0, 0xf, 0xfe, 0x2c, 0x80, 0x70, 0xab, 0x2e,
    0x80, 0x24, 0x3, 0x21, 0x0, 0x7f, 0xf0, 0xd1,
    0x0, 0x19, 0xba, 0xa6, 0x94, 0x0, 0x28, 0x1,
    0xa8, 0x3, 0xff, 0x87, 0xe0, 0x19, 0x64, 0x3,
    0xf7, 0x80, 0x66, 0x0, 0xff, 0xe1, 0xa, 0x0,
    0x6b, 0x0, 0xfe, 0x42, 0x0, 0x85, 0x40, 0x3f,
    0xf8, 0x2c, 0x1, 0x9c, 0x40, 0x3f, 0xd4, 0x1,
    0xa4, 0x3, 0xff, 0x83, 0x40, 0x1a, 0x40, 0x3f,
    0xe6, 0x0, 0xc6, 0x40, 0x1f, 0xf1, 0x90, 0x4,
    0xa2, 0x1, 0xff, 0xa, 0x80, 0x6b, 0x0, 0xff,
    0xac, 0x3, 0x78, 0x7, 0xff, 0x6, 0x40, 0x33,
    0x0, 0x7f, 0xcc, 0x1, 0xa, 0x80, 0x7f, 0xf0,
    0x4c, 0x80, 0x33, 0x0, 0x7f, 0x20, 0x80, 0x4e,
    0x1, 0xff, 0xc3, 0xb0, 0xd, 0x60, 0x1f, 0xdc,
    0x1, 0xa8, 0x3, 0xff, 0x86, 0xe0, 0x18, 0x8c,
    0x3, 0xf2, 0x80, 0x44, 0x60, 0x1f, 0xfc, 0x31,
    0x60, 0xd, 0x20, 0x1f, 0x28, 0x6, 0x50, 0xf,
    0xfe, 0x2d, 0x0, 0x65, 0x10, 0xf, 0x70, 0x6,
    0xa0, 0xf, 0xfe, 0x29, 0x98, 0x3, 0x30, 0x7,
    0xa, 0x0, 0x46, 0x40, 0x1f, 0xfc, 0x6a, 0x0,
    0xd4, 0x1, 0xce, 0x1, 0xa8, 0x3, 0xff, 0x8e,
    0xc0, 0x18, 0x90, 0x3, 0x50, 0x6, 0x70, 0xf,
    0xfe, 0x43, 0x0, 0x6e, 0x0, 0x88, 0xc0, 0x24,
    0x10, 0xf, 0xfe, 0x45, 0x80, 0x65, 0x10, 0x5,
    0x0, 0x6e, 0x0, 0xff, 0xe4, 0x91, 0x80, 0x66,
    0x0, 0x28, 0x6, 0x50, 0xf, 0xfe, 0x54, 0x80,
    0x69, 0x3, 0x20, 0x9, 0x40, 0x3f, 0xf9, 0x6a,
    0x20, 0x10, 0xa5, 0x0, 0x6e, 0x0, 0xff, 0xe6,
    0x30, 0x6, 0xf7, 0x0, 0x85, 0x0, 0x3f, 0xf9,
    0x94, 0x1, 0x90, 0x40, 0x26, 0x0, 0xff, 0xe6,
    0x92, 0x0, 0x7e, 0xa0, 0xf, 0xfe, 0x77, 0x0,
    0x7c, 0x44, 0x0, 0xff, 0xe7, 0x28, 0x80, 0x7a,
    0x80, 0x3f, 0xfa, 0xc, 0x1, 0xe6, 0x0, 0xff,
    0xe8, 0x48, 0x7, 0x20, 0x80, 0x7f, 0xf4, 0x5,
    0x0, 0x36, 0x80, 0x7f, 0xf1, 0x0,

    /* U+0475 "ѵ" */
    0x0, 0xff, 0xe5, 0x8a, 0x2a, 0x10, 0x47, 0xfe,
    0x80, 0xf, 0xfe, 0x24, 0xf5, 0xd5, 0xea, 0xd0,
    0x6, 0x60, 0xf, 0xfe, 0x1e, 0x30, 0x7, 0x9,
    0x20, 0x4, 0x2a, 0x1, 0xff, 0xc1, 0x83, 0x0,
    0xf3, 0x7, 0x80, 0x69, 0x0, 0xff, 0xe0, 0x13,
    0x80, 0x7c, 0x40, 0x84, 0x1, 0x19, 0x80, 0x3f,
    0xeb, 0x0, 0xc2, 0xf0, 0xc0, 0x15, 0x80, 0x69,
    0x0, 0xff, 0x98, 0x3, 0x6c, 0x3c, 0x80, 0x4c,
    0x20, 0x12, 0x88, 0x7, 0xf2, 0x80, 0x67, 0x30,
    0xf, 0x98, 0x3, 0x30, 0x7, 0xf7, 0x0, 0x69,
    0x0, 0xfd, 0x40, 0x1a, 0x80, 0x3f, 0xa, 0x0,
    0x48, 0x20, 0x1f, 0x89, 0x0, 0x22, 0x40, 0xf,
    0x98, 0x3, 0x70, 0x7, 0xfb, 0xc0, 0x37, 0x80,
    0x7d, 0x40, 0x10, 0xa8, 0x7, 0xf9, 0x8, 0x2,
    0x42, 0x0, 0xe3, 0x20, 0x9, 0x80, 0x3f, 0xf8,
    0x16, 0x1, 0xa8, 0x3, 0xac, 0x3, 0x50, 0x7,
    0xff, 0x1, 0x84, 0x2, 0x60, 0xe, 0x60, 0x8,
    0xc8, 0x3, 0xff, 0x82, 0xc0, 0x10, 0xb0, 0x4,
    0x82, 0x1, 0x50, 0x7, 0xff, 0xa, 0x80, 0x35,
    0x80, 0x5c, 0x1, 0x98, 0x3, 0xff, 0x84, 0x48,
    0x1, 0x11, 0x80, 0xa8, 0x4, 0xa0, 0x1f, 0xfc,
    0x4f, 0x0, 0xd2, 0xe, 0x1, 0xa4, 0x3, 0xff,
    0x88, 0x84, 0x1, 0x28, 0xd0, 0x4, 0x46, 0x1,
    0xff, 0xc5, 0xb0, 0xd, 0x66, 0x1, 0x50, 0x7,
    0xff, 0x19, 0x80, 0x32, 0x80, 0x66, 0x0, 0xff,
    0xe3, 0xb8, 0x7, 0xc8, 0x20, 0x1f, 0xfc, 0x7a,
    0x0, 0xfb, 0x80, 0x3f, 0xf9, 0x4, 0x80, 0x1c,
    0x2a, 0x1, 0xff, 0xc9, 0xf0, 0xe, 0x60, 0xf,
    0xfe, 0x52, 0x10, 0x6, 0xa0, 0xf, 0xfe, 0x0,

    /* U+048A "Ҋ" */
    0x0, 0xf4, 0x7f, 0xb8, 0x3, 0xfa, 0x3f, 0xdc,
    0x1, 0xff, 0xc6, 0xe0, 0x0, 0x90, 0x7, 0xe4,
    0x0, 0x10, 0x7, 0xff, 0x19, 0xc0, 0x29, 0x0,
    0xf9, 0x8c, 0x1, 0x60, 0x1f, 0xfc, 0x61, 0x60,
    0x2, 0x6a, 0x88, 0x0, 0xea, 0x40, 0x2, 0xe0,
    0x1f, 0xfc, 0x79, 0x30, 0x1, 0x57, 0x7f, 0xb1,
    0x40, 0x3, 0xa0, 0x1f, 0xfc, 0x9c, 0x81, 0x0,
    0xfc, 0xbe, 0x60, 0x1f, 0xfc, 0xa7, 0xeb, 0x86,
    0x55, 0x3d, 0x75, 0x8, 0x7, 0xff, 0x35, 0x1e,
    0x6a, 0x90, 0xa2, 0x1, 0xff, 0xe7, 0xcf, 0xfc,
    0x1, 0xff, 0xc7, 0x8f, 0xfc, 0x80, 0x1f, 0xfd,
    0x4, 0x70, 0xf, 0xfe, 0xa0, 0xd0, 0x7, 0xff,
    0x57, 0x44, 0x3, 0xff, 0xa9, 0x6, 0x1, 0xff,
    0xd4, 0x47, 0x0, 0xff, 0xea, 0xd, 0x0, 0x7f,
    0xf5, 0x74, 0x40, 0x3f, 0xfa, 0x90, 0x60, 0x19,
    0x80, 0x3f, 0xf9, 0xe8, 0xe0, 0x1a, 0xb8, 0x3,
    0xff, 0x9c, 0x34, 0x1, 0x9d, 0x40, 0x3f, 0xf9,
    0xfa, 0x20, 0x11, 0xc0, 0x7, 0xff, 0x3e, 0xc,
    0x2, 0x1d, 0x0, 0xff, 0xe7, 0xa3, 0x80, 0x6a,
    0x10, 0xf, 0xfe, 0x70, 0xd0, 0x6, 0x74, 0x0,
    0xff, 0xe7, 0xe8, 0x80, 0x49, 0x0, 0x1f, 0xfc,
    0xf8, 0x30, 0x8, 0x68, 0x3, 0xff, 0x9e, 0x8e,
    0x1, 0xb4, 0x40, 0x3f, 0xf9, 0xc3, 0x40, 0x1a,
    0xc, 0x3, 0xff, 0x9f, 0xa2, 0x1, 0x23, 0x80,
    0x7f, 0xf3, 0xe4, 0xc0, 0x22, 0xa0, 0xf, 0xfe,
    0x7a, 0xb0, 0x6, 0xe1, 0x0, 0xff, 0xe7, 0x15,
    0x80, 0x69, 0x30, 0xf, 0xfe, 0x7f, 0x8, 0x4,
    0xac, 0x1, 0xff, 0xcf, 0x93, 0x0, 0x8a, 0x80,
    0x3f, 0xf9, 0xea, 0xc0, 0x1b, 0xc0, 0x3f, 0xfa,
    0x14, 0x1, 0xa8, 0x80, 0x3f, 0xfa, 0x8c, 0xa0,
    0x1f, 0xfd, 0x43, 0x90, 0xf, 0xfe, 0xa0, 0xf0,
    0x7, 0xff, 0x56, 0x88, 0x3, 0xff, 0x91, 0x7f,
    0xf8, 0x3, 0xe7, 0x40, 0xf, 0xfe, 0x6a, 0x80,
    0x78, 0xe0, 0x3, 0xff, 0x9d, 0x80, 0x1c, 0x3a,
    0x1, 0xff, 0xcf, 0x70, 0xcf, 0xfb, 0x84, 0x3,
    0xff, 0x8c, 0xff, 0xf4, 0x80, 0x46, 0x20, 0x1f,
    0xfd, 0x1c, 0x0, 0x90, 0x3, 0xff, 0xa4, 0x80,
    0x15, 0x80, 0x7f, 0xf4, 0x48, 0x40, 0x2, 0x60,
    0x1f, 0xfd, 0x17, 0x0, 0x90, 0x3, 0xff, 0xa5,
    0x80, 0x17, 0x80, 0x7f, 0xf4, 0x90, 0x2, 0x40,
    0xf, 0xfe, 0x93, 0xaa, 0x9c, 0x40, 0x20,

    /* U+048B "ҋ" */
    0x0, 0xcb, 0xfe, 0xc0, 0xf, 0xef, 0xf8, 0x40,
    0x3f, 0xf8, 0xe, 0x0, 0x31, 0x0, 0xf9, 0x40,
    0x21, 0x0, 0xff, 0xe0, 0x11, 0x0, 0x14, 0x1,
    0xe1, 0x80, 0x3, 0x0, 0x7f, 0xf0, 0xa4, 0x0,
    0x9a, 0xa2, 0x2, 0xde, 0x40, 0x8, 0x0, 0xff,
    0xe1, 0x24, 0x0, 0xa, 0xbb, 0xfa, 0x44, 0x1,
    0x62, 0x1, 0xff, 0xc3, 0x7b, 0x20, 0xf, 0x8f,
    0x50, 0x3, 0xff, 0x8a, 0x9b, 0x6e, 0xa8, 0xb1,
    0x98, 0x20, 0xf, 0xfe, 0x42, 0x45, 0x5d, 0x39,
    0x80, 0x7f, 0xfe, 0xe3, 0xff, 0x8, 0x7, 0xff,
    0xa, 0xff, 0xed, 0x0, 0xff, 0xe5, 0xc2, 0x0,
    0x7f, 0xf3, 0x99, 0xc0, 0x3f, 0xf9, 0xc7, 0x20,
    0x1f, 0xfc, 0xe1, 0xd0, 0xf, 0xfe, 0x7e, 0x88,
    0x7, 0xff, 0x3a, 0x8c, 0x3, 0xff, 0x9c, 0xea,
    0x1, 0x11, 0x0, 0x3f, 0xf9, 0x29, 0x0, 0x10,
    0xf8, 0x80, 0x7f, 0xf2, 0xa, 0xc0, 0x35, 0x10,
    0x7, 0xff, 0x20, 0x7c, 0x3, 0x42, 0x0, 0x7f,
    0xf2, 0x68, 0x80, 0x26, 0x70, 0xf, 0xfe, 0x4c,
    0xa0, 0x4, 0x72, 0x1, 0xff, 0xc9, 0x66, 0x0,
    0x43, 0xa0, 0x1f, 0xfc, 0x93, 0x90, 0xd, 0xa2,
    0x1, 0xff, 0xc8, 0x1d, 0x0, 0xd4, 0x60, 0x1f,
    0xfc, 0x9d, 0x10, 0x9, 0xd4, 0x3, 0xff, 0x93,
    0x46, 0x1, 0x2c, 0x0, 0x7f, 0xf2, 0x65, 0x40,
    0x22, 0xa0, 0xf, 0xfe, 0x53, 0x80, 0x43, 0x80,
    0x1f, 0xfc, 0xfd, 0x10, 0xf, 0xfe, 0x74, 0x98,
    0x7, 0xff, 0x39, 0x98, 0x1, 0xff, 0xc3, 0x2f,
    0xfb, 0x0, 0x3c, 0x92, 0x1, 0xff, 0xc8, 0xb0,
    0xe, 0x2a, 0x0, 0xff, 0xe4, 0xa8, 0x7, 0x78,
    0x80, 0x7f, 0xf2, 0x4, 0xa3, 0xff, 0x10, 0x7,
    0xff, 0xb, 0x3f, 0xd4, 0x1, 0x38, 0x7, 0xff,
    0x33, 0x0, 0x2d, 0x0, 0xff, 0xe6, 0x20, 0x4,
    0x80, 0x1f, 0xfc, 0xb1, 0x20, 0x2, 0x0, 0x7f,
    0xf3, 0x10, 0x2, 0xd0, 0xf, 0xfe, 0x60, 0xb3,
    0x4e, 0x0,

    /* U+048C "Ҍ" */
    0x0, 0xe9, 0xff, 0xc6, 0x1, 0xff, 0xff, 0x0,
    0xff, 0xff, 0x80, 0x64, 0x99, 0xc8, 0x1, 0xa6,
    0x7f, 0xc8, 0x1, 0xff, 0xc0, 0xc6, 0x6c, 0x40,
    0x19, 0x59, 0xbf, 0x8c, 0x3, 0xff, 0xfe, 0x1,
    0x47, 0xfe, 0x60, 0xd, 0x9f, 0xff, 0xce, 0x1,
    0xff, 0xff, 0x0, 0xff, 0xff, 0x80, 0x6c, 0xff,
    0xff, 0x76, 0xe4, 0x28, 0x7, 0xff, 0x40, 0x48,
    0xde, 0xba, 0x0, 0x3f, 0xfa, 0x62, 0xfa, 0x60,
    0x1f, 0xfc, 0x12, 0x2f, 0xf0, 0x80, 0x7c, 0x5a,
    0x40, 0x1f, 0xfc, 0xe, 0xdd, 0xfe, 0xef, 0xd8,
    0x20, 0xc, 0x3e, 0x1, 0xff, 0xcc, 0x27, 0xd6,
    0x0, 0xc4, 0xc0, 0x1f, 0xfc, 0xe9, 0x60, 0xd,
    0x60, 0x1f, 0xfc, 0xf9, 0x10, 0x8, 0x88, 0x1,
    0xff, 0xcf, 0x40, 0xc, 0xe0, 0x1f, 0xfc, 0xfc,
    0x0, 0xc4, 0x1, 0xff, 0xcf, 0x30, 0xd, 0xe0,
    0x1f, 0xfd, 0x4f, 0x0, 0xff, 0xe7, 0x90, 0x6,
    0x10, 0xf, 0xfe, 0x7e, 0x80, 0x62, 0x0, 0xff,
    0xe7, 0xa, 0x80, 0x64, 0x0, 0xff, 0xe7, 0x58,
    0x6, 0x50, 0xf, 0xfe, 0x74, 0xa8, 0x6, 0x80,
    0xf, 0xfe, 0x59, 0xc7, 0x30, 0x6, 0x62, 0x0,
    0xff, 0xbb, 0x77, 0xfb, 0xbf, 0x1c, 0x40, 0x32,
    0xc8, 0x7, 0xff, 0x0, 0x8b, 0xfc, 0x20, 0x1f,
    0x3d, 0x0, 0x7f, 0xf4, 0x57, 0x20, 0x3, 0xff,
    0x9a, 0x26, 0xd3, 0xd4, 0x60, 0x1c,

    /* U+048D "ҍ" */
    0x0, 0xef, 0xfd, 0x20, 0x1f, 0xff, 0xbf, 0xfe,
    0x0, 0xcd, 0xff, 0xfc, 0x1, 0xff, 0xf2, 0x98,
    0x8c, 0x1, 0x8e, 0x23, 0xf8, 0x3, 0xf3, 0x3b,
    0xe0, 0xc, 0xae, 0xff, 0xc0, 0x1f, 0xfe, 0x5,
    0x66, 0xf9, 0x50, 0xc0, 0x3f, 0xf8, 0x87, 0x33,
    0xf5, 0x5e, 0x7d, 0xa8, 0x7, 0xff, 0x35, 0x2b,
    0x48, 0x3, 0xff, 0x9a, 0x58, 0x40, 0x1f, 0xe6,
    0xff, 0xfb, 0xad, 0x80, 0x30, 0xc8, 0x7, 0xff,
    0x18, 0x52, 0x74, 0x40, 0x24, 0x30, 0xf, 0xfe,
    0x41, 0x40, 0x6, 0x40, 0xf, 0xfe, 0x4b, 0x80,
    0x6e, 0x0, 0xff, 0xe4, 0x88, 0x6, 0x30, 0xf,
    0xfe, 0x48, 0x80, 0x63, 0x0, 0xff, 0xe4, 0xb8,
    0x6, 0xe0, 0xf, 0xfe, 0x40, 0xd8, 0x6, 0x40,
    0xf, 0xfe, 0x39, 0xe1, 0x0, 0x46, 0x60, 0xf,
    0xe5, 0x88, 0xfa, 0xb7, 0x8, 0x3, 0x78, 0x7,
    0xf8, 0xdd, 0xfe, 0x52, 0x0, 0xeb, 0x30, 0xf,
    0xfe, 0x5a, 0x6a, 0x0, 0x7f, 0xf1, 0xc4, 0x96,
    0x3a, 0xc8, 0x2,

    /* U+048E "Ҏ" */
    0xcf, 0xff, 0xfe, 0xf, 0x6e, 0x4a, 0x88, 0x7,
    0xff, 0x28, 0x48, 0xda, 0xba, 0x8c, 0x3, 0xff,
    0x9c, 0xb9, 0x20, 0x1f, 0xfc, 0xf6, 0xd1, 0x0,
    0xfd, 0x79, 0x9f, 0x5d, 0x4b, 0x10, 0x7, 0x16,
    0x80, 0x7e, 0x43, 0x3f, 0x91, 0x5a, 0x77, 0xc,
    0x3, 0x1c, 0x80, 0x7f, 0xf2, 0xf, 0x18, 0x3,
    0x31, 0x0, 0x7f, 0xf2, 0x65, 0x0, 0x35, 0x80,
    0x7f, 0xf2, 0xa4, 0x3, 0x20, 0x7, 0xff, 0x28,
    0x88, 0x1, 0x10, 0x80, 0x7f, 0xf2, 0x90, 0x3,
    0x10, 0x7, 0xff, 0x5, 0x98, 0x1, 0xf0, 0x80,
    0x67, 0x0, 0xff, 0xe0, 0x4c, 0xc6, 0x1, 0xef,
    0x0, 0xc2, 0x1, 0xff, 0x23, 0x0, 0x38, 0x3,
    0xdc, 0x1, 0x84, 0x3, 0xfe, 0x46, 0x0, 0x15,
    0x0, 0x72, 0x80, 0x66, 0x0, 0xff, 0xe0, 0x49,
    0x0, 0x15, 0x80, 0x21, 0x30, 0xc, 0x40, 0x1f,
    0xfc, 0x1f, 0x0, 0xa4, 0xc0, 0x16, 0x1, 0x94,
    0x3, 0xff, 0x84, 0x54, 0x1, 0x70, 0x32, 0x80,
    0x6e, 0x0, 0xff, 0xe1, 0xab, 0x0, 0xb, 0x64,
    0x3, 0x22, 0x0, 0x3f, 0xf8, 0x94, 0x20, 0x2,
    0x0, 0xc3, 0x20, 0x1f, 0x7f, 0xff, 0xb0, 0x40,
    0x3e, 0xd2, 0x0, 0xff, 0xe6, 0x16, 0x98, 0x7,
    0xff, 0x35, 0x88, 0x3, 0xff, 0x92, 0x6e, 0x60,
    0x4, 0x70, 0xf, 0xec, 0xcf, 0xdb, 0xdf, 0xec,
    0x8e, 0x10, 0x4, 0x18, 0x7, 0xe3, 0x3f, 0xc4,
    0x20, 0x18, 0xa8, 0x2, 0xd1, 0x0, 0xff, 0xe5,
    0x23, 0x80, 0x6, 0x80, 0x3f, 0xf9, 0x70, 0x60,
    0x4, 0x70, 0xf, 0xfe, 0x5e, 0x88, 0x1b, 0x0,
    0x7f, 0xf2, 0xc6, 0x9b, 0x4, 0x3, 0xff, 0x98,
    0x92, 0x1, 0xff, 0xff, 0x0, 0xff, 0xe0, 0x0,

    /* U+048F "ҏ" */
    0x7f, 0xfb, 0x80, 0x39, 0x6b, 0x7b, 0xfd, 0xb4,
    0xc2, 0x1, 0xff, 0xc3, 0x6e, 0xa5, 0x21, 0x0,
    0x12, 0xcf, 0x48, 0x80, 0x7f, 0xf0, 0x2a, 0x44,
    0x3, 0xfc, 0xde, 0x60, 0x1f, 0xea, 0x50, 0xf,
    0xfe, 0x8, 0xe2, 0x0, 0x7e, 0x65, 0x0, 0x96,
    0xb7, 0xb6, 0xdc, 0x40, 0x3a, 0xc8, 0x3, 0xc3,
    0x0, 0x3, 0xea, 0x52, 0x12, 0x48, 0xe8, 0x0,
    0xef, 0x0, 0xf8, 0x41, 0xb0, 0x40, 0x3f, 0x3e,
    0x0, 0x62, 0x60, 0xf, 0x8e, 0x40, 0x3f, 0xe3,
    0x90, 0xd, 0x60, 0x1f, 0x70, 0x7, 0xff, 0x5,
    0x90, 0x2, 0x23, 0x0, 0xe5, 0x20, 0xf, 0xfe,
    0x14, 0x0, 0x6b, 0x0, 0xef, 0x0, 0xff, 0xe1,
    0x98, 0x80, 0x46, 0x1, 0xce, 0x1, 0xff, 0xc4,
    0x20, 0x9, 0x80, 0x38, 0xc0, 0x3f, 0xf8, 0x8c,
    0x1, 0x18, 0x7, 0xff, 0x50, 0xc0, 0x3f, 0xc4,
    0x1, 0xcc, 0x1, 0x18, 0x7, 0x38, 0x7, 0xf2,
    0xec, 0x0, 0x63, 0x0, 0x98, 0x3, 0xbc, 0x3,
    0xf3, 0xd0, 0x3a, 0x80, 0xc, 0x3, 0x18, 0x7,
    0x28, 0x80, 0x7c, 0xa0, 0x15, 0x10, 0x48, 0x6,
    0xb0, 0xf, 0x68, 0x7, 0xc5, 0x40, 0x17, 0xaa,
    0x80, 0x22, 0x30, 0xf, 0x1c, 0x80, 0x7c, 0xae,
    0x0, 0x2a, 0x0, 0xd0, 0x1, 0xf9, 0xb0, 0x40,
    0x3d, 0x8, 0x1, 0xe3, 0x50, 0xf, 0x40, 0x0,
    0xfa, 0x94, 0x84, 0x92, 0x14, 0x3, 0x87, 0x80,
    0x3e, 0x56, 0x0, 0x96, 0xb7, 0xb6, 0xdc, 0x40,
    0x3a, 0x8, 0x3, 0xf4, 0xb8, 0x7, 0xff, 0xe,
    0xc0, 0x3f, 0xd1, 0x64, 0x1, 0xfe, 0x40, 0x1,
    0x50, 0x7, 0xf9, 0x36, 0xd8, 0x80, 0x22, 0x5a,
    0xfb, 0x40, 0x2, 0xb8, 0x7, 0xfc, 0x93, 0xbf,
    0xf6, 0xd2, 0x80, 0x28, 0x40, 0x10, 0x40, 0x1f,
    0xfc, 0x91, 0xd0, 0x4, 0x90, 0x7, 0xff, 0x28,
    0xeb, 0x18, 0x3, 0xff, 0x98, 0xa6, 0x1, 0xff,
    0xff, 0x0, 0xff, 0xf9, 0x0,

    /* U+0490 "Ґ" */
    0x0, 0xff, 0xe2, 0x97, 0xfe, 0x40, 0xf, 0xff,
    0xf8, 0x7, 0xff, 0xcf, 0x3f, 0xff, 0xf8, 0x9a,
    0x1, 0xff, 0xff, 0x0, 0xd9, 0x9f, 0xfc, 0x54,
    0x0, 0xe3, 0x3f, 0xfe, 0x28, 0x7, 0xff, 0xfc,
    0x3, 0xff, 0xfe, 0x1, 0xff, 0xff, 0x0, 0xff,
    0xff, 0x80, 0x7f, 0xff, 0xc0, 0x3f, 0xff, 0xe0,
    0x1f, 0xff, 0xf0, 0xf, 0xff, 0xf8, 0x7, 0xff,
    0x84,

    /* U+0491 "ґ" */
    0x0, 0xff, 0xe0, 0x9f, 0xfe, 0x10, 0xf, 0xff,
    0xf8, 0x47, 0xff, 0xff, 0x3, 0x0, 0x3f, 0xfe,
    0xfb, 0xdd, 0xff, 0xc0, 0x10, 0xe, 0x31, 0x1f,
    0xfe, 0x0, 0x7, 0xff, 0xfc, 0x3, 0xff, 0xfe,
    0x1, 0xff, 0xff, 0x0, 0xff, 0xff, 0x80, 0x7f,
    0xff, 0xc0, 0x3c,

    /* U+0492 "Ғ" */
    0x0, 0xe7, 0xff, 0xff, 0xe4, 0xc0, 0x7, 0xff,
    0xfc, 0x3, 0xff, 0x8f, 0x39, 0x9f, 0xfc, 0x49,
    0x0, 0xff, 0x29, 0x9f, 0xff, 0x10, 0x40, 0x3f,
    0xff, 0xe0, 0x1f, 0xff, 0xf0, 0xf, 0xff, 0xf8,
    0x7, 0xff, 0xad, 0x6a, 0xb5, 0x80, 0x68, 0xaa,
    0xff, 0xe0, 0x98, 0x5, 0x8a, 0xb8, 0xc0, 0x32,
    0x2a, 0xff, 0xf0, 0x5c, 0x3, 0xff, 0xdf, 0x3f,
    0xfa, 0x0, 0x36, 0x7f, 0xff, 0xf0, 0x50, 0x3,
    0xff, 0xfe, 0x1, 0xff, 0xff, 0x0, 0xff, 0xff,
    0x80, 0x7f, 0xff, 0xc0, 0x3f, 0xfe, 0xe0,

    /* U+0493 "ғ" */
    0x0, 0xb3, 0xff, 0xff, 0x8c, 0x1, 0xff, 0xfd,
    0x2e, 0xef, 0xfe, 0x10, 0x7, 0xe1, 0x1f, 0xfe,
    0x10, 0x7, 0xff, 0xfc, 0x3, 0xff, 0xfe, 0x1,
    0xbf, 0xe3, 0x0, 0x8b, 0xff, 0xfd, 0x60, 0x1f,
    0xfe, 0x3b, 0xaa, 0x10, 0x4, 0x35, 0x5f, 0xe8,
    0x0, 0x91, 0x54, 0x20, 0x11, 0xaa, 0xff, 0x8c,
    0x3, 0xff, 0xfe, 0x1, 0xff, 0xff, 0x0, 0xff,
    0xe8, 0x80,

    /* U+0494 "Ҕ" */
    0xcf, 0xff, 0xfe, 0x51, 0x80, 0x7f, 0xff, 0xc0,
    0x3f, 0xf8, 0x59, 0x9f, 0xfc, 0x63, 0x0, 0xfc,
    0x67, 0xff, 0xc6, 0x0, 0xff, 0xff, 0x80, 0x7f,
    0xff, 0xc0, 0x3f, 0xff, 0xe0, 0x1e, 0x13, 0x31,
    0x0, 0x7f, 0xf1, 0xc9, 0xf3, 0xfb, 0x31, 0xbf,
    0xb2, 0xa0, 0x1f, 0xfc, 0x13, 0xbd, 0x83, 0x0,
    0xf1, 0x35, 0x73, 0x80, 0x7f, 0xd8, 0x80, 0x1f,
    0xfc, 0x1, 0x8d, 0x20, 0xf, 0xfe, 0x10, 0xa2,
    0xa8, 0xc0, 0x3c, 0x58, 0x60, 0x1f, 0xe2, 0x8e,
    0xe5, 0xd5, 0x33, 0xec, 0xc0, 0x30, 0xe8, 0x80,
    0x7c, 0x35, 0xae, 0x20, 0x1e, 0x4c, 0x90, 0xc,
    0x34, 0x1, 0xf7, 0x28, 0x7, 0xfc, 0xd4, 0x1,
    0x91, 0x0, 0x1f, 0xfc, 0x85, 0x60, 0xd, 0xc0,
    0x1f, 0xfc, 0x98, 0x0, 0xca, 0x1, 0xff, 0xc9,
    0x14, 0x0, 0xc6, 0x1, 0xff, 0xc9, 0xc0, 0xc,
    0xc0, 0x1f, 0xfc, 0x92, 0x0, 0xc6, 0x1, 0xff,
    0xc9, 0x10, 0xc, 0x20, 0x1f, 0xfc, 0x91, 0x0,
    0xc2, 0x1, 0xff, 0xc9, 0x30, 0xc, 0x60, 0x1f,
    0xfc, 0x9c, 0x0, 0xce, 0x1, 0xff, 0xc9, 0x40,
    0x8, 0x48, 0x3, 0xff, 0x90, 0xc2, 0x1, 0x20,
    0x7, 0xff, 0x20, 0x60, 0x3, 0x48, 0x67, 0xfe,
    0x0, 0xff, 0xe0, 0x8e, 0x8, 0x4, 0xa6, 0x1,
    0xff, 0xc6, 0x4c, 0x20, 0xd, 0x60, 0x1f, 0xfc,
    0x14, 0x22, 0x1b, 0x65, 0x90, 0x6, 0xa1, 0x0,
    0xff, 0xe0, 0xde, 0xeb, 0x24, 0xc0, 0x3a, 0x54,
    0x3, 0xff, 0x82, 0x60, 0x1f, 0xea, 0x60, 0xf,
    0xfe, 0x12, 0x80, 0x7e, 0x6e, 0x50, 0xf, 0xfe,
    0x21, 0x0, 0x42, 0x93, 0xd2, 0x20, 0x1f, 0xfc,
    0x46, 0xdf, 0xfb, 0xad, 0x84, 0x3, 0xf0,

    /* U+0495 "ҕ" */
    0x8f, 0xff, 0xfe, 0x2d, 0x0, 0x7f, 0xff, 0xc0,
    0x3e, 0xde, 0xef, 0xfe, 0x5, 0x0, 0x7f, 0x8c,
    0x47, 0xff, 0x80, 0x1, 0xff, 0xff, 0x0, 0xff,
    0xff, 0x80, 0x7c, 0x91, 0x9d, 0xfe, 0xec, 0x94,
    0x0, 0xff, 0xe0, 0x4f, 0x5b, 0x98, 0x80, 0x4,
    0xda, 0xf9, 0x80, 0x3f, 0xce, 0x20, 0x1f, 0xe1,
    0x9c, 0x10, 0xf, 0xfe, 0x51, 0xe0, 0x80, 0x7f,
    0x24, 0x67, 0xfd, 0x90, 0x20, 0x18, 0xa8, 0x3,
    0xe5, 0xdb, 0x73, 0x0, 0x8d, 0xf9, 0x80, 0x32,
    0x28, 0x7, 0xac, 0x80, 0x3f, 0xa5, 0x80, 0x34,
    0x0, 0x7f, 0xf1, 0xa4, 0x80, 0x22, 0x30, 0xf,
    0xfe, 0x35, 0x0, 0x64, 0x0, 0xff, 0xe3, 0x28,
    0x6, 0xe0, 0xf, 0xfe, 0x31, 0x0, 0x62, 0x0,
    0xff, 0xf1, 0x88, 0x7, 0xff, 0x18, 0x80, 0x31,
    0xc7, 0xfe, 0x10, 0xf, 0xfe, 0x2, 0x0, 0x6f,
    0x0, 0xff, 0xe3, 0x50, 0x6, 0x40, 0xf, 0xfe,
    0x2a, 0x98, 0x4, 0x64, 0x1, 0xff, 0xc4, 0x4a,
    0x0, 0xd2, 0x1, 0xff, 0xc3, 0x18, 0xb0, 0xc,
    0x6a, 0x1, 0xfc, 0x73, 0xf, 0x17, 0xce, 0x1,
    0x87, 0x40, 0x3f, 0xc8, 0xcf, 0xe, 0x80, 0x1c,
    0x3a, 0x20, 0x1f, 0xec, 0x0, 0xfe, 0x4f, 0x30,
    0xf, 0xf9, 0x40, 0x3e, 0x3a, 0xb1, 0x0, 0xff,
    0xe0, 0x43, 0x2a, 0xcf, 0x3b, 0x8a, 0x1, 0xff,
    0xc2, 0x69, 0xaa, 0xa1, 0x88, 0x3, 0xf0,

    /* U+0496 "Җ" */
    0x0, 0x77, 0xfe, 0x20, 0xf, 0xfe, 0x15, 0x7f,
    0xe1, 0x0, 0xff, 0xe1, 0x67, 0xfe, 0x50, 0xe,
    0xb0, 0xd, 0xc0, 0x1f, 0xfd, 0x56, 0x30, 0x9,
    0x14, 0x3, 0x95, 0x0, 0x23, 0x60, 0xf, 0xfe,
    0x98, 0xc0, 0x6, 0x90, 0xf, 0xa8, 0x3, 0x40,
    0x80, 0x7f, 0xf4, 0xa0, 0x40, 0x28, 0x20, 0xf,
    0x86, 0x40, 0x21, 0x80, 0xf, 0xfe, 0x89, 0xb0,
    0x4, 0x4e, 0x1, 0xfc, 0xc6, 0x1, 0x31, 0x80,
    0x7f, 0xf4, 0x38, 0x3, 0x70, 0x7, 0xfd, 0xc0,
    0x1b, 0xc0, 0x3f, 0xf9, 0xee, 0x40, 0x13, 0x18,
    0x7, 0xfc, 0x4e, 0x1, 0x1b, 0x0, 0x7f, 0xf3,
    0x46, 0x0, 0x21, 0x90, 0xf, 0xfe, 0xc, 0x10,
    0x5, 0x22, 0x1, 0xff, 0xcc, 0xb0, 0xd, 0x60,
    0x1f, 0xfc, 0x39, 0x0, 0xd6, 0x1, 0xff, 0xcb,
    0x45, 0x0, 0x91, 0x40, 0x3f, 0xf8, 0x68, 0xa0,
    0x12, 0xa0, 0x7, 0xff, 0x2a, 0x40, 0x35, 0x0,
    0x7f, 0xf1, 0x6c, 0x40, 0x29, 0x0, 0xff, 0xe4,
    0xc1, 0x0, 0x52, 0x20, 0x1f, 0xfc, 0x51, 0x80,
    0x8, 0x9c, 0x3, 0xff, 0x8e, 0x4e, 0x1, 0x1b,
    0x0, 0x7f, 0xf1, 0xd8, 0xc0, 0x28, 0x20, 0xf,
    0xfe, 0x34, 0x80, 0x6e, 0x0, 0xff, 0xe4, 0xf0,
    0x6, 0x94, 0x4f, 0x8, 0x6, 0x44, 0xf3, 0xa0,
    0x4, 0xe4, 0x1, 0xff, 0xc9, 0x28, 0x0, 0x92,
    0xef, 0xc8, 0x1, 0xaa, 0xef, 0xa0, 0x2, 0x28,
    0x0, 0xff, 0xe5, 0xa0, 0x7, 0xff, 0x35, 0x0,
    0x3f, 0xf9, 0x9e, 0x1, 0xff, 0xcd, 0x62, 0x0,
    0xff, 0xe5, 0x31, 0x80, 0x7f, 0xf3, 0xa4, 0x3,
    0xff, 0x92, 0x30, 0x1, 0x9b, 0xff, 0xca, 0x1,
    0xbb, 0xff, 0xb0, 0x3, 0x23, 0x0, 0x7f, 0xf2,
    0x2c, 0x40, 0x21, 0x80, 0xf, 0xfe, 0x29, 0xb0,
    0x6, 0x81, 0x0, 0xff, 0xe3, 0x22, 0x80, 0x6b,
    0x10, 0xf, 0xfe, 0x34, 0x8, 0x4, 0x36, 0x1,
    0xff, 0xc6, 0x90, 0xc, 0x8a, 0x1, 0xff, 0xc7,
    0x1b, 0x0, 0xca, 0x80, 0x1f, 0xfc, 0x48, 0x20,
    0xd, 0x20, 0x1f, 0xfc, 0x95, 0x40, 0xd, 0x20,
    0x1f, 0xfc, 0x32, 0x70, 0xd, 0x4, 0x1, 0xff,
    0xca, 0x90, 0xc, 0x50, 0x1, 0xff, 0xc2, 0xe0,
    0xc, 0x4e, 0x1, 0xff, 0xcb, 0x28, 0x0, 0xce,
    0x40, 0x1f, 0xfc, 0x6, 0x30, 0xd, 0xc0, 0x1f,
    0xfc, 0xd7, 0x20, 0xd, 0xc0, 0x1f, 0xf0, 0xc0,
    0x6, 0x63, 0x0, 0xff, 0xe7, 0x70, 0x6, 0x36,
    0x0, 0xff, 0x58, 0x80, 0x43, 0x0, 0x1f, 0xfc,
    0xf3, 0x60, 0xd, 0x2, 0x1, 0xf9, 0x14, 0x3,
    0x58, 0x80, 0x7f, 0xf4, 0x24, 0x40, 0x21, 0xf3,
    0x3c, 0x40, 0x14, 0x80, 0x64, 0x50, 0xf, 0xfe,
    0x95, 0x80, 0x61, 0xcc, 0xd6, 0x0, 0x82, 0x0,
    0xd2, 0x1, 0xff, 0xd3, 0x54, 0x0, 0xff, 0x13,
    0x80, 0x68, 0x20, 0xf, 0xfe, 0xa4, 0x80, 0x7f,
    0xb8, 0x3, 0x13, 0x80, 0x7f, 0xf5, 0x49, 0x80,
    0x3f, 0xb3, 0xff, 0x68, 0x7, 0xff, 0xe, 0xbf,
    0xf0, 0x80, 0x7f, 0xf0, 0xa7, 0xfe, 0x10, 0xf,
    0xff, 0xf8, 0x7, 0xff, 0xfc, 0x3, 0xff, 0xfe,
    0x1, 0xff, 0xff, 0x0, 0xff, 0xf6, 0x4b, 0xbd,
    0xa0,

    /* U+0497 "җ" */
    0x6, 0xff, 0xce, 0x1, 0xff, 0x7f, 0xea, 0x0,
    0xff, 0xb3, 0xff, 0x10, 0x6, 0x64, 0x0, 0xa0,
    0x80, 0x3f, 0xf9, 0xac, 0x60, 0x14, 0x10, 0x7,
    0x48, 0x6, 0x90, 0xf, 0xfe, 0x60, 0xc8, 0x4,
    0x4e, 0x1, 0xe2, 0x80, 0x9, 0x14, 0x3, 0xff,
    0x97, 0x60, 0x1b, 0x80, 0x3f, 0x39, 0x80, 0x56,
    0x20, 0x1f, 0xfc, 0x94, 0x50, 0x9, 0x8c, 0x3,
    0xfb, 0xc0, 0x21, 0x80, 0xf, 0xfe, 0x4c, 0x80,
    0x43, 0x20, 0x1f, 0xe3, 0x70, 0x9, 0x8c, 0x3,
    0xff, 0x8f, 0x4, 0x1, 0x50, 0x7, 0xff, 0x2,
    0x8, 0x2, 0xe0, 0xf, 0xfe, 0x31, 0x38, 0x4,
    0xa8, 0x1, 0xff, 0xc1, 0x90, 0x8, 0x9c, 0x3,
    0xff, 0x8b, 0xc0, 0x10, 0xd8, 0x7, 0xff, 0x9,
    0x18, 0x2, 0x82, 0x0, 0xff, 0xe1, 0xb1, 0x80,
    0x50, 0x20, 0x1f, 0xfc, 0x38, 0x10, 0xa, 0x40,
    0x3f, 0xf8, 0x43, 0x0, 0x12, 0x30, 0x7, 0xff,
    0x10, 0x6c, 0x2, 0x4f, 0xfe, 0x0, 0xcb, 0xff,
    0xb8, 0x40, 0x29, 0x0, 0xff, 0xe3, 0x29, 0x80,
    0x7f, 0xf2, 0x5c, 0x80, 0x3f, 0xf8, 0xc6, 0x60,
    0xf, 0xfe, 0x4b, 0x8, 0x7, 0xff, 0x1b, 0x80,
    0x3f, 0xf9, 0x43, 0x0, 0x1f, 0xfc, 0x58, 0x20,
    0x8, 0xff, 0xf8, 0x3, 0x2f, 0xfe, 0xd0, 0xc,
    0xc8, 0x1, 0xff, 0xc3, 0x37, 0x0, 0xdc, 0x1,
    0xff, 0xc2, 0x28, 0x0, 0xd2, 0x1, 0xff, 0xc3,
    0xe0, 0xc, 0xe4, 0x1, 0xff, 0xc3, 0x73, 0x0,
    0x8a, 0x40, 0x3f, 0xf8, 0x2e, 0x40, 0x11, 0x40,
    0x7, 0xff, 0x17, 0x80, 0x33, 0x18, 0x7, 0xfc,
    0x50, 0x1, 0xb8, 0x3, 0xff, 0x8c, 0x4e, 0x1,
    0xb8, 0x3, 0xfe, 0xe0, 0xc, 0xc6, 0x1, 0xff,
    0xc7, 0x82, 0x0, 0x8a, 0x0, 0x3f, 0x9c, 0xc0,
    0x21, 0x80, 0xf, 0xfe, 0x4f, 0x0, 0x67, 0x30,
    0xf, 0x8a, 0x0, 0x35, 0x88, 0x7, 0xff, 0x24,
    0xd8, 0x3, 0x67, 0xfe, 0x0, 0xa4, 0x3, 0x2a,
    0x80, 0x3f, 0xf9, 0x72, 0x20, 0x1f, 0xe6, 0x40,
    0xd, 0x60, 0x1f, 0xfc, 0xda, 0x0, 0xfe, 0x19,
    0x0, 0xd2, 0x20, 0x1f, 0xfc, 0xd4, 0x0, 0xfe,
    0x1f, 0xfe, 0x60, 0xf, 0xfb, 0xff, 0x50, 0x7,
    0xfd, 0xff, 0x68, 0x7, 0xff, 0xfc, 0x3, 0xff,
    0xfe, 0x1, 0xff, 0xf4, 0x37, 0x7c, 0x0,

    /* U+0498 "Ҙ" */
    0x0, 0xf9, 0x1e, 0xb7, 0xbf, 0xdd, 0xb9, 0x2a,
    0x20, 0x1f, 0xfc, 0x5, 0xaf, 0xb8, 0x52, 0x10,
    0x0, 0x91, 0xb5, 0x75, 0xa0, 0x7, 0xe6, 0xea,
    0x50, 0xf, 0xfe, 0x12, 0x5d, 0x84, 0x3, 0x86,
    0x44, 0x3, 0xff, 0x8c, 0x9e, 0x40, 0x18, 0x50,
    0x3, 0x8d, 0xa6, 0xf3, 0x2a, 0x73, 0x0, 0xe1,
    0xf0, 0xe, 0xe0, 0x3, 0x5f, 0xe4, 0xb2, 0x19,
    0xcb, 0x19, 0xa6, 0x1, 0x89, 0xc0, 0x32, 0xc7,
    0x4a, 0x0, 0x7f, 0xc5, 0x8a, 0x1, 0xa8, 0x3,
    0x9c, 0x40, 0x3f, 0xf8, 0x74, 0x1, 0x88, 0x40,
    0x3f, 0xf9, 0x48, 0x1, 0x8c, 0x3, 0xff, 0x94,
    0x40, 0x1f, 0xfc, 0xf2, 0x0, 0xc4, 0x1, 0xff,
    0xc9, 0x24, 0x0, 0x90, 0x3, 0xff, 0x92, 0x3c,
    0x1, 0xbc, 0x3, 0xff, 0x8c, 0x29, 0x3c, 0x60,
    0x12, 0xa0, 0x7, 0xe2, 0xff, 0xfe, 0xeb, 0x60,
    0xc, 0x94, 0x1, 0xff, 0xcd, 0x9b, 0x0, 0xff,
    0xe7, 0x69, 0x80, 0x7f, 0xf3, 0x93, 0x20, 0x3,
    0xf8, 0xbf, 0xff, 0xba, 0xe0, 0x80, 0x33, 0xc8,
    0x7, 0xff, 0x18, 0x51, 0xf6, 0x40, 0x33, 0x30,
    0x3, 0xff, 0x92, 0xd8, 0x1, 0xa0, 0x3, 0xff,
    0x94, 0x6c, 0x1, 0xa, 0x0, 0x7f, 0xf2, 0xb4,
    0x3, 0x60, 0x7, 0xff, 0x29, 0xc0, 0x30, 0x80,
    0x7f, 0xf9, 0x90, 0x3, 0x8, 0x29, 0x80, 0x7f,
    0xf1, 0xe4, 0x3, 0x60, 0x46, 0x40, 0x7, 0xff,
    0x16, 0xc4, 0x2, 0x14, 0x41, 0x3, 0xfc, 0x98,
    0x7, 0xff, 0x1, 0x35, 0x0, 0x34, 0x7, 0x80,
    0x66, 0xce, 0xb7, 0x54, 0x33, 0x91, 0xa7, 0xac,
    0x80, 0x32, 0x30, 0x68, 0x7, 0x85, 0x22, 0xaf,
    0x32, 0xb9, 0x61, 0x0, 0xe4, 0xb0, 0x3, 0x6a,
    0x80, 0x7f, 0xf2, 0x22, 0xc0, 0x31, 0x56, 0xb8,
    0x80, 0x7f, 0xf0, 0x85, 0xb9, 0xc0, 0x3e, 0x28,
    0xed, 0x96, 0x30, 0xe, 0x13, 0x58, 0xbe, 0x91,
    0x0, 0xff, 0x89, 0xa7, 0x1c, 0x2, 0x1e, 0xca,
    0x74, 0x0, 0xff, 0xff, 0x80, 0x7f, 0xff, 0xc0,
    0x3f, 0xf9, 0xc0,

    /* U+0499 "ҙ" */
    0x0, 0xe4, 0x8b, 0xef, 0xf7, 0x6e, 0x4a, 0x88,
    0x7, 0xe2, 0x9f, 0xb7, 0x41, 0x0, 0x9, 0x1b,
    0x57, 0x59, 0x80, 0x73, 0xeb, 0x0, 0x7f, 0xf0,
    0x53, 0x20, 0x3, 0x20, 0x7, 0xff, 0x15, 0xe4,
    0x2, 0x31, 0x0, 0x1b, 0xde, 0xff, 0xdd, 0x6c,
    0x1, 0xcc, 0x80, 0x14, 0xc7, 0x64, 0x21, 0x0,
    0x42, 0x93, 0xc6, 0x1, 0xb8, 0x2, 0x77, 0x8,
    0x7, 0xf8, 0x78, 0x3, 0x30, 0x7, 0xff, 0x14,
    0x80, 0x3f, 0xf9, 0x44, 0x1, 0x90, 0x3, 0xff,
    0x88, 0x5e, 0x1, 0xc, 0x80, 0x7c, 0x6a, 0xbc,
    0xd1, 0x9a, 0x40, 0x2, 0xc1, 0x0, 0xfa, 0x6a,
    0xba, 0x5c, 0xc0, 0x26, 0xc2, 0x0, 0xff, 0xe3,
    0x9e, 0x8, 0x7, 0xff, 0x20, 0xeb, 0x4c, 0x3,
    0xf5, 0x7f, 0xfb, 0xad, 0x40, 0x22, 0xc3, 0x0,
    0xff, 0xe1, 0xa, 0x56, 0x0, 0x6d, 0x0, 0xff,
    0xe2, 0x9c, 0x0, 0x42, 0xa0, 0x1f, 0xfc, 0x54,
    0x0, 0xda, 0x1, 0xff, 0xc5, 0x70, 0xf, 0x10,
    0x80, 0x7f, 0xf0, 0xbc, 0x3, 0x70, 0x47, 0x41,
    0x0, 0x7f, 0xd4, 0x80, 0x19, 0xc5, 0x41, 0xf7,
    0x21, 0x48, 0x40, 0x2, 0x91, 0xca, 0x1, 0x9c,
    0x5c, 0x3, 0x1b, 0xd6, 0xf7, 0xfb, 0xad, 0xc4,
    0x3, 0x24, 0x2, 0x20, 0x3, 0xff, 0x8a, 0xd6,
    0x0, 0x2b, 0xc5, 0x0, 0xff, 0xe0, 0xa6, 0x48,
    0x7, 0x1d, 0x7d, 0xba, 0x0, 0x79, 0x67, 0xac,
    0xc0, 0x3f, 0x92, 0x2f, 0x80, 0x35, 0xd3, 0x8,
    0x7, 0xff, 0xfc, 0x3, 0xff, 0x96,

    /* U+049A "Қ" */
    0xcf, 0xfc, 0x1, 0xff, 0xc5, 0xcf, 0xfc, 0xa0,
    0x1f, 0xfc, 0xc7, 0x30, 0x9, 0x54, 0x1, 0xff,
    0xcb, 0x38, 0x0, 0x8a, 0x80, 0x3f, 0xf9, 0x9c,
    0x1, 0xb8, 0x3, 0xff, 0x99, 0x24, 0x1, 0x41,
    0x80, 0x7f, 0xf2, 0xd5, 0x80, 0x24, 0x70, 0xf,
    0xfe, 0x58, 0xd8, 0x4, 0x34, 0x1, 0xff, 0xcc,
    0xa1, 0x0, 0xa8, 0x40, 0x3f, 0xf9, 0x6e, 0x80,
    0x13, 0xa0, 0x7, 0xff, 0x2c, 0xe0, 0x2, 0x38,
    0x0, 0xff, 0xe6, 0x70, 0x6, 0xe0, 0xf, 0xfe,
    0x64, 0x90, 0x5, 0x44, 0x1, 0xff, 0xcb, 0x56,
    0x0, 0x99, 0x40, 0x3f, 0xf9, 0x63, 0x60, 0x11,
    0x48, 0x7, 0xff, 0x15, 0x13, 0xea, 0x10, 0xb,
    0xc0, 0x3f, 0xf8, 0xd7, 0x7f, 0x20, 0x5, 0x24,
    0x1, 0xff, 0xd0, 0x16, 0x0, 0xff, 0xe8, 0x8b,
    0x80, 0x7f, 0xf4, 0xa0, 0xc0, 0x3f, 0xf8, 0xdf,
    0xff, 0x20, 0x6, 0xe0, 0xf, 0xfe, 0x6d, 0x8,
    0x4, 0x54, 0x1, 0xff, 0xcc, 0x1a, 0x0, 0xca,
    0xa0, 0xf, 0xfe, 0x62, 0x38, 0x6, 0xa2, 0x0,
    0xff, 0xe6, 0x41, 0x80, 0x6e, 0x0, 0xff, 0xe6,
    0xf0, 0x6, 0x38, 0x0, 0xff, 0xe6, 0x15, 0x0,
    0x67, 0x30, 0xf, 0xfe, 0x62, 0xb0, 0x6, 0xd0,
    0xf, 0xfe, 0x6c, 0x90, 0x4, 0x34, 0x1, 0xff,
    0xcd, 0xf0, 0xc, 0xaa, 0x0, 0xff, 0xe6, 0x14,
    0x80, 0x6a, 0x53, 0x3c, 0x40, 0x1f, 0xfc, 0x76,
    0x40, 0xd, 0x59, 0x9a, 0xc0, 0x3f, 0xf9, 0x14,
    0x20, 0x1f, 0xfd, 0x11, 0xa0, 0xf, 0xfe, 0x92,
    0x28, 0x7, 0xec, 0xff, 0xc0, 0x1f, 0xfc, 0x5a,
    0xff, 0x84, 0x3, 0xff, 0xfe, 0x1, 0xff, 0xff,
    0x0, 0xff, 0xfb, 0x4b, 0xbd, 0xa0,

    /* U+049B "қ" */
    0x8f, 0xfc, 0x20, 0x1f, 0xfc, 0xa, 0xff, 0xc8,
    0x1, 0xff, 0xc8, 0x65, 0x0, 0xa1, 0x0, 0x3f,
    0xf8, 0xe7, 0x20, 0x12, 0x38, 0x7, 0xff, 0x23,
    0x80, 0x21, 0xa0, 0xf, 0xfe, 0x45, 0x10, 0x5,
    0xa2, 0x1, 0xff, 0xc7, 0x65, 0x0, 0xa4, 0xc0,
    0x3f, 0xf8, 0xe7, 0x20, 0x12, 0xb0, 0x7, 0xff,
    0x23, 0x80, 0x22, 0xa0, 0xf, 0xfe, 0x45, 0x10,
    0x5, 0xe0, 0x1f, 0xfc, 0x86, 0x50, 0xa, 0x88,
    0x3, 0xff, 0x8e, 0x52, 0x1, 0x32, 0x80, 0x7f,
    0xf0, 0xfb, 0xff, 0x68, 0x4, 0x72, 0x1, 0xff,
    0xcd, 0xf0, 0xf, 0xfe, 0x77, 0x80, 0x7f, 0xf3,
    0x8e, 0x0, 0x3f, 0xf8, 0x9d, 0xff, 0xac, 0x3,
    0x3a, 0x0, 0x7f, 0xf2, 0x12, 0x0, 0x35, 0x10,
    0x7, 0xff, 0x21, 0xd0, 0x2, 0x1e, 0x0, 0xff,
    0xe4, 0xd1, 0x0, 0x47, 0x20, 0x1f, 0xfc, 0x81,
    0xf0, 0xc, 0xca, 0x1, 0xff, 0xc8, 0x29, 0x0,
    0xd4, 0x40, 0x1f, 0xfc, 0x86, 0x60, 0x6, 0xf0,
    0xf, 0xfe, 0x4c, 0x98, 0x4, 0x5f, 0xfc, 0x80,
    0x1f, 0xfc, 0x4d, 0x10, 0xf, 0xfe, 0x68, 0xd0,
    0x7, 0xff, 0x39, 0x18, 0x3, 0xf4, 0x7f, 0xe1,
    0x0, 0xff, 0xe0, 0x4f, 0xfc, 0x20, 0x1f, 0xff,
    0xf0, 0xf, 0xff, 0x7c, 0xbb, 0xcc,

    /* U+049C "Ҝ" */
    0xcf, 0xfc, 0x1, 0xff, 0xc6, 0xbf, 0xfc, 0xc0,
    0x1f, 0xfc, 0xb5, 0x40, 0x8, 0xd8, 0x3, 0xff,
    0x94, 0x36, 0x1, 0xb8, 0x3, 0xff, 0x97, 0x62,
    0x1, 0x41, 0x0, 0x7f, 0xf2, 0x91, 0x40, 0x23,
    0x70, 0xf, 0xfe, 0x5c, 0x80, 0x6e, 0x0, 0xff,
    0xe5, 0xc1, 0x0, 0x50, 0x40, 0x1f, 0xfc, 0xa3,
    0x70, 0x8, 0x9c, 0x3, 0xff, 0x83, 0x7f, 0xee,
    0x0, 0xf7, 0x80, 0x6e, 0x0, 0xff, 0xe5, 0xb9,
    0x80, 0x4e, 0x60, 0x1f, 0xfc, 0xa2, 0x80, 0x8,
    0xa0, 0x3, 0xff, 0x97, 0x20, 0x1b, 0x80, 0x3f,
    0xf9, 0x6a, 0x80, 0x13, 0x18, 0x7, 0xff, 0x28,
    0x6c, 0x2, 0x29, 0x0, 0xff, 0xe1, 0x22, 0x4e,
    0x1, 0x22, 0x2c, 0x40, 0x29, 0x0, 0xff, 0xe1,
    0xdd, 0xc6, 0x0, 0x1b, 0xb2, 0x80, 0x4c, 0x80,
    0x1f, 0xfd, 0xb, 0x0, 0xff, 0xe8, 0xc8, 0x7,
    0xff, 0x45, 0x14, 0x3, 0xff, 0x87, 0xff, 0x20,
    0x0, 0x7f, 0xce, 0x1, 0xac, 0x40, 0x3f, 0xf9,
    0x70, 0x40, 0x10, 0xd8, 0x7, 0xff, 0x33, 0x80,
    0x32, 0xa8, 0x3, 0xff, 0x96, 0x6e, 0x1, 0xac,
    0x40, 0x3f, 0xf9, 0x70, 0x40, 0x10, 0xd8, 0x7,
    0xff, 0x33, 0x80, 0x32, 0xa8, 0x3, 0xff, 0x84,
    0x20, 0x3, 0x0, 0xe3, 0x70, 0xd, 0x62, 0x1,
    0xff, 0xc1, 0xaf, 0xf6, 0x80, 0x7a, 0x8, 0x2,
    0x1b, 0x0, 0xff, 0xe6, 0x70, 0x6, 0x55, 0x0,
    0x7f, 0xf2, 0xcd, 0x80, 0x35, 0x88, 0x7, 0xff,
    0x2e, 0x48, 0x2, 0x1b, 0x0, 0xff, 0xe6, 0x48,
    0x6, 0x55, 0x0, 0x7f, 0xf2, 0xd1, 0x80, 0x35,
    0x88, 0x7, 0xff, 0x2e, 0x44, 0x2, 0x1b, 0x0,
    0xff, 0xe6, 0x50, 0x6, 0x55, 0x0,

    /* U+049D "ҝ" */
    0xaf, 0xfc, 0x1, 0xff, 0xc2, 0xef, 0xfb, 0x40,
    0x3f, 0xf8, 0xf2, 0x20, 0x17, 0x0, 0x7f, 0xf1,
    0x8d, 0x80, 0x27, 0x30, 0xf, 0xfe, 0x37, 0x0,
    0x45, 0x0, 0x1f, 0xfc, 0x68, 0x20, 0xb, 0x80,
    0x3f, 0xf8, 0xc4, 0xe0, 0x13, 0x98, 0x7, 0xf9,
    0x66, 0x4e, 0x1, 0xb8, 0x2, 0x28, 0x0, 0xff,
    0xb1, 0x99, 0x60, 0x13, 0x98, 0x5, 0xc0, 0x1f,
    0xfc, 0x62, 0x80, 0x9, 0xcc, 0x3, 0xff, 0x8d,
    0x20, 0x11, 0x40, 0x7, 0xff, 0x19, 0x90, 0x2,
    0xe0, 0xf, 0xfe, 0x7, 0xf9, 0x80, 0x7, 0xf2,
    0x1, 0x39, 0x80, 0x7f, 0xf2, 0xe0, 0x3, 0xff,
    0x98, 0xe0, 0x1f, 0xfc, 0xc8, 0x20, 0xf, 0xfe,
    0x7, 0xf9, 0x80, 0x7, 0xf0, 0x1, 0xb8, 0x3,
    0xff, 0x8e, 0xe6, 0x1, 0x1b, 0x80, 0x7f, 0xf1,
    0xf8, 0x3, 0x41, 0x80, 0x7f, 0xf1, 0x8a, 0x0,
    0x37, 0x0, 0x7f, 0xf1, 0xdc, 0xc0, 0x22, 0x80,
    0xf, 0xfa, 0x7f, 0xd8, 0x1, 0xb8, 0x3, 0x39,
    0x80, 0x7f, 0xf1, 0x8a, 0x0, 0x37, 0x0, 0x7f,
    0xf1, 0xdc, 0xc0, 0x22, 0x80, 0xf, 0xfe, 0x3f,
    0x0, 0x67, 0x30, 0xf, 0xfe, 0x31, 0x40, 0x6,
    0xe0, 0xf, 0xfe, 0x3b, 0x98, 0x4, 0x52,

    /* U+049E "Ҟ" */
    0x0, 0xeb, 0xff, 0xc0, 0x1f, 0xfc, 0x5b, 0xff,
    0xcc, 0x1, 0xff, 0xcf, 0x64, 0x0, 0x91, 0x80,
    0x3f, 0xf9, 0xc5, 0x20, 0x10, 0xd0, 0x7, 0xff,
    0x3f, 0xc0, 0x35, 0x8, 0x1, 0x7f, 0xf2, 0x0,
    0x6f, 0xff, 0xc2, 0x1, 0xd0, 0x40, 0x13, 0xa0,
    0x7, 0xff, 0x39, 0x1c, 0x2, 0x38, 0x0, 0xff,
    0xe7, 0xd, 0x0, 0x43, 0xa0, 0x1c, 0xf1, 0x18,
    0x80, 0x34, 0x47, 0xe1, 0x0, 0xa8, 0x40, 0x2b,
    0x10, 0xe, 0x27, 0x7c, 0xc0, 0x19, 0xdf, 0xf0,
    0x4, 0xc8, 0x1, 0x32, 0x80, 0x7f, 0xf3, 0x8a,
    0x40, 0x22, 0x90, 0xf, 0xfe, 0x7f, 0x0, 0x6f,
    0x0, 0xff, 0xe7, 0xc1, 0x80, 0x52, 0x40, 0x1f,
    0xfc, 0xe4, 0x70, 0x9, 0x58, 0x3, 0xff, 0x9c,
    0x34, 0x1, 0xd, 0x80, 0x7f, 0xf2, 0x11, 0x3e,
    0xa1, 0x0, 0xb4, 0x40, 0x3f, 0xf9, 0x17, 0x7f,
    0x20, 0x5, 0x6, 0x1, 0xff, 0xd4, 0x70, 0xf,
    0xfe, 0xac, 0x0, 0x7f, 0xf5, 0x5d, 0x0, 0x3f,
    0xf9, 0x3f, 0xff, 0x28, 0x6, 0xa1, 0x0, 0xff,
    0xe7, 0xd1, 0x0, 0x43, 0x40, 0x1f, 0xfd, 0xe,
    0x0, 0xc8, 0xc0, 0x1f, 0xfc, 0xf3, 0x80, 0xd,
    0x24, 0x1, 0xff, 0xcf, 0x74, 0x0, 0xde, 0x1,
    0xff, 0xd0, 0xa1, 0x0, 0x8a, 0x40, 0x3f, 0xf9,
    0xe3, 0x40, 0x19, 0x90, 0x3, 0xff, 0x9e, 0x8e,
    0x1, 0xa8, 0x40, 0x3f, 0xf9, 0xf0, 0x60, 0x10,
    0xd0, 0x7, 0xff, 0x43, 0x80, 0x32, 0x30, 0x7,
    0xff, 0x3c, 0xa4, 0x3, 0x49, 0x0, 0x7f, 0xf3,
    0xd9, 0x40, 0x37, 0x80, 0x7f, 0xf4, 0x28, 0x80,
    0x22, 0x90, 0xf, 0xfe, 0x87, 0x0, 0x66, 0x40,
    0xf, 0xfe, 0x79, 0xc0, 0x6, 0xa1,

    /* U+049F "ҟ" */
    0x0, 0xff, 0xea, 0xbf, 0xfe, 0x20, 0xf, 0xff,
    0xf8, 0x1, 0x57, 0x68, 0x6, 0x45, 0x5f, 0x10,
    0x7, 0xff, 0x2, 0xab, 0x28, 0x6, 0x9a, 0xaf,
    0x20, 0x7, 0xff, 0xeb, 0xff, 0x40, 0x6, 0xdf,
    0xff, 0x30, 0x7, 0xff, 0xfc, 0x3, 0xff, 0x8b,
    0x5f, 0xf9, 0x0, 0x3f, 0xf9, 0x4c, 0xa0, 0x14,
    0x20, 0x7, 0xff, 0x24, 0xe4, 0x2, 0x47, 0x0,
    0xff, 0xe5, 0x70, 0x4, 0x34, 0x1, 0xff, 0xca,
    0xa2, 0x0, 0xb4, 0x40, 0x3f, 0xf9, 0x2c, 0xa0,
    0x14, 0x98, 0x7, 0xff, 0x24, 0xe4, 0x2, 0x56,
    0x0, 0xff, 0xe4, 0x8f, 0x0, 0x45, 0x40, 0x1f,
    0xfc, 0xaa, 0x20, 0xb, 0xc0, 0x3f, 0xf9, 0x4e,
    0x80, 0x15, 0x10, 0x7, 0xff, 0x24, 0xe0, 0x2,
    0x75, 0x0, 0xff, 0xe2, 0xef, 0xfe, 0xc0, 0x8,
    0xe0, 0x3, 0xff, 0x9f, 0xe0, 0x1f, 0xfd, 0x8,
    0x0, 0xff, 0xe8, 0x24, 0x0, 0x7f, 0xf1, 0xb7,
    0xff, 0x50, 0x6, 0x74, 0x0, 0xff, 0xe5, 0x2b,
    0x80, 0x6a, 0x10, 0xf, 0xfe, 0x54, 0x20, 0x4,
    0x3a, 0x1, 0xff, 0xcb, 0xa1, 0x0, 0x8e, 0x40,
    0x3f, 0xf9, 0x43, 0xa0, 0x19, 0x94, 0x3, 0xff,
    0x94, 0x72, 0x1, 0xa8, 0x80, 0x3f, 0xf9, 0x4c,
    0xa0, 0x1b, 0xc0, 0x3f, 0xf9, 0x74, 0x40, 0x11,
    0x50, 0x7, 0xff, 0x2f, 0xc0, 0x32, 0xb0, 0x7,
    0xff, 0x28, 0xa8, 0x3, 0x49, 0x80, 0x7f, 0xf2,
    0x95, 0xc0, 0x37, 0x8,

    /* U+04A0 "Ҡ" */
    0x6f, 0xff, 0xfe, 0x14, 0x0, 0x7f, 0xf1, 0xf,
    0xff, 0x68, 0x7, 0xff, 0x57, 0x80, 0x37, 0x0,
    0x7f, 0xf5, 0x24, 0x80, 0x28, 0x30, 0xf, 0xfe,
    0x9a, 0xb0, 0x4, 0x8e, 0x0, 0x7c, 0xcf, 0xe9,
    0x0, 0xff, 0xe3, 0xd, 0x80, 0x43, 0x40, 0x10,
    0x99, 0xff, 0x28, 0x7, 0xff, 0x1a, 0x84, 0x2,
    0xa1, 0x0, 0xff, 0xe9, 0xba, 0x0, 0x4e, 0x80,
    0x1f, 0xfd, 0x33, 0x80, 0x8, 0xe0, 0x3, 0xff,
    0xa9, 0xc0, 0x1b, 0x80, 0x3f, 0xfa, 0x92, 0x40,
    0x15, 0x10, 0x7, 0xff, 0x4d, 0x58, 0x2, 0x55,
    0x0, 0x7f, 0xf4, 0xc6, 0xc0, 0x22, 0xa0, 0xf,
    0xfe, 0xa5, 0x8, 0x5, 0xc0, 0x1f, 0xfd, 0x47,
    0x40, 0xa, 0xc, 0x3, 0xff, 0x98, 0x48, 0x9e,
    0x58, 0x0, 0x91, 0xc0, 0x3f, 0xf9, 0xab, 0x77,
    0xea, 0x0, 0x86, 0x80, 0x3f, 0xfb, 0x32, 0x20,
    0x1f, 0xfd, 0x99, 0x10, 0xf, 0xfe, 0xc8, 0xe8,
    0x7, 0xff, 0x39, 0xff, 0xfd, 0xa0, 0x18, 0xdc,
    0x3, 0xff, 0xa8, 0x52, 0x1, 0xa0, 0xc0, 0x3f,
    0xfa, 0x8c, 0xa0, 0x1b, 0x80, 0x3f, 0xfa, 0xb4,
    0x40, 0x11, 0x50, 0x7, 0xff, 0x57, 0x80, 0x32,
    0xa8, 0x3, 0xff, 0xa8, 0x70, 0x1, 0xa8, 0x80,
    0x3f, 0xfa, 0x8e, 0x80, 0x1b, 0x80, 0x3f, 0xfa,
    0xb4, 0x20, 0x11, 0xc0, 0x7, 0xff, 0x50, 0x68,
    0x3, 0x39, 0x80, 0x7f, 0xf5, 0x11, 0xc0, 0x37,
    0x0, 0x7f, 0xf5, 0x60, 0xc0, 0x22, 0xa0, 0xf,
    0xfe, 0xaf, 0x0, 0x65, 0x50, 0x7, 0xff, 0x50,
    0xa8, 0x3, 0x51, 0x0, 0x7f, 0xf5, 0x15, 0x40,
    0x1b, 0x80, 0x3f, 0xfa, 0xb4, 0x40, 0x11, 0xc0,

    /* U+04A1 "ҡ" */
    0xdf, 0xff, 0xfa, 0x40, 0x3f, 0xf8, 0x7, 0xff,
    0xb0, 0x3, 0xff, 0x9a, 0x3a, 0x1, 0xe, 0x80,
    0x7f, 0xf3, 0x68, 0x40, 0x2d, 0x10, 0xf, 0xfe,
    0x63, 0xa0, 0x5, 0x6, 0x0, 0xdf, 0xff, 0x80,
    0x3f, 0xf8, 0x47, 0x0, 0x12, 0xb8, 0x7, 0xff,
    0x30, 0x74, 0x2, 0x2a, 0x0, 0xff, 0xe6, 0xd0,
    0x80, 0x5e, 0x1, 0xff, 0xcd, 0x74, 0x0, 0xa4,
    0x80, 0x3f, 0xf9, 0x87, 0x0, 0x13, 0x30, 0x3,
    0xff, 0x98, 0x3a, 0x1, 0x1c, 0x80, 0x7f, 0xf3,
    0x68, 0x40, 0x3, 0xc0, 0x1f, 0xfc, 0x86, 0xff,
    0xe4, 0x0, 0xa8, 0x80, 0x3f, 0xfa, 0x28, 0x80,
    0xf, 0xfe, 0x92, 0x20, 0x3, 0xff, 0xa7, 0x42,
    0x1, 0xff, 0xc8, 0x6f, 0xfe, 0x30, 0x8, 0x74,
    0x3, 0xff, 0x9d, 0xa2, 0x1, 0x1c, 0x0, 0x7f,
    0xf3, 0x46, 0x80, 0x33, 0xa0, 0x7, 0xff, 0x35,
    0x20, 0x3, 0x59, 0x0, 0x7f, 0xf3, 0x5d, 0x40,
    0x37, 0x0, 0x7f, 0xf3, 0xa8, 0x80, 0x23, 0x90,
    0xf, 0xfe, 0x77, 0x80, 0x66, 0x60, 0x7, 0xff,
    0x34, 0xa8, 0x3, 0x49, 0x0, 0x7f, 0xf3, 0x55,
    0xc0, 0x37, 0x80, 0x7f, 0xf3, 0xa0, 0xc0, 0x22,
    0xa0, 0xf, 0xfe, 0x76, 0x88, 0x4, 0xae,

    /* U+04A2 "Ң" */
    0xcf, 0xfc, 0x1, 0xff, 0xc7, 0xaf, 0xfc, 0x40,
    0x1f, 0xff, 0xf0, 0xf, 0xff, 0xf8, 0x7, 0xff,
    0xfc, 0x3, 0xff, 0xfe, 0x1, 0xff, 0xff, 0x0,
    0xff, 0xff, 0x80, 0x7f, 0xf0, 0xd0, 0xcf, 0xff,
    0x8c, 0x20, 0x1f, 0xfc, 0x3b, 0xcc, 0xff, 0xe3,
    0x20, 0x7, 0xff, 0xfc, 0x3, 0xff, 0xc3, 0xff,
    0xff, 0xc7, 0x50, 0xf, 0xff, 0xf8, 0x7, 0xff,
    0xfc, 0x3, 0xff, 0xfe, 0x1, 0xff, 0xff, 0x0,
    0xff, 0xf2, 0xb0, 0x6, 0x73, 0x3c, 0x20, 0x1f,
    0xfc, 0xc3, 0x0, 0xd5, 0x99, 0x90, 0x3, 0xff,
    0xfe, 0x1, 0xff, 0xd2, 0xcf, 0xfc, 0x1, 0xff,
    0xc7, 0xff, 0xee, 0x0, 0xff, 0xff, 0x80, 0x7f,
    0xff, 0xc0, 0x3f, 0xff, 0xe0, 0x1f, 0xfc, 0x71,
    0x77, 0xe0,

    /* U+04A3 "ң" */
    0x8f, 0xfc, 0x20, 0x1f, 0xfc, 0x17, 0xff, 0xc4,
    0x1, 0xff, 0xff, 0x0, 0xff, 0xff, 0x80, 0x7f,
    0xff, 0xc0, 0x3f, 0xff, 0xdd, 0xff, 0xff, 0xc1,
    0x80, 0xf, 0xff, 0xf8, 0x7, 0xff, 0x3b, 0xbf,
    0xff, 0xf8, 0x30, 0x1, 0xff, 0xff, 0x0, 0xff,
    0xff, 0x80, 0x7f, 0xf4, 0x18, 0x46, 0x0, 0xff,
    0xe4, 0x48, 0x6, 0xbe, 0xe8, 0x80, 0x3f, 0xff,
    0xe0, 0x1f, 0xfc, 0x8, 0xff, 0xc2, 0x1, 0xff,
    0xc1, 0xef, 0xfb, 0x40, 0x3f, 0xff, 0xe0, 0x1f,
    0xff, 0x93, 0x77, 0xc6,

    /* U+04A4 "Ҥ" */
    0xcf, 0xfc, 0x1, 0xff, 0xc7, 0xff, 0xff, 0xe5,
    0x40, 0x7, 0xff, 0xfc, 0x3, 0xff, 0xfe, 0x1,
    0xff, 0xc8, 0x7c, 0xcf, 0xfe, 0x24, 0x80, 0x7f,
    0xf4, 0x74, 0xcf, 0xff, 0x88, 0x20, 0x1f, 0xff,
    0xf0, 0xf, 0xff, 0xf8, 0x7, 0xff, 0xfc, 0x3,
    0xff, 0xfe, 0x1, 0xff, 0xff, 0x0, 0xf2, 0x19,
    0xff, 0xf1, 0x80, 0x3f, 0xfa, 0x17, 0x99, 0xff,
    0xc6, 0x0, 0xff, 0xff, 0x80, 0x7f, 0xff, 0xc0,
    0x3f, 0xf8, 0xff, 0xff, 0xfc, 0x70, 0xf, 0xff,
    0xf8, 0x7, 0xff, 0xfc, 0x3, 0xff, 0xfe, 0x1,
    0xff, 0xf2, 0x30, 0xf, 0xff, 0xf8, 0x7, 0xff,
    0xfc, 0x3, 0xff, 0xfe, 0x1, 0xff, 0xff, 0x0,
    0xff, 0xff, 0x80, 0x7f, 0xf1, 0x80,

    /* U+04A5 "ҥ" */
    0x8f, 0xfc, 0x20, 0x1f, 0xfc, 0x1e, 0xff, 0xff,
    0xe3, 0x20, 0x7, 0xff, 0xfc, 0x3, 0xff, 0xed,
    0x3d, 0xdf, 0xfc, 0x14, 0x0, 0xff, 0xe6, 0x18,
    0x8f, 0xff, 0x4, 0x3, 0xff, 0xfe, 0x1, 0xff,
    0xff, 0x0, 0xff, 0xf3, 0xf7, 0xff, 0xff, 0x4,
    0x40, 0x3f, 0xff, 0xe0, 0x1f, 0xff, 0x6e, 0xff,
    0xff, 0xe0, 0x88, 0x7, 0xff, 0xfc, 0x3, 0xff,
    0xfe, 0x1, 0xff, 0xff, 0x0, 0xff, 0xff, 0x80,
    0x7f, 0xff, 0xc0, 0x3f, 0xfa, 0xc0,

    /* U+04A6 "Ҧ" */
    0xcf, 0xff, 0xfe, 0x81, 0x0, 0x7f, 0xff, 0xc0,
    0x3f, 0xff, 0xe0, 0x1f, 0xfd, 0x1c, 0xcf, 0xfe,
    0x3a, 0x80, 0x7f, 0xf4, 0xcc, 0xff, 0xf8, 0xe4,
    0x1, 0xff, 0xff, 0x0, 0xff, 0xff, 0x80, 0x7f,
    0xff, 0xc0, 0x3f, 0xff, 0xe0, 0x1f, 0xff, 0xf0,
    0xf, 0xff, 0xf8, 0x7, 0xff, 0x1c, 0x8c, 0xe1,
    0x0, 0xff, 0xef, 0x13, 0xe7, 0xee, 0x65, 0xdc,
    0xb6, 0x0, 0xff, 0xec, 0xa5, 0xec, 0x18, 0x7,
    0x85, 0x27, 0xe0, 0x3, 0xff, 0xaf, 0x28, 0x1,
    0xff, 0xc1, 0x7e, 0x30, 0xf, 0xfe, 0xd9, 0x22,
    0x8, 0x3, 0xc3, 0x86, 0x1, 0xff, 0xd6, 0x17,
    0xcf, 0xdb, 0xb6, 0xfd, 0x18, 0x7, 0x61, 0x0,
    0x7f, 0xf4, 0xc6, 0x3a, 0xc, 0x3, 0xcb, 0x94,
    0x1, 0xdc, 0x1, 0xff, 0xd3, 0xd7, 0x0, 0xff,
    0x96, 0xc0, 0x31, 0xa0, 0x7, 0xff, 0x48, 0x40,
    0x3f, 0xf8, 0x28, 0xe0, 0x1b, 0xc0, 0x3f, 0xfc,
    0x30, 0x1, 0x90, 0x40, 0x3f, 0xfc, 0x2a, 0x1,
    0x94, 0x3, 0xff, 0xc3, 0x80, 0x18, 0x80, 0x3f,
    0xfc, 0x24, 0x1, 0x84, 0x3, 0xff, 0xc2, 0xe0,
    0x1b, 0xc0, 0x3f, 0xfc, 0x2e, 0x1, 0xbc, 0x3,
    0xff, 0xc2, 0x40, 0x18, 0x40, 0x3f, 0xfc, 0x3e,
    0x1, 0x94, 0x3, 0xff, 0xc2, 0xe0, 0x18, 0xc0,
    0x3f, 0xfc, 0xa, 0x20, 0x12, 0x80, 0x7f, 0xf8,
    0x6, 0xc0, 0x37, 0x6, 0x7f, 0xe0, 0xf, 0xfe,
    0x3c, 0x7f, 0xe2, 0x0, 0xff, 0xe0, 0xe8, 0x80,
    0x48, 0x80, 0xf, 0xfe, 0xf1, 0xe9, 0x80, 0x69,
    0x0, 0xff, 0xec, 0xa1, 0x14, 0xb7, 0x84, 0x1,
    0xa4, 0x80, 0x3f, 0xfb, 0x37, 0xbb, 0x52, 0x0,
    0x74, 0xb0, 0x7, 0xff, 0x64, 0x80, 0x3f, 0xd4,
    0xc0, 0x1f, 0xfd, 0xa7, 0x0, 0xfc, 0xbc, 0xa0,
    0x1f, 0xfd, 0xb3, 0x20, 0x8, 0x52, 0x7a, 0x84,
    0x3, 0xff, 0xb8, 0xdb, 0xff, 0x75, 0xb0, 0x80,
    0x7e,

    /* U+04A7 "ҧ" */
    0x8f, 0xff, 0xfe, 0x52, 0x80, 0x7f, 0xff, 0xc0,
    0x3f, 0xff, 0xdb, 0xdd, 0xff, 0xc0, 0xb0, 0xf,
    0xfe, 0x81, 0x88, 0xff, 0xf0, 0x0, 0x3f, 0xff,
    0xe0, 0x1f, 0xff, 0xf0, 0xf, 0xff, 0xf8, 0x7,
    0xff, 0xfc, 0xe, 0x2f, 0xbf, 0xdd, 0x92, 0xa0,
    0x1f, 0xfd, 0x2f, 0xdc, 0x74, 0x10, 0x0, 0x9b,
    0x57, 0x38, 0x7, 0xff, 0x41, 0x48, 0x3, 0xfc,
    0x31, 0x84, 0x1, 0xff, 0xdc, 0x3c, 0x20, 0xf,
    0xfe, 0x79, 0xc6, 0x77, 0xfb, 0x20, 0x80, 0x30,
    0xf8, 0x7, 0xff, 0x35, 0x33, 0xe, 0x62, 0x0,
    0x37, 0xd8, 0x0, 0xc4, 0xe0, 0x1f, 0xfc, 0xce,
    0x30, 0xf, 0xe7, 0x90, 0xd, 0x20, 0x1f, 0xfd,
    0x86, 0x40, 0x8, 0x54, 0x3, 0xff, 0xb1, 0xe0,
    0x1b, 0x0, 0x3f, 0xfb, 0x8, 0x1, 0x94, 0x3,
    0xff, 0xb2, 0x20, 0x10, 0x80, 0x7f, 0xf6, 0x4c,
    0x3, 0xff, 0xfe, 0x1, 0xf8, 0x80, 0x26, 0x8f,
    0xfc, 0x20, 0x1f, 0xfc, 0x4, 0xff, 0xca, 0x1,
    0xff, 0xc0, 0x30, 0xc, 0x60, 0x1f, 0xfd, 0x89,
    0x0, 0xd8, 0x1, 0xff, 0xd7, 0x35, 0x0, 0x85,
    0x0, 0x3f, 0xfa, 0xc5, 0xa0, 0x1a, 0x40, 0x3f,
    0xfa, 0xcf, 0xa2, 0x1, 0xb, 0x80, 0x7f, 0xf3,
    0xc6, 0x61, 0xe2, 0xfe, 0x0, 0x3b, 0x40, 0x3f,
    0xfa, 0xe, 0xcf, 0xe, 0x80, 0x1e, 0xb3, 0x0,
    0xff, 0xe8, 0x78, 0x7, 0xf1, 0x62, 0x0, 0x7f,
    0xf4, 0x50, 0x3, 0xe2, 0x9d, 0x30, 0xf, 0xfe,
    0x95, 0xba, 0xac, 0xd3, 0xba, 0x60, 0xf, 0xfe,
    0xa3, 0x45, 0x55, 0x2c, 0x40, 0x1f, 0x80,

    /* U+04A8 "Ҩ" */
    0x0, 0xfc, 0xd6, 0x40, 0x1f, 0xfc, 0x3, 0x8b,
    0xef, 0xf7, 0x64, 0xa0, 0x7, 0xff, 0x12, 0xa5,
    0x36, 0x0, 0x3f, 0x93, 0x71, 0xd0, 0x40, 0x2,
    0x6d, 0x7c, 0xe0, 0x1f, 0xfc, 0x1b, 0x50, 0x9,
    0xe0, 0x3, 0xea, 0xb2, 0x0, 0xff, 0xc, 0x61,
    0x0, 0x7f, 0xa9, 0x0, 0x34, 0x40, 0x3, 0x87,
    0x14, 0x3, 0xff, 0x84, 0x78, 0x60, 0x1f, 0x9d,
    0x40, 0x34, 0xb8, 0x7, 0xb4, 0xc0, 0x39, 0x22,
    0xa9, 0x8, 0x1, 0xc3, 0xa2, 0x1, 0xe2, 0x80,
    0xd, 0xc, 0x1, 0xe8, 0x30, 0xc, 0x7b, 0x6e,
    0xaa, 0x7b, 0xd4, 0x0, 0xc3, 0x40, 0x1e, 0xe0,
    0xc, 0xae, 0x1, 0xe2, 0x70, 0xc, 0xb8, 0x40,
    0x1e, 0x2b, 0x50, 0xc, 0x8a, 0x1, 0x90, 0xc0,
    0x35, 0x80, 0x7d, 0x0, 0x18, 0xe8, 0x3, 0xfd,
    0x46, 0x1, 0xa4, 0x3, 0x78, 0x6, 0x81, 0x0,
    0xf0, 0xa8, 0x6, 0xf0, 0xf, 0xfe, 0x7, 0x80,
    0x63, 0x20, 0x1, 0x20, 0x4, 0x2e, 0x1, 0xf3,
    0x0, 0x64, 0x30, 0xf, 0xfe, 0x1, 0x98, 0x3,
    0x28, 0x1, 0x40, 0x33, 0x0, 0x7e, 0xc0, 0xd,
    0xc0, 0x1f, 0xfc, 0x2a, 0x0, 0xd8, 0x0, 0xc0,
    0xd, 0x60, 0x1f, 0x94, 0x3, 0x20, 0x7, 0xff,
    0x9, 0x40, 0x33, 0x0, 0x14, 0x3, 0x18, 0x7,
    0xe1, 0x0, 0x84, 0x40, 0x1f, 0xfc, 0x23, 0x0,
    0xc4, 0x2, 0x20, 0x8, 0xc0, 0x3f, 0x8, 0x6,
    0x20, 0xf, 0xfe, 0x20, 0x80, 0x71, 0x80, 0x66,
    0x0, 0xfc, 0x60, 0x19, 0xc0, 0x3f, 0xf8, 0x86,
    0x1, 0xc2, 0x1, 0x8c, 0x3, 0xf1, 0x80, 0x7f,
    0xf2, 0x4c, 0x2, 0x10, 0xf, 0x8, 0x7, 0xe1,
    0x0, 0xce, 0x1, 0xff, 0xc4, 0x10, 0x8, 0xc0,
    0x40, 0x30, 0x80, 0x7f, 0xf0, 0x44, 0x3, 0xff,
    0x90, 0xe0, 0x60, 0x18, 0x80, 0x3f, 0x8c, 0x2,
    0x20, 0xf, 0xfe, 0x19, 0x80, 0x6d, 0x1, 0x0,
    0xcc, 0x1, 0xfc, 0xa0, 0x18, 0xc0, 0x3f, 0xf8,
    0x4a, 0x1, 0x94, 0x0, 0x60, 0x11, 0x8, 0x7,
    0xed, 0x0, 0xc8, 0x1, 0xff, 0xc2, 0xd0, 0x8,
    0x88, 0x0, 0x40, 0xc, 0xe0, 0x1f, 0x90, 0x3,
    0x58, 0x7, 0xff, 0x4, 0x50, 0x2, 0xb0, 0xa,
    0xc0, 0x35, 0x80, 0x7f, 0x38, 0x4, 0x66, 0x0,
    0xff, 0xe0, 0x30, 0x4, 0x2c, 0x1, 0x19, 0x0,
    0x44, 0xa0, 0x1f, 0xa4, 0x3, 0x40, 0x7, 0xff,
    0x2, 0x40, 0x28, 0x0, 0xe8, 0x0, 0xd6, 0x20,
    0x1f, 0xb, 0x80, 0x48, 0x80, 0xf, 0xf4, 0x88,
    0x1, 0x18, 0x3, 0x94, 0xc0, 0x21, 0xa0, 0xf,
    0xd0, 0x40, 0x15, 0x8, 0x7, 0xe4, 0x60, 0x0,
    0xc8, 0x7, 0xdc, 0x1, 0x92, 0xc0, 0x3f, 0x78,
    0x4, 0x3a, 0x1, 0xf1, 0xd8, 0x5, 0x44, 0x1,
    0xf1, 0x48, 0x6, 0x4c, 0x20, 0xf, 0x15, 0x0,
    0x47, 0x82, 0x1, 0x93, 0x40, 0x2a, 0x40, 0xf,
    0xe6, 0x70, 0xc, 0x7a, 0xe0, 0x1e, 0x5a, 0x0,
    0x8f, 0xd0, 0x1, 0x16, 0x20, 0xb, 0x50, 0xf,
    0xfa, 0x20, 0x1, 0xd1, 0xf2, 0x80, 0x19, 0x6c,
    0x40, 0x3, 0x76, 0xe7, 0x0, 0x16, 0xa0, 0x6,
    0x14, 0x0, 0xf9, 0xec, 0x40, 0x39, 0xaf, 0xf6,
    0xea, 0x9e, 0x60, 0x19, 0x4, 0x3, 0x75, 0xd5,
    0x2f, 0x7a, 0xc8, 0x3, 0xe4, 0xf6, 0x0, 0xf8,
    0x91, 0x54, 0x84, 0x1, 0xfc, 0x46, 0x8a, 0xa4,
    0x20, 0x0, 0x80, 0x7e, 0x19, 0xe7, 0x10, 0xf,
    0xfe, 0x8, 0x98, 0x7, 0xff, 0x5, 0x80, 0x3f,
    0xc3, 0x1d, 0x90, 0xa6, 0x20, 0x10, 0x9a, 0xce,
    0x76, 0x74, 0xa9, 0x88, 0x0, 0x48, 0xd6, 0x2d,
    0x0,

    /* U+04A9 "ҩ" */
    0x0, 0xe1, 0xba, 0x20, 0xf, 0xe3, 0x8c, 0xef,
    0xf7, 0x5b, 0x88, 0x7, 0xf8, 0xbd, 0x17, 0x60,
    0x3, 0xc5, 0x98, 0x73, 0x10, 0x0, 0xa4, 0x74,
    0x88, 0x7, 0xc5, 0x82, 0x1, 0x29, 0x0, 0x66,
    0xd3, 0x0, 0xff, 0x37, 0x90, 0x7, 0xbc, 0x40,
    0x24, 0xd2, 0x0, 0x9a, 0x40, 0x3f, 0xf8, 0x23,
    0x82, 0x1, 0xa4, 0x80, 0x23, 0xb0, 0xc, 0x52,
    0x1, 0x86, 0x77, 0xfd, 0x8c, 0x1, 0x87, 0x40,
    0x22, 0x60, 0xd, 0xa0, 0x1d, 0x20, 0x19, 0x39,
    0x88, 0x0, 0x73, 0x60, 0x18, 0xd4, 0x1, 0x60,
    0x1a, 0x44, 0x3, 0x1a, 0x0, 0x45, 0x60, 0x1f,
    0x25, 0x0, 0x6e, 0x0, 0x30, 0x4, 0x2c, 0x1,
    0xd6, 0x1, 0xa4, 0x3, 0xf9, 0x4c, 0x2, 0x41,
    0x40, 0xc, 0xc0, 0x1e, 0x40, 0x8, 0x50, 0x3,
    0xfd, 0x40, 0x19, 0x4c, 0x3, 0x58, 0x7, 0x88,
    0x2, 0x40, 0xf, 0xf9, 0x0, 0x30, 0xe8, 0x6,
    0x30, 0xf, 0x8, 0x4, 0x40, 0x1f, 0xf1, 0x80,
    0x63, 0x10, 0x8, 0x40, 0x3f, 0xef, 0x0, 0xff,
    0xe2, 0x18, 0x7, 0xff, 0x13, 0xc0, 0x3f, 0xe3,
    0x0, 0xc2, 0x20, 0xf, 0xf8, 0x80, 0x22, 0x0,
    0xff, 0x98, 0x3, 0x29, 0x80, 0x42, 0x20, 0xf,
    0x38, 0x4, 0xe0, 0x1f, 0xf6, 0x0, 0x44, 0x3e,
    0x1, 0x90, 0x3, 0xd8, 0x1, 0x11, 0x0, 0x3f,
    0xca, 0x1, 0x28, 0x38, 0x6, 0xf0, 0xf, 0x38,
    0x6, 0xa0, 0xf, 0xe4, 0x20, 0xa, 0x40, 0x4c,
    0x2, 0x53, 0x0, 0xe1, 0x60, 0x9, 0xc4, 0x3,
    0xf4, 0x0, 0x4e, 0x20, 0x8, 0x0, 0xdc, 0x1,
    0xe8, 0x10, 0xa, 0x80, 0x3e, 0x83, 0x0, 0x14,
    0x0, 0x48, 0x60, 0x11, 0x58, 0x7, 0xd, 0x80,
    0x49, 0x20, 0x1c, 0xce, 0x1, 0x70, 0x7, 0x68,
    0x80, 0x49, 0xa6, 0x1, 0x95, 0xc0, 0x26, 0xa0,
    0xa, 0x24, 0x2, 0xa3, 0x0, 0xe1, 0xd0, 0xc,
    0x59, 0x48, 0x1, 0x43, 0x80, 0x4b, 0xcf, 0xae,
    0x1, 0x5a, 0x80, 0x7c, 0x78, 0x20, 0x19, 0x6f,
    0xf2, 0x60, 0x8, 0x2, 0x18, 0x20, 0x9, 0x32,
    0x26, 0xf9, 0xc0, 0x31, 0xfa, 0x80, 0x78, 0xd9,
    0xdc, 0x40, 0x1f, 0xc8, 0xee, 0x64, 0x1f, 0x0,
    0xe1, 0xac, 0x50, 0xf, 0xfe, 0x61, 0x0, 0x7c,
    0x75, 0xd4, 0xc6, 0x20, 0x10, 0x9a, 0xce, 0xf4,
    0xa9, 0x0, 0x42, 0x4b, 0x12,

    /* U+04AA "Ҫ" */
    0x0, 0xff, 0xe0, 0x13, 0x56, 0x77, 0xfd, 0xb7,
    0xa, 0x1, 0xff, 0xc6, 0x6d, 0xd4, 0xa9, 0x88,
    0x4, 0x48, 0xf5, 0xf4, 0x60, 0x1f, 0xfc, 0x16,
    0xe9, 0x20, 0xf, 0xfe, 0xa, 0xe5, 0x8, 0x7,
    0xf0, 0xdc, 0x88, 0x7, 0xff, 0x15, 0x7d, 0x0,
    0x3e, 0x2f, 0x40, 0xf, 0x13, 0x45, 0x52, 0x61,
    0x44, 0x3, 0x86, 0xd4, 0x3, 0x8b, 0x4, 0x3,
    0x9b, 0x75, 0x2e, 0xaa, 0x67, 0xae, 0xb3, 0x0,
    0xee, 0x0, 0xef, 0x10, 0xc, 0x9b, 0x24, 0x1,
    0xfc, 0x99, 0x62, 0x0, 0x4b, 0x0, 0xd4, 0x40,
    0x19, 0xec, 0x80, 0x3f, 0xf8, 0x29, 0xe6, 0xb6,
    0x1, 0x91, 0x40, 0x33, 0xc0, 0x7, 0xff, 0x10,
    0x72, 0x80, 0x3a, 0x0, 0x32, 0x40, 0x7, 0xff,
    0x31, 0xc, 0x2, 0x1a, 0x0, 0xff, 0xe6, 0xf0,
    0x6, 0x91, 0x0, 0xff, 0xe6, 0xa0, 0x6, 0x60,
    0xf, 0xfe, 0x69, 0x8, 0x4, 0x62, 0x1, 0xff,
    0xcd, 0x70, 0xc, 0x80, 0x1f, 0xfc, 0xe3, 0x0,
    0xdc, 0x1, 0xff, 0xce, 0x10, 0xc, 0x60, 0x1f,
    0xfe, 0xe1, 0x0, 0xc6, 0x1, 0xff, 0xce, 0x30,
    0xd, 0xc0, 0x1f, 0xfc, 0xe7, 0x0, 0xc8, 0x1,
    0xff, 0xce, 0x21, 0x0, 0x8c, 0x40, 0x3f, 0xf9,
    0xc8, 0x1, 0x98, 0x3, 0xff, 0x9d, 0xc0, 0x1a,
    0x44, 0x3, 0xff, 0x9a, 0x86, 0x1, 0xd, 0x0,
    0x7f, 0xf3, 0xa0, 0x3, 0x24, 0x0, 0x7f, 0xf3,
    0x51, 0x40, 0x33, 0xc0, 0x7, 0xff, 0x10, 0x72,
    0xc0, 0x3d, 0x44, 0x1, 0x9e, 0xc8, 0x3, 0xff,
    0x82, 0x9e, 0x69, 0x80, 0x1e, 0xf1, 0x0, 0xc9,
    0xb2, 0x40, 0x1f, 0xc9, 0x76, 0x10, 0x1, 0xe0,
    0x7, 0x16, 0x8, 0x7, 0x36, 0xea, 0x9d, 0x95,
    0xa2, 0xbe, 0xd0, 0x3, 0xa0, 0x3, 0xc5, 0xe8,
    0x1, 0xe2, 0x58, 0x9a, 0x97, 0x50, 0xf, 0xe,
    0x20, 0x7, 0xc3, 0x72, 0x20, 0x1f, 0xfc, 0x56,
    0xf3, 0x0, 0xff, 0x37, 0x49, 0x0, 0x7f, 0xf0,
    0x57, 0x64, 0x40, 0x3f, 0xf8, 0x2d, 0xba, 0x85,
    0x0, 0xf2, 0x3d, 0xfd, 0x10, 0x7, 0xff, 0x14,
    0x9e, 0xb0, 0x3, 0x65, 0xc2, 0x0, 0x7f, 0xff,
    0xc0, 0x3f, 0xff, 0xe0, 0x1f, 0xfe, 0x60,

    /* U+04AB "ҫ" */
    0x0, 0xfc, 0x4f, 0x7b, 0xff, 0x6d, 0xb8, 0x80,
    0x7f, 0xc9, 0x9b, 0x8, 0x40, 0x11, 0x24, 0x75,
    0x10, 0x7, 0xea, 0xb3, 0x0, 0xff, 0x97, 0x58,
    0x3, 0x87, 0x54, 0x3, 0xff, 0x87, 0x2e, 0x1,
    0xe, 0x10, 0x6, 0x16, 0xbd, 0xec, 0xa5, 0x0,
    0xe8, 0x40, 0x5, 0x90, 0x6, 0x6e, 0x94, 0x21,
    0x35, 0xad, 0x40, 0xd, 0xc0, 0x8a, 0x1, 0xa6,
    0x40, 0x1f, 0x8a, 0xd4, 0x6, 0x68, 0x20, 0x3,
    0x3b, 0x0, 0x7f, 0xd4, 0xfe, 0xc0, 0x46, 0x1,
    0x1c, 0x0, 0x7f, 0xf0, 0x60, 0x40, 0xa, 0x1,
    0xa4, 0x3, 0xff, 0x8d, 0xa0, 0x19, 0x0, 0x3f,
    0xf8, 0xcc, 0x1, 0x10, 0x80, 0x7f, 0xf1, 0x84,
    0x2, 0x10, 0xf, 0xfe, 0xf8, 0x80, 0x44, 0x1,
    0xff, 0xc7, 0x60, 0x8, 0x44, 0x1, 0xff, 0xc6,
    0xd0, 0xc, 0x80, 0x1f, 0xfc, 0x65, 0x0, 0xd0,
    0x1, 0xff, 0xc6, 0x23, 0x0, 0x8a, 0x0, 0x3f,
    0xf8, 0x30, 0x20, 0x14, 0x0, 0x67, 0x60, 0xf,
    0xfa, 0x9f, 0x98, 0x0, 0x8a, 0x1, 0xa6, 0x40,
    0x1f, 0x86, 0xd4, 0x1, 0x34, 0x0, 0xa3, 0x0,
    0xcd, 0xd2, 0x84, 0x26, 0xb5, 0xc8, 0x1, 0xb8,
    0x2, 0xd3, 0x0, 0xc2, 0xd7, 0xbd, 0x94, 0xa0,
    0x1d, 0x28, 0x1, 0xe, 0x30, 0x7, 0xff, 0xe,
    0x98, 0x3, 0xd3, 0x68, 0x1, 0xff, 0x2f, 0x28,
    0x7, 0xe4, 0xbd, 0x84, 0x0, 0xe4, 0x9e, 0xa1,
    0x0, 0xff, 0x89, 0xec, 0x3, 0x55, 0xb0, 0x80,
    0x7f, 0xff, 0xc0, 0x3f, 0xf9, 0xc0,

    /* U+04AC "Ҭ" */
    0x6f, 0xff, 0xfe, 0x7a, 0x80, 0x7f, 0xff, 0xc0,
    0x3f, 0xf8, 0xf, 0x99, 0xff, 0x8, 0x4, 0x59,
    0x9f, 0xf2, 0x9, 0x9f, 0xfc, 0x1, 0x84, 0xcf,
    0xfe, 0x10, 0xf, 0xff, 0xf8, 0x7, 0xff, 0xfc,
    0x3, 0xff, 0xfe, 0x1, 0xff, 0xff, 0x0, 0xff,
    0xff, 0x80, 0x7f, 0xff, 0xc0, 0x3f, 0xff, 0xe0,
    0x1f, 0xff, 0xf0, 0xf, 0xff, 0xf8, 0x6, 0x10,
    0x8, 0xcf, 0xc0, 0x1f, 0xfc, 0xcc, 0xce, 0x0,
    0xff, 0xff, 0x80, 0x7f, 0xf4, 0xff, 0xfa, 0x0,
    0x3f, 0xff, 0xe0, 0x1f, 0xff, 0xf0, 0xf, 0xff,
    0x42, 0x3b, 0xd0, 0x1, 0xf0,

    /* U+04AD "ҭ" */
    0xdf, 0xff, 0xfe, 0x53, 0x0, 0x7f, 0xff, 0x33,
    0xbb, 0xf3, 0x80, 0x6d, 0xee, 0xfc, 0xc2, 0x3f,
    0xc0, 0x1c, 0x62, 0x3f, 0x80, 0x3f, 0xff, 0xe0,
    0x1f, 0xff, 0xf0, 0xf, 0xff, 0xf8, 0x7, 0xff,
    0xfc, 0x3, 0xff, 0xfe, 0x1, 0xff, 0xcc, 0xef,
    0xf8, 0x40, 0x3f, 0xff, 0xe0, 0x1f, 0xf4, 0x7f,
    0xd8, 0x1, 0xff, 0xff, 0x0, 0xff, 0xf0, 0x13,
    0x36, 0x10, 0xe,

    /* U+04AE "Ү" */
    0x5f, 0xfd, 0x60, 0x1f, 0xfc, 0x85, 0xff, 0xcc,
    0xa6, 0x1, 0x22, 0x80, 0x7f, 0xf1, 0xec, 0x2,
    0x26, 0xe, 0x0, 0xd6, 0x1, 0xff, 0xc6, 0x81,
    0x0, 0xb8, 0x0, 0x4e, 0x1, 0xc, 0x0, 0x7f,
    0xf1, 0x9, 0xc0, 0x25, 0x30, 0xa, 0x4, 0x2,
    0x72, 0x0, 0xff, 0xe1, 0xc8, 0x4, 0x36, 0x1,
    0xd6, 0x1, 0xa4, 0x3, 0xff, 0x84, 0xa8, 0x1,
    0x40, 0x80, 0x72, 0x98, 0x4, 0x8a, 0x1, 0xff,
    0xc1, 0xb0, 0x8, 0xd8, 0x3, 0xee, 0x0, 0xd6,
    0x1, 0xff, 0xc0, 0x91, 0x0, 0xbc, 0x3, 0xf1,
    0x30, 0x4, 0x30, 0x1, 0xfe, 0x26, 0x0, 0x98,
    0xc0, 0x3f, 0xa4, 0x40, 0x27, 0x20, 0xf, 0xee,
    0x0, 0x86, 0x0, 0x3f, 0xeb, 0x0, 0xd2, 0x1,
    0xf9, 0x8c, 0x2, 0x81, 0x0, 0xff, 0x94, 0xc0,
    0x24, 0x50, 0xf, 0xc, 0x0, 0x46, 0xc0, 0x1f,
    0xfc, 0x1e, 0x0, 0xd6, 0x1, 0xe8, 0x10, 0xb,
    0xc0, 0x3f, 0xf8, 0x44, 0xc0, 0x10, 0xc0, 0x6,
    0x36, 0x0, 0x98, 0xc0, 0x3f, 0xf8, 0x72, 0x20,
    0x13, 0x90, 0x5, 0xe0, 0x10, 0xc0, 0x7, 0xff,
    0x16, 0xc0, 0x34, 0x80, 0x18, 0xc0, 0x28, 0x10,
    0xf, 0xfe, 0x2a, 0x98, 0x4, 0x8a, 0x30, 0x1,
    0x1b, 0x0, 0x7f, 0xf1, 0xf8, 0x3, 0x5d, 0x84,
    0x2, 0xf0, 0xf, 0xfe, 0x41, 0x30, 0x4, 0x2a,
    0x1, 0x31, 0x80, 0x7f, 0xf2, 0x64, 0x40, 0x3c,
    0x30, 0x1, 0xff, 0xcb, 0xb0, 0xf, 0x40, 0x80,
    0x7f, 0xf2, 0xd4, 0xc0, 0x31, 0xb0, 0x7, 0xff,
    0x36, 0x80, 0x35, 0x0, 0x7f, 0xff, 0xc0, 0x3f,
    0xff, 0xe0, 0x1f, 0xff, 0xf0, 0xf, 0xff, 0xf8,
    0x7, 0xff, 0xd4,

    /* U+04AF "ү" */
    0x8f, 0xfc, 0xa0, 0x1f, 0xfc, 0x46, 0xff, 0xc3,
    0x20, 0x1a, 0x40, 0x3f, 0xf8, 0x96, 0x1, 0x30,
    0x89, 0x40, 0x23, 0x30, 0x7, 0xff, 0x9, 0x8,
    0x2, 0xb0, 0x4, 0x80, 0x69, 0x0, 0xff, 0xe1,
    0x78, 0x4, 0x84, 0x0, 0x33, 0x0, 0x4a, 0x20,
    0x1f, 0xfc, 0x2, 0x40, 0xb, 0x80, 0x34, 0x80,
    0x66, 0x0, 0xff, 0xe0, 0x58, 0x4, 0x4a, 0x1,
    0x94, 0x40, 0x29, 0x0, 0xff, 0x85, 0x80, 0x2a,
    0x0, 0xf4, 0x80, 0x42, 0xa0, 0x1f, 0xe6, 0x0,
    0xce, 0x1, 0xe6, 0x0, 0xd2, 0x1, 0xfe, 0x90,
    0x9, 0x80, 0x3e, 0x16, 0x0, 0x8c, 0xc0, 0x1f,
    0x94, 0x40, 0x2b, 0x0, 0xfd, 0x40, 0x1a, 0x80,
    0x3f, 0x48, 0x4, 0x84, 0x1, 0xf8, 0xcc, 0x1,
    0x30, 0x80, 0x78, 0xcc, 0x1, 0x78, 0x7, 0xfa,
    0x40, 0x33, 0x0, 0x7a, 0x40, 0x22, 0x40, 0xf,
    0xf2, 0x88, 0x5, 0x20, 0x1c, 0x2a, 0x1, 0x58,
    0x7, 0xff, 0x2, 0x40, 0x21, 0x50, 0xd, 0x20,
    0x10, 0xb0, 0x7, 0xff, 0x1, 0x80, 0x37, 0x0,
    0x66, 0x0, 0x98, 0x3, 0xff, 0x82, 0x2c, 0x1,
    0x21, 0x0, 0x18, 0x40, 0x2a, 0x0, 0xff, 0xe1,
    0x58, 0x6, 0xb0, 0x5, 0x80, 0x4a, 0x40, 0x1f,
    0xfc, 0x22, 0x40, 0x9, 0x85, 0x8, 0x2, 0x90,
    0xf, 0xfe, 0x27, 0x80, 0x66, 0xf0, 0x8, 0xcc,
    0x1, 0xff, 0xc4, 0x42, 0x0, 0xa5, 0x0, 0x2a,
    0x0, 0xff, 0xe3, 0x50, 0x4, 0x20, 0x10, 0xb0,
    0x7, 0xff, 0x19, 0xc0, 0x3e, 0x60, 0xf, 0xfe,
    0x43, 0x0, 0x7a, 0x40, 0x3f, 0xf9, 0x16, 0x1,
    0xca, 0x20, 0x1f, 0xfc, 0x82, 0x40, 0xd, 0x20,
    0x1f, 0xfc, 0xa2, 0x0, 0xc4, 0x1, 0xff, 0xff,
    0x0, 0xff, 0xff, 0x80, 0x7f, 0xff, 0xc0, 0x3f,
    0xc0,

    /* U+04B0 "Ұ" */
    0x5f, 0xfd, 0x60, 0x1f, 0xfc, 0x85, 0xff, 0xcc,
    0xa8, 0x1, 0x22, 0x80, 0x7f, 0xf1, 0xec, 0x2,
    0x36, 0x9, 0x0, 0xd6, 0x1, 0xff, 0xc6, 0x81,
    0x0, 0xbc, 0x0, 0x4e, 0x1, 0xc, 0x0, 0x7f,
    0xf1, 0x9, 0xc0, 0x26, 0x30, 0xa, 0x4, 0x2,
    0x72, 0x0, 0xff, 0xe1, 0xf0, 0x4, 0x30, 0x1,
    0xd6, 0x1, 0xb8, 0x3, 0xff, 0x84, 0xc6, 0x1,
    0x40, 0x80, 0x72, 0xa0, 0x4, 0x6a, 0x1, 0xff,
    0xc0, 0x18, 0x0, 0x8d, 0x80, 0x3e, 0x90, 0xd,
    0x62, 0x1, 0xff, 0x40, 0x80, 0x5e, 0x1, 0xf8,
    0xa0, 0x2, 0x18, 0x0, 0xff, 0x1b, 0x0, 0x4c,
    0x60, 0x1f, 0xce, 0x40, 0x13, 0x18, 0x7, 0xf7,
    0x0, 0x43, 0x20, 0x1f, 0xf4, 0x80, 0x6f, 0x0,
    0xfc, 0xe4, 0x1, 0x58, 0x7, 0xff, 0x1, 0x14,
    0x2, 0x36, 0x0, 0xf0, 0xc0, 0x4, 0x8a, 0x1,
    0xff, 0xc1, 0xb0, 0xd, 0x2, 0x1, 0xd6, 0x1,
    0xa4, 0x3, 0xff, 0x84, 0x30, 0x1, 0xd, 0x80,
    0x64, 0x50, 0x9, 0xc8, 0x3, 0xff, 0x86, 0xe4,
    0x1, 0x29, 0x80, 0x52, 0x1, 0xc, 0x0, 0x7f,
    0xf1, 0x64, 0x3, 0x70, 0x1, 0xc8, 0x2, 0xa0,
    0xf, 0xfe, 0x32, 0x28, 0x4, 0x4e, 0x50, 0x1,
    0x22, 0x0, 0x3f, 0xf8, 0xf6, 0x1, 0xa3, 0x80,
    0x34, 0x80, 0x7f, 0xf2, 0x6, 0x40, 0x31, 0x80,
    0x50, 0x40, 0x1f, 0xfc, 0x96, 0x30, 0xf, 0x13,
    0x80, 0x7f, 0xf1, 0x1b, 0xff, 0xc6, 0x1, 0xe2,
    0xff, 0xf1, 0x80, 0x7f, 0xff, 0x9e, 0xef, 0xe7,
    0x0, 0xcd, 0x77, 0xf1, 0x80, 0x7f, 0x85, 0x13,
    0xee, 0x0, 0xde, 0x89, 0xf0, 0x7, 0xff, 0xfc,
    0x3, 0xff, 0xfe, 0x1, 0xff, 0xff, 0x0, 0xff,
    0xfc, 0x80,

    /* U+04B1 "ұ" */
    0x8f, 0xfc, 0xa0, 0x1f, 0xfc, 0x46, 0xff, 0xc3,
    0x20, 0x1a, 0x40, 0x3f, 0xf8, 0x96, 0x1, 0x30,
    0x89, 0x40, 0x23, 0x30, 0x7, 0xff, 0x9, 0x8,
    0x2, 0xb0, 0x4, 0x80, 0x69, 0x0, 0xff, 0xe1,
    0x78, 0x4, 0x84, 0x0, 0x33, 0x0, 0x4a, 0x20,
    0x1f, 0xfc, 0x2, 0x40, 0xb, 0x80, 0x34, 0x80,
    0x66, 0x0, 0xff, 0xe0, 0x58, 0x4, 0x4a, 0x1,
    0x94, 0x40, 0x29, 0x0, 0xff, 0x85, 0x80, 0x2a,
    0x0, 0xf4, 0x80, 0x42, 0xa0, 0x1f, 0xe6, 0x0,
    0xcc, 0x1, 0xe6, 0x0, 0xd2, 0x1, 0xfe, 0x90,
    0x9, 0x84, 0x3, 0xc2, 0xa0, 0x11, 0x90, 0x7,
    0xe5, 0x10, 0xa, 0xc0, 0x3f, 0x48, 0x6, 0xb0,
    0xf, 0xd2, 0x1, 0x21, 0x0, 0x7e, 0x33, 0x0,
    0x4c, 0x20, 0x1e, 0x33, 0x0, 0x5e, 0x1, 0xfe,
    0x90, 0xc, 0xc0, 0x1e, 0x90, 0x8, 0x90, 0x3,
    0xfc, 0xa2, 0x1, 0x50, 0x7, 0xa, 0x80, 0x56,
    0x1, 0xff, 0xc0, 0x90, 0x8, 0x90, 0x3, 0x48,
    0x6, 0x60, 0xf, 0xfe, 0x3, 0x0, 0x6f, 0x0,
    0xcc, 0x1, 0x38, 0x7, 0xff, 0x4, 0x58, 0x2,
    0x42, 0x0, 0x30, 0x80, 0x54, 0x1, 0xff, 0xc2,
    0xb0, 0xd, 0x60, 0xb, 0x0, 0x90, 0x80, 0x3f,
    0xf8, 0x44, 0x60, 0x13, 0x2, 0x10, 0x5, 0xe0,
    0x1f, 0xfc, 0x49, 0x0, 0xcf, 0xc0, 0x11, 0x20,
    0x7, 0xff, 0x11, 0x48, 0x2, 0x95, 0x0, 0xac,
    0x3, 0xff, 0x8d, 0x40, 0x10, 0x80, 0x42, 0xc0,
    0x1f, 0xfc, 0x66, 0x0, 0xf9, 0x80, 0x3f, 0xf8,
    0x24, 0x89, 0xca, 0x80, 0x1e, 0xd4, 0x4f, 0x0,
    0x7d, 0x17, 0x7e, 0x40, 0xf, 0x55, 0xdf, 0x84,
    0x3, 0xff, 0xe5, 0x5f, 0xff, 0x30, 0x6, 0xef,
    0xff, 0x84, 0x3, 0xff, 0xfe, 0x1, 0xff, 0xff,
    0x0, 0xff, 0xf2, 0x80,

    /* U+04B2 "Ҳ" */
    0x1, 0xef, 0xfd, 0x0, 0x1f, 0xfc, 0x4a, 0xff,
    0xdc, 0x20, 0x18, 0x6c, 0x3, 0x39, 0x80, 0x7f,
    0xf0, 0x95, 0x40, 0x1a, 0x84, 0x3, 0x95, 0x40,
    0x1b, 0x80, 0x3f, 0xf8, 0x23, 0x60, 0x19, 0x90,
    0x3, 0xeb, 0x10, 0x8, 0xa8, 0x3, 0xff, 0x81,
    0x42, 0x1, 0x14, 0x80, 0x7e, 0x1a, 0x0, 0xca,
    0xa0, 0xf, 0xf3, 0xa0, 0x6, 0xe0, 0xf, 0xf2,
    0x30, 0x6, 0xb1, 0x0, 0xfc, 0x70, 0x1, 0x9c,
    0xc0, 0x3f, 0xe9, 0x20, 0x8, 0x68, 0x3, 0xf7,
    0x0, 0x63, 0x80, 0xf, 0xfe, 0xf, 0x0, 0x64,
    0x70, 0xf, 0x49, 0x0, 0x6e, 0x0, 0xff, 0xe1,
    0x1c, 0x0, 0x68, 0x20, 0xc, 0x8c, 0x1, 0xa4,
    0x80, 0x3f, 0xf8, 0x6e, 0x60, 0x1b, 0xc0, 0x21,
    0xa0, 0xc, 0x8c, 0x1, 0xff, 0xc5, 0xe0, 0xc,
    0x52, 0x0, 0xa1, 0x0, 0x86, 0x80, 0x3f, 0xf8,
    0xc5, 0x20, 0x19, 0x91, 0x90, 0x3, 0x58, 0x80,
    0x7f, 0xf1, 0xd9, 0x0, 0x35, 0x48, 0x6, 0x65,
    0x0, 0xff, 0xe4, 0xd0, 0x80, 0x42, 0x1, 0x8a,
    0x40, 0x3f, 0xf9, 0x43, 0x60, 0x1f, 0xb8, 0x3,
    0xff, 0x98, 0xaa, 0x0, 0xf3, 0x98, 0x7, 0xff,
    0x36, 0xc0, 0x3d, 0x40, 0x1f, 0xfc, 0xeb, 0x0,
    0xf7, 0x0, 0x7f, 0xf3, 0x55, 0x40, 0x1e, 0x37,
    0x0, 0xff, 0xe5, 0x8d, 0x80, 0x7e, 0x83, 0x0,
    0xff, 0xe5, 0x50, 0x80, 0x44, 0x20, 0x1b, 0x80,
    0x3f, 0xf9, 0x2c, 0x80, 0x1b, 0xa8, 0x3, 0x14,
    0x0, 0x7f, 0xf1, 0xca, 0x40, 0x34, 0x1a, 0x30,
    0x6, 0x74, 0x0, 0xff, 0xe3, 0x70, 0x6, 0x37,
    0x0, 0x49, 0x0, 0x6a, 0x10, 0xf, 0xfe, 0x24,
    0x18, 0x6, 0xd0, 0xd, 0xc0, 0x18, 0x6c, 0x3,
    0xff, 0x86, 0x6e, 0x1, 0xa8, 0x40, 0x31, 0xc0,
    0x6, 0x55, 0x0, 0x7f, 0xf0, 0xb4, 0x3, 0x2a,
    0x80, 0x3c, 0xe8, 0x1, 0xac, 0x40, 0x3f, 0xf8,
    0x14, 0x20, 0x10, 0xd0, 0x7, 0xea, 0x10, 0x8,
    0x68, 0x3, 0xfe, 0x55, 0x0, 0x6d, 0x0, 0xfe,
    0x1b, 0x0, 0xc8, 0xc0, 0x1f, 0xc3, 0x60, 0x19,
    0xcc, 0x3, 0xfc, 0xac, 0x1, 0xa5, 0x8c, 0xf0,
    0x80, 0x54, 0x20, 0x11, 0xc0, 0x7, 0xff, 0x2,
    0x48, 0x3, 0x4e, 0x66, 0x40, 0x3, 0xa0, 0x6,
    0xe0, 0xf, 0xfe, 0x17, 0x0, 0x7f, 0xc5, 0x0,
    0x1a, 0x48, 0x3, 0xff, 0x84, 0x70, 0x1, 0xfe,
    0xe0, 0xc, 0x8c, 0x1, 0xff, 0xc4, 0x70, 0xf,
    0xf6, 0x7f, 0xeb, 0x0, 0xff, 0xe3, 0x7f, 0xda,
    0x1, 0xff, 0xff, 0x0, 0xff, 0xff, 0x80, 0x7f,
    0xff, 0xc0, 0x3f, 0xf8, 0x6, 0xef, 0xc0,

    /* U+04B3 "ҳ" */
    0xb, 0xff, 0xcc, 0x1, 0xff, 0xc0, 0x5f, 0xfd,
    0x40, 0x1a, 0x84, 0x2, 0x93, 0x0, 0xff, 0x15,
    0x0, 0x45, 0x40, 0x18, 0x74, 0x3, 0x70, 0x7,
    0xfb, 0xc0, 0x37, 0x0, 0x78, 0xe0, 0x2, 0x2a,
    0x0, 0xfd, 0x24, 0x1, 0x49, 0x80, 0x7c, 0xe8,
    0x1, 0x2b, 0x0, 0x79, 0x58, 0x2, 0x56, 0x0,
    0xfe, 0xa1, 0x0, 0xa4, 0x80, 0x31, 0x50, 0x4,
    0x54, 0x1, 0xfe, 0x1d, 0x0, 0xde, 0x1, 0xb8,
    0x3, 0x70, 0x7, 0xff, 0x0, 0xe0, 0x2, 0x29,
    0x0, 0x49, 0x80, 0x52, 0x60, 0x1f, 0xfc, 0x17,
    0x40, 0x9, 0x95, 0x4c, 0x1, 0x2b, 0x0, 0x7f,
    0xf0, 0xe8, 0x40, 0x2a, 0xa0, 0x4, 0x54, 0x1,
    0xff, 0xc4, 0x1d, 0x0, 0xfd, 0xe0, 0x1f, 0xfc,
    0x63, 0x80, 0xf, 0x49, 0x0, 0x7f, 0xf1, 0xdc,
    0xc0, 0x32, 0xb0, 0x7, 0xff, 0x20, 0x8c, 0x3,
    0x20, 0x80, 0x7f, 0xf2, 0x3c, 0x3, 0x87, 0x40,
    0x3f, 0xf8, 0xf2, 0x40, 0x1e, 0x39, 0x0, 0xff,
    0xe2, 0xb3, 0x0, 0x25, 0x40, 0x9, 0x94, 0x3,
    0xff, 0x86, 0x52, 0x1, 0x15, 0x50, 0x40, 0x2a,
    0x20, 0xf, 0xfe, 0x17, 0x80, 0x6f, 0x1, 0xd0,
    0xd, 0xe0, 0x1f, 0xfc, 0x1a, 0x20, 0xa, 0x48,
    0x0, 0x70, 0x1, 0x14, 0x80, 0x7f, 0xcc, 0xa0,
    0x12, 0xb0, 0x6, 0x74, 0x0, 0x99, 0x80, 0x1f,
    0xc7, 0x20, 0x11, 0x50, 0x7, 0xa8, 0x40, 0x29,
    0x20, 0xf, 0xdc, 0x1, 0xb8, 0x3, 0xe1, 0xa0,
    0xd, 0xbf, 0xfa, 0xc0, 0x14, 0x40, 0x14, 0x98,
    0x7, 0xe4, 0x70, 0xf, 0xf3, 0x28, 0x4, 0xac,
    0x1, 0xfe, 0x84, 0x0, 0xfc, 0x72, 0x1, 0x15,
    0x80, 0x7f, 0xf0, 0x28, 0x3, 0xf1, 0xff, 0xed,
    0x10, 0xf, 0xfe, 0x0, 0xff, 0xd0, 0x1, 0xff,
    0xff, 0x0, 0xff, 0xfa, 0x23, 0xbd, 0xc0,

    /* U+04B4 "Ҵ" */
    0x5f, 0xff, 0xfe, 0x70, 0x7, 0xe5, 0xff, 0xcc,
    0x1, 0xff, 0xff, 0x0, 0xff, 0xfc, 0x26, 0x67,
    0xfc, 0x40, 0x10, 0xe6, 0x7f, 0x80, 0x3f, 0xf8,
    0xe2, 0x67, 0xff, 0x0, 0x71, 0x9f, 0xf8, 0x3,
    0xff, 0xfe, 0x1, 0xff, 0xff, 0x0, 0xff, 0xff,
    0x80, 0x7f, 0xff, 0xc0, 0x3f, 0xff, 0xe0, 0x1f,
    0xff, 0xf0, 0xf, 0xff, 0xf8, 0x7, 0xff, 0xfc,
    0x3, 0xff, 0xfe, 0x1, 0xff, 0xff, 0x0, 0xff,
    0xff, 0x80, 0x7f, 0xff, 0xc0, 0x3f, 0xff, 0xe0,
    0x1f, 0xff, 0xf0, 0xf, 0xff, 0x1, 0x9f, 0xff,
    0x18, 0x80, 0x37, 0x19, 0xe2, 0x0, 0xff, 0xe2,
    0xe, 0x67, 0xff, 0x1a, 0x0, 0x33, 0xe6, 0x6b,
    0x0, 0xff, 0xff, 0x80, 0x7f, 0xff, 0xf7, 0xff,
    0xff, 0xa0, 0x40, 0x1f, 0xff, 0xf0, 0xf, 0xff,
    0xf8, 0x7, 0xff, 0xfc, 0x3, 0xff, 0xfe, 0x1,
    0xff, 0xc9, 0xb7, 0x7b, 0x40,

    /* U+04B5 "ҵ" */
    0xcf, 0xff, 0xfe, 0x44, 0x80, 0x77, 0xfe, 0xa0,
    0xf, 0xff, 0xf8, 0x7, 0xff, 0x67, 0x3b, 0xbf,
    0x40, 0x6, 0xce, 0xef, 0x48, 0x7, 0xff, 0xc,
    0x47, 0xf0, 0x7, 0x8, 0xfc, 0x1, 0xff, 0xff,
    0x0, 0xff, 0xff, 0x80, 0x7f, 0xff, 0xc0, 0x3f,
    0xff, 0xe0, 0x1f, 0xff, 0xf0, 0xf, 0xff, 0xf8,
    0x7, 0xff, 0xfc, 0x3, 0xff, 0xc0, 0x23, 0xff,
    0xc1, 0x0, 0xe1, 0x18, 0x3, 0xff, 0x87, 0x9d,
    0xdf, 0xfc, 0x0, 0xc, 0xbd, 0xd2, 0x0, 0x7f,
    0xff, 0xc0, 0x3f, 0xfb, 0xcf, 0xff, 0xff, 0xc9,
    0x0, 0xff, 0xff, 0x80, 0x7f, 0xff, 0xc0, 0x3f,
    0xfa, 0x51, 0x19, 0x80,

    /* U+04B6 "Ҷ" */
    0x4f, 0xfc, 0xe0, 0x1f, 0xfc, 0x58, 0xff, 0xc6,
    0x1, 0xff, 0xff, 0x0, 0xff, 0xff, 0x80, 0x7f,
    0xff, 0xc0, 0x3f, 0xff, 0xe0, 0x1f, 0xfe, 0x17,
    0x0, 0xde, 0x1, 0xff, 0xd0, 0x10, 0xc, 0x60,
    0x1f, 0xfd, 0x2, 0x0, 0xc8, 0x1, 0xff, 0xd1,
    0x30, 0xd, 0x0, 0x1f, 0xfd, 0xb, 0x0, 0xce,
    0x80, 0x1f, 0xfc, 0xf6, 0x10, 0xd, 0x6e, 0x1,
    0xff, 0xc0, 0x4b, 0x70, 0xf, 0xf8, 0x64, 0x3,
    0xa3, 0xa1, 0x4, 0x0, 0x24, 0x8f, 0x7f, 0x68,
    0x1, 0xff, 0xc1, 0x75, 0x0, 0xe1, 0x7b, 0xef,
    0xf7, 0x6d, 0xc2, 0x0, 0x7f, 0xf1, 0x69, 0x80,
    0x3f, 0xfa, 0xb3, 0x64, 0x1, 0xff, 0xc2, 0x28,
    0x60, 0xf, 0xfe, 0x1a, 0x6d, 0xb1, 0x0, 0x7c,
    0x29, 0x1b, 0xa7, 0x10, 0xf, 0xfe, 0x2a, 0x4e,
    0xfe, 0xe6, 0x5b, 0xfd, 0x6e, 0x40, 0x1f, 0xfc,
    0xc2, 0x33, 0x88, 0x3, 0xff, 0xfe, 0x1, 0xff,
    0xff, 0x0, 0xff, 0xf8, 0x90, 0x6, 0x53, 0x3c,
    0x20, 0x1f, 0xfc, 0xb5, 0x0, 0xd3, 0x99, 0x90,
    0x3, 0xff, 0xfe, 0x1, 0xff, 0xe6, 0xff, 0xee,
    0x0, 0xff, 0xff, 0x80, 0x7f, 0xff, 0xc0, 0x3f,
    0xff, 0xe0, 0x1f, 0xfc, 0x1, 0x77, 0xe0,

    /* U+04B7 "ҷ" */
    0xff, 0xd4, 0x1, 0xff, 0xc1, 0xdf, 0xfb, 0x0,
    0x3f, 0xff, 0xe0, 0x1f, 0xff, 0xf0, 0xf, 0xff,
    0xd0, 0x80, 0x42, 0x1, 0xff, 0xca, 0x30, 0x9,
    0x40, 0x3f, 0xf9, 0x4e, 0x1, 0xa, 0x80, 0x7f,
    0xf2, 0x7c, 0x3, 0x52, 0x0, 0x7f, 0xb, 0x90,
    0x7, 0xe5, 0x10, 0xd, 0x74, 0x82, 0x0, 0x14,
    0x7c, 0xe8, 0x0, 0xff, 0x50, 0x7, 0x2d, 0xf7,
    0xfb, 0xae, 0xc, 0x3, 0xff, 0x80, 0x92, 0x1,
    0xff, 0xce, 0x6d, 0x40, 0xf, 0xf0, 0xb6, 0x90,
    0x7, 0xfc, 0x57, 0xb2, 0xa6, 0x44, 0x35, 0x8c,
    0xe9, 0x20, 0xf, 0xfe, 0x11, 0x35, 0x66, 0xeb,
    0x29, 0xcc, 0x3, 0xff, 0xfe, 0x1, 0xfc, 0x60,
    0x10, 0x8e, 0x0, 0xff, 0xe3, 0x88, 0x4, 0x5d,
    0xd6, 0x0, 0x7f, 0xff, 0xc0, 0x3f, 0xf9, 0x9f,
    0xf9, 0x80, 0x3f, 0xff, 0xe0, 0x1f, 0xfe, 0xfd,
    0x77, 0xa8,

    /* U+04B8 "Ҹ" */
    0x5f, 0xfc, 0xc0, 0x1f, 0xfc, 0x59, 0xff, 0xc6,
    0x1, 0xff, 0xff, 0x0, 0xff, 0xff, 0x80, 0x7f,
    0xff, 0xc0, 0x3f, 0xfb, 0x2, 0x1, 0xff, 0xd5,
    0x10, 0xf, 0x27, 0xfc, 0xa0, 0x1f, 0xfc, 0x7,
    0x0, 0xda, 0x1, 0xff, 0xcb, 0x20, 0xc, 0x80,
    0x1f, 0xfc, 0xb1, 0x20, 0x8, 0x5c, 0x3, 0xff,
    0x96, 0xa0, 0x1a, 0x10, 0x3, 0xff, 0x95, 0x20,
    0x1d, 0x6e, 0x1, 0xff, 0xb, 0x6b, 0x0, 0x78,
    0x5c, 0x3, 0xa3, 0xa5, 0x48, 0x2, 0xd6, 0x9d,
    0xe9, 0x20, 0xf, 0xd0, 0x80, 0x1c, 0x2d, 0x52,
    0x1, 0x3c, 0xb1, 0x0, 0x7f, 0xf0, 0x2d, 0x40,
    0x3f, 0xfa, 0x15, 0x42, 0x0, 0xff, 0xe1, 0x1c,
    0xb0, 0x7, 0xf9, 0x76, 0xdc, 0xc0, 0x3e, 0x36,
    0xae, 0xc6, 0x0, 0xff, 0xe0, 0xa4, 0x67, 0xfa,
    0x80, 0x2a, 0xc9, 0x51, 0x0, 0xff, 0xe4, 0x8,
    0x7, 0xff, 0xfc, 0x3, 0xff, 0xfe, 0x1, 0xff,
    0xcb, 0x4f, 0xf9, 0x40, 0x3f, 0xff, 0xe0, 0x1f,
    0xfe, 0x90,

    /* U+04B9 "ҹ" */
    0xf, 0xfd, 0x20, 0x1f, 0xfc, 0x1e, 0xff, 0xac,
    0x3, 0xff, 0xfe, 0x1, 0xff, 0xff, 0x0, 0xff,
    0xe8, 0x16, 0x64, 0x40, 0x1f, 0xfc, 0x25, 0x0,
    0xc2, 0x67, 0x0, 0x7f, 0xc4, 0x1, 0x18, 0x80,
    0x7f, 0xf1, 0x90, 0x3, 0x50, 0x7, 0xfc, 0x20,
    0x1e, 0xd0, 0xc, 0x98, 0x80, 0x1e, 0x26, 0xbe,
    0x10, 0xe, 0x44, 0x0, 0x63, 0xbe, 0xe0, 0x5,
    0xba, 0x94, 0x0, 0xfd, 0x44, 0x1, 0xc2, 0x40,
    0x1f, 0xfc, 0x31, 0xc5, 0x0, 0xff, 0xe0, 0xc,
    0x8, 0x7, 0xc3, 0x5a, 0xc4, 0x1, 0xe2, 0x7b,
    0xe7, 0x0, 0xff, 0x14, 0xef, 0xf5, 0x0, 0x5f,
    0x8, 0x1, 0xff, 0xc4, 0x16, 0x0, 0xff, 0xff,
    0x80, 0x7f, 0xf2, 0xf, 0xfe, 0x20, 0xf, 0xff,
    0xf8, 0x7, 0x80,

    /* U+04BA "Һ" */
    0xcf, 0xfc, 0x1, 0xff, 0xff, 0x0, 0xff, 0xff,
    0x80, 0x7f, 0xff, 0xc0, 0x3f, 0xff, 0xe0, 0x1f,
    0xf0, 0xac, 0x5e, 0xf7, 0xfb, 0xb6, 0x98, 0x80,
    0x3f, 0xf8, 0x2, 0xd9, 0xd4, 0xe8, 0x42, 0x0,
    0x12, 0x59, 0xdb, 0x40, 0xf, 0xf7, 0x49, 0x80,
    0x7f, 0xf0, 0x52, 0xe4, 0x3, 0xff, 0x9e, 0xd6,
    0x1, 0xff, 0xc0, 0x15, 0x79, 0xab, 0xa8, 0x40,
    0xf, 0x24, 0x80, 0x7e, 0x28, 0xde, 0xa8, 0x65,
    0x45, 0x7b, 0xe8, 0x0, 0xe6, 0x30, 0xf, 0x66,
    0xb9, 0x0, 0x7f, 0xb, 0xe0, 0x7, 0x40, 0x7,
    0x8c, 0x3, 0xff, 0x84, 0x76, 0x1, 0x90, 0x40,
    0x3f, 0xf9, 0x28, 0x80, 0xc, 0x80, 0x1f, 0xfc,
    0xad, 0x0, 0xda, 0x1, 0xff, 0xca, 0x40, 0xc,
    0x40, 0x1f, 0xfc, 0xa2, 0x0, 0xc2, 0x1, 0xff,
    0xff, 0x0, 0xff, 0xff, 0x80, 0x7f, 0xff, 0xc0,
    0x3f, 0xff, 0xe0, 0x1f, 0x80,

    /* U+04BB "һ" */
    0x0, 0xff, 0xe6, 0xc7, 0xfe, 0x10, 0xf, 0xff,
    0xf8, 0x7, 0xff, 0xfc, 0x3, 0xff, 0xfe, 0x1,
    0xff, 0xd0, 0x38, 0xcd, 0xff, 0x76, 0x41, 0x80,
    0x7f, 0xf0, 0x53, 0x71, 0xcc, 0x80, 0x2, 0x6f,
    0x98, 0x30, 0xf, 0xf4, 0xd9, 0x0, 0x7f, 0x8f,
    0x14, 0x3, 0xf5, 0xb0, 0x7, 0xff, 0xa, 0x90,
    0x3, 0xe5, 0x0, 0x85, 0xab, 0x31, 0x6e, 0x40,
    0x1d, 0x42, 0x1, 0xfd, 0x1d, 0x2a, 0x66, 0x48,
    0xd8, 0x0, 0xc3, 0x20, 0x1f, 0xb1, 0xc0, 0x3f,
    0x3c, 0x0, 0x66, 0x0, 0xfa, 0x4c, 0x3, 0xfc,
    0xe4, 0x1, 0x9, 0x80, 0x71, 0x30, 0x7, 0xff,
    0x2, 0x80, 0x32, 0x80, 0x72, 0x80, 0x7f, 0xf0,
    0x50, 0x3, 0x70, 0x7, 0x60, 0x7, 0xff, 0x4,
    0x80, 0x30, 0x80, 0x73, 0x0, 0x7f, 0xf0, 0x44,
    0x3, 0xfc, 0x60, 0x1f, 0xff, 0xf0, 0xf, 0xff,
    0xf8, 0x7, 0xff, 0xfc, 0x3, 0xff, 0xfe, 0x1,
    0xff, 0xe0,

    /* U+04BC "Ҽ" */
    0x0, 0xff, 0xe4, 0x8b, 0x4e, 0x77, 0xfd, 0xb7,
    0x8, 0x1, 0xff, 0xd3, 0x4b, 0xe9, 0x63, 0x10,
    0x8, 0x91, 0xef, 0xe4, 0x80, 0x3f, 0xf9, 0xc7,
    0xb6, 0x80, 0x1f, 0xfc, 0x16, 0xd9, 0x10, 0xf,
    0xfe, 0x5c, 0x61, 0x0, 0x7f, 0xf1, 0x5b, 0xd0,
    0x3, 0xff, 0x93, 0x6e, 0x1, 0xe2, 0x69, 0xab,
    0xa8, 0x51, 0x0, 0xe1, 0xb6, 0x0, 0xff, 0xe3,
    0xda, 0x0, 0x73, 0x6e, 0xa5, 0x95, 0x15, 0xeb,
    0xac, 0xc0, 0x3a, 0x54, 0x3, 0x8a, 0x14, 0x80,
    0x3f, 0x52, 0x0, 0x62, 0xd9, 0x20, 0xf, 0xe4,
    0xc9, 0x0, 0xea, 0x30, 0xd, 0x6f, 0x5b, 0xe4,
    0x1, 0xc8, 0xa0, 0x19, 0x34, 0x80, 0x3f, 0xf8,
    0x2d, 0xa2, 0x1, 0xb8, 0x3, 0x30, 0x4, 0x84,
    0x1, 0xd4, 0x1, 0x92, 0xc0, 0x3f, 0xf8, 0x85,
    0x80, 0x18, 0x9c, 0x0, 0x60, 0x1b, 0xc0, 0x39,
    0xc4, 0x2, 0x1a, 0x0, 0xff, 0xe3, 0x15, 0x0,
    0x68, 0x0, 0x28, 0x6, 0x50, 0xe, 0x90, 0xd,
    0x62, 0x1, 0xff, 0xc7, 0x53, 0x0, 0xcc, 0x2,
    0x1, 0xfc, 0x62, 0x1, 0x12, 0x80, 0x7f, 0xf2,
    0x60, 0x3, 0x50, 0x8, 0x6, 0x40, 0xd, 0x60,
    0x1a, 0x80, 0x3f, 0xf9, 0x48, 0x20, 0x11, 0x82,
    0x80, 0x68, 0x10, 0x8, 0xc0, 0x32, 0x0, 0x7f,
    0xf2, 0xd0, 0x3, 0x19, 0x84, 0x2, 0x2f, 0x63,
    0x26, 0x0, 0xc2, 0x45, 0xff, 0xcb, 0x30, 0xc,
    0xa1, 0x60, 0x18, 0x67, 0x34, 0x80, 0x36, 0xef,
    0xff, 0x31, 0x80, 0x30, 0x82, 0xb0, 0x7, 0xff,
    0x82, 0x64, 0x1, 0xff, 0xdc, 0x10, 0x9, 0xba,
    0xc, 0x40, 0x3f, 0xfb, 0x6, 0x1, 0x85, 0xf3,
    0xbf, 0xc6, 0x1, 0xb7, 0xff, 0xff, 0xa0, 0xa0,
    0x1f, 0xe5, 0x0, 0xce, 0x1, 0xff, 0xdb, 0xf0,
    0xd, 0xe0, 0x1f, 0xfd, 0xb7, 0x0, 0xca, 0x20,
    0x1f, 0xfd, 0xa1, 0x40, 0xd, 0x0, 0x1f, 0xfd,
    0xbe, 0x0, 0xcc, 0x80, 0x1f, 0xfd, 0xa5, 0x30,
    0xd, 0x44, 0x1, 0xff, 0xc6, 0x30, 0xf, 0xfe,
    0x3f, 0x0, 0x61, 0xc2, 0x0, 0xff, 0xe2, 0x36,
    0x60, 0x3, 0xff, 0x8c, 0x52, 0x1, 0x87, 0x58,
    0x3, 0xff, 0x82, 0x57, 0x20, 0x7a, 0x20, 0x1f,
    0xfc, 0x56, 0x70, 0xe, 0x9d, 0x50, 0xf, 0xe3,
    0xad, 0x40, 0x8, 0xb0, 0x3, 0xff, 0x8d, 0xe,
    0x1, 0xc5, 0x5f, 0x70, 0xca, 0xa7, 0xae, 0xc5,
    0x0, 0xf4, 0x80, 0x7f, 0xf1, 0xe2, 0x40, 0x3e,
    0x47, 0x9a, 0xa4, 0x28, 0x80, 0x79, 0x35, 0x0,
    0x3f, 0xf9, 0xd, 0xc8, 0x1, 0xff, 0xc5, 0x2a,
    0xb2, 0x0, 0xff, 0xe5, 0xd, 0xeb, 0x0, 0x7f,
    0xf0, 0x52, 0xb5, 0x40, 0x3f, 0xf9, 0xc5, 0x3f,
    0x6e, 0x84, 0x20, 0x1, 0x36, 0xae, 0xb5, 0x0,
    0xfe,

    /* U+04BD "ҽ" */
    0x0, 0xff, 0xe2, 0xa4, 0xe7, 0x7f, 0xbb, 0x25,
    0x40, 0x3f, 0xf9, 0x8f, 0xd6, 0xc6, 0x20, 0x1,
    0x36, 0xae, 0x70, 0xf, 0xfe, 0x41, 0xec, 0x8,
    0x7, 0xf8, 0x63, 0x4c, 0x3, 0xff, 0x8a, 0xb8,
    0x40, 0x1f, 0xfc, 0x22, 0xc4, 0x0, 0xff, 0xe1,
    0xa5, 0x0, 0x73, 0x5f, 0x7f, 0xd6, 0xc0, 0x1d,
    0x66, 0x1, 0x8b, 0xf2, 0x14, 0x3, 0xd, 0x0,
    0x63, 0xe9, 0x41, 0x0, 0x92, 0x79, 0x0, 0x37,
    0x0, 0x6a, 0x3, 0x7c, 0x0, 0xd0, 0x20, 0x12,
    0x60, 0x80, 0x7e, 0x1b, 0x50, 0x8, 0xa0, 0x2,
    0x40, 0xa, 0x80, 0x21, 0x60, 0x8, 0xac, 0x3,
    0xff, 0x81, 0x44, 0x1, 0x38, 0x4, 0x60, 0x11,
    0x0, 0x4c, 0x1, 0xa0, 0x3, 0xff, 0x85, 0x20,
    0x19, 0x40, 0x3c, 0x80, 0x15, 0x80, 0x42, 0xa0,
    0x1f, 0xfc, 0x24, 0x20, 0xb, 0xc0, 0x6, 0x1,
    0x5b, 0x8, 0x18, 0x4, 0xa0, 0x1f, 0xfc, 0x44,
    0x0, 0x9c, 0x1, 0x20, 0x10, 0xcf, 0x78, 0x6,
    0x4f, 0xff, 0xfe, 0x23, 0x0, 0x44, 0x0, 0x56,
    0x0, 0xff, 0xeb, 0xcd, 0x10, 0x7, 0xff, 0x59,
    0x77, 0xae, 0xa4, 0x3, 0x1d, 0x57, 0xff, 0x24,
    0x3, 0xc2, 0x8a, 0xc2, 0x1, 0xa, 0xaf, 0xff,
    0x24, 0x3, 0xfc, 0x80, 0x11, 0x10, 0x3, 0xff,
    0xa5, 0xe0, 0x1a, 0x0, 0x3f, 0xfa, 0x4a, 0x20,
    0x12, 0xa8, 0x3, 0xff, 0xa5, 0x0, 0x1a, 0x90,
    0x3, 0xff, 0x80, 0x5c, 0xa0, 0x1f, 0xfc, 0x26,
    0x30, 0xd, 0x72, 0x20, 0x1f, 0xcf, 0xa3, 0x46,
    0x1, 0xff, 0xc2, 0xd2, 0x0, 0xcd, 0xd4, 0xc6,
    0x44, 0x35, 0x9e, 0x80, 0xb, 0x44, 0x3, 0xff,
    0x82, 0x38, 0x40, 0x1c, 0xb3, 0x9b, 0xac, 0xa6,
    0x10, 0xc, 0xc2, 0x1, 0xff, 0xc2, 0x1d, 0x60,
    0xf, 0xfe, 0x24, 0xc0, 0x7, 0xff, 0x16, 0x71,
    0x0, 0x3f, 0xf8, 0xd, 0xcc, 0x1, 0xff, 0xc7,
    0x3b, 0xe9, 0x52, 0x10, 0x0, 0x92, 0xcf, 0x48,
    0x80, 0x70,

    /* U+04BE "Ҿ" */
    0x0, 0xff, 0xe4, 0x8b, 0x4e, 0x77, 0xfd, 0xb7,
    0x8, 0x1, 0xff, 0xd3, 0x4b, 0xe9, 0x63, 0x10,
    0x8, 0x91, 0xef, 0xe4, 0x80, 0x3f, 0xf9, 0xc7,
    0xb6, 0x80, 0x1f, 0xfc, 0x16, 0xd9, 0x10, 0xf,
    0xfe, 0x5c, 0x61, 0x0, 0x7f, 0xf1, 0x5b, 0xd0,
    0x3, 0xff, 0x93, 0x6e, 0x1, 0xe2, 0x69, 0xab,
    0xa8, 0x51, 0x0, 0xe1, 0xb6, 0x0, 0xff, 0xe3,
    0xda, 0x0, 0x73, 0x6e, 0xa5, 0x95, 0x15, 0xeb,
    0xac, 0xc0, 0x3a, 0x54, 0x3, 0x8a, 0x14, 0x80,
    0x3f, 0x52, 0x0, 0x62, 0xd9, 0x20, 0xf, 0xe4,
    0xc9, 0x0, 0xea, 0x30, 0xd, 0x6f, 0x5b, 0xe4,
    0x1, 0xc8, 0xa0, 0x19, 0x34, 0x80, 0x3f, 0xf8,
    0x2d, 0xa2, 0x1, 0xb8, 0x3, 0x30, 0x4, 0x84,
    0x1, 0xd4, 0x1, 0x92, 0xc0, 0x3f, 0xf8, 0x85,
    0x80, 0x18, 0x9c, 0x0, 0x60, 0x1b, 0xc0, 0x39,
    0xc4, 0x2, 0x1a, 0x0, 0xff, 0xe3, 0x15, 0x0,
    0x68, 0x0, 0x28, 0x6, 0x50, 0xe, 0x90, 0xd,
    0x62, 0x1, 0xff, 0xc7, 0x53, 0x0, 0xcc, 0x2,
    0x1, 0xfc, 0x62, 0x1, 0x12, 0x80, 0x7f, 0xf2,
    0x60, 0x3, 0x50, 0x8, 0x6, 0x40, 0xd, 0x60,
    0x1a, 0x80, 0x3f, 0xf9, 0x48, 0x20, 0x11, 0x82,
    0x80, 0x68, 0x10, 0x8, 0xc0, 0x32, 0x0, 0x7f,
    0xf2, 0xd0, 0x3, 0x19, 0x84, 0x2, 0x2f, 0x63,
    0x26, 0x0, 0xc2, 0x45, 0xff, 0xcb, 0x30, 0xc,
    0xa1, 0x60, 0x18, 0x67, 0x34, 0x80, 0x36, 0xef,
    0xff, 0x31, 0x80, 0x30, 0x82, 0xb0, 0x7, 0xff,
    0x82, 0x64, 0x1, 0xff, 0xdc, 0x10, 0x9, 0xba,
    0xc, 0x40, 0x3f, 0xfb, 0x6, 0x1, 0x85, 0xf3,
    0xbf, 0xc6, 0x1, 0xb7, 0xff, 0xff, 0xa0, 0xa0,
    0x1f, 0xe5, 0x0, 0xce, 0x1, 0xff, 0xdb, 0xf0,
    0xd, 0xe0, 0x1f, 0xfd, 0xb7, 0x0, 0xca, 0x20,
    0x1f, 0xfd, 0xa1, 0x40, 0xd, 0x0, 0x1f, 0xfd,
    0xbe, 0x0, 0xcc, 0x80, 0x1f, 0xfd, 0xa5, 0x30,
    0xd, 0x44, 0x1, 0xff, 0xc6, 0x30, 0xf, 0xfe,
    0x3f, 0x0, 0x61, 0xc2, 0x0, 0xff, 0xe2, 0x36,
    0x60, 0x3, 0xff, 0x8c, 0x52, 0x1, 0x87, 0x58,
    0x3, 0xff, 0x82, 0x57, 0x20, 0x7a, 0x20, 0x1f,
    0xfc, 0x56, 0x70, 0xe, 0x9d, 0x50, 0xf, 0xe3,
    0xad, 0x40, 0x8, 0xb0, 0x3, 0xff, 0x8d, 0xe,
    0x1, 0xc5, 0x5f, 0x70, 0xca, 0xa7, 0xae, 0xc5,
    0x0, 0xf4, 0x80, 0x7f, 0xf1, 0xe2, 0x40, 0x3e,
    0x47, 0x9a, 0xa4, 0x28, 0x80, 0x79, 0x35, 0x0,
    0x3f, 0xf9, 0xd, 0xc8, 0x1, 0xff, 0xc5, 0x2a,
    0xb2, 0x0, 0xff, 0xe5, 0xd, 0xeb, 0x0, 0x7f,
    0xf0, 0x52, 0xb5, 0x40, 0x3f, 0xf9, 0xc5, 0x3f,
    0x6e, 0x80, 0x1c, 0x6d, 0x5d, 0x6a, 0x1, 0xff,
    0xd3, 0x48, 0xb7, 0x0, 0x87, 0x25, 0x44, 0x3,
    0xff, 0xfe, 0x1, 0xff, 0xff, 0x0, 0xff, 0xff,
    0x80, 0x7f, 0xfb, 0x0,

    /* U+04BF "ҿ" */
    0x0, 0xff, 0xe2, 0xa4, 0xe7, 0x7f, 0xbb, 0x25,
    0x40, 0x3f, 0xf9, 0x8f, 0xd6, 0xc6, 0x20, 0x1,
    0x36, 0xae, 0x70, 0xf, 0xfe, 0x41, 0xec, 0x8,
    0x7, 0xf8, 0x63, 0x4c, 0x3, 0xff, 0x8a, 0xb8,
    0x40, 0x1f, 0xfc, 0x22, 0xc4, 0x0, 0xff, 0xe1,
    0xa5, 0x0, 0x73, 0x5f, 0x7f, 0xd6, 0xc0, 0x1d,
    0x66, 0x1, 0x8b, 0xf2, 0x14, 0x3, 0xd, 0x0,
    0x63, 0xe9, 0x41, 0x0, 0x92, 0x79, 0x0, 0x37,
    0x0, 0x6a, 0x3, 0x7c, 0x0, 0xd0, 0x20, 0x12,
    0x60, 0x80, 0x7e, 0x1b, 0x50, 0x8, 0xa0, 0x2,
    0x40, 0xa, 0x80, 0x21, 0x60, 0x8, 0xac, 0x3,
    0xff, 0x81, 0x44, 0x1, 0x38, 0x4, 0x60, 0x11,
    0x0, 0x4c, 0x1, 0xa0, 0x3, 0xff, 0x85, 0x20,
    0x19, 0x40, 0x3c, 0x80, 0x15, 0x80, 0x42, 0xa0,
    0x1f, 0xfc, 0x24, 0x20, 0xb, 0xc0, 0x6, 0x1,
    0x5b, 0x8, 0x18, 0x4, 0xa0, 0x1f, 0xfc, 0x44,
    0x0, 0x9c, 0x1, 0x20, 0x10, 0xcf, 0x78, 0x6,
    0x4f, 0xff, 0xfe, 0x23, 0x0, 0x44, 0x0, 0x56,
    0x0, 0xff, 0xeb, 0xcd, 0x10, 0x7, 0xff, 0x59,
    0x77, 0xae, 0xa4, 0x3, 0x1d, 0x57, 0xff, 0x24,
    0x3, 0xc2, 0x8a, 0xc2, 0x1, 0xa, 0xaf, 0xff,
    0x24, 0x3, 0xfc, 0x80, 0x11, 0x10, 0x3, 0xff,
    0xa5, 0xe0, 0x1a, 0x0, 0x3f, 0xfa, 0x4a, 0x20,
    0x12, 0xa8, 0x3, 0xff, 0xa5, 0x0, 0x1a, 0x90,
    0x3, 0xff, 0x80, 0x5c, 0xa0, 0x1f, 0xfc, 0x26,
    0x30, 0xd, 0x72, 0x20, 0x1f, 0xcf, 0xa3, 0x46,
    0x1, 0xff, 0xc2, 0xd2, 0x0, 0xcd, 0xd4, 0xc6,
    0x44, 0x35, 0x9e, 0x80, 0xb, 0x44, 0x3, 0xff,
    0x82, 0x38, 0x40, 0x1c, 0xb3, 0x9b, 0xac, 0xa6,
    0x10, 0xc, 0xc2, 0x1, 0xff, 0xc2, 0x1d, 0x60,
    0xf, 0xfe, 0x24, 0xc0, 0x7, 0xff, 0x16, 0x71,
    0x0, 0x3f, 0xf8, 0xd, 0xcc, 0x1, 0xff, 0xc7,
    0x3b, 0xe9, 0x50, 0xe, 0x25, 0x9e, 0x91, 0x0,
    0xff, 0xe5, 0xb, 0x50, 0x80, 0x51, 0xb4, 0xc2,
    0x1, 0xff, 0xff, 0x0, 0xff, 0xff, 0x80,

    /* U+04C0 "Ӏ" */
    0xcf, 0xfc, 0x1, 0xff, 0xff, 0x0, 0xff, 0xff,
    0x80, 0x7f, 0xf9, 0x40,

    /* U+04C1 "Ӂ" */
    0x0, 0xff, 0xe2, 0x3f, 0xfc, 0x1, 0xfc, 0xff,
    0xee, 0x0, 0xff, 0xea, 0x10, 0x4, 0x60, 0x1f,
    0xb0, 0x0, 0x40, 0x1f, 0xfd, 0x44, 0x0, 0xbc,
    0x3, 0xe5, 0x40, 0x2, 0x0, 0x7f, 0xf5, 0x5,
    0xc0, 0x7, 0xaa, 0x20, 0x3, 0x9a, 0x0, 0xc,
    0x80, 0x7f, 0xf5, 0x61, 0x0, 0x5, 0x5d, 0xfe,
    0xc6, 0x0, 0xa8, 0x40, 0x3f, 0xfa, 0xd7, 0x2,
    0x1, 0xf9, 0x35, 0x0, 0x3f, 0xfb, 0xf, 0xd7,
    0xc, 0xaa, 0x79, 0xdb, 0x20, 0xf, 0xfe, 0xda,
    0x3c, 0xd5, 0x21, 0x88, 0x3, 0xff, 0xf7, 0xdf,
    0xf8, 0x80, 0x3f, 0xf8, 0x55, 0xff, 0x84, 0x3,
    0xff, 0x85, 0x9f, 0xf9, 0x40, 0x2b, 0x0, 0xdc,
    0x1, 0xff, 0xd5, 0x63, 0x0, 0x91, 0x40, 0x25,
    0x40, 0x8, 0xd8, 0x3, 0xff, 0xa6, 0x30, 0x1,
    0xa4, 0x3, 0xa8, 0x3, 0x40, 0x80, 0x7f, 0xf4,
    0xa0, 0x40, 0x28, 0x20, 0xe, 0x19, 0x0, 0x86,
    0x0, 0x3f, 0xfa, 0x26, 0xc0, 0x11, 0x38, 0x7,
    0xcc, 0x60, 0x13, 0x18, 0x7, 0xff, 0x43, 0x80,
    0x37, 0x0, 0x7f, 0x70, 0x6, 0xf0, 0xf, 0xfe,
    0x7b, 0x90, 0x4, 0xc6, 0x1, 0xfc, 0x4e, 0x1,
    0x1b, 0x0, 0x7f, 0xf3, 0x46, 0x0, 0x21, 0x90,
    0xf, 0xfa, 0x8, 0x2, 0x91, 0x0, 0xff, 0xe6,
    0x58, 0x6, 0xb0, 0xf, 0xfe, 0xc, 0x80, 0x6b,
    0x0, 0xff, 0xe5, 0xa2, 0x80, 0x48, 0xa0, 0x1f,
    0xfc, 0x14, 0x50, 0x9, 0x50, 0x3, 0xff, 0x95,
    0x20, 0x1a, 0x80, 0x3f, 0xf8, 0x76, 0x20, 0x14,
    0x80, 0x7f, 0xf2, 0x60, 0x80, 0x29, 0x10, 0xf,
    0xfe, 0x18, 0xc0, 0x4, 0x4e, 0x1, 0xff, 0xc7,
    0x27, 0x0, 0x8d, 0x80, 0x3f, 0xf8, 0xac, 0x60,
    0x14, 0x10, 0x7, 0xff, 0x1a, 0x40, 0x37, 0x0,
    0x7f, 0xf1, 0xf8, 0x3, 0x4a, 0x27, 0x84, 0x3,
    0x22, 0x79, 0xd0, 0x2, 0x72, 0x0, 0xff, 0xe3,
    0x94, 0x0, 0x49, 0x77, 0xe4, 0x0, 0xd5, 0x77,
    0xd0, 0x1, 0x14, 0x0, 0x7f, 0xf2, 0x50, 0x3,
    0xff, 0x9a, 0x80, 0x1f, 0xfc, 0xaf, 0x0, 0xff,
    0xe6, 0xb1, 0x0, 0x7f, 0xf2, 0x18, 0xc0, 0x3f,
    0xf9, 0xd2, 0x1, 0xff, 0xc7, 0x18, 0x0, 0xcd,
    0xff, 0xe5, 0x0, 0xdd, 0xff, 0xd8, 0x1, 0x91,
    0x80, 0x3f, 0xf8, 0xd6, 0x20, 0x10, 0xc0, 0x7,
    0xff, 0x14, 0xd8, 0x3, 0x40, 0x80, 0x7f, 0xf1,
    0x11, 0x40, 0x35, 0x88, 0x7, 0xff, 0x1a, 0x4,
    0x2, 0x1b, 0x0, 0xff, 0xe2, 0x48, 0x6, 0x45,
    0x0, 0xff, 0xe3, 0x8d, 0x80, 0x65, 0x40, 0xf,
    0xfe, 0x14, 0x10, 0x6, 0x90, 0xf, 0xfe, 0x4a,
    0xa0, 0x6, 0x90, 0xf, 0xfe, 0x9, 0x38, 0x6,
    0x82, 0x0, 0xff, 0xe5, 0x48, 0x6, 0x28, 0x0,
    0xff, 0xe0, 0x70, 0x6, 0x27, 0x0, 0xff, 0xe5,
    0x94, 0x0, 0x67, 0x20, 0xf, 0xf3, 0x18, 0x6,
    0xe0, 0xf, 0xfe, 0x6b, 0x90, 0x6, 0xe0, 0xf,
    0xe1, 0x80, 0xc, 0xc6, 0x1, 0xff, 0xce, 0xe0,
    0xc, 0x6c, 0x1, 0xfa, 0xc4, 0x2, 0x18, 0x0,
    0xff, 0xe7, 0x9b, 0x0, 0x68, 0x10, 0xf, 0x22,
    0x80, 0x6b, 0x10, 0xf, 0xfe, 0x84, 0x88, 0x4,
    0x36, 0x1, 0xe9, 0x0, 0xc8, 0xa0, 0x1f, 0xfd,
    0x2b, 0x0, 0xca, 0x80, 0x1a, 0x8, 0x3, 0x48,
    0x7, 0xff, 0x4d, 0x50, 0x3, 0x48, 0x4, 0x4e,
    0x1, 0xa0, 0x80, 0x3f, 0xfa, 0x92, 0x1, 0x8a,
    0x0, 0x1c, 0x1, 0x89, 0xc0, 0x3f, 0xfa, 0xa5,
    0x0, 0x19, 0xc8,

    /* U+04C2 "ӂ" */
    0x0, 0xff, 0xe0, 0x17, 0xfc, 0x1, 0xf9, 0x7f,
    0xdc, 0x1, 0xff, 0xcd, 0x20, 0x8, 0xc0, 0x3e,
    0xd0, 0x1, 0x0, 0x7f, 0xf3, 0x8c, 0x1, 0x20,
    0x1e, 0x16, 0x0, 0x20, 0x7, 0xff, 0x3a, 0x80,
    0xb, 0x22, 0x1, 0x1e, 0x8, 0x2, 0x80, 0x3f,
    0xf9, 0xcc, 0x80, 0x6, 0xec, 0xbd, 0xc2, 0x0,
    0x41, 0x0, 0x7f, 0xf3, 0xed, 0x40, 0x23, 0x42,
    0x0, 0xa1, 0xc0, 0x3f, 0xfa, 0x35, 0x8c, 0x40,
    0x1, 0x37, 0xd7, 0x0, 0xff, 0xe9, 0x9c, 0xef,
    0xfb, 0xb2, 0x8, 0x3, 0xff, 0xfe, 0x1, 0xff,
    0xcc, 0x6f, 0xfc, 0xe0, 0x1f, 0xf7, 0xfe, 0xa0,
    0xf, 0xfb, 0x3f, 0xf1, 0x0, 0x19, 0x0, 0x28,
    0x20, 0xf, 0xfe, 0x6b, 0x18, 0x5, 0x4, 0x1,
    0x48, 0x6, 0x90, 0xf, 0xfe, 0x60, 0xc8, 0x4,
    0x4e, 0x1, 0x8a, 0x0, 0x24, 0x50, 0xf, 0xfe,
    0x5d, 0x80, 0x6e, 0x0, 0xf3, 0x98, 0x5, 0x62,
    0x1, 0xff, 0xc9, 0x45, 0x0, 0x98, 0xc0, 0x3e,
    0xf0, 0x8, 0x60, 0x3, 0xff, 0x93, 0x20, 0x10,
    0xc8, 0x7, 0xe3, 0x70, 0x9, 0x8c, 0x3, 0xff,
    0x8f, 0x4, 0x1, 0x50, 0x7, 0xfa, 0x8, 0x2,
    0xe0, 0xf, 0xfe, 0x31, 0x38, 0x4, 0xa8, 0x1,
    0xff, 0x48, 0x4, 0x4e, 0x1, 0xff, 0xc5, 0xe0,
    0x8, 0x6c, 0x3, 0xff, 0x80, 0x8c, 0x1, 0x41,
    0x0, 0x7f, 0xf0, 0xd8, 0xc0, 0x28, 0x10, 0xf,
    0xfe, 0xc, 0x8, 0x5, 0x20, 0x1f, 0xfc, 0x21,
    0x80, 0x9, 0x18, 0x3, 0xff, 0x84, 0x36, 0x1,
    0x27, 0xff, 0x0, 0x65, 0xff, 0xdc, 0x20, 0x14,
    0x80, 0x7f, 0xf1, 0x14, 0xc0, 0x3f, 0xf9, 0x2e,
    0x40, 0x1f, 0xfc, 0x43, 0x30, 0x7, 0xff, 0x25,
    0x84, 0x3, 0xff, 0x89, 0xc0, 0x1f, 0xfc, 0xa1,
    0x80, 0xf, 0xfe, 0x1c, 0x10, 0x4, 0x7f, 0xfc,
    0x1, 0x97, 0xff, 0x68, 0x6, 0x64, 0x0, 0xff,
    0xe0, 0x9b, 0x80, 0x6e, 0x0, 0xff, 0xe1, 0x14,
    0x0, 0x69, 0x0, 0xff, 0xe0, 0xf0, 0x6, 0x72,
    0x0, 0xff, 0xe1, 0xb9, 0x80, 0x45, 0x20, 0x1f,
    0xf3, 0x90, 0x4, 0x50, 0x1, 0xff, 0xc5, 0xe0,
    0xc, 0xc6, 0x1, 0xfc, 0x50, 0x1, 0xb8, 0x3,
    0xff, 0x8c, 0x4e, 0x1, 0xb8, 0x3, 0xfb, 0x80,
    0x33, 0x18, 0x7, 0xff, 0x1e, 0x8, 0x2, 0x28,
    0x0, 0xf9, 0xcc, 0x2, 0x18, 0x0, 0xff, 0xe4,
    0xf0, 0x6, 0x73, 0x0, 0xe2, 0x80, 0xd, 0x62,
    0x1, 0xff, 0xc9, 0x36, 0x0, 0xdc, 0x1, 0xd2,
    0x1, 0x95, 0x40, 0x1f, 0xfc, 0xb9, 0x10, 0x8,
    0x9c, 0x2, 0x64, 0x0, 0xd6, 0x1, 0xff, 0xcd,
    0xa0, 0xd, 0x4, 0x3, 0x20, 0x1a, 0x44, 0x3,
    0xff, 0x9a, 0x8a, 0x1, 0xb8, 0x0,

    /* U+04C3 "Ӄ" */
    0xcf, 0xfc, 0x1, 0xff, 0xc5, 0xcf, 0xfc, 0x80,
    0x1f, 0xfc, 0xa9, 0x30, 0x9, 0xd0, 0x3, 0xff,
    0x92, 0xac, 0x1, 0x1c, 0x0, 0x7f, 0xf2, 0x4a,
    0xc0, 0x21, 0xd0, 0xf, 0xfe, 0x57, 0x8, 0x5,
    0x42, 0x1, 0xff, 0xc9, 0x83, 0x0, 0x9d, 0x0,
    0x3f, 0xf9, 0x28, 0xe0, 0x12, 0x40, 0x7, 0xff,
    0x24, 0x68, 0x2, 0x1a, 0x0, 0xff, 0xe5, 0x68,
    0x80, 0x5a, 0x20, 0x1f, 0xfc, 0x98, 0x30, 0xa,
    0xc, 0x3, 0xff, 0x92, 0x8e, 0x1, 0x23, 0x80,
    0x7f, 0xf2, 0x46, 0x80, 0x21, 0xa0, 0xf, 0xfe,
    0x56, 0x88, 0x5, 0xa2, 0x1, 0xff, 0xc9, 0x83,
    0x0, 0xa0, 0xc0, 0x3f, 0xf8, 0x7f, 0xff, 0x38,
    0x4, 0xae, 0x1, 0xff, 0xce, 0x1a, 0x0, 0xff,
    0xe7, 0x8b, 0x80, 0x7f, 0xf4, 0x21, 0x80, 0x3f,
    0xf8, 0x97, 0x7f, 0x18, 0x6, 0x96, 0x0, 0xff,
    0xe1, 0xa2, 0x7d, 0xa6, 0x1, 0xa5, 0x40, 0x3f,
    0xf9, 0x23, 0x86, 0x1, 0xa9, 0x0, 0x3f, 0xf9,
    0x58, 0x60, 0x1a, 0x88, 0x3, 0xff, 0x95, 0xa4,
    0x1, 0xe, 0x8, 0x7, 0xff, 0x24, 0x7c, 0x40,
    0x21, 0xd0, 0xf, 0xfe, 0x51, 0x68, 0x6, 0x39,
    0x0, 0xff, 0xe5, 0x1c, 0x0, 0x66, 0x40, 0xf,
    0xfe, 0x53, 0xa8, 0x6, 0xa1, 0x0, 0xff, 0xe5,
    0x58, 0x80, 0x43, 0x0, 0x1f, 0xfc, 0xa1, 0xb0,
    0xc, 0xc6, 0x1, 0xff, 0xca, 0x54, 0x0, 0xd0,
    0x1, 0xff, 0xcb, 0x80, 0xc, 0x84, 0x1, 0xff,
    0xca, 0x33, 0x0, 0x6a, 0x0, 0xff, 0xe5, 0xd0,
    0x6, 0x50, 0xf, 0xfe, 0x5a, 0x0, 0x62, 0xc,
    0xff, 0xc0, 0x1f, 0xfc, 0x52, 0x0, 0xe2, 0x0,
    0xff, 0xe5, 0x8, 0x7, 0x18, 0x7, 0xff, 0x29,
    0x0, 0x38, 0x40, 0x3f, 0xf9, 0x50, 0x1, 0x88,
    0x3, 0xff, 0x88, 0xd8, 0xc8, 0x6b, 0xa4, 0x1,
    0xa8, 0x3, 0xff, 0x89, 0x47, 0x37, 0x94, 0x40,
    0x18, 0x58, 0x3, 0xff, 0x86, 0x26, 0x1, 0xfe,
    0xa1, 0x0, 0xff, 0xe1, 0xa8, 0x7, 0xf0, 0xe2,
    0x0, 0x7f, 0xf1, 0x13, 0xe5, 0x48, 0x0, 0x29,
    0x3c, 0x60, 0x10,

    /* U+04C4 "ӄ" */
    0x8f, 0xfc, 0x20, 0x1f, 0xfc, 0xb, 0xff, 0xc6,
    0x1, 0xff, 0xc5, 0x84, 0x0, 0xa4, 0xc0, 0x3f,
    0xf8, 0x8a, 0xe0, 0x13, 0xb0, 0x7, 0xff, 0x10,
    0xe8, 0x2, 0x48, 0x0, 0xff, 0xe2, 0xe, 0x80,
    0x45, 0x60, 0x1f, 0xfc, 0x5d, 0x10, 0x0, 0xf8,
    0x7, 0xff, 0x16, 0x8c, 0x2, 0xd2, 0x0, 0xff,
    0xe2, 0x3a, 0x80, 0x52, 0x60, 0x1f, 0xfc, 0x45,
    0x80, 0x9, 0xd8, 0x3, 0xff, 0x88, 0x54, 0x1,
    0x24, 0x0, 0x7f, 0xf0, 0x3b, 0xff, 0x68, 0x4,
    0x56, 0x1, 0xff, 0xca, 0x40, 0xf, 0xfe, 0x5b,
    0x48, 0x7, 0xff, 0x2d, 0xa4, 0x3, 0xff, 0x81,
    0xdf, 0xfd, 0x0, 0x19, 0x9c, 0x3, 0xff, 0x8a,
    0xf2, 0x1, 0xa1, 0x40, 0x3f, 0xf8, 0xad, 0x0,
    0x1a, 0x88, 0x3, 0xff, 0x8a, 0xec, 0x1, 0xb8,
    0x3, 0xff, 0x8d, 0x26, 0x1, 0x1b, 0x80, 0x7f,
    0xf1, 0xb4, 0x3, 0x41, 0x0, 0x7f, 0xf1, 0x46,
    0x40, 0x34, 0x0, 0x7f, 0xf1, 0x98, 0x80, 0x25,
    0x20, 0xf, 0xfe, 0x34, 0x0, 0x6a, 0x0, 0xff,
    0xe3, 0x28, 0x80, 0x4c, 0x1, 0xff, 0xc7, 0x60,
    0x8, 0x44, 0x1, 0xff, 0xc6, 0xc0, 0xc, 0x91,
    0xff, 0x84, 0x3, 0xff, 0x80, 0xe0, 0x18, 0xc0,
    0x3f, 0xfb, 0xca, 0x1, 0x8c, 0x3, 0xff, 0x8d,
    0x60, 0x19, 0xc0, 0x3f, 0xe8, 0x61, 0x0, 0x1e,
    0x10, 0x4, 0x44, 0x0, 0xff, 0xb, 0xcf, 0x7f,
    0xb0, 0xc0, 0x34, 0x0, 0x7f, 0xcc, 0x1, 0xfe,
    0x65, 0x0, 0xff, 0xb4, 0x3, 0xf9, 0xe4, 0x3,
    0xff, 0x81, 0x58, 0xe6, 0x20, 0x26, 0xfb, 0x0,
    0x10,

    /* U+04C5 "Ӆ" */
    0x0, 0xfe, 0xff, 0xff, 0xe5, 0xd8, 0x7, 0xff,
    0x9c, 0x40, 0x3f, 0xff, 0xe6, 0x1, 0xaf, 0x33,
    0xff, 0x84, 0x1, 0xff, 0xcb, 0x53, 0x3f, 0xfe,
    0x10, 0x7, 0xff, 0x18, 0x40, 0x30, 0x80, 0x7f,
    0xf5, 0x1c, 0x3, 0xff, 0xfe, 0x20, 0x10, 0x80,
    0x7f, 0xfe, 0xcc, 0x2, 0x30, 0xf, 0xfe, 0xa8,
    0x80, 0x7f, 0xf7, 0x44, 0x3, 0xff, 0xab, 0xe0,
    0x13, 0x80, 0x7f, 0xf5, 0x44, 0x3, 0xff, 0xb2,
    0x60, 0x10, 0x80, 0x7f, 0xf5, 0x44, 0x2, 0x30,
    0xf, 0xfe, 0xab, 0x80, 0x42, 0x1, 0xff, 0xd5,
    0x20, 0xb, 0x80, 0x3f, 0xfa, 0xa2, 0x1, 0x18,
    0x7, 0xff, 0x50, 0x80, 0x33, 0x0, 0x7f, 0xf5,
    0x1c, 0x3, 0x10, 0x7, 0xff, 0x50, 0x80, 0x21,
    0x10, 0x7, 0xff, 0x52, 0xc0, 0x22, 0x0, 0xff,
    0xea, 0x98, 0x4, 0xa0, 0x1f, 0xfd, 0x47, 0x0,
    0xd8, 0x1, 0xff, 0xd3, 0x19, 0x0, 0xc8, 0x1,
    0xff, 0xd2, 0x1d, 0x10, 0x9, 0x4, 0x3, 0xff,
    0x9f, 0x51, 0x5c, 0x60, 0x1b, 0xc0, 0x3f, 0xf9,
    0x2d, 0x11, 0x8c, 0x95, 0xd4, 0x3, 0x8d, 0x0,
    0x3f, 0xf9, 0x24, 0xef, 0x80, 0x40, 0x3f, 0x70,
    0x7, 0xff, 0x38, 0x4d, 0xc0, 0x3c, 0x38, 0x40,
    0x1f, 0xfc, 0xe4, 0x1, 0x0, 0x84, 0xe3, 0x8c,
    0x3, 0xff, 0x9f, 0xe0, 0xbf, 0xf7, 0x63, 0x80,
    0x7f, 0xf2, 0x7f, 0xee, 0x0, 0xc8, 0x1, 0xff,
    0xd4, 0x40, 0x8, 0xc4, 0x3, 0xff, 0xa9, 0x80,
    0x15, 0x80, 0x7f, 0xf5, 0x50, 0x2, 0x50, 0xf,
    0xfe, 0xa0, 0x90, 0x0, 0x88, 0x1, 0xff, 0xd4,
    0x40, 0x9, 0x0, 0x3f, 0xfa, 0xb8, 0x1, 0x68,
    0x7, 0xff, 0x56, 0x7f, 0xe4, 0x0, 0x80,

    /* U+04C6 "ӆ" */
    0x0, 0xf2, 0x7f, 0xff, 0xf1, 0xd0, 0x3, 0xff,
    0xba, 0x20, 0x1f, 0xfd, 0x23, 0x0, 0xff, 0xe9,
    0x8, 0x4, 0x9d, 0xdf, 0xea, 0x0, 0xff, 0xe3,
    0x88, 0xff, 0xf0, 0x0, 0x3f, 0xf8, 0x7e, 0x1,
    0xff, 0xd2, 0x10, 0x8, 0xc0, 0x3f, 0xfa, 0x42,
    0x1, 0xff, 0xce, 0x30, 0xb, 0xc0, 0x3f, 0xf9,
    0xc2, 0x1, 0x8, 0x7, 0xff, 0x39, 0xc0, 0x23,
    0x0, 0xff, 0xe7, 0x10, 0x4, 0x20, 0x1f, 0xfc,
    0xe1, 0x0, 0x98, 0x3, 0xff, 0xa4, 0x60, 0x1f,
    0xfc, 0xd2, 0x0, 0xc2, 0x1, 0xff, 0xcd, 0x70,
    0x8, 0x80, 0x3f, 0xf9, 0xda, 0x1, 0x38, 0x7,
    0xff, 0x39, 0x0, 0x2d, 0x0, 0xff, 0xe6, 0x91,
    0x80, 0x46, 0x1, 0xff, 0xcd, 0xe0, 0xc, 0x80,
    0x1f, 0xfc, 0x93, 0x45, 0xc3, 0x0, 0x94, 0x3,
    0xff, 0x8b, 0xf3, 0x31, 0x5d, 0xa8, 0xc0, 0x34,
    0x0, 0x7f, 0xf1, 0x51, 0x9a, 0x21, 0x0, 0xf3,
    0x10, 0x7, 0xff, 0x21, 0x0, 0xc0, 0x38, 0xe4,
    0x3, 0xff, 0x93, 0xa0, 0x20, 0x11, 0x46, 0x0,
    0x7f, 0xf2, 0x90, 0x2f, 0xfe, 0xd7, 0x0, 0xff,
    0xe1, 0xa7, 0xfc, 0x20, 0x2, 0x20, 0x7, 0xff,
    0x34, 0xc4, 0x0, 0xa0, 0x1f, 0xfc, 0xe4, 0x0,
    0xac, 0x3, 0xff, 0x9d, 0x60, 0x1, 0x30, 0xf,
    0xfe, 0x68, 0x98, 0x1, 0x0, 0x20,

    /* U+04C7 "Ӈ" */
    0xcf, 0xfc, 0x1, 0xff, 0xc7, 0xbf, 0xfc, 0x20,
    0x1f, 0xff, 0xf0, 0xf, 0xff, 0xf8, 0x7, 0xff,
    0xfc, 0x3, 0xff, 0xfe, 0x1, 0xff, 0xff, 0x0,
    0xff, 0xe4, 0x21, 0x9f, 0xff, 0x19, 0xc0, 0x3f,
    0xd7, 0x99, 0xff, 0xc6, 0x30, 0xf, 0xff, 0xf8,
    0x7, 0xff, 0x37, 0xff, 0xff, 0x8e, 0x80, 0x1f,
    0xff, 0xf0, 0xf, 0xff, 0xf8, 0x7, 0xff, 0xfc,
    0x3, 0xff, 0xfe, 0x1, 0xff, 0xff, 0x0, 0xff,
    0xf3, 0x67, 0xfe, 0x0, 0xff, 0xff, 0x80, 0x66,
    0x0, 0xc2, 0x1, 0xff, 0xcb, 0x22, 0x0, 0x42,
    0x1, 0xff, 0xc5, 0x33, 0x0, 0x62, 0xf0, 0xc,
    0x80, 0x1f, 0xfc, 0x59, 0xcc, 0x44, 0x2f, 0x48,
    0x3, 0x70, 0x7, 0xff, 0x10, 0x54, 0xd, 0xdc,
    0x80, 0x1c, 0xa8, 0x1, 0xff, 0xc4, 0x70, 0xf,
    0xf2, 0x50, 0x7, 0xff, 0x15, 0xa0, 0x40, 0x3c,
    0x33, 0x60, 0x1f, 0xfc, 0x77, 0xed, 0x97, 0x74,
    0x67, 0x30, 0x6,

    /* U+04C8 "ӈ" */
    0x8f, 0xfc, 0x20, 0x1f, 0xfc, 0x12, 0xff, 0xce,
    0x1, 0xff, 0xff, 0x0, 0xff, 0xff, 0x80, 0x7f,
    0xff, 0xc0, 0x3b, 0xbf, 0xff, 0xf8, 0x3a, 0x1,
    0xff, 0xff, 0x0, 0xff, 0x77, 0xff, 0xff, 0x7,
    0x40, 0x3f, 0xff, 0xe0, 0x1f, 0xff, 0xf0, 0xf,
    0xff, 0xf8, 0x7, 0xff, 0xae, 0x3f, 0xf0, 0x80,
    0x7f, 0xf6, 0x84, 0x3, 0x8, 0x7, 0xff, 0x1d,
    0x0, 0x31, 0x80, 0x7f, 0xf1, 0xe8, 0x3, 0x20,
    0x7, 0xff, 0x2, 0xd8, 0x40, 0x7, 0x84, 0x1,
    0x18, 0x80, 0x7f, 0xc8, 0x89, 0xef, 0xf6, 0x18,
    0x6, 0x90, 0xf, 0xfe, 0x7, 0x80, 0x7f, 0x99,
    0x40, 0x3f, 0xf9, 0x4f, 0x20, 0x1f, 0xfc, 0x1b,
    0xb3, 0x18, 0x0, 0x49, 0xf6, 0x0, 0x20,

    /* U+04C9 "Ӊ" */
    0xcf, 0xfc, 0x1, 0xff, 0xc7, 0xaf, 0xfc, 0x40,
    0x1f, 0xff, 0xf0, 0xf, 0xff, 0xf8, 0x7, 0xff,
    0xfc, 0x3, 0xff, 0xfe, 0x1, 0xff, 0xff, 0x0,
    0xff, 0xff, 0x80, 0x7f, 0xf0, 0xd0, 0xcf, 0xff,
    0x8c, 0x20, 0x1f, 0xfc, 0x3b, 0xcc, 0xff, 0xe3,
    0x20, 0x7, 0xff, 0xfc, 0x3, 0xff, 0xc3, 0xff,
    0xff, 0xc7, 0x50, 0xf, 0xff, 0xf8, 0x7, 0xff,
    0xfc, 0x3, 0xff, 0xfe, 0x1, 0xff, 0xff, 0x0,
    0xff, 0xff, 0x80, 0x7f, 0xf0, 0xb7, 0xfe, 0xe0,
    0xf, 0xfe, 0xb2, 0x0, 0x7f, 0xf5, 0xbc, 0x3,
    0xff, 0xac, 0x81, 0x9f, 0xf8, 0x3, 0xff, 0x8f,
    0x5f, 0xf3, 0x80, 0x46, 0x20, 0x1f, 0xfd, 0x14,
    0x0, 0xac, 0x3, 0xff, 0xa4, 0x60, 0x12, 0x80,
    0x7f, 0xf4, 0x4c, 0x2, 0x12, 0x0, 0xff, 0xe8,
    0xa0, 0x4, 0xe0, 0x1f, 0xfd, 0x2d, 0x0, 0xb4,
    0x3, 0xff, 0xa4, 0x80, 0x12, 0x0, 0x7f, 0xf4,
    0x45, 0x15, 0x4e, 0x1, 0x80,

    /* U+04CA "ӊ" */
    0x8f, 0xfc, 0x20, 0x1f, 0xfc, 0x17, 0xff, 0xc4,
    0x1, 0xff, 0xff, 0x0, 0xff, 0xff, 0x80, 0x7f,
    0xff, 0xc0, 0x3f, 0xff, 0xdd, 0xff, 0xff, 0xc1,
    0x80, 0xf, 0xff, 0xf8, 0x7, 0xff, 0x3b, 0xbf,
    0xff, 0xf8, 0x30, 0x1, 0xff, 0xff, 0x0, 0xff,
    0xff, 0x80, 0x7f, 0xfb, 0x77, 0xfe, 0x10, 0xf,
    0xfe, 0x79, 0x88, 0x7, 0xff, 0x3d, 0x0, 0x3f,
    0xfa, 0x16, 0x11, 0xff, 0x84, 0x3, 0xff, 0x82,
    0xff, 0xf0, 0x4, 0x26, 0x1, 0xff, 0xcb, 0x40,
    0x9, 0xc0, 0x3f, 0xf9, 0x98, 0x1, 0x60, 0x7,
    0xff, 0x31, 0x0, 0x25, 0x0, 0xff, 0xe6, 0x18,
    0x1, 0x0, 0x3f, 0xf9, 0x82, 0xcd, 0x78, 0x4,

    /* U+04CB "Ӌ" */
    0x8f, 0xfc, 0x60, 0x1f, 0xfc, 0x5d, 0xff, 0xb8,
    0x3, 0xff, 0xfe, 0x1, 0xff, 0xff, 0x0, 0xff,
    0xff, 0x80, 0x7f, 0xfa, 0xfc, 0x3, 0x30, 0x7,
    0xff, 0x28, 0x40, 0x36, 0x80, 0x7f, 0xf2, 0x94,
    0x3, 0x28, 0x7, 0xff, 0x28, 0xc0, 0x31, 0x30,
    0x7, 0xff, 0x29, 0x40, 0x34, 0xa0, 0x7, 0xff,
    0x8, 0x8c, 0x3, 0xa0, 0x3, 0xae, 0x4, 0x3,
    0xf8, 0x5a, 0xf4, 0x40, 0x38, 0x9c, 0x3, 0x9f,
    0xad, 0xd5, 0x10, 0xaf, 0x5b, 0xd2, 0x80, 0x1f,
    0xa1, 0x40, 0x3c, 0x91, 0x57, 0x6a, 0x85, 0x20,
    0xf, 0xfe, 0x5, 0x38, 0x7, 0xff, 0x3e, 0x31,
    0x40, 0x3f, 0xf8, 0x24, 0xfa, 0x40, 0x1f, 0xc7,
    0x5d, 0x2c, 0x62, 0x1, 0xa, 0x34, 0xf6, 0xc1,
    0x0, 0x7f, 0xf0, 0x5, 0xa7, 0x3b, 0xfe, 0xeb,
    0x96, 0x10, 0xf, 0xff, 0xf8, 0x7, 0xff, 0xfc,
    0x3, 0xff, 0xbe, 0x46, 0x7e, 0x0, 0xff, 0xe4,
    0xc6, 0x67, 0x8, 0x7, 0xff, 0xfc, 0x3, 0xff,
    0xac, 0x5f, 0xfd, 0xc0, 0x1f, 0xff, 0xf0, 0xf,
    0xff, 0xf8, 0x7, 0xff, 0x5f, 0xdd, 0xeb, 0x0,
    0xf0,

    /* U+04CC "ӌ" */
    0x2f, 0xfc, 0xe0, 0x1f, 0xfc, 0x1f, 0xfd, 0x40,
    0x1f, 0xff, 0xf0, 0xf, 0xff, 0xc9, 0x80, 0x7f,
    0xf4, 0x38, 0x3, 0xff, 0x8c, 0x20, 0x19, 0x40,
    0x3f, 0xf8, 0xe4, 0x1, 0x19, 0x80, 0x3f, 0xf8,
    0xca, 0x1, 0xb4, 0x80, 0x3f, 0x8a, 0x0, 0x3d,
    0x40, 0x18, 0x76, 0x50, 0x40, 0x2, 0x8f, 0x9a,
    0xe0, 0x1e, 0x27, 0x0, 0xe6, 0xbe, 0xff, 0x75,
    0xc1, 0x80, 0x7f, 0x43, 0x0, 0x7f, 0xf2, 0xe6,
    0xc8, 0x3, 0xfc, 0x2d, 0xa0, 0x1f, 0xc9, 0xb9,
    0xa, 0x64, 0x68, 0xd1, 0x9d, 0x24, 0x1, 0xff,
    0x1b, 0xd6, 0x6e, 0x5c, 0xb9, 0x80, 0x7f, 0xff,
    0xc0, 0x3f, 0xfb, 0xed, 0xff, 0x80, 0x3f, 0xff,
    0xe0, 0x1f, 0xfc, 0x9f, 0xfd, 0x40, 0x1f, 0xff,
    0xf0, 0xf, 0xfe, 0xba, 0x4c, 0xd4, 0x1, 0xc0,

    /* U+04CD "Ӎ" */
    0xcf, 0xf9, 0xc0, 0x3f, 0xf9, 0xc9, 0xff, 0x70,
    0x7, 0xfa, 0x4, 0x3, 0xff, 0x9b, 0x20, 0x10,
    0x80, 0x7f, 0xd6, 0x1, 0xff, 0xcc, 0x62, 0x0,
    0xff, 0xe1, 0xa9, 0x80, 0x7f, 0xf2, 0x86, 0x0,
    0x3f, 0xf8, 0xbe, 0x1, 0xff, 0xca, 0x81, 0x0,
    0xff, 0xe2, 0x9a, 0x80, 0x7f, 0xf2, 0x9, 0x80,
    0x3f, 0xf8, 0xf6, 0x1, 0xff, 0xc8, 0x90, 0xf,
    0xfe, 0x40, 0xc0, 0x7, 0xff, 0x19, 0x10, 0x1,
    0xff, 0xc9, 0x72, 0x0, 0xff, 0xe2, 0xc8, 0x7,
    0xff, 0x18, 0x40, 0x34, 0x80, 0x7f, 0xf1, 0x1c,
    0x80, 0x22, 0x0, 0xff, 0xe1, 0x1b, 0x80, 0x48,
    0x80, 0xf, 0xfe, 0x10, 0xc8, 0x4, 0xce, 0x1,
    0xff, 0xc3, 0x81, 0x0, 0xa4, 0x3, 0xff, 0x85,
    0x2, 0x1, 0x40, 0x7, 0xff, 0x16, 0xc0, 0x22,
    0x70, 0xf, 0xfe, 0x1, 0x30, 0x5, 0x2, 0x1,
    0xff, 0xc5, 0x53, 0x0, 0xa0, 0x40, 0x3f, 0xe9,
    0x0, 0x89, 0xc0, 0x3f, 0xf8, 0xfe, 0x1, 0xa0,
    0x3, 0xfc, 0xa8, 0x1, 0x48, 0x7, 0xff, 0x20,
    0xd8, 0x2, 0x63, 0x0, 0xfe, 0x80, 0x9, 0x10,
    0x1, 0xff, 0xc9, 0x81, 0x0, 0xbc, 0x3, 0xf3,
    0x90, 0x5, 0x20, 0x1f, 0xfc, 0xa1, 0x80, 0x8,
    0xd4, 0x3, 0xc3, 0x0, 0x13, 0x90, 0x7, 0xff,
    0x2d, 0x88, 0x2, 0xb0, 0xf, 0x40, 0x4, 0x30,
    0x1, 0xff, 0xcd, 0x90, 0x8, 0x60, 0x3, 0x1b,
    0x0, 0x56, 0x1, 0xff, 0xce, 0x45, 0x0, 0x9c,
    0x80, 0x2f, 0x0, 0x8d, 0x40, 0x3f, 0xf9, 0xf6,
    0x1, 0xa0, 0x0, 0xa6, 0x1, 0x78, 0x7, 0xff,
    0x40, 0x60, 0x2, 0x54, 0x8, 0x0, 0x98, 0xc0,
    0x3f, 0xfa, 0x2e, 0x40, 0x14, 0xb9, 0x0, 0x50,
    0x1, 0xff, 0xd3, 0x80, 0x8, 0xa0, 0x2, 0x81,
    0x0, 0xff, 0xe9, 0xaa, 0x0, 0x78, 0x9c, 0x3,
    0xff, 0xab, 0x20, 0x1e, 0x90, 0xf, 0xfe, 0xb1,
    0x38, 0x6, 0x44, 0x0, 0x7f, 0x18, 0x7, 0xff,
    0x36, 0x4, 0x2, 0x90, 0xf, 0xfe, 0xcc, 0x0,
    0x1c, 0x80, 0x3f, 0xfb, 0x2d, 0xdc, 0x80, 0xf,
    0xfe, 0x27, 0xff, 0x8, 0x7, 0xff, 0x14, 0x44,
    0x1, 0xff, 0xc9, 0x21, 0x0, 0xff, 0xee, 0x28,
    0x7, 0xff, 0x76, 0xc3, 0x3f, 0xed, 0x0, 0xff,
    0xe7, 0x4f, 0xfd, 0x60, 0x10, 0x98, 0x7, 0xff,
    0x63, 0x0, 0x24, 0x0, 0xff, 0xec, 0x98, 0x5,
    0xe0, 0x1f, 0xfd, 0x94, 0x0, 0x90, 0x3, 0xff,
    0xb0, 0x60, 0x11, 0x88, 0x7, 0xff, 0x61, 0x0,
    0x2b, 0x0, 0xff, 0xec, 0xe0, 0x4, 0x80, 0x1f,
    0xfd, 0x92, 0x55, 0x8c, 0x2,

    /* U+04CE "ӎ" */
    0x8f, 0xfc, 0xe0, 0x1f, 0xfc, 0x7c, 0xff, 0xb0,
    0x3, 0xfd, 0x2, 0x1, 0xff, 0xc5, 0x63, 0x0,
    0xff, 0xe1, 0xd8, 0x7, 0xff, 0x10, 0x60, 0x3,
    0xff, 0x88, 0xa6, 0x1, 0xff, 0xc3, 0x81, 0x0,
    0xff, 0xe2, 0xf8, 0x7, 0xff, 0x8, 0x98, 0x3,
    0xff, 0x8c, 0x6a, 0x1, 0xff, 0xc1, 0x90, 0xf,
    0xfe, 0x44, 0x0, 0x7f, 0xf0, 0x15, 0x0, 0x3f,
    0xf8, 0x86, 0x1, 0x13, 0x80, 0x7f, 0xd0, 0x1,
    0x18, 0x7, 0xff, 0x5, 0xe0, 0x2, 0x81, 0x0,
    0xfe, 0x72, 0x0, 0x1d, 0x0, 0x7f, 0xf0, 0x9c,
    0x80, 0x28, 0x0, 0xfc, 0x30, 0x1, 0x78, 0x7,
    0xff, 0x12, 0x40, 0x26, 0x20, 0xf, 0xac, 0x2,
    0x63, 0x0, 0xff, 0xe2, 0x22, 0x0, 0x29, 0x0,
    0xf1, 0xa8, 0x0, 0x60, 0x3, 0xff, 0x8d, 0x20,
    0x12, 0x20, 0x3, 0xbc, 0x2, 0x81, 0x0, 0xff,
    0xe3, 0x13, 0x80, 0x52, 0x1, 0x98, 0xc0, 0x6,
    0xc0, 0x1f, 0xfc, 0x88, 0x10, 0x1, 0x30, 0x5,
    0x0, 0x17, 0x80, 0x7f, 0xf2, 0xac, 0x2, 0x80,
    0x4, 0x8, 0x1, 0x4c, 0x3, 0xff, 0x94, 0xa6,
    0x0, 0x18, 0x27, 0x0, 0xac, 0x3, 0xff, 0x99,
    0xe0, 0x13, 0xf0, 0x5, 0x2, 0x1, 0xff, 0xcc,
    0x36, 0x0, 0x8c, 0x0, 0x4e, 0x1, 0xff, 0xce,
    0x80, 0xf, 0x48, 0x7, 0xff, 0x3c, 0x60, 0x3,
    0x2a, 0x0, 0x7f, 0xf4, 0x1c, 0x80, 0x2b, 0x0,
    0xff, 0xe9, 0x48, 0x2, 0x4, 0x3, 0xfe, 0x3f,
    0xfc, 0x40, 0x1f, 0xfc, 0x14, 0xdd, 0x38, 0x7,
    0xff, 0x10, 0x88, 0x1, 0xff, 0xc2, 0x22, 0x0,
    0x7f, 0xf1, 0x54, 0x3, 0xff, 0xad, 0x81, 0x1f,
    0xf5, 0x80, 0x7f, 0xf2, 0x1b, 0xfe, 0x0, 0xc8,
    0x1, 0xff, 0xd1, 0x30, 0x9, 0x40, 0x3f, 0xfa,
    0x48, 0x1, 0x78, 0x7, 0xff, 0x4b, 0x0, 0x24,
    0x0, 0xff, 0xe9, 0x20, 0x0, 0xc4, 0x3, 0xff,
    0xa2, 0x2c, 0xd4, 0x0, 0x40,

    /* U+04CF "ӏ" */
    0x0, 0xf3, 0xff, 0xe2, 0x0, 0xff, 0xff, 0x80,
    0x7f, 0xff, 0xc0, 0x3f, 0xfe, 0x0,

    /* U+04D0 "Ӑ" */
    0x0, 0xff, 0x7f, 0xce, 0x1, 0xfd, 0xff, 0x30,
    0x7, 0xff, 0x1c, 0x80, 0x18, 0x1, 0xf9, 0x0,
    0x22, 0x0, 0xff, 0xe3, 0xa0, 0x1, 0x10, 0x1,
    0xe1, 0x90, 0x9, 0x0, 0x3f, 0xf8, 0xf0, 0x1,
    0x5c, 0x98, 0x0, 0x5b, 0x8, 0x1, 0x0, 0x1f,
    0xfc, 0x81, 0xa0, 0x9, 0xb3, 0xfd, 0xd2, 0x40,
    0x5, 0x70, 0xf, 0xfe, 0x4a, 0xe1, 0x80, 0x7e,
    0x19, 0xa0, 0xf, 0xfe, 0x59, 0xe6, 0xcb, 0x2a,
    0x9a, 0x2f, 0x98, 0x3, 0xff, 0x9c, 0x4d, 0x35,
    0x49, 0x74, 0x0, 0xff, 0xfa, 0xb7, 0xfe, 0xc0,
    0xf, 0xfe, 0x95, 0x80, 0x63, 0x30, 0x7, 0xff,
    0x41, 0x48, 0x3, 0xa4, 0x3, 0xff, 0xa1, 0x20,
    0x1e, 0x52, 0x0, 0xff, 0xe7, 0x19, 0x80, 0x3e,
    0xb0, 0xf, 0xfe, 0x74, 0x80, 0x42, 0x80, 0x13,
    0x8, 0x7, 0xff, 0x30, 0x94, 0x2, 0x68, 0x0,
    0xcc, 0x1, 0xff, 0xcc, 0xb0, 0xd, 0x26, 0x60,
    0xa, 0x40, 0x3f, 0xf9, 0x8c, 0x1, 0x28, 0x85,
    0x0, 0x42, 0xa0, 0x1f, 0xfc, 0xa7, 0x0, 0xd2,
    0x0, 0x61, 0x0, 0xa4, 0x3, 0xff, 0x95, 0x20,
    0x11, 0x98, 0x2, 0x60, 0x8, 0xd0, 0x3, 0xff,
    0x90, 0xa2, 0x1, 0x50, 0x6, 0x90, 0xd, 0xe0,
    0x1f, 0xfc, 0x89, 0x0, 0x85, 0x80, 0x30, 0xa8,
    0x4, 0x84, 0x1, 0xff, 0xc6, 0x33, 0x0, 0x4c,
    0x1, 0xe9, 0x0, 0xd6, 0x1, 0xff, 0xc6, 0x80,
    0xd, 0x20, 0x1e, 0x32, 0x0, 0x98, 0x40, 0x3f,
    0xf8, 0x84, 0x80, 0x12, 0x88, 0x7, 0xd6, 0x1,
    0xa4, 0x3, 0xff, 0x89, 0x60, 0x1a, 0x40, 0x3f,
    0x30, 0x80, 0x4c, 0x1, 0xff, 0xc3, 0x16, 0x0,
    0x88, 0xc0, 0x3f, 0x98, 0x2, 0x16, 0x0, 0xff,
    0xe1, 0x30, 0x6, 0xb0, 0xf, 0xf4, 0x80, 0x6b,
    0x0, 0xff, 0xe1, 0x48, 0x4, 0x2c, 0x1, 0xfe,
    0x15, 0x0, 0x89, 0x0, 0x3f, 0xf8, 0xc, 0x20,
    0x13, 0x0, 0x7f, 0xf0, 0x38, 0x3, 0x78, 0x7,
    0xff, 0x2, 0xc0, 0x34, 0x80, 0x7f, 0xf0, 0x10,
    0x80, 0x24, 0x30, 0xf, 0xf2, 0x10, 0x6, 0xef,
    0xff, 0xfe, 0x9, 0x0, 0x69, 0x0, 0xff, 0x78,
    0x7, 0xff, 0x31, 0x44, 0x3, 0xf1, 0x20, 0x7,
    0xff, 0x36, 0x40, 0x3f, 0x58, 0x6, 0x11, 0xff,
    0xe3, 0x0, 0x67, 0x0, 0xf8, 0x58, 0x2, 0x1e,
    0xef, 0xfe, 0x32, 0x80, 0x67, 0x0, 0xf4, 0x80,
    0x69, 0x0, 0xff, 0xe3, 0x48, 0x6, 0x90, 0xf,
    0x30, 0x6, 0x60, 0xf, 0xfe, 0x31, 0xa0, 0x4,
    0x2a, 0x1, 0x98, 0x40, 0x26, 0x10, 0xf, 0xfe,
    0x3f, 0x80, 0x69, 0x0, 0xd6, 0x1, 0xac, 0x3,
    0xff, 0x90, 0x84, 0x1, 0x19, 0x80, 0x8, 0x40,
    0x12, 0x90, 0x7, 0xff, 0x26, 0x0, 0x34, 0x0,
    0x20, 0x3, 0x48, 0x7, 0xff, 0x29, 0x44, 0x2,
    0x42, 0x33, 0x0, 0x48, 0x60, 0x1f, 0xfc, 0xb9,
    0x0, 0xd6,

    /* U+04D1 "ӑ" */
    0x0, 0xd3, 0xfe, 0x80, 0xf, 0xdb, 0xfe, 0x60,
    0xf, 0xb8, 0x0, 0x60, 0x1f, 0x9, 0x0, 0x8,
    0x3, 0xe4, 0x0, 0x22, 0x0, 0x3d, 0x60, 0x12,
    0x0, 0x7c, 0x66, 0x0, 0x5c, 0x10, 0x1, 0x2d,
    0x40, 0xc, 0x1, 0xfd, 0xc2, 0x0, 0x7d, 0xff,
    0x5a, 0x0, 0xe, 0x40, 0x3f, 0x8b, 0x10, 0x3,
    0xf3, 0x60, 0x7, 0xfc, 0x57, 0xb0, 0xa8, 0xad,
    0x3d, 0x20, 0x1f, 0xfc, 0x22, 0x7a, 0xba, 0x96,
    0x10, 0xf, 0xff, 0x70, 0xa4, 0x66, 0xf7, 0xf6,
    0xdb, 0x98, 0x7, 0xf1, 0xd7, 0x5b, 0x99, 0x8,
    0x9, 0x24, 0x66, 0xc, 0x3, 0x86, 0xb1, 0x40,
    0x3f, 0xf8, 0x7, 0x8c, 0x1, 0xb5, 0x40, 0x3f,
    0xf8, 0x92, 0xa0, 0x14, 0x80, 0x62, 0x7b, 0xde,
    0xe6, 0xd2, 0x80, 0x75, 0x8, 0x1, 0x4c, 0x12,
    0xf6, 0x10, 0x84, 0x44, 0xb5, 0x82, 0x1, 0xa4,
    0x2, 0xf9, 0xb4, 0x0, 0xfe, 0x3d, 0x0, 0xcc,
    0x1, 0x1b, 0x0, 0x7f, 0xf0, 0xd, 0x40, 0x21,
    0x20, 0xf, 0xfe, 0x2f, 0x80, 0x66, 0x0, 0xff,
    0xe2, 0xb0, 0x6, 0x10, 0xf, 0xfe, 0x28, 0x80,
    0x63, 0x0, 0xe5, 0x9c, 0xef, 0xff, 0xda, 0x1,
    0x84, 0x2, 0x7e, 0xa6, 0x31, 0x0, 0xff, 0xe2,
    0x5c, 0x8, 0x7, 0xff, 0x1e, 0x10, 0x3, 0x1b,
    0xcd, 0x57, 0xd0, 0x1, 0xc2, 0xe0, 0x10, 0xe6,
    0x21, 0x95, 0x7f, 0x0, 0x73, 0x80, 0x6b, 0x30,
    0xf, 0xfe, 0x27, 0x80, 0x65, 0x0, 0xff, 0xe2,
    0x98, 0x4, 0x20, 0x1f, 0xfc, 0x5, 0x0, 0xe3,
    0x0, 0x84, 0x40, 0x1f, 0xe2, 0x80, 0xe, 0xf0,
    0xd, 0x0, 0x1f, 0xc5, 0xe0, 0x1e, 0x70, 0xc,
    0xd2, 0x20, 0x1c, 0x2f, 0xa4, 0x1, 0xe1, 0x90,
    0xc, 0xdd, 0x95, 0x35, 0x9d, 0x0, 0x2, 0x0,
    0xf3, 0x38, 0x7, 0x1a, 0xb2, 0x98, 0x4, 0x38,
    0x1, 0xf4, 0x50, 0x80, 0x7f, 0x9b, 0xc4, 0x3,
    0xf2, 0xf5, 0x31, 0x8, 0x9, 0x24, 0x6c, 0x88,
    0x7, 0x80,

    /* U+04D2 "Ӓ" */
    0x0, 0xff, 0xe0, 0x4f, 0xe9, 0x80, 0x75, 0x7e,
    0x18, 0x7, 0xff, 0x29, 0xd8, 0xb, 0x40, 0x34,
    0x28, 0x1f, 0x0, 0x7f, 0xf2, 0xb4, 0x2, 0x12,
    0x0, 0x90, 0x2, 0x20, 0xf, 0xfe, 0x56, 0x80,
    0x42, 0x40, 0x12, 0x0, 0x44, 0x1, 0xff, 0xca,
    0x76, 0x2, 0xd0, 0xd, 0xa, 0x7, 0xc0, 0x1f,
    0xfc, 0xb9, 0xfd, 0x30, 0xe, 0xaf, 0xc3, 0x0,
    0xff, 0xff, 0x80, 0x7f, 0xfb, 0xdb, 0xff, 0x60,
    0x7, 0xff, 0x4a, 0xc0, 0x31, 0x98, 0x3, 0xff,
    0xa0, 0xa4, 0x1, 0xd2, 0x1, 0xff, 0xd0, 0x90,
    0xf, 0x29, 0x0, 0x7f, 0xf3, 0x8c, 0xc0, 0x1f,
    0x58, 0x7, 0xff, 0x3a, 0x40, 0x21, 0x40, 0x9,
    0x84, 0x3, 0xff, 0x98, 0x4a, 0x1, 0x34, 0x0,
    0x66, 0x0, 0xff, 0xe6, 0x58, 0x6, 0x93, 0x30,
    0x5, 0x20, 0x1f, 0xfc, 0xc6, 0x0, 0x94, 0x42,
    0x80, 0x21, 0x50, 0xf, 0xfe, 0x53, 0x80, 0x69,
    0x0, 0x30, 0x80, 0x52, 0x1, 0xff, 0xca, 0x90,
    0x8, 0xcc, 0x1, 0x30, 0x4, 0x68, 0x1, 0xff,
    0xc8, 0x51, 0x0, 0xa8, 0x3, 0x48, 0x6, 0xf0,
    0xf, 0xfe, 0x44, 0x80, 0x42, 0xc0, 0x18, 0x54,
    0x2, 0x42, 0x0, 0xff, 0xe3, 0x19, 0x80, 0x26,
    0x0, 0xf4, 0x80, 0x6b, 0x0, 0xff, 0xe3, 0x40,
    0x6, 0x90, 0xf, 0x19, 0x0, 0x4c, 0x20, 0x1f,
    0xfc, 0x42, 0x40, 0x9, 0x44, 0x3, 0xeb, 0x0,
    0xd2, 0x1, 0xff, 0xc4, 0xb0, 0xd, 0x20, 0x1f,
    0x98, 0x40, 0x26, 0x0, 0xff, 0xe1, 0x8b, 0x0,
    0x44, 0x60, 0x1f, 0xcc, 0x1, 0xb, 0x0, 0x7f,
    0xf0, 0x98, 0x3, 0x58, 0x7, 0xfa, 0x40, 0x35,
    0x80, 0x7f, 0xf0, 0xa4, 0x2, 0x16, 0x0, 0xff,
    0xa, 0x80, 0x44, 0x80, 0x1f, 0xfc, 0x6, 0x10,
    0x9, 0x80, 0x3f, 0xf8, 0x1c, 0x1, 0xbc, 0x3,
    0xff, 0x81, 0x60, 0x1a, 0x40, 0x3f, 0xf8, 0x8,
    0x40, 0x12, 0x18, 0x7, 0xf9, 0x8, 0x3, 0x77,
    0xff, 0xff, 0x4, 0x80, 0x34, 0x80, 0x7f, 0xbc,
    0x3, 0xff, 0x98, 0xa2, 0x1, 0xf8, 0x90, 0x3,
    0xff, 0x9b, 0x20, 0x1f, 0xac, 0x3, 0x8, 0xff,
    0xf1, 0x80, 0x33, 0x80, 0x7c, 0x2c, 0x1, 0xf,
    0x77, 0xff, 0x19, 0x40, 0x33, 0x80, 0x7a, 0x40,
    0x34, 0x80, 0x7f, 0xf1, 0xa4, 0x3, 0x48, 0x7,
    0x98, 0x3, 0x30, 0x7, 0xff, 0x18, 0xd0, 0x2,
    0x15, 0x0, 0xcc, 0x20, 0x13, 0x8, 0x7, 0xff,
    0x1f, 0xc0, 0x34, 0x80, 0x6b, 0x0, 0xd6, 0x1,
    0xff, 0xc8, 0x42, 0x0, 0x8c, 0xc0, 0x4, 0x20,
    0x9, 0x48, 0x3, 0xff, 0x93, 0x0, 0x1a, 0x0,
    0x10, 0x1, 0xa4, 0x3, 0xff, 0x94, 0xa2, 0x1,
    0x21, 0x19, 0x80, 0x24, 0x30, 0xf, 0xfe, 0x5c,
    0x80, 0x6b,

    /* U+04D3 "ӓ" */
    0x0, 0xe2, 0xcf, 0xa1, 0x0, 0xc7, 0x9f, 0x40,
    0x1f, 0xee, 0x30, 0x58, 0x0, 0xdc, 0x60, 0xb0,
    0x1, 0xfc, 0x60, 0x12, 0x0, 0x42, 0x40, 0x11,
    0x80, 0x7f, 0x10, 0x4, 0x80, 0x10, 0x90, 0x4,
    0x60, 0x1f, 0xde, 0x60, 0x90, 0x1, 0xb8, 0x81,
    0x60, 0x3, 0xf8, 0xb3, 0xec, 0x40, 0x31, 0xef,
    0xd0, 0x7, 0xff, 0xfc, 0x3, 0xff, 0x9e, 0x29,
    0x19, 0xbd, 0xfd, 0xb6, 0xe6, 0x1, 0xfc, 0x75,
    0xd6, 0xe6, 0x42, 0x2, 0x49, 0x19, 0x83, 0x0,
    0xe1, 0xac, 0x50, 0xf, 0xfe, 0x1, 0xe3, 0x0,
    0x6d, 0x50, 0xf, 0xfe, 0x24, 0xa8, 0x5, 0x20,
    0x18, 0x9e, 0xf7, 0xb9, 0xb4, 0xa0, 0x1d, 0x42,
    0x0, 0x53, 0x4, 0xbd, 0x84, 0x21, 0x11, 0x2d,
    0x60, 0x80, 0x69, 0x0, 0xbe, 0x6d, 0x0, 0x3f,
    0x8f, 0x40, 0x33, 0x0, 0x46, 0xc0, 0x1f, 0xfc,
    0x3, 0x50, 0x8, 0x48, 0x3, 0xff, 0x8b, 0xe0,
    0x19, 0x80, 0x3f, 0xf8, 0xac, 0x1, 0x84, 0x3,
    0xff, 0x8a, 0x20, 0x18, 0xc0, 0x39, 0x67, 0x3b,
    0xff, 0xf6, 0x80, 0x61, 0x0, 0x9f, 0xa9, 0x8c,
    0x40, 0x3f, 0xf8, 0x97, 0x2, 0x1, 0xff, 0xc7,
    0x84, 0x0, 0xc6, 0xf3, 0x55, 0xf4, 0x0, 0x70,
    0xb8, 0x4, 0x39, 0x88, 0x65, 0x5f, 0xc0, 0x1c,
    0xe0, 0x1a, 0xcc, 0x3, 0xff, 0x89, 0xe0, 0x19,
    0x40, 0x3f, 0xf8, 0xa6, 0x1, 0x8, 0x7, 0xff,
    0x1, 0x40, 0x38, 0xc0, 0x21, 0x10, 0x7, 0xf8,
    0xa0, 0x3, 0xbc, 0x3, 0x40, 0x7, 0xf1, 0x78,
    0x7, 0x9c, 0x3, 0x34, 0x88, 0x7, 0xb, 0xe9,
    0x0, 0x78, 0x64, 0x3, 0x37, 0x65, 0x4d, 0x67,
    0x40, 0x0, 0x80, 0x3c, 0xce, 0x1, 0xc6, 0xac,
    0xa6, 0x1, 0xe, 0x0, 0x7d, 0x14, 0x20, 0x1f,
    0xe6, 0xf1, 0x0, 0xfc, 0xbd, 0x4c, 0x42, 0x2,
    0x49, 0x1b, 0x22, 0x1, 0xe0,

    /* U+04D4 "Ӕ" */
    0x0, 0xff, 0xe4, 0x77, 0xff, 0xff, 0x39, 0x0,
    0x3f, 0xf8, 0xf0, 0x20, 0x1f, 0xfe, 0x12, 0x70,
    0xf, 0xff, 0x14, 0x80, 0x7f, 0xf8, 0x91, 0x0,
    0x13, 0xb0, 0x6, 0x8c, 0xcf, 0xfe, 0x32, 0x80,
    0x7f, 0xf1, 0x64, 0x2, 0x28, 0xe0, 0xc, 0x46,
    0x7f, 0xfc, 0x61, 0x0, 0xff, 0xe2, 0x39, 0x0,
    0x50, 0x1, 0xff, 0xdd, 0x18, 0x0, 0x91, 0x40,
    0x3f, 0xfb, 0xb6, 0x1, 0xa0, 0x3, 0xff, 0xba,
    0x6a, 0x1, 0x31, 0x80, 0x7f, 0xf7, 0x7c, 0x3,
    0x40, 0x7, 0xff, 0x75, 0x8c, 0x2, 0x81, 0x0,
    0xff, 0xee, 0xc, 0x0, 0x44, 0xe0, 0x1f, 0xfd,
    0xd8, 0x10, 0xa, 0x0, 0x3f, 0xfb, 0xa6, 0xc0,
    0x11, 0xa8, 0x7, 0xf8, 0xc8, 0xbf, 0xf8, 0x80,
    0x1f, 0xfc, 0x2f, 0x0, 0xde, 0x1, 0xff, 0x4e,
    0xef, 0xff, 0x10, 0x80, 0x3f, 0xf8, 0xa, 0x60,
    0x13, 0x18, 0x7, 0xff, 0x76, 0xc0, 0x34, 0x0,
    0x7f, 0xf7, 0x60, 0x40, 0x28, 0x10, 0xf, 0xfe,
    0xe1, 0x38, 0x4, 0x2e, 0x1, 0xff, 0xc1, 0xaf,
    0xff, 0xfe, 0x21, 0x0, 0x7f, 0xa4, 0x3, 0x58,
    0x7, 0xff, 0x75, 0x10, 0x1, 0x1a, 0x80, 0x7f,
    0xf7, 0x64, 0x3, 0x1f, 0xff, 0xfa, 0x0, 0x3f,
    0xfa, 0x4e, 0x40, 0x1f, 0xfe, 0x11, 0x80, 0xf,
    0xff, 0x15, 0x80, 0x61, 0x1f, 0xfe, 0x8, 0x7,
    0xff, 0x44, 0xd4, 0x2, 0x2e, 0xef, 0xfe, 0xc,
    0x0, 0x7f, 0xf4, 0x38, 0x3, 0x70, 0x7, 0xff,
    0x75, 0x88, 0x2, 0x53, 0x0, 0xff, 0xee, 0xc,
    0x0, 0x43, 0x60, 0x1f, 0xfc, 0x72, 0x33, 0xff,
    0xe3, 0x80, 0x20, 0x40, 0x28, 0x10, 0xf, 0xfe,
    0x3c, 0x66, 0x7f, 0xf1, 0xc0, 0xd8, 0x2, 0x36,
    0x0, 0xff, 0xee, 0xf8, 0x6, 0xf0, 0xf, 0xfe,
    0xea, 0x98, 0x4, 0xc6, 0x1, 0xff, 0xdd,

    /* U+04D5 "ӕ" */
    0x0, 0xe1, 0x48, 0xcd, 0xef, 0xf7, 0x5c, 0x18,
    0x7, 0xf2, 0xce, 0x77, 0xfb, 0x6d, 0xc8, 0x3,
    0xfe, 0x3a, 0xeb, 0x73, 0x21, 0x0, 0xa, 0x3e,
    0x60, 0xc0, 0x39, 0xba, 0x98, 0xc4, 0x0, 0x49,
    0x1b, 0x44, 0x1, 0xf0, 0xd6, 0x28, 0x7, 0xff,
    0x0, 0xf1, 0x40, 0x5, 0x92, 0x20, 0x1f, 0xe5,
    0xd7, 0x0, 0xf6, 0xa8, 0x7, 0xff, 0x12, 0x90,
    0xb0, 0xc0, 0x3f, 0xf8, 0x51, 0x20, 0x1d, 0x0,
    0x18, 0x9e, 0xf7, 0xb9, 0xb4, 0xa0, 0x1d, 0x58,
    0x20, 0x19, 0x6b, 0x7b, 0x6d, 0x84, 0x3, 0x34,
    0x0, 0x64, 0x40, 0x26, 0x6c, 0x21, 0x8, 0x89,
    0x6b, 0x4, 0x2, 0x11, 0x0, 0x49, 0xb4, 0xa4,
    0x24, 0x93, 0xce, 0x1, 0x9c, 0xc0, 0x34, 0x55,
    0x98, 0x7, 0xf1, 0xe0, 0x7, 0xcb, 0x64, 0x1,
    0xfa, 0x28, 0x3, 0x70, 0x6, 0x35, 0x0, 0xff,
    0xe0, 0x12, 0x80, 0x71, 0x50, 0x7, 0xfc, 0xb0,
    0x1, 0x12, 0x80, 0x7f, 0xf1, 0xbc, 0x3, 0xa4,
    0x3, 0xff, 0x82, 0xe2, 0x1, 0x78, 0x7, 0xff,
    0x19, 0x80, 0x31, 0x20, 0x7, 0xff, 0x9, 0x80,
    0x25, 0x0, 0xff, 0xe3, 0x8, 0x6, 0x40, 0xf,
    0xfe, 0x1e, 0x80, 0x62, 0x0, 0xe5, 0x9c, 0xef,
    0xff, 0xda, 0x1, 0x9b, 0xff, 0xff, 0x87, 0x40,
    0x19, 0x80, 0x27, 0xea, 0x63, 0x10, 0xf, 0xfe,
    0xb0, 0x80, 0x2e, 0x4, 0x3, 0xff, 0xb4, 0x21,
    0x28, 0x1, 0x8d, 0xe6, 0xab, 0xe8, 0x0, 0xc9,
    0x55, 0xff, 0xc8, 0x51, 0x60, 0x8, 0x73, 0x10,
    0xca, 0xbf, 0x80, 0x39, 0x57, 0xff, 0x90, 0x2c,
    0x1, 0xa8, 0xc0, 0x3f, 0xc2, 0x1, 0x90, 0x3,
    0xff, 0x93, 0xc0, 0x10, 0xa0, 0x7, 0xfc, 0xc0,
    0x1c, 0xe0, 0x1f, 0xfc, 0x83, 0x0, 0xff, 0xe2,
    0x78, 0x7, 0x41, 0x0, 0x7f, 0xf1, 0xcc, 0x2,
    0x11, 0x0, 0x7f, 0x89, 0x40, 0x3d, 0x84, 0x1,
    0xff, 0xc0, 0xa9, 0x0, 0xd8, 0x1, 0xa0, 0x3,
    0xf8, 0x7c, 0x3, 0xe1, 0xd6, 0x0, 0xfe, 0x4d,
    0x56, 0x70, 0x9, 0x44, 0x2, 0x6a, 0x10, 0xf,
    0x37, 0x90, 0x0, 0xb4, 0x40, 0x34, 0xf4, 0x21,
    0x9, 0x23, 0xe5, 0x90, 0x2, 0x14, 0x2, 0xb0,
    0xc, 0xbd, 0xb5, 0x35, 0x9f, 0x22, 0x1, 0x71,
    0x68, 0x80, 0x61, 0x7b, 0xde, 0xdb, 0x83, 0x0,
    0xc4, 0x80, 0x12, 0xc8, 0x7, 0x12, 0xb2, 0x98,
    0x6, 0x1c, 0x30, 0x3c, 0x30, 0xf, 0xfe, 0x1a,
    0x60, 0x80, 0x66, 0xc2, 0x0, 0xff, 0x9f, 0xcc,
    0x2, 0x2c, 0x92, 0x0, 0xff, 0x8a, 0xac, 0x40,
    0x3c, 0x7b, 0x6e, 0x62, 0x0, 0x13, 0x6a, 0xf8,
    0x10, 0xf, 0x36, 0xe3, 0xa1, 0x0, 0x42, 0x8f,
    0x9a, 0xa0, 0x1c,

    /* U+04D6 "Ӗ" */
    0x0, 0x87, 0xfe, 0x50, 0xf, 0xc3, 0xff, 0x20,
    0x7, 0xc2, 0x1, 0x60, 0x7, 0xe4, 0x0, 0x98,
    0x3, 0xf2, 0x80, 0x18, 0xc0, 0x3c, 0x36, 0x0,
    0x12, 0x0, 0xfd, 0x20, 0x16, 0x41, 0x0, 0x9,
    0xbc, 0x40, 0x10, 0x1, 0xfc, 0x72, 0x1, 0x3e,
    0xff, 0xb6, 0x44, 0x0, 0xcc, 0x0, 0xff, 0x36,
    0x18, 0x7, 0xe1, 0xa9, 0x0, 0xff, 0xe0, 0x1e,
    0x6c, 0xb2, 0xa9, 0xa3, 0x39, 0x40, 0x3f, 0xf8,
    0x64, 0xd3, 0x54, 0x97, 0x30, 0xf, 0xfe, 0xb6,
    0x7f, 0xff, 0xf2, 0xc0, 0x3f, 0xff, 0xe0, 0x1e,
    0xbc, 0xcf, 0xfe, 0x30, 0x7, 0x90, 0xcf, 0xff,
    0x8c, 0x1, 0xff, 0xff, 0x0, 0xff, 0xff, 0x80,
    0x7f, 0xfb, 0x8, 0xbf, 0xf8, 0x82, 0x1, 0xfb,
    0x77, 0xff, 0x89, 0xe0, 0x1f, 0xff, 0xf0, 0xf,
    0xdf, 0xff, 0xfc, 0x4e, 0x0, 0xff, 0xff, 0x80,
    0x7f, 0xff, 0xc0, 0x3f, 0xff, 0xe0, 0x1f, 0x90,
    0xcf, 0xff, 0x8c, 0x40, 0x1d, 0x79, 0x9f, 0xfc,
    0x6b, 0x0, 0xff, 0xff, 0x80,

    /* U+04D7 "ӗ" */
    0x0, 0xea, 0xff, 0x38, 0x7, 0xed, 0xff, 0x28,
    0x7, 0xf8, 0x80, 0x18, 0x1, 0xf0, 0x90, 0x0,
    0x40, 0x3f, 0xd8, 0x0, 0x44, 0x0, 0x7a, 0xc0,
    0x24, 0x0, 0xff, 0x21, 0x0, 0x2e, 0x8, 0x0,
    0x96, 0xa0, 0x7, 0x0, 0xff, 0xe0, 0x78, 0x4,
    0xfb, 0xfe, 0xb4, 0x0, 0x1c, 0x0, 0x7f, 0xf0,
    0xb, 0x4c, 0x3, 0xf3, 0x60, 0x7, 0xff, 0x8,
    0xb3, 0x10, 0xa8, 0xad, 0x3d, 0x20, 0x1f, 0xfc,
    0x53, 0x7a, 0xba, 0x96, 0x10, 0xf, 0xff, 0xca,
    0x4e, 0x77, 0xfb, 0xae, 0xc, 0x3, 0xff, 0x84,
    0xdd, 0x6c, 0x62, 0x0, 0x14, 0x7c, 0xc2, 0x0,
    0x7f, 0x87, 0x24, 0x40, 0x3f, 0xc7, 0x72, 0x1,
    0xf8, 0xbc, 0xc0, 0x3f, 0xf8, 0x4d, 0x60, 0x1e,
    0x1c, 0x10, 0xc, 0xd7, 0xff, 0x75, 0x20, 0x6,
    0x4a, 0x0, 0xea, 0x10, 0x8, 0xfa, 0x50, 0x2,
    0x15, 0xbc, 0x10, 0x9, 0x58, 0x2, 0x54, 0x0,
    0x93, 0x4, 0x3, 0xf1, 0xf8, 0x80, 0x50, 0x1,
    0x40, 0x4, 0x34, 0x1, 0xff, 0xe, 0x80, 0x42,
    0xc0, 0x64, 0x1, 0x40, 0x80, 0x7f, 0xf0, 0xd,
    0x40, 0x2a, 0x4, 0x0, 0xce, 0x1, 0xff, 0xc2,
    0xe0, 0x8, 0xc3, 0x40, 0x22, 0x10, 0xf, 0xfe,
    0x12, 0x0, 0x63, 0x60, 0x8, 0xbf, 0xff, 0xf8,
    0x80, 0x19, 0x84, 0x3, 0xff, 0x98, 0x60, 0x1f,
    0xfc, 0xe1, 0x0, 0x8b, 0x33, 0xff, 0x90, 0xec,
    0x1, 0x11, 0x9f, 0xff, 0x20, 0x74, 0x3, 0x28,
    0x7, 0xff, 0x21, 0x40, 0x34, 0x80, 0x7f, 0xf2,
    0x8, 0xc0, 0x23, 0x70, 0xf, 0xfe, 0x44, 0x0,
    0x68, 0x50, 0xf, 0xfe, 0x3, 0xe8, 0x7, 0x22,
    0x80, 0x6a, 0x91, 0x0, 0xfc, 0x57, 0x5, 0x60,
    0x1d, 0x44, 0x1, 0x9b, 0xa9, 0x4c, 0x48, 0xda,
    0xf5, 0x0, 0x9, 0x0, 0x1d, 0x86, 0x1, 0xcb,
    0x59, 0xdb, 0x92, 0x80, 0x18, 0x68, 0x3, 0x87,
    0x18, 0x3, 0xff, 0x86, 0x58, 0x40, 0x1f, 0x4e,
    0x20, 0x7, 0xfc, 0x33, 0xa4, 0x1, 0xfc, 0x77,
    0xb0, 0xa4, 0x20, 0x1, 0x36, 0xbe, 0x60, 0xe,

    /* U+04D8 "Ә" */
    0x0, 0xff, 0xe0, 0x1b, 0xd6, 0x77, 0xfd, 0xb7,
    0x8, 0x1, 0xff, 0xca, 0x28, 0xec, 0x85, 0x31,
    0x0, 0x89, 0x1e, 0xfe, 0x48, 0x3, 0xff, 0x8a,
    0x55, 0xae, 0x20, 0x1f, 0xfc, 0x16, 0xda, 0x20,
    0xf, 0xfe, 0x13, 0xea, 0x80, 0x7f, 0xf1, 0x97,
    0x58, 0x3, 0xfe, 0x1c, 0x80, 0xf, 0x8d, 0xe2,
    0xa9, 0x2e, 0x80, 0x1f, 0x4d, 0x0, 0x7f, 0x9c,
    0xc0, 0x38, 0xa7, 0xb2, 0x1d, 0x54, 0xd1, 0x7f,
    0x46, 0x1, 0xcb, 0x40, 0x1f, 0xcd, 0x60, 0x11,
    0x5e, 0xb0, 0x80, 0x7f, 0x2e, 0x50, 0x80, 0x65,
    0x90, 0xf, 0xe4, 0xd2, 0x6d, 0x40, 0xf, 0xfe,
    0x12, 0xf9, 0x80, 0x66, 0x40, 0xf, 0xe2, 0xd9,
    0x0, 0xff, 0xe2, 0x8e, 0x18, 0x6, 0xa0, 0xf,
    0xfe, 0x9e, 0x88, 0x4, 0x2c, 0x1, 0xff, 0xd2,
    0x1b, 0x0, 0xd6, 0x1, 0xff, 0xd3, 0x53, 0x0,
    0x88, 0xc0, 0x3f, 0xfa, 0x74, 0x1, 0x90, 0x3,
    0xff, 0xa6, 0x80, 0x1b, 0x0, 0x11, 0x1f, 0xfd,
    0x1a, 0x0, 0xcc, 0x0, 0x77, 0xff, 0xe9, 0x0,
    0x62, 0x0, 0xff, 0xff, 0x80, 0x70, 0xff, 0xff,
    0xf3, 0x40, 0x3e, 0x20, 0x8, 0x40, 0x3f, 0xf9,
    0x82, 0x1, 0x88, 0x0, 0xe0, 0x19, 0x0, 0x3f,
    0xf9, 0x68, 0x1, 0x9c, 0x1, 0xa0, 0x1b, 0x0,
    0x3f, 0xf9, 0x7e, 0x1, 0xb4, 0x0, 0xa0, 0x19,
    0x80, 0x3f, 0xf9, 0x42, 0xa0, 0x19, 0x40, 0x4,
    0x60, 0x10, 0xb8, 0x7, 0xff, 0x26, 0xc0, 0x31,
    0x90, 0x5, 0x20, 0x1a, 0x8, 0x3, 0xff, 0x8e,
    0x8a, 0x1, 0xa4, 0x3, 0x29, 0x0, 0x6e, 0x0,
    0xff, 0xe3, 0x15, 0x0, 0x63, 0x50, 0xe, 0xe0,
    0xc, 0x78, 0x20, 0x1f, 0xfc, 0x33, 0xc1, 0x0,
    0xde, 0x1, 0xe3, 0x70, 0xc, 0x78, 0x60, 0x1f,
    0xfc, 0x16, 0xc1, 0x0, 0xd0, 0x60, 0x1f, 0x42,
    0x80, 0x62, 0xca, 0x30, 0xf, 0xe5, 0xc9, 0x0,
    0xe6, 0x70, 0xf, 0xea, 0x50, 0xe, 0x5c, 0xd9,
    0x65, 0x45, 0x7a, 0xea, 0x30, 0xe, 0x69, 0x0,
    0xff, 0xaa, 0x0, 0x3c, 0x4d, 0x35, 0x75, 0xa,
    0x20, 0x1e, 0x99, 0x0, 0x7f, 0xf0, 0x5f, 0xc,
    0x3, 0xff, 0x8a, 0xba, 0xc0, 0x1f, 0xfc, 0x33,
    0xcb, 0x40, 0xf, 0xfe, 0xa, 0xe5, 0x10, 0x7,
    0xff, 0x19, 0x2f, 0xa9, 0x8c, 0x40, 0x22, 0x47,
    0xbf, 0xa3, 0x0, 0xff, 0x0,

    /* U+04D9 "ә" */
    0x0, 0xf0, 0xb5, 0x6f, 0xfd, 0xd9, 0x28, 0x1,
    0xff, 0xc1, 0x2a, 0xe9, 0x52, 0x0, 0x84, 0xda,
    0xf9, 0xc0, 0x3f, 0xcf, 0xaa, 0x1, 0xff, 0xc,
    0x72, 0x0, 0x7d, 0x30, 0x1, 0xff, 0xc3, 0x1b,
    0x60, 0xe, 0x17, 0x0, 0xc4, 0xf7, 0x9d, 0xb6,
    0xe4, 0x1, 0xd2, 0xc0, 0x18, 0x74, 0x0, 0x33,
    0xb0, 0x86, 0x24, 0x91, 0xb4, 0x20, 0x1a, 0x48,
    0x3, 0x1c, 0x96, 0x30, 0x7, 0xf2, 0xf9, 0x0,
    0x6e, 0x0, 0xe6, 0xd2, 0x0, 0xff, 0x87, 0x4,
    0x2, 0x34, 0x0, 0xff, 0xe3, 0x8d, 0x80, 0x6e,
    0x0, 0xff, 0xe4, 0x29, 0x0, 0x48, 0x1, 0xff,
    0xc9, 0x50, 0x8, 0x48, 0xcf, 0xff, 0x91, 0xe0,
    0x19, 0xb3, 0x3f, 0xf9, 0x10, 0x1, 0x84, 0x3,
    0xff, 0x9c, 0x20, 0x1f, 0xfc, 0xc1, 0x20, 0x9,
    0xff, 0xff, 0xf8, 0x74, 0x1, 0x99, 0x40, 0x23,
    0x0, 0xff, 0xe1, 0xe0, 0x4, 0x25, 0xa0, 0x12,
    0x10, 0x7, 0xff, 0x9, 0xc0, 0x24, 0x4, 0x10,
    0xa, 0x0, 0x3f, 0xf8, 0x30, 0x20, 0x17, 0x0,
    0x24, 0x2, 0x57, 0x0, 0xff, 0x95, 0xc0, 0x23,
    0x40, 0x3, 0x90, 0x5, 0x12, 0x1, 0xfc, 0xf4,
    0x1, 0xbc, 0x3, 0x70, 0x6, 0x6e, 0x83, 0x10,
    0x1, 0x3e, 0xc0, 0x6, 0x83, 0x0, 0xc7, 0x40,
    0x18, 0x5f, 0x3b, 0xfd, 0xb0, 0x40, 0x19, 0xdc,
    0x1, 0xe5, 0xc1, 0x0, 0xff, 0xe1, 0x4c, 0x0,
    0x7e, 0x3f, 0x70, 0xf, 0xf9, 0x75, 0x80, 0x3f,
    0xc3, 0x1d, 0x2a, 0x40, 0x11, 0x24, 0x75, 0x10,
    0x7, 0x80,

    /* U+04DA "Ӛ" */
    0x0, 0xff, 0xe0, 0x16, 0x7d, 0x0, 0x71, 0xef,
    0xd0, 0x7, 0xff, 0x33, 0xcc, 0x16, 0x40, 0x36,
    0x90, 0x2b, 0x80, 0x7f, 0xf2, 0xc8, 0x2, 0x50,
    0x8, 0x44, 0x1, 0x60, 0x7, 0xff, 0x2c, 0x80,
    0x25, 0x0, 0x84, 0x40, 0x16, 0x0, 0x7f, 0xf2,
    0xf8, 0xc1, 0x64, 0x3, 0x69, 0x2, 0xb8, 0x7,
    0xff, 0x2c, 0xf3, 0xe8, 0x3, 0x8f, 0x7e, 0x80,
    0x3f, 0xff, 0xe0, 0x1f, 0xff, 0x3, 0x7a, 0xce,
    0xff, 0xb6, 0xe1, 0x0, 0x3f, 0xf9, 0x45, 0x1d,
    0x90, 0xa6, 0x20, 0x11, 0x23, 0xdf, 0xc9, 0x0,
    0x7f, 0xf1, 0x4a, 0xb5, 0xc4, 0x3, 0xff, 0x82,
    0xdb, 0x44, 0x1, 0xff, 0xc2, 0x7d, 0x50, 0xf,
    0xfe, 0x32, 0xeb, 0x0, 0x7f, 0xc3, 0x90, 0x1,
    0xf1, 0xbc, 0x55, 0x25, 0xd0, 0x3, 0xe9, 0xa0,
    0xf, 0xf3, 0x98, 0x7, 0x14, 0xf6, 0x43, 0xaa,
    0x9a, 0x2f, 0xe8, 0xc0, 0x39, 0x68, 0x3, 0xf9,
    0xac, 0x2, 0x2b, 0xd6, 0x10, 0xf, 0xe5, 0xca,
    0x10, 0xc, 0xb2, 0x1, 0xfc, 0x9a, 0x4d, 0xa8,
    0x1, 0xff, 0xc2, 0x5f, 0x30, 0xc, 0xc8, 0x1,
    0xfc, 0x5b, 0x20, 0x1f, 0xfc, 0x51, 0xc3, 0x0,
    0xd4, 0x1, 0xff, 0xd3, 0xd1, 0x0, 0x85, 0x80,
    0x3f, 0xfa, 0x43, 0x60, 0x1a, 0xc0, 0x3f, 0xfa,
    0x6a, 0x60, 0x11, 0x18, 0x7, 0xff, 0x4e, 0x80,
    0x32, 0x0, 0x7f, 0xf4, 0xd0, 0x3, 0x60, 0x2,
    0x23, 0xff, 0xa3, 0x40, 0x19, 0x80, 0xe, 0xff,
    0xfd, 0x20, 0xc, 0x40, 0x1f, 0xff, 0xf0, 0xe,
    0x1f, 0xff, 0xfe, 0x68, 0x7, 0xc4, 0x1, 0x8,
    0x7, 0xff, 0x30, 0x40, 0x31, 0x0, 0x1c, 0x3,
    0x20, 0x7, 0xff, 0x2d, 0x0, 0x33, 0x80, 0x34,
    0x3, 0x60, 0x7, 0xff, 0x2f, 0xc0, 0x36, 0x80,
    0x14, 0x3, 0x30, 0x7, 0xff, 0x28, 0x54, 0x3,
    0x28, 0x0, 0x8c, 0x2, 0x17, 0x0, 0xff, 0xe4,
    0xd8, 0x6, 0x32, 0x0, 0xa4, 0x3, 0x41, 0x0,
    0x7f, 0xf1, 0xd1, 0x40, 0x34, 0x80, 0x65, 0x20,
    0xd, 0xc0, 0x1f, 0xfc, 0x62, 0xa0, 0xc, 0x6a,
    0x1, 0xdc, 0x1, 0x8f, 0x4, 0x3, 0xff, 0x86,
    0x78, 0x20, 0x1b, 0xc0, 0x3c, 0x6e, 0x1, 0x8f,
    0xc, 0x3, 0xff, 0x82, 0xd8, 0x20, 0x1a, 0xc,
    0x3, 0xe8, 0x50, 0xc, 0x59, 0x46, 0x1, 0xfc,
    0xb9, 0x20, 0x1c, 0xce, 0x1, 0xfd, 0x4a, 0x1,
    0xcb, 0x9b, 0x2c, 0xa8, 0xaf, 0x5d, 0x46, 0x1,
    0xcd, 0x20, 0x1f, 0xf5, 0x40, 0x7, 0x89, 0xa6,
    0xae, 0xa1, 0x44, 0x3, 0xd3, 0x20, 0xf, 0xfe,
    0xb, 0xe1, 0x80, 0x7f, 0xf1, 0x57, 0x58, 0x3,
    0xff, 0x86, 0x79, 0x68, 0x1, 0xff, 0xc1, 0x5c,
    0xa2, 0x0, 0xff, 0xe3, 0x25, 0xf5, 0x31, 0x88,
    0x4, 0x48, 0xf7, 0xf4, 0x60, 0x1f, 0xe0,

    /* U+04DB "ӛ" */
    0x0, 0xf2, 0x6f, 0x48, 0x7, 0x26, 0xf4, 0x0,
    0x7f, 0xf0, 0x68, 0x85, 0x98, 0x1, 0xd, 0x90,
    0xba, 0x80, 0x7f, 0xc4, 0x20, 0x16, 0x0, 0x4a,
    0x1, 0xb4, 0x3, 0xfe, 0x20, 0xd, 0x80, 0x12,
    0x80, 0x6d, 0x0, 0xff, 0xe0, 0x59, 0x3, 0x30,
    0x2, 0x1a, 0x10, 0x75, 0x0, 0xff, 0xe0, 0x26,
    0xfc, 0x80, 0x72, 0xf7, 0xc0, 0x7, 0xff, 0xfc,
    0x3, 0xff, 0xbc, 0x2d, 0x5b, 0xff, 0x76, 0x4a,
    0x0, 0x7f, 0xf0, 0x4a, 0xba, 0x54, 0x80, 0x21,
    0x36, 0xbe, 0x70, 0xf, 0xf3, 0xea, 0x80, 0x7f,
    0xc3, 0x1c, 0x80, 0x1f, 0x4c, 0x0, 0x7f, 0xf0,
    0xc6, 0xd8, 0x3, 0x85, 0xc0, 0x31, 0x3d, 0xe7,
    0x6d, 0xb9, 0x0, 0x74, 0xb0, 0x6, 0x1d, 0x0,
    0xc, 0xec, 0x21, 0x89, 0x24, 0x6d, 0x8, 0x6,
    0x92, 0x0, 0xc7, 0x25, 0x8c, 0x1, 0xfc, 0xbe,
    0x40, 0x1b, 0x80, 0x39, 0xb4, 0x80, 0x3f, 0xe1,
    0xc1, 0x0, 0x8d, 0x0, 0x3f, 0xf8, 0xe3, 0x60,
    0x1b, 0x80, 0x3f, 0xf9, 0xa, 0x40, 0x12, 0x0,
    0x7f, 0xf2, 0x54, 0x2, 0x12, 0x33, 0xff, 0xe4,
    0x78, 0x6, 0x6c, 0xcf, 0xfe, 0x44, 0x0, 0x61,
    0x0, 0xff, 0xe7, 0x8, 0x7, 0xff, 0x30, 0x48,
    0x2, 0x7f, 0xff, 0xfe, 0x1d, 0x0, 0x66, 0x50,
    0x8, 0xc0, 0x3f, 0xf8, 0x78, 0x1, 0x9, 0x68,
    0x4, 0x84, 0x1, 0xff, 0xc2, 0x70, 0x9, 0x1,
    0x4, 0x2, 0x80, 0xf, 0xfe, 0xc, 0x8, 0x5,
    0xc0, 0x9, 0x0, 0x95, 0xc0, 0x3f, 0xe5, 0x70,
    0x8, 0xd0, 0x0, 0xe4, 0x1, 0x44, 0x80, 0x7f,
    0x3d, 0x0, 0x6f, 0x0, 0xdc, 0x1, 0x9b, 0xa0,
    0xc4, 0x0, 0x4f, 0xb0, 0x1, 0xa0, 0xc0, 0x31,
    0xd0, 0x6, 0x17, 0xce, 0xff, 0x6c, 0x10, 0x6,
    0x77, 0x0, 0x79, 0x70, 0x40, 0x3f, 0xf8, 0x53,
    0x0, 0x1f, 0x8f, 0xdc, 0x3, 0xfe, 0x5d, 0x60,
    0xf, 0xf0, 0xc7, 0x4a, 0x90, 0x4, 0x49, 0x1d,
    0x44, 0x1, 0xe0,

    /* U+04DC "Ӝ" */
    0x0, 0xff, 0xe3, 0x1e, 0xfd, 0x0, 0x72, 0x6f,
    0x48, 0x7, 0xff, 0x63, 0x48, 0x16, 0x0, 0x35,
    0x10, 0xb3, 0x0, 0x3f, 0xfa, 0xc2, 0x20, 0x8,
    0xc0, 0x22, 0x10, 0xb, 0x0, 0x3f, 0xfa, 0xc2,
    0x20, 0x8, 0xc0, 0x22, 0x10, 0xb, 0x40, 0x3f,
    0xfa, 0xfa, 0x40, 0xb0, 0x1, 0xa8, 0x81, 0x9c,
    0x3, 0xff, 0xae, 0x7b, 0xf4, 0x1, 0xc9, 0xbf,
    0x20, 0x1f, 0xff, 0xf0, 0xf, 0xff, 0xf8, 0x7,
    0xff, 0x17, 0xbf, 0xf1, 0x0, 0x7f, 0xf0, 0xab,
    0xff, 0x8, 0x7, 0xff, 0xb, 0x3f, 0xf2, 0x80,
    0x56, 0x1, 0xb8, 0x3, 0xff, 0xaa, 0xc6, 0x1,
    0x22, 0x80, 0x4a, 0x80, 0x11, 0xb0, 0x7, 0xff,
    0x4c, 0x60, 0x3, 0x48, 0x7, 0x50, 0x6, 0x81,
    0x0, 0xff, 0xe9, 0x40, 0x80, 0x50, 0x40, 0x1c,
    0x32, 0x1, 0xc, 0x0, 0x7f, 0xf4, 0x4d, 0x80,
    0x22, 0x70, 0xf, 0x98, 0xc0, 0x26, 0x30, 0xf,
    0xfe, 0x87, 0x0, 0x6e, 0x0, 0xfe, 0xe0, 0xd,
    0xe0, 0x1f, 0xfc, 0xf7, 0x20, 0x9, 0x8c, 0x3,
    0xf8, 0x9c, 0x2, 0x36, 0x0, 0xff, 0xe6, 0x8c,
    0x0, 0x43, 0x20, 0x1f, 0xf4, 0x10, 0x5, 0x22,
    0x1, 0xff, 0xcc, 0xb0, 0xd, 0x60, 0x1f, 0xfc,
    0x19, 0x0, 0xd6, 0x1, 0xff, 0xcb, 0x45, 0x0,
    0x91, 0x40, 0x3f, 0xf8, 0x28, 0xa0, 0x12, 0xa0,
    0x7, 0xff, 0x2a, 0x40, 0x35, 0x0, 0x7f, 0xf0,
    0xec, 0x40, 0x29, 0x0, 0xff, 0xe4, 0xc1, 0x0,
    0x52, 0x20, 0x1f, 0xfc, 0x31, 0x80, 0x8, 0x9c,
    0x3, 0xff, 0x8e, 0x4e, 0x1, 0x1b, 0x0, 0x7f,
    0xf1, 0x58, 0xc0, 0x28, 0x20, 0xf, 0xfe, 0x34,
    0x80, 0x6e, 0x0, 0xff, 0xe3, 0xf0, 0x6, 0x94,
    0x4f, 0x8, 0x6, 0x44, 0xf3, 0xa0, 0x4, 0xe4,
    0x1, 0xff, 0xc7, 0x28, 0x0, 0x92, 0xef, 0xc8,
    0x1, 0xaa, 0xef, 0xa0, 0x2, 0x28, 0x0, 0xff,
    0xe4, 0xa0, 0x7, 0xff, 0x35, 0x0, 0x3f, 0xf9,
    0x5e, 0x1, 0xff, 0xcd, 0x62, 0x0, 0xff, 0xe4,
    0x31, 0x80, 0x7f, 0xf3, 0xa4, 0x3, 0xff, 0x8e,
    0x30, 0x1, 0x9b, 0xff, 0xca, 0x1, 0xbb, 0xff,
    0xb0, 0x3, 0x23, 0x0, 0x7f, 0xf1, 0xac, 0x40,
    0x21, 0x80, 0xf, 0xfe, 0x29, 0xb0, 0x6, 0x81,
    0x0, 0xff, 0xe2, 0x22, 0x80, 0x6b, 0x10, 0xf,
    0xfe, 0x34, 0x8, 0x4, 0x36, 0x1, 0xff, 0xc4,
    0x90, 0xc, 0x8a, 0x1, 0xff, 0xc7, 0x1b, 0x0,
    0xca, 0x80, 0x1f, 0xfc, 0x28, 0x20, 0xd, 0x20,
    0x1f, 0xfc, 0x95, 0x40, 0xd, 0x20, 0x1f, 0xfc,
    0x12, 0x70, 0xd, 0x4, 0x1, 0xff, 0xca, 0x90,
    0xc, 0x50, 0x1, 0xff, 0xc0, 0xe0, 0xc, 0x4e,
    0x1, 0xff, 0xcb, 0x28, 0x0, 0xce, 0x40, 0x1f,
    0xe6, 0x30, 0xd, 0xc0, 0x1f, 0xfc, 0xd7, 0x20,
    0xd, 0xc0, 0x1f, 0xc3, 0x0, 0x19, 0x8c, 0x3,
    0xff, 0x9d, 0xc0, 0x18, 0xd8, 0x3, 0xf5, 0x88,
    0x4, 0x30, 0x1, 0xff, 0xcf, 0x36, 0x0, 0xd0,
    0x20, 0x1e, 0x45, 0x0, 0xd6, 0x20, 0x1f, 0xfd,
    0x9, 0x10, 0x8, 0x6c, 0x3, 0xd2, 0x1, 0x91,
    0x40, 0x3f, 0xfa, 0x56, 0x1, 0x95, 0x0, 0x34,
    0x10, 0x6, 0x90, 0xf, 0xfe, 0x9a, 0xa0, 0x6,
    0x90, 0x8, 0x9c, 0x3, 0x41, 0x0, 0x7f, 0xf5,
    0x24, 0x3, 0x14, 0x0, 0x38, 0x3, 0x13, 0x80,
    0x7f, 0xf5, 0x4a, 0x0, 0x33, 0x90,

    /* U+04DD "ӝ" */
    0x0, 0xff, 0xf5, 0xc7, 0x71, 0x40, 0x3a, 0x7f,
    0x50, 0x3, 0xff, 0x9e, 0xae, 0x22, 0xa1, 0x0,
    0x99, 0x80, 0x56, 0x20, 0x1f, 0xfc, 0xed, 0x0,
    0xca, 0x1, 0x78, 0x6, 0x20, 0xf, 0xfe, 0x76,
    0x80, 0x65, 0x0, 0xbc, 0x3, 0x10, 0x7, 0xff,
    0x39, 0x5c, 0x45, 0x42, 0x1, 0x33, 0x89, 0x58,
    0x80, 0x7f, 0xf3, 0xe3, 0xb8, 0xa0, 0x1d, 0x1d,
    0xa8, 0x1, 0xff, 0xff, 0x0, 0xff, 0xf9, 0xb7,
    0xfe, 0x70, 0xf, 0xfb, 0xff, 0x50, 0x7, 0xfd,
    0x9f, 0xf8, 0x80, 0xc, 0x80, 0x14, 0x10, 0x7,
    0xff, 0x35, 0x8c, 0x2, 0x82, 0x0, 0xa4, 0x3,
    0x48, 0x7, 0xff, 0x30, 0x64, 0x2, 0x27, 0x0,
    0xc5, 0x0, 0x12, 0x28, 0x7, 0xff, 0x2e, 0xc0,
    0x37, 0x0, 0x79, 0xcc, 0x2, 0xb1, 0x0, 0xff,
    0xe4, 0xa2, 0x80, 0x4c, 0x60, 0x1f, 0x78, 0x4,
    0x30, 0x1, 0xff, 0xc9, 0x90, 0x8, 0x64, 0x3,
    0xf1, 0xb8, 0x4, 0xc6, 0x1, 0xff, 0xc7, 0x82,
    0x0, 0xa8, 0x3, 0xfd, 0x4, 0x1, 0x70, 0x7,
    0xff, 0x18, 0x9c, 0x2, 0x54, 0x0, 0xff, 0xa4,
    0x2, 0x27, 0x0, 0xff, 0xe2, 0xf0, 0x4, 0x36,
    0x1, 0xff, 0xc0, 0x46, 0x0, 0xa0, 0x80, 0x3f,
    0xf8, 0x6c, 0x60, 0x14, 0x8, 0x7, 0xff, 0x6,
    0x4, 0x2, 0x90, 0xf, 0xfe, 0x10, 0xc0, 0x4,
    0x8c, 0x1, 0xff, 0xc2, 0x1b, 0x0, 0x93, 0xff,
    0x80, 0x32, 0xff, 0xee, 0x10, 0xa, 0x40, 0x3f,
    0xf8, 0x8a, 0x60, 0x1f, 0xfc, 0x97, 0x20, 0xf,
    0xfe, 0x21, 0x98, 0x3, 0xff, 0x92, 0xc2, 0x1,
    0xff, 0xc4, 0xe0, 0xf, 0xfe, 0x50, 0xc0, 0x7,
    0xff, 0xe, 0x8, 0x2, 0x3f, 0xfe, 0x0, 0xcb,
    0xff, 0xb4, 0x3, 0x32, 0x0, 0x7f, 0xf0, 0x4d,
    0xc0, 0x37, 0x0, 0x7f, 0xf0, 0x8a, 0x0, 0x34,
    0x80, 0x7f, 0xf0, 0x78, 0x3, 0x39, 0x0, 0x7f,
    0xf0, 0xdc, 0xc0, 0x22, 0x90, 0xf, 0xf9, 0xc8,
    0x2, 0x28, 0x0, 0xff, 0xe2, 0xf0, 0x6, 0x63,
    0x0, 0xfe, 0x28, 0x0, 0xdc, 0x1, 0xff, 0xc6,
    0x27, 0x0, 0xdc, 0x1, 0xfd, 0xc0, 0x19, 0x8c,
    0x3, 0xff, 0x8f, 0x4, 0x1, 0x14, 0x0, 0x7c,
    0xe6, 0x1, 0xc, 0x0, 0x7f, 0xf2, 0x78, 0x3,
    0x39, 0x80, 0x71, 0x40, 0x6, 0xb1, 0x0, 0xff,
    0xe4, 0x9b, 0x0, 0x6e, 0x0, 0xe9, 0x0, 0xca,
    0xa0, 0xf, 0xfe, 0x5c, 0x88, 0x4, 0x4e, 0x1,
    0x32, 0x0, 0x6b, 0x0, 0xff, 0xe6, 0xd0, 0x6,
    0x82, 0x1, 0x90, 0xd, 0x22, 0x1, 0xff, 0xcd,
    0x45, 0x0, 0xdc, 0x0,

    /* U+04DE "Ӟ" */
    0x0, 0xf2, 0x6f, 0x48, 0x7, 0x2e, 0xf4, 0x0,
    0x7f, 0xf0, 0xec, 0x85, 0x98, 0x1, 0xd, 0x10,
    0xba, 0x80, 0x7f, 0xf0, 0x4c, 0x3, 0x78, 0x4,
    0xa0, 0x1b, 0x40, 0x3f, 0xf8, 0x26, 0x1, 0xbc,
    0x2, 0x50, 0xd, 0xa0, 0x1f, 0xfc, 0x2b, 0x21,
    0x66, 0x0, 0x43, 0x44, 0x2e, 0xa0, 0x1f, 0xfc,
    0x24, 0xde, 0x90, 0xe, 0x5d, 0xe8, 0x0, 0xff,
    0xff, 0x80, 0x7f, 0xf3, 0x51, 0xeb, 0x7b, 0xfd,
    0xdb, 0x92, 0xa2, 0x1, 0xff, 0xc0, 0x5a, 0xfb,
    0x85, 0x21, 0x0, 0x9, 0x1b, 0x57, 0x5a, 0x0,
    0x7e, 0x6e, 0xa5, 0x0, 0xff, 0xe1, 0x25, 0xd8,
    0x40, 0x38, 0x64, 0x40, 0x3f, 0xf8, 0xc9, 0xe4,
    0x1, 0x85, 0x0, 0x38, 0xda, 0x6f, 0x32, 0xa7,
    0x30, 0xe, 0x1f, 0x0, 0xee, 0x0, 0x35, 0xfe,
    0x4b, 0x21, 0x9c, 0xb1, 0x9a, 0x60, 0x18, 0x9c,
    0x3, 0x2c, 0x74, 0xa0, 0x7, 0xfc, 0x58, 0xa0,
    0x1a, 0x80, 0x39, 0xc4, 0x3, 0xff, 0x87, 0x40,
    0x18, 0x84, 0x3, 0xff, 0x94, 0x80, 0x18, 0xc0,
    0x3f, 0xf9, 0x44, 0x1, 0xff, 0xcf, 0x20, 0xc,
    0x40, 0x1f, 0xfc, 0x92, 0x40, 0x9, 0x0, 0x3f,
    0xf9, 0x23, 0xc0, 0x1b, 0xc0, 0x3f, 0xf8, 0xc2,
    0x93, 0xc6, 0x1, 0x2a, 0x0, 0x7e, 0x2f, 0xff,
    0xee, 0xb6, 0x0, 0xc9, 0x40, 0x1f, 0xfc, 0xd9,
    0xb0, 0xf, 0xfe, 0x76, 0x98, 0x7, 0xff, 0x39,
    0x32, 0x0, 0x3f, 0x8b, 0xff, 0xfb, 0xae, 0x8,
    0x3, 0x3c, 0x80, 0x7f, 0xf1, 0x85, 0x1f, 0x64,
    0x3, 0x33, 0x0, 0x3f, 0xf9, 0x2d, 0x80, 0x1a,
    0x0, 0x3f, 0xf9, 0x46, 0xc0, 0x10, 0xa0, 0x7,
    0xff, 0x2b, 0x40, 0x36, 0x0, 0x7f, 0xf2, 0x9c,
    0x3, 0x8, 0x7, 0xff, 0x99, 0x0, 0x30, 0x82,
    0x98, 0x7, 0xff, 0x1e, 0x40, 0x36, 0x4, 0x64,
    0x0, 0x7f, 0xf1, 0x6c, 0x40, 0x21, 0x44, 0x10,
    0x3f, 0xc9, 0x80, 0x7f, 0xf0, 0x13, 0x50, 0x3,
    0x40, 0x78, 0x6, 0x6c, 0xeb, 0x75, 0x43, 0x39,
    0x1a, 0x7a, 0xc8, 0x3, 0x23, 0x6, 0x80, 0x78,
    0x52, 0x2a, 0xf3, 0x2b, 0x96, 0x10, 0xe, 0x4b,
    0x0, 0x36, 0xa8, 0x7, 0xff, 0x22, 0x2c, 0x3,
    0x15, 0x6b, 0x88, 0x7, 0xff, 0x8, 0x5b, 0x9c,
    0x3, 0xe2, 0x8e, 0xd9, 0x63, 0x20, 0xc, 0x26,
    0xb1, 0x7d, 0x22, 0x1, 0xc0,

    /* U+04DF "ӟ" */
    0x0, 0xe4, 0xde, 0x80, 0xe, 0x5e, 0xe3, 0x80,
    0x7f, 0xd, 0x90, 0xba, 0x80, 0x45, 0x42, 0x28,
    0x40, 0xf, 0xc4, 0x1, 0xb0, 0x2, 0x70, 0xc,
    0x60, 0x1f, 0x88, 0x3, 0x60, 0x4, 0xe0, 0x18,
    0xc0, 0x3f, 0xd, 0x8, 0x32, 0x80, 0x45, 0x42,
    0x27, 0x40, 0xf, 0xe5, 0xef, 0x90, 0xe, 0x5e,
    0xe4, 0x0, 0x7f, 0xff, 0xc0, 0x3f, 0xf9, 0xe9,
    0x17, 0xdf, 0xee, 0xdc, 0x95, 0x10, 0xf, 0xc5,
    0x3f, 0x6e, 0x82, 0x0, 0x12, 0x36, 0xae, 0xb3,
    0x0, 0xe7, 0xd6, 0x0, 0xff, 0xe0, 0xa6, 0x40,
    0x6, 0x40, 0xf, 0xfe, 0x2b, 0xc8, 0x4, 0x62,
    0x0, 0x37, 0xbd, 0xff, 0xba, 0xd8, 0x3, 0x99,
    0x0, 0x29, 0x8e, 0xc8, 0x42, 0x0, 0x85, 0x27,
    0x8c, 0x3, 0x70, 0x4, 0xee, 0x10, 0xf, 0xf0,
    0xf0, 0x6, 0x60, 0xf, 0xfe, 0x29, 0x0, 0x7f,
    0xf2, 0x88, 0x3, 0x20, 0x7, 0xff, 0x10, 0xbc,
    0x2, 0x19, 0x0, 0xf8, 0xd5, 0x79, 0xa3, 0x34,
    0x80, 0x5, 0x82, 0x1, 0xf4, 0xd5, 0x74, 0xb9,
    0x80, 0x4d, 0x84, 0x1, 0xff, 0xc7, 0x3c, 0x10,
    0xf, 0xfe, 0x41, 0xd6, 0x98, 0x7, 0xea, 0xff,
    0xf7, 0x5a, 0x80, 0x45, 0x86, 0x1, 0xff, 0xc2,
    0x14, 0xac, 0x0, 0xda, 0x1, 0xff, 0xc5, 0x38,
    0x0, 0x85, 0x40, 0x3f, 0xf8, 0xa8, 0x1, 0xb4,
    0x3, 0xff, 0x8a, 0xe0, 0x1e, 0x21, 0x0, 0xff,
    0xe1, 0x78, 0x6, 0xe0, 0x8e, 0x82, 0x0, 0xff,
    0xa9, 0x0, 0x33, 0x8a, 0x83, 0xee, 0x42, 0x90,
    0x80, 0x5, 0x23, 0x94, 0x3, 0x38, 0xb8, 0x6,
    0x37, 0xad, 0xef, 0xf7, 0x5b, 0x88, 0x6, 0x48,
    0x4, 0x40, 0x7, 0xff, 0x15, 0xac, 0x0, 0x57,
    0x8a, 0x1, 0xff, 0xc1, 0x4c, 0x90, 0xe, 0x3a,
    0xfb, 0x74, 0x21, 0x0, 0x9, 0xac, 0xf5, 0x98,
    0x6,

    /* U+04E0 "Ӡ" */
    0x3, 0xff, 0xff, 0xe5, 0x80, 0x7f, 0xff, 0xc0,
    0x38, 0x80, 0x23, 0xcc, 0xff, 0xe2, 0x40, 0x6,
    0x1f, 0x0, 0xc6, 0x7f, 0xfc, 0x30, 0x80, 0xd,
    0x84, 0x1, 0xff, 0xc6, 0x2d, 0x0, 0xd8, 0x40,
    0x1f, 0xfc, 0x61, 0xc1, 0x0, 0xa8, 0xc0, 0x3f,
    0xf8, 0xc3, 0x82, 0x1, 0x4a, 0x80, 0x7f, 0xf1,
    0xf4, 0x80, 0x28, 0x60, 0xf, 0xfe, 0x3d, 0x98,
    0x4, 0xce, 0x1, 0xff, 0xc7, 0xa4, 0x0, 0x96,
    0x40, 0x3f, 0xf8, 0xf2, 0xa0, 0x12, 0x50, 0x7,
    0xff, 0x1e, 0x18, 0x2, 0x2b, 0x0, 0xff, 0xe4,
    0x38, 0x6, 0x2e, 0xdb, 0x83, 0x0, 0xff, 0xe5,
    0x9, 0x23, 0xe6, 0x10, 0x3, 0xff, 0x9a, 0x76,
    0xe0, 0x1f, 0xfc, 0x17, 0x79, 0x95, 0x4, 0x3,
    0xd0, 0xe0, 0x1f, 0xfc, 0x8, 0x8a, 0x6a, 0xfb,
    0x5c, 0x3, 0xa0, 0xc0, 0x3f, 0xf8, 0xc5, 0x1a,
    0x40, 0x1a, 0x0, 0x3f, 0xf9, 0x5, 0xe0, 0x19,
    0x4, 0x3, 0xff, 0x90, 0x4e, 0x1, 0x90, 0x3,
    0xff, 0x93, 0x80, 0x18, 0x80, 0x3f, 0xf9, 0x2c,
    0x1, 0xbc, 0x3, 0xff, 0x92, 0xc0, 0x1b, 0xc0,
    0x3f, 0xf9, 0x38, 0x1, 0x88, 0x1, 0x42, 0x1,
    0xff, 0xc4, 0x16, 0x0, 0xc8, 0xc, 0xbe, 0xc0,
    0x1f, 0xfc, 0x3a, 0x10, 0x9, 0x4, 0x2c, 0x6,
    0x75, 0xc4, 0x3, 0xfc, 0x9a, 0x80, 0x1a, 0x1,
    0x48, 0x2, 0x28, 0xec, 0x96, 0x44, 0xcd, 0x3b,
    0x64, 0x1, 0x98, 0xc1, 0x10, 0x1, 0xe3, 0x69,
    0xbb, 0xd2, 0xc4, 0x1, 0xcb, 0x20, 0x1, 0xb9,
    0x10, 0xf, 0xfe, 0x33, 0xd0, 0x7, 0x37, 0x52,
    0x0, 0x7f, 0xf0, 0x97, 0x60, 0x3, 0xf2, 0xdf,
    0x53, 0xa1, 0x8, 0x4, 0x26, 0xd5, 0xd4, 0x40,
    0x1c,

    /* U+04E1 "ӡ" */
    0xc, 0xff, 0xff, 0xe4, 0xa0, 0x7, 0xff, 0xf9,
    0x80, 0x1b, 0xbf, 0xfc, 0x43, 0x0, 0xd4, 0x40,
    0x1, 0x22, 0xff, 0xe1, 0x51, 0x80, 0x4c, 0xa0,
    0x1f, 0xfc, 0x55, 0x70, 0x8, 0xe4, 0x3, 0xff,
    0x8a, 0x54, 0x1, 0xe, 0x80, 0x7f, 0xf1, 0x47,
    0xc0, 0x36, 0x88, 0x7, 0xff, 0x17, 0x48, 0x2,
    0x93, 0x0, 0xff, 0xe2, 0xc9, 0x80, 0x4c, 0xc0,
    0xf, 0xfe, 0x2b, 0x30, 0x2, 0x39, 0x0, 0xff,
    0xe2, 0x9c, 0x80, 0x43, 0xa0, 0x1f, 0xfc, 0x51,
    0xd0, 0xd, 0x42, 0x1, 0xff, 0xc5, 0xd1, 0x0,
    0x95, 0x40, 0x1f, 0xfc, 0x54, 0x30, 0xc, 0xbd,
    0xf6, 0xc0, 0x1f, 0xfc, 0x21, 0x0, 0xfc, 0x93,
    0xce, 0x1, 0xff, 0xcb, 0x18, 0xb0, 0xf, 0xf9,
    0xe6, 0x68, 0x74, 0x10, 0xe, 0x4b, 0x0, 0xff,
    0x13, 0x34, 0xf1, 0x7d, 0x86, 0x1, 0x91, 0x80,
    0x3f, 0xf8, 0xa7, 0x8e, 0x1, 0xa0, 0x3, 0xff,
    0x8f, 0x6, 0x1, 0xa, 0x0, 0x7f, 0xf1, 0xe0,
    0x3, 0x60, 0x7, 0xff, 0x1d, 0x0, 0x31, 0x0,
    0x7f, 0xf3, 0x4, 0x3, 0xff, 0x98, 0x20, 0x1f,
    0xfc, 0x74, 0x0, 0xc4, 0xe, 0xe0, 0xf, 0xfe,
    0x27, 0x0, 0x6c, 0x9, 0x8a, 0x10, 0xf, 0xfe,
    0xb, 0x28, 0x4, 0x28, 0xc2, 0xb, 0xd0, 0x20,
    0x1f, 0xe8, 0x90, 0xd, 0x21, 0x40, 0x19, 0xfa,
    0xdd, 0x8, 0x44, 0x4b, 0x1c, 0xe0, 0x18, 0xdc,
    0x3c, 0x40, 0x39, 0x22, 0xf7, 0xb9, 0xb4, 0xe2,
    0x1, 0x87, 0x40, 0x7, 0xcc, 0x1, 0xff, 0xc5,
    0x3f, 0x10, 0xd, 0x3a, 0xe2, 0x1, 0xff, 0xc0,
    0x29, 0xc1, 0x0, 0xf1, 0x47, 0x64, 0x29, 0x8,
    0x4, 0x48, 0xf9, 0xac, 0x1, 0xc0,

    /* U+04E2 "Ӣ" */
    0x0, 0xf1, 0x7f, 0xff, 0xf0, 0xe0, 0x3, 0xff,
    0xc0, 0x23, 0xff, 0xc3, 0xf0, 0xf, 0xfe, 0x9,
    0x77, 0x7f, 0xf0, 0xdc, 0x3, 0xff, 0xfe, 0x1,
    0xff, 0xca, 0xcf, 0xfc, 0x1, 0xff, 0xc7, 0x8f,
    0xfc, 0x80, 0x1f, 0xfc, 0xb4, 0x70, 0xf, 0xfe,
    0x78, 0xd0, 0x7, 0xff, 0x43, 0x44, 0x3, 0xff,
    0x9f, 0x6, 0x1, 0xff, 0xcf, 0x47, 0x0, 0xff,
    0xe7, 0x95, 0x0, 0x7f, 0xf4, 0x38, 0x40, 0x3f,
    0xf9, 0xf2, 0x60, 0x10, 0xb8, 0x7, 0xff, 0x29,
    0x58, 0x3, 0x57, 0x80, 0x7f, 0xf2, 0x4a, 0x80,
    0x33, 0xa0, 0x7, 0xff, 0x2b, 0xc0, 0x32, 0x40,
    0x7, 0xff, 0x2a, 0x48, 0x2, 0x1a, 0x0, 0xff,
    0xe5, 0x2b, 0x0, 0x6d, 0x10, 0xf, 0xfe, 0x49,
    0x50, 0x6, 0x83, 0x0, 0xff, 0xe5, 0x78, 0x6,
    0x47, 0x0, 0xff, 0xe5, 0x51, 0x0, 0x43, 0x40,
    0x1f, 0xfc, 0xa6, 0x50, 0xd, 0xa2, 0x1, 0xff,
    0xc9, 0x39, 0x0, 0xd2, 0x60, 0x1f, 0xfc, 0xae,
    0x0, 0xca, 0xc0, 0x1f, 0xfc, 0xaa, 0x20, 0x8,
    0xa8, 0x3, 0xff, 0x94, 0xca, 0x1, 0xbc, 0x3,
    0xff, 0x94, 0x72, 0x1, 0xa4, 0x80, 0x3f, 0xf9,
    0x23, 0xa0, 0x19, 0x58, 0x3, 0xff, 0x95, 0x42,
    0x1, 0x15, 0x0, 0x7f, 0xf2, 0x9d, 0x0, 0x37,
    0x80, 0x7f, 0xf2, 0xe0, 0x3, 0x51, 0x0, 0x7f,
    0xf3, 0xd9, 0x40, 0x3f, 0xf9, 0xe7, 0x20, 0x1f,
    0xfc, 0xf1, 0xe0, 0xf, 0xfe, 0x85, 0x10, 0x7,
    0xff, 0x3d, 0xd0, 0x3, 0xff, 0x9e, 0x70, 0x1,
    0xff, 0xcf, 0x1d, 0x0, 0xff, 0xe6, 0x0,

    /* U+04E3 "ӣ" */
    0x0, 0xcf, 0xff, 0xff, 0xc3, 0x30, 0xf, 0xfe,
    0xa8, 0x8f, 0xff, 0x14, 0x3, 0xf3, 0x77, 0x7f,
    0xf0, 0xc8, 0x3, 0xff, 0xfe, 0x1, 0xff, 0xd1,
    0x8f, 0xfc, 0x20, 0x1f, 0xfc, 0x2b, 0xff, 0xb4,
    0x3, 0xff, 0x8f, 0x28, 0x1, 0xff, 0xca, 0x66,
    0x0, 0x7f, 0xf2, 0x8e, 0x40, 0x3f, 0xf9, 0x43,
    0xa0, 0x1f, 0xfc, 0xbc, 0x10, 0xf, 0xfe, 0x55,
    0x10, 0x7, 0xff, 0x2a, 0x14, 0x2, 0x22, 0x0,
    0x7f, 0xf1, 0x55, 0xc0, 0x21, 0xf1, 0x0, 0xff,
    0xe2, 0x1d, 0x0, 0x6a, 0x20, 0xf, 0xfe, 0x20,
    0xe8, 0x6, 0x94, 0x0, 0xff, 0xe2, 0xe8, 0x80,
    0x4c, 0xc0, 0xf, 0xfe, 0x2c, 0x98, 0x4, 0x72,
    0x1, 0xff, 0xc5, 0x76, 0x0, 0x8b, 0x40, 0x3f,
    0xf8, 0xa9, 0x0, 0x1b, 0xc4, 0x3, 0xff, 0x88,
    0x54, 0x1, 0xa8, 0x80, 0x3f, 0xf8, 0x83, 0xe2,
    0x1, 0x42, 0x80, 0x7f, 0xf1, 0x68, 0x80, 0x25,
    0x70, 0xf, 0xfe, 0x2d, 0xa0, 0x4, 0x74, 0x1,
    0xff, 0xc6, 0x50, 0x8, 0x74, 0x3, 0xff, 0x97,
    0xa2, 0x1, 0xff, 0xca, 0x93, 0x0, 0xff, 0xe5,
    0x3b, 0x0, 0x7f, 0xf2, 0x92, 0x0, 0x3f, 0xf9,
    0x45, 0x40, 0x1f, 0xfc, 0xbf, 0x10, 0xf, 0xfe,
    0x30,

    /* U+04E4 "Ӥ" */
    0x0, 0xfc, 0x9b, 0xd2, 0x1, 0xc9, 0xbd, 0x0,
    0x1f, 0xfc, 0x5b, 0x21, 0x66, 0x0, 0x43, 0x64,
    0x2e, 0xa0, 0x1f, 0xfc, 0x33, 0x0, 0xde, 0x1,
    0x28, 0x6, 0xd0, 0xf, 0xfe, 0x19, 0x80, 0x6f,
    0x0, 0x94, 0x3, 0x68, 0x7, 0xff, 0x12, 0xc8,
    0x19, 0x80, 0x10, 0xd1, 0xb, 0xa8, 0x7, 0xff,
    0x11, 0x37, 0xe4, 0x3, 0x97, 0x7a, 0x0, 0x3f,
    0xff, 0xe0, 0x1f, 0xfc, 0xcc, 0xff, 0xc0, 0x1f,
    0xfc, 0x78, 0xff, 0xc8, 0x1, 0xff, 0xcb, 0x47,
    0x0, 0xff, 0xe7, 0x8d, 0x0, 0x7f, 0xf4, 0x34,
    0x40, 0x3f, 0xf9, 0xf0, 0x60, 0x1f, 0xfc, 0xf4,
    0x70, 0xf, 0xfe, 0x79, 0x50, 0x7, 0xff, 0x43,
    0x84, 0x3, 0xff, 0x9f, 0x26, 0x1, 0xb, 0x80,
    0x7f, 0xf2, 0x95, 0x80, 0x35, 0x78, 0x7, 0xff,
    0x24, 0xa8, 0x3, 0x3a, 0x0, 0x7f, 0xf2, 0xbc,
    0x3, 0x24, 0x0, 0x7f, 0xf2, 0xa4, 0x80, 0x21,
    0xa0, 0xf, 0xfe, 0x52, 0xb0, 0x6, 0xd1, 0x0,
    0xff, 0xe4, 0x95, 0x0, 0x68, 0x30, 0xf, 0xfe,
    0x57, 0x80, 0x64, 0x70, 0xf, 0xfe, 0x55, 0x10,
    0x4, 0x34, 0x1, 0xff, 0xca, 0x65, 0x0, 0xda,
    0x20, 0x1f, 0xfc, 0x93, 0x90, 0xd, 0x26, 0x1,
    0xff, 0xca, 0xe0, 0xc, 0xac, 0x1, 0xff, 0xca,
    0xa2, 0x0, 0x8a, 0x80, 0x3f, 0xf9, 0x4c, 0xa0,
    0x1b, 0xc0, 0x3f, 0xf9, 0x47, 0x20, 0x1a, 0x48,
    0x3, 0xff, 0x92, 0x3a, 0x1, 0x95, 0x80, 0x3f,
    0xf9, 0x54, 0x20, 0x11, 0x50, 0x7, 0xff, 0x29,
    0xd0, 0x3, 0x78, 0x7, 0xff, 0x2e, 0x0, 0x35,
    0x10, 0x7, 0xff, 0x3d, 0x94, 0x3, 0xff, 0x9e,
    0x72, 0x1, 0xff, 0xcf, 0x1e, 0x0, 0xff, 0xe8,
    0x51, 0x0, 0x7f, 0xf3, 0xdd, 0x0, 0x3f, 0xf9,
    0xe7, 0x0, 0x1f, 0xfc, 0xf1, 0xd0, 0xf, 0xfe,
    0x60,

    /* U+04E5 "ӥ" */
    0x0, 0xff, 0xe9, 0xc7, 0x71, 0x40, 0x3a, 0x3f,
    0x50, 0x3, 0xfe, 0x47, 0x11, 0x51, 0x0, 0x4a,
    0xe0, 0x56, 0x20, 0x1f, 0xec, 0x0, 0xcc, 0x1,
    0x60, 0x6, 0x20, 0xf, 0xf6, 0x0, 0x66, 0x0,
    0xb0, 0x3, 0x10, 0x7, 0xf9, 0x1c, 0x45, 0x44,
    0x1, 0x2b, 0x89, 0x58, 0x80, 0x7f, 0xd1, 0xdc,
    0x50, 0xe, 0x8e, 0xd4, 0x0, 0xff, 0xff, 0x80,
    0x7a, 0x3f, 0xf0, 0x80, 0x7f, 0xf0, 0xaf, 0xfe,
    0xd0, 0xf, 0xfe, 0x3c, 0xa0, 0x7, 0xff, 0x29,
    0x98, 0x1, 0xff, 0xca, 0x39, 0x0, 0xff, 0xe5,
    0xe, 0x80, 0x7f, 0xf2, 0xf0, 0x40, 0x3f, 0xf9,
    0x54, 0x40, 0x1f, 0xfc, 0xa8, 0x50, 0x8, 0x88,
    0x1, 0xff, 0xc5, 0x57, 0x0, 0x87, 0xc4, 0x3,
    0xff, 0x88, 0x74, 0x1, 0xa8, 0x80, 0x3f, 0xf8,
    0x83, 0xa0, 0x1a, 0x50, 0x3, 0xff, 0x8b, 0xa2,
    0x1, 0x33, 0x0, 0x3f, 0xf8, 0xb2, 0x60, 0x11,
    0xc8, 0x7, 0xff, 0x15, 0xd8, 0x2, 0x2d, 0x0,
    0xff, 0xe2, 0xa4, 0x0, 0x6f, 0x10, 0xf, 0xfe,
    0x21, 0x50, 0x6, 0xa2, 0x0, 0xff, 0xe2, 0xf,
    0x88, 0x5, 0xa, 0x1, 0xff, 0xc5, 0xa2, 0x0,
    0x95, 0xc0, 0x3f, 0xf8, 0xb6, 0x80, 0x11, 0xd0,
    0x7, 0xff, 0x19, 0x40, 0x21, 0xd0, 0xf, 0xfe,
    0x5e, 0x88, 0x7, 0xff, 0x2a, 0x4c, 0x3, 0xff,
    0x94, 0xec, 0x1, 0xff, 0xca, 0x48, 0x0, 0xff,
    0xe5, 0x15, 0x0, 0x7f, 0xf2, 0xfc, 0x40, 0x3f,
    0xf8, 0xc0,

    /* U+04E6 "Ӧ" */
    0x0, 0xff, 0xe0, 0x47, 0x71, 0x40, 0x3a, 0x3b,
    0x50, 0x3, 0xff, 0x96, 0xae, 0x22, 0xa1, 0x0,
    0x99, 0xc4, 0xac, 0x40, 0x3f, 0xf9, 0x5a, 0x1,
    0x94, 0x2, 0xf0, 0xc, 0x40, 0x1f, 0xfc, 0xad,
    0x0, 0xca, 0x1, 0x78, 0x6, 0x20, 0xf, 0xfe,
    0x52, 0xb8, 0x8a, 0x84, 0x2, 0x67, 0x12, 0xb1,
    0x0, 0xff, 0xe5, 0xc7, 0x71, 0x40, 0x3a, 0x3b,
    0x50, 0x3, 0xff, 0xfe, 0x1, 0xff, 0xf0, 0x26,
    0xac, 0xef, 0xfb, 0xb2, 0x54, 0x40, 0x3f, 0xf9,
    0x4d, 0xba, 0x95, 0x31, 0x0, 0x84, 0xda, 0xba,
    0xd0, 0x3, 0xff, 0x8c, 0xdd, 0x24, 0x1, 0xff,
    0xc1, 0x4b, 0xc3, 0x0, 0xff, 0xe1, 0xd, 0xc8,
    0x80, 0x7f, 0xf1, 0x4f, 0x20, 0x3, 0xff, 0x80,
    0x5e, 0x80, 0x1e, 0x26, 0x9a, 0xa4, 0xc2, 0x88,
    0x7, 0x9e, 0x80, 0x3f, 0xc5, 0x82, 0x1, 0xcf,
    0xba, 0x96, 0x55, 0x33, 0xd7, 0x5a, 0x0, 0x72,
    0xd8, 0x7, 0xe1, 0xc1, 0x0, 0xcb, 0xd0, 0x40,
    0x1f, 0xc9, 0x76, 0x10, 0xc, 0x92, 0x1, 0xf5,
    0x8, 0x6, 0x8a, 0x10, 0xf, 0xfe, 0xa, 0x79,
    0x80, 0x66, 0x50, 0xe, 0x54, 0x0, 0xd0, 0xe0,
    0x1f, 0xfc, 0x41, 0xc3, 0x0, 0xd6, 0x1, 0xd0,
    0x1, 0x95, 0xc0, 0x3f, 0xf8, 0xfa, 0x20, 0x10,
    0xb8, 0x4, 0x84, 0x1, 0xd, 0x0, 0x7f, 0xf2,
    0x6, 0xc0, 0x34, 0x80, 0x5c, 0x1, 0xa4, 0x3,
    0xff, 0x94, 0xa4, 0x1, 0xa, 0x0, 0x14, 0x3,
    0x38, 0x7, 0xff, 0x2e, 0xc0, 0x36, 0x81, 0x80,
    0x64, 0x0, 0xff, 0xe6, 0x38, 0x6, 0x40, 0x60,
    0xd, 0x80, 0x1f, 0xfc, 0xc1, 0x10, 0x4, 0x40,
    0x40, 0x18, 0x80, 0x3f, 0xf9, 0xaa, 0x1, 0x87,
    0xc0, 0x30, 0x80, 0x7f, 0xf3, 0x44, 0x3, 0x18,
    0x7, 0xff, 0x67, 0xc0, 0x30, 0x80, 0x7f, 0xf3,
    0x44, 0x3, 0x19, 0x0, 0x62, 0x0, 0xff, 0xe6,
    0xa8, 0x6, 0x16, 0x0, 0xd8, 0x1, 0xff, 0xcc,
    0x11, 0x0, 0x44, 0x6, 0x1, 0x90, 0x3, 0xff,
    0x98, 0xe0, 0x19, 0x0, 0xa, 0x1, 0x9c, 0x3,
    0xff, 0x97, 0x60, 0x1b, 0x40, 0x1c, 0x1, 0xa4,
    0x40, 0x3f, 0xf9, 0x2a, 0x40, 0x10, 0xa0, 0x1,
    0x8, 0x2, 0x1b, 0x0, 0xff, 0xe4, 0xd, 0x80,
    0x69, 0x0, 0xd0, 0x1, 0x95, 0xc0, 0x3f, 0xf8,
    0xfa, 0x20, 0x10, 0xb8, 0x6, 0x54, 0x0, 0xd0,
    0xe0, 0x1f, 0xfc, 0x41, 0xc3, 0x0, 0xd6, 0x1,
    0xea, 0x10, 0xd, 0x14, 0x20, 0x1f, 0xfc, 0x14,
    0xf3, 0x0, 0xcc, 0xa0, 0x1e, 0x1c, 0x10, 0xc,
    0xbd, 0x4, 0x1, 0xfc, 0x97, 0x61, 0x0, 0xc9,
    0x20, 0x1f, 0x8b, 0x8, 0x3, 0x9f, 0x75, 0x2e,
    0xca, 0xcf, 0x5d, 0x68, 0x1, 0xcb, 0x60, 0x1f,
    0xe2, 0xd5, 0x0, 0xf1, 0x34, 0x4d, 0x4c, 0x28,
    0x80, 0x7a, 0x28, 0x3, 0xff, 0x83, 0x54, 0x20,
    0xf, 0xfe, 0x29, 0xe3, 0x80, 0x7f, 0xf0, 0xd7,
    0x68, 0x80, 0x3f, 0xf8, 0x29, 0x78, 0x60, 0x1f,
    0xfc, 0x65, 0xdd, 0x4a, 0x98, 0x80, 0x42, 0x6d,
    0x5d, 0x68, 0x1, 0xfe,

    /* U+04E7 "ӧ" */
    0x0, 0xfa, 0x3b, 0x50, 0x3, 0xa7, 0xb5, 0x0,
    0x3f, 0xf8, 0x2a, 0xe2, 0x56, 0x20, 0x13, 0x30,
    0x4a, 0x80, 0x3f, 0xf8, 0x3a, 0x1, 0x94, 0x2,
    0xc0, 0x8, 0x48, 0x3, 0xff, 0x81, 0xa0, 0x19,
    0x40, 0x2d, 0x0, 0xc4, 0x1, 0xff, 0xc0, 0x57,
    0x1, 0xa1, 0x0, 0x9d, 0x80, 0xac, 0x3, 0xff,
    0x85, 0x1f, 0xca, 0x1, 0xd3, 0xfa, 0x80, 0x1f,
    0xff, 0xf0, 0xf, 0xff, 0x21, 0xc5, 0xf7, 0xfb,
    0xb6, 0x98, 0x40, 0x3f, 0xf8, 0x49, 0x98, 0x74,
    0x10, 0x0, 0x92, 0xcf, 0x51, 0x0, 0x7f, 0xd5,
    0x66, 0x1, 0xff, 0x2e, 0xb8, 0x7, 0xe1, 0xd5,
    0x0, 0xff, 0xe1, 0xc5, 0x0, 0x78, 0x70, 0x80,
    0x30, 0xbd, 0xef, 0x6d, 0x28, 0x7, 0x2c, 0x80,
    0x75, 0x90, 0x6, 0x7e, 0x84, 0x21, 0x25, 0xae,
    0x30, 0xc, 0xca, 0x1, 0x22, 0x80, 0x6a, 0x80,
    0xf, 0xc3, 0x8c, 0x1, 0xac, 0x2, 0x80, 0xd,
    0xa, 0x1, 0xff, 0x49, 0x80, 0x42, 0xe0, 0x46,
    0x1, 0x1b, 0x80, 0x7f, 0xf0, 0x78, 0x3, 0x50,
    0x28, 0x6, 0x90, 0xf, 0xfe, 0x11, 0x28, 0x4,
    0x44, 0xd0, 0xc, 0xa0, 0x1f, 0xfc, 0x3c, 0x0,
    0xce, 0xc0, 0x11, 0x0, 0x7f, 0xf1, 0x14, 0x3,
    0x10, 0x80, 0x42, 0x1, 0xff, 0xc4, 0x20, 0xd,
    0xe0, 0x1f, 0xfc, 0x93, 0x0, 0xe1, 0x0, 0x88,
    0x3, 0xff, 0x88, 0x20, 0x1b, 0xd8, 0x2, 0x11,
    0x0, 0x7f, 0xf0, 0xd4, 0x3, 0x16, 0x80, 0x64,
    0x0, 0xff, 0xe1, 0xe8, 0x6, 0x75, 0x0, 0xd0,
    0x1, 0xff, 0xc2, 0x24, 0x0, 0x88, 0xa3, 0x0,
    0x8a, 0x0, 0x3f, 0xf8, 0x3c, 0x1, 0xa8, 0x1,
    0x0, 0x19, 0xd4, 0x3, 0xfe, 0x93, 0x0, 0x85,
    0xc0, 0x8, 0xa0, 0x1a, 0xa4, 0x3, 0xf1, 0x63,
    0x0, 0x6b, 0x0, 0xd4, 0x60, 0x19, 0xba, 0x10,
    0x84, 0x96, 0xb4, 0xc0, 0x33, 0xa8, 0x7, 0x69,
    0x80, 0x61, 0x7b, 0xde, 0xda, 0x50, 0xe, 0x68,
    0x0, 0xf0, 0xe2, 0x80, 0x7f, 0xf0, 0xe6, 0x40,
    0x1f, 0xd5, 0x66, 0x1, 0xff, 0x2e, 0xb0, 0x7,
    0xfc, 0x99, 0xae, 0x82, 0x1, 0x12, 0xcf, 0x51,
    0x0, 0x78,

    /* U+04E8 "Ө" */
    0x0, 0xff, 0xe0, 0x13, 0x56, 0x77, 0xfd, 0xd9,
    0x2a, 0x20, 0x1f, 0xfc, 0xa6, 0xdd, 0x4a, 0x98,
    0x80, 0x42, 0x6d, 0x5d, 0x68, 0x1, 0xff, 0xc6,
    0x6e, 0x92, 0x0, 0xff, 0xe0, 0xa5, 0xe1, 0x80,
    0x7f, 0xf0, 0x86, 0xe4, 0x40, 0x3f, 0xf8, 0xa7,
    0x90, 0x1, 0xff, 0xc0, 0x2f, 0x40, 0xf, 0x1b,
    0x4d, 0x55, 0xa, 0x20, 0x1e, 0x7a, 0x0, 0xff,
    0x16, 0x8, 0x6, 0x18, 0xec, 0x96, 0x55, 0x9e,
    0xbb, 0x14, 0x3, 0x96, 0xc0, 0x3f, 0xe, 0x8,
    0x6, 0x5f, 0x71, 0x0, 0xfe, 0x3a, 0xc2, 0x0,
    0xc9, 0x20, 0x1f, 0x50, 0x80, 0x6a, 0xa0, 0x80,
    0x7f, 0xf0, 0x4f, 0x54, 0x3, 0x32, 0x80, 0x72,
    0xa0, 0x6, 0xa5, 0x0, 0xff, 0xe2, 0xd2, 0x80,
    0x6b, 0x0, 0xe8, 0x0, 0xd2, 0xa0, 0x1f, 0xfc,
    0x7a, 0x40, 0x8, 0x5c, 0x2, 0x42, 0x0, 0x91,
    0x80, 0x3f, 0xf9, 0x32, 0x1, 0xa4, 0x2, 0xe0,
    0xd, 0xe0, 0x1f, 0xfc, 0xa2, 0x60, 0x8, 0x50,
    0x0, 0xa0, 0x10, 0xa0, 0x7, 0xff, 0x2e, 0x80,
    0x36, 0x81, 0x80, 0x64, 0x0, 0xff, 0xe6, 0x18,
    0x6, 0x40, 0x60, 0xc, 0x9b, 0xbf, 0xfc, 0xd0,
    0xc, 0x40, 0x40, 0x18, 0x48, 0xbf, 0xf9, 0xa0,
    0x1c, 0x3e, 0x1, 0xff, 0xd7, 0x30, 0xf, 0xfe,
    0xcf, 0x80, 0x69, 0xff, 0xff, 0xe6, 0x98, 0x6,
    0x32, 0x0, 0xde, 0x1, 0xff, 0xcd, 0x30, 0xc,
    0x2c, 0x1, 0x90, 0x3, 0xff, 0x98, 0x80, 0x18,
    0x80, 0xc0, 0x31, 0x18, 0x7, 0xff, 0x2f, 0x40,
    0x32, 0x0, 0x14, 0x3, 0x50, 0x7, 0xff, 0x2d,
    0x80, 0x36, 0x80, 0x38, 0x3, 0x31, 0x0, 0x7f,
    0xf2, 0x60, 0x3, 0xa, 0x0, 0x10, 0x80, 0x37,
    0x0, 0x7f, 0xf2, 0xd, 0xc0, 0x34, 0x80, 0x68,
    0x0, 0xc7, 0x20, 0x1f, 0xfc, 0x61, 0xd0, 0xc,
    0x2e, 0x1, 0x95, 0x0, 0x33, 0x48, 0x7, 0xff,
    0x10, 0xb0, 0x40, 0x35, 0x80, 0x7a, 0x84, 0x3,
    0x36, 0x10, 0x7, 0xff, 0x5, 0x70, 0x80, 0x33,
    0x28, 0x7, 0x87, 0x4, 0x3, 0x1e, 0xc9, 0x0,
    0x7f, 0x26, 0x50, 0x80, 0x64, 0x90, 0xf, 0xc5,
    0x84, 0x1, 0xcd, 0xba, 0x97, 0x55, 0x33, 0xd7,
    0x59, 0x80, 0x72, 0xd8, 0x7, 0xf8, 0xb5, 0x40,
    0x3c, 0x4d, 0x15, 0x49, 0x85, 0x10, 0xf, 0x45,
    0x0, 0x7f, 0xf0, 0x6a, 0x84, 0x1, 0xff, 0xc5,
    0x3c, 0x70, 0xf, 0xfe, 0x1a, 0xed, 0x10, 0x7,
    0xff, 0x5, 0x2f, 0xc, 0x3, 0xff, 0x8c, 0xbb,
    0xa9, 0x53, 0x10, 0x8, 0x4d, 0xab, 0xad, 0x0,
    0x3f, 0xc0,

    /* U+04E9 "ө" */
    0x0, 0xfc, 0x4f, 0x7d, 0xfe, 0xed, 0xa6, 0x10,
    0xf, 0xfe, 0x12, 0x66, 0xc2, 0x8, 0x0, 0x49,
    0x67, 0xa8, 0x80, 0x3f, 0xea, 0xb3, 0x0, 0xff,
    0x97, 0x5c, 0x3, 0xf0, 0xea, 0x80, 0x7f, 0xf0,
    0xe2, 0x80, 0x3c, 0x38, 0x40, 0x18, 0x5e, 0xf7,
    0xb6, 0x94, 0x3, 0x96, 0x40, 0x3a, 0xc8, 0x3,
    0x3f, 0x42, 0x10, 0x92, 0xd7, 0x20, 0x6, 0x65,
    0x0, 0x91, 0x40, 0x35, 0xc0, 0x7, 0xe1, 0xb6,
    0x0, 0xd6, 0x1, 0x40, 0x6, 0x94, 0x0, 0xff,
    0xa5, 0x0, 0x21, 0x70, 0x23, 0x0, 0x8d, 0x80,
    0x3f, 0xf8, 0x34, 0x1, 0xa8, 0x14, 0x3, 0x48,
    0x7, 0xff, 0x8, 0x54, 0x2, 0x22, 0x68, 0x6,
    0x40, 0xf, 0xfe, 0x1f, 0x80, 0x67, 0x60, 0xd,
    0xdf, 0xff, 0xfc, 0x3a, 0x0, 0xc4, 0x20, 0x1f,
    0xfc, 0xdf, 0x0, 0xff, 0xe7, 0x88, 0x6, 0xbb,
    0xff, 0xe2, 0x40, 0x6, 0xf6, 0x0, 0xca, 0x89,
    0xff, 0xc3, 0x10, 0xc, 0x5a, 0x1, 0x9c, 0x3,
    0xff, 0x87, 0xa0, 0x19, 0xd4, 0x3, 0x50, 0x7,
    0xff, 0x8, 0x90, 0x2, 0x22, 0x8c, 0x2, 0x36,
    0x0, 0xff, 0xe0, 0xc8, 0x6, 0xa0, 0x4, 0x0,
    0x69, 0x40, 0xf, 0xfa, 0x50, 0x2, 0x17, 0x0,
    0x22, 0x80, 0x6b, 0x80, 0xf, 0xc3, 0x6c, 0x1,
    0xac, 0x3, 0x51, 0x80, 0x67, 0xe8, 0x42, 0x12,
    0x5a, 0xe4, 0x0, 0xce, 0xa0, 0x1d, 0xa6, 0x1,
    0x85, 0xef, 0x7b, 0x69, 0x40, 0x39, 0xa0, 0x3,
    0xc3, 0x8a, 0x1, 0xff, 0xc3, 0x99, 0x0, 0x7f,
    0x55, 0x98, 0x7, 0xfc, 0xba, 0xc0, 0x1f, 0xf2,
    0x66, 0xc2, 0x8, 0x4, 0x4b, 0x3d, 0x44, 0x1,
    0xe0,

    /* U+04EA "Ӫ" */
    0x0, 0xff, 0xe0, 0x47, 0x71, 0x40, 0x3a, 0x3b,
    0x50, 0x3, 0xff, 0x96, 0xae, 0x22, 0xa1, 0x0,
    0x99, 0xc4, 0xac, 0x40, 0x3f, 0xf9, 0x5a, 0x1,
    0x94, 0x2, 0xf0, 0xc, 0x40, 0x1f, 0xfc, 0xad,
    0x0, 0xca, 0x1, 0x78, 0x6, 0x20, 0xf, 0xfe,
    0x52, 0xb8, 0x8a, 0x84, 0x2, 0x67, 0x12, 0xb1,
    0x0, 0xff, 0xe5, 0xc7, 0x71, 0x40, 0x3a, 0x3b,
    0x50, 0x3, 0xff, 0xfe, 0x1, 0xff, 0xf0, 0x26,
    0xac, 0xef, 0xfb, 0xb2, 0x54, 0x40, 0x3f, 0xf9,
    0x4d, 0xba, 0x95, 0x31, 0x0, 0x84, 0xda, 0xba,
    0xd0, 0x3, 0xff, 0x8c, 0xdd, 0x24, 0x1, 0xff,
    0xc1, 0x4b, 0xc3, 0x0, 0xff, 0xe1, 0xd, 0xc8,
    0x80, 0x7f, 0xf1, 0x4f, 0x20, 0x3, 0xff, 0x80,
    0x5e, 0x80, 0x1e, 0x36, 0x9a, 0xaa, 0x14, 0x40,
    0x3c, 0xf4, 0x1, 0xfe, 0x2c, 0x10, 0xc, 0x31,
    0xd9, 0x2c, 0xab, 0x3d, 0x76, 0x28, 0x7, 0x2d,
    0x80, 0x7e, 0x1c, 0x10, 0xc, 0xbe, 0xe2, 0x1,
    0xfc, 0x75, 0x84, 0x1, 0x92, 0x40, 0x3e, 0xa1,
    0x0, 0xd5, 0x41, 0x0, 0xff, 0xe0, 0x9e, 0xa8,
    0x6, 0x65, 0x0, 0xe5, 0x40, 0xd, 0x4a, 0x1,
    0xff, 0xc5, 0xa5, 0x0, 0xd6, 0x1, 0xd0, 0x1,
    0xa5, 0x40, 0x3f, 0xf8, 0xf4, 0x80, 0x10, 0xb8,
    0x4, 0x84, 0x1, 0x23, 0x0, 0x7f, 0xf2, 0x64,
    0x3, 0x48, 0x5, 0xc0, 0x1b, 0xc0, 0x3f, 0xf9,
    0x44, 0xc0, 0x10, 0xa0, 0x1, 0x40, 0x21, 0x40,
    0xf, 0xfe, 0x5d, 0x0, 0x6d, 0x3, 0x0, 0xc8,
    0x1, 0xff, 0xcc, 0x30, 0xc, 0x80, 0xc0, 0x19,
    0x37, 0x7f, 0xf9, 0xa0, 0x18, 0x80, 0x80, 0x30,
    0x91, 0x7f, 0xf3, 0x40, 0x38, 0x7c, 0x3, 0xff,
    0xae, 0x60, 0x1f, 0xfd, 0x9f, 0x0, 0xd3, 0xff,
    0xff, 0xcd, 0x30, 0xc, 0x64, 0x1, 0xbc, 0x3,
    0xff, 0x9a, 0x60, 0x18, 0x58, 0x3, 0x20, 0x7,
    0xff, 0x31, 0x0, 0x31, 0x1, 0x80, 0x62, 0x30,
    0xf, 0xfe, 0x5e, 0x80, 0x64, 0x0, 0x28, 0x6,
    0xa0, 0xf, 0xfe, 0x5b, 0x0, 0x6d, 0x0, 0x70,
    0x6, 0x62, 0x0, 0xff, 0xe4, 0xc0, 0x6, 0x14,
    0x0, 0x21, 0x0, 0x6e, 0x0, 0xff, 0xe4, 0x1b,
    0x80, 0x69, 0x0, 0xd0, 0x1, 0x8e, 0x40, 0x3f,
    0xf8, 0xc3, 0xa0, 0x18, 0x5c, 0x3, 0x2a, 0x0,
    0x66, 0x90, 0xf, 0xfe, 0x21, 0x60, 0x80, 0x6b,
    0x0, 0xf5, 0x8, 0x6, 0x6c, 0x20, 0xf, 0xfe,
    0xa, 0xe1, 0x0, 0x66, 0x50, 0xf, 0xe, 0x8,
    0x6, 0x3d, 0x92, 0x0, 0xfe, 0x4c, 0xa1, 0x0,
    0xc9, 0x20, 0x1f, 0x8b, 0x8, 0x3, 0x9b, 0x75,
    0x2e, 0xaa, 0x67, 0xae, 0xb3, 0x0, 0xe5, 0xb0,
    0xf, 0xf1, 0x6a, 0x80, 0x78, 0x9a, 0x2a, 0x93,
    0xa, 0x20, 0x1e, 0x8a, 0x0, 0xff, 0xe0, 0xd5,
    0x8, 0x3, 0xff, 0x8a, 0x78, 0xe0, 0x1f, 0xfc,
    0x35, 0xda, 0x20, 0xf, 0xfe, 0xa, 0x5e, 0x18,
    0x7, 0xff, 0x19, 0x77, 0x52, 0xa6, 0x20, 0x10,
    0x9b, 0x57, 0x5a, 0x0, 0x7f, 0x80,

    /* U+04EB "ӫ" */
    0x0, 0xfa, 0x3b, 0x50, 0x3, 0xa7, 0xb5, 0x0,
    0x3f, 0xf8, 0x2a, 0xe2, 0x56, 0x20, 0x13, 0x30,
    0x4a, 0x80, 0x3f, 0xf8, 0x3a, 0x1, 0x94, 0x2,
    0xc0, 0x8, 0x48, 0x3, 0xff, 0x81, 0xa0, 0x19,
    0x40, 0x2d, 0x0, 0xc4, 0x1, 0xff, 0xc0, 0x57,
    0x1, 0xa1, 0x0, 0x9d, 0x80, 0xac, 0x3, 0xff,
    0x85, 0x1f, 0xca, 0x1, 0xd3, 0xfa, 0x80, 0x1f,
    0xff, 0xf0, 0xf, 0xff, 0x21, 0x3d, 0xf7, 0xfb,
    0xb6, 0x98, 0x40, 0x3f, 0xf8, 0x49, 0x9b, 0x8,
    0x20, 0x1, 0x25, 0x9e, 0xa2, 0x0, 0xff, 0xaa,
    0xcc, 0x3, 0xfe, 0x5d, 0x70, 0xf, 0xc3, 0xaa,
    0x1, 0xff, 0xc3, 0x8a, 0x0, 0xf0, 0xe1, 0x0,
    0x61, 0x7b, 0xde, 0xda, 0x50, 0xe, 0x59, 0x0,
    0xeb, 0x20, 0xc, 0xfd, 0x8, 0x42, 0x4b, 0x5c,
    0x80, 0x19, 0x94, 0x2, 0x45, 0x0, 0xd7, 0x0,
    0x1f, 0x86, 0xd8, 0x3, 0x58, 0x5, 0x0, 0x1a,
    0x50, 0x3, 0xfe, 0x94, 0x0, 0x85, 0xc0, 0x8c,
    0x2, 0x36, 0x0, 0xff, 0xe0, 0xd0, 0x6, 0xa0,
    0x50, 0xd, 0x20, 0x1f, 0xfc, 0x21, 0x50, 0x8,
    0x89, 0xa0, 0x19, 0x0, 0x3f, 0xf8, 0x7e, 0x1,
    0x9d, 0x80, 0x37, 0x7f, 0xff, 0xf0, 0xe8, 0x3,
    0x10, 0x80, 0x7f, 0xf3, 0x7c, 0x3, 0xff, 0x9e,
    0x20, 0x1a, 0xef, 0xff, 0x89, 0x0, 0x1b, 0xd8,
    0x3, 0x2a, 0x27, 0xff, 0xc, 0x40, 0x31, 0x68,
    0x6, 0x70, 0xf, 0xfe, 0x1e, 0x80, 0x67, 0x50,
    0xd, 0x40, 0x1f, 0xfc, 0x22, 0x40, 0x8, 0x8a,
    0x30, 0x8, 0xd8, 0x3, 0xff, 0x83, 0x20, 0x1a,
    0x80, 0x10, 0x1, 0xa5, 0x0, 0x3f, 0xe9, 0x40,
    0x8, 0x5c, 0x0, 0x8a, 0x1, 0xae, 0x0, 0x3f,
    0xd, 0xb0, 0x6, 0xb0, 0xd, 0x46, 0x1, 0x9f,
    0xa1, 0x8, 0x49, 0x6b, 0x90, 0x3, 0x3a, 0x80,
    0x76, 0x98, 0x6, 0x17, 0xbd, 0xed, 0xa5, 0x0,
    0xe6, 0x80, 0xf, 0xe, 0x28, 0x7, 0xff, 0xe,
    0x64, 0x1, 0xfd, 0x56, 0x60, 0x1f, 0xf2, 0xeb,
    0x0, 0x7f, 0xc9, 0x9b, 0x8, 0x20, 0x11, 0x2c,
    0xf5, 0x10, 0x7, 0x80,

    /* U+04EC "Ӭ" */
    0x0, 0xfd, 0x1d, 0xc5, 0x0, 0xe8, 0xed, 0x40,
    0xf, 0xfe, 0x2a, 0x38, 0x8a, 0x84, 0x2, 0x67,
    0x12, 0xb1, 0x0, 0xff, 0xe2, 0x60, 0x6, 0x50,
    0xb, 0xc0, 0x31, 0x0, 0x7f, 0xf1, 0x30, 0x3,
    0x30, 0x5, 0xe0, 0x18, 0x80, 0x3f, 0xf8, 0x88,
    0xe2, 0x2a, 0x20, 0x9, 0x9c, 0x4a, 0xc4, 0x3,
    0xff, 0x8b, 0x1d, 0xc5, 0x0, 0xe8, 0xed, 0x40,
    0xf, 0xff, 0xf8, 0x7, 0xff, 0x5c, 0x9a, 0xb3,
    0xbf, 0xee, 0xc8, 0x50, 0xf, 0xfe, 0x2b, 0x6e,
    0xa5, 0x4c, 0x40, 0x21, 0x37, 0xaf, 0x92, 0x0,
    0xff, 0xe0, 0x2f, 0x49, 0x0, 0x7f, 0xf0, 0x5b,
    0x64, 0x3, 0xfd, 0x54, 0x10, 0xf, 0xfe, 0x2b,
    0x69, 0x80, 0x78, 0x71, 0x40, 0x3c, 0x4c, 0xf3,
    0x33, 0xa0, 0x7, 0x8b, 0x10, 0x3, 0x94, 0xc0,
    0x31, 0x4f, 0x6c, 0xc3, 0x35, 0x17, 0xf2, 0x40,
    0x1d, 0x66, 0x1, 0x92, 0xc0, 0x29, 0xd6, 0x10,
    0xf, 0xe6, 0xd7, 0x0, 0xed, 0x10, 0xc, 0x98,
    0x7a, 0xc0, 0x1f, 0xfc, 0x28, 0xb0, 0xc, 0x34,
    0x1, 0xc7, 0x84, 0x1, 0xff, 0xc4, 0x4b, 0x0,
    0xc8, 0x80, 0xf, 0xfe, 0x62, 0x48, 0x6, 0x80,
    0xf, 0xfe, 0x6b, 0x18, 0x4, 0x66, 0x0, 0xff,
    0xe6, 0xc8, 0x6, 0xa0, 0xf, 0xfe, 0x6a, 0x80,
    0x64, 0x0, 0xff, 0xe7, 0x20, 0x4, 0x42, 0x1,
    0xfd, 0xbf, 0xff, 0xfc, 0x34, 0x0, 0xc4, 0x1,
    0xff, 0xd2, 0x60, 0xf, 0xff, 0xde, 0xff, 0xff,
    0xf0, 0xd4, 0x3, 0xff, 0xa4, 0xc0, 0x19, 0x80,
    0x3f, 0xf9, 0xa6, 0x1, 0x88, 0x3, 0xff, 0x98,
    0xa0, 0x18, 0x84, 0x3, 0xff, 0x99, 0xc0, 0x19,
    0x40, 0x3f, 0xf9, 0x88, 0x80, 0xd, 0x60, 0x1f,
    0xfc, 0xc9, 0x0, 0xc6, 0x60, 0xc, 0x80, 0x1f,
    0xfc, 0x6a, 0x20, 0xd, 0x0, 0x1a, 0x2d, 0xc0,
    0x3f, 0xf8, 0x92, 0xa0, 0x19, 0x50, 0x2, 0x87,
    0x8, 0xa1, 0x0, 0xff, 0xe0, 0xd, 0xb0, 0x6,
    0x1b, 0x0, 0x95, 0xc0, 0x25, 0xe8, 0x20, 0xf,
    0xc3, 0x1c, 0x80, 0x1d, 0xa2, 0x1, 0x2a, 0x0,
    0x73, 0xef, 0x54, 0x3b, 0x3c, 0xe7, 0x38, 0x7,
    0xac, 0xc0, 0x3a, 0xd8, 0x3, 0xc2, 0xaf, 0x13,
    0xc, 0x60, 0x1e, 0x2c, 0x40, 0xf, 0xa6, 0xc8,
    0x3, 0xff, 0x8a, 0xda, 0x60, 0x1f, 0xc9, 0xb2,
    0x60, 0x1f, 0xfc, 0x16, 0xd9, 0x0, 0xff, 0xe0,
    0xb6, 0x6c, 0xa9, 0x88, 0x4, 0x26, 0xd5, 0xf2,
    0x40, 0x1f, 0xc0,

    /* U+04ED "ӭ" */
    0x0, 0xe4, 0xde, 0x80, 0xe, 0x5e, 0xe3, 0x80,
    0x7f, 0xc3, 0x64, 0x2e, 0xa0, 0x11, 0x50, 0x8a,
    0x10, 0x3, 0xfc, 0x40, 0x1b, 0x0, 0x27, 0x0,
    0xc6, 0x1, 0xfe, 0x20, 0xd, 0x80, 0x13, 0x80,
    0x63, 0x0, 0xff, 0xd, 0x8, 0x32, 0x80, 0x45,
    0x42, 0x27, 0x40, 0xf, 0xf9, 0x7b, 0xe4, 0x3,
    0x97, 0xb9, 0x0, 0x1f, 0xff, 0xf0, 0xf, 0xfe,
    0xc9, 0x3d, 0xef, 0xfd, 0xd9, 0x28, 0x1, 0xff,
    0xc0, 0x5d, 0xd4, 0x21, 0x0, 0x42, 0x6d, 0x7c,
    0xe0, 0x1f, 0x87, 0x28, 0x80, 0x3f, 0xe1, 0x8d,
    0x30, 0xe, 0x3f, 0x30, 0xf, 0x9, 0x10, 0x3,
    0xc5, 0x8c, 0x1, 0xac, 0x40, 0x21, 0x7c, 0xfe,
    0xdd, 0x7e, 0xb8, 0x80, 0x69, 0x60, 0xa, 0x1c,
    0x0, 0xfd, 0x6, 0x1, 0xc5, 0x1c, 0xe0, 0x1a,
    0x4c, 0x2, 0x88, 0x5c, 0x0, 0x7f, 0xd1, 0x40,
    0x1b, 0x80, 0x33, 0xa0, 0x7, 0xff, 0x5, 0x60,
    0x2, 0x25, 0x0, 0xff, 0xe3, 0xb9, 0x0, 0x52,
    0x1, 0xff, 0xc8, 0x80, 0x8, 0xc4, 0x3, 0xff,
    0x8e, 0x80, 0x19, 0x40, 0x3e, 0x9f, 0xff, 0xfb,
    0x80, 0x31, 0x0, 0x7f, 0xf3, 0x38, 0x3, 0xff,
    0x99, 0xe0, 0x1f, 0x6c, 0x47, 0xff, 0x0, 0x3,
    0x8, 0x7, 0xc8, 0xef, 0xff, 0x28, 0x6, 0x20,
    0xf, 0xfe, 0x3a, 0x80, 0x65, 0x0, 0xff, 0xe3,
    0xc8, 0x4, 0x62, 0x1, 0xff, 0xc6, 0x91, 0x0,
    0xa4, 0x2, 0x75, 0x0, 0xff, 0xe0, 0xc3, 0x0,
    0x44, 0xa0, 0x8, 0x85, 0x48, 0x80, 0x7f, 0xd,
    0x38, 0x6, 0xe0, 0x3, 0xb8, 0x0, 0xdd, 0x28,
    0x1, 0xc9, 0x3c, 0xa0, 0x1a, 0x4c, 0x0, 0xa2,
    0x1, 0x9a, 0xff, 0xb7, 0xbe, 0xd8, 0x3, 0xa5,
    0x80, 0x22, 0xf3, 0x0, 0xf0, 0x90, 0x80, 0x78,
    0xad, 0x80, 0x38, 0x72, 0xcc, 0x3, 0xfe, 0x18,
    0xd4, 0x0, 0xfc, 0x99, 0xb0, 0x84, 0x1, 0x9,
    0xb5, 0xf3, 0x80, 0x7c,

    /* U+04EE "Ӯ" */
    0x0, 0xfd, 0x1f, 0xff, 0xfc, 0x32, 0x0, 0xff,
    0xf2, 0xf8, 0x8f, 0xff, 0xc, 0x3, 0xff, 0x8a,
    0xfd, 0xdf, 0xfc, 0x32, 0x0, 0xff, 0xff, 0x80,
    0x7f, 0xf5, 0x7b, 0xff, 0x10, 0x7, 0xff, 0x21,
    0x3f, 0xf3, 0x84, 0x80, 0x68, 0x0, 0xff, 0xe4,
    0x40, 0x4, 0x2e, 0xe, 0x20, 0x12, 0x90, 0x7,
    0xff, 0x19, 0x4c, 0x2, 0x80, 0xa, 0x0, 0x34,
    0x0, 0x7f, 0xf1, 0xa0, 0x2, 0x26, 0x0, 0x98,
    0x80, 0x25, 0x20, 0xf, 0xfe, 0x22, 0x90, 0x5,
    0x0, 0x1d, 0x0, 0x1a, 0x0, 0x3f, 0xf8, 0x90,
    0x1, 0x1a, 0x80, 0x72, 0x90, 0x4, 0xa6, 0x1,
    0xff, 0xc2, 0x62, 0x0, 0xa0, 0x3, 0xe9, 0x0,
    0xd0, 0x1, 0xff, 0xc2, 0x80, 0x9, 0x10, 0x1,
    0xf2, 0x18, 0x4, 0x86, 0x1, 0xff, 0xc0, 0x61,
    0x0, 0xa0, 0x3, 0xfa, 0x0, 0x34, 0x0, 0x7f,
    0xf0, 0x20, 0x2, 0x53, 0x0, 0xfe, 0x44, 0x0,
    0x48, 0x60, 0x1f, 0xe7, 0x10, 0xa, 0x0, 0x3f,
    0xe8, 0x0, 0xd0, 0x1, 0xfe, 0x90, 0x9, 0x88,
    0x3, 0xfe, 0x35, 0x0, 0x90, 0xc0, 0x3f, 0x38,
    0x80, 0x50, 0x1, 0xff, 0xc1, 0x80, 0xd, 0x0,
    0x1f, 0xc, 0x0, 0x4e, 0x20, 0x1f, 0xfc, 0x12,
    0x50, 0x9, 0xc, 0x3, 0xd2, 0x1, 0xc, 0x80,
    0x7f, 0xf0, 0xe0, 0x3, 0x40, 0x7, 0xb, 0x80,
    0x52, 0x20, 0x1f, 0xfc, 0x32, 0x60, 0x9, 0xc,
    0x3, 0x40, 0x4, 0x2e, 0x1, 0xff, 0xc5, 0x80,
    0xd, 0x0, 0x10, 0xb0, 0x5, 0x0, 0x1f, 0xfc,
    0x61, 0x70, 0x9, 0xc, 0x1, 0x0, 0x11, 0x30,
    0x7, 0xff, 0x1e, 0x40, 0x34, 0x1, 0x30, 0x5,
    0x0, 0x1f, 0xfc, 0x81, 0x80, 0x9, 0x11, 0x0,
    0x11, 0xa8, 0x7, 0xff, 0x25, 0xc4, 0x2, 0x95,
    0x0, 0xa0, 0x3, 0xff, 0x97, 0x20, 0x11, 0x0,
    0x48, 0x80, 0xf, 0xfe, 0x5b, 0x88, 0x7, 0xa0,
    0x3, 0xff, 0x9b, 0x0, 0x1c, 0xa6, 0x1, 0xff,
    0xcd, 0x62, 0x0, 0xd0, 0x1, 0xff, 0xce, 0x22,
    0x0, 0x4c, 0x40, 0x1f, 0xfc, 0xef, 0x0, 0xd0,
    0x1, 0xff, 0xce, 0x92, 0x0, 0xa0, 0x40, 0x3f,
    0xf8, 0xe4, 0x1, 0x86, 0x98, 0x2, 0x27, 0x0,
    0xff, 0xe3, 0x8e, 0xea, 0xeb, 0x39, 0x40, 0x37,
    0x0, 0x7f, 0xf2, 0x1c, 0x9, 0x14, 0xc0, 0x3a,
    0x8c, 0x3, 0xff, 0x91, 0x40, 0x1f, 0xd6, 0xa0,
    0x1f, 0xfc, 0x91, 0x0, 0xf9, 0x75, 0x0, 0x3f,
    0xf9, 0x5b, 0x92, 0xcc, 0x7a, 0xea, 0x20, 0xf,
    0xfe, 0x61, 0xb4, 0xca, 0x14, 0x40, 0x3f, 0xf9,
    0x20,

    /* U+04EF "ӯ" */
    0x0, 0xf6, 0x7f, 0xff, 0xf0, 0xb8, 0x3, 0xff,
    0xbc, 0xe2, 0x3f, 0xfc, 0x22, 0x0, 0xff, 0xe0,
    0xdf, 0x77, 0xff, 0xb, 0x0, 0x3f, 0xff, 0xe0,
    0x1f, 0xfe, 0x59, 0xff, 0xc6, 0x1, 0xff, 0xc4,
    0x9f, 0xfb, 0x80, 0x16, 0x1, 0xa4, 0x3, 0xff,
    0x88, 0xc0, 0x13, 0x0, 0x9, 0x0, 0x25, 0x10,
    0xf, 0xfe, 0x13, 0x0, 0x69, 0x0, 0xbc, 0x3,
    0x48, 0x7, 0xff, 0xa, 0xc0, 0x26, 0x10, 0x9,
    0x8, 0x2, 0x60, 0xf, 0xfe, 0xa, 0x10, 0x5,
    0x60, 0x1d, 0x60, 0x10, 0xb0, 0x7, 0xff, 0x3,
    0xc0, 0x24, 0x20, 0xe, 0x61, 0x0, 0xac, 0x3,
    0xfe, 0x24, 0x0, 0xbc, 0x3, 0xe9, 0x0, 0x89,
    0x0, 0x3f, 0xd6, 0x1, 0x12, 0x0, 0x7c, 0xc0,
    0x1b, 0xc0, 0x3f, 0x85, 0x80, 0x2b, 0x0, 0xfc,
    0x2c, 0x1, 0x21, 0x0, 0x7e, 0x60, 0x8, 0x58,
    0x3, 0xfa, 0xc0, 0x35, 0x80, 0x7e, 0x90, 0x9,
    0x80, 0x3f, 0xc4, 0x80, 0x13, 0x0, 0x7c, 0xa2,
    0x1, 0x48, 0x7, 0xfd, 0xe0, 0x19, 0xc0, 0x3d,
    0x20, 0x12, 0x88, 0x7, 0xfc, 0x84, 0x1, 0x50,
    0x7, 0x19, 0x80, 0x29, 0x0, 0xff, 0xe0, 0xd8,
    0x4, 0x4a, 0x1, 0xa4, 0x2, 0x33, 0x0, 0x7f,
    0xf0, 0x58, 0x40, 0x29, 0x0, 0x85, 0x40, 0x29,
    0x0, 0xff, 0xe1, 0xb0, 0x4, 0x66, 0x0, 0x48,
    0x4, 0x4a, 0x1, 0xff, 0xc3, 0x90, 0xd, 0x20,
    0x6, 0x0, 0xa8, 0x3, 0xff, 0x88, 0x2c, 0x1,
    0x28, 0xb0, 0x80, 0x4e, 0x1, 0xff, 0xc5, 0xb0,
    0xd, 0x36, 0x1, 0x38, 0x7, 0xff, 0x18, 0x90,
    0x2, 0x72, 0x0, 0xa8, 0x3, 0xff, 0x8f, 0xe0,
    0x1f, 0x29, 0x0, 0x7f, 0xf1, 0xd0, 0x80, 0x3d,
    0x20, 0x1f, 0xfc, 0x9b, 0x0, 0xe3, 0x30, 0x7,
    0xff, 0x25, 0x84, 0x3, 0x48, 0x7, 0xff, 0x2d,
    0x40, 0x21, 0x50, 0xf, 0xfe, 0x51, 0x20, 0x5,
    0x20, 0x1f, 0xfc, 0xbb, 0x0, 0xcc, 0x1, 0xff,
    0xca, 0x26, 0x0, 0x98, 0x40, 0x3f, 0xf8, 0x23,
    0x0, 0x1f, 0x70, 0x6, 0x80, 0xf, 0xfe, 0x14,
    0xbe, 0xb0, 0x80, 0xae, 0x98, 0x4, 0xe2, 0x1,
    0xff, 0xc1, 0x27, 0x2, 0x9e, 0xfe, 0xa2, 0x0,
    0x8a, 0x0, 0x3f, 0xf8, 0x56, 0x1, 0xff, 0xf,
    0x80, 0x7f, 0xf0, 0xe5, 0xc0, 0x3f, 0x93, 0xc8,
    0x3, 0xff, 0x89, 0x1d, 0x8, 0x20, 0x2, 0x6b,
    0xb0, 0x80, 0x7f, 0xf1, 0x0,

    /* U+04F0 "Ӱ" */
    0x0, 0xff, 0x47, 0x6a, 0x0, 0x74, 0xfe, 0xa0,
    0x7, 0xff, 0x1d, 0x5c, 0x4a, 0xc4, 0x2, 0x66,
    0x1, 0x50, 0x7, 0xff, 0x1f, 0x40, 0x32, 0x80,
    0x5e, 0x1, 0x9, 0x80, 0x7f, 0xf1, 0xb4, 0x3,
    0x28, 0x5, 0xe0, 0x18, 0xc0, 0x3f, 0xf8, 0xca,
    0xe2, 0x54, 0x20, 0x13, 0x30, 0xa, 0xc0, 0x3f,
    0xf9, 0x11, 0xda, 0xa0, 0x1d, 0x3f, 0xa8, 0x1,
    0xff, 0xff, 0x0, 0xff, 0xeb, 0xf7, 0xfe, 0x20,
    0xf, 0xfe, 0x42, 0x7f, 0xe7, 0x9, 0x0, 0xd0,
    0x1, 0xff, 0xc8, 0x80, 0x8, 0x5c, 0x1c, 0x40,
    0x25, 0x20, 0xf, 0xfe, 0x32, 0x98, 0x5, 0x0,
    0x14, 0x0, 0x68, 0x0, 0xff, 0xe3, 0x40, 0x4,
    0x4c, 0x1, 0x31, 0x0, 0x4a, 0x40, 0x1f, 0xfc,
    0x45, 0x20, 0xa, 0x0, 0x3a, 0x0, 0x34, 0x0,
    0x7f, 0xf1, 0x20, 0x2, 0x35, 0x0, 0xe5, 0x20,
    0x9, 0x4c, 0x3, 0xff, 0x84, 0xc4, 0x1, 0x40,
    0x7, 0xd2, 0x1, 0xa0, 0x3, 0xff, 0x85, 0x0,
    0x12, 0x20, 0x3, 0xe4, 0x30, 0x9, 0xc, 0x3,
    0xff, 0x80, 0xc2, 0x1, 0x40, 0x7, 0xf4, 0x0,
    0x68, 0x0, 0xff, 0xe0, 0x40, 0x4, 0xa6, 0x1,
    0xfc, 0x88, 0x0, 0x90, 0xc0, 0x3f, 0xce, 0x20,
    0x14, 0x0, 0x7f, 0xd0, 0x1, 0xa0, 0x3, 0xfd,
    0x20, 0x13, 0x10, 0x7, 0xfc, 0x6a, 0x1, 0x21,
    0x80, 0x7e, 0x71, 0x0, 0xa0, 0x3, 0xff, 0x83,
    0x0, 0x1a, 0x0, 0x3e, 0x18, 0x0, 0x9c, 0x40,
    0x3f, 0xf8, 0x24, 0xa0, 0x12, 0x18, 0x7, 0xa4,
    0x2, 0x19, 0x0, 0xff, 0xe1, 0xc0, 0x6, 0x80,
    0xe, 0x17, 0x0, 0xa4, 0x40, 0x3f, 0xf8, 0x64,
    0xc0, 0x12, 0x18, 0x6, 0x80, 0x8, 0x5c, 0x3,
    0xff, 0x8b, 0x0, 0x1a, 0x0, 0x21, 0x60, 0xa,
    0x0, 0x3f, 0xf8, 0xc2, 0xe0, 0x12, 0x18, 0x2,
    0x0, 0x22, 0x60, 0xf, 0xfe, 0x3c, 0x80, 0x68,
    0x2, 0x60, 0xa, 0x0, 0x3f, 0xf9, 0x3, 0x0,
    0x12, 0x22, 0x0, 0x23, 0x50, 0xf, 0xfe, 0x4b,
    0x88, 0x5, 0x2a, 0x1, 0x40, 0x7, 0xff, 0x2e,
    0x40, 0x22, 0x0, 0x91, 0x0, 0x1f, 0xfc, 0xb7,
    0x10, 0xf, 0x40, 0x7, 0xff, 0x36, 0x0, 0x39,
    0x4c, 0x3, 0xff, 0x9a, 0xc4, 0x1, 0xa0, 0x3,
    0xff, 0x9c, 0x44, 0x0, 0x98, 0x80, 0x3f, 0xf9,
    0xde, 0x1, 0xa0, 0x3, 0xff, 0x9d, 0x24, 0x1,
    0x40, 0x80, 0x7f, 0xf1, 0xc8, 0x3, 0xd, 0x30,
    0x4, 0x4e, 0x1, 0xff, 0xc7, 0x1d, 0xd5, 0xd6,
    0x72, 0x80, 0x6e, 0x0, 0xff, 0xe4, 0x38, 0x12,
    0x29, 0x80, 0x75, 0x18, 0x7, 0xff, 0x22, 0x80,
    0x3f, 0xad, 0x40, 0x3f, 0xf9, 0x22, 0x1, 0xf2,
    0xea, 0x0, 0x7f, 0xf2, 0xb7, 0x25, 0x98, 0xf5,
    0xd4, 0x40, 0x1f, 0xfc, 0xc3, 0x69, 0x94, 0x28,
    0x80, 0x7f, 0xf2, 0x40,

    /* U+04F1 "ӱ" */
    0x0, 0xff, 0xec, 0xd, 0xfe, 0x10, 0x6, 0x1b,
    0xfc, 0x10, 0xf, 0xfe, 0x1c, 0x20, 0x1f, 0x0,
    0x6b, 0x40, 0x3a, 0x0, 0xff, 0xe1, 0xa0, 0x4,
    0x60, 0x19, 0x0, 0x25, 0x0, 0xff, 0xe1, 0xa0,
    0x4, 0x60, 0x19, 0x0, 0x25, 0x0, 0xff, 0xe1,
    0xc2, 0x1, 0xf0, 0x6, 0xb4, 0x4, 0xa0, 0xf,
    0xfe, 0x18, 0xdf, 0xe1, 0x0, 0x61, 0xbf, 0xb1,
    0x0, 0xff, 0xff, 0x80, 0x7f, 0xf9, 0xa7, 0xff,
    0x18, 0x7, 0xff, 0x12, 0x7f, 0xee, 0x0, 0x58,
    0x6, 0x90, 0xf, 0xfe, 0x23, 0x0, 0x4c, 0x0,
    0x24, 0x0, 0x94, 0x40, 0x3f, 0xf8, 0x4c, 0x1,
    0xa4, 0x2, 0xf0, 0xd, 0x20, 0x1f, 0xfc, 0x2b,
    0x0, 0x98, 0x40, 0x24, 0x20, 0x9, 0x80, 0x3f,
    0xf8, 0x28, 0x40, 0x15, 0x80, 0x75, 0x80, 0x42,
    0xc0, 0x1f, 0xfc, 0xf, 0x0, 0x90, 0x80, 0x39,
    0x84, 0x2, 0xb0, 0xf, 0xf8, 0x90, 0x2, 0xf0,
    0xf, 0xa4, 0x2, 0x24, 0x0, 0xff, 0x58, 0x4,
    0x48, 0x1, 0xf3, 0x0, 0x6f, 0x0, 0xfe, 0x16,
    0x0, 0xac, 0x3, 0xf0, 0xb0, 0x4, 0x84, 0x1,
    0xf9, 0x80, 0x21, 0x60, 0xf, 0xeb, 0x0, 0xd6,
    0x1, 0xfa, 0x40, 0x26, 0x0, 0xff, 0x12, 0x0,
    0x4c, 0x1, 0xf2, 0x88, 0x5, 0x20, 0x1f, 0xf7,
    0x80, 0x67, 0x0, 0xf4, 0x80, 0x4a, 0x20, 0x1f,
    0xf2, 0x10, 0x5, 0x40, 0x1c, 0x66, 0x0, 0xa4,
    0x3, 0xff, 0x83, 0x60, 0x11, 0x28, 0x6, 0x90,
    0x8, 0xcc, 0x1, 0xff, 0xc1, 0x61, 0x0, 0xa4,
    0x2, 0x15, 0x0, 0xa4, 0x3, 0xff, 0x86, 0xc0,
    0x11, 0x98, 0x1, 0x20, 0x11, 0x28, 0x7, 0xff,
    0xe, 0x40, 0x34, 0x80, 0x18, 0x2, 0xa0, 0xf,
    0xfe, 0x20, 0xb0, 0x4, 0xa2, 0xc2, 0x1, 0x38,
    0x7, 0xff, 0x16, 0xc0, 0x34, 0xd8, 0x4, 0xe0,
    0x1f, 0xfc, 0x62, 0x40, 0x9, 0xc8, 0x2, 0xa0,
    0xf, 0xfe, 0x3f, 0x80, 0x7c, 0xa4, 0x1, 0xff,
    0xc7, 0x42, 0x0, 0xf4, 0x80, 0x7f, 0xf2, 0x6c,
    0x3, 0x8c, 0xc0, 0x1f, 0xfc, 0x96, 0x10, 0xd,
    0x20, 0x1f, 0xfc, 0xb5, 0x0, 0x85, 0x40, 0x3f,
    0xf9, 0x44, 0x80, 0x14, 0x80, 0x7f, 0xf2, 0xec,
    0x3, 0x30, 0x7, 0xff, 0x28, 0x98, 0x2, 0x61,
    0x0, 0xff, 0xe0, 0x8c, 0x0, 0x7d, 0xc0, 0x1a,
    0x0, 0x3f, 0xf8, 0x52, 0xfa, 0xc2, 0x2, 0xba,
    0x60, 0x13, 0x88, 0x7, 0xff, 0x4, 0x9c, 0xa,
    0x7b, 0xfa, 0x88, 0x2, 0x28, 0x0, 0xff, 0xe1,
    0x58, 0x7, 0xfc, 0x3e, 0x1, 0xff, 0xc3, 0x97,
    0x0, 0xfe, 0x4f, 0x20, 0xf, 0xfe, 0x24, 0x74,
    0x20, 0x80, 0x9, 0xae, 0xc2, 0x1, 0xff, 0xc4,

    /* U+04F2 "Ӳ" */
    0x0, 0xff, 0xe1, 0x6f, 0xfd, 0xc2, 0x0, 0x7f,
    0xfc, 0x80, 0x1f, 0xfc, 0x68, 0x20, 0xb, 0x4,
    0xe, 0x0, 0x28, 0x40, 0xf, 0xfe, 0x29, 0xb8,
    0x5, 0x64, 0x0, 0xe0, 0x9, 0x5c, 0x3, 0xff,
    0x8d, 0xc0, 0x14, 0xa0, 0x2, 0x8, 0x0, 0x74,
    0x1, 0xff, 0xc6, 0x92, 0x0, 0x33, 0x0, 0x6,
    0xe0, 0x1, 0xd0, 0xf, 0xfe, 0x32, 0x30, 0x1,
    0x24, 0x2, 0xe0, 0xb, 0x4, 0x3, 0xff, 0x8c,
    0xf5, 0x55, 0x80, 0x43, 0x15, 0x4d, 0x20, 0xf,
    0xfe, 0x39, 0xaa, 0xc0, 0x18, 0x55, 0x62, 0x0,
    0xff, 0xf0, 0x77, 0xfe, 0x20, 0xf, 0xfe, 0x42,
    0x7f, 0xe7, 0x9, 0x0, 0xd0, 0x1, 0xff, 0xc8,
    0x80, 0x8, 0x5c, 0x1c, 0x40, 0x25, 0x20, 0xf,
    0xfe, 0x32, 0x98, 0x5, 0x0, 0x14, 0x0, 0x68,
    0x0, 0xff, 0xe3, 0x40, 0x4, 0x4c, 0x1, 0x31,
    0x0, 0x4a, 0x40, 0x1f, 0xfc, 0x45, 0x20, 0xa,
    0x0, 0x3a, 0x0, 0x34, 0x0, 0x7f, 0xf1, 0x20,
    0x2, 0x35, 0x0, 0xe5, 0x20, 0x9, 0x4c, 0x3,
    0xff, 0x84, 0xc4, 0x1, 0x40, 0x7, 0xd2, 0x1,
    0xa0, 0x3, 0xff, 0x85, 0x0, 0x12, 0x20, 0x3,
    0xe4, 0x30, 0x9, 0xc, 0x3, 0xff, 0x80, 0xc2,
    0x1, 0x40, 0x7, 0xf4, 0x0, 0x68, 0x0, 0xff,
    0xe0, 0x40, 0x4, 0xa6, 0x1, 0xfc, 0x88, 0x0,
    0x90, 0xc0, 0x3f, 0xce, 0x20, 0x14, 0x0, 0x7f,
    0xd0, 0x1, 0xa0, 0x3, 0xfd, 0x20, 0x13, 0x10,
    0x7, 0xfc, 0x6a, 0x1, 0x21, 0x80, 0x7e, 0x71,
    0x0, 0xa0, 0x3, 0xff, 0x83, 0x0, 0x1a, 0x0,
    0x3e, 0x18, 0x0, 0x9c, 0x40, 0x3f, 0xf8, 0x24,
    0xa0, 0x12, 0x18, 0x7, 0xa4, 0x2, 0x19, 0x0,
    0xff, 0xe1, 0xc0, 0x6, 0x80, 0xe, 0x17, 0x0,
    0xa4, 0x40, 0x3f, 0xf8, 0x64, 0xc0, 0x12, 0x18,
    0x6, 0x80, 0x8, 0x5c, 0x3, 0xff, 0x8b, 0x0,
    0x1a, 0x0, 0x21, 0x60, 0xa, 0x0, 0x3f, 0xf8,
    0xc2, 0xe0, 0x12, 0x18, 0x2, 0x0, 0x22, 0x60,
    0xf, 0xfe, 0x3c, 0x80, 0x68, 0x2, 0x60, 0xa,
    0x0, 0x3f, 0xf9, 0x3, 0x0, 0x12, 0x22, 0x0,
    0x23, 0x50, 0xf, 0xfe, 0x4b, 0x88, 0x5, 0x2a,
    0x1, 0x40, 0x7, 0xff, 0x2e, 0x40, 0x22, 0x0,
    0x91, 0x0, 0x1f, 0xfc, 0xb7, 0x10, 0xf, 0x40,
    0x7, 0xff, 0x36, 0x0, 0x39, 0x4c, 0x3, 0xff,
    0x9a, 0xc4, 0x1, 0xa0, 0x3, 0xff, 0x9c, 0x44,
    0x0, 0x98, 0x80, 0x3f, 0xf9, 0xde, 0x1, 0xa0,
    0x3, 0xff, 0x9d, 0x24, 0x1, 0x40, 0x80, 0x7f,
    0xf1, 0xc8, 0x3, 0xd, 0x30, 0x4, 0x4e, 0x1,
    0xff, 0xc7, 0x1d, 0xd5, 0xd6, 0x72, 0x80, 0x6e,
    0x0, 0xff, 0xe4, 0x38, 0x12, 0x29, 0x80, 0x75,
    0x18, 0x7, 0xff, 0x22, 0x80, 0x3f, 0xad, 0x40,
    0x3f, 0xf9, 0x22, 0x1, 0xf2, 0xea, 0x0, 0x7f,
    0xf2, 0xb7, 0x25, 0x98, 0xf5, 0xd4, 0x40, 0x1f,
    0xfc, 0xc3, 0x69, 0x94, 0x28, 0x80, 0x7f, 0xf2,
    0x40,

    /* U+04F3 "ӳ" */
    0x0, 0xff, 0xe0, 0x22, 0xae, 0x0, 0x89, 0x57,
    0x8, 0x7, 0xff, 0x9, 0x6e, 0xaa, 0x30, 0x0,
    0xe5, 0x55, 0xc2, 0x1, 0xff, 0xc1, 0x1b, 0x0,
    0x99, 0x80, 0xb, 0x10, 0x1, 0x50, 0x7, 0xff,
    0xa, 0x84, 0x0, 0x92, 0x0, 0x55, 0x0, 0x5e,
    0x20, 0x1f, 0xfc, 0x16, 0x40, 0x1, 0x58, 0x0,
    0x6c, 0x2, 0xb2, 0x0, 0xff, 0xe0, 0x8c, 0x80,
    0x7, 0xc0, 0x2b, 0x10, 0x4, 0x20, 0x7, 0xff,
    0xa, 0x80, 0x2d, 0x20, 0x2, 0xa8, 0x0, 0xce,
    0x1, 0xff, 0xc3, 0xbf, 0xf8, 0xc0, 0x25, 0xff,
    0xa4, 0x3, 0xff, 0xfe, 0x1, 0xff, 0xc9, 0x9f,
    0xfc, 0x60, 0x1f, 0xfc, 0x49, 0xff, 0xb8, 0x1,
    0x60, 0x1a, 0x40, 0x3f, 0xf8, 0x8c, 0x1, 0x30,
    0x0, 0x90, 0x2, 0x51, 0x0, 0xff, 0xe1, 0x30,
    0x6, 0x90, 0xb, 0xc0, 0x34, 0x80, 0x7f, 0xf0,
    0xac, 0x2, 0x61, 0x0, 0x90, 0x80, 0x26, 0x0,
    0xff, 0xe0, 0xa1, 0x0, 0x56, 0x1, 0xd6, 0x1,
    0xb, 0x0, 0x7f, 0xf0, 0x3c, 0x2, 0x42, 0x0,
    0xe6, 0x10, 0xa, 0xc0, 0x3f, 0xe2, 0x40, 0xb,
    0xc0, 0x3e, 0x90, 0x8, 0x90, 0x3, 0xfd, 0x60,
    0x11, 0x20, 0x7, 0xcc, 0x1, 0xbc, 0x3, 0xf8,
    0x58, 0x2, 0xb0, 0xf, 0xc2, 0xc0, 0x12, 0x10,
    0x7, 0xe6, 0x0, 0x85, 0x80, 0x3f, 0xac, 0x3,
    0x58, 0x7, 0xe9, 0x0, 0x98, 0x3, 0xfc, 0x48,
    0x1, 0x30, 0x7, 0xca, 0x20, 0x14, 0x80, 0x7f,
    0xde, 0x1, 0x9c, 0x3, 0xd2, 0x1, 0x28, 0x80,
    0x7f, 0xc8, 0x40, 0x15, 0x0, 0x71, 0x98, 0x2,
    0x90, 0xf, 0xfe, 0xd, 0x80, 0x44, 0xa0, 0x1a,
    0x40, 0x23, 0x30, 0x7, 0xff, 0x5, 0x84, 0x2,
    0x90, 0x8, 0x54, 0x2, 0x90, 0xf, 0xfe, 0x1b,
    0x0, 0x46, 0x60, 0x4, 0x80, 0x44, 0xa0, 0x1f,
    0xfc, 0x39, 0x0, 0xd2, 0x0, 0x60, 0xa, 0x80,
    0x3f, 0xf8, 0x82, 0xc0, 0x12, 0x8b, 0x8, 0x4,
    0xe0, 0x1f, 0xfc, 0x5b, 0x0, 0xd3, 0x60, 0x13,
    0x80, 0x7f, 0xf1, 0x89, 0x0, 0x27, 0x20, 0xa,
    0x80, 0x3f, 0xf8, 0xfe, 0x1, 0xf2, 0x90, 0x7,
    0xff, 0x1d, 0x8, 0x3, 0xd2, 0x1, 0xff, 0xc9,
    0xb0, 0xe, 0x33, 0x0, 0x7f, 0xf2, 0x58, 0x40,
    0x34, 0x80, 0x7f, 0xf2, 0xd4, 0x2, 0x15, 0x0,
    0xff, 0xe5, 0x12, 0x0, 0x52, 0x1, 0xff, 0xcb,
    0xb0, 0xc, 0xc0, 0x1f, 0xfc, 0xa2, 0x60, 0x9,
    0x84, 0x3, 0xff, 0x82, 0x30, 0x1, 0xf7, 0x0,
    0x68, 0x0, 0xff, 0xe1, 0x4b, 0xeb, 0x8, 0xa,
    0xe9, 0x80, 0x4e, 0x20, 0x1f, 0xfc, 0x12, 0x70,
    0x29, 0xef, 0xea, 0x20, 0x8, 0xa0, 0x3, 0xff,
    0x85, 0x60, 0x1f, 0xf0, 0xf8, 0x7, 0xff, 0xe,
    0x5c, 0x3, 0xf9, 0x3c, 0x80, 0x3f, 0xf8, 0x91,
    0xd0, 0x82, 0x0, 0x26, 0xbb, 0x8, 0x7, 0xff,
    0x10,

    /* U+04F4 "Ӵ" */
    0x0, 0xfc, 0xdd, 0xc6, 0x0, 0xe7, 0xee, 0x28,
    0x7, 0xff, 0xc, 0xe4, 0x45, 0x26, 0x1, 0x24,
    0x8, 0xa8, 0x80, 0x3f, 0xf8, 0x4a, 0x1, 0x94,
    0x2, 0x30, 0xc, 0xe0, 0x1f, 0xfc, 0x25, 0x0,
    0xca, 0x1, 0x18, 0x6, 0x70, 0xf, 0xfe, 0x11,
    0xc8, 0x8a, 0x4c, 0x2, 0x48, 0x11, 0x51, 0x0,
    0x7f, 0xf0, 0xdb, 0xb8, 0xc0, 0x1c, 0xfd, 0xc5,
    0x0, 0xff, 0xff, 0x80, 0x7f, 0xf2, 0x13, 0xff,
    0x38, 0x7, 0xff, 0x16, 0x3f, 0xf1, 0x80, 0x7f,
    0xff, 0xc0, 0x3f, 0xff, 0xe0, 0x1f, 0xff, 0xf0,
    0xf, 0xff, 0xab, 0x80, 0x6f, 0x0, 0xff, 0xe5,
    0x88, 0x6, 0x30, 0xf, 0xfe, 0x59, 0x0, 0x64,
    0x0, 0xff, 0xe6, 0x18, 0x6, 0x80, 0xf, 0xfe,
    0x5d, 0x80, 0x67, 0x40, 0xf, 0xfe, 0x53, 0x8,
    0x6, 0xb7, 0x0, 0xff, 0xe0, 0x25, 0xb8, 0x7,
    0x86, 0x40, 0x3a, 0x3a, 0x10, 0x40, 0x2, 0x48,
    0xf7, 0xf6, 0x80, 0x1f, 0x9d, 0x40, 0x38, 0x5e,
    0xfb, 0xfd, 0xdb, 0x70, 0x80, 0x1f, 0xfc, 0xa,
    0x60, 0xf, 0xfe, 0x84, 0xd9, 0x0, 0x7f, 0xf0,
    0x8a, 0x18, 0x3, 0xfc, 0x9b, 0x6c, 0x40, 0x1f,
    0xa, 0x46, 0xe9, 0xc4, 0x3, 0xff, 0x80, 0x93,
    0xbf, 0xb9, 0x96, 0xff, 0x5b, 0x90, 0x7, 0xff,
    0x1c, 0x8c, 0xe2, 0x0, 0xff, 0xff, 0x80, 0x7f,
    0xff, 0xc0, 0x3f, 0xff, 0xe0, 0x1f, 0xff, 0xf0,
    0x8,

    /* U+04F5 "ӵ" */
    0x0, 0xff, 0xe8, 0x4f, 0xea, 0x0, 0x75, 0x7e,
    0x98, 0x7, 0xf3, 0x30, 0xa, 0xc0, 0x33, 0xa8,
    0x16, 0x80, 0x7f, 0x78, 0x6, 0x30, 0xb, 0x0,
    0x21, 0x10, 0x7, 0xef, 0x0, 0xc6, 0x1, 0x60,
    0x4, 0x22, 0x0, 0xfc, 0xcc, 0x2, 0xb0, 0xc,
    0xea, 0x5, 0xa0, 0x1f, 0xe9, 0xfd, 0x40, 0xe,
    0xaf, 0xd3, 0x0, 0xff, 0xff, 0x7f, 0xea, 0x0,
    0xff, 0xe0, 0xef, 0xfd, 0x80, 0x1f, 0xff, 0xf0,
    0xf, 0xff, 0xf8, 0x7, 0xff, 0x58, 0x40, 0x21,
    0x0, 0xff, 0xe3, 0x18, 0x4, 0xa0, 0x1f, 0xfc,
    0x67, 0x0, 0x85, 0x40, 0x3f, 0xf8, 0xbe, 0x1,
    0xa9, 0x0, 0x3f, 0x85, 0xc8, 0x3, 0x28, 0x80,
    0x6b, 0xa4, 0x10, 0x0, 0xa3, 0xe7, 0x40, 0x7,
    0xa8, 0x3, 0x96, 0xfb, 0xfd, 0xd7, 0x6, 0x1,
    0xf9, 0x24, 0x3, 0xff, 0x94, 0xda, 0x80, 0x1f,
    0xe1, 0x6d, 0x20, 0xf, 0x8a, 0xf6, 0x54, 0xc8,
    0x86, 0xb1, 0x9d, 0x24, 0x1, 0xfe, 0x26, 0xac,
    0xdd, 0x65, 0x39, 0x80, 0x7f, 0xff, 0xc0, 0x3f,
    0xff, 0xe0, 0x1f, 0xfc, 0x70,

    /* U+04F6 "Ӷ" */
    0xcf, 0xff, 0xfe, 0x4a, 0x0, 0x7f, 0xf2, 0x9c,
    0x3, 0xff, 0xcf, 0x99, 0xff, 0xc5, 0x30, 0xe,
    0x33, 0xff, 0xe2, 0x80, 0x7f, 0xff, 0xc0, 0x3f,
    0xff, 0xe0, 0x1f, 0xff, 0xf0, 0xf, 0xff, 0xf8,
    0x7, 0xff, 0xfc, 0x3, 0xff, 0xfe, 0x1, 0xff,
    0xff, 0x0, 0xe3, 0x0, 0xc6, 0x7c, 0x1, 0xff,
    0xc6, 0xcc, 0xe1, 0x0, 0xff, 0xff, 0x80, 0x7b,
    0xff, 0xa8, 0x3, 0xff, 0xfe, 0x1, 0xff, 0xff,
    0x0, 0xff, 0x3b, 0xf0, 0x80, 0x7f, 0xf0, 0x0,

    /* U+04F7 "ӷ" */
    0x8f, 0xff, 0xfe, 0x31, 0x80, 0x7f, 0xfd, 0x77,
    0xbb, 0xff, 0x82, 0x60, 0x1c, 0x62, 0x3f, 0xfc,
    0x10, 0xf, 0xff, 0xf8, 0x7, 0xff, 0xfc, 0x3,
    0xff, 0xfe, 0x1, 0xff, 0xff, 0x1, 0x0, 0xc6,
    0x23, 0x0, 0x7f, 0xcc, 0x1, 0xb7, 0xba, 0x10,
    0xf, 0xff, 0xd7, 0xfe, 0xb0, 0xf, 0xff, 0xf8,
    0x7, 0xff, 0x31, 0x9d, 0xf0, 0x80, 0x7f, 0x80,

    /* U+04F8 "Ӹ" */
    0x0, 0xff, 0xe0, 0x16, 0x7d, 0x88, 0x6, 0x2c,
    0xfa, 0x0, 0xff, 0xe6, 0xf1, 0x82, 0x58, 0x6,
    0xf3, 0x5, 0x90, 0xf, 0xfe, 0x61, 0x80, 0x4e,
    0x1, 0x88, 0x2, 0x50, 0xf, 0xfe, 0x61, 0x80,
    0x4e, 0x1, 0x88, 0x2, 0x50, 0xf, 0xfe, 0x67,
    0x18, 0x25, 0x80, 0x6f, 0x30, 0x59, 0x0, 0xff,
    0xe6, 0x16, 0x7d, 0x88, 0x6, 0x2c, 0xfa, 0x0,
    0xff, 0xff, 0x80, 0x7f, 0xfa, 0x33, 0xff, 0x0,
    0x7f, 0xf3, 0xd7, 0xff, 0x38, 0x7, 0xff, 0xfc,
    0x3, 0xff, 0xfe, 0x1, 0xff, 0xff, 0x0, 0xff,
    0xff, 0x80, 0x7f, 0xff, 0xc0, 0x3f, 0xfc, 0x9f,
    0xff, 0xf7, 0x6d, 0x39, 0x80, 0x7f, 0xf5, 0x44,
    0x96, 0x33, 0x58, 0x3, 0xff, 0xb0, 0x53, 0x62,
    0x1, 0xff, 0xc6, 0x22, 0xfe, 0x11, 0x0, 0x7c,
    0x98, 0x20, 0x1f, 0xfc, 0x5d, 0xdf, 0xee, 0xea,
    0xd8, 0x3, 0x8a, 0x80, 0x3f, 0xfa, 0x2, 0x93,
    0xc8, 0x1, 0x91, 0x0, 0x1f, 0xfd, 0x21, 0xb4,
    0x0, 0xde, 0x1, 0xff, 0xd4, 0x90, 0xc, 0x80,
    0x1f, 0xfd, 0x42, 0x30, 0xc, 0x40, 0x1f, 0xfd,
    0x44, 0x0, 0xcc, 0x1, 0xff, 0xd4, 0xf0, 0xc,
    0x20, 0x1f, 0xfd, 0x4f, 0x0, 0xc2, 0x1, 0xff,
    0xd4, 0x10, 0xc, 0xe0, 0x1f, 0xfd, 0x47, 0x0,
    0xc4, 0x1, 0xff, 0xd3, 0x41, 0x0, 0x8c, 0x40,
    0x3f, 0xfa, 0x43, 0x20, 0x1a, 0xc0, 0x3f, 0xfa,
    0x45, 0x84, 0x1, 0xb, 0x80, 0x7f, 0xf3, 0xc5,
    0x2b, 0x48, 0x3, 0x40, 0x7, 0xff, 0x17, 0x77,
    0xfb, 0xba, 0xb5, 0x0, 0xe8, 0x60, 0xf, 0xfe,
    0x29, 0x17, 0xf0, 0x88, 0x3, 0xc3, 0x2e, 0x1,
    0xff, 0xd5, 0x16, 0xf6, 0x0, 0xff, 0xe8, 0x89,
    0x23, 0xd7, 0x48, 0x80, 0x7f, 0xf0, 0xc0,

    /* U+04F9 "ӹ" */
    0x0, 0xff, 0xee, 0xd, 0xfd, 0x88, 0x6, 0x2c,
    0xfb, 0x10, 0xf, 0xfe, 0x2d, 0x20, 0x25, 0x0,
    0x6e, 0x30, 0x4b, 0x0, 0xff, 0xe2, 0xa8, 0x4,
    0xa0, 0x18, 0xc0, 0x27, 0x0, 0xff, 0xe2, 0xa8,
    0x4, 0xa0, 0x18, 0xc0, 0x27, 0x0, 0xff, 0xe2,
    0xd2, 0x2, 0x50, 0x6, 0xe3, 0x4, 0xb0, 0xf,
    0xfe, 0x28, 0xdf, 0xd8, 0x80, 0x62, 0xcf, 0xb1,
    0x0, 0xff, 0xff, 0x80, 0x7f, 0xf3, 0xa3, 0xff,
    0x8, 0x7, 0xff, 0x1d, 0xbf, 0xf1, 0x80, 0x7f,
    0xff, 0xc0, 0x3f, 0xff, 0xe0, 0x1f, 0xff, 0xf0,
    0xf, 0xfe, 0x87, 0x7f, 0xfd, 0xd9, 0x2a, 0x1,
    0xff, 0xcf, 0x13, 0x6a, 0xe5, 0x0, 0xff, 0xe8,
    0x8d, 0x48, 0x7, 0xff, 0x12, 0x23, 0xe7, 0x40,
    0xe, 0x66, 0x0, 0x7f, 0xf0, 0xd9, 0xdf, 0xd1,
    0x7c, 0xc0, 0x1a, 0x44, 0x3, 0xff, 0x96, 0x32,
    0xc0, 0x19, 0xc0, 0x3f, 0xf9, 0xb0, 0x1, 0xb0,
    0x3, 0xff, 0x9a, 0x22, 0x0, 0x98, 0x3, 0xff,
    0x9c, 0x60, 0x1f, 0xfd, 0x22, 0x0, 0x9c, 0x3,
    0xff, 0x9a, 0x60, 0x18, 0x80, 0x3f, 0xf9, 0xbe,
    0x1, 0xb4, 0x3, 0xff, 0x96, 0x58, 0x60, 0x11,
    0x20, 0x7, 0xff, 0xa, 0x62, 0x3d, 0x3b, 0xa3,
    0x0, 0xdc, 0x1, 0xff, 0xc3, 0x77, 0xf9, 0x88,
    0x3, 0xa8, 0xc0, 0x3f, 0xf9, 0xe9, 0xaa, 0x1,
    0xff, 0xcb, 0x12, 0x58, 0xdb, 0x20, 0xf, 0xfe,
    0x0,

    /* U+04FA "Ӻ" */
    0x0, 0xe7, 0xff, 0xff, 0xe4, 0xc8, 0x7, 0xff,
    0xfc, 0x3, 0xff, 0x8f, 0x39, 0x9f, 0xfc, 0x4b,
    0x0, 0xff, 0x29, 0x9f, 0xff, 0x10, 0x80, 0x3f,
    0xff, 0xe0, 0x1f, 0xff, 0xf0, 0xf, 0xff, 0xf8,
    0x7, 0xff, 0xae, 0x7f, 0xf4, 0x0, 0x6c, 0xff,
    0xff, 0xe0, 0xa0, 0x7, 0xff, 0xbf, 0x19, 0xb1,
    0x80, 0x64, 0x66, 0xff, 0xe1, 0x0, 0x4b, 0x33,
    0xac, 0x3, 0x44, 0xcf, 0xff, 0x4, 0x80, 0x3f,
    0xff, 0xe0, 0x1f, 0xff, 0xf0, 0xf, 0xff, 0xf8,
    0x7, 0xff, 0x1, 0x4c, 0xf0, 0x7, 0xff, 0x2e,
    0x73, 0x30, 0x7, 0xff, 0xfc, 0x3, 0xff, 0x9e,
    0xff, 0xf9, 0x40, 0x3f, 0xfd, 0x6c, 0x1, 0xff,
    0xce, 0x43, 0x0, 0x88, 0x3, 0xff, 0x86, 0xd2,
    0x60, 0x1, 0x7b, 0x0, 0xca, 0x1, 0xff, 0xc3,
    0xb6, 0xcf, 0xf7, 0x40, 0x7, 0x48, 0x7, 0xff,
    0x9, 0x8, 0x3, 0xfd, 0x62, 0x1, 0xff, 0xc3,
    0x10, 0xf, 0xc5, 0x68, 0x1, 0xff, 0xc3, 0x4e,
    0xa5, 0x20, 0x1, 0x24, 0xea, 0x0, 0x7f, 0xf0,
    0xc0,

    /* U+04FB "ӻ" */
    0x0, 0xe6, 0xff, 0xff, 0xe2, 0x30, 0x7, 0xff,
    0xfc, 0x3, 0x5f, 0x77, 0xfc, 0xc0, 0x1f, 0xe7,
    0x11, 0xff, 0x80, 0x3f, 0xff, 0xe0, 0x1f, 0xfd,
    0xe2, 0x44, 0xbc, 0x3, 0x22, 0x7f, 0x84, 0x2,
    0x4b, 0xb9, 0x80, 0x34, 0x5d, 0xff, 0x20, 0x7,
    0xff, 0x95, 0xbf, 0xe9, 0x0, 0xd9, 0xff, 0xfc,
    0xa0, 0x1f, 0xff, 0xf0, 0xf, 0xff, 0x42, 0x99,
    0xc0, 0x1f, 0xfc, 0x79, 0xcc, 0x88, 0x3, 0xff,
    0xfe, 0x1, 0xf3, 0x7f, 0xd0, 0x1, 0xff, 0xe1,
    0xe0, 0xc, 0x40, 0x1f, 0xfc, 0x41, 0x70, 0x8,
    0x40, 0x3f, 0xc7, 0x66, 0x1, 0x16, 0x88, 0x4,
    0xe0, 0x1f, 0xe9, 0x4c, 0xfd, 0xed, 0x30, 0xd,
    0x60, 0x1f, 0xc2, 0xa0, 0x11, 0x8, 0x7, 0x49,
    0x0, 0x7f, 0x19, 0x0, 0x7f, 0x53, 0x0, 0x7f,
    0x8b, 0x69, 0x48, 0x0, 0x27, 0x1c, 0xa0, 0x1f,
    0xf0,

    /* U+04FC "Ӽ" */
    0x4, 0xff, 0xe4, 0x0, 0xff, 0xe2, 0xef, 0xfe,
    0x50, 0x47, 0x0, 0xd4, 0x20, 0x1f, 0xfc, 0x3a,
    0x20, 0x9, 0x54, 0x0, 0x83, 0x0, 0x86, 0x80,
    0x3f, 0xf8, 0x4a, 0xa0, 0x8, 0xa8, 0x3, 0x70,
    0x6, 0x46, 0x0, 0xff, 0xe0, 0xd, 0x80, 0x6e,
    0x0, 0xe2, 0x90, 0xd, 0x24, 0x1, 0xff, 0x50,
    0x80, 0x4e, 0x60, 0x1e, 0x65, 0x0, 0xdc, 0x1,
    0xfe, 0x74, 0x0, 0x8e, 0x0, 0x3f, 0x58, 0x80,
    0x47, 0x0, 0x1f, 0x8e, 0x0, 0x37, 0x0, 0x7f,
    0xe, 0x80, 0x67, 0x40, 0xf, 0xb8, 0x3, 0x51,
    0x0, 0x7f, 0x8d, 0xc0, 0x35, 0x8, 0x7, 0x49,
    0x0, 0x4a, 0xa0, 0xf, 0xfe, 0x4, 0x18, 0x4,
    0x34, 0x1, 0x91, 0x80, 0x22, 0xa0, 0xf, 0xfe,
    0x17, 0x0, 0x64, 0x60, 0x0, 0xd0, 0x6, 0xe0,
    0xf, 0xfe, 0x19, 0x48, 0x6, 0x92, 0xa, 0x10,
    0xa, 0xc, 0x3, 0xff, 0x88, 0xca, 0x1, 0xbd,
    0xd0, 0x2, 0x37, 0x0, 0xff, 0xe3, 0x58, 0x80,
    0x45, 0x0, 0x1b, 0x80, 0x3f, 0xf8, 0xe3, 0xa0,
    0x1f, 0xa8, 0x80, 0x3f, 0xf9, 0x6, 0xe0, 0x1e,
    0x55, 0x0, 0x7f, 0xf2, 0xa0, 0x40, 0x3a, 0x40,
    0x3f, 0xf9, 0x6c, 0x20, 0x1d, 0xc2, 0x1, 0xff,
    0xc9, 0x29, 0x0, 0xf1, 0x50, 0x7, 0xff, 0x27,
    0xc0, 0x3f, 0x24, 0x0, 0x7f, 0xf1, 0xe4, 0x80,
    0x24, 0x80, 0xc, 0xea, 0x1, 0xff, 0xc5, 0x56,
    0x0, 0x86, 0x9d, 0x40, 0x35, 0x10, 0x7, 0xff,
    0xc, 0x6c, 0x3, 0x50, 0x85, 0x18, 0x6, 0xf1,
    0x0, 0xff, 0xe1, 0x50, 0x80, 0x4c, 0x80, 0x16,
    0x88, 0x4, 0x54, 0x1, 0xff, 0xc1, 0x74, 0x0,
    0x8a, 0x40, 0x30, 0xe8, 0x6, 0x48, 0x0, 0xff,
    0x8e, 0x0, 0x37, 0x0, 0x78, 0xe4, 0x3, 0x3a,
    0x0, 0x7f, 0xb8, 0x3, 0x41, 0x80, 0x7c, 0xca,
    0x1, 0xa8, 0x40, 0x3f, 0x51, 0x0, 0x46, 0xe0,
    0x1f, 0xd4, 0x40, 0x10, 0xd8, 0x7, 0xca, 0xa0,
    0xd, 0xa0, 0x1f, 0xf7, 0x0, 0x65, 0x50, 0x7,
    0x15, 0x0, 0x6a, 0x10, 0xf, 0xf8, 0xdc, 0x3,
    0x58, 0x7, 0x70, 0x6, 0x55, 0x0, 0x7f, 0xf0,
    0x60, 0x40, 0x21, 0x70, 0xa, 0xc, 0x2, 0x1b,
    0x0, 0xff, 0xe1, 0xd8, 0x6, 0x90, 0x2, 0x38,
    0x6, 0xa1, 0x0, 0xff, 0xe1, 0xa8, 0x80, 0x42,
    0xa3, 0x40, 0x19, 0xd0, 0x3, 0xff, 0x8a, 0xe0,
    0x1b, 0x7, 0xbf, 0xf4, 0x0, 0x7f, 0xf1, 0xb0,
    0x3, 0x28, 0x7, 0xff, 0x48, 0x40, 0x3f, 0xf9,
    0xa4, 0x1, 0x84, 0x3, 0xff, 0x9b, 0x20, 0x19,
    0x40, 0x3f, 0xf8, 0xce, 0xa2, 0x0, 0x3c, 0x10,
    0xd, 0xa0, 0x1f, 0xfc, 0x68, 0xae, 0xe7, 0xe1,
    0x80, 0x64, 0x40, 0x7, 0xff, 0x15, 0x80, 0x21,
    0x0, 0xf1, 0x50, 0x7, 0xff, 0x1b, 0x80, 0x3f,
    0x93, 0x4, 0x3, 0xff, 0x8d, 0x1b, 0x8, 0x20,
    0x24, 0xd9, 0x62, 0x0,

    /* U+04FD "ӽ" */
    0x9, 0xff, 0xd0, 0x1, 0xff, 0xc0, 0x5f, 0xfd,
    0x60, 0x9, 0x20, 0x9, 0xd0, 0x3, 0xfc, 0x54,
    0x1, 0xd, 0x0, 0x5e, 0x1, 0xa8, 0x40, 0x3f,
    0xbc, 0x3, 0x50, 0x80, 0x45, 0x20, 0x10, 0xe8,
    0x7, 0xe9, 0x20, 0x9, 0xd0, 0x3, 0x99, 0x40,
    0x23, 0x80, 0xf, 0x2b, 0x0, 0x49, 0x0, 0x1f,
    0x51, 0x0, 0x4e, 0x80, 0x18, 0xa8, 0x2, 0x1a,
    0x0, 0xfe, 0xf0, 0xd, 0x42, 0x1, 0x70, 0x6,
    0xa1, 0x0, 0xfe, 0x29, 0x0, 0x87, 0x40, 0x12,
    0x60, 0x13, 0xa0, 0x7, 0xfc, 0xca, 0x1, 0x1c,
    0x2b, 0x0, 0x47, 0x0, 0x1f, 0xfc, 0x1a, 0x20,
    0x9, 0xe8, 0x2, 0x1d, 0x0, 0xff, 0xe1, 0xf0,
    0x7, 0xea, 0x10, 0xf, 0xfe, 0x19, 0xc8, 0x7,
    0x9d, 0x0, 0x3f, 0xf8, 0xac, 0x80, 0x1d, 0x0,
    0x1f, 0xfc, 0x62, 0x40, 0xe, 0xa0, 0xf, 0xfe,
    0x37, 0x80, 0x79, 0x5c, 0x3, 0xff, 0x89, 0x24,
    0x1, 0xf4, 0x28, 0x7, 0xff, 0x9, 0x58, 0x2,
    0x39, 0x0, 0xd4, 0x60, 0x1f, 0xfc, 0x2, 0xa0,
    0xd, 0xcd, 0x0, 0x1b, 0x44, 0x3, 0xfe, 0xf0,
    0xd, 0x44, 0xe, 0xc0, 0x10, 0xe8, 0x7, 0xfa,
    0x48, 0x2, 0x65, 0x0, 0xa4, 0xc0, 0x23, 0x80,
    0xf, 0xca, 0xc0, 0x11, 0x48, 0x7, 0x69, 0x0,
    0x4e, 0x80, 0x1e, 0x2a, 0x0, 0xde, 0x1, 0xe1,
    0xf0, 0xd, 0x42, 0x1, 0xde, 0x1, 0xa8, 0x80,
    0x3e, 0x29, 0x0, 0x86, 0xc0, 0x34, 0x90, 0x4,
    0xca, 0x1, 0xfc, 0xc8, 0x1, 0x29, 0x80, 0x15,
    0x80, 0x22, 0x90, 0xf, 0xfa, 0x40, 0x34, 0x1,
    0x50, 0x6, 0xf0, 0xf, 0xfe, 0x1, 0x28, 0x4,
    0x82, 0x5f, 0xfc, 0x40, 0x1f, 0xfc, 0x1e, 0x0,
    0xc8, 0x1, 0xff, 0xc8, 0x60, 0xc, 0x40, 0x1f,
    0xfc, 0x86, 0x0, 0xff, 0xe6, 0xf8, 0x6, 0x20,
    0xf, 0xfe, 0xc, 0xb0, 0x80, 0xa, 0xd0, 0x3,
    0x20, 0x7, 0xff, 0x0, 0x5a, 0x7b, 0xfd, 0xa8,
    0x1, 0x98, 0x40, 0x3f, 0xf8, 0x12, 0x1, 0xfe,
    0x39, 0x0, 0xff, 0xe0, 0x88, 0x7, 0xf3, 0x60,
    0x7, 0xff, 0xa, 0x76, 0xc, 0x40, 0x4d, 0xf2,
    0x40, 0x20,

    /* U+04FE "Ӿ" */
    0x9, 0xff, 0xda, 0x1, 0xff, 0xc4, 0x2f, 0xfe,
    0x60, 0x4, 0x90, 0x4, 0x54, 0x1, 0xff, 0xc3,
    0xf0, 0xc, 0x8c, 0x1, 0x70, 0x6, 0x55, 0x0,
    0x7f, 0xf0, 0x60, 0x80, 0x21, 0xa0, 0xc, 0x6e,
    0x1, 0xac, 0x40, 0x3f, 0xe4, 0x70, 0xd, 0x62,
    0x1, 0xd0, 0x40, 0x10, 0xd0, 0x7, 0xf8, 0x68,
    0x3, 0x2a, 0x80, 0x3e, 0xe0, 0xc, 0x8c, 0x1,
    0xfd, 0x62, 0x1, 0xd, 0x80, 0x7e, 0x38, 0x0,
    0xd2, 0x40, 0x1f, 0x2a, 0x80, 0x35, 0x8, 0x7,
    0xf3, 0x98, 0x6, 0xe0, 0xf, 0x15, 0x0, 0x66,
    0x40, 0xf, 0xfb, 0x80, 0x31, 0xc0, 0x7, 0x70,
    0x6, 0x29, 0x0, 0xff, 0xe0, 0x14, 0x80, 0x67,
    0x30, 0x9, 0xcc, 0x3, 0x70, 0x7, 0xff, 0x9,
    0x90, 0x3, 0x68, 0x0, 0xe0, 0x3, 0x39, 0x80,
    0x7f, 0xf0, 0xe8, 0x3, 0xd, 0x7, 0x0, 0x63,
    0x80, 0xf, 0xfe, 0x20, 0xd0, 0x6, 0x5c, 0x20,
    0xd, 0xc0, 0x1f, 0xfc, 0x65, 0x50, 0x6, 0x30,
    0xd, 0x4, 0x1, 0xff, 0xc7, 0xb1, 0x0, 0xf9,
    0x1c, 0x3, 0xff, 0x82, 0xff, 0xfe, 0xe1, 0x0,
    0xf9, 0x3f, 0xfe, 0x0, 0xff, 0xfc, 0x9a, 0xaf,
    0xc0, 0x1f, 0xca, 0xbf, 0x0, 0x7c, 0x95, 0x5e,
    0xd0, 0xf, 0xed, 0xaa, 0xf0, 0x7, 0xff, 0x4,
    0xe0, 0x3, 0x10, 0x6, 0x83, 0x0, 0xff, 0xe3,
    0x70, 0x6, 0x4c, 0x10, 0xd, 0xc0, 0x1f, 0xfc,
    0x59, 0x20, 0x8, 0x68, 0x74, 0x3, 0x14, 0x80,
    0x7f, 0xf0, 0xd1, 0x80, 0x35, 0x8, 0x1b, 0x80,
    0x66, 0x40, 0xf, 0xfe, 0x8, 0xd0, 0x6, 0x64,
    0x0, 0xa0, 0xc0, 0x35, 0x8, 0x7, 0xff, 0x2,
    0x84, 0x2, 0x29, 0x0, 0xee, 0x0, 0xc3, 0x40,
    0x1f, 0xf3, 0x20, 0x6, 0xf0, 0xf, 0x15, 0x0,
    0x64, 0x60, 0xf, 0xe2, 0x90, 0xd, 0x4, 0x1,
    0xf2, 0xa8, 0x3, 0x49, 0x0, 0x7e, 0xf0, 0xc,
    0x8e, 0x1, 0xfd, 0x44, 0x1, 0xbc, 0x3, 0xe8,
    0x20, 0x8, 0x68, 0x3, 0xfe, 0xe0, 0xc, 0x50,
    0x1, 0xc8, 0xe0, 0x1a, 0x84, 0x3, 0xfe, 0x38,
    0x0, 0xce, 0x80, 0x10, 0xd0, 0x6, 0x64, 0x0,
    0xff, 0xe0, 0xb9, 0x80, 0x6a, 0x10, 0x5, 0x88,
    0x4, 0x52, 0x1, 0xff, 0xc3, 0xd0, 0xc, 0x36,
    0xc, 0xa0, 0x1b, 0x80, 0x3f, 0xf8, 0x83, 0x40,
    0x19, 0x58,

    /* U+04FF "ӿ" */
    0x2f, 0xfe, 0x30, 0xf, 0xfe, 0x5, 0x7f, 0xe5,
    0x2, 0x90, 0xd, 0xc0, 0x1f, 0xf2, 0xa8, 0x2,
    0x65, 0x0, 0x32, 0x0, 0x45, 0x40, 0x1f, 0xc5,
    0x40, 0x11, 0x48, 0x6, 0xa1, 0x0, 0x95, 0x40,
    0x1f, 0xb8, 0x3, 0x70, 0x7, 0xd, 0x0, 0x6b,
    0x10, 0xf, 0x41, 0x80, 0x50, 0x60, 0x1e, 0x46,
    0x0, 0x86, 0x80, 0x38, 0xdc, 0x2, 0x47, 0x0,
    0xfd, 0x24, 0x1, 0x23, 0x80, 0x43, 0xa0, 0x10,
    0xd0, 0x7, 0xfb, 0x80, 0x34, 0x18, 0x2, 0xc4,
    0x2, 0xa1, 0x0, 0xff, 0x1c, 0x0, 0x6e, 0x6,
    0x50, 0x9, 0x90, 0x3, 0xff, 0x80, 0xe8, 0x1,
    0x15, 0x48, 0x4, 0x52, 0x1, 0xff, 0xc2, 0xa1,
    0x0, 0x94, 0x3, 0x78, 0x7, 0xfc, 0x8a, 0xb2,
    0x38, 0x7, 0xca, 0xea, 0xb8, 0x3, 0xe9, 0xaa,
    0xcc, 0x1, 0xf2, 0xd5, 0x71, 0x80, 0x7f, 0xfb,
    0xb7, 0xff, 0x18, 0x7, 0xeb, 0xff, 0xc6, 0x1,
    0xfe, 0x93, 0x0, 0x90, 0x3, 0x50, 0x80, 0x7f,
    0xf0, 0x59, 0x80, 0x11, 0xdb, 0x0, 0x43, 0x40,
    0x1f, 0xfc, 0x2, 0x90, 0x8, 0x74, 0x24, 0xc0,
    0x24, 0x80, 0xf, 0xfb, 0xc0, 0x36, 0x88, 0x3,
    0x84, 0x2, 0x74, 0x0, 0xfe, 0xb2, 0x0, 0xa0,
    0xc0, 0x22, 0xb0, 0xd, 0x42, 0x1, 0xf3, 0xa0,
    0x4, 0xae, 0x1, 0xca, 0xe0, 0x10, 0xe8, 0x7,
    0x92, 0x0, 0x22, 0xa0, 0xf, 0xa0, 0xc0, 0x23,
    0x80, 0xc, 0x34, 0x1, 0xbc, 0x3, 0xfb, 0x44,
    0x2, 0x74, 0x0, 0xb4, 0x40, 0x2a, 0x20, 0xf,
    0xe1, 0xa0, 0xd, 0x44, 0x10, 0x60, 0x13, 0x28,
    0x7, 0xfc, 0x8e, 0x1, 0xf, 0x0,

    /* U+1E9E "ẞ" */
    0x0, 0xff, 0x2c, 0xdf, 0x7f, 0xdd, 0x94, 0xe6,
    0x1, 0xff, 0xc4, 0x29, 0xfa, 0x64, 0x10, 0x8,
    0x4d, 0x63, 0x3a, 0x8, 0x3, 0xff, 0x81, 0x1a,
    0xc0, 0x1f, 0xfc, 0x11, 0x7d, 0x91, 0x0, 0xfc,
    0x36, 0xe0, 0x1f, 0xfc, 0x66, 0xf0, 0xf, 0xda,
    0x80, 0x1c, 0x4d, 0x59, 0xba, 0xca, 0x84, 0x0,
    0xe1, 0x0, 0xfa, 0x8c, 0x3, 0x1d, 0xec, 0xa9,
    0x91, 0xd, 0x5e, 0xf9, 0x40, 0x3f, 0xc8, 0xa0,
    0x19, 0xb1, 0x0, 0x3f, 0xca, 0xa0, 0x8, 0x80,
    0x3d, 0x0, 0x19, 0x24, 0x3, 0xfe, 0x3b, 0x0,
    0x8b, 0x0, 0x38, 0xcc, 0x1, 0xd, 0x0, 0x7f,
    0xc5, 0xa0, 0x10, 0xf8, 0x80, 0x75, 0x80, 0x66,
    0x10, 0xf, 0xf0, 0xe0, 0x80, 0x7, 0x8, 0x3,
    0xca, 0x1, 0xa8, 0x3, 0xfc, 0x38, 0x20, 0x16,
    0x90, 0x7, 0xc4, 0x1, 0x9, 0x0, 0x7f, 0xb4,
    0x80, 0x2b, 0x30, 0xf, 0x88, 0x3, 0x28, 0x7,
    0xfa, 0xcc, 0x2, 0xa4, 0x0, 0xfc, 0x20, 0x18,
    0x40, 0x3f, 0xa9, 0x0, 0x29, 0x50, 0xf, 0xfe,
    0x11, 0x80, 0x7e, 0x95, 0x0, 0xd3, 0xd6, 0xe2,
    0x1, 0xe7, 0x0, 0xc2, 0x1, 0xf4, 0x30, 0x7,
    0x85, 0x23, 0xa4, 0x3, 0xff, 0x8c, 0x40, 0x1f,
    0xf3, 0x69, 0x0, 0x7f, 0xf1, 0x38, 0x4, 0xd1,
    0x6, 0x1, 0xe2, 0xc1, 0x0, 0xff, 0xe1, 0xa7,
    0x73, 0x2e, 0xd9, 0xf8, 0x80, 0x18, 0x68, 0x3,
    0xff, 0x88, 0x20, 0x1e, 0x3b, 0x90, 0xc, 0x88,
    0x0, 0xff, 0xe6, 0x33, 0x80, 0x6e, 0x0, 0xff,
    0xe6, 0xc8, 0x6, 0x40, 0xf, 0xfe, 0x68, 0x98,
    0x4, 0x22, 0x0, 0xff, 0xe6, 0xb8, 0x6, 0x30,
    0xf, 0xff, 0x62, 0x80, 0x62, 0x0, 0xff, 0xe6,
    0x18, 0x80, 0x42, 0x1, 0xff, 0xcd, 0xf0, 0xc,
    0xe0, 0x1f, 0xfc, 0x11, 0x0, 0xfe, 0x2c, 0x30,
    0xd, 0x40, 0x1f, 0xfc, 0x1a, 0xd8, 0x53, 0x22,
    0x1b, 0x56, 0x98, 0x6, 0x63, 0x0, 0xff, 0xe0,
    0xa9, 0x3d, 0x66, 0xeb, 0x25, 0x40, 0x38, 0xe4,
    0x3, 0xff, 0x82, 0x22, 0x0, 0xff, 0xe0, 0xa6,
    0x0, 0x7f, 0xf0, 0x94, 0x3, 0xff, 0x80, 0x55,
    0x60, 0x1f, 0xfc, 0x34, 0xb7, 0x42, 0x10, 0x8,
    0x91, 0xf3, 0x54, 0x3, 0x80,

    /* U+2013 "–" */
    0x44, 0xff, 0xe6, 0x5d, 0xff, 0xf3, 0x0, 0x3f,
    0xfc, 0x80,

    /* U+2014 "—" */
    0x44, 0xff, 0xf2, 0x5d, 0xff, 0xf9, 0x0, 0x3f,
    0xff, 0xe0, 0x1f, 0xfc, 0x90,

    /* U+2018 "‘" */
    0x0, 0xb7, 0xfc, 0x60, 0x2, 0x20, 0x0, 0xc0,
    0x14, 0x0, 0x40, 0x9, 0x40, 0x18, 0x0, 0x22,
    0x0, 0x10, 0x0, 0xa0, 0x11, 0x80, 0x28, 0x0,
    0x60, 0x2, 0x20, 0x0, 0x4c, 0x14, 0x2, 0x2c,
    0x2c, 0x0, 0xe5, 0x0, 0xf7, 0x98, 0x7, 0x6c,
    0x10, 0x4, 0x8a, 0x1b, 0x4f, 0x56, 0x0,

    /* U+2019 "’" */
    0x4, 0xcf, 0xc3, 0x2, 0xb3, 0x3, 0xc2, 0xb0,
    0xe, 0xa3, 0x0, 0xe1, 0xd0, 0xe, 0xe7, 0x30,
    0xc, 0x81, 0x84, 0x0, 0x13, 0x0, 0x10, 0x1,
    0xc0, 0x6, 0x1, 0x68, 0x1, 0x0, 0x2, 0x80,
    0xc, 0x0, 0x38, 0x4, 0x80, 0xd, 0x0, 0x18,
    0x0, 0x50, 0x2, 0x66, 0x58, 0x4,

    /* U+201C "“" */
    0x0, 0xb7, 0xfc, 0x60, 0x1d, 0x9f, 0xe4, 0x0,
    0x11, 0x0, 0x6, 0x1, 0x84, 0xc0, 0x8, 0x0,
    0xa0, 0x2, 0x0, 0x73, 0x80, 0xc, 0x2, 0x50,
    0x6, 0x0, 0x75, 0x0, 0x10, 0x0, 0x44, 0x0,
    0x20, 0x6, 0x13, 0x0, 0x60, 0x1, 0x40, 0x23,
    0x0, 0xce, 0x1, 0x28, 0x2, 0x80, 0x6, 0x1,
    0xd4, 0x0, 0x21, 0x2, 0x20, 0x0, 0x4c, 0x2,
    0x13, 0x0, 0x1a, 0x2, 0x80, 0x45, 0x84, 0x0,
    0x70, 0x8, 0x6c, 0xb0, 0x3, 0x94, 0x1, 0xe0,
    0x1d, 0x40, 0x1e, 0xf0, 0x1, 0x80, 0x70, 0x98,
    0x7, 0x68, 0x3, 0x40, 0x3b, 0xe0, 0x80, 0x24,
    0x50, 0x3, 0x98, 0x4, 0x6c, 0x1b, 0x4f, 0x56,
    0x1, 0xb2, 0x9e, 0xb0, 0x0,

    /* U+201D "”" */
    0x4, 0xcf, 0xc3, 0x0, 0xc7, 0x9f, 0xa8, 0x5,
    0x66, 0x7, 0x84, 0x0, 0x2c, 0x30, 0x2b, 0x3b,
    0x0, 0xea, 0x0, 0x28, 0x7, 0x51, 0x80, 0x70,
    0x80, 0x38, 0x3, 0x8f, 0x40, 0x3b, 0x80, 0x1e,
    0x1, 0xc4, 0xe6, 0x1, 0x90, 0x0, 0xc8, 0x1,
    0xb4, 0x30, 0x80, 0x2, 0x60, 0x15, 0x98, 0x4,
    0xa0, 0x2, 0x0, 0x38, 0x7, 0x10, 0x1, 0x40,
    0x6, 0x1, 0x68, 0x6, 0x21, 0x0, 0x78, 0x1,
    0x0, 0x2, 0x80, 0x19, 0x0, 0x25, 0x0, 0x60,
    0x1, 0xc0, 0x3b, 0x0, 0xa, 0x1, 0x20, 0x3,
    0x40, 0x39, 0x0, 0x1e, 0x0, 0x30, 0x0, 0xa0,
    0x6, 0x21, 0x0, 0x28, 0x4, 0xcc, 0xb0, 0xf,
    0x33, 0x24, 0x2,

    /* U+201E "„" */
    0x0, 0x2b, 0xa8, 0x7, 0x95, 0xd4, 0x2, 0xca,
    0x8a, 0xb0, 0xd, 0x75, 0x15, 0x80, 0xe6, 0x1,
    0x22, 0x80, 0x15, 0x0, 0x23, 0x7d, 0x0, 0xec,
    0x0, 0x60, 0x7, 0x69, 0x80, 0x70, 0x80, 0x4,
    0x3, 0xd4, 0x1, 0xdc, 0x0, 0xa0, 0xe, 0xd3,
    0xb1, 0x0, 0x9c, 0x0, 0x56, 0x20, 0x12, 0x82,
    0x18, 0x1, 0x4, 0x2, 0x42, 0x0, 0x19, 0x0,
    0x90, 0x3, 0x40, 0x38, 0xc0, 0x16, 0x0, 0x40,
    0x9, 0xc0, 0x32, 0x0, 0x4a, 0x0, 0xc0, 0x2,
    0x8, 0x6, 0xc0, 0x1, 0x90, 0x1, 0x0, 0x1a,
    0x1, 0xc8, 0x0, 0xb0, 0x0, 0x90, 0x1, 0xc0,
    0x38, 0xc0, 0xa, 0x0, 0x40, 0x2, 0x8, 0x6,
    0x40, 0x1, 0x90, 0x0,

    /* U+2022 "•" */
    0x0, 0x2d, 0xee, 0x30, 0x5, 0x34, 0x84, 0x73,
    0x40, 0xac, 0x1, 0xca, 0xae, 0x0, 0xfb, 0x9c,
    0x3, 0xe6, 0x70, 0xf, 0x9b, 0x40, 0x3e, 0xd6,
    0x40, 0xe, 0x46, 0xb, 0x82, 0x2, 0x8b, 0x0,

    /* U+2026 "…" */
    0x0, 0x3c, 0xb0, 0x7, 0xe6, 0x97, 0x10, 0xf,
    0x96, 0x60, 0x40, 0x7a, 0x1a, 0x70, 0x3, 0xd9,
    0x2d, 0x1e, 0x20, 0x1d, 0x74, 0xcf, 0xc5, 0x2,
    0x1, 0x1b, 0x0, 0x66, 0x30, 0x8, 0x64, 0x3,
    0x22, 0x0, 0x34, 0x10, 0x7, 0x78, 0x6, 0xf0,
    0xe, 0x30, 0xc, 0x60, 0x1c, 0xe2, 0x1, 0xdc,
    0x1, 0x84, 0x3, 0x84, 0x3, 0x10, 0x7, 0xc,
    0x80, 0x73, 0x0, 0x69, 0x0, 0xe9, 0x0, 0xca,
    0x20, 0x1a, 0x4e, 0xcc, 0xf, 0x4, 0x3, 0xe,
    0x18, 0x15, 0x98, 0x7, 0x62, 0x1, 0x4a, 0x80
};


/*---------------------
 *  GLYPH DESCRIPTION
 *--------------------*/

static const lv_font_fmt_txt_glyph_dsc_t glyph_dsc[] = {
    {.bitmap_index = 0, .adv_w = 0, .box_w = 0, .box_h = 0, .ofs_x = 0, .ofs_y = 0} /* id = 0 reserved */,
    {.bitmap_index = 0, .adv_w = 207, .box_w = 0, .box_h = 0, .ofs_x = 0, .ofs_y = 0},
    {.bitmap_index = 0, .adv_w = 206, .box_w = 7, .box_h = 34, .ofs_x = 3, .ofs_y = 0},
    {.bitmap_index = 81, .adv_w = 300, .box_w = 13, .box_h = 14, .ofs_x = 3, .ofs_y = 20},
    {.bitmap_index = 132, .adv_w = 540, .box_w = 32, .box_h = 34, .ofs_x = 1, .ofs_y = 0},
    {.bitmap_index = 428, .adv_w = 477, .box_w = 27, .box_h = 46, .ofs_x = 1, .ofs_y = -6},
    {.bitmap_index = 734, .adv_w = 647, .box_w = 38, .box_h = 34, .ofs_x = 1, .ofs_y = 0},
    {.bitmap_index = 1202, .adv_w = 527, .box_w = 31, .box_h = 35, .ofs_x = 2, .ofs_y = -1},
    {.bitmap_index = 1574, .adv_w = 161, .box_w = 5, .box_h = 14, .ofs_x = 3, .ofs_y = 20},
    {.bitmap_index = 1597, .adv_w = 259, .box_w = 11, .box_h = 45, .ofs_x = 4, .ofs_y = -9},
    {.bitmap_index = 1765, .adv_w = 260, .box_w = 11, .box_h = 45, .ofs_x = 1, .ofs_y = -9},
    {.bitmap_index = 1934, .adv_w = 307, .box_w = 19, .box_h = 19, .ofs_x = 0, .ofs_y = 17},
    {.bitmap_index = 2052, .adv_w = 447, .box_w = 22, .box_h = 22, .ofs_x = 3, .ofs_y = 6},
    {.bitmap_index = 2100, .adv_w = 174, .box_w = 7, .box_h = 14, .ofs_x = 2, .ofs_y = -7},
    {.bitmap_index = 2147, .adv_w = 294, .box_w = 14, .box_h = 5, .ofs_x = 2, .ofs_y = 11},
    {.bitmap_index = 2158, .adv_w = 174, .box_w = 7, .box_h = 7, .ofs_x = 2, .ofs_y = 0},
    {.bitmap_index = 2180, .adv_w = 270, .box_w = 21, .box_h = 46, .ofs_x = -2, .ofs_y = -5},
    {.bitmap_index = 2443, .adv_w = 512, .box_w = 28, .box_h = 34, .ofs_x = 2, .ofs_y = 0},
    {.bitmap_index = 2738, .adv_w = 284, .box_w = 13, .box_h = 34, .ofs_x = 0, .ofs_y = 0},
    {.bitmap_index = 2767, .adv_w = 441, .box_w = 26, .box_h = 34, .ofs_x = 0, .ofs_y = 0},
    {.bitmap_index = 3002, .adv_w = 439, .box_w = 26, .box_h = 34, .ofs_x = 0, .ofs_y = 0},
    {.bitmap_index = 3235, .adv_w = 514, .box_w = 31, .box_h = 34, .ofs_x = 1, .ofs_y = 0},
    {.bitmap_index = 3422, .adv_w = 441, .box_w = 26, .box_h = 34, .ofs_x = 0, .ofs_y = 0},
    {.bitmap_index = 3646, .adv_w = 474, .box_w = 27, .box_h = 34, .ofs_x = 2, .ofs_y = 0},
    {.bitmap_index = 3949, .adv_w = 459, .box_w = 26, .box_h = 34, .ofs_x = 1, .ofs_y = 0},
    {.bitmap_index = 4148, .adv_w = 495, .box_w = 27, .box_h = 34, .ofs_x = 2, .ofs_y = 0},
    {.bitmap_index = 4462, .adv_w = 474, .box_w = 27, .box_h = 34, .ofs_x = 1, .ofs_y = 0},
    {.bitmap_index = 4757, .adv_w = 174, .box_w = 7, .box_h = 26, .ofs_x = 2, .ofs_y = 0},
    {.bitmap_index = 4806, .adv_w = 174, .box_w = 7, .box_h = 33, .ofs_x = 2, .ofs_y = -7},
    {.bitmap_index = 4880, .adv_w = 447, .box_w = 22, .box_h = 22, .ofs_x = 3, .ofs_y = 6},
    {.bitmap_index = 5023, .adv_w = 447, .box_w = 22, .box_h = 15, .ofs_x = 3, .ofs_y = 9},
    {.bitmap_index = 5056, .adv_w = 447, .box_w = 22, .box_h = 22, .ofs_x = 3, .ofs_y = 6},
    {.bitmap_index = 5200, .adv_w = 440, .box_w = 25, .box_h = 34, .ofs_x = 0, .ofs_y = 0},
    {.bitmap_index = 5420, .adv_w = 794, .box_w = 46, .box_h = 43, .ofs_x = 2, .ofs_y = -9},
    {.bitmap_index = 6056, .adv_w = 562, .box_w = 37, .box_h = 34, .ofs_x = -1, .ofs_y = 0},
    {.bitmap_index = 6369, .adv_w = 581, .box_w = 29, .box_h = 34, .ofs_x = 5, .ofs_y = 0},
    {.bitmap_index = 6579, .adv_w = 548, .box_w = 31, .box_h = 34, .ofs_x = 2, .ofs_y = 0},
    {.bitmap_index = 6854, .adv_w = 634, .box_w = 33, .box_h = 34, .ofs_x = 5, .ofs_y = 0},
    {.bitmap_index = 7076, .adv_w = 515, .box_w = 25, .box_h = 34, .ofs_x = 5, .ofs_y = 0},
    {.bitmap_index = 7145, .adv_w = 488, .box_w = 24, .box_h = 34, .ofs_x = 5, .ofs_y = 0},
    {.bitmap_index = 7205, .adv_w = 593, .box_w = 32, .box_h = 34, .ofs_x = 2, .ofs_y = 0},
    {.bitmap_index = 7482, .adv_w = 624, .box_w = 29, .box_h = 34, .ofs_x = 5, .ofs_y = 0},
    {.bitmap_index = 7545, .adv_w = 238, .box_w = 5, .box_h = 34, .ofs_x = 5, .ofs_y = 0},
    {.bitmap_index = 7557, .adv_w = 394, .box_w = 21, .box_h = 34, .ofs_x = -1, .ofs_y = 0},
    {.bitmap_index = 7666, .adv_w = 552, .box_w = 30, .box_h = 34, .ofs_x = 5, .ofs_y = 0},
    {.bitmap_index = 7909, .adv_w = 456, .box_w = 24, .box_h = 34, .ofs_x = 5, .ofs_y = 0},
    {.bitmap_index = 7954, .adv_w = 733, .box_w = 36, .box_h = 34, .ofs_x = 5, .ofs_y = 0},
    {.bitmap_index = 8230, .adv_w = 624, .box_w = 29, .box_h = 34, .ofs_x = 5, .ofs_y = 0},
    {.bitmap_index = 8412, .adv_w = 645, .box_w = 37, .box_h = 34, .ofs_x = 2, .ofs_y = 0},
    {.bitmap_index = 8756, .adv_w = 554, .box_w = 28, .box_h = 34, .ofs_x = 5, .ofs_y = 0},
    {.bitmap_index = 8921, .adv_w = 645, .box_w = 38, .box_h = 41, .ofs_x = 2, .ofs_y = -7},
    {.bitmap_index = 9348, .adv_w = 558, .box_w = 28, .box_h = 34, .ofs_x = 5, .ofs_y = 0},
    {.bitmap_index = 9562, .adv_w = 477, .box_w = 27, .box_h = 34, .ofs_x = 1, .ofs_y = 0},
    {.bitmap_index = 9844, .adv_w = 451, .box_w = 28, .box_h = 34, .ofs_x = 0, .ofs_y = 0},
    {.bitmap_index = 9902, .adv_w = 607, .box_w = 30, .box_h = 34, .ofs_x = 4, .ofs_y = 0},
    {.bitmap_index = 10081, .adv_w = 547, .box_w = 36, .box_h = 34, .ofs_x = -1, .ofs_y = 0},
    {.bitmap_index = 10403, .adv_w = 865, .box_w = 52, .box_h = 34, .ofs_x = 1, .ofs_y = 0},
    {.bitmap_index = 10944, .adv_w = 517, .box_w = 32, .box_h = 34, .ofs_x = 0, .ofs_y = 0},
    {.bitmap_index = 11269, .adv_w = 497, .box_w = 33, .box_h = 34, .ofs_x = -1, .ofs_y = 0},
    {.bitmap_index = 11498, .adv_w = 505, .box_w = 29, .box_h = 34, .ofs_x = 2, .ofs_y = 0},
    {.bitmap_index = 11694, .adv_w = 256, .box_w = 11, .box_h = 45, .ofs_x = 5, .ofs_y = -9},
    {.bitmap_index = 11733, .adv_w = 270, .box_w = 21, .box_h = 46, .ofs_x = -2, .ofs_y = -5},
    {.bitmap_index = 11990, .adv_w = 256, .box_w = 11, .box_h = 45, .ofs_x = 0, .ofs_y = -9},
    {.bitmap_index = 12029, .adv_w = 448, .box_w = 22, .box_h = 20, .ofs_x = 3, .ofs_y = 7},
    {.bitmap_index = 12185, .adv_w = 384, .box_w = 24, .box_h = 4, .ofs_x = 0, .ofs_y = -3},
    {.bitmap_index = 12195, .adv_w = 461, .box_w = 13, .box_h = 7, .ofs_x = 5, .ofs_y = 29},
    {.bitmap_index = 12230, .adv_w = 459, .box_w = 23, .box_h = 26, .ofs_x = 2, .ofs_y = 0},
    {.bitmap_index = 12427, .adv_w = 524, .box_w = 27, .box_h = 36, .ofs_x = 4, .ofs_y = 0},
    {.bitmap_index = 12645, .adv_w = 439, .box_w = 24, .box_h = 26, .ofs_x = 2, .ofs_y = 0},
    {.bitmap_index = 12840, .adv_w = 524, .box_w = 27, .box_h = 36, .ofs_x = 2, .ofs_y = 0},
    {.bitmap_index = 13070, .adv_w = 470, .box_w = 26, .box_h = 26, .ofs_x = 2, .ofs_y = 0},
    {.bitmap_index = 13281, .adv_w = 271, .box_w = 19, .box_h = 36, .ofs_x = 0, .ofs_y = 0},
    {.bitmap_index = 13382, .adv_w = 530, .box_w = 27, .box_h = 35, .ofs_x = 2, .ofs_y = -9},
    {.bitmap_index = 13688, .adv_w = 523, .box_w = 25, .box_h = 36, .ofs_x = 4, .ofs_y = 0},
    {.bitmap_index = 13814, .adv_w = 214, .box_w = 7, .box_h = 37, .ofs_x = 3, .ofs_y = 0},
    {.bitmap_index = 13854, .adv_w = 218, .box_w = 16, .box_h = 46, .ofs_x = -5, .ofs_y = -9},
    {.bitmap_index = 13962, .adv_w = 472, .box_w = 26, .box_h = 36, .ofs_x = 4, .ofs_y = 0},
    {.bitmap_index = 14159, .adv_w = 214, .box_w = 5, .box_h = 36, .ofs_x = 4, .ofs_y = 0},
    {.bitmap_index = 14171, .adv_w = 812, .box_w = 43, .box_h = 26, .ofs_x = 4, .ofs_y = 0},
    {.bitmap_index = 14375, .adv_w = 523, .box_w = 25, .box_h = 26, .ofs_x = 4, .ofs_y = 0},
    {.bitmap_index = 14491, .adv_w = 488, .box_w = 27, .box_h = 26, .ofs_x = 2, .ofs_y = 0},
    {.bitmap_index = 14722, .adv_w = 524, .box_w = 27, .box_h = 35, .ofs_x = 4, .ofs_y = -9},
    {.bitmap_index = 14943, .adv_w = 524, .box_w = 27, .box_h = 35, .ofs_x = 2, .ofs_y = -9},
    {.bitmap_index = 15174, .adv_w = 315, .box_w = 15, .box_h = 26, .ofs_x = 4, .ofs_y = 0},
    {.bitmap_index = 15240, .adv_w = 385, .box_w = 22, .box_h = 26, .ofs_x = 1, .ofs_y = 0},
    {.bitmap_index = 15439, .adv_w = 318, .box_w = 19, .box_h = 32, .ofs_x = 0, .ofs_y = 0},
    {.bitmap_index = 15535, .adv_w = 520, .box_w = 25, .box_h = 26, .ofs_x = 4, .ofs_y = 0},
    {.bitmap_index = 15652, .adv_w = 429, .box_w = 28, .box_h = 26, .ofs_x = -1, .ofs_y = 0},
    {.bitmap_index = 15877, .adv_w = 690, .box_w = 43, .box_h = 26, .ofs_x = 0, .ofs_y = 0},
    {.bitmap_index = 16256, .adv_w = 424, .box_w = 26, .box_h = 26, .ofs_x = 0, .ofs_y = 0},
    {.bitmap_index = 16483, .adv_w = 429, .box_w = 29, .box_h = 35, .ofs_x = -2, .ofs_y = -9},
    {.bitmap_index = 16781, .adv_w = 400, .box_w = 23, .box_h = 26, .ofs_x = 1, .ofs_y = 0},
    {.bitmap_index = 16929, .adv_w = 270, .box_w = 14, .box_h = 45, .ofs_x = 2, .ofs_y = -9},
    {.bitmap_index = 17057, .adv_w = 230, .box_w = 5, .box_h = 45, .ofs_x = 5, .ofs_y = -9},
    {.bitmap_index = 17069, .adv_w = 270, .box_w = 15, .box_h = 45, .ofs_x = 0, .ofs_y = -9},
    {.bitmap_index = 17203, .adv_w = 447, .box_w = 24, .box_h = 9, .ofs_x = 2, .ofs_y = 13},
    {.bitmap_index = 17292, .adv_w = 207, .box_w = 0, .box_h = 0, .ofs_x = 0, .ofs_y = 0},
    {.bitmap_index = 17292, .adv_w = 387, .box_w = 21, .box_h = 19, .ofs_x = 2, .ofs_y = 4},
    {.bitmap_index = 17460, .adv_w = 322, .box_w = 16, .box_h = 16, .ofs_x = 2, .ofs_y = 19},
    {.bitmap_index = 17568, .adv_w = 387, .box_w = 21, .box_h = 19, .ofs_x = 1, .ofs_y = 4},
    {.bitmap_index = 17734, .adv_w = 562, .box_w = 37, .box_h = 43, .ofs_x = -1, .ofs_y = 0},
    {.bitmap_index = 18095, .adv_w = 562, .box_w = 37, .box_h = 43, .ofs_x = -1, .ofs_y = 0},
    {.bitmap_index = 18457, .adv_w = 562, .box_w = 37, .box_h = 43, .ofs_x = -1, .ofs_y = 0},
    {.bitmap_index = 18836, .adv_w = 562, .box_w = 37, .box_h = 43, .ofs_x = -1, .ofs_y = 0},
    {.bitmap_index = 19210, .adv_w = 804, .box_w = 49, .box_h = 34, .ofs_x = -1, .ofs_y = 0},
    {.bitmap_index = 19455, .adv_w = 548, .box_w = 31, .box_h = 45, .ofs_x = 2, .ofs_y = -11},
    {.bitmap_index = 19803, .adv_w = 515, .box_w = 25, .box_h = 43, .ofs_x = 5, .ofs_y = 0},
    {.bitmap_index = 19920, .adv_w = 515, .box_w = 25, .box_h = 43, .ofs_x = 5, .ofs_y = 0},
    {.bitmap_index = 20039, .adv_w = 515, .box_w = 25, .box_h = 43, .ofs_x = 5, .ofs_y = 0},
    {.bitmap_index = 20172, .adv_w = 515, .box_w = 25, .box_h = 43, .ofs_x = 5, .ofs_y = 0},
    {.bitmap_index = 20296, .adv_w = 238, .box_w = 14, .box_h = 43, .ofs_x = 3, .ofs_y = 0},
    {.bitmap_index = 20359, .adv_w = 238, .box_w = 19, .box_h = 43, .ofs_x = -2, .ofs_y = 0},
    {.bitmap_index = 20444, .adv_w = 238, .box_w = 15, .box_h = 43, .ofs_x = 0, .ofs_y = 0},
    {.bitmap_index = 20511, .adv_w = 645, .box_w = 37, .box_h = 44, .ofs_x = 2, .ofs_y = 0},
    {.bitmap_index = 20912, .adv_w = 645, .box_w = 37, .box_h = 44, .ofs_x = 2, .ofs_y = 0},
    {.bitmap_index = 21330, .adv_w = 645, .box_w = 37, .box_h = 43, .ofs_x = 2, .ofs_y = 0},
    {.bitmap_index = 21733, .adv_w = 607, .box_w = 30, .box_h = 44, .ofs_x = 4, .ofs_y = 0},
    {.bitmap_index = 21967, .adv_w = 607, .box_w = 30, .box_h = 44, .ofs_x = 4, .ofs_y = 0},
    {.bitmap_index = 22202, .adv_w = 607, .box_w = 30, .box_h = 44, .ofs_x = 4, .ofs_y = 0},
    {.bitmap_index = 22455, .adv_w = 607, .box_w = 30, .box_h = 43, .ofs_x = 4, .ofs_y = 0},
    {.bitmap_index = 22695, .adv_w = 497, .box_w = 33, .box_h = 43, .ofs_x = -1, .ofs_y = 0},
    {.bitmap_index = 22974, .adv_w = 519, .box_w = 27, .box_h = 36, .ofs_x = 4, .ofs_y = 0},
    {.bitmap_index = 23241, .adv_w = 459, .box_w = 23, .box_h = 36, .ofs_x = 2, .ofs_y = 0},
    {.bitmap_index = 23489, .adv_w = 459, .box_w = 23, .box_h = 36, .ofs_x = 2, .ofs_y = 0},
    {.bitmap_index = 23739, .adv_w = 459, .box_w = 23, .box_h = 36, .ofs_x = 2, .ofs_y = 0},
    {.bitmap_index = 24003, .adv_w = 459, .box_w = 23, .box_h = 36, .ofs_x = 2, .ofs_y = 0},
    {.bitmap_index = 24253, .adv_w = 760, .box_w = 44, .box_h = 26, .ofs_x = 2, .ofs_y = 0},
    {.bitmap_index = 24613, .adv_w = 439, .box_w = 24, .box_h = 37, .ofs_x = 2, .ofs_y = -11},
    {.bitmap_index = 24883, .adv_w = 470, .box_w = 26, .box_h = 36, .ofs_x = 2, .ofs_y = 0},
    {.bitmap_index = 25144, .adv_w = 470, .box_w = 26, .box_h = 36, .ofs_x = 2, .ofs_y = 0},
    {.bitmap_index = 25410, .adv_w = 470, .box_w = 26, .box_h = 36, .ofs_x = 2, .ofs_y = 0},
    {.bitmap_index = 25691, .adv_w = 470, .box_w = 26, .box_h = 36, .ofs_x = 2, .ofs_y = 0},
    {.bitmap_index = 25959, .adv_w = 214, .box_w = 13, .box_h = 36, .ofs_x = 3, .ofs_y = 0},
    {.bitmap_index = 26020, .adv_w = 214, .box_w = 16, .box_h = 36, .ofs_x = -1, .ofs_y = 0},
    {.bitmap_index = 26098, .adv_w = 214, .box_w = 13, .box_h = 35, .ofs_x = 0, .ofs_y = 0},
    {.bitmap_index = 26156, .adv_w = 488, .box_w = 27, .box_h = 36, .ofs_x = 2, .ofs_y = 0},
    {.bitmap_index = 26440, .adv_w = 488, .box_w = 27, .box_h = 36, .ofs_x = 2, .ofs_y = 0},
    {.bitmap_index = 26743, .adv_w = 488, .box_w = 27, .box_h = 36, .ofs_x = 2, .ofs_y = 0},
    {.bitmap_index = 27034, .adv_w = 520, .box_w = 25, .box_h = 36, .ofs_x = 4, .ofs_y = 0},
    {.bitmap_index = 27204, .adv_w = 520, .box_w = 25, .box_h = 36, .ofs_x = 4, .ofs_y = 0},
    {.bitmap_index = 27375, .adv_w = 520, .box_w = 25, .box_h = 36, .ofs_x = 4, .ofs_y = 0},
    {.bitmap_index = 27563, .adv_w = 520, .box_w = 25, .box_h = 36, .ofs_x = 4, .ofs_y = 0},
    {.bitmap_index = 27737, .adv_w = 429, .box_w = 29, .box_h = 45, .ofs_x = -2, .ofs_y = -9},
    {.bitmap_index = 28091, .adv_w = 429, .box_w = 29, .box_h = 46, .ofs_x = -2, .ofs_y = -9},
    {.bitmap_index = 28450, .adv_w = 562, .box_w = 38, .box_h = 45, .ofs_x = -1, .ofs_y = -11},
    {.bitmap_index = 28840, .adv_w = 459, .box_w = 24, .box_h = 37, .ofs_x = 2, .ofs_y = -11},
    {.bitmap_index = 29116, .adv_w = 548, .box_w = 31, .box_h = 44, .ofs_x = 2, .ofs_y = 0},
    {.bitmap_index = 29445, .adv_w = 439, .box_w = 24, .box_h = 36, .ofs_x = 2, .ofs_y = 0},
    {.bitmap_index = 29695, .adv_w = 548, .box_w = 31, .box_h = 44, .ofs_x = 2, .ofs_y = 0},
    {.bitmap_index = 30045, .adv_w = 439, .box_w = 24, .box_h = 36, .ofs_x = 2, .ofs_y = 0},
    {.bitmap_index = 30305, .adv_w = 634, .box_w = 33, .box_h = 43, .ofs_x = 5, .ofs_y = 0},
    {.bitmap_index = 30594, .adv_w = 524, .box_w = 35, .box_h = 38, .ofs_x = 2, .ofs_y = 0},
    {.bitmap_index = 30884, .adv_w = 515, .box_w = 26, .box_h = 45, .ofs_x = 5, .ofs_y = -11},
    {.bitmap_index = 31031, .adv_w = 470, .box_w = 26, .box_h = 37, .ofs_x = 2, .ofs_y = -11},
    {.bitmap_index = 31315, .adv_w = 456, .box_w = 26, .box_h = 43, .ofs_x = 3, .ofs_y = 0},
    {.bitmap_index = 31411, .adv_w = 214, .box_w = 13, .box_h = 46, .ofs_x = 3, .ofs_y = 0},
    {.bitmap_index = 31477, .adv_w = 456, .box_w = 24, .box_h = 36, .ofs_x = 5, .ofs_y = 0},
    {.bitmap_index = 31558, .adv_w = 214, .box_w = 14, .box_h = 38, .ofs_x = 4, .ofs_y = 0},
    {.bitmap_index = 31617, .adv_w = 462, .box_w = 29, .box_h = 34, .ofs_x = 0, .ofs_y = 0},
    {.bitmap_index = 31742, .adv_w = 226, .box_w = 16, .box_h = 36, .ofs_x = -1, .ofs_y = 0},
    {.bitmap_index = 31826, .adv_w = 624, .box_w = 29, .box_h = 43, .ofs_x = 5, .ofs_y = 0},
    {.bitmap_index = 32057, .adv_w = 523, .box_w = 25, .box_h = 36, .ofs_x = 4, .ofs_y = 0},
    {.bitmap_index = 32228, .adv_w = 624, .box_w = 29, .box_h = 43, .ofs_x = 5, .ofs_y = 0},
    {.bitmap_index = 32474, .adv_w = 523, .box_w = 25, .box_h = 36, .ofs_x = 4, .ofs_y = 0},
    {.bitmap_index = 32656, .adv_w = 865, .box_w = 50, .box_h = 34, .ofs_x = 2, .ofs_y = 0},
    {.bitmap_index = 32914, .adv_w = 819, .box_w = 48, .box_h = 26, .ofs_x = 2, .ofs_y = 0},
    {.bitmap_index = 33301, .adv_w = 558, .box_w = 28, .box_h = 43, .ofs_x = 5, .ofs_y = 0},
    {.bitmap_index = 33564, .adv_w = 315, .box_w = 17, .box_h = 36, .ofs_x = 4, .ofs_y = 0},
    {.bitmap_index = 33680, .adv_w = 477, .box_w = 27, .box_h = 44, .ofs_x = 1, .ofs_y = 0},
    {.bitmap_index = 34015, .adv_w = 385, .box_w = 22, .box_h = 36, .ofs_x = 1, .ofs_y = 0},
    {.bitmap_index = 34267, .adv_w = 477, .box_w = 27, .box_h = 44, .ofs_x = 1, .ofs_y = 0},
    {.bitmap_index = 34618, .adv_w = 385, .box_w = 22, .box_h = 36, .ofs_x = 1, .ofs_y = 0},
    {.bitmap_index = 34881, .adv_w = 451, .box_w = 28, .box_h = 43, .ofs_x = 0, .ofs_y = 0},
    {.bitmap_index = 35004, .adv_w = 318, .box_w = 19, .box_h = 38, .ofs_x = 0, .ofs_y = 0},
    {.bitmap_index = 35134, .adv_w = 497, .box_w = 33, .box_h = 43, .ofs_x = -1, .ofs_y = 0},
    {.bitmap_index = 35425, .adv_w = 505, .box_w = 29, .box_h = 43, .ofs_x = 2, .ofs_y = 0},
    {.bitmap_index = 35671, .adv_w = 400, .box_w = 23, .box_h = 36, .ofs_x = 1, .ofs_y = 0},
    {.bitmap_index = 35874, .adv_w = 505, .box_w = 29, .box_h = 44, .ofs_x = 2, .ofs_y = 0},
    {.bitmap_index = 36116, .adv_w = 400, .box_w = 23, .box_h = 36, .ofs_x = 1, .ofs_y = 0},
    {.bitmap_index = 36306, .adv_w = 505, .box_w = 29, .box_h = 43, .ofs_x = 2, .ofs_y = 0},
    {.bitmap_index = 36568, .adv_w = 400, .box_w = 23, .box_h = 36, .ofs_x = 1, .ofs_y = 0},
    {.bitmap_index = 36779, .adv_w = 511, .box_w = 25, .box_h = 43, .ofs_x = 5, .ofs_y = 0},
    {.bitmap_index = 36896, .adv_w = 511, .box_w = 25, .box_h = 43, .ofs_x = 5, .ofs_y = 0},
    {.bitmap_index = 37020, .adv_w = 640, .box_w = 39, .box_h = 35, .ofs_x = 0, .ofs_y = -1},
    {.bitmap_index = 37232, .adv_w = 444, .box_w = 23, .box_h = 43, .ofs_x = 5, .ofs_y = 0},
    {.bitmap_index = 37330, .adv_w = 544, .box_w = 31, .box_h = 34, .ofs_x = 2, .ofs_y = 0},
    {.bitmap_index = 37605, .adv_w = 488, .box_w = 27, .box_h = 34, .ofs_x = 2, .ofs_y = 0},
    {.bitmap_index = 37884, .adv_w = 243, .box_w = 5, .box_h = 34, .ofs_x = 5, .ofs_y = 0},
    {.bitmap_index = 37896, .adv_w = 238, .box_w = 15, .box_h = 43, .ofs_x = 0, .ofs_y = 0},
    {.bitmap_index = 37963, .adv_w = 415, .box_w = 22, .box_h = 34, .ofs_x = 0, .ofs_y = 0},
    {.bitmap_index = 38075, .adv_w = 912, .box_w = 56, .box_h = 34, .ofs_x = 0, .ofs_y = 0},
    {.bitmap_index = 38383, .adv_w = 906, .box_w = 50, .box_h = 34, .ofs_x = 5, .ofs_y = 0},
    {.bitmap_index = 38568, .adv_w = 646, .box_w = 39, .box_h = 34, .ofs_x = 0, .ofs_y = 0},
    {.bitmap_index = 38724, .adv_w = 546, .box_w = 29, .box_h = 43, .ofs_x = 5, .ofs_y = 0},
    {.bitmap_index = 38985, .adv_w = 632, .box_w = 30, .box_h = 43, .ofs_x = 5, .ofs_y = 0},
    {.bitmap_index = 39220, .adv_w = 531, .box_w = 33, .box_h = 45, .ofs_x = 0, .ofs_y = -2},
    {.bitmap_index = 39616, .adv_w = 620, .box_w = 29, .box_h = 42, .ofs_x = 5, .ofs_y = -8},
    {.bitmap_index = 39696, .adv_w = 582, .box_w = 36, .box_h = 34, .ofs_x = 0, .ofs_y = 0},
    {.bitmap_index = 40008, .adv_w = 561, .box_w = 28, .box_h = 34, .ofs_x = 5, .ofs_y = 0},
    {.bitmap_index = 40167, .adv_w = 574, .box_w = 29, .box_h = 34, .ofs_x = 5, .ofs_y = 0},
    {.bitmap_index = 40383, .adv_w = 444, .box_w = 23, .box_h = 34, .ofs_x = 5, .ofs_y = 0},
    {.bitmap_index = 40431, .adv_w = 617, .box_w = 38, .box_h = 42, .ofs_x = 0, .ofs_y = -8},
    {.bitmap_index = 40624, .adv_w = 511, .box_w = 25, .box_h = 34, .ofs_x = 5, .ofs_y = 0},
    {.bitmap_index = 40693, .adv_w = 790, .box_w = 49, .box_h = 34, .ofs_x = 0, .ofs_y = 0},
    {.bitmap_index = 41082, .adv_w = 486, .box_w = 28, .box_h = 34, .ofs_x = 0, .ofs_y = 0},
    {.bitmap_index = 41340, .adv_w = 632, .box_w = 30, .box_h = 34, .ofs_x = 5, .ofs_y = 0},
    {.bitmap_index = 41529, .adv_w = 632, .box_w = 30, .box_h = 43, .ofs_x = 5, .ofs_y = 0},
    {.bitmap_index = 41795, .adv_w = 546, .box_w = 29, .box_h = 34, .ofs_x = 5, .ofs_y = 0},
    {.bitmap_index = 42007, .adv_w = 607, .box_w = 33, .box_h = 34, .ofs_x = 0, .ofs_y = 0},
    {.bitmap_index = 42180, .adv_w = 740, .box_w = 36, .box_h = 34, .ofs_x = 5, .ofs_y = 0},
    {.bitmap_index = 42458, .adv_w = 630, .box_w = 30, .box_h = 34, .ofs_x = 5, .ofs_y = 0},
    {.bitmap_index = 42524, .adv_w = 651, .box_w = 37, .box_h = 34, .ofs_x = 2, .ofs_y = 0},
    {.bitmap_index = 42877, .adv_w = 631, .box_w = 30, .box_h = 34, .ofs_x = 5, .ofs_y = 0},
    {.bitmap_index = 42935, .adv_w = 548, .box_w = 28, .box_h = 34, .ofs_x = 5, .ofs_y = 0},
    {.bitmap_index = 43105, .adv_w = 551, .box_w = 32, .box_h = 34, .ofs_x = 2, .ofs_y = 0},
    {.bitmap_index = 43385, .adv_w = 463, .box_w = 29, .box_h = 34, .ofs_x = 0, .ofs_y = 0},
    {.bitmap_index = 43445, .adv_w = 531, .box_w = 33, .box_h = 36, .ofs_x = 0, .ofs_y = -2},
    {.bitmap_index = 43764, .adv_w = 711, .box_w = 41, .box_h = 37, .ofs_x = 2, .ofs_y = -1},
    {.bitmap_index = 44110, .adv_w = 513, .box_w = 32, .box_h = 34, .ofs_x = 0, .ofs_y = 0},
    {.bitmap_index = 44436, .adv_w = 637, .box_w = 34, .box_h = 42, .ofs_x = 5, .ofs_y = -8},
    {.bitmap_index = 44525, .adv_w = 551, .box_w = 29, .box_h = 34, .ofs_x = 1, .ofs_y = 0},
    {.bitmap_index = 44656, .adv_w = 841, .box_w = 43, .box_h = 34, .ofs_x = 5, .ofs_y = 0},
    {.bitmap_index = 44747, .adv_w = 861, .box_w = 48, .box_h = 42, .ofs_x = 5, .ofs_y = -8},
    {.bitmap_index = 44872, .adv_w = 636, .box_w = 38, .box_h = 34, .ofs_x = 0, .ofs_y = 0},
    {.bitmap_index = 45046, .adv_w = 763, .box_w = 38, .box_h = 34, .ofs_x = 5, .ofs_y = 0},
    {.bitmap_index = 45223, .adv_w = 548, .box_w = 28, .box_h = 34, .ofs_x = 5, .ofs_y = 0},
    {.bitmap_index = 45385, .adv_w = 543, .box_w = 31, .box_h = 34, .ofs_x = 1, .ofs_y = 0},
    {.bitmap_index = 45656, .adv_w = 844, .box_w = 46, .box_h = 34, .ofs_x = 5, .ofs_y = 0},
    {.bitmap_index = 46050, .adv_w = 561, .box_w = 28, .box_h = 34, .ofs_x = 2, .ofs_y = 0},
    {.bitmap_index = 46261, .adv_w = 452, .box_w = 23, .box_h = 26, .ofs_x = 2, .ofs_y = 0},
    {.bitmap_index = 46461, .adv_w = 508, .box_w = 28, .box_h = 38, .ofs_x = 2, .ofs_y = 0},
    {.bitmap_index = 46793, .adv_w = 472, .box_w = 23, .box_h = 26, .ofs_x = 4, .ofs_y = 0},
    {.bitmap_index = 46953, .adv_w = 375, .box_w = 20, .box_h = 26, .ofs_x = 4, .ofs_y = 0},
    {.bitmap_index = 46989, .adv_w = 510, .box_w = 31, .box_h = 32, .ofs_x = 0, .ofs_y = -6},
    {.bitmap_index = 47140, .adv_w = 482, .box_w = 26, .box_h = 26, .ofs_x = 2, .ofs_y = 0},
    {.bitmap_index = 47351, .adv_w = 652, .box_w = 41, .box_h = 26, .ofs_x = 0, .ofs_y = 0},
    {.bitmap_index = 47636, .adv_w = 418, .box_w = 23, .box_h = 26, .ofs_x = 1, .ofs_y = 0},
    {.bitmap_index = 47832, .adv_w = 533, .box_w = 25, .box_h = 26, .ofs_x = 4, .ofs_y = 0},
    {.bitmap_index = 47977, .adv_w = 533, .box_w = 25, .box_h = 36, .ofs_x = 4, .ofs_y = 0},
    {.bitmap_index = 48193, .adv_w = 459, .box_w = 25, .box_h = 26, .ofs_x = 4, .ofs_y = 0},
    {.bitmap_index = 48355, .adv_w = 492, .box_w = 27, .box_h = 26, .ofs_x = 0, .ofs_y = 0},
    {.bitmap_index = 48494, .adv_w = 613, .box_w = 30, .box_h = 26, .ofs_x = 4, .ofs_y = 0},
    {.bitmap_index = 48692, .adv_w = 523, .box_w = 25, .box_h = 26, .ofs_x = 4, .ofs_y = 0},
    {.bitmap_index = 48739, .adv_w = 492, .box_w = 27, .box_h = 26, .ofs_x = 2, .ofs_y = 0},
    {.bitmap_index = 48970, .adv_w = 520, .box_w = 25, .box_h = 26, .ofs_x = 4, .ofs_y = 0},
    {.bitmap_index = 49011, .adv_w = 528, .box_w = 27, .box_h = 35, .ofs_x = 4, .ofs_y = -9},
    {.bitmap_index = 49243, .adv_w = 439, .box_w = 24, .box_h = 26, .ofs_x = 2, .ofs_y = 0},
    {.bitmap_index = 49437, .adv_w = 379, .box_w = 24, .box_h = 26, .ofs_x = 0, .ofs_y = 0},
    {.bitmap_index = 49480, .adv_w = 439, .box_w = 29, .box_h = 35, .ofs_x = -1, .ofs_y = -9},
    {.bitmap_index = 49779, .adv_w = 618, .box_w = 35, .box_h = 46, .ofs_x = 2, .ofs_y = -9},
    {.bitmap_index = 50084, .adv_w = 415, .box_w = 26, .box_h = 26, .ofs_x = 0, .ofs_y = 0},
    {.bitmap_index = 50310, .adv_w = 530, .box_w = 28, .box_h = 32, .ofs_x = 4, .ofs_y = -6},
    {.bitmap_index = 50374, .adv_w = 468, .box_w = 23, .box_h = 26, .ofs_x = 2, .ofs_y = 0},
    {.bitmap_index = 50470, .adv_w = 723, .box_w = 37, .box_h = 26, .ofs_x = 4, .ofs_y = 0},
    {.bitmap_index = 50535, .adv_w = 723, .box_w = 41, .box_h = 32, .ofs_x = 4, .ofs_y = -6},
    {.bitmap_index = 50627, .adv_w = 491, .box_w = 30, .box_h = 26, .ofs_x = 0, .ofs_y = 0},
    {.bitmap_index = 50759, .adv_w = 620, .box_w = 31, .box_h = 26, .ofs_x = 4, .ofs_y = 0},
    {.bitmap_index = 50890, .adv_w = 442, .box_w = 23, .box_h = 26, .ofs_x = 4, .ofs_y = 0},
    {.bitmap_index = 51005, .adv_w = 442, .box_w = 25, .box_h = 26, .ofs_x = 1, .ofs_y = 0},
    {.bitmap_index = 51210, .adv_w = 673, .box_w = 36, .box_h = 26, .ofs_x = 4, .ofs_y = 0},
    {.bitmap_index = 51483, .adv_w = 470, .box_w = 23, .box_h = 26, .ofs_x = 2, .ofs_y = 0},
    {.bitmap_index = 51644, .adv_w = 485, .box_w = 26, .box_h = 36, .ofs_x = 2, .ofs_y = 0},
    {.bitmap_index = 51903, .adv_w = 482, .box_w = 26, .box_h = 36, .ofs_x = 2, .ofs_y = 0},
    {.bitmap_index = 52172, .adv_w = 518, .box_w = 30, .box_h = 46, .ofs_x = -1, .ofs_y = -9},
    {.bitmap_index = 52393, .adv_w = 375, .box_w = 20, .box_h = 36, .ofs_x = 4, .ofs_y = 0},
    {.bitmap_index = 52482, .adv_w = 443, .box_w = 25, .box_h = 26, .ofs_x = 2, .ofs_y = 0},
    {.bitmap_index = 52688, .adv_w = 412, .box_w = 22, .box_h = 26, .ofs_x = 2, .ofs_y = 0},
    {.bitmap_index = 52891, .adv_w = 217, .box_w = 7, .box_h = 37, .ofs_x = 3, .ofs_y = 0},
    {.bitmap_index = 52928, .adv_w = 214, .box_w = 13, .box_h = 35, .ofs_x = 0, .ofs_y = 0},
    {.bitmap_index = 52986, .adv_w = 218, .box_w = 15, .box_h = 47, .ofs_x = -5, .ofs_y = -9},
    {.bitmap_index = 53087, .adv_w = 717, .box_w = 44, .box_h = 26, .ofs_x = 0, .ofs_y = 0},
    {.bitmap_index = 53311, .adv_w = 731, .box_w = 41, .box_h = 26, .ofs_x = 4, .ofs_y = 0},
    {.bitmap_index = 53448, .adv_w = 518, .box_w = 31, .box_h = 37, .ofs_x = -2, .ofs_y = 0},
    {.bitmap_index = 53615, .adv_w = 459, .box_w = 25, .box_h = 36, .ofs_x = 4, .ofs_y = 0},
    {.bitmap_index = 53831, .adv_w = 533, .box_w = 25, .box_h = 36, .ofs_x = 4, .ofs_y = 0},
    {.bitmap_index = 54031, .adv_w = 439, .box_w = 29, .box_h = 46, .ofs_x = -1, .ofs_y = -9},
    {.bitmap_index = 54411, .adv_w = 496, .box_w = 23, .box_h = 32, .ofs_x = 4, .ofs_y = -6},
    {.bitmap_index = 54465, .adv_w = 623, .box_w = 38, .box_h = 36, .ofs_x = 0, .ofs_y = 0},
    {.bitmap_index = 54662, .adv_w = 471, .box_w = 28, .box_h = 36, .ofs_x = 0, .ofs_y = 0},
    {.bitmap_index = 54817, .adv_w = 691, .box_w = 43, .box_h = 34, .ofs_x = 0, .ofs_y = 0},
    {.bitmap_index = 55179, .adv_w = 541, .box_w = 34, .box_h = 26, .ofs_x = 0, .ofs_y = 0},
    {.bitmap_index = 55433, .adv_w = 651, .box_w = 37, .box_h = 34, .ofs_x = 2, .ofs_y = 0},
    {.bitmap_index = 55779, .adv_w = 499, .box_w = 27, .box_h = 26, .ofs_x = 2, .ofs_y = 0},
    {.bitmap_index = 56004, .adv_w = 584, .box_w = 36, .box_h = 36, .ofs_x = 0, .ofs_y = 0},
    {.bitmap_index = 56330, .adv_w = 458, .box_w = 29, .box_h = 27, .ofs_x = 0, .ofs_y = 0},
    {.bitmap_index = 56562, .adv_w = 645, .box_w = 35, .box_h = 51, .ofs_x = 5, .ofs_y = -8},
    {.bitmap_index = 56889, .adv_w = 550, .box_w = 29, .box_h = 42, .ofs_x = 4, .ofs_y = -6},
    {.bitmap_index = 57155, .adv_w = 568, .box_w = 33, .box_h = 36, .ofs_x = 1, .ofs_y = 0},
    {.bitmap_index = 57345, .adv_w = 465, .box_w = 27, .box_h = 26, .ofs_x = 1, .ofs_y = 0},
    {.bitmap_index = 57484, .adv_w = 563, .box_w = 28, .box_h = 34, .ofs_x = 5, .ofs_y = 0},
    {.bitmap_index = 57716, .adv_w = 537, .box_w = 27, .box_h = 35, .ofs_x = 4, .ofs_y = -9},
    {.bitmap_index = 57977, .adv_w = 446, .box_w = 23, .box_h = 41, .ofs_x = 5, .ofs_y = 0},
    {.bitmap_index = 58034, .adv_w = 358, .box_w = 19, .box_h = 31, .ofs_x = 4, .ofs_y = 0},
    {.bitmap_index = 58077, .adv_w = 475, .box_w = 28, .box_h = 34, .ofs_x = 1, .ofs_y = 0},
    {.bitmap_index = 58156, .adv_w = 396, .box_w = 22, .box_h = 26, .ofs_x = 2, .ofs_y = 0},
    {.bitmap_index = 58214, .adv_w = 540, .box_w = 27, .box_h = 42, .ofs_x = 5, .ofs_y = -8},
    {.bitmap_index = 58445, .adv_w = 462, .box_w = 24, .box_h = 37, .ofs_x = 4, .ofs_y = -11},
    {.bitmap_index = 58636, .adv_w = 819, .box_w = 51, .box_h = 42, .ofs_x = 0, .ofs_y = -8},
    {.bitmap_index = 59061, .adv_w = 677, .box_w = 43, .box_h = 32, .ofs_x = 0, .ofs_y = -6},
    {.bitmap_index = 59372, .adv_w = 486, .box_w = 28, .box_h = 41, .ofs_x = 0, .ofs_y = -7},
    {.bitmap_index = 59647, .adv_w = 418, .box_w = 23, .box_h = 31, .ofs_x = 1, .ofs_y = -5},
    {.bitmap_index = 59853, .adv_w = 580, .box_w = 31, .box_h = 42, .ofs_x = 5, .ofs_y = -8},
    {.bitmap_index = 60083, .adv_w = 459, .box_w = 27, .box_h = 32, .ofs_x = 4, .ofs_y = -6},
    {.bitmap_index = 60257, .adv_w = 568, .box_w = 30, .box_h = 34, .ofs_x = 5, .ofs_y = 0},
    {.bitmap_index = 60487, .adv_w = 472, .box_w = 25, .box_h = 26, .ofs_x = 4, .ofs_y = 0},
    {.bitmap_index = 60654, .adv_w = 563, .box_w = 34, .box_h = 34, .ofs_x = 1, .ofs_y = 0},
    {.bitmap_index = 60884, .adv_w = 458, .box_w = 29, .box_h = 37, .ofs_x = 0, .ofs_y = 0},
    {.bitmap_index = 61080, .adv_w = 635, .box_w = 39, .box_h = 34, .ofs_x = 0, .ofs_y = 0},
    {.bitmap_index = 61304, .adv_w = 515, .box_w = 32, .box_h = 26, .ofs_x = 0, .ofs_y = 0},
    {.bitmap_index = 61471, .adv_w = 650, .box_w = 35, .box_h = 42, .ofs_x = 5, .ofs_y = -8},
    {.bitmap_index = 61577, .adv_w = 538, .box_w = 29, .box_h = 32, .ofs_x = 4, .ofs_y = -6},
    {.bitmap_index = 61653, .adv_w = 835, .box_w = 47, .box_h = 34, .ofs_x = 5, .ofs_y = 0},
    {.bitmap_index = 61755, .adv_w = 680, .box_w = 39, .box_h = 26, .ofs_x = 4, .ofs_y = 0},
    {.bitmap_index = 61825, .adv_w = 919, .box_w = 51, .box_h = 42, .ofs_x = 5, .ofs_y = -8},
    {.bitmap_index = 62082, .adv_w = 750, .box_w = 42, .box_h = 37, .ofs_x = 4, .ofs_y = -11},
    {.bitmap_index = 62297, .adv_w = 748, .box_w = 42, .box_h = 34, .ofs_x = 2, .ofs_y = 0},
    {.bitmap_index = 62778, .adv_w = 609, .box_w = 34, .box_h = 26, .ofs_x = 2, .ofs_y = 0},
    {.bitmap_index = 63095, .adv_w = 551, .box_w = 32, .box_h = 41, .ofs_x = 2, .ofs_y = -7},
    {.bitmap_index = 63390, .adv_w = 439, .box_w = 24, .box_h = 31, .ofs_x = 2, .ofs_y = -5},
    {.bitmap_index = 63596, .adv_w = 463, .box_w = 29, .box_h = 42, .ofs_x = 0, .ofs_y = -8},
    {.bitmap_index = 63681, .adv_w = 379, .box_w = 24, .box_h = 32, .ofs_x = 0, .ofs_y = -6},
    {.bitmap_index = 63740, .adv_w = 512, .box_w = 32, .box_h = 34, .ofs_x = 0, .ofs_y = 0},
    {.bitmap_index = 63967, .adv_w = 441, .box_w = 28, .box_h = 35, .ofs_x = 0, .ofs_y = -9},
    {.bitmap_index = 64208, .adv_w = 512, .box_w = 32, .box_h = 34, .ofs_x = 0, .ofs_y = 0},
    {.bitmap_index = 64442, .adv_w = 441, .box_w = 28, .box_h = 35, .ofs_x = 0, .ofs_y = -9},
    {.bitmap_index = 64686, .adv_w = 541, .box_w = 34, .box_h = 42, .ofs_x = 0, .ofs_y = -8},
    {.bitmap_index = 65037, .adv_w = 415, .box_w = 28, .box_h = 32, .ofs_x = 0, .ofs_y = -6},
    {.bitmap_index = 65284, .adv_w = 748, .box_w = 46, .box_h = 42, .ofs_x = 0, .ofs_y = -8},
    {.bitmap_index = 65409, .adv_w = 592, .box_w = 36, .box_h = 32, .ofs_x = 0, .ofs_y = -6},
    {.bitmap_index = 65501, .adv_w = 572, .box_w = 34, .box_h = 42, .ofs_x = 1, .ofs_y = -8},
    {.bitmap_index = 65668, .adv_w = 487, .box_w = 27, .box_h = 32, .ofs_x = 2, .ofs_y = -6},
    {.bitmap_index = 65790, .adv_w = 565, .box_w = 29, .box_h = 34, .ofs_x = 1, .ofs_y = 0},
    {.bitmap_index = 65928, .adv_w = 468, .box_w = 24, .box_h = 26, .ofs_x = 1, .ofs_y = 0},
    {.bitmap_index = 66035, .adv_w = 565, .box_w = 28, .box_h = 34, .ofs_x = 5, .ofs_y = 0},
    {.bitmap_index = 66160, .adv_w = 518, .box_w = 25, .box_h = 37, .ofs_x = 4, .ofs_y = 0},
    {.bitmap_index = 66290, .adv_w = 760, .box_w = 45, .box_h = 34, .ofs_x = 1, .ofs_y = 0},
    {.bitmap_index = 66659, .adv_w = 592, .box_w = 36, .box_h = 26, .ofs_x = 0, .ofs_y = 0},
    {.bitmap_index = 66925, .adv_w = 760, .box_w = 45, .box_h = 41, .ofs_x = 1, .ofs_y = -7},
    {.bitmap_index = 67313, .adv_w = 592, .box_w = 36, .box_h = 31, .ofs_x = 0, .ofs_y = -5},
    {.bitmap_index = 67592, .adv_w = 244, .box_w = 6, .box_h = 34, .ofs_x = 5, .ofs_y = 0},
    {.bitmap_index = 67604, .adv_w = 790, .box_w = 49, .box_h = 43, .ofs_x = 0, .ofs_y = 0},
    {.bitmap_index = 68071, .adv_w = 652, .box_w = 41, .box_h = 36, .ofs_x = 0, .ofs_y = 0},
    {.bitmap_index = 68437, .adv_w = 548, .box_w = 29, .box_h = 43, .ofs_x = 5, .ofs_y = -9},
    {.bitmap_index = 68720, .adv_w = 459, .box_w = 24, .box_h = 35, .ofs_x = 4, .ofs_y = -9},
    {.bitmap_index = 68937, .adv_w = 619, .box_w = 38, .box_h = 42, .ofs_x = 0, .ofs_y = -8},
    {.bitmap_index = 69168, .adv_w = 509, .box_w = 31, .box_h = 31, .ofs_x = 0, .ofs_y = -5},
    {.bitmap_index = 69350, .adv_w = 629, .box_w = 30, .box_h = 44, .ofs_x = 5, .ofs_y = -10},
    {.bitmap_index = 69481, .adv_w = 528, .box_w = 25, .box_h = 35, .ofs_x = 4, .ofs_y = -9},
    {.bitmap_index = 69584, .adv_w = 644, .box_w = 35, .box_h = 42, .ofs_x = 5, .ofs_y = -8},
    {.bitmap_index = 69717, .adv_w = 539, .box_w = 29, .box_h = 32, .ofs_x = 4, .ofs_y = -6},
    {.bitmap_index = 69813, .adv_w = 562, .box_w = 28, .box_h = 42, .ofs_x = 2, .ofs_y = -8},
    {.bitmap_index = 69966, .adv_w = 465, .box_w = 24, .box_h = 32, .ofs_x = 1, .ofs_y = -6},
    {.bitmap_index = 70078, .adv_w = 760, .box_w = 42, .box_h = 42, .ofs_x = 5, .ofs_y = -8},
    {.bitmap_index = 70427, .adv_w = 636, .box_w = 35, .box_h = 32, .ofs_x = 4, .ofs_y = -6},
    {.bitmap_index = 70688, .adv_w = 217, .box_w = 6, .box_h = 37, .ofs_x = 4, .ofs_y = 0},
    {.bitmap_index = 70702, .adv_w = 582, .box_w = 36, .box_h = 43, .ofs_x = 0, .ofs_y = 0},
    {.bitmap_index = 71088, .adv_w = 452, .box_w = 23, .box_h = 36, .ofs_x = 2, .ofs_y = 0},
    {.bitmap_index = 71354, .adv_w = 582, .box_w = 36, .box_h = 43, .ofs_x = 0, .ofs_y = 0},
    {.bitmap_index = 71724, .adv_w = 452, .box_w = 23, .box_h = 36, .ofs_x = 2, .ofs_y = 0},
    {.bitmap_index = 71977, .adv_w = 803, .box_w = 48, .box_h = 34, .ofs_x = 0, .ofs_y = 0},
    {.bitmap_index = 72224, .adv_w = 764, .box_w = 44, .box_h = 26, .ofs_x = 2, .ofs_y = 0},
    {.bitmap_index = 72587, .adv_w = 511, .box_w = 25, .box_h = 43, .ofs_x = 5, .ofs_y = 0},
    {.bitmap_index = 72728, .adv_w = 485, .box_w = 26, .box_h = 36, .ofs_x = 2, .ofs_y = 0},
    {.bitmap_index = 73008, .adv_w = 632, .box_w = 37, .box_h = 34, .ofs_x = 1, .ofs_y = 0},
    {.bitmap_index = 73325, .adv_w = 470, .box_w = 26, .box_h = 26, .ofs_x = 2, .ofs_y = 0},
    {.bitmap_index = 73535, .adv_w = 632, .box_w = 37, .box_h = 43, .ofs_x = 1, .ofs_y = 0},
    {.bitmap_index = 73910, .adv_w = 472, .box_w = 26, .box_h = 36, .ofs_x = 2, .ofs_y = 0},
    {.bitmap_index = 74177, .adv_w = 790, .box_w = 49, .box_h = 43, .ofs_x = 0, .ofs_y = 0},
    {.bitmap_index = 74631, .adv_w = 652, .box_w = 41, .box_h = 36, .ofs_x = 0, .ofs_y = 0},
    {.bitmap_index = 74979, .adv_w = 486, .box_w = 28, .box_h = 43, .ofs_x = 0, .ofs_y = 0},
    {.bitmap_index = 75296, .adv_w = 418, .box_w = 23, .box_h = 36, .ofs_x = 1, .ofs_y = 0},
    {.bitmap_index = 75545, .adv_w = 479, .box_w = 27, .box_h = 34, .ofs_x = 1, .ofs_y = 0},
    {.bitmap_index = 75778, .adv_w = 405, .box_w = 25, .box_h = 35, .ofs_x = -1, .ofs_y = -9},
    {.bitmap_index = 76008, .adv_w = 632, .box_w = 30, .box_h = 41, .ofs_x = 5, .ofs_y = 0},
    {.bitmap_index = 76223, .adv_w = 533, .box_w = 25, .box_h = 34, .ofs_x = 4, .ofs_y = 0},
    {.bitmap_index = 76392, .adv_w = 632, .box_w = 30, .box_h = 43, .ofs_x = 5, .ofs_y = 0},
    {.bitmap_index = 76641, .adv_w = 533, .box_w = 25, .box_h = 36, .ofs_x = 4, .ofs_y = 0},
    {.bitmap_index = 76843, .adv_w = 651, .box_w = 37, .box_h = 43, .ofs_x = 2, .ofs_y = 0},
    {.bitmap_index = 77255, .adv_w = 492, .box_w = 27, .box_h = 36, .ofs_x = 2, .ofs_y = 0},
    {.bitmap_index = 77545, .adv_w = 651, .box_w = 37, .box_h = 34, .ofs_x = 2, .ofs_y = 0},
    {.bitmap_index = 77891, .adv_w = 492, .box_w = 27, .box_h = 26, .ofs_x = 2, .ofs_y = 0},
    {.bitmap_index = 78116, .adv_w = 651, .box_w = 37, .box_h = 43, .ofs_x = 2, .ofs_y = 0},
    {.bitmap_index = 78522, .adv_w = 492, .box_w = 27, .box_h = 36, .ofs_x = 2, .ofs_y = 0},
    {.bitmap_index = 78806, .adv_w = 543, .box_w = 31, .box_h = 43, .ofs_x = 1, .ofs_y = 0},
    {.bitmap_index = 79137, .adv_w = 442, .box_w = 25, .box_h = 36, .ofs_x = 1, .ofs_y = 0},
    {.bitmap_index = 79397, .adv_w = 531, .box_w = 33, .box_h = 43, .ofs_x = 0, .ofs_y = -2},
    {.bitmap_index = 79742, .adv_w = 439, .box_w = 29, .box_h = 43, .ofs_x = -1, .ofs_y = -9},
    {.bitmap_index = 80067, .adv_w = 531, .box_w = 33, .box_h = 45, .ofs_x = 0, .ofs_y = -2},
    {.bitmap_index = 80447, .adv_w = 439, .box_w = 29, .box_h = 46, .ofs_x = -1, .ofs_y = -9},
    {.bitmap_index = 80807, .adv_w = 531, .box_w = 33, .box_h = 45, .ofs_x = 0, .ofs_y = -2},
    {.bitmap_index = 81208, .adv_w = 439, .box_w = 29, .box_h = 46, .ofs_x = -1, .ofs_y = -9},
    {.bitmap_index = 81593, .adv_w = 551, .box_w = 29, .box_h = 43, .ofs_x = 1, .ofs_y = 0},
    {.bitmap_index = 81786, .adv_w = 468, .box_w = 23, .box_h = 36, .ofs_x = 2, .ofs_y = 0},
    {.bitmap_index = 81935, .adv_w = 444, .box_w = 23, .box_h = 42, .ofs_x = 5, .ofs_y = -8},
    {.bitmap_index = 82007, .adv_w = 375, .box_w = 20, .box_h = 32, .ofs_x = 4, .ofs_y = -6},
    {.bitmap_index = 82063, .adv_w = 763, .box_w = 38, .box_h = 43, .ofs_x = 5, .ofs_y = 0},
    {.bitmap_index = 82302, .adv_w = 620, .box_w = 31, .box_h = 36, .ofs_x = 4, .ofs_y = 0},
    {.bitmap_index = 82495, .adv_w = 475, .box_w = 28, .box_h = 43, .ofs_x = 1, .ofs_y = -9},
    {.bitmap_index = 82640, .adv_w = 378, .box_w = 23, .box_h = 35, .ofs_x = 0, .ofs_y = -9},
    {.bitmap_index = 82761, .adv_w = 516, .box_w = 31, .box_h = 43, .ofs_x = 0, .ofs_y = -9},
    {.bitmap_index = 83149, .adv_w = 415, .box_w = 26, .box_h = 35, .ofs_x = 0, .ofs_y = -9},
    {.bitmap_index = 83439, .adv_w = 525, .box_w = 31, .box_h = 34, .ofs_x = 1, .ofs_y = 0},
    {.bitmap_index = 83753, .adv_w = 437, .box_w = 26, .box_h = 26, .ofs_x = 1, .ofs_y = 0},
    {.bitmap_index = 83975, .adv_w = 586, .box_w = 31, .box_h = 34, .ofs_x = 4, .ofs_y = 0},
    {.bitmap_index = 84276, .adv_w = 384, .box_w = 24, .box_h = 4, .ofs_x = 0, .ofs_y = 12},
    {.bitmap_index = 84286, .adv_w = 768, .box_w = 48, .box_h = 4, .ofs_x = 0, .ofs_y = 12},
    {.bitmap_index = 84299, .adv_w = 174, .box_w = 7, .box_h = 14, .ofs_x = 2, .ofs_y = 22},
    {.bitmap_index = 84346, .adv_w = 174, .box_w = 7, .box_h = 14, .ofs_x = 2, .ofs_y = 22},
    {.bitmap_index = 84392, .adv_w = 319, .box_w = 16, .box_h = 14, .ofs_x = 2, .ofs_y = 22},
    {.bitmap_index = 84493, .adv_w = 319, .box_w = 16, .box_h = 14, .ofs_x = 2, .ofs_y = 22},
    {.bitmap_index = 84592, .adv_w = 319, .box_w = 16, .box_h = 14, .ofs_x = 2, .ofs_y = -7},
    {.bitmap_index = 84692, .adv_w = 241, .box_w = 9, .box_h = 9, .ofs_x = 3, .ofs_y = 9},
    {.bitmap_index = 84724, .adv_w = 531, .box_w = 29, .box_h = 7, .ofs_x = 2, .ofs_y = 0}
};

/*---------------------
 *  CHARACTER MAPPING
 *--------------------*/

static const uint16_t unicode_list_1[] = {
    0x0, 0xb, 0x10, 0x1b, 0x20, 0x21, 0x22, 0x24,
    0x26, 0x27, 0x28, 0x29, 0x2a, 0x2b, 0x2d, 0x2e,
    0x2f, 0x33, 0x34, 0x36, 0x39, 0x3a, 0x3b, 0x3c,
    0x3d, 0x3f, 0x40, 0x41, 0x42, 0x44, 0x46, 0x47,
    0x48, 0x49, 0x4a, 0x4b, 0x4d, 0x4e, 0x4f, 0x53,
    0x54, 0x56, 0x59, 0x5a, 0x5b, 0x5c, 0x5d, 0x5f,
    0x64, 0x65, 0x66, 0x67, 0x6c, 0x6d, 0x6e, 0x6f,
    0x78, 0x79, 0x99, 0x9a, 0x9d, 0x9e, 0xa1, 0xa2,
    0xa3, 0xa4, 0xa7, 0xa8, 0xb2, 0xb3, 0xb4, 0xb5,
    0xba, 0xbb, 0xc0, 0xc1, 0xc4, 0xc5, 0xd8, 0xd9,
    0xda, 0xdb, 0xdc, 0xdd, 0xde
};

static const uint16_t unicode_list_3[] = {
    0x0, 0x1, 0x8, 0x9, 0x10, 0x11, 0x12, 0x13
};

static const uint16_t unicode_list_5[] = {
    0x0, 0x175, 0x176, 0x17a, 0x17b, 0x17e, 0x17f, 0x180,
    0x184, 0x188
};

/*Collect the unicode lists and glyph_id offsets*/
static const lv_font_fmt_txt_cmap_t cmaps[] =
{
    {
        .range_start = 32, .range_length = 95, .glyph_id_start = 1,
        .unicode_list = NULL, .glyph_id_ofs_list = NULL, .list_length = 0, .type = LV_FONT_FMT_TXT_CMAP_FORMAT0_TINY
    },
    {
        .range_start = 160, .range_length = 223, .glyph_id_start = 96,
        .unicode_list = unicode_list_1, .glyph_id_ofs_list = NULL, .list_length = 85, .type = LV_FONT_FMT_TXT_CMAP_SPARSE_TINY
    },
    {
        .range_start = 1024, .range_length = 96, .glyph_id_start = 181,
        .unicode_list = NULL, .glyph_id_ofs_list = NULL, .list_length = 0, .type = LV_FONT_FMT_TXT_CMAP_FORMAT0_TINY
    },
    {
        .range_start = 1122, .range_length = 20, .glyph_id_start = 277,
        .unicode_list = unicode_list_3, .glyph_id_ofs_list = NULL, .list_length = 8, .type = LV_FONT_FMT_TXT_CMAP_SPARSE_TINY
    },
    {
        .range_start = 1162, .range_length = 118, .glyph_id_start = 285,
        .unicode_list = NULL, .glyph_id_ofs_list = NULL, .list_length = 0, .type = LV_FONT_FMT_TXT_CMAP_FORMAT0_TINY
    },
    {
        .range_start = 7838, .range_length = 393, .glyph_id_start = 403,
        .unicode_list = unicode_list_5, .glyph_id_ofs_list = NULL, .list_length = 10, .type = LV_FONT_FMT_TXT_CMAP_SPARSE_TINY
    }
};

/*-----------------
 *    KERNING
 *----------------*/


/*Map glyph_ids to kern left classes*/
static const uint8_t kern_left_class_mapping[] =
{
    0, 0, 1, 2, 0, 3, 4, 5,
    2, 6, 0, 7, 8, 9, 8, 9,
    10, 11, 0, 12, 13, 14, 15, 16,
    17, 18, 11, 19, 19, 0, 0, 0,
    20, 21, 0, 0, 0, 0, 0, 0,
    0, 0, 0, 0, 0, 0, 0, 0,
    0, 0, 0, 0, 0, 0, 0, 0,
    0, 0, 0, 0, 22, 23, 0, 0,
    24, 0, 0, 0, 0, 0, 0, 0,
    0, 0, 0, 0, 0, 0, 0, 0,
    0, 0, 0, 0, 0, 0, 0, 0,
    0, 0, 0, 0, 22, 0, 0, 8,
    0, 25, 26, 8, 0, 0, 0, 0,
    0, 0, 0, 0, 0, 0, 0, 0,
    0, 0, 0, 0, 0, 0, 0, 0,
    0, 0, 0, 0, 0, 0, 0, 0,
    0, 0, 0, 0, 0, 0, 0, 0,
    0, 0, 0, 0, 0, 0, 0, 0,
    0, 0, 0, 0, 0, 0, 0, 0,
    0, 0, 0, 0, 0, 0, 0, 0,
    0, 0, 0, 0, 0, 0, 0, 0,
    0, 0, 0, 0, 0, 0, 0, 0,
    0, 0, 0, 0, 0, 0, 0, 0,
    0, 0, 0, 0, 0, 0, 0, 0,
    0, 0, 0, 0, 0, 0, 0, 0,
    0, 0, 0, 0, 0, 0, 0, 0,
    0, 0, 0, 0, 0, 0, 0, 0,
    0, 0, 0, 0, 0, 0, 0, 0,
    0, 0, 0, 0, 0, 0, 0, 0,
    0, 0, 0, 0, 0, 0, 0, 0,
    0, 0, 0, 0, 0, 0, 0, 0,
    0, 0, 0, 0, 0, 0, 0, 0,
    0, 0, 0, 0, 0, 0, 0, 0,
    0, 0, 0, 0, 0, 0, 0, 0,
    0, 0, 0, 0, 0, 0, 0, 0,
    0, 0, 0, 0, 0, 0, 0, 0,
    0, 0, 0, 0, 0, 0, 0, 0,
    0, 0, 0, 0, 0, 0, 0, 0,
    0, 0, 0, 0, 0, 0, 0, 0,
    0, 0, 0, 0, 0, 0, 0, 0,
    0, 0, 0, 0, 0, 0, 0, 0,
    0, 0, 0, 0, 0, 0, 0, 0,
    0, 0, 0, 0, 0, 0, 0, 0,
    0, 0, 0, 0, 0, 0, 0, 0,
    0, 0, 0, 0, 0, 0, 0, 0,
    0, 0, 0, 0, 0, 0, 0, 0,
    0, 0, 0, 0, 0, 0, 0, 0,
    0, 0, 0, 0, 0, 0, 0, 0,
    0, 0, 0, 0, 0, 0, 0, 0,
    0, 0, 0, 0, 0, 0, 0, 0,
    0, 0, 0, 0, 8, 0, 27, 28,
    27, 28, 9, 8, 9
};

/*Map glyph_ids to kern right classes*/
static const uint8_t kern_right_class_mapping[] =
{
    0, 0, 1, 2, 0, 3, 4, 5,
    2, 0, 6, 7, 8, 9, 8, 9,
    10, 11, 12, 13, 14, 15, 16, 11,
    17, 18, 19, 20, 20, 0, 0, 0,
    21, 22, 0, 0, 0, 0, 0, 0,
    0, 0, 0, 0, 0, 0, 0, 0,
    0, 0, 0, 0, 0, 0, 0, 0,
    0, 0, 0, 0, 23, 24, 25, 0,
    26, 0, 0, 0, 0, 0, 0, 0,
    0, 0, 0, 0, 0, 0, 0, 0,
    0, 0, 0, 0, 0, 0, 0, 0,
    0, 0, 0, 0, 0, 0, 25, 8,
    0, 8, 27, 28, 0, 0, 0, 0,
    0, 0, 0, 0, 0, 0, 0, 0,
    0, 0, 0, 0, 0, 0, 0, 0,
    0, 0, 0, 0, 0, 0, 0, 0,
    0, 0, 0, 0, 0, 0, 0, 0,
    0, 0, 0, 0, 0, 0, 0, 0,
    0, 0, 0, 0, 0, 0, 0, 0,
    0, 0, 0, 0, 0, 0, 0, 0,
    0, 0, 0, 0, 0, 0, 0, 0,
    0, 0, 0, 0, 0, 0, 0, 0,
    0, 0, 0, 0, 0, 0, 0, 0,
    0, 0, 0, 0, 0, 0, 0, 0,
    0, 0, 0, 0, 0, 0, 0, 0,
    0, 0, 0, 0, 0, 0, 0, 0,
    0, 0, 0, 0, 0, 0, 0, 0,
    0, 0, 0, 0, 0, 0, 0, 0,
    0, 0, 0, 0, 0, 0, 0, 0,
    0, 0, 0, 0, 0, 0, 0, 0,
    0, 0, 0, 0, 0, 0, 0, 0,
    0, 0, 0, 0, 0, 0, 0, 0,
    0, 0, 0, 0, 0, 0, 0, 0,
    0, 0, 0, 0, 0, 0, 0, 0,
    0, 0, 0, 0, 0, 0, 0, 0,
    0, 0, 0, 0, 0, 0, 0, 0,
    0, 0, 0, 0, 0, 0, 0, 0,
    0, 0, 0, 0, 0, 0, 0, 0,
    0, 0, 0, 0, 0, 0, 0, 0,
    0, 0, 0, 0, 0, 0, 0, 0,
    0, 0, 0, 0, 0, 0, 0, 0,
    0, 0, 0, 0, 0, 0, 0, 0,
    0, 0, 0, 0, 0, 0, 0, 0,
    0, 0, 0, 0, 0, 0, 0, 0,
    0, 0, 0, 0, 0, 0, 0, 0,
    0, 0, 0, 0, 0, 0, 0, 0,
    0, 0, 0, 0, 0, 0, 0, 0,
    0, 0, 0, 0, 0, 0, 0, 0,
    0, 0, 0, 0, 0, 0, 0, 0,
    0, 0, 0, 0, 0, 0, 0, 0,
    0, 0, 0, 0, 8, 0, 29, 30,
    29, 30, 9, 8, 9
};

/*Kern values between classes*/
static const int8_t kern_class_values[] =
{
    0, 0, 0, 0, 0, 0, 5, 0,
    0, 0, 0, 8, 0, 0, 0, 0,
    5, 0, 0, 0, 0, 0, 0, 0,
    0, 0, 0, 0, 0, 0, 0, 35,
    0, 21, -17, 0, 15, 0, -42, -46,
    5, 36, 17, 13, -31, 5, 38, 1,
    32, 8, 25, -12, 0, 46, 6, -5,
    15, 0, 0, 0, 0, -23, 0, 0,
    0, 0, -15, 13, 15, 0, 0, -8,
    0, -5, 8, 0, -8, 0, -8, -4,
    -15, 0, 0, -8, 0, -15, -12, 0,
    -19, -8, 0, -21, 0, -93, 0, -15,
    -38, 15, 23, 0, 0, -15, 8, 8,
    25, 15, -13, 15, 0, 0, -44, 0,
    0, -28, 0, 0, -21, 0, -15, -15,
    -9, -38, 0, -31, -5, 0, -23, 0,
    2, 30, 0, -23, -6, 0, 0, 0,
    -13, 0, 0, -5, -57, 0, 0, -61,
    -6, 29, -31, 0, -25, -20, 0, 0,
    0, 0, 0, 0, 0, 0, 0, 25,
    0, 8, 0, 0, -15, 0, 0, 0,
    0, 0, 0, 0, 0, 29, 6, 0,
    0, 0, 0, 0, 5, 15, 8, 23,
    -8, 0, 15, -8, -25, -105, 5, 21,
    15, 1, -10, 0, 28, 0, 25, 0,
    25, 0, 0, 0, 0, -8, 23, 10,
    23, 23, 0, 0, -13, -28, 0, 0,
    -8, 0, -5, 0, 5, -14, -10, -15,
    5, 0, -8, 0, 0, 0, -31, 5,
    0, -50, 0, 0, 0, -8, 0, 0,
    0, -42, 8, -48, 0, 0, -25, -5,
    0, 76, -9, -10, 8, 8, -7, 0,
    -10, 8, 0, 0, -41, -15, 0, -74,
    0, 8, -48, 0, -14, -14, 0, 46,
    -15, 0, -28, 25, 0, -52, -74, -52,
    -15, 23, 0, 0, -51, 0, 9, -18,
    0, -12, 0, -15, 0, 20, 23, -94,
    36, -38, 38, 40, 0, 5, 0, 0,
    0, 0, 5, 5, -9, -15, 0, 0,
    0, -8, 0, 0, -5, 0, 0, 0,
    -15, 0, 0, -15, 0, -15, 1, 0,
    0, 0, 0, 0, 0, 8, -5, 0,
    0, -5, 8, 8, -1, 0, 0, 0,
    -15, 0, -1, 0, 0, 0, 0, 0,
    0, -5, 0, 23, 0, 0, 0, 0,
    0, -8, 0, -8, 0, 0, 0, 0,
    0, 0, 0, 0, -4, -4, 0, -8,
    -9, 0, 0, 0, 0, 0, 0, 0,
    0, 0, -12, 0, 0, 0, 0, -23,
    -5, -23, 15, 0, -15, 8, 15, 21,
    0, -19, -1, -9, 0, -1, -36, 8,
    -5, 5, -41, 8, 0, -38, 0, 15,
    -23, 0, -18, -8, 0, 0, 0, -8,
    0, 0, -8, 0, 0, 0, 0, 0,
    -4, -4, 0, -4, -10, 0, 0, 0,
    0, 0, 0, -8, 0, 0, -9, 0,
    0, 0, 0, -5, 0, -15, 8, 0,
    -9, 4, 8, 8, 0, 0, 0, 0,
    0, 0, -5, 0, 0, 0, 0, 0,
    0, 0, 0, 0, -15, 0, -8, 0,
    0, 23, -5, 0, -25, 0, 21, -38,
    -40, -32, -15, 8, 0, -6, -50, -14,
    0, -14, 0, -15, 12, -14, 0, 8,
    -2, -23, 5, -13, 8, 15, 0, 1,
    0, -8, 0, 0, 5, 0, 8, 0,
    0, 0, 0, 0, 0, 0, 0, 0,
    0, 0, -8, 0, 0, -23, 0, 0,
    0, 0, -4, 0, 0, 8, 0, 0,
    0, 0, 0, 0, 0, 37, 0, 0,
    0, 0, 0, 0, 5, 0, 0, 0,
    -8, 0, 0, -14, 0, 8, 0, 0,
    0, 0, -5, 0, 0, 0, -15, 0,
    9, 0, -38, -23, 0, 0, 0, -12,
    -38, 0, 0, -8, 8, 0, -35, 0,
    -12, 0, 0, -15, 8, 8, 18, 18,
    0, -12, 0, 0, 0, 9, 0, 5,
    -15, -15, 0, -8, -8, -9, 0, 0,
    0, 0, 0, 0, -23, 0, 0, -15,
    6, -23, 8, 0, -9, -12, 0, 6,
    0, 0, 0, 6, 0, -6, 0, 29,
    0, 14, 0, 0, -10, 0, 15, 0,
    0, 0, 6, 0, 0, 23, 0, 22,
    0, 0, 0, 0, 0, -46, 0, -8,
    13, 23, -105, 0, 76, 9, -15, -15,
    8, 8, -5, 0, -38, 0, 0, 37,
    -46, -15, 0, -52, 29, 108, -46, 7,
    -40, -40, 0, -5, 15, -21, 0, 0,
    -8, 0, 8, 99, -15, -6, 25, 21,
    -21, 8, 0, 0, 8, 8, -10, -23,
    0, -100, 22, 0, 0, 8, 0, 0,
    0, 0, 0, 0, 0, 0, 10, -8,
    0, 7, 0, 0, 0, 0, 5, 5,
    0, 0, 0, 0, -8, 0, 0, -44,
    0, 8, 0, 0, 0, 0, 0, 15,
    15, 18, 0, 0, 23, 0, -48, -44,
    1, 33, 23, 13, -31, 5, 32, 0,
    28, 0, 15, 8, 0, 41, 0, 0,
    0, 0, 0, 0, 0, 0, 8, 31,
    -9, 0, 23, 0, -14, -40, 0, 28,
    9, 15, -28, 0, 32, -4, 25, 0,
    28, 0, 0, 40, 0, 0, 0, 0,
    22, 22, 0, 0, 8, 31, -9, 0,
    23, 0, -14, -40, 0, 36, 15, 13,
    -44, 0, 21, 0, 8, 0, 28, 0,
    0, 40, 0, 0, 0, 0, 22, 22
};


/*Collect the kern class' data in one place*/
static const lv_font_fmt_txt_kern_classes_t kern_classes =
{
    .class_pair_values   = kern_class_values,
    .left_class_mapping  = kern_left_class_mapping,
    .right_class_mapping = kern_right_class_mapping,
    .left_class_cnt      = 28,
    .right_class_cnt     = 30,
};

/*--------------------
 *  ALL CUSTOM DATA
 *--------------------*/

#if LVGL_VERSION_MAJOR == 8
/*Store all the custom data of the font*/
static  lv_font_fmt_txt_glyph_cache_t cache;
#endif

#if LVGL_VERSION_MAJOR >= 8
static const lv_font_fmt_txt_dsc_t font_dsc = {
#else
static lv_font_fmt_txt_dsc_t font_dsc = {
#endif
    .glyph_bitmap = glyph_bitmap,
    .glyph_dsc = glyph_dsc,
    .cmaps = cmaps,
    .kern_dsc = &kern_classes,
    .kern_scale = 16,
    .cmap_num = 6,
    .bpp = 4,
    .kern_classes = 1,
    .bitmap_format = 1,
#if LVGL_VERSION_MAJOR == 8
    .cache = &cache
#endif
};



/*-----------------
 *  PUBLIC FONT
 *----------------*/

/*Initialize a public general font descriptor*/
#if LVGL_VERSION_MAJOR >= 8
const lv_font_t lv_font_yora_montserrat_48_cyr = {
#else
lv_font_t lv_font_yora_montserrat_48_cyr = {
#endif
    .get_glyph_dsc = lv_font_get_glyph_dsc_fmt_txt,    /*Function pointer to get glyph's data*/
    .get_glyph_bitmap = lv_font_get_bitmap_fmt_txt,    /*Function pointer to get glyph's bitmap*/
    .line_height = 57,          /*The maximum line height required by the font*/
    .base_line = 11,             /*Baseline measured from the bottom of the line*/
#if !(LVGL_VERSION_MAJOR == 6 && LVGL_VERSION_MINOR == 0)
    .subpx = LV_FONT_SUBPX_NONE,
#endif
#if LV_VERSION_CHECK(7, 4, 0) || LVGL_VERSION_MAJOR >= 8
    .underline_position = -5,
    .underline_thickness = 2,
#endif
    .dsc = &font_dsc,          /*The custom font data. Will be accessed by `get_glyph_bitmap/dsc` */
#if LV_VERSION_CHECK(8, 2, 0) || LVGL_VERSION_MAJOR >= 9
    .fallback = NULL,
#endif
    .user_data = NULL,
};



#endif /*#if LV_FONT_YORA_MONTSERRAT_48_CYR*/

