/*******************************************************************************
 * Size: 22 px
 * Bpp: 4
 * Opts: --font G:\Github\Yoradio_RGB_Panel-1\tools\fonts\Montserrat-Medium.ttf --size 22 --bpp 4 --format lvgl -o src\src\lvgl_ui\fonts\lv_font_yora_montserrat_22_cyr.c -r 0x20-0x7F,0x400-0x4FF,0xB0,0x2022,0x2026,0xC0,0xC1,0xC2,0xC4,0xC6,0xC7,0xC8,0xC9,0xCA,0xCB,0xCD,0xCE,0xCF,0xD3,0xD4,0xD6,0xD9,0xDA,0xDB,0xDC,0xDD,0xDF,0xE0,0xE1,0xE2,0xE4,0xE6,0xE7,0xE8,0xE9,0xEA,0xEB,0xED,0xEE,0xEF,0xF3,0xF4,0xF6,0xF9,0xFA,0xFB,0xFC,0xFD,0xFF,0x104,0x105,0x106,0x107,0x10C,0x10D,0x10E,0x10F,0x118,0x119,0x139,0x13A,0x13D,0x13E,0x141,0x142,0x143,0x144,0x147,0x148,0x152,0x153,0x154,0x155,0x15A,0x15B,0x160,0x161,0x164,0x165,0x178,0x179,0x17A,0x17B,0x17C,0x17D,0x17E,0x1E9E,0xA0,0xAB,0xBB,0x2013-0x2014,0x2018-0x2019,0x201C-0x201E --lv-include lvgl.h
 ******************************************************************************/

#ifdef LV_LVGL_H_INCLUDE_SIMPLE
#include "lvgl.h"
#else
#include "lvgl.h"
#endif

#ifndef LV_FONT_YORA_MONTSERRAT_22_CYR
#define LV_FONT_YORA_MONTSERRAT_22_CYR 1
#endif

#if LV_FONT_YORA_MONTSERRAT_22_CYR

/*-----------------
 *    BITMAPS
 *----------------*/

/*Store the image of the glyphs*/
static LV_ATTRIBUTE_LARGE_CONST const uint8_t glyph_bitmap[] = {
    /* U+0020 " " */

    /* U+0021 "!" */
    0x4f, 0xf1, 0x38, 0x7, 0x8c, 0x40, 0x23, 0x0,
    0x8, 0x6, 0x10, 0xe, 0x10, 0x8, 0xc0, 0x3c,
    0xa8, 0x0, 0xa9, 0x0, 0xe1, 0xcb, 0x6, 0x34,
    0x55, 0x9, 0x20,

    /* U+0022 "\"" */
    0x9f, 0x30, 0x9f, 0x30, 0xf, 0x8, 0x80, 0x40,
    0x3f, 0x8, 0x6, 0x30, 0x8, 0xfc, 0x3, 0xcf,
    0xe2, 0x11, 0xe2,

    /* U+0023 "#" */
    0x0, 0xef, 0x80, 0x9, 0x3d, 0x0, 0x3c, 0x41,
    0xe0, 0x11, 0x3, 0x0, 0x79, 0x80, 0x80, 0x2e,
    0x2, 0x0, 0xf1, 0x3, 0x0, 0x44, 0x20, 0x1a,
    0xff, 0xd2, 0x19, 0xff, 0x28, 0xff, 0xb8, 0x31,
    0x54, 0x20, 0xab, 0x80, 0x95, 0x4c, 0xf, 0x54,
    0x52, 0xaa, 0xc0, 0xb5, 0x48, 0x0, 0xcc, 0xc0,
    0x8, 0x83, 0x80, 0x3e, 0x22, 0x0, 0x42, 0x6,
    0x1, 0xe1, 0x1, 0x0, 0x98, 0x18, 0x2, 0x4a,
    0xa8, 0x12, 0xaa, 0x90, 0x9a, 0xa0, 0x92, 0xa9,
    0x0, 0xd5, 0x63, 0x5, 0x58, 0xdb, 0xfd, 0x1,
    0xbf, 0xf2, 0x17, 0xfc, 0x40, 0x17, 0x81, 0x0,
    0x4c, 0xc0, 0xf, 0x88, 0x40, 0x31, 0x10, 0x3,
    0xe6, 0x20, 0x8, 0x43, 0x80, 0x30,

    /* U+0024 "$" */
    0x0, 0xf3, 0x28, 0x7, 0xfd, 0x5e, 0x1, 0xff,
    0xc9, 0x3a, 0xd3, 0x5e, 0xc7, 0x10, 0x9, 0xf1,
    0x48, 0x0, 0x27, 0x1e, 0x0, 0x38, 0x7, 0xe3,
    0x5f, 0xc5, 0x40, 0x5, 0x2, 0xc0, 0x80, 0x47,
    0x54, 0x0, 0x10, 0x68, 0x7, 0xf8, 0x82, 0x80,
    0x3f, 0xd4, 0x5, 0xce, 0x20, 0x1f, 0x1d, 0x88,
    0xa0, 0x92, 0x54, 0x3, 0x93, 0xa9, 0x40, 0x5a,
    0xb5, 0x0, 0x39, 0x68, 0xcc, 0xe2, 0x56, 0x60,
    0x1f, 0x34, 0x79, 0x5, 0x0, 0x7f, 0xd, 0x1,
    0x2, 0x10, 0x7, 0xdc, 0x4, 0x13, 0xb0, 0x60,
    0x10, 0xc3, 0x5, 0x2, 0x83, 0xe7, 0x9a, 0xf3,
    0x84, 0x18, 0x46, 0xb9, 0x80, 0x42, 0xb8, 0xe0,
    0x11, 0x46, 0x79, 0xaf, 0x51, 0x80, 0x7f, 0xf2,
    0x6b, 0xc0, 0x38,

    /* U+0025 "%" */
    0x0, 0x3e, 0xfe, 0xa0, 0x7, 0xab, 0xc4, 0x2,
    0x68, 0x5a, 0x7b, 0x30, 0xc, 0x8b, 0x22, 0x1,
    0x43, 0x42, 0xd1, 0xc0, 0x6, 0xa4, 0x60, 0x8,
    0x45, 0x80, 0x12, 0x28, 0x5, 0x23, 0x40, 0x1e,
    0x10, 0xb, 0xc0, 0x24, 0x69, 0x10, 0xc, 0x20,
    0x60, 0x16, 0xa8, 0x2, 0x8d, 0x80, 0x3c, 0xf2,
    0x80, 0xaa, 0xf0, 0x91, 0xe0, 0xf, 0xa1, 0xef,
    0xea, 0x10, 0xda, 0xa, 0x3b, 0xe8, 0x40, 0x29,
    0xfd, 0xf7, 0xe, 0x37, 0x86, 0xbb, 0x36, 0x0,
    0x71, 0x0, 0x20, 0xb8, 0x5e, 0xd5, 0x34, 0x94,
    0x3, 0xc6, 0xf0, 0x4a, 0x8, 0x0, 0x13, 0xc0,
    0xf, 0x71, 0xb8, 0x10, 0x8, 0x4, 0xe4, 0x1,
    0xd0, 0x5c, 0x0, 0x20, 0x10, 0x9, 0x88, 0x3,
    0x1b, 0xb8, 0x80, 0xa, 0xe, 0x0, 0x22, 0x60,
    0x6, 0xe2, 0x80, 0x8, 0x5e, 0x5d, 0x7c, 0x94,
    0x2, 0x82, 0xe0, 0xe, 0x87, 0x9a, 0x6c, 0x0,

    /* U+0026 "&" */
    0x0, 0xc9, 0x9d, 0xcc, 0x40, 0xf, 0xcf, 0x66,
    0x88, 0x3b, 0x50, 0xf, 0xa0, 0x32, 0xa9, 0xa1,
    0x20, 0x1e, 0x10, 0x13, 0x0, 0x10, 0x8, 0x7,
    0x84, 0x4, 0x40, 0x6, 0x4, 0x0, 0xf9, 0xc3,
    0x46, 0x24, 0x60, 0x3, 0xe8, 0x33, 0x73, 0x9e,
    0x8, 0x7, 0xc4, 0x1, 0x16, 0x10, 0x7, 0xc9,
    0xa6, 0xc4, 0x4a, 0x0, 0x98, 0xc0, 0x7, 0x61,
    0x73, 0x84, 0xb4, 0x0, 0x8d, 0x0, 0x40, 0x4a,
    0x0, 0xe1, 0x2d, 0x28, 0xb8, 0x1, 0x1, 0xc0,
    0x21, 0xc2, 0x5a, 0xa, 0x0, 0x8, 0x28, 0x6,
    0x1c, 0x10, 0x23, 0x0, 0x38, 0x51, 0x80, 0x45,
    0x62, 0x5, 0x40, 0x8, 0x31, 0xce, 0xce, 0xd5,
    0x3c, 0x25, 0x80, 0x1c, 0x93, 0x3, 0x4, 0xac,
    0x3c, 0x3a, 0x0, 0x9b, 0x3b, 0xfa, 0xd4, 0x0,
    0x38, 0x40,

    /* U+0027 "'" */
    0x9f, 0x30, 0x8, 0x40, 0x40, 0x38, 0xfc, 0x0,
    0xfe, 0x20,

    /* U+0028 "(" */
    0x0, 0x47, 0xb8, 0xb, 0x83, 0x84, 0x83, 0x80,
    0x14, 0x2c, 0x8, 0x82, 0x60, 0x80, 0x80, 0xe,
    0x2, 0x0, 0x18, 0x68, 0x1, 0xc0, 0x40, 0x2,
    0xe, 0x0, 0x30, 0x10, 0x1, 0x80, 0x80, 0x4,
    0x1c, 0x0, 0xe0, 0x20, 0x3, 0xd, 0x0, 0x70,
    0x10, 0x1, 0x1, 0x0, 0x4, 0x41, 0x30, 0x2,
    0x85, 0x80, 0x24, 0x1c, 0x0, 0x2e, 0xe,

    /* U+0029 ")" */
    0x1f, 0xe0, 0x8, 0x58, 0x5c, 0x2, 0xb0, 0x90,
    0x8, 0x8c, 0x50, 0x2, 0xb0, 0xd0, 0x8, 0xc1,
    0x40, 0x25, 0x3, 0x0, 0x84, 0x40, 0x40, 0x11,
    0x80, 0x80, 0x42, 0xe, 0x1, 0x38, 0x8, 0x4,
    0xe0, 0x20, 0x10, 0x83, 0x80, 0x46, 0x2, 0x0,
    0x11, 0x1, 0x0, 0x14, 0xc, 0x2, 0x30, 0x50,
    0xa, 0xc3, 0x40, 0x4, 0x62, 0x80, 0xb, 0x9,
    0x0, 0xb, 0xb, 0x80, 0x0,

    /* U+002A "*" */
    0x0, 0x93, 0xc0, 0x39, 0x0, 0x39, 0x41, 0x6e,
    0xc4, 0x9, 0xb4, 0x4b, 0x6d, 0x21, 0x63, 0x84,
    0x8, 0xa0, 0x15, 0x18, 0x1f, 0x3a, 0x82, 0xce,
    0x10, 0xa6, 0xc8, 0x56, 0x39, 0x12, 0x89, 0xc0,
    0x7, 0x60, 0x19, 0x64, 0x3, 0x0,

    /* U+002B "+" */
    0x0, 0xcd, 0xa8, 0x1, 0xfb, 0x88, 0x40, 0x3f,
    0xf9, 0xcd, 0x99, 0x30, 0x46, 0x64, 0x9c, 0x67,
    0x8, 0x11, 0x9c, 0x31, 0xff, 0x38, 0x57, 0xfc,
    0xa0, 0x1f, 0xfd, 0x50,

    /* U+002C "," */
    0x3, 0xb, 0xcb, 0x60, 0x59, 0x5, 0x70, 0xd4,
    0x7, 0xc4, 0x10,

    /* U+002D "-" */
    0xad, 0xde, 0x26, 0x22, 0xe0,

    /* U+002E "." */
    0x0, 0xa7, 0xe5, 0x81, 0xdc, 0x12,

    /* U+002F "/" */
    0x0, 0xfa, 0x3d, 0x80, 0x3e, 0x50, 0x70, 0xf,
    0x19, 0x20, 0x80, 0x7a, 0x83, 0x80, 0x3e, 0x70,
    0x50, 0xf, 0x20, 0xa8, 0x7, 0xda, 0x1c, 0x1,
    0xf3, 0x82, 0x0, 0x79, 0x5, 0x80, 0x3e, 0xe0,
    0xd0, 0xf, 0x94, 0x50, 0x3, 0xca, 0xe, 0x1,
    0xf7, 0x85, 0x0, 0x7c, 0xa2, 0x60, 0x1e, 0x50,
    0x60, 0xf, 0xb8, 0x2c, 0x3, 0xc2, 0x84, 0x60,
    0x1e, 0x70, 0x50, 0xf, 0xb4, 0x28, 0x3, 0xc2,
    0x84, 0x40, 0xf, 0x30, 0x50, 0x7, 0xc0,

    /* U+0030 "0" */
    0x0, 0x8e, 0xbb, 0xf6, 0x4, 0x3, 0x9f, 0x14,
    0x40, 0x9f, 0xcc, 0x2, 0x68, 0x7, 0xef, 0xc4,
    0x1c, 0x10, 0x18, 0x9, 0x81, 0x3, 0xb3, 0xb,
    0x7, 0x12, 0x60, 0xe, 0xf0, 0x51, 0xc0, 0x50,
    0xf, 0x19, 0x2, 0x30, 0x68, 0x7, 0xce, 0x4,
    0x40, 0x10, 0xf, 0x8c, 0x38, 0x3, 0xff, 0x82,
    0x40, 0x20, 0x1f, 0x18, 0x73, 0x6, 0x80, 0x7c,
    0xe0, 0x58, 0xa, 0x1, 0xe2, 0x20, 0x23, 0x89,
    0x30, 0x7, 0x48, 0x28, 0x8a, 0x2, 0x5c, 0x40,
    0xed, 0x2, 0xc0, 0xc, 0xe1, 0x1d, 0xf8, 0x83,
    0x82, 0x1, 0x46, 0x28, 0x81, 0x3f, 0x98, 0x0,

    /* U+0031 "1" */
    0xdf, 0xfd, 0xa2, 0x1, 0xd9, 0xfe, 0xa0, 0xf,
    0xff, 0xf8, 0x7, 0x0,

    /* U+0032 "2" */
    0x0, 0x1c, 0xef, 0xfb, 0x60, 0x40, 0x2a, 0xc6,
    0x20, 0x1, 0x3f, 0x90, 0x32, 0x8c, 0x6f, 0xf5,
    0x8, 0xb8, 0x1a, 0x71, 0xc8, 0x5, 0x68, 0xc,
    0x41, 0x88, 0x3, 0x90, 0x0, 0x60, 0x1f, 0x88,
    0x0, 0x60, 0x1f, 0xa8, 0xc, 0x40, 0x3e, 0x47,
    0x8, 0x0, 0xf8, 0xec, 0x21, 0x0, 0x3c, 0x78,
    0xc, 0xe0, 0x1e, 0x3c, 0x6, 0x90, 0xf, 0x1e,
    0x3, 0xc8, 0x7, 0x8f, 0x1, 0xe0, 0x3, 0xc9,
    0x80, 0xf0, 0x1, 0xe1, 0xb0, 0x3, 0xff, 0xfb,
    0x48, 0x3, 0xfc, 0x60,

    /* U+0033 "3" */
    0x3f, 0xff, 0xf0, 0x8, 0x7, 0xf0, 0x81, 0x7f,
    0xfb, 0x0, 0x1a, 0x1, 0xf0, 0xe8, 0x49, 0x80,
    0x7d, 0xa2, 0xac, 0x1, 0xf4, 0x99, 0x50, 0x7,
    0xca, 0xc1, 0x60, 0x1f, 0xbc, 0x1, 0x3f, 0x20,
    0x1e, 0xe9, 0x84, 0x6, 0xb0, 0xe, 0x46, 0x7b,
    0xb0, 0x22, 0x0, 0x3f, 0x21, 0x86, 0x0, 0x7f,
    0x30, 0x4, 0xc0, 0x1e, 0x14, 0xe, 0x89, 0xc5,
    0x10, 0x14, 0xc1, 0x13, 0x70, 0x1d, 0x77, 0xf5,
    0x90, 0xe8, 0x37, 0x42, 0x8, 0x9, 0x3f, 0x98,
    0x0,

    /* U+0034 "4" */
    0x0, 0xfd, 0x5f, 0x60, 0x1f, 0xf3, 0x28, 0xd0,
    0x7, 0xf8, 0xe4, 0x34, 0x40, 0x3f, 0xdc, 0x10,
    0x60, 0x1f, 0xea, 0x24, 0x70, 0xf, 0xf3, 0xa8,
    0xd0, 0x7, 0xf8, 0xe0, 0x34, 0x40, 0xd8, 0xc0,
    0x38, 0x74, 0x20, 0xc0, 0x17, 0x36, 0x1, 0xd4,
    0x28, 0xe0, 0x1f, 0xe7, 0x41, 0xa0, 0xf, 0xf0,
    0xc0, 0xf, 0x7f, 0xe7, 0x7, 0xff, 0x31, 0x80,
    0x7f, 0xf0, 0x44, 0xbf, 0xff, 0x30, 0x3f, 0xf9,
    0xc0, 0x3f, 0xfc, 0x20,

    /* U+0035 "5" */
    0x0, 0x5f, 0xff, 0xe0, 0x9, 0x80, 0x3f, 0xe2,
    0xe, 0xff, 0xf0, 0x7, 0x8, 0x7, 0xe2, 0x1,
    0x0, 0xfe, 0x60, 0x20, 0xf, 0xe1, 0x3, 0xff,
    0x6e, 0x41, 0x0, 0x44, 0x1, 0x88, 0xdf, 0x58,
    0x0, 0xff, 0xfb, 0xa8, 0xc2, 0x4c, 0x3, 0xc2,
    0xb8, 0x61, 0x20, 0x1f, 0xd4, 0xc, 0x1, 0xff,
    0xc1, 0x70, 0xf, 0xa8, 0x15, 0x23, 0x9c, 0x80,
    0x7, 0x66, 0x14, 0xe4, 0x31, 0xbf, 0xec, 0x40,
    0x93, 0x36, 0xd2, 0x90, 0x0, 0x9b, 0x18, 0x0,

    /* U+0036 "6" */
    0x0, 0x85, 0xb3, 0xbf, 0x6d, 0x40, 0x23, 0xf9,
    0x31, 0x2, 0x48, 0x0, 0x1e, 0xa, 0x67, 0xfd,
    0x52, 0x0, 0xe0, 0x6b, 0x30, 0x9, 0x50, 0x10,
    0x86, 0x40, 0x3f, 0x68, 0x30, 0x7, 0xf2, 0x86,
    0x83, 0x56, 0x5c, 0x10, 0x0, 0x80, 0xf6, 0x54,
    0xd1, 0xf5, 0xc0, 0x29, 0x28, 0xdf, 0xd5, 0x8,
    0x43, 0x0, 0x53, 0x90, 0x15, 0x28, 0x7b, 0x0,
    0xa8, 0x7, 0x70, 0x29, 0x81, 0x80, 0x79, 0xc0,
    0x14, 0x4, 0x60, 0x1d, 0x60, 0xa4, 0xc1, 0xa8,
    0x1, 0x33, 0x87, 0x84, 0xa8, 0xdf, 0xef, 0xc8,
    0x3a, 0x0, 0x2a, 0x88, 0x24, 0x2b, 0x90, 0x0,

    /* U+0037 "7" */
    0x5f, 0xff, 0xf9, 0x0, 0x3f, 0xf8, 0xe, 0x0,
    0x3f, 0xff, 0x40, 0x11, 0x80, 0x7f, 0x50, 0x58,
    0x9, 0x28, 0x7, 0x21, 0x3, 0x2, 0x6c, 0x80,
    0x77, 0x83, 0x0, 0x7f, 0x12, 0x5, 0x80, 0x7f,
    0x58, 0x21, 0x0, 0x7e, 0x16, 0xf, 0x0, 0xfe,
    0x60, 0x24, 0x0, 0xfe, 0x90, 0xb0, 0xf, 0xe5,
    0x10, 0x60, 0xf, 0xe9, 0x7, 0x0, 0xfe, 0x33,
    0x5, 0x0, 0x7f, 0x48, 0x21, 0x0, 0x7e, 0x15,
    0xf, 0x0, 0xf0,

    /* U+0038 "8" */
    0x0, 0x8a, 0x77, 0xfd, 0xb2, 0x60, 0x1c, 0x9a,
    0xc4, 0x22, 0x26, 0xc7, 0x0, 0x86, 0xc1, 0x7b,
    0xb3, 0x84, 0x18, 0x1, 0x0, 0x68, 0x40, 0x3,
    0x8, 0x16, 0x0, 0x20, 0x20, 0xf, 0x18, 0x8,
    0x0, 0xc0, 0x84, 0x3, 0x90, 0x38, 0x0, 0x86,
    0x3a, 0x82, 0x7, 0x66, 0x2c, 0x1, 0x69, 0x9a,
    0xfb, 0xf1, 0xb, 0x4, 0x2, 0x93, 0x1, 0x33,
    0x8, 0x14, 0x0, 0x4e, 0xe1, 0xae, 0xcc, 0x76,
    0x12, 0xc8, 0x2, 0x42, 0xd4, 0x3, 0x1f, 0x3,
    0x0, 0x4, 0x18, 0x3, 0xc6, 0x0, 0x20, 0x10,
    0x50, 0xf, 0x20, 0x0, 0x81, 0x82, 0x58, 0x3,
    0x2d, 0x2, 0x80, 0x21, 0x42, 0x7f, 0x75, 0xf4,
    0x27, 0x60, 0x15, 0x5a, 0x89, 0x10, 0x52, 0xb0,
    0x40,

    /* U+0039 "9" */
    0x0, 0x9f, 0x3f, 0xdb, 0x22, 0x1, 0x87, 0x60,
    0xc4, 0x44, 0xdc, 0x80, 0x15, 0x11, 0x33, 0xb9,
    0xee, 0x16, 0x40, 0x48, 0x1e, 0x60, 0x14, 0x30,
    0x48, 0x38, 0x11, 0x0, 0x3b, 0x41, 0x4, 0x3,
    0xf8, 0x40, 0xa, 0xe0, 0x46, 0x1, 0xdc, 0x0,
    0x22, 0x20, 0x6b, 0x8, 0x1d, 0xa0, 0x0, 0x42,
    0x8c, 0x67, 0xbf, 0x11, 0x90, 0x2, 0x1c, 0xa5,
    0x33, 0x36, 0x4b, 0x81, 0x0, 0x4b, 0x59, 0x89,
    0x30, 0x30, 0x60, 0xf, 0xe5, 0x2, 0x30, 0xf,
    0xc3, 0x61, 0x40, 0x13, 0x90, 0x0, 0x5b, 0xc4,
    0xdc, 0x0, 0xb1, 0xbf, 0xee, 0x91, 0x5c, 0x0,
    0x9d, 0x88, 0x40, 0x96, 0xe8, 0x2,

    /* U+003A ":" */
    0x8f, 0x87, 0x6, 0x60, 0x34, 0xfc, 0x0, 0x7f,
    0xf0, 0xe7, 0xe5, 0x81, 0xdc, 0x12,

    /* U+003B ";" */
    0x8f, 0x87, 0x6, 0x60, 0x34, 0xfc, 0x0, 0x7f,
    0xf0, 0xe3, 0xe1, 0x81, 0xa4, 0x9, 0x42, 0xd0,
    0x17, 0xc, 0xa7, 0x80,

    /* U+003C "<" */
    0x0, 0xfc, 0x2e, 0x60, 0x1e, 0x3a, 0xe8, 0x60,
    0x8, 0x5f, 0x71, 0x4e, 0x54, 0xe, 0xba, 0xd,
    0xb7, 0x18, 0x1f, 0x15, 0x2b, 0xa4, 0x80, 0x2f,
    0x1, 0xc4, 0x0, 0xf4, 0xb8, 0x47, 0x52, 0x0,
    0x61, 0x8e, 0xa4, 0x5b, 0xe7, 0x10, 0xc, 0xb7,
    0xae, 0x11, 0xc8, 0x1, 0xc5, 0x1d, 0x48, 0x20,
    0x1f, 0x96, 0xd4,

    /* U+003D "=" */
    0x8f, 0xff, 0xe5, 0xe3, 0x3f, 0xe1, 0x6c, 0xcf,
    0xe4, 0x0, 0xff, 0xe5, 0x36, 0x67, 0xf2, 0x71,
    0x9f, 0xf0, 0x80,

    /* U+003E ">" */
    0x56, 0x0, 0xfe, 0xd9, 0xe9, 0x20, 0xf, 0x4c,
    0x1b, 0x6e, 0x28, 0x6, 0x17, 0xdb, 0x53, 0xae,
    0x82, 0x0, 0xc9, 0x5d, 0x26, 0xfa, 0x80, 0x1c,
    0x28, 0xa0, 0x1, 0x0, 0xcb, 0x9a, 0xe5, 0xa,
    0x5, 0x3d, 0x46, 0xb9, 0xae, 0xf, 0xac, 0x71,
    0xd4, 0x60, 0x17, 0xad, 0xeb, 0x88, 0x7, 0x45,
    0x20, 0x7, 0xe0,

    /* U+003F "?" */
    0x0, 0x25, 0x6f, 0xfb, 0x60, 0x40, 0x2a, 0xb5,
    0x21, 0x2, 0x7f, 0x20, 0x85, 0x1a, 0xfe, 0xfb,
    0x11, 0x70, 0x44, 0xfa, 0x80, 0x49, 0x60, 0x60,
    0x6, 0x10, 0xe, 0x70, 0xf, 0xf9, 0x0, 0x80,
    0x3f, 0x24, 0x84, 0x80, 0x7c, 0x96, 0x12, 0x80,
    0x1e, 0x2b, 0x9, 0x60, 0xf, 0xa4, 0x19, 0x80,
    0x1f, 0x98, 0x68, 0x3, 0xfb, 0x78, 0xc0, 0x3f,
    0xf9, 0x35, 0x84, 0x1, 0xf9, 0x14, 0xe8, 0x3,
    0xf2, 0x18, 0xd8, 0x6,

    /* U+0040 "@" */
    0x0, 0xf2, 0xce, 0xf7, 0xf6, 0xca, 0x0, 0x7f,
    0x97, 0xa9, 0xdc, 0xd0, 0xce, 0xeb, 0xd4, 0x0,
    0xfa, 0xa8, 0x57, 0xd5, 0xf, 0x15, 0xd6, 0x16,
    0xe0, 0x1d, 0x4a, 0xf8, 0x80, 0x1f, 0x26, 0xb4,
    0x38, 0x4, 0xca, 0xd0, 0x0, 0x5c, 0xff, 0x62,
    0x87, 0xf4, 0xac, 0x18, 0x2, 0xe, 0x40, 0x15,
    0x43, 0x23, 0x2a, 0x90, 0xa, 0x86, 0x1, 0x46,
    0x0, 0xe, 0xa5, 0xba, 0xce, 0x86, 0x0, 0xd0,
    0x83, 0xe0, 0x80, 0x9, 0xf, 0x20, 0x9, 0xd8,
    0x3, 0x38, 0x3b, 0x18, 0x1, 0x5, 0x8, 0x3,
    0xa8, 0x3, 0x8, 0xbc, 0x98, 0x0, 0x40, 0x40,
    0x1e, 0x30, 0xe, 0x33, 0x0, 0x7f, 0xf2, 0x49,
    0x80, 0x4, 0x4, 0x1, 0xe3, 0x0, 0xe3, 0x33,
    0x18, 0x1, 0x5, 0x8, 0x3, 0xa4, 0x3, 0x10,
    0xff, 0x81, 0x40, 0x12, 0x1e, 0x40, 0x14, 0x28,
    0x8, 0x82, 0xc1, 0xd4, 0x60, 0x0, 0xea, 0x5b,
    0x98, 0xe7, 0x66, 0x7, 0xe3, 0x38, 0x84, 0x14,
    0x80, 0x2a, 0x86, 0x71, 0x54, 0xc2, 0x9, 0x3c,
    0x0, 0x19, 0x5a, 0x0, 0xb, 0x9f, 0xec, 0x50,
    0x1b, 0xfe, 0x80, 0xd, 0x4a, 0xf8, 0x80, 0x1f,
    0x10, 0x7, 0xf5, 0x49, 0x5f, 0x54, 0x42, 0x6f,
    0xf0, 0x3, 0xfc, 0xdd, 0x48, 0xec, 0xef, 0xb4,
    0x3, 0xc0,

    /* U+0041 "A" */
    0x0, 0xf9, 0x3f, 0xca, 0x1, 0xff, 0xc2, 0xf0,
    0x4, 0x80, 0x7f, 0xf0, 0x49, 0x4, 0x46, 0x60,
    0xf, 0xfe, 0x5, 0x83, 0x48, 0x48, 0x7, 0xff,
    0x1, 0x82, 0x98, 0x14, 0x40, 0x3f, 0xce, 0x8,
    0x42, 0xa1, 0x20, 0x1f, 0xea, 0xf, 0x0, 0x48,
    0x30, 0x7, 0xf2, 0x91, 0x10, 0x0, 0x66, 0x16,
    0x0, 0xfd, 0x21, 0x60, 0x1a, 0x42, 0xc0, 0x3e,
    0x23, 0x6, 0x0, 0xca, 0x24, 0x80, 0x1e, 0xb0,
    0x6, 0x67, 0x80, 0x1e, 0x1, 0xc2, 0xc0, 0x3,
    0x3f, 0x8, 0x21, 0x0, 0x66, 0x4, 0xff, 0xfc,
    0xa1, 0x60, 0x1a, 0x43, 0xc0, 0x3f, 0x48, 0x30,
    0x80, 0x14, 0x49, 0x0, 0x3f, 0x19, 0x3, 0x0,
    0x24, 0x28, 0x3, 0xfd, 0x61, 0x20,

    /* U+0042 "B" */
    0xbf, 0xff, 0xba, 0xd4, 0x3, 0x84, 0x8b, 0x85,
    0x2a, 0x80, 0x19, 0xb7, 0x7b, 0xdc, 0x15, 0x40,
    0x1f, 0xe8, 0x40, 0xf0, 0xf, 0xf8, 0xc0, 0x40,
    0x3f, 0xe3, 0x3, 0x0, 0xff, 0x3a, 0x5, 0x0,
    0x4d, 0xbb, 0xdf, 0x3, 0x64, 0x1, 0x9, 0x17,
    0x0, 0x7, 0xc4, 0x2, 0x7f, 0xfe, 0xeb, 0x34,
    0xc0, 0xf, 0xe1, 0x4c, 0x12, 0x50, 0xf, 0xf9,
    0x40, 0x80, 0x3f, 0xe6, 0x0, 0xff, 0x86, 0x88,
    0x14, 0x0, 0xdb, 0xbd, 0xdc, 0x50, 0x82, 0x0,
    0x9, 0x17, 0x9, 0x2e, 0x38, 0x0,

    /* U+0043 "C" */
    0x0, 0xc5, 0x1b, 0xdf, 0xd4, 0xa0, 0x1e, 0x9d,
    0x72, 0x10, 0x15, 0xad, 0x20, 0xb, 0x18, 0x16,
    0xfb, 0xf6, 0x44, 0xb8, 0x1, 0x26, 0x15, 0x44,
    0x10, 0x26, 0xe6, 0xe0, 0x26, 0xa, 0x50, 0xf,
    0xa4, 0x82, 0x80, 0xd4, 0x3, 0xfe, 0x40, 0xb0,
    0xf, 0xfe, 0x1, 0x1, 0x80, 0x7f, 0xf3, 0xc8,
    0xc, 0x3, 0xff, 0x80, 0x81, 0x60, 0x1f, 0xfc,
    0xa, 0x3, 0x50, 0xf, 0xf8, 0x98, 0x29, 0x0,
    0x3e, 0x92, 0x0, 0x49, 0x85, 0xd2, 0x8, 0xb,
    0x73, 0x70, 0x5, 0x8c, 0xb, 0x7d, 0xfd, 0x22,
    0x5c, 0x1, 0xa7, 0x5c, 0x80, 0x2, 0xb5, 0xa4,
    0x0,

    /* U+0044 "D" */
    0xbf, 0xff, 0x76, 0xc9, 0x80, 0x7f, 0xf0, 0x4,
    0x9b, 0x2c, 0x40, 0x39, 0xff, 0xfb, 0x5c, 0x13,
    0xc4, 0x3, 0xfc, 0x51, 0xa4, 0x3a, 0x1, 0xff,
    0xc0, 0x2f, 0x3, 0x60, 0xf, 0xfe, 0x1, 0x30,
    0x50, 0x7, 0xff, 0x7, 0x40, 0xc0, 0x3f, 0xf8,
    0x2c, 0x0, 0x10, 0xf, 0xfe, 0x83, 0x0, 0x4,
    0x3, 0xff, 0x81, 0xa0, 0x60, 0x1f, 0xfc, 0x2,
    0x60, 0xa0, 0xf, 0xf8, 0xbc, 0xd, 0x80, 0x3f,
    0x8a, 0x34, 0x87, 0x40, 0x33, 0xff, 0xf6, 0xb8,
    0x27, 0x88, 0x7, 0xf0, 0x93, 0x65, 0x88, 0x4,

    /* U+0045 "E" */
    0xbf, 0xff, 0xf1, 0x0, 0x7f, 0xf0, 0x9f, 0xff,
    0xf1, 0x0, 0x7f, 0xf9, 0x9f, 0xbb, 0xe3, 0x0,
    0xc2, 0x3f, 0x0, 0x67, 0xff, 0xf8, 0xc0, 0x3f,
    0xfc, 0xef, 0xff, 0xf9, 0xc0, 0x3f, 0xf8, 0x0,

    /* U+0046 "F" */
    0xbf, 0xff, 0xf1, 0x0, 0x7f, 0xf0, 0x9f, 0xff,
    0xf1, 0x0, 0x7f, 0xfc, 0x9f, 0xff, 0xe3, 0x0,
    0xff, 0xe1, 0xbf, 0xff, 0xc6, 0x1, 0xff, 0xf1,

    /* U+0047 "G" */
    0x0, 0xc5, 0x19, 0xdf, 0xd6, 0xc0, 0x1e, 0x9d,
    0x73, 0x10, 0x14, 0x9e, 0x40, 0xa, 0xd8, 0x16,
    0xfb, 0xfa, 0x8c, 0x68, 0x1, 0x28, 0x17, 0x48,
    0x20, 0x2b, 0x8f, 0xa0, 0x4c, 0x14, 0x80, 0x1f,
    0x41, 0x85, 0x1, 0xa8, 0x7, 0xfc, 0x81, 0x60,
    0x1f, 0xfc, 0x2, 0x3, 0x0, 0xfe, 0x11, 0x0,
    0x7f, 0xf0, 0x7b, 0x82, 0x40, 0x60, 0x1f, 0xfc,
    0x4, 0xb, 0x0, 0xff, 0xe0, 0x50, 0x1a, 0x80,
    0x7f, 0xc4, 0xc1, 0x48, 0x1, 0xff, 0x49, 0x85,
    0xd2, 0x8, 0x12, 0xd8, 0x7, 0x63, 0x2, 0xdf,
    0x7e, 0xd2, 0x4, 0x88, 0x5, 0x3a, 0xe4, 0x20,
    0x29, 0x1c, 0xc0,

    /* U+0048 "H" */
    0xbf, 0x80, 0xf, 0xd5, 0xf0, 0x1, 0xff, 0xff,
    0x0, 0xff, 0x9f, 0xff, 0xf2, 0x80, 0x7f, 0xf1,
    0x9f, 0xff, 0xf2, 0x80, 0x7f, 0xff, 0xc0, 0x3f,
    0xe0,

    /* U+0049 "I" */
    0xbf, 0x80, 0xf, 0xff, 0x8,

    /* U+004A "J" */
    0x0, 0x57, 0xff, 0xc2, 0x0, 0x30, 0xf, 0xf4,
    0xff, 0xee, 0x0, 0xff, 0xff, 0x80, 0x7f, 0xf2,
    0xcc, 0x0, 0x20, 0x6a, 0x1, 0x9c, 0x4, 0x1,
    0xb4, 0xe0, 0x3, 0xb0, 0x70, 0x3, 0x4, 0x7f,
    0xb0, 0x45, 0x0, 0x8, 0xb4, 0x10, 0x16, 0xf1,
    0x0,

    /* U+004B "K" */
    0xbf, 0x80, 0xf, 0xa7, 0xf4, 0x40, 0x3f, 0xa1,
    0x87, 0x4, 0x3, 0xf3, 0xb8, 0x70, 0x40, 0x3f,
    0x34, 0x6, 0x90, 0x7, 0xe5, 0x90, 0xb3, 0x0,
    0xfc, 0x94, 0x14, 0x80, 0x1f, 0x8e, 0xc2, 0x14,
    0x3, 0xf1, 0xe0, 0x1, 0x80, 0x3f, 0x16, 0x80,
    0x5a, 0x1, 0xf9, 0x45, 0x30, 0xe, 0x40, 0x3f,
    0x1d, 0x9d, 0x3, 0x30, 0x3, 0xc7, 0x80, 0x5,
    0x70, 0x93, 0x0, 0xe4, 0x0, 0xd0, 0xa1, 0xa2,
    0x1, 0xfe, 0xa3, 0x1d, 0x0, 0xff, 0xb4, 0x4e,
    0x40, 0x3f, 0xc3, 0xa0, 0xcc,

    /* U+004C "L" */
    0xbf, 0x80, 0xf, 0xff, 0xf8, 0x7, 0xff, 0xfc,
    0x2, 0x7f, 0xff, 0xb0, 0x3, 0xfc, 0x20,

    /* U+004D "M" */
    0xbf, 0x60, 0xf, 0xf9, 0xbe, 0x80, 0x10, 0x1,
    0xff, 0x40, 0x6, 0x18, 0x0, 0xfe, 0x81, 0x0,
    0xe7, 0x20, 0xf, 0x89, 0xc0, 0x38, 0x42, 0x0,
    0x3e, 0x80, 0x20, 0xd, 0x22, 0xa6, 0x1, 0xc6,
    0xa5, 0x40, 0x18, 0x6c, 0x3c, 0x3, 0xbc, 0x20,
    0x40, 0x39, 0x4c, 0xcc, 0x1, 0x29, 0xa2, 0x80,
    0x7d, 0xe1, 0x0, 0x15, 0x84, 0x0, 0x7e, 0x35,
    0x18, 0x7, 0x16, 0x30, 0x8, 0x40, 0x3a, 0xc1,
    0xce, 0x2, 0x0, 0x3f, 0xc3, 0x1, 0x81, 0x2,
    0x1, 0xff, 0x38, 0x81, 0x38, 0x7, 0xff, 0x6,
    0xc2, 0x0, 0x3f, 0xf8, 0x4b, 0xca, 0x1, 0xff,
    0xc3, 0x10, 0xf, 0xc0,

    /* U+004E "N" */
    0xbf, 0x70, 0xf, 0xd5, 0xf0, 0x0, 0x84, 0x0,
    0xff, 0xe0, 0xd0, 0x80, 0x7f, 0xf0, 0x7, 0x40,
    0x3f, 0xe4, 0x3, 0x90, 0xf, 0xf1, 0xd0, 0x32,
    0x80, 0x7f, 0x95, 0x82, 0x88, 0x3, 0xfd, 0x26,
    0x1e, 0x1, 0xff, 0x70, 0x95, 0x80, 0x7f, 0x8a,
    0x81, 0x1c, 0x3, 0xfc, 0x8e, 0x10, 0x80, 0x1f,
    0xe8, 0x40, 0xa1, 0x0, 0xff, 0x50, 0x89, 0x0,
    0x3f, 0xc3, 0xa0, 0x1f, 0xfc, 0x13, 0x90, 0xf,
    0xfe, 0xb, 0x28, 0x0,

    /* U+004F "O" */
    0x0, 0xc5, 0x19, 0xdf, 0xd6, 0xc0, 0x1f, 0xa7,
    0x5c, 0xc4, 0x5, 0x27, 0x4c, 0x3, 0xad, 0x81,
    0x6f, 0xbf, 0x60, 0x4b, 0x10, 0x2, 0x94, 0xb,
    0xa4, 0x10, 0x27, 0xf4, 0xb, 0x20, 0x26, 0xa,
    0x40, 0xf, 0xd, 0x90, 0x40, 0x50, 0x1a, 0x80,
    0x7f, 0x40, 0x28, 0x20, 0x58, 0x7, 0xf9, 0x40,
    0x8, 0x40, 0x60, 0x1f, 0xf1, 0x1, 0x0, 0x7f,
    0xf1, 0xc, 0x80, 0xc0, 0x3f, 0xe2, 0x1, 0x40,
    0xb0, 0xf, 0xf2, 0x80, 0x12, 0x80, 0xd4, 0x3,
    0xfa, 0x1, 0x40, 0x98, 0x29, 0x0, 0x3e, 0xb2,
    0x8, 0x0, 0x49, 0x85, 0xd1, 0x88, 0x13, 0x72,
    0x5, 0x90, 0x5, 0x8c, 0xb, 0x9d, 0xfb, 0x22,
    0x58, 0x80, 0x1d, 0x3a, 0xe4, 0x20, 0x29, 0x3a,
    0x60, 0x10,

    /* U+0050 "P" */
    0xbf, 0xff, 0x75, 0xb0, 0x7, 0xf8, 0x52, 0x74,
    0x80, 0x27, 0xff, 0xdd, 0x44, 0x4f, 0x0, 0xfc,
    0x2b, 0x82, 0x4c, 0x1, 0xfc, 0x2e, 0x18, 0x1,
    0xfe, 0xe0, 0x10, 0xf, 0xf7, 0x0, 0x80, 0x7f,
    0xb, 0x86, 0x0, 0x7c, 0x2b, 0x82, 0x4c, 0x0,
    0x7f, 0xfd, 0xd4, 0x44, 0xf0, 0xf, 0xc2, 0x93,
    0xa4, 0x1, 0x3f, 0xfe, 0xeb, 0x60, 0xf, 0xff,
    0x58,

    /* U+0051 "Q" */
    0x0, 0xc5, 0x19, 0xdf, 0xd6, 0xc0, 0x1f, 0xd3,
    0xae, 0x62, 0x2, 0x93, 0xa6, 0x1, 0xeb, 0x60,
    0x5b, 0xef, 0xd8, 0x12, 0xc4, 0x0, 0xd2, 0x81,
    0x54, 0x41, 0x2, 0x7f, 0x40, 0xb1, 0x0, 0x13,
    0x5, 0x28, 0x7, 0x86, 0xc8, 0x2c, 0x1, 0x40,
    0x6a, 0x1, 0xfd, 0x0, 0xa0, 0x4, 0xb, 0x0,
    0xff, 0x28, 0x1, 0x0, 0x80, 0xc0, 0x3f, 0xe2,
    0x1, 0x0, 0xff, 0xe3, 0x90, 0x18, 0x7, 0xfc,
    0x40, 0x20, 0xa1, 0x60, 0x1f, 0xe4, 0x0, 0x20,
    0x58, 0x1a, 0x0, 0x7f, 0x40, 0x28, 0x0, 0x94,
    0x28, 0xc0, 0x3e, 0xa3, 0x8, 0x0, 0xa8, 0x87,
    0x24, 0x80, 0x2, 0xba, 0xa1, 0x44, 0x1, 0xb5,
    0x1, 0xb7, 0xfd, 0xd4, 0x43, 0x6a, 0x1, 0xeb,
    0xb2, 0x88, 0x4, 0x53, 0xc8, 0x1, 0xf9, 0x2b,
    0xbd, 0x0, 0xcc, 0x1, 0x3c, 0x0, 0x7f, 0x5b,
    0xd, 0x76, 0x7c, 0x20, 0x7, 0xfa, 0x6d, 0x40,
    0xca, 0x30, 0x0,

    /* U+0052 "R" */
    0xbf, 0xff, 0x75, 0xb0, 0x7, 0xf8, 0x52, 0x74,
    0x80, 0x27, 0xff, 0xdd, 0x44, 0x4f, 0x0, 0xfc,
    0x2b, 0x82, 0x4c, 0x1, 0xfc, 0x2e, 0x18, 0x1,
    0xfe, 0xe0, 0x10, 0xf, 0xf7, 0x1, 0x0, 0x7f,
    0xb, 0x87, 0x80, 0x7e, 0x4c, 0x12, 0x60, 0x3,
    0xf7, 0x6f, 0xb2, 0x27, 0x80, 0x61, 0x1c, 0x0,
    0x5d, 0x20, 0x9, 0xff, 0xf5, 0x2, 0x8, 0x7,
    0xf2, 0xa0, 0xd8, 0x7, 0xfa, 0x85, 0x54, 0x1,
    0xfc, 0x30, 0x16, 0x20, 0x1f, 0xcc, 0x83, 0x60,

    /* U+0053 "S" */
    0x0, 0x8a, 0x77, 0xfd, 0xd6, 0xc0, 0x19, 0xb5,
    0x88, 0x4, 0x49, 0x3c, 0x0, 0x39, 0x6, 0xef,
    0xef, 0xb4, 0x40, 0x2, 0x81, 0x24, 0x40, 0x24,
    0xba, 0x0, 0x10, 0x60, 0x7, 0xf8, 0x82, 0xc0,
    0x3f, 0xd4, 0x7, 0xae, 0x40, 0x1f, 0x1d, 0x9,
    0x46, 0xf4, 0xa0, 0x7, 0x2f, 0x4a, 0x0, 0xb5,
    0xea, 0x0, 0x73, 0x5f, 0xe3, 0x89, 0x59, 0x80,
    0x7c, 0x71, 0xe4, 0x14, 0x1, 0xfc, 0x34, 0x4,
    0x8, 0x40, 0x1f, 0x68, 0x10, 0x4e, 0xd2, 0x0,
    0x43, 0xa, 0x14, 0x14, 0xb, 0x7f, 0xdf, 0xce,
    0x10, 0x60, 0xfd, 0x8, 0x22, 0x2, 0x6c, 0x70,

    /* U+0054 "T" */
    0xef, 0xff, 0xfb, 0x4c, 0x3, 0xfe, 0x1d, 0xff,
    0xca, 0xf, 0xff, 0xb0, 0x3, 0xff, 0xfe, 0x1,
    0xff, 0xff, 0x0, 0xff, 0xe3, 0x80,

    /* U+0055 "U" */
    0xdf, 0x60, 0xf, 0xdf, 0xe3, 0x0, 0xff, 0xff,
    0x80, 0x7f, 0xf6, 0x44, 0x3, 0xff, 0x80, 0x2e,
    0x1c, 0x1, 0xf0, 0x80, 0xc, 0xc0, 0x80, 0x1f,
    0x20, 0x8, 0xa8, 0xd, 0x40, 0x3d, 0x0, 0xc0,
    0x4a, 0x14, 0xe4, 0x0, 0x4d, 0x21, 0x90, 0x5,
    0x20, 0x46, 0xff, 0xac, 0x87, 0x44, 0x2, 0xba,
    0x41, 0x0, 0x1c, 0x79, 0x80, 0x0,

    /* U+0056 "V" */
    0xc, 0xf9, 0x0, 0xff, 0x5f, 0xb8, 0x50, 0x30,
    0x7, 0xf1, 0x20, 0x30, 0x30, 0x83, 0x0, 0x7e,
    0xb0, 0x51, 0x0, 0x30, 0x58, 0x7, 0xe6, 0x9,
    0x0, 0xa8, 0x8, 0xc0, 0x3c, 0xc0, 0x66, 0x0,
    0x89, 0x2, 0x40, 0x3d, 0x61, 0x20, 0x1d, 0xe0,
    0xa2, 0x1, 0x90, 0x85, 0x40, 0x39, 0x8, 0x24,
    0x3, 0x78, 0x30, 0x7, 0xd6, 0xc, 0x1, 0x12,
    0x4, 0x80, 0x7c, 0xc0, 0x2a, 0x0, 0xa0, 0x51,
    0x0, 0xfc, 0xc1, 0x20, 0x6, 0xe, 0x0, 0xfe,
    0xb0, 0x33, 0x30, 0x92, 0x0, 0x7f, 0x12, 0x5,
    0x58, 0x58, 0x7, 0xfd, 0xe0, 0xc4, 0xc, 0x1,
    0xff, 0x21, 0x0, 0x18, 0x3, 0xff, 0x83, 0x40,
    0xb, 0x0, 0xf0,

    /* U+0057 "W" */
    0x2f, 0xf1, 0x0, 0x7d, 0x7f, 0x40, 0x1f, 0x17,
    0xf0, 0x11, 0x1, 0x40, 0x3e, 0x40, 0x50, 0xf,
    0xa8, 0x1c, 0x1, 0x41, 0x60, 0x1e, 0x50, 0x9,
    0x0, 0x3c, 0xa1, 0xa0, 0x5, 0x3, 0x10, 0xe,
    0xe0, 0x20, 0xd0, 0xe, 0x22, 0xa, 0x0, 0x8,
    0x80, 0xe0, 0x1c, 0x81, 0xc0, 0xe0, 0x1c, 0xa0,
    0xe0, 0x19, 0x43, 0x40, 0x32, 0x82, 0x99, 0xa,
    0x0, 0x6b, 0xd, 0x0, 0xd6, 0x8, 0x20, 0x17,
    0x87, 0x82, 0x86, 0x80, 0x44, 0x60, 0x80, 0x18,
    0xc4, 0x1c, 0x2, 0x50, 0x50, 0xb0, 0x70, 0x9,
    0x41, 0x40, 0x3c, 0xc1, 0xa0, 0x5, 0x5, 0x0,
    0x19, 0x9, 0x80, 0x2c, 0x3c, 0x3, 0xd6, 0x8,
    0x0, 0xf0, 0xf0, 0x9, 0x42, 0x80, 0x4c, 0x14,
    0x3, 0xc6, 0x20, 0xa0, 0xa0, 0xa0, 0x15, 0x83,
    0x83, 0x82, 0x0, 0x7e, 0x70, 0xf5, 0x5, 0x0,
    0xc6, 0x42, 0x74, 0x1c, 0x1, 0xfb, 0x41, 0x78,
    0x3c, 0x3, 0x94, 0x24, 0xc1, 0x0, 0x3f, 0x20,
    0x82, 0x2, 0x80, 0x75, 0x82, 0x82, 0x8, 0x7,
    0xf2, 0x0, 0x10, 0x3, 0xc6, 0x20, 0xd, 0x0,
    0xff, 0x70, 0x3, 0x80, 0x3e, 0x60, 0x3, 0x80,
    0x70,

    /* U+0058 "X" */
    0x1e, 0xf7, 0x0, 0xfa, 0xbf, 0x0, 0x6c, 0x20,
    0xc0, 0x39, 0x54, 0x1a, 0x0, 0x56, 0xe, 0x0,
    0xc3, 0x61, 0x42, 0x1, 0x49, 0x12, 0x40, 0x2a,
    0x15, 0x50, 0x7, 0x70, 0x32, 0x3, 0x20, 0xd8,
    0x7, 0x8d, 0xc2, 0x8e, 0x42, 0x84, 0x3, 0xe8,
    0x31, 0xc0, 0x74, 0x0, 0xfe, 0xe0, 0x1, 0x40,
    0x7, 0xf9, 0x0, 0x4, 0x60, 0x1f, 0xc5, 0x20,
    0x61, 0xa0, 0x1f, 0xdc, 0xb, 0x84, 0x34, 0x1,
    0xf4, 0x18, 0xd0, 0x70, 0x2a, 0x80, 0x39, 0x1c,
    0x34, 0x0, 0x70, 0x16, 0x20, 0x10, 0xd0, 0x39,
    0x80, 0x4e, 0x63, 0x40, 0x15, 0x89, 0x40, 0x7,
    0x68, 0x23, 0x82, 0xa8, 0x3c, 0x3, 0xc3, 0x41,
    0x6,

    /* U+0059 "Y" */
    0xc, 0xf8, 0x0, 0xfc, 0x5f, 0xe1, 0xf, 0x7,
    0x20, 0xf, 0xa4, 0x20, 0x40, 0xd4, 0x24, 0x3,
    0xca, 0x84, 0xe0, 0x15, 0x82, 0x28, 0x7, 0x58,
    0x48, 0x6, 0x18, 0x8, 0x0, 0xd0, 0x2a, 0x80,
    0x1c, 0xe4, 0x47, 0x0, 0x13, 0x84, 0x0, 0x7d,
    0x21, 0x2, 0x12, 0xe, 0x40, 0x1f, 0x22, 0x2,
    0xd1, 0x3, 0x0, 0x1f, 0xd2, 0xb, 0x41, 0x60,
    0x1f, 0xe2, 0x70, 0x14, 0x50, 0xf, 0xfa, 0x0,
    0x1e, 0x1, 0xff, 0xc3, 0x70, 0xf, 0xff, 0xd0,

    /* U+005A "Z" */
    0xe, 0xff, 0xff, 0xa0, 0xc, 0x3, 0xfe, 0xf0,
    0xdf, 0xff, 0xc6, 0x6, 0xe0, 0x1f, 0xd2, 0x63,
    0xa0, 0x1f, 0xca, 0xc1, 0x42, 0x1, 0xf8, 0xa8,
    0x21, 0x0, 0x3f, 0xbc, 0x11, 0xc0, 0x3f, 0xa8,
    0x89, 0x40, 0x1f, 0xce, 0xa1, 0xc2, 0x1, 0xf8,
    0xe0, 0x24, 0xc0, 0x3f, 0xe, 0x83, 0x30, 0x3,
    0xfa, 0x84, 0xe4, 0x3, 0xfa, 0x10, 0x78, 0x3,
    0xf9, 0x1c, 0x28, 0x80, 0x3f, 0xa8, 0x1, 0x7f,
    0xff, 0xb0, 0x4, 0x3, 0xfe, 0x10,

    /* U+005B "[" */
    0xbf, 0xfb, 0x80, 0x4, 0x6a, 0x0, 0xbc, 0xb0,
    0xf, 0xff, 0xf8, 0x7, 0xd7, 0x96, 0x0, 0x23,
    0x50,

    /* U+005C "\\" */
    0xaf, 0x30, 0xf, 0xbc, 0x28, 0x3, 0xe5, 0x7,
    0x0, 0xfc, 0xa2, 0x80, 0x1f, 0x70, 0x70, 0x7,
    0xc8, 0x2a, 0x1, 0xf9, 0xc1, 0x40, 0x3e, 0xd0,
    0xf0, 0xf, 0x90, 0x54, 0x3, 0xf3, 0x2, 0x80,
    0x7d, 0x61, 0xc0, 0x1f, 0x19, 0x20, 0x80, 0x7c,
    0xa0, 0xe0, 0x1f, 0x50, 0x68, 0x7, 0xc4, 0x44,
    0x10, 0xf, 0xa8, 0x18, 0x3, 0xe5, 0xb, 0x0,
    0xf8, 0x8c, 0xc4, 0x1, 0xf5, 0x82, 0x80, 0x7c,
    0xc1, 0x40, 0x1f, 0x9, 0x91, 0x0,

    /* U+005D "]" */
    0x9f, 0xfc, 0x1c, 0x66, 0x0, 0x9f, 0x34, 0x3,
    0xff, 0xfe, 0x1, 0xff, 0xcc, 0x7c, 0xd0, 0xb,
    0x8c, 0xc0, 0x10,

    /* U+005E "^" */
    0x0, 0xc9, 0x6, 0x1, 0xfa, 0x5e, 0x0, 0x3e,
    0x42, 0x22, 0x8, 0x7, 0xb8, 0x7c, 0x24, 0x3,
    0x85, 0x58, 0x91, 0x80, 0x3a, 0x42, 0x83, 0x85,
    0x40, 0x33, 0x21, 0x2, 0x8f, 0x0, 0x4a, 0x3c,
    0x1, 0x32, 0x10, 0x3, 0x85, 0x40, 0x29, 0xa,
    0x2, 0x46, 0x0, 0xc2, 0x8c, 0x0,

    /* U+005F "_" */
    0x11, 0xff, 0xbb, 0xbf, 0xeb, 0xbf, 0xf8,

    /* U+0060 "`" */
    0x1b, 0xfb, 0x0, 0x86, 0xd9, 0x2c, 0x3, 0x4c,
    0x92, 0xc0,

    /* U+0061 "a" */
    0x2, 0x8c, 0xff, 0x74, 0x90, 0x1, 0x35, 0xcc,
    0x46, 0x6d, 0x30, 0x52, 0x9e, 0xeb, 0x4c, 0x3c,
    0x7, 0x58, 0x40, 0x5, 0xa0, 0x62, 0x1, 0xf0,
    0x88, 0x8, 0xe, 0xbb, 0xff, 0x8, 0x1, 0x31,
    0x54, 0xce, 0xf0, 0x5, 0xe1, 0x17, 0x31, 0x10,
    0x80, 0x14, 0x10, 0x3, 0x8, 0x80, 0xa, 0x14,
    0x1, 0xe, 0x80, 0x50, 0xd, 0xd7, 0x9c, 0x44,
    0x0, 0x1e, 0xa8, 0x21, 0x37, 0x88, 0x0,

    /* U+0062 "b" */
    0xff, 0x8, 0x7, 0xff, 0xd5, 0x2f, 0xbf, 0x60,
    0x40, 0x3a, 0x2d, 0x4, 0x44, 0xfe, 0x80, 0x19,
    0x8f, 0x3f, 0xb5, 0x6, 0x84, 0x2, 0x2c, 0x30,
    0x1, 0x59, 0x8c, 0x0, 0x50, 0x1, 0xe9, 0x7,
    0x0, 0x9c, 0x3, 0xc8, 0x2, 0x1, 0xff, 0xc4,
    0x70, 0xf, 0x20, 0x8, 0x5, 0x0, 0x1e, 0x80,
    0x70, 0x8, 0xb0, 0xc0, 0x7, 0x84, 0x30, 0x1,
    0x39, 0xe7, 0xfb, 0xc, 0x74, 0x40, 0x28, 0xb4,
    0x10, 0x27, 0xf3, 0x0, 0x0,

    /* U+0063 "c" */
    0x0, 0x85, 0xf3, 0xbf, 0x5c, 0x3, 0x1f, 0xc1,
    0x88, 0x8a, 0x38, 0x80, 0x74, 0x4f, 0x3f, 0xb5,
    0x6, 0x82, 0x44, 0xf0, 0xc0, 0x5, 0x75, 0x0,
    0xc1, 0x20, 0x1e, 0x50, 0x0, 0x82, 0x0, 0x7f,
    0xf2, 0x44, 0x10, 0x3, 0xf9, 0x82, 0x40, 0x3c,
    0xa0, 0x9, 0x13, 0xc3, 0x0, 0x16, 0x54, 0x80,
    0xe1, 0x1e, 0x7f, 0xb4, 0xca, 0x0, 0x5, 0xb0,
    0x62, 0x5, 0x1a, 0x20,

    /* U+0064 "d" */
    0x0, 0xff, 0xf, 0xf8, 0x3, 0xff, 0xd6, 0x31,
    0xbf, 0xd6, 0x80, 0x1c, 0x7e, 0xe4, 0x2, 0x97,
    0x0, 0x10, 0xe8, 0xa6, 0xff, 0xb0, 0xd8, 0x2,
    0x81, 0x3b, 0x20, 0x1, 0xe1, 0x0, 0x4e, 0x12,
    0x1, 0xe8, 0x0, 0x84, 0x10, 0x3, 0xce, 0x1,
    0xff, 0xc4, 0x10, 0x40, 0xf, 0x38, 0x4, 0xe1,
    0x0, 0x1e, 0x80, 0xa, 0x4, 0xb0, 0xc0, 0x7,
    0x84, 0x1, 0xe, 0x89, 0xe7, 0xfb, 0xd, 0xc0,
    0x31, 0xfb, 0x90, 0xa, 0x5c, 0x0, 0x0,

    /* U+0065 "e" */
    0x0, 0x86, 0x37, 0xfa, 0xd4, 0x3, 0x8f, 0xdc,
    0x88, 0x9, 0x56, 0x1, 0xe, 0x8b, 0xfe, 0xf6,
    0x12, 0x48, 0x2, 0x5, 0xa0, 0x2, 0x3c, 0x16,
    0x10, 0x70, 0xd2, 0x2e, 0x34, 0x7, 0x1, 0xb,
    0xdd, 0xf2, 0x87, 0x0, 0x53, 0x55, 0xfc, 0x2,
    0x6, 0xab, 0xf8, 0x81, 0x82, 0x4, 0x3, 0x88,
    0x2, 0x91, 0x2d, 0x30, 0x0, 0xbe, 0xa8, 0x0,
    0x70, 0x8f, 0x3f, 0xb9, 0x0, 0x1c, 0x5b, 0x6,
    0x22, 0x26, 0xd5, 0x0,

    /* U+0066 "f" */
    0x0, 0x8a, 0xff, 0xd8, 0x60, 0x16, 0x20, 0x91,
    0x80, 0x4e, 0x27, 0xdb, 0xa3, 0x0, 0x68, 0x50,
    0x0, 0x80, 0x21, 0x0, 0xf5, 0x7a, 0x4, 0xff,
    0xb0, 0x8, 0xc4, 0x8, 0xcc, 0xa1, 0x18, 0xa1,
    0x79, 0x89, 0x0, 0xff, 0xff, 0x80, 0x7c,

    /* U+0067 "g" */
    0x0, 0x8a, 0x37, 0xfb, 0x14, 0x37, 0xc8, 0x0,
    0xba, 0xe4, 0x20, 0x75, 0x60, 0x18, 0xe8, 0x17,
    0x7b, 0xa6, 0x42, 0x0, 0xa4, 0x12, 0x88, 0x0,
    0x32, 0xe0, 0x19, 0x42, 0x0, 0x3d, 0x20, 0x1e,
    0x20, 0xf, 0x8, 0x7, 0x88, 0x3, 0xc2, 0x1,
    0x94, 0x20, 0x3, 0xd2, 0x1, 0xa4, 0x12, 0x88,
    0x0, 0x32, 0xe0, 0x18, 0xe8, 0x17, 0x7b, 0xa6,
    0x50, 0xe, 0x5d, 0x72, 0x11, 0x1d, 0x50, 0x0,
    0x60, 0x11, 0x46, 0xff, 0xb1, 0x44, 0x0, 0x20,
    0x2, 0x0, 0xf9, 0x80, 0xc0, 0x3, 0x98, 0x50,
    0xc, 0xf0, 0x14, 0x0, 0x33, 0xab, 0xfb, 0x9f,
    0x0, 0xcc, 0x0, 0x16, 0xd2, 0x90, 0x8c, 0xb7,
    0x20, 0x0,

    /* U+0068 "h" */
    0xff, 0x8, 0x7, 0xff, 0xc1, 0x73, 0xbf, 0x60,
    0x3, 0xaa, 0x86, 0x20, 0x4f, 0xa0, 0x19, 0x17,
    0x7f, 0xd2, 0x5, 0x0, 0x12, 0x51, 0x0, 0x1a,
    0x1, 0x40, 0x2f, 0x0, 0xe5, 0x2, 0x0, 0x98,
    0x3, 0x88, 0x3, 0x8c, 0x3, 0xf0, 0x80, 0x7f,
    0xfc, 0x0,

    /* U+0069 "i" */
    0x1d, 0xe2, 0x42, 0x14, 0x55, 0x9c, 0x2a, 0x82,
    0x1, 0xdf, 0xe1, 0x0, 0xff, 0xf0, 0x0,

    /* U+006A "j" */
    0x0, 0xec, 0xe3, 0x0, 0xc6, 0x61, 0xb0, 0xc,
    0x6c, 0x94, 0x1, 0xd3, 0x64, 0x1, 0xff, 0xc1,
    0xef, 0x30, 0xf, 0xff, 0xf8, 0x7, 0xff, 0x20,
    0x40, 0x40, 0x8, 0x20, 0x41, 0x5f, 0xb6, 0xe,
    0x0, 0x31, 0x21, 0x78, 0x0,

    /* U+006B "k" */
    0xff, 0x8, 0x7, 0xff, 0xd0, 0xbb, 0xe0, 0x3,
    0xe3, 0xc1, 0x78, 0x0, 0xf1, 0xe0, 0xbc, 0x0,
    0x79, 0x30, 0x1e, 0x0, 0x3c, 0xb6, 0xd, 0x0,
    0x1e, 0x6a, 0x0, 0x8, 0x7, 0xd0, 0xa, 0xe,
    0x80, 0x1f, 0x4d, 0x30, 0x51, 0x0, 0x74, 0xb0,
    0x49, 0x8f, 0x0, 0x73, 0x80, 0x5c, 0x27, 0x20,
    0x1f, 0x8a, 0x81, 0x94, 0x3, 0xf2, 0x40, 0x51,
    0x0,

    /* U+006C "l" */
    0xff, 0x8, 0x7, 0xff, 0x90,

    /* U+006D "m" */
    0xff, 0x3, 0x67, 0xfb, 0x18, 0x0, 0x55, 0xdf,
    0xd4, 0x40, 0x1a, 0xe4, 0xc8, 0xe, 0x69, 0x75,
    0x40, 0x85, 0x74, 0xc0, 0x24, 0x8f, 0xdf, 0x80,
    0x5a, 0x1c, 0xed, 0xe3, 0xe, 0x0, 0x95, 0xc0,
    0x27, 0x40, 0x5, 0x18, 0x0, 0x78, 0x8, 0x80,
    0xe, 0x0, 0xec, 0x1, 0x40, 0xc, 0x44, 0x7,
    0x0, 0x30, 0x7, 0x8, 0x10, 0x7, 0x84, 0x3,
    0x18, 0x7, 0xce, 0x1, 0xff, 0xff, 0x0, 0xff,
    0xeb, 0x0,

    /* U+006E "n" */
    0xff, 0x2, 0xe7, 0x7e, 0xc0, 0x7, 0x55, 0xc,
    0xc2, 0x4f, 0xa0, 0x19, 0x5f, 0xf7, 0xac, 0x4a,
    0x0, 0x25, 0x80, 0x9, 0x20, 0x14, 0x2, 0xe0,
    0xe, 0x40, 0x20, 0x9, 0x80, 0x38, 0x80, 0x38,
    0xc0, 0x3f, 0x8, 0x7, 0xff, 0xc0,

    /* U+006F "o" */
    0x0, 0x85, 0xf3, 0xfd, 0x8e, 0x20, 0x1c, 0x7f,
    0x6, 0x2, 0x71, 0xe6, 0x1, 0xe, 0x8a, 0x6f,
    0xf6, 0xa0, 0xe8, 0x80, 0x24, 0x4e, 0xc8, 0x0,
    0x56, 0x63, 0x20, 0x6, 0x9, 0x0, 0xf4, 0x82,
    0x80, 0x4, 0x10, 0x3, 0xce, 0x4, 0x1, 0xff,
    0xc4, 0x10, 0x40, 0xf, 0x38, 0x10, 0x1, 0x82,
    0x0, 0x3d, 0x0, 0xa0, 0x9, 0x12, 0xc3, 0x0,
    0x1e, 0x10, 0xc8, 0x0, 0x70, 0x8f, 0x3f, 0xd8,
    0x65, 0x82, 0x1, 0x16, 0x41, 0x80, 0xe, 0x34,
    0x80, 0x0,

    /* U+0070 "p" */
    0xff, 0x2, 0xdf, 0x7e, 0xc0, 0x80, 0x75, 0x51,
    0xc, 0x88, 0xfe, 0x80, 0x19, 0x55, 0xdb, 0xae,
    0x51, 0xa1, 0x0, 0x8e, 0x84, 0x0, 0x34, 0x63,
    0x0, 0x14, 0x80, 0x7a, 0x1, 0xc0, 0x27, 0x0,
    0xf2, 0x80, 0x80, 0x7f, 0xf1, 0x1c, 0x3, 0xc8,
    0x2, 0x1, 0x40, 0x7, 0xa0, 0x1c, 0x2, 0x2c,
    0x30, 0x1, 0xe1, 0xc, 0x0, 0x4c, 0x79, 0xfe,
    0xc3, 0x1d, 0x10, 0xa, 0x2d, 0x4, 0x9, 0xfc,
    0xc0, 0x39, 0x2f, 0xbf, 0x60, 0x40, 0x3f, 0xfb,
    0xc0,

    /* U+0071 "q" */
    0x0, 0x86, 0x37, 0xfa, 0xd0, 0x3f, 0xc0, 0x3,
    0xf7, 0x20, 0x14, 0xb8, 0x0, 0x87, 0x45, 0x37,
    0xfd, 0x86, 0xe0, 0x14, 0x9, 0xd9, 0x0, 0xf,
    0x8, 0x2, 0x70, 0x90, 0xf, 0x40, 0x4, 0x20,
    0x80, 0x1e, 0x70, 0xf, 0xfe, 0x20, 0x82, 0x0,
    0x79, 0xc0, 0x27, 0x9, 0x0, 0xf4, 0x0, 0x50,
    0x27, 0x86, 0x0, 0x3c, 0x20, 0x8, 0x74, 0x4f,
    0x3f, 0xd8, 0x6c, 0x1, 0x8f, 0xdc, 0x80, 0x52,
    0xe0, 0x3, 0x86, 0x37, 0xfa, 0xd0, 0x3, 0xff,
    0xbc,

    /* U+0072 "r" */
    0xff, 0x3, 0x67, 0x20, 0x2, 0x64, 0x62, 0x1,
    0x32, 0x6f, 0xa0, 0x0, 0xec, 0x80, 0x34, 0x80,
    0x79, 0xc0, 0x3c, 0x60, 0x1f, 0xfd, 0xb0,

    /* U+0073 "s" */
    0x0, 0x15, 0x6f, 0xfb, 0x64, 0xc0, 0xb, 0xaa,
    0x44, 0x12, 0x6f, 0x0, 0x58, 0x3f, 0xef, 0x72,
    0x3c, 0x4, 0x41, 0x0, 0x10, 0xb9, 0x80, 0x88,
    0x28, 0x80, 0x3e, 0x80, 0x5d, 0xeb, 0x72, 0x0,
    0x9b, 0x5c, 0xc5, 0x23, 0x60, 0x2, 0x28, 0xcf,
    0xd8, 0x7, 0x30, 0xf, 0x13, 0x98, 0x30, 0x6c,
    0x10, 0x4, 0x86, 0xc, 0x84, 0xfb, 0xfd, 0xf6,
    0xc, 0x69, 0xae, 0x60, 0x24, 0x97, 0x20,

    /* U+0074 "t" */
    0x0, 0x2c, 0x18, 0x7, 0xb9, 0xd4, 0x3, 0xff,
    0x83, 0x5e, 0x81, 0x3f, 0xec, 0x2, 0x31, 0x2,
    0x33, 0x28, 0x46, 0x28, 0x5e, 0x62, 0x40, 0x3f,
    0xfc, 0x82, 0x2, 0x1, 0xed, 0xb, 0x0, 0x10,
    0x4, 0xc0, 0x7f, 0xda, 0x80, 0x1, 0xd4, 0x10,
    0x46,

    /* U+0075 "u" */
    0x1f, 0xf0, 0x7, 0x8f, 0xf8, 0x3, 0xff, 0xf2,
    0xe0, 0x1c, 0x20, 0x1c, 0x60, 0x1, 0x10, 0x38,
    0x7, 0x50, 0x4, 0xe1, 0x2c, 0x0, 0x2b, 0x20,
    0xa, 0x8, 0x27, 0xfd, 0xa8, 0xc0, 0x10, 0xeb,
    0x90, 0x1, 0x2e, 0xc0, 0x0,

    /* U+0076 "v" */
    0xd, 0xf5, 0x0, 0xfb, 0xbc, 0x42, 0xc2, 0x40,
    0x3c, 0xc2, 0xa2, 0xc, 0x6, 0x60, 0xe, 0xb0,
    0x90, 0x9, 0xc2, 0x80, 0x31, 0x91, 0xc, 0x2,
    0xa0, 0x61, 0x0, 0xa4, 0x2c, 0x3, 0x12, 0x3,
    0x0, 0x5, 0x45, 0x80, 0x3b, 0xc2, 0x80, 0x12,
    0xc, 0x1, 0xe4, 0x22, 0x20, 0x30, 0x50, 0x7,
    0xd6, 0x1e, 0xc2, 0x84, 0x1, 0xf3, 0x2, 0x58,
    0x78, 0x7, 0xf3, 0x1, 0x11, 0x0, 0x3f, 0xac,
    0x1, 0x60, 0x1c,

    /* U+0077 "w" */
    0xbf, 0x50, 0xe, 0x2f, 0xf0, 0x7, 0x9b, 0xdf,
    0x83, 0xc0, 0x3a, 0x80, 0xa, 0x1, 0xd4, 0xc,
    0xa0, 0xa0, 0x1c, 0xa0, 0xe, 0x0, 0xc4, 0x68,
    0x20, 0xc0, 0xc0, 0x11, 0x92, 0x12, 0x8, 0x5,
    0x41, 0xc0, 0xa, 0xd, 0x0, 0xa8, 0x3d, 0x41,
    0x80, 0x26, 0x5, 0x0, 0x18, 0xa0, 0x80, 0x18,
    0x52, 0x82, 0x80, 0x6, 0x2a, 0x1, 0x98, 0x1c,
    0x14, 0x18, 0x8, 0xc8, 0x81, 0x41, 0xc0, 0x1a,
    0x82, 0x83, 0x82, 0x80, 0x14, 0x14, 0xc, 0x28,
    0x1, 0x88, 0xce, 0x43, 0x20, 0x3, 0x83, 0x28,
    0x30, 0x7, 0xac, 0x34, 0x28, 0x2, 0x15, 0x1b,
    0xb, 0x0, 0xf3, 0x0, 0x83, 0x80, 0x6e, 0x1,
    0x23, 0x0, 0xf0, 0xa0, 0x28, 0x80, 0x64, 0x10,
    0xa0, 0xc,

    /* U+0078 "x" */
    0x2f, 0xf2, 0x0, 0x62, 0xff, 0x19, 0x50, 0x50,
    0x80, 0x5c, 0x10, 0x60, 0xac, 0x34, 0x0, 0x93,
    0x47, 0x0, 0xa4, 0x91, 0xd1, 0x86, 0x80, 0x3b,
    0xc2, 0x2c, 0x34, 0x40, 0x38, 0xa4, 0x1, 0x6,
    0x1, 0xf7, 0x80, 0x34, 0x3, 0xe5, 0x61, 0x25,
    0x60, 0xe, 0x2a, 0xa, 0xf0, 0x93, 0x0, 0xdc,
    0x10, 0x85, 0x21, 0xa2, 0x0, 0x93, 0x33, 0x80,
    0x19, 0x46, 0x81, 0x58, 0x74, 0x3, 0x51, 0x23,
    0x80,

    /* U+0079 "y" */
    0xd, 0xf5, 0x0, 0xfb, 0xbc, 0x42, 0xc2, 0x40,
    0x3c, 0xc2, 0xa2, 0xc, 0x26, 0x80, 0x1d, 0x61,
    0x20, 0x14, 0x87, 0x80, 0x64, 0x23, 0x30, 0x4,
    0xc0, 0x84, 0x1, 0x78, 0x48, 0x6, 0x16, 0xb,
    0x0, 0x12, 0x12, 0x80, 0x75, 0x83, 0x0, 0x2c,
    0x28, 0x3, 0xc4, 0x80, 0xe2, 0xc0, 0xe0, 0x1f,
    0x78, 0x53, 0x3, 0x80, 0x7e, 0x42, 0x24, 0x5,
    0x0, 0x7f, 0x40, 0x1, 0x48, 0x3, 0xf9, 0x40,
    0x12, 0x1, 0xfe, 0x50, 0x33, 0x0, 0x79, 0x84,
    0xa, 0xc2, 0x40, 0x3c, 0x73, 0xdc, 0xd1, 0x55,
    0x0, 0x78, 0xe0, 0x44, 0x51, 0x40, 0x1f, 0x0,

    /* U+007A "z" */
    0xf, 0xff, 0xe7, 0x3, 0x3f, 0x10, 0x0, 0x83,
    0x33, 0xc2, 0xc, 0xa0, 0x1e, 0x93, 0x34, 0x80,
    0x79, 0x58, 0x74, 0x3, 0xc5, 0x41, 0x42, 0x1,
    0xef, 0x8, 0x40, 0xf, 0x59, 0x23, 0x80, 0x79,
    0xd0, 0xac, 0x3, 0xc9, 0x1, 0xe0, 0x1f, 0x50,
    0xf, 0x66, 0x73, 0x90, 0x80, 0x99, 0xfb, 0x40,

    /* U+007B "{" */
    0x0, 0xa7, 0xbd, 0x0, 0x12, 0xc2, 0x4e, 0x0,
    0x70, 0x9d, 0x30, 0x0, 0x82, 0x0, 0x7f, 0xf4,
    0xc4, 0x0, 0x60, 0x9, 0xf0, 0x41, 0x0, 0x28,
    0x81, 0x80, 0x59, 0x80, 0x70, 0xc, 0x60, 0x1,
    0x0, 0xf1, 0x80, 0x7f, 0xf5, 0x8, 0x10, 0x3,
    0x28, 0x4e, 0x98, 0x2, 0x1c, 0x49, 0xc0,

    /* U+007C "|" */
    0xbf, 0x40, 0xf, 0xff, 0x80,

    /* U+007D "}" */
    0x9f, 0xd6, 0x0, 0xb8, 0x4a, 0x54, 0x0, 0xfc,
    0xa1, 0xe0, 0x1b, 0x0, 0x40, 0x3f, 0xfa, 0x86,
    0xc, 0x1, 0x90, 0x4b, 0x94, 0x0, 0x24, 0x2,
    0x40, 0x4, 0x31, 0xe7, 0x0, 0x8, 0x28, 0x80,
    0x46, 0x1, 0xff, 0xd6, 0xd0, 0x20, 0x3, 0xf2,
    0x6, 0x80, 0x38, 0x4a, 0x50, 0x0,

    /* U+007E "~" */
    0x5, 0xdf, 0xa0, 0xd, 0xce, 0x74, 0x68, 0xba,
    0x40, 0x62, 0x56, 0x1f, 0x76, 0x2d, 0xbc, 0x15,
    0x24, 0x10, 0x4d, 0x34, 0x3d, 0x0,

    /* U+00A0 " " */

    /* U+00AB "«" */
    0x0, 0xa6, 0x0, 0xf, 0x22, 0x0, 0x96, 0xd0,
    0x68, 0x11, 0x2, 0xb3, 0x14, 0xa4, 0xe0, 0xa,
    0x8a, 0x43, 0xc3, 0x80, 0x1c, 0x1c, 0x10, 0x50,
    0x40, 0xa, 0xa, 0xb, 0xb, 0x0, 0x99, 0x59,
    0xe, 0xe, 0x0, 0x2a, 0x2a, 0x17, 0x47, 0x40,
    0xb, 0x86, 0x82, 0x86, 0x84,

    /* U+00B0 "°" */
    0x0, 0x26, 0x7e, 0xb0, 0x4, 0x96, 0x99, 0x73,
    0x0, 0x9, 0x78, 0x36, 0xa7, 0x10, 0x2c, 0x0,
    0x90, 0x8, 0x8, 0x80, 0x11, 0x1, 0x5, 0x42,
    0x81, 0xf2, 0x88, 0x3b, 0x57, 0xe3, 0xd0, 0x5,
    0x1f, 0xbd, 0x40, 0x0,

    /* U+00BB "»" */
    0x9, 0x80, 0x3, 0xc8, 0x80, 0x6e, 0x77, 0x1,
    0xb5, 0x0, 0x67, 0x48, 0x34, 0x74, 0x70, 0xd,
    0x43, 0xa3, 0x7, 0x6, 0x1, 0xd, 0x8d, 0x87,
    0x7, 0x0, 0x6e, 0xe, 0x5, 0xa, 0x0, 0x9d,
    0x1d, 0xe, 0x11, 0xc0, 0x7, 0x7, 0x3, 0xa3,
    0x40, 0x17, 0xe, 0x85, 0x8d, 0x8, 0x0,

    /* U+00C0 "À" */
    0x0, 0xe6, 0xff, 0x18, 0x7, 0xff, 0x9, 0xb0,
    0x70, 0xc0, 0x3f, 0xf8, 0x47, 0xe7, 0x86, 0x1,
    0xff, 0xc2, 0x1c, 0xf3, 0x0, 0xff, 0xe1, 0x27,
    0xf9, 0x40, 0x3f, 0xf8, 0x5e, 0x0, 0x90, 0xf,
    0xfe, 0x9, 0x20, 0x88, 0xcc, 0x1, 0xff, 0xc0,
    0xb0, 0x69, 0x9, 0x0, 0xff, 0xe0, 0x30, 0x53,
    0x2, 0x88, 0x7, 0xf9, 0xc1, 0x8, 0x54, 0x24,
    0x3, 0xfd, 0x41, 0xe0, 0x9, 0x6, 0x0, 0xfe,
    0x52, 0x22, 0x0, 0xc, 0xc2, 0xc0, 0x1f, 0xa4,
    0x2c, 0x3, 0x48, 0x58, 0x7, 0xc4, 0x60, 0xc0,
    0x19, 0x44, 0x90, 0x3, 0xd6, 0x0, 0xcc, 0xf0,
    0x3, 0xc0, 0x38, 0x58, 0x0, 0x67, 0xe1, 0x4,
    0x20, 0xc, 0xc0, 0x9f, 0xff, 0x94, 0x2c, 0x3,
    0x48, 0x78, 0x7, 0xe9, 0x6, 0x10, 0x2, 0x89,
    0x20, 0x7, 0xe3, 0x20, 0x60, 0x4, 0x85, 0x0,
    0x7f, 0xac, 0x24, 0x0,

    /* U+00C1 "Á" */
    0x0, 0xfe, 0x2e, 0xf7, 0x0, 0xff, 0xe0, 0x96,
    0xd, 0xb8, 0x7, 0xff, 0x0, 0xb0, 0xf5, 0x0,
    0x3f, 0xf8, 0x25, 0xda, 0x40, 0x1f, 0xfc, 0x24,
    0xff, 0x28, 0x7, 0xff, 0xb, 0xc0, 0x12, 0x1,
    0xff, 0xc1, 0x24, 0x11, 0x19, 0x80, 0x3f, 0xf8,
    0x16, 0xd, 0x21, 0x20, 0x1f, 0xfc, 0x6, 0xa,
    0x60, 0x51, 0x0, 0xff, 0x38, 0x21, 0xa, 0x84,
    0x80, 0x7f, 0xa8, 0x3c, 0x1, 0x20, 0xc0, 0x1f,
    0xca, 0x44, 0x40, 0x1, 0x98, 0x58, 0x3, 0xf4,
    0x85, 0x80, 0x69, 0xb, 0x0, 0xf8, 0x8c, 0x18,
    0x3, 0x28, 0x92, 0x0, 0x7a, 0xc0, 0x19, 0x9e,
    0x0, 0x78, 0x7, 0xb, 0x0, 0xc, 0xfc, 0x20,
    0x84, 0x1, 0x98, 0x13, 0xff, 0xf2, 0x85, 0x80,
    0x69, 0xf, 0x0, 0xfd, 0x20, 0xc2, 0x0, 0x51,
    0x24, 0x0, 0xfc, 0x64, 0xc, 0x0, 0x90, 0xa0,
    0xf, 0xf5, 0x84, 0x80,

    /* U+00C2 "Â" */
    0x0, 0xf9, 0xff, 0xd0, 0x1, 0xff, 0xc1, 0x68,
    0x46, 0x78, 0x0, 0xff, 0x9a, 0x5a, 0xe6, 0x1d,
    0xc0, 0x1f, 0xe6, 0xf9, 0x0, 0x3f, 0xb8, 0x7,
    0xff, 0x1, 0x3f, 0xca, 0x1, 0xff, 0xc2, 0xf0,
    0x4, 0x80, 0x7f, 0xf0, 0x49, 0x4, 0x46, 0x60,
    0xf, 0xfe, 0x5, 0x83, 0x48, 0x48, 0x7, 0xff,
    0x1, 0x82, 0x98, 0x14, 0x40, 0x3f, 0xce, 0x8,
    0x42, 0xa1, 0x20, 0x1f, 0xea, 0xf, 0x0, 0x48,
    0x30, 0x7, 0xf2, 0x91, 0x10, 0x0, 0x66, 0x16,
    0x0, 0xfd, 0x21, 0x60, 0x1a, 0x42, 0xc0, 0x3e,
    0x23, 0x6, 0x0, 0xca, 0x24, 0x80, 0x1e, 0xb0,
    0x6, 0x67, 0x80, 0x1e, 0x1, 0xc2, 0xc0, 0x3,
    0x3f, 0x8, 0x21, 0x0, 0x66, 0x4, 0xff, 0xfc,
    0xa1, 0x60, 0x1a, 0x43, 0xc0, 0x3f, 0x48, 0x30,
    0x80, 0x14, 0x49, 0x0, 0x3f, 0x19, 0x3, 0x0,
    0x24, 0x28, 0x3, 0xfd, 0x61, 0x20,

    /* U+00C4 "Ä" */
    0x0, 0xf6, 0x60, 0x1, 0x7a, 0x20, 0x1f, 0xf1,
    0x98, 0x0, 0xa4, 0x60, 0x1f, 0xf6, 0xe8, 0x1,
    0xfa, 0x40, 0x1f, 0xf1, 0x10, 0x0, 0x24, 0x1,
    0xff, 0xc1, 0x4f, 0xf2, 0x80, 0x7f, 0xf0, 0xbc,
    0x1, 0x20, 0x1f, 0xfc, 0x12, 0x41, 0x11, 0x98,
    0x3, 0xff, 0x81, 0x60, 0xd2, 0x12, 0x1, 0xff,
    0xc0, 0x60, 0xa6, 0x5, 0x10, 0xf, 0xf3, 0x82,
    0x10, 0xa8, 0x48, 0x7, 0xfa, 0x83, 0xc0, 0x12,
    0xc, 0x1, 0xfc, 0xa4, 0x44, 0x0, 0x19, 0x85,
    0x80, 0x3f, 0x48, 0x58, 0x6, 0x90, 0xb0, 0xf,
    0x88, 0xc1, 0x80, 0x32, 0x89, 0x20, 0x7, 0xac,
    0x1, 0x99, 0xe0, 0x7, 0x80, 0x70, 0xb0, 0x0,
    0xcf, 0xc2, 0x8, 0x40, 0x19, 0x81, 0x3f, 0xff,
    0x28, 0x58, 0x6, 0x90, 0xf0, 0xf, 0xd2, 0xc,
    0x20, 0x5, 0x12, 0x40, 0xf, 0xc6, 0x40, 0xc0,
    0x9, 0xa, 0x0, 0xff, 0x58, 0x48, 0x0,

    /* U+00C6 "Æ" */
    0x0, 0xfe, 0x2f, 0xff, 0xfe, 0x4, 0x0, 0x7f,
    0x48, 0x7, 0xff, 0x3, 0xc0, 0x3f, 0x22, 0xa,
    0x40, 0xff, 0xff, 0x38, 0x7, 0xe9, 0x8, 0x0,
    0xff, 0xe3, 0xb1, 0x1a, 0x80, 0x7f, 0xf1, 0x86,
    0x3, 0xc0, 0x3f, 0xf8, 0xf0, 0x2a, 0x60, 0x1f,
    0xfc, 0x62, 0x60, 0xb0, 0xc, 0x7d, 0xdf, 0x38,
    0x7, 0xa4, 0x1c, 0x40, 0x38, 0x47, 0xef, 0x0,
    0xe4, 0x40, 0xc0, 0x7, 0x1f, 0xff, 0xd0, 0x1,
    0xd2, 0x0, 0xcc, 0xd6, 0x1, 0xff, 0xc2, 0x72,
    0x1, 0x33, 0xc4, 0x1, 0xff, 0xc1, 0x19, 0xc,
    0xff, 0xe9, 0x0, 0xff, 0xe0, 0xc0, 0xa9, 0x80,
    0x7f, 0xf1, 0x89, 0x82, 0x0, 0x3f, 0x1f, 0xff,
    0xec, 0x9, 0x7, 0x20, 0xf, 0xfe, 0x30,

    /* U+00C7 "Ç" */
    0x0, 0xc5, 0x1b, 0xdf, 0xd4, 0xa0, 0x1e, 0x9d,
    0x72, 0x10, 0x15, 0xad, 0x20, 0xb, 0x18, 0x16,
    0xfb, 0xf6, 0x44, 0xb8, 0x1, 0x26, 0x15, 0x44,
    0x10, 0x26, 0xe6, 0xe0, 0x26, 0xa, 0x50, 0xf,
    0xa4, 0x82, 0x80, 0xd4, 0x3, 0xfe, 0x40, 0xb0,
    0xf, 0xfe, 0x1, 0x1, 0x80, 0x7f, 0xf3, 0xc8,
    0xc, 0x3, 0xff, 0x80, 0x81, 0x60, 0x1f, 0xfc,
    0xa, 0x3, 0x50, 0xf, 0xf8, 0x98, 0x29, 0x0,
    0x3e, 0x92, 0x0, 0x49, 0x85, 0xd2, 0x8, 0xb,
    0x73, 0x70, 0x5, 0x8c, 0xb, 0x7d, 0xfd, 0x22,
    0x5c, 0x1, 0xa7, 0x5c, 0x80, 0x2, 0xb5, 0xa4,
    0x1, 0xc5, 0x1a, 0x91, 0xd4, 0xa0, 0x1f, 0xe4,
    0x97, 0x0, 0xff, 0xe0, 0x73, 0x41, 0x0, 0x7f,
    0x8c, 0x7c, 0x3, 0xfe, 0x4c, 0xf8, 0x72, 0x0,
    0xfe, 0x4e, 0xde, 0x80, 0xe,

    /* U+00C8 "È" */
    0x0, 0x57, 0xe8, 0x80, 0x7e, 0xa8, 0x2c, 0x10,
    0xf, 0xcf, 0x67, 0x82, 0x1, 0xf9, 0x3b, 0x44,
    0x3, 0x5f, 0xff, 0xf8, 0x80, 0x3f, 0xf8, 0x4f,
    0xff, 0xf8, 0x80, 0x3f, 0xfc, 0xcf, 0xdd, 0xf1,
    0x80, 0x61, 0x1f, 0x80, 0x33, 0xff, 0xfc, 0x60,
    0x1f, 0xfe, 0x77, 0xff, 0xfc, 0xe0, 0x1f, 0xfc,
    0x0,

    /* U+00C9 "É" */
    0x0, 0xf3, 0x7f, 0x18, 0x7, 0xcd, 0x27, 0xe6,
    0x1, 0xe6, 0x95, 0xc1, 0x0, 0xf9, 0xbe, 0x80,
    0x3a, 0xff, 0xff, 0xc4, 0x1, 0xff, 0xc2, 0x7f,
    0xff, 0xc4, 0x1, 0xff, 0xe6, 0x7e, 0xef, 0x8c,
    0x3, 0x8, 0xfc, 0x1, 0x9f, 0xff, 0xe3, 0x0,
    0xff, 0xf3, 0xbf, 0xff, 0xe7, 0x0, 0xff, 0xe0,
    0x0,

    /* U+00CA "Ê" */
    0x0, 0xd7, 0xfe, 0x40, 0xf, 0xad, 0x20, 0xad,
    0x0, 0x3a, 0x92, 0x9f, 0x52, 0xcc, 0x3, 0x57,
    0xa8, 0x2, 0xfc, 0xc0, 0x17, 0xff, 0xfe, 0x20,
    0xf, 0xfe, 0x13, 0xff, 0xfe, 0x20, 0xf, 0xff,
    0x33, 0xf7, 0x7c, 0x60, 0x18, 0x47, 0xe0, 0xc,
    0xff, 0xff, 0x18, 0x7, 0xff, 0x9d, 0xff, 0xff,
    0x38, 0x7, 0xff, 0x0,

    /* U+00CB "Ë" */
    0x0, 0x1f, 0x40, 0x17, 0x48, 0x7, 0x30, 0x98,
    0x8, 0x94, 0x3, 0x97, 0x28, 0xf, 0x34, 0x3,
    0xc6, 0x20, 0x3, 0x10, 0xa, 0xff, 0xff, 0xc4,
    0x1, 0xff, 0xc2, 0x7f, 0xff, 0xc4, 0x1, 0xff,
    0xe6, 0x7e, 0xef, 0x8c, 0x3, 0x8, 0xfc, 0x1,
    0x9f, 0xff, 0xe3, 0x0, 0xff, 0xf3, 0xbf, 0xff,
    0xe7, 0x0, 0xff, 0xe0, 0x0,

    /* U+00CD "Í" */
    0x0, 0xaf, 0xec, 0x40, 0x16, 0x8d, 0x62, 0x16,
    0x93, 0x20, 0xa, 0xfd, 0x80, 0x35, 0xfc, 0x0,
    0x7f, 0xff, 0xc0, 0x3f, 0xfa, 0xa0,

    /* U+00CE "Î" */
    0x0, 0x17, 0x7e, 0x88, 0x4, 0x58, 0x10, 0x5a,
    0x20, 0x58, 0x7e, 0xf8, 0x5a, 0x5, 0xda, 0x20,
    0x7d, 0x80, 0x1a, 0xfe, 0x0, 0x3f, 0xff, 0xe0,
    0x1f, 0xff, 0x30,

    /* U+00CF "Ï" */
    0x7f, 0x30, 0x6f, 0x5d, 0x5, 0xf, 0x2, 0xac,
    0x60, 0x9c, 0x70, 0x30, 0x8, 0xc0, 0x2b, 0xf8,
    0x0, 0xff, 0xff, 0x80, 0x7f, 0xf5, 0x0,

    /* U+00D3 "Ó" */
    0x0, 0xfc, 0x3b, 0xf4, 0x1, 0xff, 0xc0, 0x1c,
    0x28, 0xa0, 0xf, 0xf8, 0x70, 0xed, 0xc0, 0x3f,
    0xf8, 0x3, 0xbc, 0x80, 0x1f, 0xf1, 0x46, 0x77,
    0xf5, 0xb0, 0x7, 0xe9, 0xd7, 0x31, 0x1, 0x49,
    0xd3, 0x0, 0xeb, 0x60, 0x5b, 0xef, 0xd8, 0x12,
    0xc4, 0x0, 0xa5, 0x2, 0xe9, 0x4, 0x9, 0xfd,
    0x2, 0xc8, 0x9, 0x82, 0x90, 0x3, 0xc3, 0x64,
    0x10, 0x14, 0x6, 0xa0, 0x1f, 0xd0, 0xa, 0x8,
    0x16, 0x1, 0xfe, 0x50, 0x2, 0x10, 0x18, 0x7,
    0xfc, 0x40, 0x40, 0x1f, 0xfc, 0x43, 0x20, 0x30,
    0xf, 0xf8, 0x80, 0x50, 0x2c, 0x3, 0xfc, 0xa0,
    0x4, 0xa0, 0x35, 0x0, 0xfe, 0x80, 0x50, 0x26,
    0xa, 0x40, 0xf, 0xac, 0x82, 0x0, 0x12, 0x61,
    0x74, 0x62, 0x4, 0xdc, 0x81, 0x64, 0x1, 0x63,
    0x2, 0xe7, 0x7e, 0xc8, 0x96, 0x20, 0x7, 0x4e,
    0xb9, 0x8, 0xa, 0x4e, 0x98, 0x4,

    /* U+00D4 "Ô" */
    0x0, 0xf2, 0x7f, 0xac, 0x3, 0xff, 0x80, 0x76,
    0x50, 0x96, 0x1, 0xfe, 0x3c, 0x4d, 0x7a, 0x4b,
    0x0, 0xfe, 0x3f, 0xb0, 0x2, 0xfd, 0x80, 0x7f,
    0x14, 0x67, 0x7f, 0x5b, 0x0, 0x7e, 0x9d, 0x73,
    0x10, 0x14, 0x9d, 0x30, 0xe, 0xb6, 0x5, 0xbe,
    0xfd, 0x81, 0x2c, 0x40, 0xa, 0x50, 0x2e, 0x90,
    0x40, 0x9f, 0xd0, 0x2c, 0x80, 0x98, 0x29, 0x0,
    0x3c, 0x36, 0x41, 0x1, 0x40, 0x6a, 0x1, 0xfd,
    0x0, 0xa0, 0x81, 0x60, 0x1f, 0xe5, 0x0, 0x21,
    0x1, 0x80, 0x7f, 0xc4, 0x4, 0x1, 0xff, 0xc4,
    0x32, 0x3, 0x0, 0xff, 0x88, 0x5, 0x2, 0xc0,
    0x3f, 0xca, 0x0, 0x4a, 0x3, 0x50, 0xf, 0xe8,
    0x5, 0x2, 0x60, 0xa4, 0x0, 0xfa, 0xc8, 0x20,
    0x1, 0x26, 0x17, 0x46, 0x20, 0x4d, 0xc8, 0x16,
    0x40, 0x16, 0x30, 0x2e, 0x77, 0xec, 0x89, 0x62,
    0x0, 0x74, 0xeb, 0x90, 0x80, 0xa4, 0xe9, 0x80,
    0x40,

    /* U+00D6 "Ö" */
    0x0, 0xe9, 0xe2, 0x8, 0xe3, 0x0, 0xff, 0x28,
    0x88, 0xc, 0x58, 0x3, 0xfd, 0xb8, 0x61, 0x58,
    0xa0, 0x1f, 0xe1, 0x30, 0x0, 0x98, 0x7, 0xf8,
    0xa3, 0x3b, 0xfa, 0xd8, 0x3, 0xf4, 0xeb, 0x98,
    0x80, 0xa4, 0xe9, 0x80, 0x75, 0xb0, 0x2d, 0xf7,
    0xec, 0x9, 0x62, 0x0, 0x52, 0x81, 0x74, 0x82,
    0x4, 0xfe, 0x81, 0x64, 0x4, 0xc1, 0x48, 0x1,
    0xe1, 0xb2, 0x8, 0xa, 0x3, 0x50, 0xf, 0xe8,
    0x5, 0x4, 0xb, 0x0, 0xff, 0x28, 0x1, 0x8,
    0xc, 0x3, 0xfe, 0x20, 0x20, 0xf, 0xfe, 0x21,
    0x90, 0x18, 0x7, 0xfc, 0x40, 0x28, 0x16, 0x1,
    0xfe, 0x50, 0x2, 0x50, 0x1a, 0x80, 0x7f, 0x40,
    0x28, 0x13, 0x5, 0x20, 0x7, 0xd6, 0x41, 0x0,
    0x9, 0x30, 0xba, 0x31, 0x2, 0x6e, 0x40, 0xb2,
    0x0, 0xb1, 0x81, 0x73, 0xbf, 0x64, 0x4b, 0x10,
    0x3, 0xa7, 0x5c, 0x84, 0x5, 0x27, 0x4c, 0x2,

    /* U+00D9 "Ù" */
    0x0, 0xab, 0xf0, 0x40, 0x3f, 0xd5, 0x7, 0xa2,
    0x1, 0xfe, 0x7b, 0x3d, 0x10, 0xf, 0xf2, 0x7e,
    0x8, 0x7, 0x6f, 0xb0, 0x7, 0xef, 0xf1, 0x80,
    0x7f, 0xff, 0xc0, 0x3f, 0xfb, 0x22, 0x1, 0xff,
    0xc0, 0x17, 0xe, 0x0, 0xf8, 0x40, 0x6, 0x60,
    0x40, 0xf, 0x90, 0x4, 0x54, 0x6, 0xa0, 0x1e,
    0x80, 0x60, 0x25, 0xa, 0x72, 0x0, 0x26, 0x90,
    0xc8, 0x2, 0x90, 0x23, 0x7f, 0xd6, 0x43, 0xa2,
    0x1, 0x5d, 0x20, 0x80, 0xe, 0x3c, 0xc0, 0x0,

    /* U+00DA "Ú" */
    0x0, 0xf9, 0xff, 0x8c, 0x3, 0xf9, 0xe0, 0xfc,
    0xc0, 0x3f, 0x3c, 0x2e, 0x8, 0x7, 0xf3, 0xfd,
    0x0, 0x7b, 0x7d, 0x80, 0x3f, 0x7f, 0x8c, 0x3,
    0xff, 0xfe, 0x1, 0xff, 0xd9, 0x10, 0xf, 0xfe,
    0x0, 0xb8, 0x70, 0x7, 0xc2, 0x0, 0x33, 0x2,
    0x0, 0x7c, 0x80, 0x22, 0xa0, 0x35, 0x0, 0xf4,
    0x3, 0x1, 0x28, 0x53, 0x90, 0x1, 0x34, 0x86,
    0x40, 0x14, 0x81, 0x1b, 0xfe, 0xb2, 0x1d, 0x10,
    0xa, 0xe9, 0x4, 0x0, 0x71, 0xe6, 0x0,

    /* U+00DB "Û" */
    0x0, 0xeb, 0xff, 0x18, 0x7, 0xf5, 0xa4, 0x16,
    0x18, 0x7, 0xd6, 0x96, 0xf8, 0x78, 0x60, 0x1e,
    0xbf, 0x40, 0x1c, 0xf3, 0x0, 0xb7, 0xd8, 0x3,
    0xf7, 0xf8, 0xc0, 0x3f, 0xff, 0xe0, 0x1f, 0xfd,
    0x91, 0x0, 0xff, 0xe0, 0xb, 0x87, 0x0, 0x7c,
    0x20, 0x3, 0x30, 0x20, 0x7, 0xc8, 0x2, 0x2a,
    0x3, 0x50, 0xf, 0x40, 0x30, 0x12, 0x85, 0x39,
    0x0, 0x13, 0x48, 0x64, 0x1, 0x48, 0x11, 0xbf,
    0xeb, 0x21, 0xd1, 0x0, 0xae, 0x90, 0x40, 0x7,
    0x1e, 0x60, 0x0,

    /* U+00DC "Ü" */
    0x0, 0x8f, 0xa0, 0xb, 0xa4, 0x3, 0xe6, 0x12,
    0x6, 0x15, 0x0, 0xf9, 0x72, 0x81, 0x33, 0x40,
    0x3f, 0x18, 0x4, 0x62, 0x1, 0xb7, 0xd8, 0x3,
    0xf7, 0xf8, 0xc0, 0x3f, 0xff, 0xe0, 0x1f, 0xfd,
    0x91, 0x0, 0xff, 0xe0, 0xb, 0x87, 0x0, 0x7c,
    0x20, 0x3, 0x30, 0x20, 0x7, 0xc8, 0x2, 0x2a,
    0x3, 0x50, 0xf, 0x40, 0x30, 0x12, 0x85, 0x39,
    0x0, 0x13, 0x48, 0x64, 0x1, 0x48, 0x11, 0xbf,
    0xeb, 0x21, 0xd1, 0x0, 0xae, 0x90, 0x40, 0x7,
    0x1e, 0x60, 0x0,

    /* U+00DD "Ý" */
    0x0, 0xfc, 0x5d, 0xf0, 0x1, 0xff, 0x16, 0xd,
    0x40, 0x7, 0xf8, 0xb0, 0x31, 0x40, 0x3f, 0xe2,
    0xee, 0x18, 0x7, 0xd9, 0xf0, 0x1, 0xf8, 0xbf,
    0xc2, 0x1e, 0xe, 0x40, 0x1f, 0x48, 0x40, 0x81,
    0xa8, 0x48, 0x7, 0x95, 0x9, 0xc0, 0x2b, 0x4,
    0x50, 0xe, 0xb0, 0x90, 0xc, 0x30, 0x10, 0x1,
    0xa0, 0x55, 0x0, 0x39, 0xc8, 0x8e, 0x0, 0x27,
    0x8, 0x0, 0xfa, 0x42, 0x4, 0x24, 0x1c, 0x80,
    0x3e, 0x44, 0x5, 0xa2, 0x6, 0x0, 0x3f, 0xa4,
    0x16, 0x82, 0xc0, 0x3f, 0xc4, 0xe0, 0x28, 0xa0,
    0x1f, 0xf4, 0x0, 0x3c, 0x3, 0xff, 0x86, 0xe0,
    0x1f, 0xff, 0xa0,

    /* U+00DF "ß" */
    0x0, 0x1d, 0x77, 0xf5, 0x18, 0x6, 0x6c, 0x51,
    0x19, 0x71, 0x40, 0x7, 0x20, 0xff, 0xde, 0xe1,
    0x42, 0x12, 0xd, 0x0, 0x14, 0x20, 0x30, 0x38,
    0x68, 0x7, 0x60, 0x70, 0x10, 0x30, 0x7, 0x78,
    0x8, 0x4, 0x60, 0x1c, 0xc1, 0x80, 0x1e, 0x14,
    0xc1, 0x54, 0x0, 0xf7, 0x59, 0x8c, 0x0, 0x7c,
    0x64, 0x3, 0xb0, 0x1, 0xec, 0xdf, 0xa0, 0x75,
    0x0, 0xfc, 0xb2, 0x12, 0x1, 0xfc, 0xa0, 0x40,
    0x1f, 0xc8, 0x4, 0x1, 0xf9, 0x60, 0x2c, 0x3,
    0x5f, 0xf7, 0xd0, 0x23, 0x80, 0x61, 0x1c, 0x95,
    0x60,

    /* U+00E0 "à" */
    0x2, 0xef, 0x80, 0xf, 0x8b, 0xcd, 0xdc, 0x1,
    0xf0, 0xe2, 0x43, 0x0, 0x7e, 0xbc, 0x50, 0xf,
    0xe3, 0x30, 0x7, 0x14, 0x67, 0xfb, 0xa4, 0x80,
    0x9, 0xae, 0x62, 0x33, 0x69, 0x82, 0x94, 0xf7,
    0x5a, 0x61, 0xe0, 0x3a, 0xc2, 0x0, 0x2d, 0x3,
    0x10, 0xf, 0x84, 0x40, 0x40, 0x75, 0xdf, 0xf8,
    0x40, 0x9, 0x8a, 0xa6, 0x77, 0x80, 0x2f, 0x8,
    0xb9, 0x88, 0x84, 0x0, 0xa0, 0x80, 0x18, 0x44,
    0x0, 0x50, 0xa0, 0x8, 0x74, 0x2, 0x80, 0x6e,
    0xbc, 0xe2, 0x20, 0x0, 0xf5, 0x41, 0x9, 0xbc,
    0x40, 0x0,

    /* U+00E1 "á" */
    0x0, 0xf5, 0xfe, 0x8, 0x7, 0xa9, 0x17, 0x4,
    0x3, 0xa5, 0x5e, 0x80, 0x3e, 0xad, 0x80, 0xf,
    0xc6, 0x40, 0x1e, 0x28, 0xcf, 0xf7, 0x49, 0x0,
    0x13, 0x5c, 0xc4, 0x66, 0xd3, 0x5, 0x29, 0xee,
    0xb4, 0xc3, 0xc0, 0x75, 0x84, 0x0, 0x5a, 0x6,
    0x20, 0x1f, 0x8, 0x80, 0x80, 0xeb, 0xbf, 0xf0,
    0x80, 0x13, 0x15, 0x4c, 0xef, 0x0, 0x5e, 0x11,
    0x73, 0x11, 0x8, 0x1, 0x41, 0x0, 0x30, 0x88,
    0x0, 0xa1, 0x40, 0x10, 0xe8, 0x5, 0x0, 0xdd,
    0x79, 0xc4, 0x40, 0x1, 0xea, 0x82, 0x13, 0x78,
    0x80, 0x0,

    /* U+00E2 "â" */
    0x0, 0x8b, 0xbf, 0x0, 0x3c, 0x3e, 0x2e, 0x76,
    0x1, 0x87, 0xf, 0x22, 0x92, 0x80, 0x37, 0x79,
    0x82, 0xec, 0x80, 0x42, 0x62, 0x1, 0x11, 0x80,
    0x45, 0x19, 0xfe, 0xe9, 0x20, 0x2, 0x6b, 0x98,
    0x8c, 0xda, 0x60, 0xa5, 0x3d, 0xd6, 0x98, 0x78,
    0xe, 0xb0, 0x80, 0xb, 0x40, 0xc4, 0x3, 0xe1,
    0x10, 0x10, 0x1d, 0x77, 0xfe, 0x10, 0x2, 0x62,
    0xa9, 0x9d, 0xe0, 0xb, 0xc2, 0x2e, 0x62, 0x21,
    0x0, 0x28, 0x20, 0x6, 0x11, 0x0, 0x14, 0x28,
    0x2, 0x1d, 0x0, 0xa0, 0x1b, 0xaf, 0x38, 0x88,
    0x0, 0x3d, 0x50, 0x42, 0x6f, 0x10, 0x0,

    /* U+00E4 "ä" */
    0x0, 0x3f, 0x18, 0x37, 0xa0, 0x6, 0xd1, 0x50,
    0xf0, 0x30, 0xd, 0x58, 0xc1, 0x36, 0xe0, 0x1c,
    0x60, 0x12, 0x0, 0x7f, 0xf0, 0xca, 0x33, 0xfd,
    0xd2, 0x40, 0x4, 0xd7, 0x31, 0x19, 0xb4, 0xc1,
    0x4a, 0x7b, 0xad, 0x30, 0xf0, 0x1d, 0x61, 0x0,
    0x16, 0x81, 0x88, 0x7, 0xc2, 0x20, 0x20, 0x3a,
    0xef, 0xfc, 0x20, 0x4, 0xc5, 0x53, 0x3b, 0xc0,
    0x17, 0x84, 0x5c, 0xc4, 0x42, 0x0, 0x50, 0x40,
    0xc, 0x22, 0x0, 0x28, 0x50, 0x4, 0x3a, 0x1,
    0x40, 0x37, 0x5e, 0x71, 0x10, 0x0, 0x7a, 0xa0,
    0x84, 0xde, 0x20, 0x0,

    /* U+00E6 "æ" */
    0x2, 0x8d, 0xff, 0x6c, 0x90, 0x1, 0xb3, 0xfd,
    0x8e, 0x1, 0x26, 0xb9, 0x8, 0x89, 0xb4, 0xf2,
    0x4c, 0x44, 0x71, 0xa2, 0xa, 0x53, 0xdd, 0x69,
    0x86, 0x1a, 0x6f, 0x73, 0x50, 0xb4, 0x7, 0x58,
    0x40, 0x5, 0xa0, 0x2, 0xb2, 0x0, 0x15, 0x99,
    0x94, 0x3, 0xe1, 0x10, 0x58, 0x7, 0xa4, 0x3c,
    0xe, 0xbb, 0xff, 0x8, 0x4f, 0xff, 0xa8, 0x19,
    0x31, 0x49, 0x9b, 0x0, 0x11, 0x9b, 0xf5, 0xc0,
    0x46, 0x4c, 0xe1, 0x3, 0x99, 0xfc, 0xe4, 0x6,
    0x1, 0x8c, 0x41, 0x88, 0x3, 0x84, 0x0, 0xa1,
    0x2, 0x0, 0x4e, 0x2, 0x1c, 0x50, 0x9, 0x7e,
    0x42, 0x0, 0xfb, 0x9f, 0x64, 0xfa, 0x63, 0x5f,
    0xdf, 0x42, 0x0, 0x3d, 0x62, 0x11, 0x25, 0xc0,
    0x64, 0xa0, 0x8c, 0xb7, 0x20,

    /* U+00E7 "ç" */
    0x0, 0x85, 0xf3, 0xbf, 0x5c, 0x3, 0x1f, 0xc1,
    0x88, 0x8a, 0x38, 0x80, 0x74, 0x4f, 0x3f, 0xb5,
    0x6, 0x82, 0x44, 0xf0, 0xc0, 0x5, 0x75, 0x0,
    0xc1, 0x20, 0x1e, 0x50, 0x0, 0x82, 0x0, 0x7f,
    0xf2, 0x44, 0x10, 0x3, 0xf9, 0x82, 0x40, 0x3c,
    0xa0, 0x9, 0x13, 0xc3, 0x0, 0x16, 0x54, 0x80,
    0xe1, 0x1e, 0x7f, 0xb4, 0xca, 0x0, 0x5, 0xb0,
    0x60, 0x2, 0x8d, 0x10, 0xc, 0xf8, 0x1b, 0xa7,
    0x0, 0xf9, 0x3, 0xcc, 0x3, 0xf2, 0x70, 0xf0,
    0x7, 0xc4, 0x40, 0x70, 0xf, 0xd5, 0xbc, 0xb2,
    0x1, 0xf4, 0x76, 0xf2, 0x0, 0x40,

    /* U+00E8 "è" */
    0x0, 0xab, 0xf0, 0x3, 0xfd, 0x4e, 0x78, 0x1,
    0xfe, 0x89, 0x3b, 0x0, 0xff, 0x36, 0xc0, 0x80,
    0x7f, 0x88, 0xc4, 0x3, 0xe1, 0x8d, 0xfe, 0xb5,
    0x0, 0xe3, 0xf7, 0x22, 0x2, 0x55, 0x80, 0x43,
    0xa2, 0xff, 0xbd, 0x84, 0x92, 0x0, 0x81, 0x68,
    0x0, 0x8f, 0x5, 0x84, 0x1c, 0x34, 0x8b, 0x8d,
    0x1, 0xc0, 0x42, 0xf7, 0x7c, 0xa1, 0xc0, 0x14,
    0xd5, 0x7f, 0x0, 0x81, 0xaa, 0xfe, 0x20, 0x60,
    0x81, 0x0, 0xe2, 0x0, 0xa4, 0x4b, 0x4c, 0x0,
    0x2f, 0xaa, 0x0, 0x1c, 0x23, 0xcf, 0xee, 0x40,
    0x7, 0x16, 0xc1, 0x88, 0x89, 0xb5, 0x40,

    /* U+00E9 "é" */
    0x0, 0xf9, 0xbf, 0xc8, 0x1, 0xf9, 0x64, 0x75,
    0x0, 0x3e, 0x4a, 0x3f, 0x20, 0xf, 0xcd, 0x98,
    0x10, 0xf, 0xe2, 0x30, 0xf, 0xe1, 0x8d, 0xfe,
    0xb5, 0x0, 0xe3, 0xf7, 0x22, 0x2, 0x55, 0x80,
    0x43, 0xa2, 0xff, 0xbd, 0x84, 0x92, 0x0, 0x81,
    0x68, 0x0, 0x8f, 0x5, 0x84, 0x1c, 0x34, 0x8b,
    0x8d, 0x1, 0xc0, 0x42, 0xf7, 0x7c, 0xa1, 0xc0,
    0x14, 0xd5, 0x7f, 0x0, 0x81, 0xaa, 0xfe, 0x20,
    0x60, 0x81, 0x0, 0xe2, 0x0, 0xa4, 0x4b, 0x4c,
    0x0, 0x2f, 0xaa, 0x0, 0x1c, 0x23, 0xcf, 0xee,
    0x40, 0x7, 0x16, 0xc1, 0x88, 0x89, 0xb5, 0x40,

    /* U+00EA "ê" */
    0x0, 0xeb, 0xff, 0x20, 0x7, 0xea, 0x46, 0x1b,
    0x30, 0xf, 0x42, 0xc4, 0xf9, 0x69, 0x0, 0x75,
    0xeb, 0x80, 0xe6, 0x98, 0x7, 0x19, 0x0, 0x42,
    0x62, 0x1, 0xc3, 0x1b, 0xfd, 0x6a, 0x1, 0xc7,
    0xee, 0x44, 0x4, 0xab, 0x0, 0x87, 0x45, 0xff,
    0x7b, 0x9, 0x24, 0x1, 0x2, 0xd0, 0x1, 0x1e,
    0xb, 0x8, 0x38, 0x69, 0x17, 0x1a, 0x3, 0x80,
    0x85, 0xee, 0xf9, 0x43, 0x80, 0x29, 0xaa, 0xfe,
    0x1, 0x3, 0x55, 0xfc, 0x40, 0xc1, 0x2, 0x1,
    0xc4, 0x1, 0x48, 0x96, 0x98, 0x0, 0x5f, 0x54,
    0x0, 0x38, 0x47, 0x9f, 0xdc, 0x80, 0xe, 0x2d,
    0x83, 0x11, 0x13, 0x6a, 0x80,

    /* U+00EB "ë" */
    0x0, 0x8b, 0xa0, 0xb, 0xa8, 0x3, 0xcc, 0x26,
    0x2, 0x27, 0x0, 0xf2, 0x65, 0x1, 0xe6, 0x0,
    0x3e, 0x31, 0x0, 0x18, 0x80, 0x7f, 0xf1, 0xc6,
    0x37, 0xfa, 0xd4, 0x3, 0x8f, 0xdc, 0x88, 0x9,
    0x56, 0x1, 0xe, 0x8b, 0xfe, 0xf6, 0x12, 0x48,
    0x2, 0x5, 0xa0, 0x2, 0x3c, 0x16, 0x10, 0x70,
    0xd2, 0x2e, 0x34, 0x7, 0x1, 0xb, 0xdd, 0xf2,
    0x87, 0x0, 0x53, 0x55, 0xfc, 0x2, 0x6, 0xab,
    0xf8, 0x81, 0x82, 0x4, 0x3, 0x88, 0x2, 0x91,
    0x2d, 0x30, 0x0, 0xbe, 0xa8, 0x0, 0x70, 0x8f,
    0x3f, 0xb9, 0x0, 0x1c, 0x5b, 0x6, 0x22, 0x26,
    0xd5, 0x0,

    /* U+00ED "í" */
    0x0, 0x17, 0x7b, 0x80, 0xb, 0x6, 0x9c, 0x7,
    0x3, 0x14, 0x2, 0xce, 0x30, 0x8, 0x48, 0x3,
    0xdf, 0xe1, 0x0, 0xff, 0xff, 0x80, 0x70,

    /* U+00EE "î" */
    0x0, 0x2f, 0xf9, 0x80, 0x22, 0xa2, 0x39, 0x30,
    0x7, 0x8f, 0xe9, 0x68, 0x87, 0xf8, 0x87, 0x70,
    0x40, 0x84, 0x2, 0x20, 0xd, 0xfe, 0x10, 0xf,
    0xff, 0xf8, 0x7, 0xff, 0xc,

    /* U+00EF "ï" */
    0x5f, 0x53, 0xf7, 0xd0, 0x26, 0xe, 0x8c, 0x75,
    0xc9, 0x3, 0x0, 0x18, 0x7, 0xf7, 0xf8, 0x40,
    0x3f, 0xfe, 0xe0,

    /* U+00F3 "ó" */
    0x0, 0xf8, 0xff, 0xcc, 0x1, 0xfc, 0x5a, 0x16,
    0xc0, 0x1f, 0x87, 0x3, 0x10, 0x3, 0xfd, 0xbe,
    0x60, 0x1f, 0xe1, 0x31, 0x0, 0xfe, 0x17, 0xcf,
    0xf6, 0x38, 0x80, 0x71, 0xfc, 0x18, 0x9, 0xc7,
    0x98, 0x4, 0x3a, 0x29, 0xbf, 0xda, 0x83, 0xa2,
    0x0, 0x91, 0x3b, 0x20, 0x1, 0x59, 0x8c, 0x80,
    0x18, 0x24, 0x3, 0xd2, 0xa, 0x0, 0x10, 0x40,
    0xf, 0x38, 0x10, 0x7, 0xff, 0x10, 0x41, 0x0,
    0x3c, 0xe0, 0x40, 0x6, 0x8, 0x0, 0xf4, 0x2,
    0x80, 0x24, 0x4b, 0xc, 0x0, 0x78, 0x43, 0x20,
    0x1, 0xc2, 0x3c, 0xff, 0x61, 0x96, 0x8, 0x4,
    0x59, 0x6, 0x0, 0x38, 0xd2, 0x0, 0x0,

    /* U+00F4 "ô" */
    0x0, 0xe7, 0xff, 0x38, 0x7, 0xf3, 0x42, 0x1c,
    0x28, 0x7, 0xcb, 0x2b, 0x78, 0x94, 0x80, 0x1e,
    0x7c, 0xa0, 0x5, 0xe3, 0x0, 0x78, 0x8c, 0x3,
    0x19, 0x0, 0x78, 0x5f, 0x3f, 0xd8, 0xe2, 0x1,
    0xc7, 0xf0, 0x60, 0x27, 0x1e, 0x60, 0x10, 0xe8,
    0xa6, 0xff, 0x6a, 0xe, 0x88, 0x2, 0x44, 0xec,
    0x80, 0x5, 0x66, 0x32, 0x0, 0x60, 0x90, 0xf,
    0x48, 0x28, 0x0, 0x41, 0x0, 0x3c, 0xe0, 0x40,
    0x1f, 0xfc, 0x41, 0x4, 0x0, 0xf3, 0x81, 0x0,
    0x18, 0x20, 0x3, 0xd0, 0xa, 0x0, 0x91, 0x2c,
    0x30, 0x1, 0xe1, 0xc, 0x80, 0x7, 0x8, 0xf3,
    0xfd, 0x86, 0x58, 0x20, 0x11, 0x64, 0x18, 0x0,
    0xe3, 0x48, 0x0,

    /* U+00F6 "ö" */
    0x0, 0xdb, 0x80, 0xc, 0xd0, 0xf, 0x84, 0x88,
    0x0, 0x32, 0x10, 0xf, 0xe, 0xe0, 0x3, 0x74,
    0x20, 0x1f, 0x11, 0x0, 0x4, 0x40, 0xf, 0xfe,
    0x48, 0xbe, 0x7f, 0xb1, 0xc4, 0x3, 0x8f, 0xe0,
    0xc0, 0x4e, 0x3c, 0xc0, 0x21, 0xd1, 0x4d, 0xfe,
    0xd4, 0x1d, 0x10, 0x4, 0x89, 0xd9, 0x0, 0xa,
    0xcc, 0x64, 0x0, 0xc1, 0x20, 0x1e, 0x90, 0x50,
    0x0, 0x82, 0x0, 0x79, 0xc0, 0x80, 0x3f, 0xf8,
    0x82, 0x8, 0x1, 0xe7, 0x2, 0x0, 0x30, 0x40,
    0x7, 0xa0, 0x14, 0x1, 0x22, 0x58, 0x60, 0x3,
    0xc2, 0x19, 0x0, 0xe, 0x11, 0xe7, 0xfb, 0xc,
    0xb0, 0x40, 0x22, 0xc8, 0x30, 0x1, 0xc6, 0x90,
    0x0,

    /* U+00F9 "ù" */
    0x0, 0x17, 0x7c, 0x0, 0x7e, 0x2f, 0x37, 0x70,
    0x7, 0xe1, 0xc5, 0x87, 0x0, 0xfe, 0xae, 0x60,
    0xf, 0xf0, 0x88, 0x3, 0xf, 0xf8, 0x3, 0xc7,
    0xfc, 0x1, 0xff, 0xf9, 0x70, 0xe, 0x10, 0xe,
    0x30, 0x0, 0x88, 0x1c, 0x3, 0xa8, 0x2, 0x70,
    0x96, 0x0, 0x15, 0x90, 0x5, 0x4, 0x13, 0xfe,
    0xd4, 0x60, 0x8, 0x75, 0xc8, 0x0, 0x97, 0x60,
    0x0,

    /* U+00FA "ú" */
    0x0, 0xfa, 0xff, 0x4, 0x3, 0xea, 0x46, 0xc1,
    0x0, 0xf5, 0x2c, 0x48, 0x7, 0xe8, 0xe7, 0x0,
    0xfe, 0x21, 0x0, 0xe1, 0xff, 0x0, 0x78, 0xff,
    0x80, 0x3f, 0xff, 0x2e, 0x1, 0xc2, 0x1, 0xc6,
    0x0, 0x11, 0x3, 0x80, 0x75, 0x0, 0x4e, 0x12,
    0xc0, 0x2, 0xb2, 0x0, 0xa0, 0x82, 0x7f, 0xda,
    0x8c, 0x1, 0xe, 0xb9, 0x0, 0x12, 0xec, 0x0,

    /* U+00FB "û" */
    0x0, 0xc5, 0xdf, 0x80, 0x1f, 0x16, 0x3, 0x9e,
    0x0, 0x70, 0xf8, 0x64, 0x59, 0xd8, 0x6, 0x1f,
    0xe2, 0x4, 0xe9, 0x0, 0xe2, 0x0, 0xc2, 0x40,
    0x1, 0xff, 0x0, 0x78, 0xff, 0x80, 0x3f, 0xff,
    0x2e, 0x1, 0xc2, 0x1, 0xc6, 0x0, 0x11, 0x3,
    0x80, 0x75, 0x0, 0x4e, 0x12, 0xc0, 0x2, 0xb2,
    0x0, 0xa0, 0x82, 0x7f, 0xda, 0x8c, 0x1, 0xe,
    0xb9, 0x0, 0x12, 0xec, 0x0,

    /* U+00FC "ü" */
    0x0, 0x9f, 0x8c, 0x1b, 0xd0, 0x3, 0xb4, 0x58,
    0x3c, 0xc, 0x3, 0xab, 0x14, 0x26, 0xdc, 0x3,
    0xc6, 0x1, 0x20, 0x7, 0xff, 0xc, 0x7f, 0xc0,
    0x1e, 0x3f, 0xe0, 0xf, 0xff, 0xcb, 0x80, 0x70,
    0x80, 0x71, 0x80, 0x4, 0x40, 0xe0, 0x1d, 0x40,
    0x13, 0x84, 0xb0, 0x0, 0xac, 0x80, 0x28, 0x20,
    0x9f, 0xf6, 0xa3, 0x0, 0x43, 0xae, 0x40, 0x4,
    0xbb, 0x0, 0x0,

    /* U+00FD "ý" */
    0x0, 0xf9, 0x3f, 0xca, 0x1, 0xfc, 0x96, 0x38,
    0xa0, 0x1f, 0x8e, 0xcf, 0xcc, 0x3, 0xf8, 0xb7,
    0x4, 0x3, 0xfc, 0x24, 0x1, 0xfb, 0x7d, 0x40,
    0x3e, 0xef, 0x10, 0xb0, 0x90, 0xf, 0x30, 0xa8,
    0x83, 0x9, 0xa0, 0x7, 0x58, 0x48, 0x5, 0x21,
    0xe0, 0x19, 0x8, 0xcc, 0x1, 0x30, 0x21, 0x0,
    0x5e, 0x12, 0x1, 0x85, 0x82, 0xc0, 0x4, 0x84,
    0xa0, 0x1d, 0x60, 0xc0, 0xb, 0xa, 0x0, 0xf1,
    0x20, 0x38, 0xb0, 0x38, 0x7, 0xde, 0x14, 0xc0,
    0xe0, 0x1f, 0x90, 0x89, 0x1, 0x40, 0x1f, 0xd0,
    0x0, 0x52, 0x0, 0xfe, 0x50, 0x4, 0x80, 0x7f,
    0x94, 0xc, 0xc0, 0x1e, 0x61, 0x2, 0xb0, 0x90,
    0xf, 0x1c, 0xf7, 0x34, 0x55, 0x40, 0x1e, 0x38,
    0x11, 0x14, 0x50, 0x7, 0xc0,

    /* U+00FF "ÿ" */
    0x0, 0x87, 0xa8, 0x7, 0x6c, 0x3, 0xe2, 0x17,
    0x3, 0x25, 0x0, 0xf8, 0xf3, 0x0, 0x5b, 0xe0,
    0x1f, 0x8c, 0x40, 0x4, 0x20, 0x1f, 0xfc, 0x7d,
    0xf5, 0x0, 0xfb, 0xbc, 0x42, 0xc2, 0x40, 0x3c,
    0xc2, 0xa2, 0xc, 0x26, 0x80, 0x1d, 0x61, 0x20,
    0x14, 0x87, 0x80, 0x64, 0x23, 0x30, 0x4, 0xc0,
    0x84, 0x1, 0x78, 0x48, 0x6, 0x16, 0xb, 0x0,
    0x12, 0x12, 0x80, 0x75, 0x83, 0x0, 0x2c, 0x28,
    0x3, 0xc4, 0x80, 0xe2, 0xc0, 0xe0, 0x1f, 0x78,
    0x53, 0x3, 0x80, 0x7e, 0x42, 0x24, 0x5, 0x0,
    0x7f, 0x40, 0x1, 0x48, 0x3, 0xf9, 0x40, 0x12,
    0x1, 0xfe, 0x50, 0x33, 0x0, 0x79, 0x84, 0xa,
    0xc2, 0x40, 0x3c, 0x73, 0xdc, 0xd1, 0x55, 0x0,
    0x78, 0xe0, 0x44, 0x51, 0x40, 0x1f, 0x0,

    /* U+0104 "Ą" */
    0x0, 0xf9, 0x3f, 0xca, 0x1, 0xff, 0xc2, 0xf0,
    0x4, 0x80, 0x7f, 0xf0, 0x49, 0x4, 0x46, 0x60,
    0xf, 0xfe, 0x5, 0x83, 0x48, 0x48, 0x7, 0xff,
    0x1, 0x82, 0x98, 0x14, 0x40, 0x3f, 0xce, 0x8,
    0x42, 0xa1, 0x20, 0x1f, 0xea, 0xf, 0x0, 0x48,
    0x30, 0x7, 0xf2, 0x91, 0x10, 0x0, 0x66, 0x16,
    0x0, 0xfd, 0x21, 0x60, 0x1a, 0x42, 0xc0, 0x3e,
    0x23, 0x6, 0x0, 0xca, 0x24, 0x80, 0x1e, 0xb0,
    0x6, 0x67, 0x80, 0x1e, 0x1, 0xc2, 0xc0, 0x3,
    0x3f, 0x8, 0x21, 0x0, 0x66, 0x4, 0xff, 0xfc,
    0xa1, 0x60, 0x1a, 0x43, 0xc0, 0x3f, 0x48, 0x30,
    0x80, 0x14, 0x49, 0x0, 0x3f, 0x19, 0x3, 0x0,
    0x24, 0x28, 0x3, 0xfd, 0x61, 0x0, 0xc, 0xf7,
    0x0, 0xfe, 0x1a, 0x1a, 0x0, 0xff, 0xe1, 0x41,
    0x7a, 0x80, 0x7f, 0xf0, 0x99, 0xc4, 0x3, 0xff,
    0x86, 0x2a, 0x24, 0x20, 0x1f, 0xfc, 0x1b, 0x3e,
    0xd7, 0x0, 0xff, 0xe0, 0xaf, 0xef, 0x30,

    /* U+0105 "ą" */
    0x2, 0x8c, 0xff, 0x74, 0x90, 0x1, 0x35, 0xcc,
    0x46, 0x6d, 0x30, 0x52, 0x9e, 0xeb, 0x4c, 0x3c,
    0x7, 0x58, 0x40, 0x5, 0xa0, 0x62, 0x1, 0xf0,
    0x88, 0x8, 0xe, 0xbb, 0xff, 0x8, 0x1, 0x31,
    0x54, 0xce, 0xf0, 0x5, 0xe1, 0x17, 0x31, 0x10,
    0x80, 0x14, 0x10, 0x3, 0x8, 0x80, 0xa, 0x14,
    0x1, 0xe, 0x80, 0x50, 0xd, 0xd7, 0x9c, 0x44,
    0x0, 0x1e, 0xa8, 0x21, 0x36, 0x10, 0x38, 0x15,
    0x77, 0xf4, 0xf0, 0xda, 0x0, 0x7a, 0xf, 0x10,
    0x3, 0xe5, 0x51, 0x0, 0x7e, 0x17, 0x21, 0x20,
    0xf, 0x79, 0xef, 0x50, 0x7, 0x8f, 0xb7, 0xa0,

    /* U+0106 "Ć" */
    0x0, 0xfc, 0x5d, 0xee, 0x1, 0xfe, 0x2c, 0xb,
    0x70, 0xf, 0xe2, 0xc3, 0xc4, 0x0, 0xff, 0x17,
    0x69, 0x0, 0x7f, 0x14, 0x6f, 0x7f, 0x52, 0x80,
    0x7a, 0x75, 0xc8, 0x40, 0x56, 0xb4, 0x80, 0x2c,
    0x60, 0x5b, 0xef, 0xd9, 0x12, 0xe0, 0x4, 0x98,
    0x55, 0x10, 0x40, 0x9b, 0x9b, 0x80, 0x98, 0x29,
    0x40, 0x3e, 0x92, 0xa, 0x3, 0x50, 0xf, 0xf9,
    0x2, 0xc0, 0x3f, 0xf8, 0x4, 0x6, 0x1, 0xff,
    0xcf, 0x20, 0x30, 0xf, 0xfe, 0x2, 0x5, 0x80,
    0x7f, 0xf0, 0x28, 0xd, 0x40, 0x3f, 0xe2, 0x60,
    0xa4, 0x0, 0xfa, 0x48, 0x1, 0x26, 0x17, 0x48,
    0x20, 0x2d, 0xcd, 0xc0, 0x16, 0x30, 0x2d, 0xf7,
    0xf4, 0x89, 0x70, 0x6, 0x9d, 0x72, 0x0, 0xa,
    0xd6, 0x90, 0x0,

    /* U+0107 "ć" */
    0x0, 0xf9, 0xbf, 0xc8, 0x1, 0xf2, 0xc8, 0xea,
    0x0, 0x79, 0x28, 0xfc, 0x80, 0x3e, 0x6c, 0xc0,
    0x80, 0x7e, 0x23, 0x0, 0xfc, 0x2f, 0x9d, 0xfa,
    0xe0, 0x18, 0xfe, 0xc, 0x44, 0x51, 0xc4, 0x3,
    0xa2, 0x79, 0xfd, 0xa8, 0x34, 0x12, 0x27, 0x86,
    0x0, 0x2b, 0xa8, 0x6, 0x9, 0x0, 0xf2, 0x80,
    0x4, 0x10, 0x3, 0xff, 0x92, 0x20, 0x80, 0x1f,
    0xcc, 0x12, 0x1, 0xe5, 0x0, 0x48, 0x9e, 0x18,
    0x0, 0xb2, 0xa4, 0x7, 0x8, 0xf3, 0xfd, 0xa6,
    0x50, 0x0, 0x2d, 0x83, 0x10, 0x28, 0xd1,

    /* U+010C "Č" */
    0x0, 0xcd, 0xf2, 0x0, 0x8f, 0x70, 0xf, 0x9a,
    0x5a, 0xe9, 0xde, 0x0, 0xfc, 0xd0, 0x8a, 0xf0,
    0x1, 0xfe, 0x7f, 0xf4, 0x0, 0x7f, 0x14, 0x6f,
    0x7f, 0x52, 0x80, 0x7a, 0x75, 0xc8, 0x40, 0x56,
    0xb4, 0x80, 0x2c, 0x60, 0x5b, 0xef, 0xd9, 0x12,
    0xe0, 0x4, 0x98, 0x55, 0x10, 0x40, 0x9b, 0x9b,
    0x80, 0x98, 0x29, 0x40, 0x3e, 0x92, 0xa, 0x3,
    0x50, 0xf, 0xf9, 0x2, 0xc0, 0x3f, 0xf8, 0x4,
    0x6, 0x1, 0xff, 0xcf, 0x20, 0x30, 0xf, 0xfe,
    0x2, 0x5, 0x80, 0x7f, 0xf0, 0x28, 0xd, 0x40,
    0x3f, 0xe2, 0x60, 0xa4, 0x0, 0xfa, 0x48, 0x1,
    0x26, 0x17, 0x48, 0x20, 0x2d, 0xcd, 0xc0, 0x16,
    0x30, 0x2d, 0xf7, 0xf4, 0x89, 0x70, 0x6, 0x9d,
    0x72, 0x0, 0xa, 0xd6, 0x90, 0x0,

    /* U+010D "č" */
    0x0, 0xaf, 0xd0, 0x1, 0x7e, 0x80, 0x1a, 0xce,
    0xdb, 0x12, 0x90, 0x3, 0xb4, 0xa4, 0xe5, 0x40,
    0x3c, 0x39, 0x8d, 0x60, 0xf, 0xc2, 0x64, 0x1,
    0xf0, 0xbe, 0x77, 0xeb, 0x80, 0x63, 0xf8, 0x31,
    0x11, 0x47, 0x10, 0xe, 0x89, 0xe7, 0xf6, 0xa0,
    0xd0, 0x48, 0x9e, 0x18, 0x0, 0xae, 0xa0, 0x18,
    0x24, 0x3, 0xca, 0x0, 0x10, 0x40, 0xf, 0xfe,
    0x48, 0x82, 0x0, 0x7f, 0x30, 0x48, 0x7, 0x94,
    0x1, 0x22, 0x78, 0x60, 0x2, 0xca, 0x90, 0x1c,
    0x23, 0xcf, 0xf6, 0x99, 0x40, 0x0, 0xb6, 0xc,
    0x40, 0xa3, 0x44,

    /* U+010E "Ď" */
    0x0, 0x17, 0x60, 0x82, 0x7e, 0x0, 0x7e, 0x2d,
    0x2f, 0x7b, 0x3c, 0x0, 0xfe, 0x3d, 0x18, 0x3c,
    0x0, 0xff, 0x8f, 0xfd, 0x80, 0x1f, 0xaf, 0xff,
    0xdd, 0xb2, 0x60, 0x1f, 0xfc, 0x1, 0x26, 0xcb,
    0x10, 0xe, 0x7f, 0xfe, 0xd7, 0x4, 0xf1, 0x0,
    0xff, 0x14, 0x69, 0xe, 0x80, 0x7f, 0xf0, 0xb,
    0xc0, 0xd8, 0x3, 0xff, 0x80, 0x4c, 0x14, 0x1,
    0xff, 0xc1, 0xd0, 0x30, 0xf, 0xfe, 0xb, 0x0,
    0x4, 0x3, 0xff, 0xa0, 0xc0, 0x1, 0x0, 0xff,
    0xe0, 0x68, 0x18, 0x7, 0xff, 0x0, 0x98, 0x28,
    0x3, 0xfe, 0x2f, 0x3, 0x60, 0xf, 0xe2, 0x8d,
    0x21, 0xd0, 0xc, 0xff, 0xfd, 0xae, 0x9, 0xe2,
    0x1, 0xfc, 0x24, 0xd9, 0x62, 0x1, 0x0,

    /* U+010F "ď" */
    0x0, 0xff, 0xe1, 0xa9, 0x80, 0x7f, 0x87, 0xfc,
    0x0, 0xa9, 0x0, 0xff, 0xe2, 0x18, 0x7, 0xff,
    0x10, 0x40, 0x3f, 0xf8, 0x9e, 0x1, 0xff, 0xc3,
    0xf7, 0x0, 0x86, 0x37, 0xfa, 0xd0, 0x3, 0xf8,
    0xfd, 0xc8, 0x5, 0x2e, 0x0, 0x3e, 0x1d, 0x14,
    0xdf, 0xf6, 0x1b, 0x0, 0x7d, 0x2, 0x76, 0x40,
    0x3, 0xc2, 0x0, 0xf9, 0xc2, 0x40, 0x3d, 0x0,
    0x1f, 0x8, 0x20, 0x7, 0x9c, 0x3, 0xff, 0x98,
    0x20, 0x80, 0x1e, 0x70, 0xf, 0x9c, 0x20, 0x3,
    0xd0, 0x1, 0xf4, 0x9, 0x61, 0x80, 0xf, 0x8,
    0x3, 0xe1, 0xd1, 0x3c, 0xff, 0x61, 0xb8, 0x7,
    0xe3, 0xf7, 0x20, 0x14, 0xb8, 0x0, 0xf0,

    /* U+0118 "Ę" */
    0xbf, 0xff, 0xf1, 0x0, 0x7f, 0xf0, 0x9f, 0xff,
    0xf1, 0x0, 0x7f, 0xf9, 0x9f, 0xbb, 0xe3, 0x0,
    0xc2, 0x3f, 0x0, 0x67, 0xff, 0xf8, 0xc0, 0x3f,
    0xfc, 0xef, 0xff, 0xf9, 0xc0, 0x3f, 0xee, 0xbf,
    0xff, 0xa0, 0x1a, 0x0, 0x3e, 0x38, 0x99, 0x8,
    0x7, 0xd4, 0x2c, 0x1, 0xfc, 0x22, 0x31, 0x30,
    0xf, 0xa4, 0xb3, 0xbc, 0x3, 0xe1, 0xdd, 0xb0,

    /* U+0119 "ę" */
    0x0, 0x86, 0x37, 0xfa, 0xd4, 0x3, 0x8f, 0xdc,
    0x88, 0x9, 0x56, 0x1, 0xe, 0x8b, 0xfe, 0xf6,
    0x12, 0x48, 0x2, 0x5, 0xa0, 0x2, 0x3c, 0x16,
    0x10, 0x70, 0xd2, 0x2e, 0x34, 0x7, 0x1, 0xb,
    0xdd, 0xf2, 0x87, 0x0, 0x53, 0x55, 0xfc, 0x2,
    0x6, 0xab, 0xf8, 0x81, 0x82, 0x4, 0x3, 0x88,
    0x2, 0x91, 0x2d, 0x30, 0x0, 0xbe, 0xa8, 0x0,
    0x70, 0x8f, 0x3f, 0xb9, 0x0, 0x1c, 0x5b, 0x6,
    0x22, 0x0, 0x52, 0x80, 0x73, 0xe7, 0x50, 0x4a,
    0x80, 0x7f, 0x49, 0xb0, 0x7, 0xf8, 0xec, 0x3,
    0xfe, 0x1c, 0x12, 0x10, 0xf, 0xd6, 0x9d, 0xae,
    0x1, 0xf9, 0x7f, 0x79, 0x80,

    /* U+0139 "Ĺ" */
    0x0, 0xaf, 0xec, 0x40, 0x3e, 0xb4, 0x6b, 0x10,
    0xf, 0x5a, 0x4c, 0x80, 0x3f, 0x5f, 0xb0, 0x7,
    0xf5, 0xfc, 0x0, 0x7f, 0xff, 0xc0, 0x3f, 0xff,
    0xe0, 0x1f, 0xfc, 0x57, 0xff, 0xfb, 0x0, 0x3f,
    0xe1,

    /* U+013A "ĺ" */
    0x0, 0x17, 0x7b, 0x80, 0xb, 0x6, 0xdc, 0xb,
    0xf, 0x50, 0x0, 0x5d, 0xa4, 0x1, 0xbf, 0xc2,
    0x1, 0xff, 0xff, 0x0, 0xff, 0xee, 0x0,

    /* U+013D "Ľ" */
    0x0, 0xf9, 0x7d, 0x42, 0xfe, 0x0, 0x3c, 0x20,
    0x1f, 0xe7, 0x0, 0xff, 0x8, 0x7, 0xe4, 0xa2,
    0x0, 0xfc, 0x2a, 0x1, 0xff, 0xff, 0x0, 0xff,
    0xe8, 0x3f, 0xff, 0xd8, 0x1, 0xfe, 0x10,

    /* U+013E "ľ" */
    0x0, 0xc8, 0x8f, 0xf0, 0x85, 0x40, 0x7, 0x38,
    0x7, 0x8, 0x7, 0x18, 0x6, 0xe9, 0x0, 0xff,
    0xfe, 0x0,

    /* U+0141 "Ł" */
    0x0, 0x47, 0xd8, 0x7, 0xff, 0xb5, 0xdc, 0x1,
    0xff, 0x5c, 0x60, 0x7, 0xf9, 0x10, 0xf6, 0x1,
    0xf9, 0x40, 0x15, 0x0, 0x1f, 0xa0, 0x80, 0x94,
    0x3, 0xf4, 0xb8, 0x1, 0x80, 0x3f, 0xae, 0x1c,
    0x3, 0xfe, 0x27, 0x0, 0xff, 0xf0, 0x27, 0xff,
    0xe0, 0xf, 0xfe, 0x18,

    /* U+0142 "ł" */
    0x0, 0xb7, 0xd0, 0x3, 0xff, 0xc6, 0x56, 0x20,
    0x1d, 0x28, 0x80, 0x8, 0x80, 0x16, 0xa0, 0xa,
    0x0, 0x4a, 0x0, 0x31, 0x40, 0x4, 0x1, 0x24,
    0x90, 0x7, 0x43, 0x0, 0x7f, 0xf6, 0x40,

    /* U+0143 "Ń" */
    0x0, 0xf9, 0x3f, 0xca, 0x1, 0xfc, 0x96, 0x38,
    0xa0, 0x1f, 0x92, 0xcf, 0xcc, 0x3, 0xf9, 0x3f,
    0x4, 0x3, 0xaf, 0xdc, 0x3, 0xf5, 0x7c, 0x0,
    0x21, 0x0, 0x3f, 0xf8, 0x34, 0x20, 0x1f, 0xfc,
    0x1, 0xd0, 0xf, 0xf9, 0x0, 0xe4, 0x3, 0xfc,
    0x74, 0xc, 0xa0, 0x1f, 0xe5, 0x60, 0xa2, 0x0,
    0xff, 0x49, 0x87, 0x80, 0x7f, 0xdc, 0x25, 0x60,
    0x1f, 0xe2, 0xa0, 0x47, 0x0, 0xff, 0x23, 0x84,
    0x20, 0x7, 0xfa, 0x10, 0x28, 0x40, 0x3f, 0xd4,
    0x22, 0x40, 0xf, 0xf0, 0xe8, 0x7, 0xff, 0x4,
    0xe4, 0x3, 0xff, 0x82, 0xca, 0x0,

    /* U+0144 "ń" */
    0x0, 0xf4, 0xfe, 0x90, 0x7, 0xd0, 0xc9, 0x84,
    0x1, 0xe8, 0x76, 0xb1, 0x0, 0xfa, 0x7a, 0x40,
    0x3f, 0x84, 0x40, 0x1e, 0xff, 0x2, 0xe7, 0x7e,
    0xc0, 0x7, 0x55, 0xc, 0xc2, 0x4f, 0xa0, 0x19,
    0x5f, 0xf7, 0xac, 0x4a, 0x0, 0x25, 0x80, 0x9,
    0x20, 0x14, 0x2, 0xe0, 0xe, 0x40, 0x20, 0x9,
    0x80, 0x38, 0x80, 0x38, 0xc0, 0x3f, 0x8, 0x7,
    0xff, 0xc0,

    /* U+0147 "Ň" */
    0x0, 0xa3, 0xdc, 0x1, 0x3e, 0xa0, 0x1e, 0x86,
    0x89, 0xb6, 0x95, 0x0, 0xfa, 0x59, 0x89, 0x2c,
    0x1, 0xfd, 0x3f, 0xe6, 0x0, 0xeb, 0xf7, 0x0,
    0xfd, 0x5f, 0x0, 0x8, 0x40, 0xf, 0xfe, 0xd,
    0x8, 0x7, 0xff, 0x0, 0x74, 0x3, 0xfe, 0x40,
    0x39, 0x0, 0xff, 0x1d, 0x3, 0x28, 0x7, 0xf9,
    0x58, 0x28, 0x80, 0x3f, 0xd2, 0x61, 0xe0, 0x1f,
    0xf7, 0x9, 0x58, 0x7, 0xf8, 0xa8, 0x11, 0xc0,
    0x3f, 0xc8, 0xe1, 0x8, 0x1, 0xfe, 0x84, 0xa,
    0x10, 0xf, 0xf5, 0x8, 0x90, 0x3, 0xfc, 0x3a,
    0x1, 0xff, 0xc1, 0x39, 0x0, 0xff, 0xe0, 0xb2,
    0x80, 0x0,

    /* U+0148 "ň" */
    0x1, 0xde, 0x20, 0x2d, 0xe1, 0x0, 0x87, 0x3,
    0x1b, 0xf, 0x4, 0x3, 0xe, 0x4, 0x8e, 0x90,
    0x7, 0x8b, 0xf7, 0x8c, 0x3, 0xf0, 0x90, 0x80,
    0x77, 0xf8, 0x17, 0x3b, 0xf6, 0x0, 0x3a, 0xa8,
    0x66, 0x12, 0x7d, 0x0, 0xca, 0xff, 0xbd, 0x62,
    0x50, 0x1, 0x2c, 0x0, 0x49, 0x0, 0xa0, 0x17,
    0x0, 0x72, 0x1, 0x0, 0x4c, 0x1, 0xc4, 0x1,
    0xc6, 0x1, 0xf8, 0x40, 0x3f, 0xfe, 0x0,

    /* U+0152 "Œ" */
    0x0, 0xc7, 0x3b, 0xff, 0xff, 0xc3, 0x30, 0xa,
    0x71, 0x88, 0x3, 0xff, 0x8d, 0x8c, 0xd, 0x9f,
    0xf9, 0x41, 0xff, 0xff, 0x18, 0x51, 0x8e, 0x49,
    0x80, 0x7f, 0xf1, 0xd, 0x42, 0x8c, 0x3, 0xff,
    0x8d, 0x40, 0x68, 0x1, 0xff, 0xc7, 0x50, 0xa0,
    0xf, 0xfe, 0x41, 0x1, 0x0, 0x7f, 0x9f, 0xbb,
    0xe3, 0x0, 0xff, 0xe1, 0x88, 0xfc, 0xe0, 0x60,
    0x40, 0x1f, 0xe7, 0xff, 0xf9, 0x1, 0x2, 0x80,
    0x3f, 0xf9, 0x14, 0x6, 0x80, 0x1f, 0xfc, 0x73,
    0x50, 0xa3, 0x0, 0xff, 0xe3, 0xd1, 0xe, 0x49,
    0x80, 0x7f, 0xf1, 0xb5, 0x41, 0xb3, 0xff, 0x28,
    0x3f, 0xff, 0xe7, 0x0, 0xab, 0x5c, 0xc4, 0x3,
    0xff, 0x85, 0xe0,

    /* U+0153 "œ" */
    0x0, 0x85, 0xf3, 0xfd, 0x8e, 0x1, 0xc, 0x6f,
    0xf5, 0xa8, 0x7, 0x1f, 0xc1, 0x80, 0x9c, 0x69,
    0x1f, 0xb9, 0x8, 0x92, 0xac, 0x2, 0x1d, 0x14,
    0xdf, 0xed, 0x42, 0xfd, 0x16, 0xee, 0x7d, 0x92,
    0x48, 0x2, 0x44, 0xec, 0x80, 0x5, 0x66, 0x42,
    0xd2, 0x20, 0x4, 0xc1, 0x61, 0x6, 0x9, 0x0,
    0xf4, 0x80, 0x34, 0x8b, 0x8d, 0x41, 0x0, 0x41,
    0x0, 0x3c, 0xe0, 0xb, 0xdd, 0xf2, 0x1, 0x0,
    0x7f, 0xf0, 0x66, 0xab, 0xf2, 0x80, 0x82, 0x0,
    0x79, 0xc0, 0x6, 0xab, 0xf8, 0x81, 0x82, 0x0,
    0x3d, 0x0, 0x8, 0x0, 0xf1, 0x0, 0x52, 0x25,
    0x86, 0x0, 0x3c, 0x23, 0x31, 0x61, 0x80, 0x5,
    0xf5, 0x40, 0x3, 0x84, 0x79, 0xfe, 0xc3, 0x36,
    0xe8, 0x8f, 0x3f, 0xb9, 0x0, 0x1c, 0x59, 0x6,
    0x0, 0x39, 0xc1, 0x16, 0xc9, 0x88, 0x89, 0xb5,
    0x40,

    /* U+0154 "Ŕ" */
    0x0, 0xf1, 0x77, 0xb8, 0x7, 0xe2, 0xc1, 0xb7,
    0x0, 0xf8, 0xb0, 0xf5, 0x0, 0x3f, 0x17, 0x69,
    0x0, 0x75, 0xff, 0xfb, 0xad, 0x80, 0x3f, 0xc2,
    0x93, 0xa4, 0x1, 0x3f, 0xfe, 0xea, 0x22, 0x78,
    0x7, 0xe1, 0x5c, 0x12, 0x60, 0xf, 0xe1, 0x70,
    0xc0, 0xf, 0xf7, 0x0, 0x80, 0x7f, 0xb8, 0x8,
    0x3, 0xf8, 0x5c, 0x3c, 0x3, 0xf2, 0x60, 0x93,
    0x0, 0x1f, 0xbb, 0x7d, 0x91, 0x3c, 0x3, 0x8,
    0xe0, 0x2, 0xe9, 0x0, 0x4f, 0xff, 0xa8, 0x10,
    0x40, 0x3f, 0x95, 0x6, 0xc0, 0x3f, 0xd4, 0x2a,
    0xa0, 0xf, 0xe1, 0x80, 0xb1, 0x0, 0xfe, 0x64,
    0x1b,

    /* U+0155 "ŕ" */
    0x0, 0x87, 0xbe, 0x40, 0x21, 0xc1, 0x99, 0x0,
    0x7, 0xa, 0xd8, 0x2, 0x1f, 0xe4, 0x0, 0xe2,
    0x10, 0xd, 0xfe, 0x6, 0xce, 0x40, 0xa, 0x64,
    0x62, 0x1, 0x99, 0x37, 0xd0, 0x2, 0x3b, 0x20,
    0xe, 0x90, 0xf, 0x9c, 0x3, 0xe3, 0x0, 0xff,
    0xf0, 0x80,

    /* U+015A "Ś" */
    0x0, 0xf8, 0xbb, 0xdc, 0x3, 0xf1, 0x60, 0xdb,
    0x80, 0x7c, 0x58, 0x7a, 0x80, 0x1f, 0x8b, 0xb4,
    0x80, 0x3e, 0x29, 0xdf, 0xf7, 0x5b, 0x0, 0x66,
    0xd6, 0x20, 0x11, 0x24, 0xf0, 0x0, 0xe4, 0x1b,
    0xbf, 0xbe, 0xd1, 0x0, 0xa, 0x4, 0x91, 0x0,
    0x92, 0xe8, 0x0, 0x41, 0x80, 0x1f, 0xe2, 0xb,
    0x0, 0xff, 0x50, 0x1e, 0xb9, 0x0, 0x7c, 0x74,
    0x25, 0x1b, 0xd2, 0x80, 0x1c, 0xbd, 0x28, 0x2,
    0xd7, 0xa8, 0x1, 0xcd, 0x7f, 0x8e, 0x25, 0x66,
    0x1, 0xf1, 0xc7, 0x90, 0x50, 0x7, 0xf0, 0xd0,
    0x10, 0x21, 0x0, 0x7d, 0xa0, 0x41, 0x3b, 0x48,
    0x1, 0xc, 0x28, 0x50, 0x50, 0x2d, 0xff, 0x7f,
    0x38, 0x41, 0x83, 0xf4, 0x20, 0x88, 0x9, 0xb1,
    0xc0,

    /* U+015B "ś" */
    0x0, 0xf5, 0x7e, 0x8, 0x7, 0xa5, 0x53, 0x4,
    0x3, 0xa1, 0x99, 0x60, 0x1f, 0x5e, 0xc8, 0x7,
    0xe3, 0x20, 0xf, 0x8a, 0xb7, 0xfd, 0xb2, 0x60,
    0x5, 0xd5, 0x22, 0x9, 0x37, 0x80, 0x2c, 0x1f,
    0xf7, 0xb9, 0x1e, 0x2, 0x20, 0x80, 0x8, 0x5c,
    0xc0, 0x44, 0x14, 0x40, 0x1f, 0x40, 0x2e, 0xf5,
    0xb9, 0x0, 0x4d, 0xae, 0x62, 0x91, 0xb0, 0x1,
    0x14, 0x67, 0xec, 0x3, 0x98, 0x7, 0x89, 0xcc,
    0x18, 0x36, 0x8, 0x2, 0x43, 0x6, 0x42, 0x7d,
    0xfe, 0xfb, 0x6, 0x34, 0xd7, 0x30, 0x12, 0x4b,
    0x90,

    /* U+0160 "Š" */
    0x0, 0x9b, 0xe4, 0x0, 0xff, 0x0, 0x1c, 0xd2,
    0xd7, 0x30, 0xf0, 0x1, 0xe6, 0x94, 0x66, 0x40,
    0x7, 0xe6, 0xff, 0x48, 0x7, 0xc5, 0x3b, 0xfe,
    0xeb, 0x60, 0xc, 0xda, 0xc4, 0x2, 0x24, 0x9e,
    0x0, 0x1c, 0x83, 0x77, 0xf7, 0xda, 0x20, 0x1,
    0x40, 0x92, 0x20, 0x12, 0x5d, 0x0, 0x8, 0x30,
    0x3, 0xfc, 0x41, 0x60, 0x1f, 0xea, 0x3, 0xd7,
    0x20, 0xf, 0x8e, 0x84, 0xa3, 0x7a, 0x50, 0x3,
    0x97, 0xa5, 0x0, 0x5a, 0xf5, 0x0, 0x39, 0xaf,
    0xf1, 0xc4, 0xac, 0xc0, 0x3e, 0x38, 0xf2, 0xa,
    0x0, 0xfe, 0x1a, 0x2, 0x4, 0x20, 0xf, 0xb4,
    0x8, 0x27, 0x69, 0x0, 0x21, 0x85, 0xa, 0xa,
    0x5, 0xbf, 0xef, 0xe7, 0x8, 0x30, 0x7e, 0x84,
    0x11, 0x1, 0x36, 0x38, 0x0,

    /* U+0161 "š" */
    0x2, 0xed, 0x10, 0x2e, 0xd1, 0x0, 0x16, 0x1f,
    0xae, 0x7, 0x88, 0x4, 0x5a, 0x34, 0x18, 0x40,
    0x1c, 0x7b, 0x9e, 0x40, 0x1f, 0x11, 0x88, 0x7,
    0x8a, 0xb7, 0xfd, 0xb2, 0x60, 0x5, 0xd5, 0x22,
    0x9, 0x37, 0x80, 0x2c, 0x1f, 0xf7, 0xb9, 0x1e,
    0x2, 0x20, 0x80, 0x8, 0x5c, 0xc0, 0x44, 0x14,
    0x40, 0x1f, 0x40, 0x2e, 0xf5, 0xb9, 0x0, 0x4d,
    0xae, 0x62, 0x91, 0xb0, 0x1, 0x14, 0x67, 0xec,
    0x3, 0x98, 0x7, 0x89, 0xcc, 0x18, 0x36, 0x8,
    0x2, 0x43, 0x6, 0x42, 0x7d, 0xfe, 0xfb, 0x6,
    0x34, 0xd7, 0x30, 0x12, 0x4b, 0x90,

    /* U+0164 "Ť" */
    0x0, 0xf, 0x69, 0x1, 0xf6, 0x88, 0x6, 0x1c,
    0x3c, 0x7c, 0x3c, 0x10, 0xe, 0x2c, 0x8, 0x2c,
    0x10, 0xf, 0x8b, 0xbf, 0x44, 0x3, 0x77, 0xff,
    0xfd, 0xa6, 0x1, 0xff, 0xe, 0xff, 0xe5, 0x7,
    0xff, 0xd8, 0x1, 0xff, 0xff, 0x0, 0xff, 0xff,
    0x80, 0x7f, 0xf1, 0xc0,

    /* U+0165 "ť" */
    0x0, 0xf5, 0xf0, 0x7, 0xe3, 0x0, 0x8d, 0x48,
    0x0, 0x20, 0x14, 0x52, 0x1, 0x28, 0x7, 0xd3,
    0x20, 0xaf, 0x40, 0x9f, 0xf6, 0x1, 0x18, 0x81,
    0x19, 0x94, 0x23, 0x14, 0x2f, 0x31, 0x20, 0x1f,
    0xfe, 0x41, 0x1, 0x0, 0xf6, 0x85, 0x80, 0x8,
    0x2, 0x60, 0x3f, 0xed, 0x40, 0x0, 0xea, 0x8,
    0x23, 0x0,

    /* U+0178 "Ÿ" */
    0x0, 0xec, 0xd0, 0x5, 0x70, 0x80, 0x7f, 0x11,
    0x4, 0x1c, 0x48, 0x3, 0xfb, 0x34, 0x43, 0x30,
    0x60, 0x1f, 0xc4, 0x40, 0x0, 0x98, 0x7, 0xb3,
    0xe0, 0x3, 0xf1, 0x7f, 0x84, 0x3c, 0x1c, 0x80,
    0x3e, 0x90, 0x81, 0x3, 0x50, 0x90, 0xf, 0x2a,
    0x13, 0x80, 0x56, 0x8, 0xa0, 0x1d, 0x61, 0x20,
    0x18, 0x60, 0x20, 0x3, 0x40, 0xaa, 0x0, 0x73,
    0x91, 0x1c, 0x0, 0x4e, 0x10, 0x1, 0xf4, 0x84,
    0x8, 0x48, 0x39, 0x0, 0x7c, 0x88, 0xb, 0x44,
    0xc, 0x0, 0x7f, 0x48, 0x2d, 0x5, 0x80, 0x7f,
    0x89, 0xc0, 0x51, 0x40, 0x3f, 0xe8, 0x0, 0x78,
    0x7, 0xff, 0xd, 0xc0, 0x3f, 0xff, 0x40,

    /* U+0179 "Ź" */
    0x0, 0xfd, 0x7f, 0x62, 0x1, 0xfd, 0x68, 0xf6,
    0x20, 0x1f, 0xad, 0x2a, 0x0, 0x3f, 0xd7, 0xea,
    0x1, 0xee, 0xff, 0xff, 0xa0, 0xc, 0x3, 0xfe,
    0xf0, 0xdf, 0xff, 0xc6, 0x6, 0xe0, 0x1f, 0xd2,
    0x63, 0xa0, 0x1f, 0xca, 0xc1, 0x42, 0x1, 0xf8,
    0xa8, 0x21, 0x0, 0x3f, 0xbc, 0x11, 0xc0, 0x3f,
    0xa8, 0x89, 0x40, 0x1f, 0xce, 0xa1, 0xc2, 0x1,
    0xf8, 0xe0, 0x24, 0xc0, 0x3f, 0xe, 0x83, 0x30,
    0x3, 0xfa, 0x84, 0xe4, 0x3, 0xfa, 0x10, 0x78,
    0x3, 0xf9, 0x1c, 0x28, 0x80, 0x3f, 0xa8, 0x1,
    0x7f, 0xff, 0xb0, 0x4, 0x3, 0xfe, 0x10,

    /* U+017A "ź" */
    0x0, 0xf3, 0x7f, 0x20, 0x7, 0x96, 0x4b, 0x10,
    0x3, 0x92, 0x8f, 0x8, 0x3, 0xcb, 0xb8, 0x20,
    0x1f, 0x9, 0x0, 0x7b, 0xff, 0xf9, 0xc0, 0xcf,
    0xc4, 0x0, 0x20, 0xcc, 0xf0, 0x83, 0x28, 0x7,
    0xa4, 0xcd, 0x20, 0x1e, 0x56, 0x1d, 0x0, 0xf1,
    0x50, 0x50, 0x80, 0x7b, 0xc2, 0x10, 0x3, 0xd6,
    0x48, 0xe0, 0x1e, 0x74, 0x2b, 0x0, 0xf2, 0x40,
    0x78, 0x7, 0xd4, 0x3, 0xd9, 0x9c, 0xe4, 0x20,
    0x26, 0x7e, 0xd0,

    /* U+017B "Ż" */
    0x0, 0xf4, 0x7a, 0x80, 0x7f, 0xca, 0x1e, 0x1,
    0xff, 0x4b, 0x40, 0x7, 0xfc, 0x92, 0x40, 0x1e,
    0xef, 0xff, 0xfa, 0x0, 0xc0, 0x3f, 0xef, 0xd,
    0xff, 0xfc, 0x60, 0x6e, 0x1, 0xfd, 0x26, 0x3a,
    0x1, 0xfc, 0xac, 0x14, 0x20, 0x1f, 0x8a, 0x82,
    0x10, 0x3, 0xfb, 0xc1, 0x1c, 0x3, 0xfa, 0x88,
    0x94, 0x1, 0xfc, 0xea, 0x1c, 0x20, 0x1f, 0x8e,
    0x2, 0x4c, 0x3, 0xf0, 0xe8, 0x33, 0x0, 0x3f,
    0xa8, 0x4e, 0x40, 0x3f, 0xa1, 0x7, 0x80, 0x3f,
    0x91, 0xc2, 0x88, 0x3, 0xfa, 0x80, 0x17, 0xff,
    0xfb, 0x0, 0x40, 0x3f, 0xe1,

    /* U+017C "ż" */
    0x0, 0xc7, 0xd4, 0x1, 0xf9, 0x5, 0x40, 0x3f,
    0x33, 0x28, 0x3, 0xf0, 0xca, 0x80, 0x7f, 0xf1,
    0x3f, 0xff, 0x9c, 0xc, 0xfc, 0x40, 0x2, 0xc,
    0xcf, 0x8, 0x32, 0x80, 0x7a, 0x4c, 0xd2, 0x1,
    0xe5, 0x61, 0xd0, 0xf, 0x15, 0x5, 0x8, 0x7,
    0xbc, 0x21, 0x0, 0x3d, 0x64, 0x8e, 0x1, 0xe7,
    0x42, 0xb0, 0xf, 0x24, 0x7, 0x80, 0x7d, 0x40,
    0x3d, 0x99, 0xce, 0x42, 0x2, 0x67, 0xed,

    /* U+017D "Ž" */
    0x0, 0x8b, 0xb4, 0x40, 0xfb, 0x0, 0x3c, 0x58,
    0x7e, 0xf8, 0x5a, 0x1, 0xf1, 0x60, 0x41, 0x68,
    0x80, 0x7e, 0x2e, 0xfd, 0x10, 0xe, 0xef, 0xff,
    0xfa, 0x0, 0xc0, 0x3f, 0xef, 0xd, 0xff, 0xfc,
    0x60, 0x6e, 0x1, 0xfd, 0x26, 0x3a, 0x1, 0xfc,
    0xac, 0x14, 0x20, 0x1f, 0x8a, 0x82, 0x10, 0x3,
    0xfb, 0xc1, 0x1c, 0x3, 0xfa, 0x88, 0x94, 0x1,
    0xfc, 0xea, 0x1c, 0x20, 0x1f, 0x8e, 0x2, 0x4c,
    0x3, 0xf0, 0xe8, 0x33, 0x0, 0x3f, 0xa8, 0x4e,
    0x40, 0x3f, 0xa1, 0x7, 0x80, 0x3f, 0x91, 0xc2,
    0x88, 0x3, 0xfa, 0x80, 0x17, 0xff, 0xfb, 0x0,
    0x40, 0x3f, 0xe1,

    /* U+017E "ž" */
    0x0, 0x5f, 0xa8, 0x2, 0xfd, 0x0, 0x2b, 0x4a,
    0x7c, 0x4a, 0x40, 0xd, 0x67, 0x7, 0x4a, 0x1,
    0xec, 0xde, 0x50, 0xf, 0xc4, 0x20, 0x1d, 0xff,
    0xfc, 0xe0, 0x67, 0xe2, 0x0, 0x10, 0x66, 0x78,
    0x41, 0x94, 0x3, 0xd2, 0x66, 0x90, 0xf, 0x2b,
    0xe, 0x80, 0x78, 0xa8, 0x28, 0x40, 0x3d, 0xe1,
    0x8, 0x1, 0xeb, 0x24, 0x70, 0xf, 0x3a, 0x15,
    0x80, 0x79, 0x20, 0x3c, 0x3, 0xea, 0x1, 0xec,
    0xce, 0x72, 0x10, 0x13, 0x3f, 0x68,

    /* U+0400 "Ѐ" */
    0x0, 0x4f, 0xe8, 0x80, 0x7e, 0x99, 0x16, 0x8,
    0x7, 0xe6, 0xc3, 0xc1, 0x0, 0xfc, 0x7d, 0xa2,
    0x1, 0xa7, 0xff, 0xfc, 0x80, 0x1f, 0xfc, 0x26,
    0xff, 0xfc, 0x80, 0x1f, 0xfe, 0x66, 0xee, 0xf9,
    0x0, 0x30, 0x8f, 0xe0, 0x9, 0xbf, 0xfe, 0x50,
    0xf, 0xff, 0x3b, 0x7f, 0xfe, 0x80, 0xf, 0xf8,
    0x40,

    /* U+0401 "Ё" */
    0x0, 0x17, 0x48, 0xe, 0xd8, 0x7, 0x8, 0x94,
    0xc, 0x94, 0x3, 0x8f, 0x34, 0xb, 0x7c, 0x3,
    0xc6, 0x20, 0x2, 0x10, 0xa, 0x7f, 0xff, 0xc8,
    0x1, 0xff, 0xc2, 0x6f, 0xff, 0xc8, 0x1, 0xff,
    0xe6, 0x6e, 0xef, 0x90, 0x3, 0x8, 0xfe, 0x0,
    0x9b, 0xff, 0xe5, 0x0, 0xff, 0xf3, 0xb7, 0xff,
    0xe8, 0x0, 0xff, 0x84,

    /* U+0402 "Ђ" */
    0xbf, 0xff, 0xfe, 0x4, 0x0, 0x61, 0x0, 0xff,
    0xe2, 0xd7, 0xfe, 0x90, 0x3f, 0xfe, 0x80, 0xf,
    0xff, 0xb1, 0x3c, 0xdd, 0x41, 0x80, 0x7f, 0x8f,
    0x61, 0x91, 0x5f, 0x2c, 0x3, 0xfc, 0x4f, 0x59,
    0x6e, 0x9, 0x60, 0x1f, 0x8f, 0x61, 0x4d, 0x22,
    0xc1, 0xc, 0x3, 0xff, 0x84, 0x86, 0xa, 0x1,
    0xff, 0xc3, 0x70, 0x10, 0xf, 0xfe, 0x1a, 0x81,
    0x0, 0x7f, 0xf0, 0xa8, 0x41, 0x40, 0x3f, 0xc9,
    0xdb, 0xea, 0x14, 0x1, 0xff, 0x10, 0x90, 0x1d,
    0xa8, 0x7, 0x9b, 0xf0, 0x0, 0xdf, 0xdf, 0x88,
    0x0,

    /* U+0403 "Ѓ" */
    0x0, 0xe1, 0xdf, 0xa0, 0xf, 0xe, 0x14, 0x50,
    0x7, 0xe, 0x1d, 0xb8, 0x7, 0x87, 0x79, 0x0,
    0x34, 0xff, 0xff, 0x38, 0x7, 0xff, 0x5, 0xff,
    0xfe, 0x70, 0xf, 0xff, 0xc0, 0x80, 0x7f, 0xff,
    0x80,

    /* U+0404 "Є" */
    0x0, 0xc7, 0x3b, 0xfe, 0xd9, 0x40, 0xe, 0xac,
    0x62, 0x0, 0x13, 0x5d, 0x84, 0x1, 0x8a, 0xb,
    0x7d, 0xcc, 0x71, 0x4b, 0x8, 0x30, 0xba, 0x41,
    0x11, 0xc7, 0xad, 0x8b, 0x84, 0xa0, 0x7, 0x86,
    0x85, 0x80, 0x98, 0x3, 0xfd, 0x80, 0x80, 0x1f,
    0xf3, 0x83, 0xee, 0xfb, 0x0, 0x3c, 0x24, 0x5f,
    0x0, 0x67, 0x6, 0xff, 0xf7, 0x0, 0x6c, 0x7,
    0x0, 0xff, 0x98, 0x5, 0x80, 0x3f, 0xc2, 0xe1,
    0x28, 0x1, 0xe1, 0xa1, 0x8, 0x30, 0xba, 0x31,
    0x2, 0x7f, 0x5b, 0x0, 0x62, 0x82, 0xe7, 0x7e,
    0xc0, 0xa5, 0x80, 0x55, 0x8c, 0x40, 0x2, 0x6b,
    0xb0, 0x80,

    /* U+0405 "Ѕ" */
    0x0, 0xc, 0x6f, 0x7f, 0x5b, 0x88, 0x1, 0x39,
    0xc8, 0x46, 0x48, 0xe2, 0x1b, 0x4, 0xdf, 0xef,
    0xc6, 0x22, 0x38, 0x15, 0x90, 0x4, 0x73, 0xa1,
    0xc0, 0xe0, 0x1f, 0xdc, 0x8, 0x20, 0x1f, 0x9c,
    0x45, 0xf0, 0x60, 0x1e, 0x1d, 0x21, 0x7c, 0xea,
    0x50, 0xc, 0x7b, 0x6a, 0x22, 0x5a, 0xe6, 0x0,
    0xc9, 0x5d, 0x90, 0x43, 0x2a, 0x1, 0xe3, 0x7d,
    0x50, 0x90, 0xf, 0xee, 0x2, 0x34, 0x0, 0xf8,
    0xc0, 0xa6, 0xec, 0xa2, 0x1, 0x34, 0x5, 0x78,
    0xa5, 0x77, 0xf7, 0xc8, 0x33, 0x17, 0xa5, 0x44,
    0x4, 0x96, 0xe4, 0x0,

    /* U+0406 "І" */
    0x9f, 0x90, 0xf, 0xff, 0x8,

    /* U+0407 "Ї" */
    0x7f, 0x30, 0x6f, 0x5d, 0x5, 0xf, 0x2, 0xac,
    0x60, 0x9c, 0x70, 0x30, 0x8, 0xc0, 0x2b, 0xf8,
    0x0, 0xff, 0xff, 0x80, 0x7f, 0xf5, 0x0,

    /* U+0408 "Ј" */
    0x0, 0x7f, 0xfd, 0x60, 0x1f, 0xfc, 0xf, 0xfe,
    0x80, 0xf, 0xff, 0xf8, 0x7, 0xff, 0xb, 0xc0,
    0x41, 0xc4, 0x3, 0x20, 0x12, 0xc6, 0x18, 0x1,
    0xcc, 0x2d, 0x8, 0x99, 0xfe, 0x80, 0x63, 0x1d,
    0x83, 0x0, 0x1c, 0xc8, 0x0,

    /* U+0409 "Љ" */
    0x0, 0xdd, 0xff, 0xfe, 0x0, 0xff, 0xee, 0x88,
    0x7f, 0xfa, 0x40, 0x3f, 0xfc, 0x2, 0x1, 0xff,
    0xcb, 0x10, 0xf, 0xfb, 0x33, 0xae, 0xc, 0x3,
    0xf1, 0x80, 0x7f, 0x19, 0xf2, 0x3e, 0x48, 0x7,
    0x18, 0x8, 0x7, 0xf7, 0xff, 0x6b, 0x83, 0x38,
    0x6, 0x10, 0x70, 0xf, 0xfe, 0x11, 0x44, 0x84,
    0x80, 0x66, 0x1, 0x0, 0xff, 0xe2, 0x38, 0x9,
    0x0, 0x44, 0x4, 0x1, 0xff, 0xc4, 0x10, 0x0,
    0x80, 0x5a, 0x1c, 0x1, 0xff, 0xc4, 0x20, 0x0,
    0x80, 0x4a, 0x8, 0x1, 0xff, 0xc4, 0xb0, 0x12,
    0x12, 0xb0, 0x22, 0x0, 0x7f, 0x8, 0xe2, 0x4b,
    0x60, 0x90, 0x8d, 0x40, 0xb0, 0xf, 0xf7, 0x76,
    0xdb, 0x40, 0x57, 0x0, 0x86, 0x18, 0x3, 0xff,
    0x86, 0x29, 0x54, 0x0, 0x0,

    /* U+040A "Њ" */
    0x9f, 0x90, 0xf, 0xdb, 0xe8, 0x1, 0xff, 0xff,
    0x0, 0xff, 0xff, 0x80, 0x79, 0xbf, 0xff, 0x10,
    0x5f, 0xff, 0x6c, 0x8, 0x7, 0x8, 0xfe, 0x0,
    0x84, 0x60, 0x1, 0x3f, 0x90, 0x4, 0xdd, 0xdf,
    0x88, 0x2f, 0xba, 0xff, 0x48, 0x8b, 0x80, 0x3f,
    0xf9, 0xd, 0x60, 0x62, 0x1, 0xff, 0xc8, 0x40,
    0x1, 0x80, 0x7f, 0xf2, 0x14, 0x0, 0x40, 0x1f,
    0xfc, 0x73, 0xa0, 0x50, 0xf, 0xfe, 0x14, 0xe6,
    0x6e, 0xc1, 0x2b, 0x0, 0xff, 0xe1, 0x11, 0x9e,
    0x13, 0x8d, 0x10,

    /* U+040B "Ћ" */
    0xbf, 0xff, 0xfe, 0x3, 0x0, 0x7f, 0xf1, 0x4c,
    0x3, 0x5f, 0xfe, 0x80, 0x4f, 0xfe, 0x50, 0xf,
    0xff, 0xf8, 0x7, 0xf2, 0xd6, 0xf7, 0xec, 0x90,
    0x7, 0xf2, 0x52, 0x90, 0x81, 0x36, 0x98, 0x7,
    0xf2, 0xd6, 0xfe, 0xc8, 0x86, 0x80, 0x7e, 0x4a,
    0x52, 0x2, 0x6a, 0x1, 0x40, 0xf, 0xfe, 0x12,
    0x8, 0x10, 0x7, 0xff, 0xd, 0x40, 0x40, 0x3f,
    0xfd, 0x40,

    /* U+040C "Ќ" */
    0x0, 0xf2, 0x7f, 0x94, 0x3, 0xf9, 0x2c, 0x71,
    0x40, 0x3f, 0x25, 0x9f, 0x98, 0x7, 0xf2, 0x7e,
    0x8, 0x7, 0xa7, 0xe0, 0x3, 0xeb, 0xfa, 0x0,
    0xff, 0x32, 0xd, 0x0, 0x7f, 0xc, 0x86, 0x80,
    0x7f, 0xa8, 0x1c, 0xc0, 0x3f, 0x9d, 0xe, 0x0,
    0x3f, 0x8a, 0x3, 0x80, 0x3f, 0xdc, 0x12, 0x40,
    0x1e, 0x7f, 0xf8, 0xd1, 0x80, 0x3f, 0xf8, 0xa,
    0x20, 0x1f, 0x3f, 0xfc, 0x43, 0x60, 0x1f, 0xf7,
    0x2, 0xb0, 0x7, 0xf8, 0xe0, 0x24, 0x80, 0x3f,
    0xce, 0x81, 0xc0, 0x1f, 0xf5, 0x9, 0xc0, 0x7,
    0xf8, 0x68, 0x1c, 0xc0, 0x3f, 0xc8, 0xc1, 0xc0,

    /* U+040D "Ѝ" */
    0x0, 0x9b, 0xfc, 0x60, 0x1f, 0xe6, 0xc1, 0xc3,
    0x0, 0xff, 0x1f, 0x9e, 0x18, 0x7, 0xf8, 0x73,
    0xcc, 0x3, 0xa7, 0xe4, 0x3, 0xf5, 0x7d, 0x80,
    0x7f, 0x99, 0x40, 0x3f, 0xe2, 0x90, 0xf, 0xfe,
    0x7, 0x80, 0x7f, 0xf0, 0x28, 0x85, 0xc0, 0x3f,
    0x95, 0x41, 0xbe, 0x1, 0xf8, 0xa8, 0x20, 0xc0,
    0x3f, 0xbc, 0x11, 0xc0, 0x3f, 0xa4, 0x86, 0x80,
    0x3f, 0x95, 0x82, 0x84, 0x3, 0xf1, 0x58, 0x42,
    0x0, 0x7f, 0x70, 0xa3, 0x80, 0x7f, 0x31, 0x8d,
    0x0, 0x7f, 0xf0, 0x28, 0x40, 0x3f, 0xe7, 0x40,
    0xf, 0xf8, 0xe0, 0x3, 0xfc,

    /* U+040E "Ў" */
    0x0, 0x8f, 0xd8, 0x2, 0x6f, 0x20, 0xf, 0x19,
    0x59, 0x81, 0xc1, 0x10, 0x3, 0xef, 0x1c, 0xfc,
    0x2f, 0x0, 0xfc, 0x59, 0xdb, 0xd8, 0x40, 0x19,
    0xbf, 0x80, 0x21, 0x21, 0x0, 0x9b, 0xed, 0x88,
    0x5c, 0x3, 0xf4, 0x4, 0x4, 0x4, 0x80, 0x7c,
    0xe2, 0xa6, 0xa, 0x42, 0xe0, 0x1e, 0x90, 0x80,
    0xa, 0x42, 0x40, 0x39, 0xc5, 0x88, 0x2, 0x43,
    0x17, 0x0, 0x86, 0x2, 0x0, 0x3a, 0x2, 0x40,
    0x29, 0x7, 0x10, 0xe, 0x44, 0xb, 0x80, 0xb8,
    0x48, 0x7, 0xd0, 0x12, 0x12, 0x10, 0x20, 0x1f,
    0x1a, 0xc, 0xb8, 0xb8, 0x7, 0xf4, 0x83, 0x4,
    0x80, 0x7f, 0x89, 0x40, 0x5c, 0x3, 0xfe, 0x60,
    0x80, 0xf, 0xc4, 0x3, 0x46, 0x66, 0x0, 0xfd,
    0x9f, 0xca, 0x3c, 0x1, 0xf8, 0x48, 0x5, 0x7c,
    0x80, 0x3f, 0xe, 0x7f, 0x50, 0x80, 0x7e,

    /* U+040F "Џ" */
    0x9f, 0x90, 0xf, 0xdb, 0xea, 0x1, 0xff, 0xff,
    0x0, 0xff, 0xff, 0x80, 0x7f, 0xf5, 0x9b, 0xff,
    0xf1, 0x0, 0x7f, 0xf1, 0x27, 0xff, 0x68, 0xf,
    0xff, 0x28, 0x7, 0xff, 0x54, 0xde, 0x40, 0x3c,

    /* U+0410 "А" */
    0x0, 0xfb, 0xfd, 0x40, 0x1f, 0xfc, 0x16, 0x0,
    0x28, 0x80, 0x7f, 0xf0, 0x2c, 0x8, 0x24, 0x3,
    0xfe, 0x42, 0x27, 0x3, 0x0, 0x7f, 0xde, 0x16,
    0x66, 0x16, 0x0, 0xfe, 0x24, 0x6, 0x9, 0xb,
    0x0, 0xfe, 0xb0, 0x70, 0x2, 0x89, 0x20, 0x7,
    0xc2, 0xc1, 0x40, 0x13, 0x7, 0x80, 0x7c, 0xc0,
    0x84, 0x1, 0x48, 0x21, 0x0, 0x7a, 0x43, 0xc0,
    0x30, 0xa8, 0x58, 0x7, 0x28, 0x84, 0x66, 0x72,
    0x3, 0x0, 0x74, 0x80, 0xc, 0xfc, 0x20, 0x7,
    0x0, 0x8c, 0xc1, 0xff, 0xfa, 0x42, 0x80, 0x29,
    0x6, 0x0, 0xfc, 0xc2, 0x4a, 0x2, 0xa1, 0x60,
    0x1f, 0xcc, 0x12, 0x12, 0x8, 0x40, 0x1f, 0xd2,
    0x6, 0x60,

    /* U+0411 "Б" */
    0x9f, 0xff, 0xf8, 0x3, 0x8, 0xff, 0x0, 0x4d,
    0xdd, 0xfc, 0x1, 0xff, 0xeb, 0x6f, 0xfe, 0xec,
    0x70, 0xc, 0x26, 0x78, 0x84, 0xe3, 0x44, 0x0,
    0xf9, 0x9b, 0x7e, 0x80, 0xa0, 0x3, 0xf9, 0x60,
    0x1c, 0x3, 0xfc, 0x60, 0x20, 0x1f, 0xe3, 0x2,
    0x0, 0xfe, 0x58, 0xa, 0x0, 0x3e, 0x66, 0xdf,
    0xa0, 0x47, 0x0, 0x9, 0x9e, 0x21, 0x4a, 0xb0,

    /* U+0412 "В" */
    0x9f, 0xff, 0xb6, 0x8c, 0x3, 0x84, 0xcf, 0x11,
    0x17, 0x14, 0x3, 0x3e, 0x66, 0xde, 0x40, 0xa1,
    0x0, 0xfe, 0x1a, 0x0, 0x20, 0x7, 0xf8, 0x48,
    0x3, 0xff, 0x82, 0x40, 0xc0, 0x1f, 0xea, 0x4,
    0x30, 0x9, 0x2e, 0xf6, 0x7a, 0xaa, 0xc0, 0x31,
    0x22, 0x63, 0x0, 0x3b, 0x0, 0x66, 0xff, 0xee,
    0x93, 0x97, 0x0, 0xfe, 0x16, 0xb0, 0x90, 0xf,
    0xf9, 0x0, 0x44, 0x1, 0xfe, 0x50, 0xf, 0xfe,
    0x1, 0xc8, 0x18, 0x80, 0x1f, 0x33, 0xbb, 0x8,
    0x78, 0x2, 0x13, 0x3e, 0x13, 0x7f, 0x20,

    /* U+0413 "Г" */
    0x9f, 0xff, 0xe7, 0x0, 0xff, 0xe0, 0xbf, 0xff,
    0xce, 0x1, 0xff, 0xf8, 0x10, 0xf, 0xff, 0xf0,

    /* U+0414 "Д" */
    0x0, 0xdf, 0xff, 0xed, 0x0, 0xf0, 0x80, 0x7f,
    0xf1, 0xcb, 0xff, 0xd2, 0x1, 0xff, 0xce, 0x30,
    0x10, 0xf, 0xfe, 0x18, 0x80, 0x7f, 0xf1, 0x5c,
    0x18, 0x3, 0xff, 0x86, 0x20, 0x60, 0x1f, 0xfc,
    0x33, 0x1, 0x0, 0xff, 0xe1, 0xf0, 0x78, 0x7,
    0xff, 0xc, 0x80, 0x80, 0x3f, 0xf8, 0x68, 0x8,
    0x1, 0xff, 0xc2, 0x31, 0x21, 0x0, 0xff, 0xe0,
    0x8f, 0x84, 0x0, 0x7f, 0xf0, 0x6b, 0x8c, 0x2b,
    0xff, 0xe9, 0x2, 0xff, 0x8, 0x80, 0x3f, 0xf8,
    0xf5, 0xff, 0xff, 0xc0, 0x0, 0xff, 0xed, 0xf4,
    0x38, 0x7, 0xff, 0x2, 0x60, 0x40,

    /* U+0415 "Е" */
    0x9f, 0xff, 0xf2, 0x0, 0x7f, 0xf0, 0x9b, 0xff,
    0xf2, 0x0, 0x7f, 0xf9, 0x9b, 0xbb, 0xe4, 0x0,
    0xc2, 0x3f, 0x80, 0x26, 0xff, 0xf9, 0x40, 0x3f,
    0xfc, 0xed, 0xff, 0xfa, 0x0, 0x3f, 0xe1,

    /* U+0416 "Ж" */
    0xd, 0xf6, 0x0, 0xf6, 0x7b, 0x0, 0x7b, 0x3e,
    0x0, 0x12, 0x10, 0x20, 0x1f, 0xfc, 0x16, 0x31,
    0x80, 0x2, 0x28, 0xc0, 0x7, 0xff, 0x0, 0x60,
    0x2c, 0x3, 0x58, 0x31, 0x80, 0x7f, 0xd0, 0x28,
    0xa0, 0x18, 0x60, 0x3c, 0x3, 0xfc, 0x4c, 0x12,
    0x1, 0xe7, 0x23, 0x50, 0xf, 0xe9, 0x7, 0x20,
    0xf, 0xa4, 0x2c, 0x3, 0xf2, 0xa1, 0x40, 0x7,
    0xe4, 0x51, 0xff, 0x8c, 0x27, 0xfd, 0x41, 0x0,
    0x1f, 0xc2, 0x80, 0x1f, 0xf6, 0x0, 0x7f, 0x40,
    0x8b, 0xbf, 0xc6, 0x13, 0xfe, 0xa0, 0x63, 0x0,
    0xf8, 0xd8, 0x2c, 0x40, 0x3e, 0x54, 0xf, 0x0,
    0xfb, 0xc0, 0xd4, 0x3, 0xfa, 0x40, 0xdc, 0x3,
    0x98, 0xc3, 0x80, 0x3f, 0xc4, 0xe1, 0x2, 0x1,
    0xc, 0x83, 0x90, 0x7, 0xfd, 0x4, 0x16, 0x1,
    0x58, 0x14, 0x0, 0x7f, 0xf0, 0x64, 0x15, 0x1,
    0x14, 0x24, 0x3, 0xff, 0x84, 0x8a, 0x12, 0x0,

    /* U+0417 "З" */
    0x0, 0x35, 0x6f, 0xfb, 0xa9, 0x0, 0x21, 0xe9,
    0x52, 0x0, 0xa, 0xdd, 0x80, 0x2, 0x69, 0x5d,
    0xfe, 0xe8, 0x4, 0x80, 0x6, 0xda, 0x88, 0x0,
    0x5e, 0x1, 0x80, 0x3f, 0xc8, 0x2, 0x1, 0xfe,
    0x50, 0x20, 0xf, 0xc2, 0xb0, 0x10, 0x1, 0xb7,
    0xfe, 0xea, 0x18, 0x50, 0xc, 0xc4, 0x50, 0x80,
    0x28, 0xc0, 0x35, 0xee, 0xdd, 0xc7, 0x2c, 0x10,
    0xf, 0xc3, 0x8, 0x12, 0x1, 0xfe, 0x30, 0x22,
    0x8, 0x7, 0xe5, 0x2, 0x8f, 0x83, 0x0, 0xc7,
    0x64, 0x12, 0x42, 0xf9, 0xff, 0xb1, 0x6, 0xc6,
    0x3a, 0x10, 0x40, 0x2, 0x91, 0xe8, 0x0,

    /* U+0418 "И" */
    0x9f, 0x90, 0xf, 0xd5, 0xf6, 0x1, 0xfe, 0x65,
    0x0, 0xff, 0x8a, 0x40, 0x3f, 0xf8, 0x1e, 0x1,
    0xff, 0xc0, 0xa2, 0x17, 0x0, 0xfe, 0x55, 0x6,
    0xf8, 0x7, 0xe2, 0xa0, 0x83, 0x0, 0xfe, 0xf0,
    0x47, 0x0, 0xfe, 0x92, 0x1a, 0x0, 0xfe, 0x56,
    0xa, 0x10, 0xf, 0xc5, 0x61, 0x8, 0x1, 0xfd,
    0xc2, 0x8e, 0x1, 0xfc, 0xc6, 0x34, 0x1, 0xff,
    0xc0, 0xa1, 0x0, 0xff, 0x9d, 0x0, 0x3f, 0xe3,
    0x80, 0xf, 0xf0,

    /* U+0419 "Й" */
    0x0, 0xab, 0x80, 0x36, 0xd0, 0x7, 0xb0, 0x60,
    0x45, 0x5, 0x80, 0x1e, 0x67, 0x77, 0x71, 0xe1,
    0x80, 0x3e, 0x8f, 0xdd, 0x7b, 0x80, 0x69, 0xf9,
    0x0, 0x88, 0x80, 0x15, 0x7d, 0x80, 0x7f, 0x99,
    0x40, 0x3f, 0xe2, 0x90, 0xf, 0xfe, 0x7, 0x80,
    0x7f, 0xf0, 0x28, 0x85, 0xc0, 0x3f, 0x95, 0x41,
    0xbe, 0x1, 0xf8, 0xa8, 0x20, 0xc0, 0x3f, 0xbc,
    0x11, 0xc0, 0x3f, 0xa4, 0x86, 0x80, 0x3f, 0x95,
    0x82, 0x84, 0x3, 0xf1, 0x58, 0x42, 0x0, 0x7f,
    0x70, 0xa3, 0x80, 0x7f, 0x31, 0x8d, 0x0, 0x7f,
    0xf0, 0x28, 0x40, 0x3f, 0xe7, 0x40, 0xf, 0xf8,
    0xe0, 0x3, 0xfc,

    /* U+041A "К" */
    0x9f, 0x80, 0xf, 0xaf, 0xe8, 0x3, 0xfc, 0xc8,
    0x34, 0x1, 0xfc, 0x32, 0x1a, 0x1, 0xfe, 0xa0,
    0x73, 0x0, 0xfe, 0x74, 0x38, 0x0, 0xfe, 0x28,
    0xe, 0x0, 0xff, 0x70, 0x49, 0x0, 0x79, 0xff,
    0xe3, 0x46, 0x0, 0xff, 0xe0, 0x28, 0x80, 0x7c,
    0xff, 0xf1, 0xd, 0x80, 0x7f, 0xdc, 0xa, 0xc0,
    0x1f, 0xe3, 0x80, 0x92, 0x0, 0xff, 0x3a, 0x7,
    0x0, 0x7f, 0xd4, 0x27, 0x0, 0x1f, 0xe1, 0xa0,
    0x73, 0x0, 0xff, 0x23, 0x7, 0x0,

    /* U+041B "Л" */
    0x0, 0xdd, 0xff, 0xfe, 0x0, 0xff, 0xe3, 0x88,
    0x7f, 0xfb, 0x40, 0x3f, 0xf9, 0x42, 0x1, 0xff,
    0xc0, 0x10, 0xf, 0xfe, 0x21, 0x80, 0x7f, 0xf0,
    0xc, 0x4, 0x3, 0xff, 0x80, 0x20, 0xe0, 0x1f,
    0xfc, 0x6, 0x1, 0x0, 0xff, 0xe0, 0x10, 0x10,
    0x7, 0xff, 0x3, 0x43, 0x80, 0x3f, 0xf8, 0xa,
    0x8, 0x1, 0xfc, 0x25, 0x60, 0x44, 0x0, 0xfe,
    0x8d, 0x40, 0xb0, 0xf, 0xfe, 0x0, 0xc3, 0x0,
    0x7f, 0x80,

    /* U+041C "М" */
    0x9f, 0x70, 0xf, 0xf9, 0x7f, 0x0, 0x10, 0x20,
    0x1f, 0xe8, 0x0, 0xeb, 0x0, 0xfe, 0x72, 0x0,
    0xe5, 0x30, 0xf, 0x86, 0x40, 0x38, 0x43, 0xc0,
    0x3e, 0x81, 0x20, 0xc, 0xc4, 0x6a, 0x1, 0xc4,
    0xc3, 0x60, 0x1d, 0x21, 0x60, 0x1d, 0x21, 0x6,
    0x1, 0xc8, 0x81, 0x70, 0x9, 0x10, 0x4c, 0x1,
    0xf4, 0x84, 0x8, 0x2, 0x42, 0x40, 0x3f, 0x13,
    0x85, 0x83, 0x12, 0x20, 0x3, 0xfa, 0x5, 0x52,
    0x2, 0x40, 0x3f, 0xe8, 0xb, 0x17, 0x20, 0xf,
    0xf9, 0x8c, 0x6, 0x40, 0x3f, 0xf8, 0x3e, 0x10,
    0x20, 0x1f, 0xfc, 0x13, 0xf6, 0x0, 0xff, 0xe6,
    0x0,

    /* U+041D "Н" */
    0x9f, 0x90, 0xf, 0xd3, 0xf4, 0x1, 0xff, 0xff,
    0x0, 0xff, 0x9b, 0xff, 0xf3, 0x0, 0x7f, 0xf1,
    0x9b, 0xff, 0xf3, 0x0, 0x7f, 0xff, 0xc0, 0x3f,
    0xe0,

    /* U+041E "О" */
    0x0, 0xc5, 0x19, 0xdf, 0xd6, 0xc0, 0x1f, 0xa3,
    0x5c, 0xc4, 0x5, 0x27, 0x90, 0x3, 0xad, 0xc1,
    0x6f, 0xbf, 0x64, 0x86, 0xd4, 0x2, 0x84, 0xa,
    0xa2, 0x8, 0x13, 0x6a, 0x85, 0x10, 0xb, 0x84,
    0x28, 0x7, 0xd4, 0x61, 0x20, 0xc0, 0x4e, 0x1,
    0xfd, 0x0, 0x83, 0x80, 0xa0, 0x1f, 0xe4, 0x10,
    0x46, 0xe, 0x0, 0xff, 0x88, 0x8, 0x3, 0xff,
    0x88, 0x2c, 0x1c, 0x1, 0xff, 0x10, 0x1e, 0x2,
    0x80, 0x7f, 0x8c, 0x41, 0x14, 0x9, 0x80, 0x3f,
    0xbc, 0x10, 0x49, 0xc2, 0x54, 0x3, 0xea, 0x30,
    0x90, 0x4, 0x20, 0x55, 0x10, 0x40, 0x9b, 0x54,
    0x28, 0x80, 0x2b, 0x70, 0x5b, 0xef, 0xd9, 0x21,
    0xb5, 0x0, 0xe8, 0xd7, 0x31, 0x1, 0x49, 0xe4,
    0x0, 0x80,

    /* U+041F "П" */
    0x9f, 0xff, 0xfe, 0x5, 0x0, 0x7f, 0xf1, 0x1b,
    0xff, 0xf4, 0x0, 0x7f, 0xff, 0xc0, 0x3f, 0xff,
    0xe0, 0x1f, 0xfd, 0x60,

    /* U+0420 "Р" */
    0x9f, 0xff, 0x76, 0x38, 0x7, 0xf8, 0x4e, 0x38,
    0xc0, 0x26, 0xff, 0xeb, 0x21, 0xd1, 0x0, 0xfc,
    0x98, 0x22, 0x60, 0xf, 0xe1, 0x60, 0xc0, 0xf,
    0xf7, 0x3, 0x80, 0x7f, 0xb8, 0x1c, 0x3, 0xf8,
    0x58, 0x30, 0x3, 0xf2, 0x60, 0x89, 0x80, 0xd,
    0xff, 0xd6, 0x43, 0xa2, 0x1, 0xf0, 0x9c, 0x71,
    0x80, 0x4d, 0xff, 0xbb, 0x1c, 0x3, 0xff, 0xd6,

    /* U+0421 "С" */
    0x0, 0xc5, 0x19, 0xdf, 0xd6, 0xc0, 0x1e, 0x8d,
    0x73, 0x10, 0x14, 0x9d, 0x30, 0xa, 0x9c, 0x12,
    0xfb, 0xf6, 0x48, 0x9c, 0x0, 0x85, 0x9, 0xb4,
    0x10, 0x26, 0xd6, 0xf0, 0x17, 0x8, 0x60, 0xf,
    0xa4, 0x81, 0x80, 0x5c, 0x3, 0xfe, 0xc0, 0x60,
    0xf, 0xfe, 0x3, 0x7, 0x0, 0x7f, 0xf3, 0xd8,
    0x38, 0x3, 0xff, 0x81, 0x80, 0xc0, 0x1f, 0xfc,
    0x6, 0x1, 0x70, 0xf, 0xf8, 0x5c, 0x21, 0x40,
    0x3e, 0x92, 0x0, 0x42, 0x5, 0x5a, 0x8, 0xb,
    0x6b, 0x78, 0x5, 0x6e, 0x9, 0x7d, 0xfd, 0x24,
    0x4e, 0x0, 0xd1, 0xae, 0x62, 0x2, 0x93, 0xa6,
    0x0,

    /* U+0422 "Т" */
    0xbf, 0xff, 0xfe, 0x0, 0x80, 0x7f, 0xf0, 0x2b,
    0xff, 0x40, 0x27, 0xff, 0x0, 0x7f, 0xff, 0xc0,
    0x3f, 0xff, 0xe0, 0x1f, 0xfc, 0x70,

    /* U+0423 "У" */
    0x6f, 0xe0, 0xf, 0xe6, 0xfb, 0x62, 0x17, 0x0,
    0xfd, 0x1, 0x1, 0x1, 0x20, 0x1f, 0x38, 0xa9,
    0x82, 0x90, 0xb8, 0x7, 0xa4, 0x20, 0x2, 0x90,
    0x90, 0xe, 0x71, 0x62, 0x0, 0x90, 0xc5, 0xc0,
    0x21, 0x80, 0x80, 0xe, 0x80, 0x90, 0xa, 0x41,
    0xc4, 0x3, 0x91, 0x2, 0xe0, 0x2e, 0x12, 0x1,
    0xf4, 0x4, 0x84, 0x84, 0x8, 0x7, 0xc6, 0x83,
    0x2e, 0x2e, 0x1, 0xfd, 0x20, 0xc1, 0x20, 0x1f,
    0xe2, 0x50, 0x17, 0x0, 0xff, 0x98, 0x20, 0x3,
    0xf1, 0x0, 0xd1, 0x99, 0x80, 0x3f, 0x67, 0xf2,
    0x8f, 0x0, 0x7e, 0x12, 0x1, 0x5f, 0x20, 0xf,
    0xc3, 0x9f, 0xd4, 0x20, 0x1f, 0x80,

    /* U+0424 "Ф" */
    0x0, 0xfe, 0xbe, 0x30, 0xf, 0xfe, 0x2b, 0x8,
    0x7, 0xff, 0x4, 0x5e, 0xfb, 0xc8, 0x33, 0xb2,
    0x4c, 0x3, 0xe8, 0xe8, 0x40, 0x20, 0x1, 0x19,
    0x9b, 0x2c, 0x40, 0x34, 0xb8, 0x3e, 0xf6, 0x90,
    0x76, 0xfd, 0x12, 0x60, 0x80, 0x11, 0x83, 0x20,
    0x80, 0x3e, 0x5d, 0x32, 0xb0, 0x7, 0x83, 0x98,
    0x7, 0xfd, 0xc0, 0xa2, 0xa, 0x16, 0x1, 0xff,
    0xc0, 0x22, 0x2, 0x80, 0x80, 0x80, 0x7f, 0xf0,
    0x44, 0x4, 0x4, 0x4, 0x3, 0xff, 0x82, 0x20,
    0x20, 0xa1, 0x40, 0x1f, 0xfc, 0x2, 0x20, 0x28,
    0x78, 0x32, 0x0, 0x7f, 0xdc, 0xa, 0x20, 0x8a,
    0x17, 0x24, 0x1, 0xf2, 0xe9, 0x95, 0x80, 0x54,
    0xe0, 0xdb, 0xda, 0x41, 0xdc, 0xfa, 0x24, 0xc1,
    0x0, 0xd1, 0xd0, 0x80, 0x40, 0x2, 0x3, 0x6c,
    0xb1, 0x0, 0xf0, 0xbd, 0xf7, 0x90, 0x67, 0x64,
    0x98, 0x7, 0xff, 0x30,

    /* U+0425 "Х" */
    0xd, 0xf9, 0x0, 0xf0, 0xf7, 0xc8, 0x3, 0x81,
    0x90, 0x3, 0xa8, 0x4a, 0x40, 0x6, 0xc1, 0x42,
    0x1, 0x32, 0x7, 0x0, 0x69, 0x21, 0xb0, 0x1,
    0x48, 0x39, 0x80, 0x77, 0x2, 0xa8, 0x38, 0xa,
    0x0, 0x3c, 0x6e, 0x15, 0x26, 0x1c, 0x1, 0xfa,
    0x8, 0x18, 0x20, 0xc0, 0x3f, 0xb8, 0x0, 0x4e,
    0x1, 0xfe, 0xb0, 0x1, 0x18, 0x7, 0xf1, 0xb8,
    0x8, 0x70, 0x7, 0xf7, 0x2, 0x60, 0x14, 0x80,
    0x7d, 0x24, 0x34, 0x52, 0xc, 0x80, 0x1c, 0x6c,
    0x16, 0x20, 0xc8, 0x14, 0x1, 0xdc, 0xa, 0xa0,
    0xa, 0x84, 0x54, 0x1, 0x49, 0xd, 0x0, 0x61,
    0xb0, 0x54, 0x4, 0x60, 0xa0, 0xf, 0x2a, 0x82,
    0x84,

    /* U+0426 "Ц" */
    0x9f, 0x90, 0xf, 0xdb, 0xea, 0x1, 0xff, 0xff,
    0x0, 0xff, 0xff, 0x80, 0x7f, 0xfc, 0x9b, 0xff,
    0xf1, 0x5, 0x7d, 0x0, 0x7f, 0xf0, 0xc6, 0x7f,
    0xff, 0xf8, 0x14, 0x1, 0xff, 0xe3, 0x77, 0x70,

    /* U+0427 "Ч" */
    0x3f, 0xf0, 0x7, 0xec, 0xf6, 0x0, 0xff, 0xfd,
    0x10, 0x0, 0x80, 0x3f, 0xc2, 0x41, 0x60, 0x1f,
    0xf5, 0x83, 0x59, 0x88, 0x13, 0x61, 0x80, 0x4c,
    0xc0, 0x4c, 0xef, 0xd9, 0x30, 0xe, 0x9b, 0x51,
    0x1, 0x37, 0xc3, 0x0, 0xe4, 0xae, 0xfe, 0xc8,
    0x30, 0xf, 0xff, 0x78,

    /* U+0428 "Ш" */
    0x9f, 0x90, 0xf, 0x7f, 0x88, 0x3, 0x9f, 0xec,
    0x3, 0xff, 0xfe, 0x1, 0xff, 0xff, 0x0, 0xff,
    0xff, 0x80, 0x7f, 0xf6, 0x5b, 0xff, 0xc0, 0xd,
    0xff, 0xe8, 0x0, 0xff, 0xe5, 0x0,

    /* U+0429 "Щ" */
    0x9f, 0x90, 0xf, 0x7f, 0x88, 0x3, 0x9f, 0xec,
    0x3, 0xff, 0xfe, 0x1, 0xff, 0xff, 0x0, 0xff,
    0xff, 0x80, 0x7f, 0xfd, 0x5b, 0xff, 0xc0, 0xd,
    0xff, 0xe8, 0x4, 0xff, 0x0, 0x7f, 0xf2, 0xa7,
    0xff, 0xff, 0x8e, 0x1, 0xff, 0xf6, 0x77, 0x0,

    /* U+042A "Ъ" */
    0xbf, 0xff, 0x8, 0x7, 0xf8, 0x40, 0x3f, 0xf8,
    0xb5, 0xff, 0x70, 0x7, 0xff, 0xfb, 0xbf, 0xfb,
    0x60, 0x40, 0x3f, 0x8c, 0xf1, 0x9, 0x3f, 0x98,
    0x7, 0xed, 0xcc, 0xb7, 0xb0, 0x87, 0x80, 0x3f,
    0xf8, 0x47, 0xe0, 0x44, 0x0, 0xff, 0xe1, 0x10,
    0x83, 0x0, 0x7f, 0xf5, 0xc, 0x41, 0x40, 0x3f,
    0xf8, 0x29, 0xa0, 0x82, 0x1, 0xf6, 0xe6, 0x6e,
    0xb1, 0x2a, 0x0, 0xfc, 0x67, 0xc0, 0x93, 0xa2,
    0x0,

    /* U+042B "Ы" */
    0x9f, 0x90, 0xf, 0xfe, 0x5, 0xfb, 0x80, 0x7f,
    0xff, 0xc0, 0x3f, 0xf8, 0xad, 0xff, 0xdd, 0x68,
    0x1, 0xfc, 0x26, 0x78, 0x44, 0x97, 0x20, 0x1f,
    0x9f, 0x33, 0x77, 0x1c, 0x19, 0x40, 0x3f, 0xf8,
    0x23, 0xa, 0x1e, 0x1, 0xff, 0xc3, 0xc0, 0x60,
    0xf, 0xfe, 0x18, 0x80, 0x7f, 0xf1, 0x70, 0x14,
    0x3, 0xff, 0x82, 0x32, 0x81, 0x40, 0x1f, 0x3e,
    0x66, 0xde, 0x60, 0x93, 0x0, 0xf8, 0x4c, 0xf1,
    0x11, 0xb5, 0x80, 0x3c,

    /* U+042C "Ь" */
    0x9f, 0x90, 0xf, 0xff, 0xf8, 0x1, 0xbf, 0xfb,
    0xad, 0x0, 0x30, 0x99, 0xe1, 0x12, 0x5c, 0x80,
    0x4f, 0x99, 0xbb, 0x8e, 0xc, 0xa0, 0x1f, 0x86,
    0x14, 0x3c, 0x3, 0xfd, 0x80, 0xc0, 0x1f, 0xe1,
    0x0, 0xff, 0xe0, 0x60, 0x28, 0x7, 0xe1, 0x94,
    0xa, 0x0, 0x3e, 0x66, 0xde, 0x60, 0x93, 0x0,
    0x9, 0x9e, 0x22, 0x36, 0xb0, 0x0,

    /* U+042D "Э" */
    0x0, 0x9a, 0xfb, 0xfb, 0x1c, 0x3, 0xc9, 0xd2,
    0x82, 0x2, 0x71, 0xc8, 0x1, 0xd, 0x89, 0xd6,
    0xfe, 0xc9, 0xd, 0xa8, 0x0, 0x6a, 0x31, 0x48,
    0x9, 0xb5, 0x2, 0x88, 0x0, 0xae, 0x1, 0xf5,
    0x90, 0x40, 0x7, 0xff, 0x2, 0x1, 0x40, 0x3f,
    0xf8, 0xa, 0x0, 0x30, 0xc, 0xbf, 0xff, 0x0,
    0x18, 0x3, 0x9, 0x17, 0xc0, 0x1f, 0x26, 0xef,
    0xc0, 0x6, 0x0, 0xff, 0x90, 0x0, 0x60, 0x1f,
    0xf4, 0x2, 0x80, 0x15, 0x80, 0x3e, 0xa3, 0x8,
    0x1, 0xa9, 0xb5, 0x10, 0x16, 0xd5, 0xa, 0x20,
    0x1a, 0x14, 0xae, 0xfe, 0x92, 0x1b, 0x50, 0x9,
    0x7a, 0x10, 0x40, 0x4e, 0x39, 0x0, 0x20,

    /* U+042E "Ю" */
    0x9f, 0x90, 0xf, 0xb, 0xe7, 0x7e, 0xd2, 0x0,
    0x7f, 0xf0, 0x1b, 0xa0, 0xc0, 0x49, 0x6e, 0xc2,
    0x1, 0xfd, 0x12, 0xf, 0xdd, 0x7c, 0x8a, 0x60,
    0x80, 0x7c, 0xae, 0x17, 0x2, 0x1, 0x37, 0x91,
    0x28, 0x3, 0xe8, 0x8, 0x40, 0xf, 0xf, 0x82,
    0x18, 0x7, 0x19, 0x3, 0x80, 0x7e, 0x25, 0xa,
    0x0, 0xe4, 0x4, 0x0, 0xff, 0x78, 0x20, 0x1,
    0xbf, 0xd0, 0x4, 0x1, 0xfe, 0x60, 0x20, 0xf,
    0x8c, 0x3, 0xfc, 0xe0, 0x19, 0xbf, 0xce, 0xc,
    0x1, 0xfe, 0x20, 0x20, 0xe, 0xc0, 0x31, 0x0,
    0xfe, 0xd0, 0x40, 0xe, 0x41, 0x8, 0x0, 0xfc,
    0x88, 0xa, 0x0, 0xf4, 0x3, 0x38, 0x7, 0x8e,
    0x81, 0xc, 0x3, 0xcc, 0xc0, 0x8b, 0x41, 0x3,
    0x8c, 0x12, 0xa0, 0xf, 0xd3, 0x0, 0x97, 0xdf,
    0x8e, 0x9, 0x82, 0x1, 0xfc, 0xfa, 0xe6, 0x20,
    0x4b, 0x76, 0x10, 0x0,

    /* U+042F "Я" */
    0x0, 0x9b, 0x3b, 0xff, 0xd6, 0x5, 0xb2, 0x62,
    0x1, 0xfb, 0xc8, 0x67, 0xbf, 0xf4, 0x0, 0x14,
    0x83, 0xd8, 0x40, 0x3e, 0xc0, 0x51, 0x0, 0xfe,
    0x20, 0x20, 0xf, 0xf1, 0x1, 0x0, 0x7f, 0xbc,
    0x10, 0x40, 0x3f, 0x98, 0x45, 0x88, 0x1, 0xfd,
    0x82, 0x57, 0xfd, 0xda, 0x0, 0x22, 0xe5, 0x0,
    0x8, 0xe0, 0xf, 0x38, 0x57, 0xfe, 0x80, 0xd,
    0x4, 0x8a, 0x1, 0xf8, 0x9c, 0x24, 0x3, 0xfb,
    0x81, 0xc8, 0x3, 0xf3, 0x18, 0xc0, 0x7, 0xf0,

    /* U+0430 "а" */
    0x2, 0x9d, 0xff, 0x6c, 0x90, 0x1, 0x75, 0x88,
    0x44, 0x4d, 0xa6, 0x8, 0x55, 0xfd, 0xcd, 0x30,
    0xf0, 0x1d, 0x50, 0x8, 0xb8, 0xc, 0x40, 0x3e,
    0x21, 0x3, 0x3, 0xae, 0xff, 0xc2, 0x2, 0x98,
    0xaa, 0x67, 0x78, 0x2, 0x80, 0x9b, 0x98, 0x88,
    0x40, 0x4, 0xa, 0x1, 0x84, 0x40, 0x2, 0xa,
    0x0, 0x87, 0x40, 0x28, 0x6, 0xeb, 0xce, 0x21,
    0x0, 0x26, 0xa8, 0x21, 0x37, 0x90, 0x0,

    /* U+0431 "б" */
    0x0, 0xfc, 0x6f, 0x74, 0x1, 0xc5, 0x19, 0xf9,
    0x8, 0x80, 0xd, 0x1a, 0xe6, 0x4, 0xd3, 0x80,
    0x15, 0xb8, 0x35, 0xfe, 0xcb, 0x10, 0x1, 0xd0,
    0x76, 0x50, 0x3, 0xe9, 0xd, 0x20, 0xf, 0xc8,
    0x26, 0x66, 0xcf, 0xf6, 0x30, 0x4, 0x60, 0xb9,
    0x26, 0x0, 0x39, 0xc1, 0xe, 0x6, 0x38, 0xef,
    0xf4, 0x89, 0xd0, 0x18, 0x2, 0x9c, 0x40, 0xd,
    0xa0, 0x86, 0x60, 0x15, 0x0, 0xe3, 0x40, 0x4e,
    0x2, 0x0, 0xf8, 0x83, 0xcc, 0x8, 0x3, 0xe2,
    0xf, 0x40, 0x16, 0x0, 0xe2, 0x40, 0x50, 0x80,
    0x96, 0x0, 0x8f, 0x1, 0x48, 0x1d, 0x42, 0x7b,
    0x3b, 0x5, 0x28, 0x2, 0xaa, 0x20, 0x18, 0x25,
    0x58, 0x0,

    /* U+0432 "в" */
    0xff, 0xf7, 0x5a, 0x0, 0x64, 0x55, 0x8d, 0x2d,
    0x80, 0x2a, 0xad, 0xae, 0x14, 0x1, 0xfb, 0x0,
    0x3f, 0x8a, 0x2, 0x40, 0x2e, 0xff, 0xb4, 0xe1,
    0x40, 0x26, 0x77, 0x94, 0x21, 0xc0, 0x28, 0x8d,
    0x5a, 0x10, 0x20, 0x1f, 0x10, 0x81, 0x0, 0x7c,
    0x62, 0x4, 0x0, 0xaa, 0xd9, 0x80, 0x51, 0x0,
    0x22, 0xac, 0x66, 0x8a, 0x0,

    /* U+0433 "г" */
    0xff, 0xfd, 0x40, 0x1, 0x1f, 0x10, 0x3, 0x3b,
    0xba, 0x0, 0x3f, 0xff, 0xe0, 0x1e,

    /* U+0434 "д" */
    0x0, 0xbf, 0xff, 0x88, 0x3, 0xc2, 0x3c, 0x1,
    0xf8, 0x7b, 0xb8, 0x3, 0xc2, 0x1, 0xff, 0xc3,
    0x30, 0xf, 0xf8, 0x80, 0x40, 0x3f, 0xe7, 0x6,
    0x0, 0xff, 0x8c, 0x8, 0x3, 0xfe, 0xd0, 0xc0,
    0xf, 0xf1, 0xa9, 0x20, 0x7, 0xf5, 0xe0, 0x17,
    0x77, 0x80, 0x19, 0x86, 0x0, 0x84, 0x7c, 0x0,
    0x12, 0x0, 0x6f, 0xff, 0xee, 0x0, 0xff, 0xe2,
    0x39, 0x80, 0x7f, 0x9, 0xa8,

    /* U+0435 "е" */
    0x0, 0x86, 0x37, 0xfb, 0x18, 0x3, 0x8f, 0xdc,
    0x88, 0x7, 0x36, 0x1, 0xe, 0x8b, 0xfe, 0xf6,
    0x1a, 0x50, 0x2, 0x45, 0xa0, 0x2, 0x3d, 0x15,
    0x20, 0x50, 0xc2, 0x2e, 0x34, 0x4, 0x2, 0xa,
    0xdd, 0xf2, 0x87, 0x0, 0x51, 0x55, 0xfc, 0x4,
    0x2, 0xab, 0xf8, 0x82, 0x82, 0x4, 0x3, 0x88,
    0x2, 0x62, 0x1c, 0x40, 0x0, 0xbe, 0xb0, 0x0,
    0x7c, 0x89, 0x7f, 0xdc, 0x80, 0xe, 0x2d, 0x93,
    0x11, 0x13, 0x6b, 0x0,

    /* U+0436 "ж" */
    0x2f, 0xf1, 0x0, 0x6b, 0xf6, 0x0, 0xcf, 0xf8,
    0x5, 0x1, 0xc0, 0x1f, 0xe2, 0x80, 0xe0, 0x3,
    0x91, 0xa8, 0x7, 0xf4, 0x83, 0x90, 0x5, 0xc1,
    0x60, 0x1f, 0x95, 0xa, 0x0, 0x31, 0xb0, 0xc8,
    0x7, 0xd6, 0x12, 0x1, 0xe9, 0x16, 0xdd, 0x20,
    0x46, 0xf0, 0xaa, 0x0, 0x78, 0x84, 0x8, 0x80,
    0x1, 0x21, 0x6, 0x0, 0xfb, 0x81, 0x7f, 0xc8,
    0x13, 0xfc, 0x26, 0xc0, 0x1c, 0xc6, 0x16, 0x1,
    0xe1, 0x80, 0x92, 0x0, 0x86, 0x42, 0x44, 0x3,
    0xe6, 0x40, 0x90, 0xa, 0x80, 0xd8, 0x3, 0xfa,
    0x41, 0x18, 0x19, 0x3, 0x80, 0x3f, 0xc5, 0x21,
    0x22,

    /* U+0437 "з" */
    0x2, 0x8c, 0xff, 0x75, 0xa8, 0x5, 0xce, 0x60,
    0x42, 0x95, 0x60, 0x9, 0x97, 0x7e, 0xfd, 0x2,
    0x28, 0x2b, 0x8, 0x4, 0xa6, 0x6, 0x1, 0xe1,
    0x63, 0x17, 0x0, 0xab, 0xfd, 0xd2, 0x58, 0x20,
    0x17, 0xbb, 0x98, 0x89, 0xc2, 0x1, 0x2c, 0x42,
    0x75, 0x4e, 0x0, 0x3f, 0x68, 0x28, 0x63, 0x8,
    0x4, 0x92, 0x8, 0x66, 0x9e, 0xe6, 0xfd, 0x89,
    0xc1, 0xeb, 0x98, 0x10, 0xa4, 0xe0, 0x0,

    /* U+0438 "и" */
    0xff, 0x10, 0x7, 0x17, 0xf8, 0xc0, 0x3e, 0x1f,
    0x0, 0xff, 0x51, 0x0, 0x7f, 0x42, 0x10, 0x80,
    0x7c, 0xae, 0x1e, 0x1, 0xf1, 0xd0, 0x59, 0x0,
    0x78, 0x74, 0x21, 0x0, 0x3c, 0x3a, 0x2a, 0xe0,
    0x1f, 0x79, 0x9a, 0x80, 0x3f, 0x18, 0xe8, 0x7,
    0xfb, 0x44, 0x3, 0xfa, 0x4c, 0x3, 0xf0,

    /* U+0439 "й" */
    0x0, 0x3a, 0x0, 0x48, 0xe0, 0x1d, 0x94, 0x60,
    0x75, 0x80, 0x1d, 0x45, 0x9f, 0x85, 0x40, 0x1c,
    0x39, 0xd9, 0xd8, 0x20, 0x1f, 0x9, 0x88, 0x7,
    0x7f, 0x88, 0x3, 0x8b, 0xfc, 0x60, 0x1f, 0xf,
    0x80, 0x7f, 0xa8, 0x80, 0x3f, 0xa1, 0x8, 0x40,
    0x3e, 0x57, 0xf, 0x0, 0xf8, 0xe8, 0x2c, 0x80,
    0x3c, 0x3a, 0x10, 0x80, 0x1e, 0x1d, 0x15, 0x70,
    0xf, 0xbc, 0xcd, 0x40, 0x1f, 0x8c, 0x74, 0x3,
    0xfd, 0xa2, 0x1, 0xfd, 0x26, 0x1, 0xf8,

    /* U+043A "к" */
    0xff, 0x10, 0x6, 0x1e, 0xf4, 0x0, 0xfa, 0x85,
    0xd0, 0x3, 0xcc, 0x87, 0x0, 0x1e, 0x29, 0x1d,
    0x0, 0xfb, 0xc2, 0x84, 0x3, 0x7e, 0xf1, 0x3a,
    0x0, 0x71, 0x10, 0x40, 0xc0, 0x3d, 0xbf, 0xc2,
    0x90, 0x1, 0xf0, 0xd0, 0x3a, 0x0, 0x7c, 0x90,
    0x14, 0x40, 0x1f, 0x3a, 0x8f, 0x0, 0x7e, 0xa2,
    0x39,

    /* U+043B "л" */
    0x0, 0xbb, 0xff, 0xf0, 0x80, 0x42, 0x2, 0x3c,
    0x1, 0xf0, 0xf7, 0x6f, 0x0, 0xf8, 0xc0, 0x3f,
    0xc2, 0x2, 0x1, 0xfe, 0x30, 0x70, 0xf, 0xf3,
    0x1, 0x0, 0x7f, 0x88, 0x4, 0x3, 0xfd, 0xe1,
    0xa0, 0x1f, 0xc6, 0xc0, 0x80, 0x1f, 0xb3, 0x0,
    0xa2, 0x1, 0xfe, 0x4b, 0x0, 0xfe,

    /* U+043C "м" */
    0xff, 0x38, 0x7, 0xec, 0xf7, 0x0, 0x40, 0x80,
    0x79, 0x4c, 0x3, 0xac, 0x3, 0xd6, 0x1, 0xc4,
    0xa6, 0x1, 0xa0, 0x48, 0x3, 0x48, 0x78, 0x4,
    0x4e, 0x54, 0x1, 0x91, 0x6, 0xa0, 0x8, 0x9,
    0x10, 0xe, 0x90, 0x80, 0x45, 0x52, 0x0, 0x78,
    0x9c, 0x9e, 0x42, 0xc0, 0x3f, 0x40, 0xc1, 0x40,
    0x80, 0x7f, 0x58, 0x13, 0x80, 0x7f, 0x95, 0xa4,
    0x3, 0xff, 0x81, 0x28, 0x1, 0xe0,

    /* U+043D "н" */
    0xff, 0x10, 0x7, 0x1f, 0xf0, 0x7, 0xff, 0x8b,
    0x37, 0x7c, 0x1, 0x84, 0x8b, 0x84, 0x3, 0x6f,
    0xff, 0x60, 0x7, 0xff, 0x88,

    /* U+043E "о" */
    0x0, 0xcf, 0x9d, 0xfa, 0xe2, 0x1, 0xc5, 0xb0,
    0x62, 0x22, 0x8f, 0x30, 0x8, 0x70, 0x8f, 0x3f,
    0xb5, 0x7, 0x44, 0x1, 0x22, 0x58, 0x60, 0x2,
    0xb3, 0x19, 0x0, 0x28, 0x40, 0x7, 0xa0, 0x18,
    0x0, 0x40, 0xe0, 0x1e, 0x50, 0x10, 0xf, 0xfe,
    0x21, 0x2, 0x0, 0x79, 0x0, 0x40, 0x14, 0x16,
    0x1, 0xe9, 0x6, 0x0, 0x31, 0x13, 0xc, 0x0,
    0x58, 0x63, 0x20, 0x1, 0xf2, 0x3c, 0xff, 0x69,
    0x8e, 0x88, 0x4, 0x5b, 0x6, 0x0, 0x28, 0xf3,
    0x0, 0x0,

    /* U+043F "п" */
    0xff, 0xff, 0x68, 0x0, 0x47, 0xe0, 0xd, 0x9d,
    0xdd, 0x40, 0x1f, 0xff, 0xf0, 0xf, 0xfe, 0x70,

    /* U+0440 "р" */
    0xff, 0xa, 0x5f, 0x7e, 0xc0, 0x80, 0x74, 0x5a,
    0x19, 0x11, 0xfd, 0x0, 0x33, 0x27, 0x6e, 0xb9,
    0x46, 0xc8, 0x2, 0x2b, 0x10, 0x0, 0xd2, 0x5,
    0x80, 0x50, 0x1, 0xe8, 0x6, 0x0, 0x9c, 0x3,
    0xc4, 0x0, 0x10, 0x0, 0x80, 0x7f, 0xf0, 0x14,
    0x3, 0xca, 0x2, 0x20, 0x5, 0x80, 0x7a, 0x1,
    0xc0, 0x22, 0xd3, 0x0, 0x16, 0x18, 0x58, 0x4,
    0xc5, 0x9f, 0xed, 0x31, 0xb2, 0x0, 0xaf, 0x10,
    0x40, 0x9f, 0xd0, 0x3, 0x8e, 0xfb, 0xf6, 0x4,
    0x3, 0xff, 0xbc,

    /* U+0441 "с" */
    0x0, 0xcf, 0x9d, 0xfb, 0x2, 0x1, 0x16, 0xc1,
    0x88, 0x89, 0xfc, 0x80, 0x7c, 0x8f, 0x3f, 0xb5,
    0x6, 0xc2, 0x48, 0x98, 0x60, 0x2, 0xba, 0x90,
    0x50, 0x80, 0xf, 0x28, 0x0, 0x81, 0xc0, 0x3f,
    0xf9, 0x24, 0xe, 0x1, 0xfd, 0x41, 0x0, 0x1e,
    0x50, 0x3, 0x11, 0x30, 0xc0, 0x5, 0x75, 0x20,
    0x3e, 0x47, 0x9f, 0xda, 0x83, 0x60, 0x2, 0xd8,
    0x31, 0x11, 0x3f, 0x10,

    /* U+0442 "т" */
    0xef, 0xff, 0xeb, 0x21, 0x18, 0x2, 0x11, 0xd9,
    0xdd, 0x28, 0x47, 0x75, 0x40, 0x1f, 0xff, 0xf0,
    0xf, 0xfe, 0x60,

    /* U+0443 "у" */
    0xb, 0xf7, 0x0, 0xfb, 0x7c, 0xc2, 0x2, 0x40,
    0x3c, 0x84, 0x66, 0x3, 0x30, 0xb0, 0x7, 0x78,
    0x48, 0x5, 0x21, 0x60, 0x18, 0x90, 0x54, 0x2,
    0x51, 0x24, 0x0, 0xac, 0x24, 0x3, 0xa4, 0x3c,
    0x0, 0x2c, 0xc, 0x1, 0xcc, 0x8, 0x40, 0xc0,
    0xc2, 0x1, 0xc2, 0xc1, 0x61, 0x21, 0x60, 0x1f,
    0x58, 0x33, 0x5, 0x8, 0x3, 0xe2, 0x40, 0x90,
    0x80, 0xf, 0xe8, 0x0, 0x19, 0x80, 0x3f, 0x8c,
    0x42, 0x40, 0x3f, 0xc6, 0x22, 0x50, 0xf, 0x31,
    0x0, 0xf8, 0x48, 0x7, 0x8a, 0x77, 0xb8, 0x66,
    0x70, 0xf, 0x14, 0x90, 0x89, 0xf0, 0x3, 0xe0,

    /* U+0444 "ф" */
    0x0, 0xf8, 0xff, 0x80, 0x3f, 0xff, 0xe0, 0x19,
    0xaf, 0xb0, 0x7, 0xf6, 0x90, 0x3, 0x8f, 0xa5,
    0x4, 0x3, 0x12, 0xdd, 0x80, 0x21, 0xd1, 0x2a,
    0xec, 0x1, 0xfd, 0x81, 0x4b, 0x0, 0x40, 0x9e,
    0xa8, 0x80, 0x62, 0x7c, 0x14, 0x40, 0x38, 0x40,
    0x7, 0xf1, 0x30, 0x68, 0x8, 0x28, 0x7, 0xfb,
    0x40, 0x80, 0x3f, 0xf8, 0x46, 0x1, 0x10, 0x28,
    0x7, 0xfb, 0xc0, 0x81, 0x2, 0x0, 0x3f, 0x8d,
    0x83, 0x42, 0x4, 0xf5, 0x0, 0x38, 0x5f, 0x1,
    0x10, 0x3, 0xa2, 0x57, 0xfc, 0x3, 0xbd, 0x0,
    0x96, 0x1, 0x1f, 0x4a, 0x9, 0x0, 0x8, 0x8b,
    0x76, 0x0, 0xf3, 0x5f, 0x60, 0xf, 0xed, 0x20,
    0x7, 0xff, 0xa8,

    /* U+0445 "х" */
    0x3f, 0xf1, 0x0, 0x63, 0xff, 0x11, 0xc0, 0x78,
    0x4, 0x3c, 0x14, 0x40, 0xe8, 0x52, 0x0, 0xb2,
    0x65, 0x0, 0xa8, 0x59, 0x59, 0x4a, 0x40, 0x30,
    0xe8, 0x54, 0x87, 0x80, 0x78, 0xe0, 0x1, 0x44,
    0x1, 0xf6, 0x80, 0x34, 0x3, 0xe6, 0x52, 0x17,
    0x50, 0xe, 0x39, 0xf, 0xa0, 0xa2, 0x0, 0xdc,
    0x12, 0x48, 0xe1, 0xc0, 0x15, 0x12, 0xb0, 0x2,
    0xc, 0xd2, 0xc, 0xa5, 0x40, 0x1b, 0x45, 0x94,

    /* U+0446 "ц" */
    0xff, 0x10, 0x7, 0x3f, 0xd0, 0x7, 0xff, 0xfc,
    0x3, 0xff, 0xc5, 0x9d, 0xdd, 0x0, 0xbc, 0xe0,
    0x1, 0x1f, 0x0, 0x43, 0xff, 0xff, 0x38, 0x7,
    0xff, 0x37, 0x8f, 0x80,

    /* U+0447 "ч" */
    0x1f, 0xf0, 0x7, 0xb3, 0xd4, 0x3, 0xff, 0xb0,
    0x20, 0x2, 0x0, 0xfe, 0x20, 0x91, 0x0, 0x90,
    0x80, 0x29, 0x4, 0xed, 0xd7, 0xd8, 0x80, 0x49,
    0x8a, 0x44, 0x34, 0x93, 0x0, 0xc7, 0x5b, 0xfd,
    0x6c, 0x1, 0xff, 0xdb,

    /* U+0448 "ш" */
    0xff, 0x10, 0x6, 0xbf, 0x60, 0xc, 0xff, 0x40,
    0x1f, 0xff, 0xf0, 0xf, 0xff, 0xf8, 0x7, 0x67,
    0x76, 0x40, 0x8e, 0xed, 0x0, 0x18, 0x47, 0x80,
    0x2, 0x3c, 0x1, 0x0,

    /* U+0449 "щ" */
    0xff, 0x10, 0x6, 0xbf, 0x60, 0xc, 0xff, 0x40,
    0x1f, 0xff, 0xf0, 0xf, 0xff, 0xf8, 0x7, 0xff,
    0x37, 0x3b, 0xb2, 0x4, 0x77, 0x68, 0x5, 0xe5,
    0x0, 0x8, 0xf0, 0x0, 0x47, 0x80, 0x21, 0x3f,
    0xff, 0xfe, 0x23, 0x0, 0x7f, 0xf6, 0x75, 0xd4,

    /* U+044A "ъ" */
    0xef, 0xfd, 0x80, 0x1f, 0x88, 0x46, 0x0, 0xff,
    0x67, 0x72, 0xc0, 0x3f, 0xfa, 0x27, 0xff, 0xb1,
    0x80, 0x3e, 0x16, 0x69, 0xe, 0x64, 0x1, 0xe2,
    0x99, 0xaf, 0x1, 0x88, 0x3, 0xfc, 0x66, 0x7,
    0x0, 0xff, 0x84, 0x3, 0xff, 0x80, 0x84, 0x8,
    0x1, 0xc5, 0x55, 0x65, 0x83, 0x88, 0x7, 0xa,
    0xac, 0x69, 0x50, 0x0,

    /* U+044B "ы" */
    0xff, 0x10, 0x7, 0xe6, 0xfb, 0x0, 0xff, 0xf0,
    0x6f, 0xfd, 0xd4, 0x40, 0x1f, 0x2b, 0x31, 0x41,
    0x70, 0x80, 0x3d, 0x13, 0x2a, 0xe3, 0x1b, 0x0,
    0xff, 0xa4, 0x14, 0x3, 0xfe, 0x30, 0xf, 0xfe,
    0xd, 0x82, 0x0, 0x7a, 0x26, 0x57, 0xc4, 0x32,
    0x1, 0xe5, 0x66, 0x21, 0xbf, 0x88, 0x6,

    /* U+044C "ь" */
    0xff, 0x10, 0x7, 0xff, 0x6f, 0x7f, 0xee, 0xa3,
    0x0, 0x95, 0x98, 0xa6, 0xb8, 0x60, 0x8, 0x99,
    0x56, 0xa8, 0x40, 0x7, 0xd2, 0x8, 0x1, 0xf3,
    0x80, 0x80, 0x7d, 0xe0, 0xa0, 0x8, 0x99, 0x57,
    0x20, 0xc8, 0x1, 0x59, 0x8a, 0x6d, 0xe4,

    /* U+044D "э" */
    0x0, 0x36, 0x77, 0xed, 0x18, 0x4, 0x3b, 0x26,
    0x79, 0x72, 0x40, 0x21, 0x7e, 0xdc, 0xeb, 0x26,
    0x80, 0x1c, 0x81, 0x0, 0x93, 0xc5, 0xc8, 0x3,
    0xf1, 0x30, 0x28, 0x4, 0x5f, 0xfc, 0xe1, 0xa0,
    0x11, 0xb3, 0x72, 0x0, 0x70, 0xcc, 0xf1, 0x6,
    0x80, 0x7e, 0x26, 0x5, 0x1d, 0x91, 0x0, 0x93,
    0x1, 0xc8, 0xc1, 0xbb, 0x73, 0xac, 0x5a, 0x0,
    0xb6, 0x4c, 0xe0, 0x5b, 0x90, 0x0,

    /* U+044E "ю" */
    0xff, 0x10, 0x6, 0x4b, 0xef, 0xd9, 0x20, 0xf,
    0xe9, 0xb4, 0x3, 0x33, 0x6a, 0x80, 0x7c, 0xec,
    0x37, 0xd9, 0xd0, 0x14, 0x60, 0x1c, 0x30, 0x1a,
    0x80, 0x13, 0xc0, 0x40, 0x7, 0x20, 0x19, 0x80,
    0x39, 0xc1, 0x4, 0x1, 0xbf, 0x40, 0xa0, 0x1f,
    0x10, 0x10, 0x7, 0xff, 0x8, 0xc0, 0x36, 0xfd,
    0x2, 0x80, 0x78, 0x44, 0x4, 0x1, 0x90, 0xd,
    0x0, 0x3a, 0x1, 0x4, 0x3, 0xb, 0x85, 0xb0,
    0x0, 0x65, 0x82, 0x0, 0x3d, 0xc, 0x13, 0xfd,
    0xc6, 0xa, 0x30, 0xf, 0xa6, 0xd0, 0x44, 0x4d,
    0xaa, 0x0,

    /* U+044F "я" */
    0x0, 0x3e, 0x7f, 0xf9, 0x87, 0x60, 0xc0, 0x46,
    0x0, 0xa4, 0x86, 0xff, 0xba, 0x70, 0x2, 0x4,
    0xa0, 0x7, 0xf0, 0x80, 0x7e, 0x40, 0xa0, 0xf,
    0xd2, 0x47, 0xd5, 0x11, 0x20, 0x0, 0x71, 0x85,
    0x5d, 0xe3, 0x0, 0x84, 0xc1, 0xff, 0xe7, 0x0,
    0x91, 0x4a, 0x0, 0x3e, 0xa0, 0x90, 0xf, 0xa4,
    0x55, 0x0, 0x3e,

    /* U+0450 "ѐ" */
    0x0, 0x9a, 0x18, 0x3, 0xfc, 0xe5, 0x32, 0x0,
    0xfe, 0x1a, 0xa3, 0xe0, 0x80, 0x7f, 0x2f, 0x60,
    0x80, 0x7f, 0xf2, 0x6, 0x37, 0xfb, 0x18, 0x3,
    0x8f, 0xdc, 0x88, 0x7, 0x36, 0x1, 0xe, 0x8b,
    0xfe, 0xf6, 0x1a, 0x50, 0x2, 0x45, 0xa0, 0x2,
    0x3d, 0x15, 0x20, 0x50, 0xc2, 0x2e, 0x34, 0x4,
    0x2, 0xa, 0xdd, 0xf2, 0x87, 0x0, 0x51, 0x55,
    0xfc, 0x4, 0x2, 0xab, 0xf8, 0x82, 0x82, 0x4,
    0x3, 0x88, 0x2, 0x62, 0x1c, 0x40, 0x0, 0xbe,
    0xb0, 0x0, 0x7c, 0x89, 0x7f, 0xdc, 0x80, 0xe,
    0x2d, 0x93, 0x11, 0x13, 0x6b, 0x0,

    /* U+0451 "ё" */
    0x0, 0x8b, 0xa4, 0x7, 0xa8, 0x3, 0xcc, 0x2a,
    0x6, 0x2e, 0x1, 0xe4, 0xcd, 0x2, 0xcc, 0x0,
    0x7c, 0x62, 0x0, 0x31, 0x0, 0xf0, 0xc6, 0xff,
    0x63, 0x0, 0x71, 0xfb, 0x91, 0x0, 0xe6, 0xc0,
    0x21, 0xd1, 0x7f, 0xde, 0xc3, 0x4a, 0x0, 0x48,
    0xb4, 0x0, 0x47, 0xa2, 0xa4, 0xa, 0x18, 0x45,
    0xc6, 0x80, 0x80, 0x41, 0x5b, 0xbe, 0x50, 0xe0,
    0xa, 0x2a, 0xbf, 0x80, 0x80, 0x55, 0x7f, 0x10,
    0x50, 0x40, 0x80, 0x71, 0x0, 0x4c, 0x43, 0x88,
    0x0, 0x17, 0xd6, 0x0, 0xf, 0x91, 0x2f, 0xfb,
    0x90, 0x1, 0xc5, 0xb2, 0x62, 0x22, 0x6d, 0x60,

    /* U+0452 "ђ" */
    0x0, 0xbf, 0xc2, 0x1, 0xfc, 0x31, 0x0, 0x4,
    0xc4, 0x62, 0x0, 0xc4, 0xee, 0x0, 0x3b, 0xf8,
    0x3, 0x1f, 0xf8, 0x1, 0xdf, 0xf9, 0x40, 0x3f,
    0xf9, 0xa9, 0x7d, 0xfb, 0x2, 0x1, 0xf4, 0x5a,
    0x8, 0x13, 0xe0, 0x80, 0x79, 0x93, 0x7f, 0xd4,
    0x25, 0x0, 0x1e, 0x2b, 0x20, 0x2, 0xc0, 0x30,
    0x7, 0xac, 0x3, 0x9c, 0x0, 0x20, 0x1c, 0xa0,
    0x1c, 0x20, 0x3, 0x0, 0xff, 0xff, 0x80, 0x7f,
    0xf1, 0xbf, 0xc6, 0x1, 0xf8, 0xc0, 0x3f, 0x8,
    0x1, 0x40, 0x44, 0x1, 0xfb, 0x7b, 0x68, 0x24,
    0x3, 0xf9, 0x40, 0x89, 0xe, 0x0,

    /* U+0453 "ѓ" */
    0x0, 0xe4, 0x87, 0x10, 0xc, 0x96, 0xc6, 0x20,
    0x12, 0x59, 0x62, 0x0, 0x63, 0x8d, 0x20, 0xe,
    0x77, 0x0, 0x6f, 0xff, 0xd4, 0x0, 0x11, 0xf1,
    0x0, 0x33, 0xbb, 0xa0, 0x3, 0xff, 0xfe, 0x1,
    0xe0,

    /* U+0454 "є" */
    0x0, 0xcd, 0x9d, 0xfd, 0x48, 0x1, 0x8b, 0x64,
    0xce, 0x5, 0xba, 0x0, 0xbc, 0x97, 0xb7, 0x3b,
    0x50, 0x80, 0xe, 0x4b, 0x42, 0x1, 0x15, 0xc0,
    0x2, 0x82, 0x0, 0x3f, 0xc4, 0x1b, 0xff, 0xb4,
    0x3, 0xe5, 0x5f, 0x0, 0x71, 0x7, 0xd5, 0x68,
    0x0, 0xea, 0x8, 0x0, 0xff, 0x39, 0x13, 0x8,
    0x2, 0x4d, 0x90, 0xb, 0xc8, 0xf7, 0xb3, 0xac,
    0x80, 0x31, 0x6c, 0x98, 0x18, 0x2e, 0x48, 0x0,

    /* U+0455 "ѕ" */
    0x0, 0x9f, 0x3b, 0xfa, 0xd8, 0x0, 0x3b, 0x6,
    0x2, 0x24, 0x93, 0x9, 0x22, 0x6f, 0x73, 0xee,
    0xc, 0x8, 0x28, 0x80, 0x24, 0x70, 0x1, 0x5,
    0x20, 0x7, 0xd2, 0x44, 0xbf, 0xc9, 0x40, 0x8,
    0x76, 0x94, 0x4d, 0xaf, 0x44, 0x2, 0x5a, 0xee,
    0x59, 0x12, 0x0, 0x3c, 0x29, 0x0, 0xa0, 0xf6,
    0x80, 0x10, 0xf0, 0x28, 0x52, 0x5f, 0xf7, 0x48,
    0x36, 0x1b, 0x28, 0x22, 0x3, 0x8f, 0x20,

    /* U+0456 "і" */
    0x1c, 0xe3, 0x53, 0x14, 0x43, 0x23, 0x4, 0xd8,
    0x80, 0x77, 0xf8, 0x80, 0x3f, 0xfc, 0x0,

    /* U+0457 "ї" */
    0x5f, 0x53, 0xf7, 0xd0, 0x26, 0xe, 0x8c, 0x75,
    0xc9, 0x3, 0x0, 0x18, 0x5, 0xfe, 0x10, 0xf,
    0xff, 0xb8,

    /* U+0458 "ј" */
    0x0, 0xe9, 0xb1, 0x0, 0xc8, 0xc8, 0xc0, 0x19,
    0x48, 0x50, 0x3, 0xe, 0xf1, 0x80, 0x7f, 0xf2,
    0x7f, 0xc6, 0x1, 0xff, 0xff, 0x0, 0xff, 0xe4,
    0x8, 0x10, 0x1, 0x40, 0x4, 0x13, 0xfb, 0x41,
    0x0, 0x3, 0x12, 0x18, 0x70,

    /* U+0459 "љ" */
    0x0, 0xbb, 0xff, 0xf0, 0x80, 0x7f, 0x84, 0x4,
    0x70, 0x7, 0xff, 0xc, 0x7b, 0xb6, 0x80, 0x7f,
    0xf0, 0x8c, 0x3, 0xff, 0x8a, 0x20, 0x20, 0x1f,
    0x77, 0xfd, 0xd4, 0x40, 0x11, 0x83, 0x80, 0x7c,
    0xac, 0xc5, 0x5, 0xc2, 0x0, 0x30, 0x10, 0x7,
    0xd7, 0x32, 0xae, 0x41, 0xb0, 0x1, 0x0, 0x80,
    0x7f, 0xf0, 0x38, 0x10, 0x1, 0xe1, 0xa0, 0x1f,
    0xfc, 0x2, 0x1, 0x3, 0x60, 0x40, 0xf, 0xf9,
    0x24, 0x17, 0x30, 0xa, 0x20, 0x1f, 0x77, 0xfd,
    0x62, 0x28, 0x0, 0x25, 0x80, 0x7f, 0xf0, 0x9,
    0xfc, 0x40,

    /* U+045A "њ" */
    0xff, 0x10, 0x7, 0x37, 0xd8, 0x7, 0xff, 0xfc,
    0x3, 0xfe, 0xdf, 0xfe, 0x90, 0x4f, 0xfd, 0xae,
    0x1, 0x84, 0x8b, 0x84, 0x0, 0x45, 0x1, 0x46,
    0x0, 0x59, 0xbb, 0xd0, 0x9, 0xbb, 0x7d, 0x1,
    0x98, 0x3, 0xff, 0x86, 0xa4, 0xc, 0x1, 0xff,
    0xc3, 0x22, 0x3, 0x80, 0x7f, 0x9a, 0x66, 0xbd,
    0x5, 0x20, 0xf, 0xf1, 0x33, 0x4a, 0x75, 0x40,

    /* U+045B "ћ" */
    0x0, 0xa6, 0x84, 0x3, 0xff, 0x80, 0xca, 0x40,
    0x1f, 0xd9, 0xfe, 0x0, 0x67, 0xfe, 0x60, 0xd,
    0xd9, 0x80, 0x4, 0xe6, 0x67, 0x0, 0xc4, 0x66,
    0x0, 0x29, 0x9e, 0x10, 0xf, 0xf2, 0xdf, 0x7e,
    0xc0, 0x7, 0xe8, 0xa4, 0x10, 0x27, 0xd0, 0xf,
    0x91, 0x1b, 0xfe, 0xa0, 0x29, 0x0, 0xf1, 0x59,
    0x0, 0x16, 0x41, 0xc0, 0x3d, 0x60, 0x1c, 0xe0,
    0x22, 0x0, 0xe5, 0x0, 0xe1, 0x0, 0x18, 0x7,
    0xff, 0xfc, 0x3, 0xff, 0x86,

    /* U+045C "ќ" */
    0x0, 0xe1, 0x78, 0x30, 0xf, 0xe, 0xc0, 0x18,
    0x7, 0xe, 0x9d, 0x40, 0x7, 0x91, 0x18, 0xa0,
    0x1f, 0x2c, 0x18, 0x7, 0x7f, 0x88, 0x3, 0xf,
    0x7a, 0x0, 0x7d, 0x42, 0xe8, 0x1, 0xe6, 0x43,
    0x80, 0xf, 0x14, 0x8e, 0x80, 0x7d, 0xe1, 0x42,
    0x1, 0xbf, 0x78, 0x9d, 0x0, 0x38, 0x88, 0x20,
    0x60, 0x1e, 0xdf, 0xe1, 0x48, 0x0, 0xf8, 0x68,
    0x1d, 0x0, 0x3e, 0x48, 0xa, 0x20, 0xf, 0x9d,
    0x47, 0x80, 0x3f, 0x51, 0x1c, 0x80,

    /* U+045D "ѝ" */
    0x1, 0x78, 0x30, 0xf, 0xc2, 0x4f, 0x86, 0x1,
    0xf9, 0x70, 0x70, 0xc0, 0x3f, 0x1f, 0xc2, 0x0,
    0x7f, 0xb, 0xb8, 0x3, 0xbf, 0xc4, 0x1, 0xc5,
    0xfe, 0x30, 0xf, 0x87, 0xc0, 0x3f, 0xd4, 0x40,
    0x1f, 0xd0, 0x84, 0x20, 0x1f, 0x2b, 0x87, 0x80,
    0x7c, 0x74, 0x16, 0x40, 0x1e, 0x1d, 0x8, 0x40,
    0xf, 0xe, 0x8a, 0xb8, 0x7, 0xde, 0x66, 0xa0,
    0xf, 0xc6, 0x3a, 0x1, 0xfe, 0xd1, 0x0, 0xfe,
    0x93, 0x0, 0xfc,

    /* U+045E "ў" */
    0x0, 0x9b, 0xc4, 0x0, 0x3e, 0xa0, 0x1e, 0x40,
    0xb1, 0x2a, 0x7, 0x0, 0xf1, 0x52, 0x76, 0xad,
    0x10, 0x7, 0xcb, 0xdb, 0xae, 0x50, 0xf, 0xf1,
    0x10, 0x3, 0xeb, 0xf7, 0x0, 0xfb, 0x7c, 0xc2,
    0x2, 0x40, 0x3c, 0x84, 0x66, 0x3, 0x30, 0xb0,
    0x7, 0x78, 0x48, 0x5, 0x21, 0x60, 0x18, 0x90,
    0x54, 0x2, 0x51, 0x24, 0x0, 0xac, 0x24, 0x3,
    0xa4, 0x3c, 0x0, 0x2c, 0xc, 0x1, 0xcc, 0x8,
    0x40, 0xc0, 0xc2, 0x1, 0xc2, 0xc1, 0x61, 0x21,
    0x60, 0x1f, 0x58, 0x33, 0x5, 0x8, 0x3, 0xe2,
    0x40, 0x90, 0x80, 0xf, 0xe8, 0x0, 0x19, 0x80,
    0x3f, 0x8c, 0x42, 0x40, 0x3f, 0xc6, 0x22, 0x50,
    0xf, 0x31, 0x0, 0xf8, 0x48, 0x7, 0x8a, 0x77,
    0xb8, 0x66, 0x70, 0xf, 0x14, 0x90, 0x89, 0xf0,
    0x3, 0xe0,

    /* U+045F "џ" */
    0xff, 0x10, 0x7, 0x7f, 0x88, 0x3, 0xff, 0xfe,
    0x1, 0xff, 0xce, 0xce, 0xee, 0x0, 0xe1, 0x1f,
    0x0, 0x5f, 0xf8, 0x43, 0x7f, 0xe2, 0x0, 0xff,
    0xe5, 0x0,

    /* U+0462 "Ѣ" */
    0x0, 0xc7, 0xa, 0x1, 0xff, 0xc2, 0x47, 0xe0,
    0xf, 0xfe, 0x7c, 0xff, 0xd0, 0x9, 0xff, 0x98,
    0x3, 0xbd, 0x56, 0x20, 0x15, 0x5c, 0x40, 0x1c,
    0xd5, 0x58, 0x16, 0xab, 0x20, 0x7, 0xff, 0x41,
    0x3f, 0xfb, 0xad, 0x80, 0x3f, 0x9, 0x9e, 0x21,
    0x49, 0xb0, 0xf, 0x97, 0x33, 0x6f, 0xc0, 0x23,
    0x80, 0x7f, 0xf0, 0x5d, 0x82, 0xc0, 0x3f, 0xf8,
    0x58, 0x4, 0x1, 0xff, 0xd3, 0xc0, 0x50, 0xf,
    0xfe, 0xb, 0xb0, 0x70, 0x7, 0x97, 0x33, 0x6f,
    0xc0, 0x3a, 0x80, 0x78, 0x4c, 0xf1, 0x11, 0x72,
    0x0,

    /* U+0463 "ѣ" */
    0x0, 0xc, 0x40, 0x3, 0xfc, 0x6e, 0xe0, 0xf,
    0xfe, 0xb4, 0xca, 0xc0, 0x13, 0x38, 0x80, 0x26,
    0x68, 0x0, 0xcd, 0x9c, 0x2, 0xff, 0x68, 0x3,
    0xff, 0x28, 0x7, 0xff, 0x5b, 0xff, 0x74, 0x90,
    0x7, 0x99, 0xa5, 0x6, 0xc2, 0x0, 0xe9, 0x9a,
    0xb8, 0xc6, 0xc0, 0x3f, 0xd4, 0xa, 0x1, 0xff,
    0xca, 0x1b, 0x4, 0x0, 0xe9, 0x9a, 0xf8, 0x89,
    0x20, 0x1c, 0xcd, 0x21, 0x3e, 0x8,

    /* U+046A "Ѫ" */
    0x0, 0x67, 0xff, 0xff, 0xa, 0x40, 0x33, 0x0,
    0x11, 0x3f, 0xc0, 0xf, 0x0, 0xd4, 0x61, 0xb7,
    0x7f, 0x88, 0x19, 0x80, 0x1d, 0xa5, 0x2a, 0x1,
    0xe8, 0x65, 0x90, 0xf, 0xe, 0xd, 0x20, 0x6,
    0x77, 0x25, 0x0, 0x7e, 0x1c, 0x1b, 0x30, 0x3,
    0x41, 0xd8, 0x7, 0xf8, 0xb4, 0x30, 0xd6, 0x4b,
    0x40, 0x3f, 0xe2, 0xb2, 0xd, 0xa0, 0x66, 0x8,
    0x7, 0xf4, 0x6b, 0x90, 0x8, 0x1, 0x23, 0x98,
    0x3, 0xe8, 0x70, 0x9e, 0xd0, 0x7, 0xeb, 0x84,
    0xb0, 0x7, 0x1b, 0x86, 0x30, 0x80, 0x62, 0x8a,
    0x9, 0x10, 0xd, 0x1, 0x6, 0x1, 0xf9, 0x50,
    0x24, 0x2, 0x24, 0x6, 0x0, 0xff, 0x40, 0x30,
    0x5, 0x60, 0xa2, 0x1, 0xfe, 0x32, 0x16, 0x0,
    0x30, 0x48, 0x7, 0xff, 0x2, 0x82, 0x81, 0x80,
    0x8c, 0x3, 0xff, 0x80, 0xc0, 0x66,

    /* U+046B "ѫ" */
    0x5, 0xff, 0xff, 0xac, 0x2, 0x70, 0x3, 0x3b,
    0xf8, 0x80, 0xc0, 0x22, 0xa0, 0x58, 0x8e, 0xf2,
    0x48, 0x0, 0xcb, 0x7, 0x80, 0x13, 0x41, 0xd8,
    0x7, 0x9d, 0x8e, 0xc1, 0x64, 0x74, 0x3, 0xf4,
    0x9a, 0x65, 0x6, 0x88, 0x7, 0xcf, 0xe6, 0x6,
    0x0, 0xcb, 0x20, 0xe, 0x88, 0xc, 0x40, 0x12,
    0x95, 0x30, 0x40, 0x22, 0x71, 0xf7, 0x40, 0x15,
    0xa7, 0x18, 0x0, 0xac, 0x24, 0x40, 0x3d, 0x2,
    0xc2, 0x2, 0xc0, 0xe0, 0x1f, 0x98, 0x24, 0x18,
    0x18, 0x3, 0xfa, 0x81, 0x80,

    /* U+0472 "Ѳ" */
    0x0, 0xc5, 0x19, 0xdf, 0xd6, 0xc0, 0x1f, 0xa3,
    0x5c, 0xc4, 0x5, 0x27, 0x90, 0x3, 0xad, 0xc1,
    0x2f, 0xbf, 0x64, 0x86, 0xd4, 0x2, 0x84, 0xa,
    0xb4, 0x10, 0x26, 0xd5, 0xa, 0x20, 0x17, 0x9,
    0x50, 0xf, 0xa8, 0xc2, 0x41, 0x80, 0x98, 0x3,
    0xfb, 0xc1, 0x7, 0x1, 0x0, 0x3f, 0xc6, 0x20,
    0x8c, 0xd, 0xff, 0xff, 0x8, 0x10, 0x0, 0x8c,
    0xff, 0xe0, 0x0, 0xb0, 0x2e, 0x67, 0xfc, 0x20,
    0x78, 0xa, 0x1, 0xfe, 0x31, 0x4, 0x50, 0x26,
    0x0, 0xfe, 0xf0, 0x41, 0x27, 0x9, 0x40, 0xf,
    0xa4, 0xc2, 0x40, 0x10, 0x81, 0x74, 0x82, 0x2,
    0xda, 0xc1, 0x44, 0x1, 0x5b, 0x82, 0xdf, 0x7f,
    0x49, 0xd, 0xa8, 0x7, 0x46, 0xb9, 0x88, 0xa,
    0x4f, 0x20, 0x4,

    /* U+0473 "ѳ" */
    0x0, 0xcf, 0x9d, 0xfa, 0xe2, 0x1, 0xc5, 0xb0,
    0x62, 0x5, 0x1e, 0x60, 0x10, 0xf9, 0x1e, 0x7f,
    0xb5, 0x7, 0x44, 0x1, 0x24, 0x4c, 0x30, 0x1,
    0x59, 0x8c, 0x80, 0x14, 0x20, 0x3, 0xd0, 0xc,
    0x0, 0x20, 0xaf, 0xff, 0x58, 0x8, 0x6, 0x57,
    0x7f, 0x30, 0x6, 0x20, 0xc8, 0x8f, 0x60, 0x8,
    0x2, 0x82, 0xc0, 0x3d, 0x0, 0xc0, 0x6, 0x22,
    0x61, 0x80, 0xf, 0x8, 0x64, 0x0, 0x3e, 0x47,
    0x9f, 0xec, 0x31, 0xd1, 0x0, 0x8b, 0x60, 0xc0,
    0x5, 0x1e, 0x60, 0x0,

    /* U+0474 "Ѵ" */
    0x0, 0xff, 0xe1, 0x11, 0x1, 0xff, 0x80, 0x3f,
    0x8f, 0x76, 0x66, 0x0, 0xa0, 0x7, 0xc3, 0xa4,
    0x0, 0x21, 0x40, 0xf0, 0xf, 0xa0, 0x45, 0x58,
    0x81, 0xe0, 0x82, 0x1, 0xe6, 0xb, 0x53, 0x0,
    0x20, 0x83, 0x0, 0x73, 0x1, 0x28, 0x7, 0x30,
    0x48, 0x7, 0x68, 0x50, 0x7, 0xa8, 0x5, 0x0,
    0x21, 0x40, 0x50, 0xf, 0x12, 0x7, 0x0, 0x4e,
    0x6, 0x40, 0x1f, 0x70, 0x28, 0x80, 0x28, 0x28,
    0x3, 0xf2, 0x88, 0x30, 0x11, 0x83, 0x80, 0x7f,
    0x30, 0x50, 0x28, 0x20, 0x80, 0x7f, 0x50, 0x12,
    0x50, 0x68, 0x7, 0xf8, 0x90, 0x24, 0x81, 0x80,
    0x3f, 0xee, 0x2, 0x5, 0x0, 0xff, 0xe0, 0x28,
    0x80, 0x3c, 0x3, 0xff, 0x82, 0xc0, 0x5, 0x0,
    0xf8,

    /* U+0475 "ѵ" */
    0x0, 0xff, 0x84, 0x1, 0x5f, 0x40, 0x1e, 0x2d,
    0xef, 0xe, 0x5, 0x10, 0xe, 0xe2, 0x2, 0x4,
    0x20, 0x60, 0xc, 0x86, 0x19, 0x80, 0x5, 0x84,
    0x80, 0x6e, 0x6, 0x31, 0x0, 0x30, 0x89, 0x0,
    0x25, 0xa, 0x0, 0xe6, 0xf, 0x0, 0x28, 0x19,
    0x80, 0x3a, 0x81, 0x8, 0x38, 0x28, 0x3, 0xc4,
    0x81, 0x42, 0x80, 0xe0, 0x1f, 0x78, 0x34, 0x82,
    0x88, 0x7, 0xc8, 0x42, 0xe1, 0xc0, 0x1f, 0xd6,
    0x0, 0x14, 0x0, 0xfe, 0x60, 0x3, 0x0, 0x78,

    /* U+048A "Ҋ" */
    0x0, 0xab, 0x80, 0x36, 0xd8, 0x7, 0xef, 0x18,
    0x11, 0x41, 0x68, 0x7, 0xe5, 0x87, 0xee, 0x3c,
    0x30, 0x7, 0xf3, 0xfe, 0xeb, 0xdc, 0x3, 0xd3,
    0xf2, 0x1, 0x11, 0x0, 0x2a, 0xfb, 0x0, 0xff,
    0xe0, 0x32, 0x80, 0x7f, 0xf0, 0x4e, 0x40, 0x3f,
    0xf8, 0x5c, 0x1, 0xff, 0xc2, 0xa2, 0x23, 0x80,
    0x7f, 0xcc, 0xa1, 0xde, 0x1, 0xfe, 0x29, 0x8,
    0x30, 0xf, 0xfb, 0xc1, 0x1c, 0x3, 0xfe, 0x92,
    0x1a, 0x0, 0xff, 0x95, 0x83, 0x44, 0x3, 0xfc,
    0x54, 0x10, 0x60, 0x1f, 0xf7, 0x2, 0x38, 0x7,
    0xfc, 0xc6, 0x34, 0x1, 0xff, 0xc2, 0xa1, 0x0,
    0xff, 0xe0, 0xba, 0x0, 0x7e, 0x4f, 0xc0, 0x1,
    0xc0, 0x7, 0xfc, 0x93, 0xf8, 0x1, 0xf9, 0xfd,
    0x2, 0xc0, 0x3f, 0xf8, 0x2a, 0x26, 0x1, 0xff,
    0xc0, 0x21, 0x40, 0xf, 0xfe, 0x14, 0xc0, 0x0,

    /* U+048B "ҋ" */
    0x0, 0x39, 0x80, 0x46, 0xe0, 0x1f, 0x67, 0x18,
    0x1f, 0x58, 0x7, 0xd4, 0xd9, 0xf8, 0xda, 0x1,
    0xf0, 0xdf, 0x6f, 0x58, 0x80, 0x7f, 0x9, 0x8,
    0x7, 0xdf, 0xe2, 0x0, 0xe2, 0xff, 0x18, 0x7,
    0xf0, 0xf8, 0x7, 0xff, 0x2, 0x88, 0x3, 0xfe,
    0x94, 0x21, 0x0, 0xfe, 0x66, 0xf, 0x80, 0x7f,
    0x24, 0x85, 0x10, 0x7, 0xe2, 0xa0, 0x84, 0x0,
    0xfc, 0x3e, 0x2a, 0xe0, 0x1f, 0xdc, 0x47, 0x40,
    0x1f, 0xe2, 0x1d, 0x0, 0xff, 0xe0, 0x68, 0x80,
    0x7b, 0x38, 0x2, 0x93, 0x0, 0xfc, 0x81, 0xfe,
    0x60, 0xf, 0x74, 0x87, 0x80, 0x7f, 0xd8, 0x8,
    0x1, 0xff, 0x7d, 0x8, 0x0,

    /* U+048C "Ҍ" */
    0x0, 0xa2, 0x2, 0x1, 0xff, 0xc1, 0x77, 0x18,
    0x7, 0xff, 0x39, 0x7f, 0xc0, 0xd, 0xff, 0xb4,
    0x3, 0xcc, 0xaa, 0x0, 0x22, 0xae, 0x0, 0xf1,
    0xd5, 0x0, 0x13, 0x55, 0x40, 0x7, 0xff, 0x3f,
    0x7f, 0xfb, 0x60, 0x40, 0x3e, 0x33, 0xe1, 0x27,
    0xf3, 0x0, 0xf7, 0x66, 0x6e, 0xc2, 0x1e, 0x0,
    0xff, 0xe0, 0x1f, 0x81, 0x18, 0x7, 0xff, 0x0,
    0x84, 0x18, 0x3, 0xff, 0xa0, 0x62, 0xe, 0x1,
    0xff, 0x1f, 0x2, 0x10, 0x7, 0x76, 0x66, 0xec,
    0x22, 0x50, 0x7, 0x8c, 0xf8, 0xe, 0x34, 0x40,

    /* U+048D "ҍ" */
    0x0, 0x27, 0xe8, 0x7, 0xe4, 0x9f, 0x2, 0x99,
    0xc2, 0x1, 0x63, 0x20, 0x1, 0x9b, 0x18, 0x5,
    0x1f, 0x60, 0x5f, 0xf8, 0x80, 0x3e, 0x29, 0x9a,
    0x1c, 0xc0, 0x3e, 0x66, 0x9e, 0x32, 0x40, 0x38,
    0xbf, 0xee, 0xa0, 0x65, 0x0, 0xfc, 0x2a, 0xc1,
    0xe0, 0x1f, 0xe1, 0x0, 0xff, 0x85, 0x83, 0x40,
    0x31, 0x4c, 0xd7, 0xc2, 0x4e, 0x1, 0xcc, 0xd2,
    0x13, 0xe8, 0x0,

    /* U+048E "Ҏ" */
    0x9f, 0xff, 0x76, 0x38, 0x80, 0x7f, 0x9, 0xc7,
    0x98, 0x4, 0xdf, 0xfd, 0x64, 0x3a, 0x20, 0x1f,
    0x93, 0x4, 0x4c, 0x1, 0xfc, 0x2c, 0x18, 0x1,
    0xc3, 0x44, 0x0, 0xe0, 0x70, 0xe, 0x35, 0xf0,
    0x7, 0x3, 0x80, 0x71, 0x51, 0x48, 0x30, 0x60,
    0x7, 0x95, 0x99, 0xc2, 0x26, 0x0, 0x37, 0x75,
    0xec, 0x2, 0x2d, 0x10, 0x8, 0x46, 0x1, 0x30,
    0x33, 0x0, 0x4d, 0xff, 0xbb, 0x28, 0xa4, 0x3,
    0xfc, 0xaa, 0x64, 0x0, 0xff, 0x5a, 0xa0, 0x7,
    0xf8, 0x68, 0x3, 0xff, 0x84,

    /* U+048F "ҏ" */
    0xff, 0x9, 0x4f, 0x7f, 0x49, 0x0, 0x72, 0x6b,
    0x19, 0xb, 0x6a, 0x80, 0x6b, 0x4e, 0xdd, 0x7b,
    0x85, 0x18, 0x4, 0x76, 0x20, 0x14, 0x30, 0x48,
    0x5, 0x60, 0x1e, 0xb0, 0x50, 0x9, 0x40, 0x3c,
    0x40, 0x1, 0x0, 0xf8, 0x40, 0x31, 0x80, 0x14,
    0x2, 0x5e, 0x33, 0x0, 0x8, 0x1, 0x60, 0x12,
    0xe, 0xc0, 0x28, 0x4, 0x7a, 0x60, 0x30, 0x28,
    0x12, 0x1, 0x59, 0xe7, 0xf4, 0x80, 0x14, 0xc0,
    0x26, 0xf6, 0x11, 0x99, 0x54, 0x80, 0x18, 0x67,
    0xbf, 0xa6, 0x8f, 0x40, 0x3f, 0xec, 0x90, 0xf,
    0xfe, 0x78,

    /* U+0490 "Ґ" */
    0x0, 0xfd, 0x1f, 0x0, 0x1f, 0xfc, 0xa9, 0xff,
    0xf9, 0xc0, 0x3f, 0xf8, 0x1e, 0x0, 0x6f, 0xff,
    0x9c, 0x3, 0xff, 0xfe, 0x1, 0xff, 0xf8,

    /* U+0491 "ґ" */
    0x0, 0xf3, 0x40, 0x80, 0x7a, 0xdc, 0xc0, 0x3f,
    0xbf, 0xfc, 0x40, 0x18, 0x47, 0xc6, 0x0, 0xce,
    0xee, 0x10, 0xf, 0xff, 0xf8, 0x7, 0x80,

    /* U+0492 "Ғ" */
    0x0, 0xbf, 0xff, 0xc2, 0x1, 0xff, 0xc7, 0xdf,
    0xff, 0x84, 0x3, 0xff, 0xf4, 0xbf, 0xe0, 0x6,
    0xff, 0xf4, 0x80, 0x19, 0x54, 0x0, 0x45, 0x5e,
    0xf0, 0x1, 0xd5, 0x0, 0x13, 0x55, 0xcc, 0x1,
    0xff, 0xfc,

    /* U+0493 "ғ" */
    0x0, 0x4f, 0xff, 0xe0, 0xe, 0x11, 0xf0, 0x6,
    0x7e, 0xef, 0x0, 0x7f, 0xf5, 0xbd, 0x81, 0xff,
    0xf3, 0x80, 0x1c, 0x80, 0xdd, 0xf1, 0x80, 0x21,
    0x1, 0x22, 0x32, 0x0, 0x7f, 0xf5, 0x80,

    /* U+0494 "Ҕ" */
    0x9f, 0xff, 0xf0, 0x7, 0xff, 0x0, 0x40, 0x33,
    0x7f, 0xfd, 0xc0, 0x1f, 0xfe, 0xc3, 0x7d, 0xff,
    0xad, 0x40, 0x39, 0x60, 0x88, 0x60, 0x95, 0x40,
    0xe, 0x8e, 0xdc, 0xf8, 0x5, 0x80, 0x9, 0x9c,
    0x40, 0x27, 0x80, 0x70, 0xf, 0xf3, 0x80, 0x10,
    0x3, 0xfc, 0x60, 0x40, 0x1f, 0xe1, 0x3, 0x0,
    0xff, 0x10, 0x30, 0x7, 0xf3, 0x80, 0x9c, 0xfc,
    0x80, 0x73, 0x40, 0x40, 0x7, 0xa2, 0xfa, 0x41,
    0x98, 0x1, 0xe5, 0x41, 0x29, 0x90, 0x7, 0xdf,
    0x9b, 0xa6, 0x0, 0x80,

    /* U+0495 "ҕ" */
    0xff, 0xfc, 0xc0, 0x18, 0x47, 0xc6, 0x1, 0xb3,
    0xbb, 0x94, 0x3, 0xff, 0x9e, 0x4a, 0xca, 0x20,
    0x1d, 0xfb, 0x53, 0x5d, 0x0, 0x18, 0x96, 0x25,
    0x41, 0xe8, 0x2, 0xca, 0x76, 0xab, 0x5, 0x30,
    0x0, 0x80, 0x64, 0x50, 0xb0, 0xf, 0xda, 0x4,
    0x1, 0xfb, 0xc0, 0x1f, 0xe2, 0x0, 0xe4, 0xd,
    0x0, 0xf9, 0x8c, 0x18, 0x2, 0x17, 0x76, 0x48,
    0x40, 0x80, 0x49, 0x10, 0x31, 0x97, 0x0, 0xcd,
    0x10, 0xae, 0x60, 0x0,

    /* U+0496 "Җ" */
    0xd, 0xf6, 0x0, 0xf6, 0x7b, 0x0, 0x7b, 0x3e,
    0x0, 0x29, 0x8, 0x10, 0xf, 0xfe, 0xb, 0x18,
    0xc0, 0x4, 0x8a, 0x30, 0x1, 0xff, 0xc0, 0x18,
    0xb, 0x0, 0xeb, 0x6, 0x30, 0xf, 0xfa, 0x5,
    0x14, 0x3, 0x86, 0x3, 0xc0, 0x3f, 0xc4, 0xc1,
    0x20, 0x1f, 0x39, 0x1a, 0x80, 0x7f, 0x48, 0x39,
    0x0, 0x7e, 0x90, 0xb0, 0xf, 0xca, 0x85, 0x0,
    0x1f, 0xc8, 0xa3, 0xff, 0x18, 0x4f, 0xfa, 0x82,
    0x0, 0x3f, 0xc2, 0x80, 0x1f, 0xf6, 0x0, 0x7f,
    0xa0, 0x45, 0xdf, 0xe3, 0x9, 0xff, 0x50, 0x31,
    0x80, 0x7e, 0x36, 0xb, 0x10, 0xf, 0x95, 0x3,
    0xc0, 0x3f, 0x78, 0x1a, 0x80, 0x7f, 0x48, 0x1b,
    0x80, 0x79, 0x8c, 0x38, 0x3, 0xfc, 0x4e, 0x10,
    0x20, 0x18, 0x64, 0x1c, 0x80, 0x3f, 0xe8, 0x20,
    0xb0, 0xd, 0x60, 0x50, 0x1, 0xff, 0xc1, 0x90,
    0x5f, 0xf1, 0x22, 0x84, 0x80, 0x7f, 0xf0, 0x90,
    0x3, 0xa, 0x7f, 0x90, 0x3, 0xd9, 0xec, 0x1,
    0xef, 0xf1, 0x0, 0x7f, 0xfe, 0xed, 0xc8,

    /* U+0497 "җ" */
    0x2f, 0xf1, 0x0, 0x6b, 0xf6, 0x0, 0xcf, 0xf8,
    0x0, 0x28, 0xe, 0x0, 0xff, 0x14, 0x7, 0x0,
    0x4e, 0x46, 0xa0, 0x1f, 0xd2, 0xe, 0x40, 0x1b,
    0x82, 0xc0, 0x3f, 0x2a, 0x14, 0x0, 0x71, 0xb0,
    0xc8, 0x7, 0xd6, 0x12, 0x1, 0xf4, 0x8b, 0x6e,
    0x90, 0x23, 0x78, 0x55, 0x0, 0x3e, 0x21, 0x2,
    0x20, 0x0, 0x48, 0x41, 0x80, 0x3f, 0x70, 0x2f,
    0xf9, 0x2, 0x7f, 0x84, 0xd8, 0x3, 0xcc, 0x61,
    0x60, 0x1e, 0x18, 0x9, 0x20, 0xc, 0x32, 0x12,
    0x20, 0x1f, 0x32, 0x4, 0x80, 0x6a, 0x3, 0x60,
    0xf, 0xe9, 0x4, 0xfd, 0x36, 0x40, 0xe0, 0xf,
    0xf1, 0x38, 0x0, 0x9d, 0xbf, 0xc4, 0x1, 0xaf,
    0xd8, 0x3, 0x47, 0xa8, 0x7, 0xff, 0x6f, 0xdd,
    0x80,

    /* U+0498 "Ҙ" */
    0x0, 0x35, 0x6f, 0xfb, 0xa9, 0x0, 0x21, 0xe9,
    0x52, 0x0, 0xa, 0xdd, 0x80, 0x2, 0x69, 0x5d,
    0xfe, 0xe8, 0x4, 0x80, 0x6, 0xda, 0x88, 0x0,
    0x5e, 0x1, 0x80, 0x3f, 0xc8, 0x2, 0x1, 0xfe,
    0x50, 0x20, 0xf, 0xc2, 0xb0, 0x10, 0x1, 0xb7,
    0xfe, 0xea, 0x18, 0x50, 0xc, 0xc4, 0x50, 0x80,
    0x28, 0xc0, 0x35, 0xee, 0xdd, 0xc7, 0x2c, 0x10,
    0xf, 0xc3, 0x8, 0x12, 0x1, 0xfe, 0x30, 0x22,
    0x8, 0x7, 0xe5, 0x2, 0x8f, 0x83, 0x0, 0xc7,
    0x64, 0x12, 0x42, 0xf9, 0xff, 0xb1, 0x6, 0xc6,
    0x3a, 0x10, 0x2, 0x14, 0x8f, 0x40, 0x0, 0xbd,
    0xe0, 0x17, 0x5b, 0x88, 0x7, 0xff, 0x50, 0x9e,
    0xc0, 0x3c,

    /* U+0499 "ҙ" */
    0x2, 0x8c, 0xff, 0x75, 0xa8, 0x5, 0xce, 0x60,
    0x42, 0x95, 0x60, 0x9, 0x97, 0x7e, 0xfd, 0x2,
    0x28, 0x2b, 0x8, 0x4, 0xa6, 0x6, 0x1, 0xe1,
    0x63, 0x17, 0x0, 0xab, 0xfd, 0xd2, 0x58, 0x20,
    0x17, 0xbb, 0x98, 0x89, 0xc2, 0x1, 0x2c, 0x42,
    0x75, 0x4e, 0x0, 0x3f, 0x68, 0x28, 0x63, 0x8,
    0x4, 0x92, 0x8, 0x66, 0x9e, 0xe6, 0xfd, 0x89,
    0xc1, 0xeb, 0x98, 0x90, 0x24, 0xe0, 0x0, 0xa3,
    0x20, 0x1e, 0xd8, 0x3, 0xff, 0x8a, 0x8f, 0x80,
    0x18,

    /* U+049A "Қ" */
    0x9f, 0x80, 0xf, 0xaf, 0xe8, 0x3, 0xfe, 0x64,
    0x1a, 0x0, 0xff, 0xc, 0x86, 0x80, 0x7f, 0xd4,
    0xe, 0x60, 0x1f, 0xe7, 0x43, 0x80, 0xf, 0xf1,
    0x40, 0x70, 0x7, 0xfd, 0xc1, 0x24, 0x1, 0xf3,
    0xff, 0xc6, 0x8c, 0x1, 0xff, 0xc1, 0x51, 0x0,
    0xfc, 0xff, 0xf1, 0xd, 0x80, 0x7f, 0xf0, 0x38,
    0x15, 0x80, 0x3f, 0xe3, 0x80, 0x92, 0x0, 0xff,
    0x9d, 0x3, 0x80, 0x3f, 0xf8, 0x14, 0x27, 0x0,
    0x1f, 0xf0, 0xd0, 0x3f, 0xf9, 0x0, 0x3f, 0x90,
    0x80, 0x34, 0xfc, 0x0, 0x7d, 0xbe, 0x60, 0x1f,
    0xfe, 0xa, 0x76,

    /* U+049B "қ" */
    0xff, 0x10, 0x6, 0x1e, 0xf4, 0x0, 0xfd, 0x42,
    0xe8, 0x1, 0xf3, 0x21, 0xc0, 0x7, 0xc5, 0x23,
    0xa0, 0x1f, 0xbc, 0x28, 0x40, 0x3b, 0xf7, 0x89,
    0xd0, 0x3, 0xc4, 0x41, 0x3, 0x0, 0xfb, 0x7f,
    0x85, 0x20, 0x3, 0xf0, 0xd0, 0x3a, 0x0, 0x7e,
    0x48, 0xa, 0x20, 0xf, 0xce, 0xa3, 0xba, 0xb0,
    0xf, 0xa8, 0x0, 0x4b, 0xfe, 0x20, 0xe, 0xff,
    0x0, 0x7f, 0xf3, 0x1e, 0x40,

    /* U+049C "Ҝ" */
    0x9f, 0x80, 0xf, 0x8f, 0xfc, 0x40, 0x1f, 0xef,
    0x7, 0x20, 0xf, 0xe6, 0x32, 0x80, 0xf, 0xe1,
    0x90, 0x90, 0xf, 0x76, 0x0, 0x2c, 0x19, 0x0,
    0x3f, 0x91, 0x46, 0x0, 0x3f, 0xd2, 0x16, 0x20,
    0x1c, 0xfe, 0x27, 0xe4, 0x6a, 0x1, 0xff, 0xc0,
    0x21, 0x0, 0xf3, 0xf8, 0x9f, 0x90, 0xd8, 0x7,
    0xfd, 0x20, 0xa8, 0x1, 0xfe, 0x46, 0xa, 0x0,
    0xfa, 0xbc, 0x1, 0x22, 0x29, 0x0, 0xf2, 0x18,
    0x5, 0x40, 0xc8, 0x1, 0xfe, 0x45, 0x9, 0x0,
    0xff, 0xac, 0x4a, 0x40,

    /* U+049D "ҝ" */
    0xff, 0x8, 0x7, 0x4f, 0xc8, 0x7, 0xe3, 0x61,
    0x90, 0xf, 0xdc, 0x14, 0x1, 0xd9, 0x80, 0x72,
    0x54, 0x0, 0xf8, 0xa0, 0x6c, 0x3, 0xb0, 0xcd,
    0x81, 0x62, 0x1, 0xc4, 0x0, 0x10, 0xd0, 0xf,
    0x71, 0x9a, 0xc1, 0xcc, 0x3, 0xf2, 0x30, 0x70,
    0x7, 0xbf, 0xc1, 0x24, 0x48, 0x0, 0xe3, 0x30,
    0x3, 0x81, 0xcc, 0x3, 0xf1, 0xb8, 0x70, 0x0,

    /* U+049E "Ҟ" */
    0x0, 0x17, 0xf8, 0x3, 0xe3, 0xff, 0x10, 0x7,
    0xff, 0x3, 0x82, 0x48, 0x93, 0x0, 0x9, 0x99,
    0xc0, 0x12, 0x48, 0xc0, 0x2c, 0xa0, 0x6, 0x6a,
    0xc1, 0x18, 0x68, 0x0, 0x7f, 0xa0, 0xf, 0xfb,
    0x6, 0x82, 0xc4, 0x3, 0xfe, 0xb1, 0x65, 0x0,
    0xff, 0x95, 0x45, 0x20, 0x1f, 0xdf, 0xf5, 0x7,
    0x0, 0x7f, 0xf0, 0xd0, 0x3, 0xfd, 0xff, 0x48,
    0x41, 0x80, 0x7f, 0xf0, 0x19, 0x43, 0x80, 0x3f,
    0xf8, 0x36, 0x25, 0x20, 0x1f, 0xfc, 0x1, 0xa0,
    0x64, 0x0, 0xff, 0xe0, 0x23, 0x85, 0x8, 0x7,
    0xff, 0x2, 0xc, 0x68, 0x3, 0xff, 0x83, 0xc0,
    0x8c,

    /* U+049F "ҟ" */
    0x0, 0x4d, 0x8, 0x7, 0xf9, 0x94, 0x80, 0x3f,
    0x7f, 0x80, 0x19, 0xfe, 0x80, 0xe, 0x77, 0x0,
    0x15, 0xdd, 0x80, 0x1d, 0x10, 0x0, 0x4c, 0x41,
    0x0, 0x3f, 0xf8, 0x43, 0xde, 0x80, 0x1f, 0xd4,
    0x2e, 0x80, 0x1f, 0x9d, 0xe, 0x0, 0x3f, 0x1c,
    0xe, 0x80, 0x7f, 0x70, 0x50, 0x80, 0x7b, 0xb7,
    0x89, 0xd0, 0x3, 0xe2, 0x20, 0x81, 0x80, 0x7e,
    0xcf, 0xe1, 0x48, 0x0, 0xfe, 0x1a, 0x7, 0x40,
    0xf, 0xe4, 0x80, 0xa2, 0x0, 0xfe, 0x74, 0x1e,
    0x0, 0xff, 0x51, 0x1c, 0x80,

    /* U+04A0 "Ҡ" */
    0xbf, 0xff, 0x8, 0x7, 0x8b, 0xfc, 0x62, 0x1,
    0xff, 0xc1, 0xe0, 0x73, 0xaf, 0xfc, 0x1, 0xfa,
    0xc, 0xd0, 0x1, 0xff, 0xc1, 0x37, 0xe, 0x0,
    0xff, 0xe1, 0x70, 0x49, 0x0, 0x7f, 0xf0, 0x64,
    0x91, 0x80, 0x3f, 0xf8, 0x28, 0xc3, 0x40, 0x1f,
    0xf7, 0x7f, 0xac, 0x28, 0x40, 0x3f, 0xf8, 0x98,
    0x1, 0xff, 0xc0, 0xef, 0xf5, 0x3, 0xa0, 0x7,
    0xff, 0x9, 0x58, 0x28, 0x40, 0x3f, 0xf8, 0x52,
    0x43, 0x60, 0x1f, 0xfc, 0x3e, 0x5, 0x50, 0x7,
    0xff, 0x8, 0xe0, 0x2c, 0x40, 0x3f, 0xf8, 0x4e,
    0x83, 0x40, 0x1f, 0xfc, 0x3a, 0x14, 0x70,

    /* U+04A1 "ҡ" */
    0xef, 0xfd, 0x80, 0x1c, 0xdf, 0xa0, 0x45, 0x8,
    0x7, 0x8a, 0x43, 0xc3, 0x37, 0x56, 0x1, 0xef,
    0x9, 0x20, 0xf, 0xf4, 0x92, 0xb0, 0x7, 0xf9,
    0x18, 0xa8, 0x3, 0xf1, 0xee, 0xac, 0x3c, 0x3,
    0xfc, 0x44, 0x0, 0x38, 0x7, 0xf1, 0xff, 0xa0,
    0x28, 0x80, 0x3f, 0xe7, 0x50, 0xf0, 0xf, 0xfe,
    0x5, 0x11, 0x28, 0x3, 0xff, 0x81, 0xe0, 0xac,
    0x1, 0xff, 0x15, 0x84, 0x98,

    /* U+04A2 "Ң" */
    0x9f, 0x90, 0xf, 0xd3, 0xf4, 0x1, 0xff, 0xff,
    0x0, 0xff, 0xea, 0x37, 0xff, 0xe6, 0x0, 0xff,
    0xe6, 0x37, 0xff, 0xe6, 0x0, 0xff, 0xff, 0x80,
    0x7f, 0x30, 0x2f, 0xf8, 0x3, 0xff, 0x8d, 0x3f,
    0x20, 0x1f, 0xbf, 0xe0, 0xf, 0xff, 0x3c, 0x38,
    0x0,

    /* U+04A3 "ң" */
    0xff, 0x10, 0x7, 0x1f, 0xf0, 0x7, 0xff, 0xb3,
    0x37, 0x7c, 0x1, 0xe1, 0x22, 0xe1, 0x0, 0xf6,
    0xff, 0xf6, 0x0, 0x7f, 0xf6, 0x94, 0x7, 0xa8,
    0x3, 0xfe, 0x11, 0x7f, 0x88, 0x3, 0x9b, 0xf0,
    0x3, 0xff, 0x9a, 0x4f, 0xc0,

    /* U+04A4 "Ҥ" */
    0x9f, 0x90, 0xf, 0xdf, 0xff, 0xe9, 0x0, 0xff,
    0xec, 0x7f, 0xfd, 0x20, 0x1f, 0xff, 0xf0, 0xf,
    0xfe, 0x1b, 0x7f, 0xfe, 0x0, 0xff, 0xeb, 0xb7,
    0xff, 0xe0, 0xf, 0xff, 0xf8, 0x7, 0xff, 0xe0,

    /* U+04A5 "ҥ" */
    0xff, 0x10, 0x7, 0x37, 0xff, 0xe6, 0x0, 0xff,
    0x84, 0x7c, 0x60, 0x1f, 0xf7, 0x77, 0x94, 0x3,
    0xff, 0xb5, 0x9b, 0xbd, 0x20, 0x1f, 0xf0, 0x91,
    0x70, 0x7, 0xff, 0x3, 0x7f, 0xfa, 0x40, 0x3f,
    0xff, 0xe0, 0x1e,

    /* U+04A6 "Ҧ" */
    0x9f, 0xff, 0xfe, 0x5, 0x0, 0x7f, 0xf6, 0x1b,
    0xff, 0xf4, 0x0, 0x7f, 0xff, 0xc0, 0x3f, 0xf9,
    0xc2, 0x1, 0xff, 0xc7, 0x17, 0xdf, 0xef, 0xb5,
    0x0, 0xff, 0xe2, 0x24, 0x10, 0x90, 0x25, 0x50,
    0x3, 0xff, 0x88, 0xfd, 0xcd, 0xf9, 0x5, 0x80,
    0xf, 0xfe, 0x12, 0xc0, 0x80, 0x4d, 0x20, 0xe0,
    0x1f, 0xfc, 0x96, 0x10, 0x40, 0xf, 0xfe, 0x49,
    0x1, 0x0, 0x7f, 0xf8, 0x48, 0x14, 0x3, 0xff,
    0x90, 0xc2, 0x23, 0x9f, 0x90, 0xf, 0xcf, 0xf4,
    0x1, 0xcb, 0x21, 0x0, 0x1f, 0xfc, 0x57, 0xbd,
    0xa0, 0x56, 0x0, 0xff, 0xe2, 0xd2, 0x10, 0xcd,
    0x0, 0x7f, 0xf1, 0xb3, 0x1b, 0xcc, 0x1, 0x0,

    /* U+04A7 "ҧ" */
    0xff, 0xff, 0x40, 0x7, 0xfc, 0x23, 0xe0, 0xf,
    0xfe, 0x16, 0x77, 0x73, 0x0, 0x7f, 0xfc, 0x85,
    0x19, 0x48, 0x3, 0xff, 0x84, 0xdd, 0x73, 0x5b,
    0x64, 0x1, 0xff, 0xc0, 0x13, 0x89, 0x61, 0x4c,
    0x10, 0xf, 0xf9, 0xb1, 0xda, 0x7c, 0x86, 0x40,
    0x3f, 0xe1, 0x0, 0xc3, 0x0, 0xa0, 0x1f, 0xfc,
    0x57, 0x2, 0x0, 0xff, 0xe2, 0x88, 0x5, 0xfe,
    0x20, 0xe, 0x9f, 0x80, 0xe, 0x40, 0x30, 0xf,
    0xfe, 0x21, 0x48, 0x50, 0x7, 0xff, 0x5, 0xdd,
    0x5a, 0x28, 0xc0, 0x1f, 0xfc, 0x1, 0x88, 0x28,
    0x35, 0x80, 0x7f, 0xf0, 0xa6, 0x27, 0xa4, 0x2,

    /* U+04A8 "Ҩ" */
    0x0, 0x9a, 0xc8, 0x2, 0x18, 0xdf, 0xeb, 0x50,
    0xe, 0x79, 0x44, 0x0, 0xb, 0xdc, 0x80, 0x52,
    0xa8, 0x1, 0x1c, 0x5, 0x30, 0xe, 0x9, 0xe7,
    0xf4, 0x2, 0xc0, 0x3, 0x81, 0x54, 0x0, 0x91,
    0x2c, 0x30, 0x17, 0x80, 0x71, 0x32, 0x8, 0x0,
    0x98, 0x20, 0x3, 0x9c, 0x41, 0xac, 0xc, 0x80,
    0x4, 0x20, 0x80, 0x1e, 0x40, 0xe2, 0x5, 0x0,
    0x84, 0x0, 0x20, 0x1e, 0x20, 0x21, 0xe, 0x0,
    0xff, 0xe1, 0x88, 0x3, 0xc0, 0x22, 0x0, 0x8,
    0x7, 0x88, 0x34, 0xc0, 0xc0, 0x21, 0x10, 0x28,
    0x7, 0x90, 0x13, 0x1, 0x4, 0x2, 0x60, 0xe0,
    0xe, 0x51, 0x33, 0x21, 0x4, 0x0, 0x52, 0xa,
    0xa0, 0x8, 0x6c, 0x3c, 0x1, 0x20, 0xcc, 0x0,
    0xc, 0x85, 0x18, 0xd, 0xc, 0x18, 0x1, 0x20,
    0x26, 0x8c, 0x1a, 0x3, 0x27, 0xd2, 0x1c, 0x3,
    0x3d, 0x8a, 0xe6, 0xe6, 0x0, 0xc, 0x21, 0x95,
    0x96, 0x1, 0x27, 0x4a, 0x19, 0x90, 0x9a, 0x10,
    0x51, 0x44, 0x80,

    /* U+04A9 "ҩ" */
    0x0, 0x46, 0x18, 0x0, 0xab, 0xbf, 0x60, 0x40,
    0x28, 0x72, 0x0, 0x26, 0xa8, 0x88, 0x9f, 0xc4,
    0xd, 0xc3, 0x4c, 0x28, 0x1b, 0xfb, 0x4c, 0x6c,
    0x28, 0x14, 0xc1, 0x44, 0xa4, 0x0, 0x5c, 0xa,
    0x28, 0x1c, 0x0, 0xd0, 0x40, 0xc, 0x42, 0x4,
    0x40, 0x60, 0xc, 0x20, 0x1c, 0x60, 0x24, 0x2,
    0x0, 0xf0, 0x10, 0xe, 0x20, 0x26, 0xb, 0x0,
    0x28, 0x38, 0x6, 0x50, 0x50, 0xf0, 0x62, 0x2,
    0x51, 0x70, 0x0, 0xc0, 0x40, 0x22, 0x8e, 0x20,
    0x59, 0x44, 0xf, 0x4a, 0xc8, 0x1, 0x4c, 0x37,
    0xd4, 0xc0, 0xf8, 0x65, 0xd8, 0x60, 0x9, 0xc6,
    0x34, 0x40, 0xaa, 0x84, 0x94, 0x40,

    /* U+04AA "Ҫ" */
    0x0, 0xc5, 0x19, 0xdf, 0xd6, 0xc0, 0x1e, 0x8d,
    0x73, 0x10, 0x14, 0x9d, 0x30, 0xa, 0x9c, 0x12,
    0xfb, 0xf6, 0x48, 0x9c, 0x0, 0x85, 0x9, 0xb4,
    0x10, 0x26, 0xd6, 0xf0, 0x17, 0x8, 0x60, 0xf,
    0xa4, 0x81, 0x80, 0x5c, 0x3, 0xfe, 0xc0, 0x60,
    0xf, 0xfe, 0x3, 0x7, 0x0, 0x7f, 0xf3, 0xd8,
    0x38, 0x3, 0xff, 0x81, 0x80, 0xc0, 0x1f, 0xfc,
    0x6, 0x1, 0x70, 0xf, 0xf8, 0x5c, 0x21, 0x40,
    0x3e, 0x92, 0x0, 0x42, 0x5, 0x5a, 0x8, 0xb,
    0x6b, 0x78, 0x5, 0x6e, 0x9, 0x7d, 0xfd, 0x24,
    0x4e, 0x0, 0xd1, 0xae, 0x60, 0x12, 0x4e, 0x98,
    0x7, 0x14, 0x61, 0x6, 0x5b, 0x0, 0x7f, 0xf7,
    0x2d, 0xc8, 0x3, 0x80,

    /* U+04AB "ҫ" */
    0x0, 0xcf, 0x9d, 0xfb, 0x2, 0x1, 0x16, 0xc1,
    0x88, 0x89, 0xfc, 0x80, 0x7c, 0x8f, 0x3f, 0xb5,
    0x6, 0xc2, 0x48, 0x98, 0x60, 0x2, 0xba, 0x90,
    0x50, 0x80, 0xf, 0x28, 0x0, 0x81, 0xc0, 0x3f,
    0xf9, 0x24, 0xe, 0x1, 0xfd, 0x41, 0x0, 0x1e,
    0x50, 0x3, 0x11, 0x30, 0xc0, 0x5, 0x75, 0x20,
    0x3e, 0x47, 0x9f, 0xda, 0x83, 0x60, 0x2, 0xd8,
    0x20, 0x12, 0x7e, 0x20, 0xc, 0xf8, 0x0, 0xd8,
    0x0, 0xff, 0xe3, 0x8b, 0xc0, 0x6,

    /* U+04AC "Ҭ" */
    0xbf, 0xff, 0xfe, 0x0, 0x80, 0x7f, 0xf0, 0x2b,
    0xff, 0x40, 0x27, 0xff, 0x0, 0x7f, 0xff, 0xc0,
    0x3f, 0xff, 0xb2, 0x9, 0xfe, 0x0, 0xff, 0xe4,
    0xf7, 0xf8, 0x3, 0xff, 0xb7, 0xe, 0x1, 0x0,

    /* U+04AD "ҭ" */
    0xef, 0xff, 0xeb, 0x21, 0x18, 0x2, 0x11, 0xd9,
    0xdd, 0x28, 0x47, 0x75, 0x40, 0x1f, 0xff, 0xf0,
    0xf, 0xd1, 0xe8, 0x1, 0xff, 0xc5, 0xaf, 0x40,
    0xf, 0xfe, 0x4f, 0xcb, 0x0, 0x0,

    /* U+04AE "Ү" */
    0x8f, 0xc0, 0xf, 0xee, 0xf4, 0x81, 0x35, 0x0,
    0xfa, 0x5, 0x50, 0x20, 0x2c, 0x3, 0xc4, 0xe1,
    0x60, 0x6, 0x31, 0x80, 0xe, 0x90, 0x81, 0x0,
    0xbc, 0x1c, 0x80, 0x24, 0x41, 0x38, 0x6, 0x35,
    0x9, 0x0, 0xa4, 0x20, 0x3, 0xd6, 0x8, 0x80,
    0x72, 0x45, 0x0, 0xf0, 0xc0, 0x49, 0x40, 0x48,
    0x7, 0xe7, 0x22, 0x60, 0x39, 0x0, 0x7f, 0x48,
    0x8, 0xa0, 0x3, 0xfc, 0x86, 0x12, 0x1, 0xff,
    0xc2, 0x10, 0xf, 0xff, 0xb0,

    /* U+04AF "ү" */
    0xaf, 0x90, 0xf, 0xb3, 0xd2, 0x41, 0x80, 0x3c,
    0x66, 0x24, 0x33, 0x3, 0x0, 0x74, 0x85, 0x80,
    0x24, 0x2c, 0x3, 0xa, 0x8b, 0x0, 0x14, 0x49,
    0x0, 0x29, 0x6, 0x0, 0xd2, 0x1e, 0x1, 0x30,
    0x48, 0x6, 0x60, 0x42, 0x6, 0x15, 0x10, 0xc,
    0x2a, 0x14, 0x16, 0x12, 0x1, 0xe9, 0x7, 0x42,
    0x33, 0x0, 0x78, 0xcc, 0x16, 0x12, 0x1, 0xfa,
    0x40, 0x2, 0xa0, 0x1f, 0x94, 0x41, 0x80, 0x3f,
    0xc4, 0x1c, 0x1, 0xff, 0xe0,

    /* U+04B0 "Ұ" */
    0x8f, 0xc0, 0xf, 0xee, 0xf4, 0x81, 0x35, 0x0,
    0xfa, 0x5, 0x50, 0x20, 0x2c, 0x3, 0xc4, 0xe1,
    0x60, 0x6, 0x31, 0x80, 0xe, 0x90, 0x81, 0x0,
    0xbc, 0x1c, 0x80, 0x24, 0x41, 0x38, 0x6, 0x36,
    0x9, 0x0, 0xa4, 0x24, 0x3, 0xd0, 0x8, 0x80,
    0x72, 0x44, 0x0, 0x78, 0x60, 0x24, 0xa0, 0x24,
    0x3, 0xf3, 0x91, 0x30, 0x1c, 0x80, 0x3c, 0x71,
    0x6, 0x1, 0x1, 0x88, 0x0, 0x72, 0xbb, 0x90,
    0x2, 0x67, 0x70, 0x7, 0x37, 0xfc, 0x61, 0x3f,
    0xf0, 0x7, 0xff, 0xcc,

    /* U+04B1 "ұ" */
    0xaf, 0x90, 0xf, 0xb3, 0xd2, 0x41, 0x80, 0x3c,
    0x66, 0x24, 0x33, 0x3, 0x0, 0x74, 0x85, 0x80,
    0x28, 0x2c, 0x3, 0xa, 0x83, 0x0, 0x18, 0x49,
    0x0, 0x26, 0x6, 0x0, 0xcc, 0x1c, 0x1, 0x48,
    0x58, 0x6, 0x90, 0x51, 0x5, 0x14, 0x20, 0xc,
    0x2a, 0x12, 0x12, 0x1e, 0x1, 0xee, 0x6, 0x33,
    0x12, 0x0, 0x79, 0x8, 0x74, 0x2c, 0x3, 0xf5,
    0x80, 0x83, 0x0, 0x73, 0xff, 0xa4, 0x2, 0xff,
    0x80, 0x24, 0x77, 0x84, 0x11, 0xde, 0x0, 0x8e,
    0x22, 0x20, 0xd8, 0x88, 0x3, 0xff, 0xa0,

    /* U+04B2 "Ҳ" */
    0xd, 0xf9, 0x0, 0xf0, 0xf7, 0xc8, 0x5, 0x20,
    0xc8, 0x1, 0xd4, 0x25, 0x20, 0x12, 0x30, 0x50,
    0x80, 0x4c, 0x81, 0xc0, 0x1d, 0x24, 0x36, 0x0,
    0x29, 0x7, 0x30, 0xf, 0x70, 0x2a, 0x83, 0x80,
    0xa0, 0x3, 0xe3, 0x70, 0xb8, 0x30, 0xe0, 0xf,
    0xe8, 0x21, 0x70, 0x73, 0x0, 0xff, 0x70, 0x0,
    0xa0, 0x3, 0xfe, 0x40, 0x1, 0x18, 0x7, 0xf8,
    0xe0, 0x4, 0x38, 0x3, 0xfd, 0xc0, 0x98, 0x5,
    0x20, 0x1f, 0xa0, 0x86, 0x8a, 0x41, 0x90, 0x3,
    0xc6, 0xe1, 0x62, 0xc, 0x81, 0x40, 0x1e, 0xe0,
    0x55, 0x0, 0x54, 0x22, 0xa0, 0xd, 0x24, 0x34,
    0x1, 0x86, 0xc1, 0x7f, 0xc8, 0x86, 0xa, 0x0,
    0xf2, 0x88, 0x6, 0x4f, 0xf2, 0x0, 0x7d, 0xde,
    0x60, 0x1f, 0xfe, 0x3a, 0x76,

    /* U+04B3 "ҳ" */
    0x3f, 0xf1, 0x0, 0x63, 0xff, 0x10, 0x1c, 0x7,
    0x80, 0x43, 0xc1, 0x44, 0x0, 0x74, 0x29, 0x0,
    0x59, 0x32, 0x80, 0x6a, 0x16, 0x56, 0x52, 0x90,
    0xe, 0x1d, 0xa, 0x90, 0xf0, 0xf, 0x8e, 0x0,
    0x14, 0x40, 0x1f, 0xb4, 0x1, 0xa0, 0x1f, 0x99,
    0x48, 0x5d, 0x0, 0x3c, 0x72, 0x1f, 0x41, 0x44,
    0x1, 0xdc, 0x12, 0x48, 0xe3, 0xc0, 0x1a, 0x89,
    0x58, 0x1, 0x6, 0x6f, 0xd9, 0x65, 0x2a, 0x0,
    0xda, 0x0, 0x22, 0x37, 0xe8, 0x7, 0xf, 0xe0,
    0x7, 0xff, 0x34, 0x9f, 0x80,

    /* U+04B4 "Ҵ" */
    0xbf, 0xff, 0xf9, 0x80, 0x2a, 0xf8, 0x0, 0x8,
    0x7, 0xfc, 0x60, 0x1f, 0xab, 0xff, 0x48, 0x1f,
    0xfe, 0x50, 0xf, 0xff, 0xf8, 0x7, 0xff, 0xfc,
    0x3, 0xff, 0xfe, 0x1, 0xff, 0xc9, 0x3f, 0xff,
    0xca, 0xf, 0xfa, 0x1, 0xff, 0xc8, 0x30, 0xe,
    0x6f, 0xff, 0xfe, 0x6, 0x80, 0x7f, 0xfc, 0x8d,
    0xe4,

    /* U+04B5 "ҵ" */
    0xef, 0xff, 0xdc, 0x0, 0x9f, 0x80, 0x1, 0x8,
    0xc0, 0x10, 0x88, 0x80, 0x3e, 0xce, 0xe9, 0x42,
    0x3b, 0x98, 0x1, 0xff, 0xff, 0x0, 0xff, 0xf6,
    0xc7, 0x77, 0x30, 0x3f, 0x10, 0x7, 0xc2, 0x3c,
    0x1, 0x8, 0x7, 0x57, 0xff, 0xf1, 0x0, 0x7f,
    0xf5, 0x6d, 0xcc,

    /* U+04B6 "Ҷ" */
    0x3f, 0xf0, 0x7, 0xec, 0xf6, 0x0, 0xff, 0xff,
    0x80, 0x7c, 0x40, 0x2, 0x0, 0xff, 0xe0, 0x9,
    0x5, 0x80, 0x7f, 0xf0, 0x6c, 0x1a, 0xcc, 0x40,
    0x9b, 0xc, 0x3, 0x99, 0x80, 0x99, 0xdf, 0xb2,
    0x60, 0x1f, 0x4d, 0xa8, 0x80, 0x9b, 0xe1, 0x80,
    0x7c, 0x95, 0xdf, 0xd9, 0x6, 0x1, 0xff, 0xe4,
    0x30, 0x9f, 0xb0, 0xf, 0xfe, 0x7f, 0xfa, 0xc0,
    0x3f, 0xfc, 0x6c, 0xfc,

    /* U+04B7 "ҷ" */
    0x1f, 0xf0, 0x7, 0xb3, 0xd4, 0x3, 0xff, 0xc0,
    0x20, 0x2, 0x0, 0xff, 0x88, 0x24, 0x40, 0x24,
    0x20, 0xe, 0x90, 0x4e, 0xdd, 0x7d, 0x88, 0x7,
    0x26, 0x29, 0x10, 0xd2, 0x4c, 0x3, 0xc7, 0x5b,
    0xfd, 0x6c, 0x1, 0xff, 0xd0, 0x30, 0xae, 0x20,
    0xf, 0xfe, 0x0, 0x80, 0x7f, 0xbf, 0xc6, 0x1,
    0xff, 0xcf, 0xa7, 0x30,

    /* U+04B8 "Ҹ" */
    0x3f, 0xe0, 0xf, 0xd9, 0xec, 0x1, 0xff, 0xee,
    0x10, 0x8, 0xd0, 0x3, 0xc2, 0x0, 0x20, 0x4,
    0x58, 0x7, 0x88, 0x42, 0x0, 0x3f, 0xe8, 0x5,
    0xc5, 0x70, 0x47, 0xd3, 0x0, 0x99, 0x80, 0x74,
    0x61, 0x70, 0x40, 0x1d, 0x38, 0xc6, 0x0, 0x58,
    0xe3, 0x0, 0xe3, 0x9c, 0x40, 0xa7, 0x10, 0xf,
    0xfe, 0xcd, 0xf8, 0x7, 0xff, 0x20,

    /* U+04B9 "ҹ" */
    0x1f, 0xf0, 0x7, 0xb3, 0xd4, 0x3, 0xff, 0xb0,
    0x20, 0x1, 0x9, 0xf0, 0xf, 0x8, 0x40, 0x6,
    0x21, 0x0, 0xa0, 0x1b, 0x5c, 0x37, 0x44, 0x1,
    0x34, 0x91, 0x4, 0x0, 0xe4, 0x1, 0x9b, 0x79,
    0x43, 0x60, 0x40, 0x3c, 0x26, 0x1, 0xff, 0x55,
    0x0, 0x3f, 0xc6, 0xa0, 0x1c,

    /* U+04BA "Һ" */
    0x9f, 0x90, 0xf, 0xff, 0xf8, 0x4, 0x95, 0xbd,
    0xfd, 0x48, 0x1, 0x9a, 0xd4, 0x84, 0x5, 0x6e,
    0x40, 0x21, 0x6b, 0xef, 0xf6, 0x20, 0x32, 0x80,
    0x1e, 0x50, 0x40, 0x7, 0x68, 0x12, 0x1, 0xfe,
    0xf0, 0x30, 0xf, 0xf3, 0x0, 0x7f, 0xfa, 0x80,

    /* U+04BB "һ" */
    0xaa, 0x8, 0x7, 0xf2, 0xa8, 0xc0, 0x3f, 0xfc,
    0x8b, 0x7d, 0xfb, 0x0, 0x1d, 0x34, 0x82, 0x4,
    0xfa, 0x1, 0x91, 0x77, 0xfd, 0x40, 0x50, 0x1,
    0x1d, 0x10, 0x1, 0x64, 0x18, 0x2, 0x90, 0xe,
    0x40, 0x10, 0x9, 0xc0, 0x38, 0x80, 0x2, 0x1,
    0xff, 0xfc,

    /* U+04BC "Ҽ" */
    0x0, 0xfe, 0x39, 0xdf, 0xf6, 0xc9, 0x80, 0x7f,
    0xc3, 0x58, 0xc4, 0x0, 0x26, 0xca, 0x0, 0xfe,
    0x1c, 0x50, 0x6c, 0xff, 0x63, 0x2, 0xe0, 0x5,
    0xb8, 0x40, 0xb, 0x21, 0xc9, 0x30, 0x1, 0xce,
    0x1, 0xc8, 0x11, 0x60, 0x35, 0xa, 0x30, 0xf,
    0x1d, 0x3, 0x13, 0x1, 0x80, 0x28, 0x11, 0x0,
    0x1f, 0x94, 0xc2, 0x98, 0x9, 0x41, 0x3, 0x40,
    0x3f, 0xc8, 0x6, 0x4a, 0x15, 0xe4, 0x11, 0xdd,
    0xfe, 0x70, 0x60, 0xa7, 0x20, 0x8, 0x47, 0xfe,
    0x0, 0x8, 0x2, 0x37, 0xcc, 0x23, 0xff, 0xff,
    0x81, 0x80, 0x1c, 0xa1, 0x60, 0x1f, 0xfc, 0x6a,
    0x3, 0x50, 0xf, 0xfe, 0x29, 0xa8, 0x52, 0x0,
    0x78, 0x69, 0x0, 0x3f, 0x59, 0x85, 0xc9, 0x80,
    0x9, 0xfd, 0x6c, 0x40, 0x3e, 0x1d, 0x50, 0x6c,
    0xff, 0x6c, 0x9, 0x60, 0x80, 0x7e, 0x1a, 0xc6,
    0x20, 0x1, 0x2d, 0x69, 0x80, 0x0,

    /* U+04BD "ҽ" */
    0x0, 0xf9, 0xf3, 0xfd, 0xb0, 0x20, 0x1f, 0x8b,
    0x60, 0xc4, 0x44, 0xfe, 0x60, 0x1, 0x94, 0x0,
    0x61, 0x26, 0xf7, 0x4c, 0x3a, 0x20, 0xec, 0x40,
    0xe2, 0x76, 0x40, 0x1, 0x95, 0x19, 0x1, 0xc,
    0x1b, 0xa, 0x0, 0xf4, 0x83, 0x3, 0xa, 0xf1,
    0x84, 0xff, 0xfb, 0x0, 0x40, 0x7e, 0x5c, 0x41,
    0x5d, 0xff, 0x80, 0x2, 0xd0, 0xa0, 0x51, 0x1f,
    0xc0, 0x1d, 0xc0, 0xe4, 0x1, 0xe1, 0x0, 0xf2,
    0x98, 0x63, 0x0, 0x49, 0xba, 0x0, 0xfb, 0x50,
    0x67, 0xfb, 0xec, 0x9c, 0x3, 0xe1, 0xba, 0x41,
    0x19, 0x2a, 0xc0, 0x0,

    /* U+04BE "Ҿ" */
    0x0, 0xfe, 0x39, 0xdf, 0xf6, 0xc9, 0x80, 0x7f,
    0xc3, 0x58, 0xc4, 0x0, 0x26, 0xca, 0x0, 0xfe,
    0x1c, 0x50, 0x6c, 0xff, 0x63, 0x2, 0xe0, 0x5,
    0xb8, 0x40, 0xb, 0x21, 0xc9, 0x30, 0x1, 0xce,
    0x1, 0xc8, 0x11, 0x60, 0x35, 0xa, 0x30, 0xf,
    0x1d, 0x3, 0x13, 0x1, 0x80, 0x28, 0x11, 0x0,
    0x1f, 0x94, 0xc2, 0x98, 0x9, 0x41, 0x3, 0x40,
    0x3f, 0xc8, 0x6, 0x4a, 0x15, 0xe4, 0x11, 0xdd,
    0xfe, 0x70, 0x60, 0xa7, 0x20, 0x8, 0x47, 0xfe,
    0x0, 0x8, 0x2, 0x37, 0xcc, 0x23, 0xff, 0xff,
    0x81, 0x80, 0x1c, 0xa1, 0x60, 0x1f, 0xfc, 0x6a,
    0x3, 0x50, 0xf, 0xfe, 0x29, 0xa8, 0x52, 0x0,
    0x78, 0x69, 0x0, 0x3f, 0x59, 0x85, 0xc9, 0x80,
    0x9, 0xfd, 0x6c, 0x40, 0x3e, 0x1d, 0x50, 0x6c,
    0xff, 0x6c, 0x9, 0x60, 0x80, 0x7e, 0x1a, 0xc6,
    0x20, 0x9, 0x6b, 0x4c, 0x3, 0xfe, 0x39, 0xd1,
    0xd, 0xa5, 0x0, 0xff, 0xf7, 0x4b, 0x98, 0x7,
    0x80,

    /* U+04BF "ҿ" */
    0x0, 0xf9, 0xf3, 0xfd, 0xb0, 0x20, 0x1f, 0x8b,
    0x60, 0xc4, 0x44, 0xfe, 0x60, 0x1, 0x94, 0x0,
    0x61, 0x26, 0xf7, 0x4c, 0x3a, 0x20, 0xec, 0x40,
    0xe2, 0x76, 0x40, 0x1, 0x95, 0x19, 0x1, 0xc,
    0x1b, 0xa, 0x0, 0xf4, 0x83, 0x3, 0xa, 0xf1,
    0x84, 0xff, 0xfb, 0x0, 0x40, 0x7e, 0x5c, 0x41,
    0x5d, 0xff, 0x80, 0x2, 0xd0, 0xa0, 0x51, 0x1f,
    0xc0, 0x1d, 0xc0, 0xe4, 0x1, 0xe1, 0x0, 0xf2,
    0x98, 0x63, 0x0, 0x49, 0xba, 0x0, 0xfb, 0x50,
    0x67, 0xfb, 0xec, 0x9c, 0x3, 0xe1, 0xba, 0x40,
    0x10, 0x4a, 0xb0, 0xf, 0xe5, 0xb3, 0xc, 0xb5,
    0x0, 0xff, 0xe8, 0xd3, 0x90, 0x7, 0x0,

    /* U+04C0 "Ӏ" */
    0x9f, 0x90, 0xf, 0xff, 0x8,

    /* U+04C1 "Ӂ" */
    0x0, 0xf9, 0x7c, 0xc0, 0x28, 0xf0, 0xf, 0xfe,
    0x1a, 0x7, 0x90, 0x23, 0xa0, 0x7, 0xff, 0xc,
    0x6c, 0x77, 0xed, 0x28, 0x3, 0xff, 0x88, 0x9b,
    0xdb, 0xf6, 0x20, 0x1f, 0xdb, 0xec, 0x1, 0xed,
    0xd3, 0x0, 0x7b, 0x3e, 0x0, 0x12, 0x10, 0x20,
    0x1f, 0xfc, 0x16, 0x31, 0x80, 0x2, 0x28, 0xc0,
    0x7, 0xff, 0x0, 0x60, 0x2c, 0x3, 0x58, 0x31,
    0x80, 0x7f, 0xd0, 0x28, 0xa0, 0x18, 0x60, 0x3c,
    0x3, 0xfc, 0x4c, 0x12, 0x1, 0xe7, 0x23, 0x50,
    0xf, 0xe9, 0x7, 0x20, 0xf, 0xa4, 0x2c, 0x3,
    0xf2, 0xa1, 0x40, 0x7, 0xe4, 0x51, 0xff, 0x8c,
    0x27, 0xfd, 0x41, 0x0, 0x1f, 0xc2, 0x80, 0x1f,
    0xf6, 0x0, 0x7f, 0x40, 0x8b, 0xbf, 0xc6, 0x13,
    0xfe, 0xa0, 0x63, 0x0, 0xf8, 0xd8, 0x2c, 0x40,
    0x3e, 0x54, 0xf, 0x0, 0xfb, 0xc0, 0xd4, 0x3,
    0xfa, 0x40, 0xdc, 0x3, 0x98, 0xc3, 0x80, 0x3f,
    0xc4, 0xe1, 0x2, 0x1, 0xc, 0x83, 0x90, 0x7,
    0xfd, 0x4, 0x16, 0x1, 0x58, 0x14, 0x0, 0x7f,
    0xf0, 0x64, 0x15, 0x1, 0x14, 0x24, 0x3, 0xff,
    0x84, 0x8a, 0x12, 0x0,

    /* U+04C2 "ӂ" */
    0x0, 0xf4, 0x10, 0x4, 0xaa, 0x0, 0xff, 0xe0,
    0x37, 0x10, 0xad, 0x68, 0x7, 0xff, 0x3, 0x47,
    0x7a, 0x96, 0x0, 0x3f, 0xf8, 0x7, 0xbd, 0xbd,
    0x40, 0x1f, 0xfc, 0x31, 0x21, 0x0, 0xfc, 0x5f,
    0xe2, 0x0, 0xd7, 0xec, 0x1, 0x9f, 0xf0, 0xa,
    0x3, 0x80, 0x3f, 0xc5, 0x1, 0xc0, 0x7, 0x23,
    0x50, 0xf, 0xe9, 0x7, 0x20, 0xb, 0x82, 0xc0,
    0x3f, 0x2a, 0x14, 0x0, 0x63, 0x61, 0x90, 0xf,
    0xac, 0x24, 0x3, 0xd2, 0x2d, 0xba, 0x40, 0x8d,
    0xe1, 0x54, 0x0, 0xf1, 0x8, 0x11, 0x0, 0x2,
    0x42, 0xc, 0x1, 0xf7, 0x2, 0xff, 0x90, 0x27,
    0xf8, 0x4d, 0x80, 0x39, 0x8c, 0x2c, 0x3, 0xc3,
    0x1, 0x24, 0x1, 0xc, 0x84, 0x88, 0x7, 0xcc,
    0x81, 0x20, 0x15, 0x1, 0xb0, 0x7, 0xf4, 0x82,
    0x30, 0x32, 0x7, 0x0, 0x7f, 0x8a, 0x42, 0x44,

    /* U+04C3 "Ӄ" */
    0x9f, 0x80, 0xf, 0xaf, 0xe8, 0x3, 0xfc, 0xc8,
    0x54, 0x1, 0xfc, 0x52, 0x1c, 0x1, 0xfe, 0xe0,
    0x73, 0x0, 0xfe, 0x73, 0x34, 0x0, 0x7f, 0x14,
    0x7, 0x0, 0x7f, 0xb8, 0x24, 0x80, 0x3c, 0xff,
    0xf1, 0xa3, 0x0, 0x7f, 0xf0, 0x10, 0xc0, 0x3e,
    0x7f, 0xf9, 0x3, 0xc, 0x3, 0xfd, 0x68, 0x1a,
    0x40, 0x1f, 0xeb, 0x41, 0xf0, 0xf, 0xfa, 0x84,
    0xa8, 0x3, 0xfc, 0x34, 0xa, 0x80, 0x1f, 0xe4,
    0x40, 0x78, 0x7, 0xfd, 0xc0, 0x83, 0x3f, 0x0,
    0x1f, 0x30, 0x0, 0xc0, 0x3e, 0x10, 0x4, 0x80,
    0x8, 0x3, 0xed, 0xff, 0x28, 0x38, 0x7, 0xe4,
    0x20, 0x28, 0x80, 0x0,

    /* U+04C4 "ӄ" */
    0xff, 0x10, 0x6, 0x1e, 0xf4, 0x0, 0xfa, 0x85,
    0xd0, 0x3, 0xce, 0x88, 0x80, 0xf, 0x24, 0xd,
    0x0, 0x78, 0x68, 0x34, 0x40, 0x36, 0xff, 0xb,
    0x18, 0x7, 0x9, 0x10, 0x19, 0x40, 0x3b, 0x37,
    0x52, 0x14, 0x80, 0x1f, 0x34, 0x5, 0x8, 0x7,
    0xce, 0x83, 0x60, 0x1f, 0xa4, 0x14, 0x80, 0x3e,
    0x24, 0x5, 0xff, 0x10, 0x7, 0x10, 0x78, 0x7,
    0xc2, 0x81, 0xc0, 0x18, 0xff, 0x78, 0x85, 0xc0,
    0x39, 0xc, 0x53, 0x4,

    /* U+04C5 "Ӆ" */
    0x0, 0xdd, 0xff, 0xfe, 0x0, 0xff, 0xe6, 0x88,
    0x7f, 0xfb, 0x40, 0x3f, 0xfa, 0x2, 0x1, 0xff,
    0xc3, 0x10, 0xf, 0xfe, 0x39, 0x80, 0x7f, 0xf0,
    0xcc, 0x4, 0x3, 0xff, 0x86, 0x20, 0xe0, 0x1f,
    0xfc, 0x37, 0x1, 0x0, 0xff, 0xe1, 0x90, 0x10,
    0x7, 0xff, 0xf, 0x3, 0x80, 0x3f, 0xf8, 0x68,
    0x8, 0x1, 0xff, 0xc2, 0x81, 0x22, 0x0, 0x7f,
    0xf0, 0x27, 0xdc, 0x2c, 0x3, 0xfd, 0xdc, 0x13,
    0x1, 0x86, 0x0, 0xff, 0x9, 0xd, 0x7f, 0x38,
    0x7, 0xe2, 0xf9, 0xb, 0x0, 0xff, 0xe1, 0xe0,
    0x20, 0x7, 0xff, 0xd, 0x4, 0xc0, 0x3f, 0xf8,
    0x73, 0x40, 0x0,

    /* U+04C6 "ӆ" */
    0x0, 0xbb, 0xff, 0xf0, 0x80, 0x61, 0x1, 0x1e,
    0x0, 0xfc, 0x3d, 0xdb, 0xc0, 0x3f, 0x18, 0x7,
    0xfc, 0x20, 0x20, 0x1f, 0xf1, 0x83, 0x80, 0x7f,
    0xc2, 0x4, 0x1, 0xff, 0x28, 0x8, 0x7, 0xfd,
    0xe1, 0xa0, 0x1f, 0xe1, 0x70, 0x40, 0xf, 0xea,
    0xf1, 0x51, 0x0, 0xfb, 0x65, 0xc5, 0x2c, 0x3,
    0xf1, 0x8e, 0xfd, 0x88, 0x7, 0xf, 0xb0, 0x58,
    0x7, 0xfc, 0x82, 0x60, 0x1f, 0xf2, 0xd8, 0x0,

    /* U+04C7 "Ӈ" */
    0x9f, 0x90, 0xf, 0xd3, 0xf4, 0x1, 0xff, 0xff,
    0x0, 0xff, 0x9b, 0xff, 0xf3, 0x0, 0x7f, 0xf1,
    0x9b, 0xff, 0xf3, 0x0, 0x7f, 0xff, 0xc0, 0x3f,
    0xe9, 0xf9, 0x0, 0xff, 0x18, 0x7, 0xfc, 0xa0,
    0x20, 0x1f, 0x1e, 0x46, 0x18, 0x58, 0x7, 0xc8,
    0x6e, 0x61, 0x26, 0x1, 0xf3, 0xed, 0x5f, 0x30,
    0x0,

    /* U+04C8 "ӈ" */
    0xff, 0x10, 0x7, 0xf, 0xf8, 0x3, 0xff, 0xcf,
    0xbf, 0xfd, 0xc0, 0x1c, 0x24, 0x5e, 0x0, 0xec,
    0xdd, 0xec, 0x0, 0xff, 0xf3, 0xff, 0x88, 0x3,
    0xff, 0x84, 0x20, 0x6, 0x2, 0x0, 0xf6, 0x77,
    0x20, 0x2c, 0x3, 0xc8, 0x2, 0x50, 0xc0,

    /* U+04C9 "Ӊ" */
    0x9f, 0x90, 0xf, 0xd3, 0xf4, 0x1, 0xff, 0xff,
    0x0, 0xff, 0xe6, 0xb7, 0xff, 0xe6, 0x0, 0xff,
    0xe5, 0x37, 0xff, 0xe6, 0x0, 0xff, 0xff, 0x80,
    0x79, 0x7f, 0x0, 0x3f, 0xf8, 0x77, 0x3f, 0x20,
    0x1f, 0xa7, 0xd0, 0x14, 0x3, 0xff, 0x82, 0x82,
    0x40, 0x1f, 0xfc, 0x3, 0x7, 0x0, 0xff, 0xe0,
    0x8c, 0xd8, 0x0,

    /* U+04CA "ӊ" */
    0xff, 0x10, 0x7, 0x1f, 0xf0, 0x7, 0xff, 0xb3,
    0x37, 0x7c, 0x1, 0xe1, 0x22, 0xe1, 0x0, 0xf6,
    0xff, 0xf6, 0x0, 0x7f, 0xf7, 0x7, 0xe8, 0x3,
    0xff, 0x81, 0xff, 0x10, 0x7, 0x1f, 0xa0, 0x20,
    0x7, 0xf9, 0xc, 0x40, 0x3f, 0x86, 0x7c, 0x0,

    /* U+04CB "Ӌ" */
    0xef, 0x40, 0xf, 0x9f, 0xec, 0x3, 0xff, 0xb6,
    0x60, 0x1f, 0xfc, 0x22, 0x0, 0xff, 0x38, 0x50,
    0x7, 0xfa, 0x40, 0xf1, 0x4, 0x5, 0x26, 0x40,
    0x3, 0x80, 0x3b, 0xef, 0xeb, 0x61, 0x0, 0x9f,
    0x14, 0x80, 0x4, 0xb4, 0xe0, 0x18, 0xeb, 0x7f,
    0xdb, 0x4b, 0xe0, 0x1f, 0xfe, 0x42, 0xff, 0x40,
    0x7, 0xff, 0x30, 0x7f, 0xd6, 0x1, 0xff, 0xd5,
    0x37, 0x90, 0x8,

    /* U+04CC "ӌ" */
    0x2f, 0xf0, 0x7, 0xb7, 0xd0, 0x3, 0xff, 0xb0,
    0x40, 0x3, 0x0, 0xfe, 0x30, 0xe4, 0x1, 0x39,
    0x20, 0xb, 0xc0, 0xaf, 0xfb, 0x18, 0x3, 0x1f,
    0x3a, 0x1a, 0xc6, 0x90, 0x6, 0x18, 0xbc, 0xa7,
    0x20, 0xf, 0xfe, 0x56, 0xf9, 0x0, 0x7f, 0xf2,
    0xf7, 0xd0, 0x3, 0xff, 0x8f, 0x34, 0x40, 0x0,

    /* U+04CD "Ӎ" */
    0x9f, 0x70, 0xf, 0xf9, 0x7f, 0x0, 0x3a, 0x4,
    0x3, 0xfd, 0x0, 0x1f, 0xac, 0x3, 0xf9, 0xc8,
    0x3, 0xf2, 0x98, 0x7, 0xc3, 0x20, 0x1f, 0x84,
    0x3c, 0x3, 0xe8, 0x12, 0x0, 0xf9, 0x88, 0xd4,
    0x3, 0x89, 0x86, 0xc0, 0x3f, 0x48, 0x58, 0x7,
    0x48, 0x41, 0x80, 0x7e, 0x44, 0xb, 0x80, 0x48,
    0x82, 0x60, 0xf, 0xf4, 0x84, 0x8, 0x2, 0x42,
    0x40, 0x3f, 0xe2, 0x70, 0xb0, 0x62, 0x44, 0x0,
    0x7f, 0xf0, 0x20, 0x55, 0x20, 0x24, 0x3, 0xff,
    0x85, 0x1, 0x62, 0xe4, 0x1, 0xff, 0xc2, 0x63,
    0x1, 0x80, 0xf, 0xfe, 0x27, 0x84, 0x0, 0x7f,
    0xf1, 0x4f, 0xd8, 0x3, 0xc7, 0xfe, 0x10, 0xf,
    0xfe, 0x31, 0x8c, 0xfc, 0x0, 0x7f, 0xcb, 0xf2,
    0x16, 0x1, 0xff, 0xc5, 0xc0, 0x40, 0xf, 0xfe,
    0x2a, 0x9, 0x80, 0x7f, 0xf1, 0x62, 0x80, 0x0,

    /* U+04CE "ӎ" */
    0xff, 0x40, 0x7, 0xec, 0xf7, 0x0, 0xce, 0x20,
    0x1e, 0x53, 0x0, 0xfa, 0xc0, 0x3d, 0x60, 0x1f,
    0x12, 0x98, 0x6, 0x81, 0x20, 0xf, 0x48, 0x78,
    0x4, 0x4e, 0x56, 0x1, 0xe4, 0x53, 0x50, 0x4,
    0x87, 0x0, 0x7e, 0xb0, 0xb0, 0x44, 0x29, 0x80,
    0x7e, 0x17, 0x18, 0x90, 0xb0, 0xf, 0xf4, 0xb,
    0x94, 0x8, 0x7, 0xfd, 0x60, 0x4e, 0x1, 0xff,
    0xc0, 0x57, 0xe0, 0xe, 0x8f, 0x60, 0xf, 0x41,
    0x80, 0x7c, 0xff, 0xe0, 0xf, 0xe6, 0xf1, 0x21,
    0x0, 0xff, 0xe0, 0x18, 0xa8, 0x7, 0xff, 0x4,
    0x66, 0x80,

    /* U+04CF "ӏ" */
    0x9a, 0x16, 0x52, 0x0, 0xff, 0xf0, 0x80,

    /* U+04D0 "Ӑ" */
    0x0, 0xcb, 0xe6, 0x1, 0x47, 0x80, 0x7f, 0x20,
    0x79, 0x2, 0x3a, 0x0, 0x7f, 0xd, 0x8e, 0xfd,
    0xa5, 0x0, 0x7f, 0x93, 0x7b, 0x7e, 0xc4, 0x3,
    0xff, 0x81, 0xdb, 0x40, 0x1f, 0xfc, 0x16, 0x0,
    0x28, 0x80, 0x7f, 0xf0, 0x2c, 0x8, 0x24, 0x3,
    0xfe, 0x42, 0x27, 0x3, 0x0, 0x7f, 0xde, 0x16,
    0x66, 0x16, 0x0, 0xfe, 0x24, 0x6, 0x9, 0xb,
    0x0, 0xfe, 0xb0, 0x70, 0x2, 0x89, 0x20, 0x7,
    0xc2, 0xc1, 0x40, 0x13, 0x7, 0x80, 0x7c, 0xc0,
    0x84, 0x1, 0x48, 0x21, 0x0, 0x7a, 0x43, 0xc0,
    0x30, 0xa8, 0x58, 0x7, 0x28, 0x84, 0x66, 0x72,
    0x3, 0x0, 0x74, 0x80, 0xc, 0xfc, 0x20, 0x7,
    0x0, 0x8c, 0xc1, 0xff, 0xfa, 0x42, 0x80, 0x29,
    0x6, 0x0, 0xfc, 0xc2, 0x4a, 0x2, 0xa1, 0x60,
    0x1f, 0xcc, 0x12, 0x12, 0x8, 0x40, 0x1f, 0xd2,
    0x6, 0x60,

    /* U+04D1 "ӑ" */
    0x0, 0x39, 0x80, 0x4a, 0xc0, 0x1a, 0xbc, 0x85,
    0x2b, 0xc0, 0x37, 0xe, 0xf5, 0xa4, 0x80, 0x63,
    0xde, 0xde, 0xb0, 0xf, 0x84, 0x84, 0x3, 0x8a,
    0x77, 0xfd, 0xb2, 0x40, 0x5, 0xd6, 0x21, 0x11,
    0x36, 0x98, 0x21, 0x57, 0xf7, 0x34, 0xc3, 0xc0,
    0x75, 0x40, 0x22, 0xe0, 0x31, 0x0, 0xf8, 0x84,
    0xc, 0xe, 0xbb, 0xff, 0x8, 0xa, 0x62, 0xa9,
    0x9d, 0xe0, 0xa, 0x2, 0x6e, 0x62, 0x21, 0x0,
    0x10, 0x28, 0x6, 0x11, 0x0, 0x8, 0x28, 0x2,
    0x1d, 0x0, 0xa0, 0x1b, 0xaf, 0x38, 0x84, 0x0,
    0x9a, 0xa0, 0x84, 0xde, 0x40, 0x0,

    /* U+04D2 "Ӓ" */
    0x0, 0xe8, 0xe2, 0x7, 0xf4, 0x0, 0xff, 0x18,
    0xb0, 0x68, 0x10, 0x7, 0xfa, 0xb1, 0x2, 0xb1,
    0x80, 0x3f, 0xc2, 0x60, 0x11, 0x80, 0x7f, 0xf0,
    0x7f, 0xd4, 0x1, 0xff, 0xc1, 0x60, 0x2, 0x88,
    0x7, 0xff, 0x2, 0xc0, 0x82, 0x40, 0x3f, 0xe4,
    0x22, 0x70, 0x30, 0x7, 0xfd, 0xe1, 0x66, 0x61,
    0x60, 0xf, 0xe2, 0x40, 0x60, 0x90, 0xb0, 0xf,
    0xeb, 0x7, 0x0, 0x28, 0x92, 0x0, 0x7c, 0x2c,
    0x14, 0x1, 0x30, 0x78, 0x7, 0xcc, 0x8, 0x40,
    0x14, 0x82, 0x10, 0x7, 0xa4, 0x3c, 0x3, 0xa,
    0x85, 0x80, 0x72, 0x88, 0x46, 0x67, 0x20, 0x30,
    0x7, 0x48, 0x0, 0xcf, 0xc2, 0x0, 0x70, 0x8,
    0xcc, 0x1f, 0xff, 0xa4, 0x28, 0x2, 0x90, 0x60,
    0xf, 0xcc, 0x24, 0xa0, 0x2a, 0x16, 0x1, 0xfc,
    0xc1, 0x21, 0x20, 0x84, 0x1, 0xfd, 0x20, 0x66,

    /* U+04D3 "ӓ" */
    0x0, 0x47, 0x18, 0x3f, 0xa0, 0x6, 0x31, 0x60,
    0xe0, 0x20, 0xd, 0x58, 0xa1, 0x36, 0xc0, 0x18,
    0x4c, 0x2, 0x40, 0xc, 0x53, 0xbf, 0xed, 0x92,
    0x0, 0x2e, 0xb1, 0x8, 0x89, 0xb4, 0xc1, 0xa,
    0xbf, 0xb9, 0xa6, 0x1e, 0x3, 0xaa, 0x1, 0x17,
    0x1, 0x88, 0x7, 0xc4, 0x20, 0x60, 0x75, 0xdf,
    0xf8, 0x40, 0x53, 0x15, 0x4c, 0xef, 0x0, 0x50,
    0x13, 0x73, 0x11, 0x8, 0x0, 0x81, 0x40, 0x30,
    0x88, 0x0, 0x41, 0x40, 0x10, 0xe8, 0x5, 0x0,
    0xdd, 0x79, 0xc4, 0x20, 0x4, 0xd5, 0x4, 0x26,
    0xf2, 0x0, 0x0,

    /* U+04D4 "Ӕ" */
    0x0, 0xfe, 0xef, 0xff, 0xfa, 0x80, 0x3f, 0x40,
    0x80, 0x7f, 0xf1, 0xc9, 0xc2, 0xc0, 0x1f, 0xff,
    0xa8, 0x3, 0xe8, 0x8, 0x70, 0xf, 0xfe, 0x2a,
    0x28, 0xb8, 0x7, 0xff, 0x1a, 0x42, 0xc0, 0x3f,
    0xf8, 0xcc, 0x46, 0xa0, 0x1f, 0xfc, 0x68, 0xf,
    0x0, 0xee, 0xef, 0xa8, 0x3, 0xa0, 0x54, 0xc0,
    0x38, 0x47, 0xf0, 0x6, 0x27, 0x8, 0x0, 0xf7,
    0xff, 0xd6, 0x1, 0xa4, 0x1, 0xd9, 0x97, 0x0,
    0x7f, 0xf0, 0x51, 0x0, 0x3, 0x3c, 0x40, 0x1f,
    0xfc, 0x19, 0x9, 0xff, 0xec, 0x0, 0xff, 0xe0,
    0x31, 0x11, 0x80, 0x3f, 0xf8, 0xa3, 0x1, 0x20,
    0x1f, 0xdf, 0xff, 0xd2, 0x28, 0x80, 0xf, 0xfe,
    0x30,

    /* U+04D5 "ӕ" */
    0x2, 0x9d, 0xff, 0x6c, 0x88, 0x1, 0xf3, 0xfd,
    0x8c, 0x1, 0x2e, 0xb1, 0x8, 0x89, 0xbc, 0xf2,
    0xc, 0x44, 0x73, 0x82, 0x8, 0x55, 0xfd, 0xcd,
    0x31, 0xc3, 0x4d, 0xee, 0x61, 0x9b, 0x40, 0x75,
    0x40, 0x22, 0xe0, 0x1, 0xd9, 0x0, 0xf, 0x8,
    0xd0, 0x3, 0xe2, 0x10, 0x90, 0xf, 0x58, 0x70,
    0x1d, 0x77, 0xfe, 0x10, 0xaf, 0xff, 0x48, 0x32,
    0x62, 0xa9, 0x9b, 0x0, 0x15, 0x9b, 0xf5, 0x40,
    0x4d, 0xcc, 0xe0, 0x6, 0xcc, 0xfe, 0x62, 0x5,
    0x0, 0xc6, 0x0, 0x91, 0x0, 0xe1, 0x0, 0x28,
    0x40, 0x80, 0x13, 0x40, 0x87, 0x14, 0x2, 0x6f,
    0x80, 0x80, 0x4e, 0xe7, 0xd8, 0xbe, 0x19, 0x57,
    0xf7, 0xc8, 0x80, 0xf, 0x54, 0x84, 0x49, 0x70,
    0x39, 0x28, 0x23, 0x2e, 0x40, 0x0,

    /* U+04D6 "Ӗ" */
    0x0, 0x6d, 0x80, 0x6f, 0x80, 0xc, 0xa8, 0xc2,
    0x2a, 0xb, 0x0, 0xd0, 0xd3, 0xdc, 0x49, 0x30,
    0xe, 0x9f, 0xde, 0xe3, 0x0, 0x53, 0xff, 0xb7,
    0xbf, 0xf2, 0x0, 0x7f, 0xf0, 0x9b, 0xff, 0xf2,
    0x0, 0x7f, 0xf9, 0x9b, 0xbb, 0xe4, 0x0, 0xc2,
    0x3f, 0x80, 0x26, 0xff, 0xf9, 0x40, 0x3f, 0xfc,
    0xed, 0xff, 0xfa, 0x0, 0x3f, 0xe1,

    /* U+04D7 "ӗ" */
    0x0, 0x91, 0x80, 0x22, 0x81, 0x0, 0xe2, 0x96,
    0x12, 0x97, 0x0, 0xf3, 0x32, 0x7b, 0x56, 0xc4,
    0x3, 0xd3, 0xfb, 0xae, 0x40, 0xf, 0xe2, 0x20,
    0x7, 0xe1, 0x8d, 0xfe, 0xc6, 0x0, 0xe3, 0xf7,
    0x22, 0x1, 0xcd, 0x80, 0x43, 0xa2, 0xff, 0xbd,
    0x86, 0x94, 0x0, 0x91, 0x68, 0x0, 0x8f, 0x45,
    0x48, 0x14, 0x30, 0x8b, 0x8d, 0x1, 0x0, 0x82,
    0xb7, 0x7c, 0xa1, 0xc0, 0x14, 0x55, 0x7f, 0x1,
    0x0, 0xaa, 0xfe, 0x20, 0xa0, 0x81, 0x0, 0xe2,
    0x0, 0x98, 0x87, 0x10, 0x0, 0x2f, 0xac, 0x0,
    0x1f, 0x22, 0x5f, 0xf7, 0x20, 0x3, 0x8b, 0x64,
    0xc4, 0x44, 0xda, 0xc0,

    /* U+04D8 "Ә" */
    0x0, 0xe6, 0xae, 0xfe, 0xc8, 0x20, 0xf, 0x97,
    0xa5, 0x44, 0x4, 0xdf, 0x64, 0x3, 0x92, 0x84,
    0xa7, 0x7f, 0xad, 0x41, 0xb0, 0x3, 0x24, 0x43,
    0x58, 0x80, 0x52, 0xac, 0xe, 0x80, 0x33, 0xb8,
    0x3, 0xe4, 0xa0, 0x53, 0x0, 0xff, 0xe0, 0xa9,
    0x85, 0x0, 0x7f, 0xf0, 0xa8, 0x10, 0x7f, 0xff,
    0xf8, 0x32, 0x6, 0x20, 0x5, 0x5f, 0xf9, 0x0,
    0x3b, 0xaa, 0xbf, 0xd8, 0x6, 0x8, 0x1a, 0x1,
    0xfe, 0xb0, 0x40, 0xe0, 0x62, 0x0, 0xfc, 0xa6,
    0x14, 0xa, 0x61, 0xe2, 0x1, 0xe4, 0xa0, 0x53,
    0x0, 0x70, 0x97, 0x39, 0x0, 0xe, 0x6c, 0xe,
    0x80, 0x22, 0xf3, 0x8, 0xdf, 0xf6, 0x30, 0x2e,
    0x0, 0x70, 0xe5, 0xa8, 0x80, 0x9, 0xb6, 0x80,
    0x20,

    /* U+04D9 "ә" */
    0x0, 0x9b, 0x3b, 0xf6, 0x8c, 0x3, 0xe, 0x49,
    0x80, 0x92, 0xe4, 0x0, 0x42, 0xed, 0xbd, 0xcf,
    0x91, 0x77, 0x0, 0x57, 0x24, 0x1, 0x36, 0x84,
    0x0, 0x8, 0xbf, 0x9, 0x82, 0x86, 0xef, 0xf1,
    0x81, 0x0, 0x55, 0x5f, 0x18, 0x4, 0x60, 0xca,
    0xbe, 0x20, 0x20, 0xb0, 0x80, 0xe, 0x61, 0x5,
    0x7, 0x24, 0x91, 0x0, 0x2c, 0x84, 0x0, 0x5e,
    0x2d, 0xdb, 0xf4, 0xc, 0xe0, 0x11, 0x7b, 0x91,
    0x5, 0x2e, 0x40, 0x0,

    /* U+04DA "Ӛ" */
    0x0, 0xf6, 0x68, 0x2, 0xf8, 0x40, 0x3f, 0xc6,
    0x42, 0xa, 0x26, 0x1, 0xfe, 0xdd, 0x8, 0x7e,
    0x90, 0x7, 0xf8, 0x88, 0x0, 0x12, 0x0, 0xff,
    0x35, 0x77, 0xf6, 0x41, 0x0, 0x7c, 0xbd, 0x2a,
    0x20, 0x26, 0xfb, 0x20, 0x1c, 0x94, 0x25, 0x3b,
    0xfd, 0x6a, 0xd, 0x80, 0x19, 0x22, 0x1a, 0xc4,
    0x2, 0x95, 0x60, 0x74, 0x1, 0x9d, 0xc0, 0x1f,
    0x25, 0x2, 0x98, 0x7, 0xff, 0x5, 0x4c, 0x28,
    0x3, 0xff, 0x85, 0x40, 0x83, 0xff, 0xff, 0xc1,
    0x90, 0x31, 0x0, 0x2a, 0xff, 0xc8, 0x1, 0xdd,
    0x55, 0xfe, 0xc0, 0x30, 0x40, 0xd0, 0xf, 0xf5,
    0x82, 0x7, 0x3, 0x10, 0x7, 0xe5, 0x30, 0xa0,
    0x53, 0xf, 0x10, 0xf, 0x25, 0x2, 0x98, 0x3,
    0x84, 0xb9, 0xc8, 0x0, 0x73, 0x60, 0x74, 0x1,
    0x17, 0x98, 0x46, 0xff, 0xb1, 0x81, 0x70, 0x3,
    0x87, 0x2d, 0x44, 0x0, 0x4d, 0xb4, 0x1, 0x0,

    /* U+04DB "ӛ" */
    0x0, 0x8f, 0xa0, 0xb, 0xa4, 0x3, 0xcc, 0x26,
    0x2, 0x25, 0x0, 0xf2, 0xe5, 0x1, 0xe6, 0x80,
    0x7c, 0x62, 0x0, 0x31, 0x0, 0xf3, 0x67, 0x7e,
    0xd1, 0x80, 0x61, 0xc9, 0x30, 0x12, 0x5c, 0x80,
    0x8, 0x5d, 0xb7, 0xb9, 0xf2, 0x2e, 0xe0, 0xa,
    0xe4, 0x80, 0x26, 0xd0, 0x80, 0x1, 0x17, 0xe1,
    0x30, 0x50, 0xdd, 0xfe, 0x30, 0x20, 0xa, 0xab,
    0xe3, 0x0, 0x8c, 0x19, 0x57, 0xc4, 0x4, 0x16,
    0x10, 0x1, 0xcc, 0x20, 0xa0, 0xe4, 0x92, 0x20,
    0x5, 0x90, 0x80, 0xb, 0xc5, 0xbb, 0x7e, 0x81,
    0x9c, 0x2, 0x2f, 0x72, 0x20, 0xa5, 0xc8, 0x0,

    /* U+04DC "Ӝ" */
    0x0, 0xfd, 0x1c, 0x60, 0xfe, 0x80, 0x1f, 0xfc,
    0x43, 0x16, 0xe, 0x2, 0x0, 0xff, 0xe2, 0x56,
    0x28, 0x4e, 0x30, 0x7, 0xff, 0x10, 0x4c, 0x2,
    0x30, 0xf, 0xf6, 0xfb, 0x0, 0x7b, 0x3d, 0x80,
    0x3d, 0x9f, 0x0, 0x9, 0x8, 0x10, 0xf, 0xfe,
    0xb, 0x18, 0xc0, 0x1, 0x14, 0x60, 0x3, 0xff,
    0x80, 0x30, 0x16, 0x1, 0xac, 0x18, 0xc0, 0x3f,
    0xe8, 0x14, 0x50, 0xc, 0x30, 0x1e, 0x1, 0xfe,
    0x26, 0x9, 0x0, 0xf3, 0x91, 0xa8, 0x7, 0xf4,
    0x83, 0x90, 0x7, 0xd2, 0x16, 0x1, 0xf9, 0x50,
    0xa0, 0x3, 0xf2, 0x28, 0xff, 0xc6, 0x13, 0xfe,
    0xa0, 0x80, 0xf, 0xe1, 0x40, 0xf, 0xfb, 0x0,
    0x3f, 0xa0, 0x45, 0xdf, 0xe3, 0x9, 0xff, 0x50,
    0x31, 0x80, 0x7c, 0x6c, 0x16, 0x20, 0x1f, 0x2a,
    0x7, 0x80, 0x7d, 0xe0, 0x6a, 0x1, 0xfd, 0x20,
    0x6e, 0x1, 0xcc, 0x61, 0xc0, 0x1f, 0xe2, 0x70,
    0x81, 0x0, 0x86, 0x41, 0xc8, 0x3, 0xfe, 0x82,
    0xb, 0x0, 0xac, 0xa, 0x0, 0x3f, 0xf8, 0x32,
    0xa, 0x80, 0x8a, 0x12, 0x1, 0xff, 0xc2, 0x45,
    0x9, 0x0,

    /* U+04DD "ӝ" */
    0x0, 0xf4, 0x71, 0x3, 0xfa, 0x0, 0x7f, 0xf0,
    0xc, 0x58, 0x34, 0x8, 0x3, 0xff, 0x81, 0x58,
    0x81, 0x56, 0xc0, 0x1f, 0xfc, 0x1, 0x30, 0x9,
    0x0, 0x3e, 0x2f, 0xf1, 0x0, 0x6b, 0xf6, 0x0,
    0xcf, 0xf8, 0x5, 0x1, 0xc0, 0x1f, 0xe2, 0x80,
    0xe0, 0x3, 0x91, 0xa8, 0x7, 0xf4, 0x83, 0x90,
    0x5, 0xc1, 0x60, 0x1f, 0x95, 0xa, 0x0, 0x31,
    0xb0, 0xc8, 0x7, 0xd6, 0x12, 0x1, 0xe9, 0x16,
    0xdd, 0x20, 0x46, 0xf0, 0xaa, 0x0, 0x78, 0x84,
    0x8, 0x80, 0x1, 0x21, 0x6, 0x0, 0xfb, 0x81,
    0x7f, 0xc8, 0x13, 0xfc, 0x26, 0xc0, 0x1c, 0xc6,
    0x16, 0x1, 0xe1, 0x80, 0x92, 0x0, 0x86, 0x42,
    0x44, 0x3, 0xe6, 0x40, 0x90, 0xa, 0x80, 0xd8,
    0x3, 0xfa, 0x41, 0x18, 0x19, 0x3, 0x80, 0x3f,
    0xc5, 0x21, 0x22,

    /* U+04DE "Ӟ" */
    0x0, 0x17, 0x48, 0xf, 0x50, 0x7, 0x98, 0x54,
    0xc, 0x5c, 0x3, 0xc9, 0x9a, 0x5, 0x98, 0x0,
    0xf8, 0xc4, 0x0, 0x62, 0x1, 0xe6, 0xad, 0xff,
    0x75, 0x20, 0x4, 0x3d, 0x2a, 0x40, 0x1, 0x5b,
    0xb0, 0x0, 0x4d, 0x2b, 0xbf, 0xdd, 0x0, 0x90,
    0x0, 0xdb, 0x51, 0x0, 0xb, 0xc0, 0x30, 0x7,
    0xf9, 0x0, 0x40, 0x3f, 0xca, 0x4, 0x1, 0xf8,
    0x56, 0x2, 0x0, 0x36, 0xff, 0xdd, 0x43, 0xa,
    0x1, 0x98, 0x8a, 0x10, 0x5, 0x18, 0x6, 0xbd,
    0xdb, 0xb8, 0xe5, 0x82, 0x1, 0xf8, 0x61, 0x2,
    0x40, 0x3f, 0xc6, 0x4, 0x41, 0x0, 0xfc, 0xa0,
    0x51, 0xf0, 0x60, 0x18, 0xec, 0x82, 0x48, 0x5f,
    0x3f, 0xf6, 0x20, 0xd8, 0xc7, 0x42, 0x8, 0x0,
    0x52, 0x3d, 0x0,

    /* U+04DF "ӟ" */
    0x0, 0x17, 0x48, 0xf, 0x50, 0x6, 0x61, 0x50,
    0x21, 0x70, 0xc, 0x99, 0xa0, 0x79, 0x80, 0xe,
    0x31, 0x0, 0x18, 0x80, 0x45, 0x19, 0xfe, 0xeb,
    0x50, 0xb, 0x9c, 0xc0, 0x85, 0x2a, 0xc0, 0x13,
    0x2e, 0xfd, 0xfa, 0x4, 0x50, 0x56, 0x10, 0x9,
    0x4c, 0xc, 0x3, 0xc2, 0xc6, 0x2e, 0x1, 0x57,
    0xfb, 0xa4, 0xb0, 0x40, 0x2f, 0x77, 0x31, 0x13,
    0x84, 0x2, 0x58, 0x84, 0xea, 0x9c, 0x0, 0x7e,
    0xd0, 0x50, 0xc6, 0x10, 0x9, 0x24, 0x10, 0xcd,
    0x3d, 0xcd, 0xfb, 0x13, 0x83, 0xd7, 0x30, 0x21,
    0x49, 0xc0,

    /* U+04E0 "Ӡ" */
    0xb, 0xff, 0xfe, 0xe0, 0x0, 0x80, 0x7f, 0x18,
    0x2, 0xbf, 0xfd, 0x60, 0xe, 0x0, 0xfc, 0x56,
    0x14, 0x60, 0x1f, 0xf, 0x83, 0xa8, 0x7, 0xea,
    0x24, 0x80, 0xf, 0xd0, 0x85, 0x40, 0x1f, 0xce,
    0x5, 0xf6, 0xa0, 0x1f, 0x32, 0xa0, 0x25, 0x48,
    0x7, 0xa6, 0xaf, 0xa0, 0x18, 0xc0, 0x3f, 0x9d,
    0x2, 0xc0, 0x3f, 0xc4, 0x2, 0x8, 0x1, 0xf9,
    0x3, 0xc6, 0xf9, 0xc8, 0x2, 0x4c, 0x21, 0x70,
    0x41, 0x8d, 0xff, 0xac, 0xc6, 0x84, 0x57, 0x8c,
    0x62, 0x2, 0x6f, 0xe8, 0x0,

    /* U+04E1 "ӡ" */
    0xe, 0xff, 0xfe, 0x30, 0x21, 0x1f, 0x0, 0x42,
    0x19, 0xdd, 0xe2, 0x8, 0x20, 0xf, 0xac, 0x95,
    0xc0, 0x3e, 0x84, 0x2a, 0x0, 0xf9, 0x5c, 0x7c,
    0x3, 0xe3, 0xa0, 0x92, 0x0, 0xf9, 0x0, 0x11,
    0xf4, 0x20, 0x1c, 0x93, 0xc, 0x2b, 0xe2, 0x1,
    0x8d, 0x9e, 0x7c, 0x86, 0x40, 0x3f, 0xd, 0x82,
    0x0, 0x7f, 0x18, 0x8, 0x30, 0x7, 0xde, 0xe,
    0x73, 0xaa, 0x20, 0x1, 0x95, 0xe, 0x24, 0x2a,
    0xee, 0x7f, 0x30, 0x42, 0xd, 0xd9, 0x88, 0x40,
    0x97, 0x1c, 0x0,

    /* U+04E2 "Ӣ" */
    0x0, 0xc2, 0x3e, 0x0, 0xfa, 0x7b, 0xbd, 0x20,
    0x1e, 0xbb, 0xfc, 0x1, 0xe2, 0x44, 0xf1, 0x0,
    0x53, 0xf2, 0x1, 0xfa, 0xbe, 0xc0, 0x3f, 0xcc,
    0xa0, 0x1f, 0xf1, 0x48, 0x7, 0xff, 0x3, 0xc0,
    0x3f, 0xf8, 0x14, 0x42, 0xe0, 0x1f, 0xca, 0xa0,
    0xdf, 0x0, 0xfc, 0x54, 0x10, 0x60, 0x1f, 0xde,
    0x8, 0xe0, 0x1f, 0xd2, 0x43, 0x40, 0x1f, 0xca,
    0xc1, 0x42, 0x1, 0xf8, 0xac, 0x21, 0x0, 0x3f,
    0xb8, 0x51, 0xc0, 0x3f, 0x98, 0xc6, 0x80, 0x3f,
    0xf8, 0x14, 0x20, 0x1f, 0xf3, 0xa0, 0x7, 0xfc,
    0x70, 0x1, 0xfe,

    /* U+04E3 "ӣ" */
    0x1, 0xff, 0xf8, 0x40, 0x21, 0xaa, 0xf8, 0x40,
    0x32, 0xaf, 0xc0, 0x1f, 0xfc, 0x3f, 0xf1, 0x0,
    0x71, 0x7f, 0x8c, 0x3, 0xe1, 0xf0, 0xf, 0xf5,
    0x10, 0x7, 0xf4, 0x21, 0x8, 0x7, 0xca, 0xe1,
    0xe0, 0x1f, 0x1d, 0x5, 0x90, 0x7, 0x87, 0x42,
    0x10, 0x3, 0xc3, 0xa2, 0xae, 0x1, 0xf7, 0x99,
    0xa8, 0x3, 0xf1, 0x8e, 0x80, 0x7f, 0xb4, 0x40,
    0x3f, 0xa4, 0xc0, 0x3f, 0x0,

    /* U+04E4 "Ӥ" */
    0x0, 0xdb, 0x80, 0xc, 0xd0, 0xf, 0x84, 0x8c,
    0x0, 0x64, 0x20, 0x1e, 0x1d, 0xd0, 0x3, 0x74,
    0x20, 0x1f, 0x11, 0x0, 0x4, 0x40, 0xd, 0x3f,
    0x20, 0x1f, 0xab, 0xec, 0x3, 0xfc, 0xca, 0x1,
    0xff, 0x14, 0x80, 0x7f, 0xf0, 0x3c, 0x3, 0xff,
    0x81, 0x44, 0x2e, 0x1, 0xfc, 0xaa, 0xd, 0xf0,
    0xf, 0xc5, 0x41, 0x6, 0x1, 0xfd, 0xe0, 0x8e,
    0x1, 0xfd, 0x24, 0x34, 0x1, 0xfc, 0xac, 0x14,
    0x20, 0x1f, 0x8a, 0xc2, 0x10, 0x3, 0xfb, 0x85,
    0x1c, 0x3, 0xf9, 0x8c, 0x68, 0x3, 0xff, 0x81,
    0x42, 0x1, 0xff, 0x3a, 0x0, 0x7f, 0xc7, 0x0,
    0x1f, 0xe0,

    /* U+04E5 "ӥ" */
    0x0, 0x37, 0xa8, 0x2f, 0xb0, 0x7, 0x78, 0x10,
    0x10, 0x78, 0x7, 0x4d, 0xb8, 0x3d, 0xc8, 0x7,
    0x90, 0x2, 0x40, 0xd, 0xfe, 0x20, 0xe, 0x2f,
    0xf1, 0x80, 0x7c, 0x3e, 0x1, 0xfe, 0xa2, 0x0,
    0xfe, 0x84, 0x21, 0x0, 0xf9, 0x5c, 0x3c, 0x3,
    0xe3, 0xa0, 0xb2, 0x0, 0xf0, 0xe8, 0x42, 0x0,
    0x78, 0x74, 0x55, 0xc0, 0x3e, 0xf3, 0x35, 0x0,
    0x7e, 0x31, 0xd0, 0xf, 0xf6, 0x88, 0x7, 0xf4,
    0x98, 0x7, 0xe0,

    /* U+04E6 "Ӧ" */
    0x0, 0xe8, 0xe2, 0x7, 0xf4, 0x0, 0xff, 0x18,
    0xb0, 0x68, 0x10, 0x7, 0xfa, 0xb1, 0x2, 0xb1,
    0x80, 0x3f, 0xc2, 0x60, 0x11, 0x80, 0x7f, 0x8a,
    0x33, 0xbf, 0xad, 0x80, 0x3f, 0x46, 0xb9, 0x88,
    0xa, 0x4f, 0x20, 0x7, 0x5b, 0x82, 0xdf, 0x7e,
    0xc9, 0xd, 0xa8, 0x5, 0x8, 0x15, 0x44, 0x10,
    0x26, 0xd5, 0xa, 0x20, 0x17, 0x8, 0x50, 0xf,
    0xa8, 0xc2, 0x41, 0x80, 0x9c, 0x3, 0xfa, 0x1,
    0x7, 0x1, 0x40, 0x3f, 0xc8, 0x20, 0x8c, 0x1c,
    0x1, 0xff, 0x10, 0x10, 0x7, 0xff, 0x10, 0x58,
    0x38, 0x3, 0xfe, 0x20, 0x3c, 0x5, 0x0, 0xff,
    0x18, 0x82, 0x28, 0x13, 0x0, 0x7f, 0x78, 0x20,
    0x93, 0x84, 0xa8, 0x7, 0xd4, 0x61, 0x20, 0x8,
    0x40, 0xaa, 0x20, 0x81, 0x36, 0xa8, 0x51, 0x0,
    0x56, 0xe0, 0xb7, 0xdf, 0xb2, 0x43, 0x6a, 0x1,
    0xd1, 0xae, 0x62, 0x2, 0x93, 0xc8, 0x1, 0x0,

    /* U+04E7 "ӧ" */
    0x0, 0xdb, 0x80, 0xc, 0xd0, 0xf, 0x84, 0x8c,
    0x0, 0x64, 0x20, 0x1e, 0x1d, 0xd0, 0x3, 0x74,
    0x20, 0x1f, 0x11, 0x0, 0x4, 0x40, 0xf, 0xcf,
    0x9d, 0xfa, 0xe2, 0x1, 0xc5, 0xb0, 0x62, 0x22,
    0x8f, 0x30, 0x8, 0x70, 0x8f, 0x3f, 0xb5, 0x7,
    0x44, 0x1, 0x22, 0x58, 0x60, 0x2, 0xb3, 0x19,
    0x0, 0x28, 0x40, 0x7, 0xa0, 0x18, 0x0, 0x40,
    0xe0, 0x1e, 0x50, 0x10, 0xf, 0xfe, 0x21, 0x2,
    0x0, 0x79, 0x0, 0x40, 0x14, 0x16, 0x1, 0xe9,
    0x6, 0x0, 0x31, 0x13, 0xc, 0x0, 0x58, 0x63,
    0x20, 0x1, 0xf2, 0x3c, 0xff, 0x69, 0x8e, 0x88,
    0x4, 0x5b, 0x6, 0x0, 0x28, 0xf3, 0x0, 0x0,

    /* U+04E8 "Ө" */
    0x0, 0xc5, 0x19, 0xdf, 0xd6, 0xc0, 0x1f, 0xa3,
    0x5c, 0xc4, 0x5, 0x27, 0x90, 0x3, 0xad, 0xc1,
    0x2f, 0xbf, 0x64, 0x86, 0xd4, 0x2, 0x84, 0xa,
    0xb4, 0x10, 0x26, 0xd5, 0xa, 0x20, 0x17, 0x9,
    0x50, 0xf, 0xa8, 0xc2, 0x41, 0x80, 0x98, 0x3,
    0xfb, 0xc1, 0x7, 0x1, 0x0, 0x3f, 0xc6, 0x20,
    0x8c, 0xd, 0xff, 0xff, 0x8, 0x10, 0x0, 0x8c,
    0xff, 0xe0, 0x0, 0xb0, 0x2e, 0x67, 0xfc, 0x20,
    0x78, 0xa, 0x1, 0xfe, 0x31, 0x4, 0x50, 0x26,
    0x0, 0xfe, 0xf0, 0x41, 0x27, 0x9, 0x40, 0xf,
    0xa4, 0xc2, 0x40, 0x10, 0x81, 0x74, 0x82, 0x2,
    0xda, 0xc1, 0x44, 0x1, 0x5b, 0x82, 0xdf, 0x7f,
    0x49, 0xd, 0xa8, 0x7, 0x46, 0xb9, 0x88, 0xa,
    0x4f, 0x20, 0x4,

    /* U+04E9 "ө" */
    0x0, 0xcf, 0x9d, 0xfa, 0xe2, 0x1, 0xc5, 0xb0,
    0x62, 0x5, 0x1e, 0x60, 0x10, 0xf9, 0x1e, 0x7f,
    0xb5, 0x7, 0x44, 0x1, 0x24, 0x4c, 0x30, 0x1,
    0x59, 0x8c, 0x80, 0x14, 0x20, 0x3, 0xd0, 0xc,
    0x0, 0x20, 0xaf, 0xff, 0x58, 0x8, 0x6, 0x57,
    0x7f, 0x30, 0x6, 0x20, 0xc8, 0x8f, 0x60, 0x8,
    0x2, 0x82, 0xc0, 0x3d, 0x0, 0xc0, 0x6, 0x22,
    0x61, 0x80, 0xf, 0x8, 0x64, 0x0, 0x3e, 0x47,
    0x9f, 0xec, 0x31, 0xd1, 0x0, 0x8b, 0x60, 0xc0,
    0x5, 0x1e, 0x60, 0x0,

    /* U+04EA "Ӫ" */
    0x0, 0xe8, 0xe2, 0x7, 0xf4, 0x0, 0xff, 0x18,
    0xb0, 0x68, 0x10, 0x7, 0xfa, 0xb1, 0x2, 0xb1,
    0x80, 0x3f, 0xc2, 0x60, 0x11, 0x80, 0x7f, 0x8a,
    0x33, 0xbf, 0xad, 0x80, 0x3f, 0x46, 0xb9, 0x88,
    0xa, 0x4f, 0x20, 0x7, 0x5b, 0x82, 0x5f, 0x7e,
    0xc9, 0xd, 0xa8, 0x5, 0x8, 0x15, 0x68, 0x20,
    0x4d, 0xaa, 0x14, 0x40, 0x2e, 0x12, 0xa0, 0x1f,
    0x51, 0x84, 0x83, 0x1, 0x30, 0x7, 0xf7, 0x82,
    0xe, 0x2, 0x0, 0x7f, 0x8c, 0x41, 0x18, 0x1b,
    0xff, 0xfe, 0x10, 0x20, 0x1, 0x19, 0xff, 0xc0,
    0x1, 0x60, 0x5c, 0xcf, 0xf8, 0x40, 0xf0, 0x14,
    0x3, 0xfc, 0x62, 0x8, 0xa0, 0x4c, 0x1, 0xfd,
    0xe0, 0x82, 0x4e, 0x12, 0x80, 0x1f, 0x49, 0x84,
    0x80, 0x21, 0x2, 0xe9, 0x4, 0x5, 0xb5, 0x82,
    0x88, 0x2, 0xb7, 0x5, 0xbe, 0xfe, 0x92, 0x1b,
    0x50, 0xe, 0x8d, 0x73, 0x10, 0x14, 0x9e, 0x40,
    0x8,

    /* U+04EB "ӫ" */
    0x0, 0xdb, 0x80, 0xc, 0xd0, 0xf, 0x84, 0x8c,
    0x0, 0x64, 0x20, 0x1e, 0x1d, 0xd0, 0x3, 0x74,
    0x20, 0x1f, 0x11, 0x0, 0x4, 0x40, 0xf, 0xcf,
    0x9d, 0xfa, 0xe2, 0x1, 0xc5, 0xb0, 0x62, 0x5,
    0x1e, 0x60, 0x10, 0xf9, 0x1e, 0x7f, 0xb5, 0x7,
    0x44, 0x1, 0x24, 0x4c, 0x30, 0x1, 0x59, 0x8c,
    0x80, 0x14, 0x20, 0x3, 0xd0, 0xc, 0x0, 0x20,
    0xaf, 0xff, 0x58, 0x8, 0x6, 0x57, 0x7f, 0x30,
    0x6, 0x20, 0xc8, 0x8f, 0x60, 0x8, 0x2, 0x82,
    0xc0, 0x3d, 0x0, 0xc0, 0x6, 0x22, 0x61, 0x80,
    0xf, 0x8, 0x64, 0x0, 0x3e, 0x47, 0x9f, 0xec,
    0x31, 0xd1, 0x0, 0x8b, 0x60, 0xc0, 0x5, 0x1e,
    0x60, 0x0,

    /* U+04EC "Ӭ" */
    0x0, 0xd9, 0x80, 0x5, 0xe8, 0x7, 0xf1, 0x98,
    0x0, 0xa4, 0x20, 0x1f, 0xb7, 0x40, 0xf, 0xd1,
    0x0, 0xfc, 0x44, 0x0, 0x9, 0x0, 0x7e, 0x6b,
    0xef, 0xec, 0x70, 0xf, 0x27, 0x4a, 0x8, 0x9,
    0xc7, 0x20, 0x4, 0x36, 0x27, 0x5b, 0xfb, 0x24,
    0x36, 0xa0, 0x1, 0xa8, 0xc5, 0x20, 0x26, 0xd4,
    0xa, 0x20, 0x2, 0xb8, 0x7, 0xd6, 0x41, 0x0,
    0x1f, 0xfc, 0x8, 0x5, 0x0, 0xff, 0xe0, 0x28,
    0x0, 0xc0, 0x32, 0xff, 0xfc, 0x0, 0x60, 0xc,
    0x24, 0x5f, 0x0, 0x7c, 0x9b, 0xbf, 0x0, 0x18,
    0x3, 0xfe, 0x40, 0x1, 0x80, 0x7f, 0xd0, 0xa,
    0x0, 0x56, 0x0, 0xfa, 0x8c, 0x20, 0x6, 0xa6,
    0xd4, 0x40, 0x5b, 0x54, 0x28, 0x80, 0x68, 0x52,
    0xbb, 0xfa, 0x48, 0x6d, 0x40, 0x25, 0xe8, 0x41,
    0x1, 0x38, 0xe4, 0x0, 0x80,

    /* U+04ED "ӭ" */
    0x0, 0x17, 0x48, 0xf, 0x50, 0x7, 0x30, 0xa8,
    0x10, 0xb8, 0x7, 0x26, 0x68, 0x1e, 0x60, 0x3,
    0xc6, 0x20, 0x3, 0x10, 0xe, 0x6c, 0xef, 0xda,
    0x30, 0x8, 0x76, 0x4c, 0xf2, 0xe4, 0x80, 0x42,
    0xfd, 0xb9, 0xd6, 0x4d, 0x0, 0x39, 0x2, 0x1,
    0x27, 0x8b, 0x90, 0x7, 0xe2, 0x60, 0x50, 0x8,
    0xbf, 0xf9, 0xc3, 0x40, 0x23, 0x66, 0xe4, 0x0,
    0xe1, 0x99, 0xe2, 0xd, 0x0, 0xfc, 0x4c, 0xa,
    0x3b, 0x22, 0x1, 0x26, 0x3, 0x91, 0x83, 0x76,
    0xe7, 0x58, 0xb4, 0x1, 0x6c, 0x99, 0xc0, 0xb7,
    0x20, 0x0,

    /* U+04EE "Ӯ" */
    0x0, 0xc2, 0x3f, 0x0, 0x7c, 0x3d, 0xdf, 0x8,
    0x7, 0x86, 0xef, 0xe1, 0x0, 0xf9, 0x13, 0xe0,
    0xc, 0xdf, 0xc0, 0x1f, 0xcd, 0xf6, 0xc4, 0x2e,
    0x1, 0xfa, 0x2, 0x2, 0x2, 0x40, 0x3e, 0x71,
    0x53, 0x5, 0x21, 0x70, 0xf, 0x48, 0x40, 0x5,
    0x21, 0x20, 0x1c, 0xe2, 0xc4, 0x1, 0x21, 0x8b,
    0x80, 0x43, 0x1, 0x0, 0x1d, 0x1, 0x20, 0x14,
    0x83, 0x88, 0x7, 0x22, 0x5, 0xc0, 0x5c, 0x24,
    0x3, 0xe8, 0x9, 0x9, 0x8, 0x10, 0xf, 0x8d,
    0x6, 0x5c, 0x5c, 0x3, 0xfa, 0x41, 0x82, 0x40,
    0x3f, 0xc4, 0xa0, 0x2e, 0x1, 0xff, 0x30, 0x40,
    0x7, 0xe2, 0x1, 0xa3, 0x33, 0x0, 0x7e, 0xcf,
    0xe5, 0x1e, 0x0, 0xfc, 0x24, 0x2, 0xbe, 0x40,
    0x1f, 0x87, 0x3f, 0xa8, 0x40, 0x3f, 0x0,

    /* U+04EF "ӯ" */
    0x0, 0xa7, 0xff, 0xd2, 0x1, 0xea, 0xaf, 0xc0,
    0x1e, 0x35, 0x5f, 0x18, 0x7, 0xff, 0x1a, 0xfd,
    0xc0, 0x3e, 0xdf, 0x30, 0x80, 0x90, 0xf, 0x21,
    0x19, 0x80, 0xcc, 0x2c, 0x1, 0xde, 0x12, 0x1,
    0x48, 0x58, 0x6, 0x24, 0x15, 0x0, 0x94, 0x49,
    0x0, 0x2b, 0x9, 0x0, 0xe9, 0xf, 0x0, 0xb,
    0x3, 0x0, 0x73, 0x2, 0x10, 0x30, 0x30, 0x80,
    0x70, 0xb0, 0x58, 0x48, 0x58, 0x7, 0xd6, 0xc,
    0xc1, 0x42, 0x0, 0xf8, 0x90, 0x24, 0x20, 0x3,
    0xfa, 0x0, 0x6, 0x60, 0xf, 0xe3, 0x10, 0x90,
    0xf, 0xf1, 0x88, 0x94, 0x3, 0xcc, 0x40, 0x3e,
    0x12, 0x1, 0xe2, 0x9d, 0xee, 0x19, 0x9c, 0x3,
    0xc5, 0x24, 0x22, 0x7c, 0x0, 0xf8,

    /* U+04F0 "Ӱ" */
    0x0, 0xcd, 0xe8, 0xb, 0xea, 0x1, 0xfb, 0xc0,
    0xc0, 0x83, 0x40, 0x3f, 0x4e, 0x38, 0x3e, 0x40,
    0x7, 0xf1, 0x80, 0x46, 0x1, 0xcd, 0xfc, 0x1,
    0xfc, 0xdf, 0x6c, 0x42, 0xe0, 0x1f, 0xa0, 0x20,
    0x20, 0x24, 0x3, 0xe7, 0x15, 0x30, 0x52, 0x17,
    0x0, 0xf4, 0x84, 0x0, 0x52, 0x12, 0x1, 0xce,
    0x2c, 0x40, 0x12, 0x18, 0xb8, 0x4, 0x30, 0x10,
    0x1, 0xd0, 0x12, 0x1, 0x48, 0x38, 0x80, 0x72,
    0x20, 0x5c, 0x5, 0xc2, 0x40, 0x3e, 0x80, 0x90,
    0x90, 0x81, 0x0, 0xf8, 0xd0, 0x65, 0xc5, 0xc0,
    0x3f, 0xa4, 0x18, 0x24, 0x3, 0xfc, 0x4a, 0x2,
    0xe0, 0x1f, 0xf3, 0x4, 0x0, 0x7e, 0x20, 0x1a,
    0x33, 0x30, 0x7, 0xec, 0xfe, 0x51, 0xe0, 0xf,
    0xc2, 0x40, 0x2b, 0xe4, 0x1, 0xf8, 0x73, 0xfa,
    0x84, 0x3, 0xf0,

    /* U+04F1 "ӱ" */
    0x0, 0xdb, 0x80, 0xc, 0xd0, 0xf, 0x84, 0x8c,
    0x0, 0x64, 0x20, 0x1e, 0x1d, 0xd0, 0x3, 0x74,
    0x20, 0x1f, 0x11, 0x0, 0x4, 0x40, 0xe, 0xbf,
    0x70, 0xf, 0xb7, 0xcc, 0x20, 0x24, 0x3, 0xc8,
    0x46, 0x60, 0x33, 0xb, 0x0, 0x77, 0x84, 0x80,
    0x52, 0x16, 0x1, 0x89, 0x5, 0x40, 0x25, 0x12,
    0x40, 0xa, 0xc2, 0x40, 0x3a, 0x43, 0xc0, 0x2,
    0xc0, 0xc0, 0x1c, 0xc0, 0x84, 0xc, 0xc, 0x20,
    0x1c, 0x2c, 0x16, 0x12, 0x16, 0x1, 0xf5, 0x83,
    0x30, 0x50, 0x80, 0x3e, 0x24, 0x9, 0x8, 0x0,
    0xfe, 0x80, 0x1, 0x98, 0x3, 0xf8, 0xc4, 0x24,
    0x3, 0xfc, 0x62, 0x25, 0x0, 0xf3, 0x10, 0xf,
    0x84, 0x80, 0x78, 0xa7, 0x7b, 0x86, 0x67, 0x0,
    0xf1, 0x49, 0x8, 0x9f, 0x0, 0x3e,

    /* U+04F2 "Ӳ" */
    0x0, 0xf5, 0xfb, 0x86, 0xfa, 0x0, 0x7c, 0xc8,
    0xaf, 0x5, 0x8, 0x1, 0xe1, 0xb4, 0xa2, 0x66,
    0x38, 0x7, 0xc3, 0xb6, 0x5, 0xd2, 0x1, 0x9b,
    0xf8, 0x3, 0xf9, 0xbe, 0xd8, 0x85, 0xc0, 0x3f,
    0x40, 0x40, 0x40, 0x48, 0x7, 0xce, 0x2a, 0x60,
    0xa4, 0x2e, 0x1, 0xe9, 0x8, 0x0, 0xa4, 0x24,
    0x3, 0x9c, 0x58, 0x80, 0x24, 0x31, 0x70, 0x8,
    0x60, 0x20, 0x3, 0xa0, 0x24, 0x2, 0x90, 0x71,
    0x0, 0xe4, 0x40, 0xb8, 0xb, 0x84, 0x80, 0x7d,
    0x1, 0x21, 0x21, 0x2, 0x1, 0xf1, 0xa0, 0xcb,
    0x8b, 0x80, 0x7f, 0x48, 0x30, 0x48, 0x7, 0xf8,
    0x94, 0x5, 0xc0, 0x3f, 0xe6, 0x8, 0x0, 0xfc,
    0x40, 0x34, 0x66, 0x60, 0xf, 0xd9, 0xfc, 0xa3,
    0xc0, 0x1f, 0x84, 0x80, 0x57, 0xc8, 0x3, 0xf0,
    0xe7, 0xf5, 0x8, 0x7, 0xe0,

    /* U+04F3 "ӳ" */
    0x0, 0xe3, 0xfe, 0x15, 0xfc, 0x0, 0xfb, 0x83,
    0x2, 0xc7, 0x40, 0x3c, 0xe7, 0x65, 0x1, 0x82,
    0x1, 0xe7, 0xe4, 0x9, 0xe2, 0x0, 0xff, 0xe3,
    0x5f, 0xb8, 0x7, 0xdb, 0xe6, 0x10, 0x12, 0x1,
    0xe4, 0x23, 0x30, 0x19, 0x85, 0x80, 0x3b, 0xc2,
    0x40, 0x29, 0xb, 0x0, 0xc4, 0x82, 0xa0, 0x12,
    0x89, 0x20, 0x5, 0x61, 0x20, 0x1d, 0x21, 0xe0,
    0x1, 0x60, 0x60, 0xe, 0x60, 0x42, 0x6, 0x6,
    0x10, 0xe, 0x16, 0xb, 0x9, 0xb, 0x0, 0xfa,
    0xc1, 0x98, 0x28, 0x40, 0x1f, 0x12, 0x4, 0x84,
    0x0, 0x7f, 0x40, 0x0, 0xcc, 0x1, 0xfc, 0x62,
    0x12, 0x1, 0xfe, 0x31, 0x12, 0x80, 0x79, 0x88,
    0x7, 0xc2, 0x40, 0x3c, 0x53, 0xbd, 0xc3, 0x33,
    0x80, 0x78, 0xa4, 0x84, 0x4f, 0x80, 0x1f, 0x0,

    /* U+04F4 "Ӵ" */
    0x0, 0xd9, 0xa0, 0xb, 0xe1, 0x0, 0xf8, 0xc8,
    0x41, 0x44, 0xc0, 0x3e, 0xdd, 0x8, 0x7e, 0x90,
    0x7, 0xc4, 0x40, 0x0, 0x90, 0x6, 0x3f, 0xf0,
    0x7, 0xec, 0xf6, 0x0, 0xff, 0xfd, 0x10, 0x0,
    0x80, 0x3f, 0xc2, 0x41, 0x60, 0x1f, 0xf5, 0x83,
    0x59, 0x88, 0x13, 0x61, 0x80, 0x4c, 0xc0, 0x4c,
    0xef, 0xd9, 0x30, 0xe, 0x9b, 0x51, 0x1, 0x37,
    0xc3, 0x0, 0xe4, 0xae, 0xfe, 0xc8, 0x30, 0xf,
    0xff, 0x78,

    /* U+04F5 "ӵ" */
    0x0, 0xb3, 0x40, 0x17, 0xa2, 0x1, 0xc6, 0x42,
    0xa, 0x46, 0x1, 0xdb, 0xa1, 0xf, 0xc2, 0x0,
    0xe2, 0x20, 0x0, 0x4c, 0x2, 0x1f, 0xf0, 0x7,
    0xb3, 0xd4, 0x3, 0xff, 0xb0, 0x20, 0x2, 0x0,
    0xfe, 0x20, 0x91, 0x0, 0x90, 0x80, 0x29, 0x4,
    0xed, 0xd7, 0xd8, 0x80, 0x49, 0x8a, 0x44, 0x34,
    0x93, 0x0, 0xc7, 0x5b, 0xfd, 0x6c, 0x1, 0xff,
    0xdb,

    /* U+04F6 "Ӷ" */
    0x9f, 0xff, 0xe7, 0x0, 0xff, 0xe0, 0xbf, 0xff,
    0xce, 0x1, 0xff, 0xf8, 0x10, 0xf, 0xff, 0x43,
    0x3, 0x7e, 0x80, 0x7f, 0x8c, 0x3, 0xdf, 0xee,
    0x0, 0xff, 0xea, 0xb, 0xc8, 0x7, 0x80,

    /* U+04F7 "ӷ" */
    0xff, 0xfd, 0x40, 0x1, 0x1f, 0x10, 0x3, 0x3b,
    0xba, 0x0, 0x3f, 0xfe, 0xbb, 0xc0, 0x1f, 0x84,
    0x3, 0xbf, 0xc0, 0x1f, 0xfc, 0x67, 0x80, 0xe,

    /* U+04F8 "Ӹ" */
    0x0, 0xe1, 0xdb, 0x0, 0x66, 0x0, 0x3f, 0xe3,
    0x25, 0x0, 0x19, 0x80, 0x3f, 0xe2, 0xdf, 0x0,
    0x6e, 0x80, 0x3f, 0xf8, 0x4, 0x20, 0x2, 0x20,
    0x7, 0xa7, 0xe4, 0x3, 0xff, 0x81, 0x7e, 0xe0,
    0x1f, 0xff, 0xf0, 0xf, 0xfe, 0x2b, 0x7f, 0xf7,
    0x5a, 0x0, 0x7f, 0x9, 0x9e, 0x11, 0x25, 0xc8,
    0x7, 0xe7, 0xcc, 0xdd, 0xc7, 0x6, 0x50, 0xf,
    0xfe, 0x8, 0xc2, 0x87, 0x80, 0x7f, 0xf0, 0xf0,
    0x18, 0x3, 0xff, 0x86, 0x20, 0x1f, 0xfc, 0x5c,
    0x5, 0x0, 0xff, 0xe0, 0x8c, 0xa0, 0x50, 0x7,
    0xcf, 0x99, 0xb7, 0x98, 0x24, 0xc0, 0x3e, 0x13,
    0x3c, 0x44, 0x6d, 0x60, 0xf, 0x0,

    /* U+04F9 "ӹ" */
    0x0, 0xd7, 0xa2, 0x15, 0xc2, 0x1, 0xf2, 0x91,
    0x83, 0x89, 0x0, 0x7d, 0xfa, 0x41, 0x98, 0x30,
    0xf, 0x84, 0x80, 0x2, 0x60, 0x1b, 0xfc, 0x40,
    0x1f, 0x9b, 0xec, 0x3, 0xff, 0xc1, 0xbf, 0xf7,
    0x51, 0x0, 0x7c, 0xac, 0xc5, 0x5, 0xc2, 0x0,
    0xf4, 0x4c, 0xab, 0x8c, 0x6c, 0x3, 0xfe, 0x90,
    0x50, 0xf, 0xf8, 0xc0, 0x3f, 0xf8, 0x36, 0x8,
    0x1, 0xe8, 0x99, 0x5f, 0x10, 0xc8, 0x7, 0x95,
    0x98, 0x86, 0xfe, 0x20, 0x18,

    /* U+04FA "Ӻ" */
    0x0, 0xbf, 0xff, 0xc2, 0x1, 0xff, 0xc7, 0xdf,
    0xff, 0x84, 0x3, 0xff, 0xd8, 0x75, 0x40, 0x4,
    0xd5, 0x73, 0x0, 0x19, 0x54, 0x0, 0x45, 0x5e,
    0xf0, 0x2, 0xff, 0x80, 0x1b, 0xff, 0xd2, 0x1,
    0xff, 0xf3, 0xdf, 0x50, 0xf, 0xfe, 0x5f, 0xf8,
    0xc0, 0x3f, 0x84, 0x0, 0x46, 0xc, 0x1, 0xf4,
    0x7e, 0xe8, 0xc, 0xc0, 0x1f, 0x79, 0x90, 0xb6,
    0x80, 0x7c,

    /* U+04FB "ӻ" */
    0x0, 0x37, 0xff, 0xc8, 0x1, 0xc2, 0x3c, 0x1,
    0xc9, 0xdd, 0xc8, 0x1, 0xff, 0xca, 0x4f, 0x90,
    0x4f, 0xfc, 0xa0, 0xce, 0x80, 0x4e, 0xfc, 0x5,
    0x1a, 0xd, 0x11, 0x88, 0x3, 0xff, 0x8a, 0x20,
    0x1f, 0xc9, 0xce, 0x1, 0xff, 0xc5, 0x6f, 0x50,
    0xf, 0xf2, 0x1, 0x80, 0x66, 0xfc, 0xe1, 0x24,
    0x0, 0xc4, 0x66, 0x5, 0xc0, 0xe,

    /* U+04FC "Ӽ" */
    0x1e, 0xf8, 0x0, 0xfa, 0xfe, 0xc0, 0x6c, 0x1c,
    0xc0, 0x39, 0x90, 0x68, 0x0, 0xac, 0x1c, 0x1,
    0x86, 0x42, 0xc4, 0x2, 0x92, 0x24, 0x80, 0x54,
    0xa, 0xa0, 0xe, 0xe0, 0x64, 0x7, 0x41, 0xa0,
    0xf, 0x1b, 0x85, 0x24, 0x5, 0x0, 0x7e, 0x83,
    0x1b, 0x7, 0x40, 0xf, 0xee, 0x0, 0xc, 0x0,
    0x7f, 0x90, 0x0, 0x2a, 0x1, 0xfc, 0x52, 0x8,
    0x14, 0x60, 0x1f, 0xb8, 0x1a, 0xd0, 0x34, 0x40,
    0x3d, 0x6, 0x32, 0x16, 0x43, 0x40, 0x1c, 0x6e,
    0x14, 0x1, 0x78, 0x23, 0x80, 0x6e, 0x7, 0x40,
    0x8, 0xa4, 0x20, 0x80, 0x14, 0x44, 0x80, 0xe,
    0x62, 0xb, 0x5, 0x50, 0x70, 0x7, 0xd6, 0xc,
    0xb, 0xfe, 0x30, 0xf, 0x88, 0x0, 0x20, 0x1f,
    0xf6, 0x80, 0x4, 0x3, 0xf6, 0x6f, 0x30, 0x38,
    0x7, 0xf2, 0x80, 0x94, 0x40, 0x0,

    /* U+04FD "ӽ" */
    0x3f, 0xf1, 0x80, 0x63, 0xff, 0x11, 0xc8, 0x68,
    0x80, 0x7, 0x82, 0x48, 0x19, 0x46, 0xc0, 0x16,
    0x4a, 0xc0, 0x15, 0x8a, 0xb3, 0x14, 0xa8, 0x3,
    0xe, 0x84, 0xc8, 0x38, 0x3, 0xc7, 0x0, 0x8,
    0x30, 0xf, 0xb4, 0x1, 0x60, 0x1f, 0x32, 0x89,
    0x9a, 0xc0, 0x38, 0xe4, 0x37, 0x44, 0x90, 0x1,
    0xb8, 0x20, 0xc7, 0xc1, 0xd0, 0x1, 0x44, 0x8e,
    0x0, 0x2a, 0xa, 0x6, 0x51, 0xa0, 0xc, 0xa6,
    0x2c, 0xcf, 0xe1, 0x0, 0xeb, 0xc, 0x0, 0xf0,
    0x80, 0x2c, 0xc, 0x3, 0x8b, 0xb7, 0x8c, 0x28,
    0x3, 0xc8, 0x62, 0x78, 0x60,

    /* U+04FE "Ӿ" */
    0xb, 0xfc, 0x0, 0xfb, 0x3f, 0x0, 0x14, 0x27,
    0x0, 0x1c, 0xe6, 0x1c, 0x0, 0x1b, 0x7, 0x30,
    0x8, 0xe0, 0x24, 0x80, 0x25, 0x40, 0xe0, 0xb,
    0x81, 0x18, 0x3, 0xa8, 0x4a, 0x42, 0x48, 0x68,
    0x3, 0xc3, 0x60, 0xd0, 0xc1, 0x62, 0x1, 0xf2,
    0xa8, 0x1c, 0x15, 0x40, 0x1e, 0xff, 0x94, 0x2,
    0x5f, 0xf6, 0x80, 0x65, 0x44, 0x10, 0x4, 0x28,
    0x90, 0x6, 0xab, 0xa3, 0x1, 0x1, 0x9b, 0x90,
    0xf, 0x58, 0x97, 0x90, 0x70, 0x7, 0xca, 0xa0,
    0xe1, 0xe0, 0x37, 0x0, 0xe1, 0xb0, 0x73, 0x3,
    0x70, 0x82, 0x0, 0xd4, 0x25, 0x0, 0x14, 0x18,
    0x78, 0x4, 0xc8, 0x1e, 0x1, 0xdc, 0x5, 0x0,
    0x52, 0x10, 0x40, 0x1c, 0x52, 0xe, 0x60,

    /* U+04FF "ӿ" */
    0x1e, 0xf7, 0x0, 0xed, 0xf6, 0x1, 0xa0, 0x83,
    0x0, 0xa0, 0x91, 0x80, 0x8, 0xc1, 0xc0, 0x4,
    0x71, 0xa0, 0xd, 0x24, 0x49, 0x1a, 0xa, 0x10,
    0xe, 0xe0, 0x6d, 0x16, 0x40, 0xe, 0x8b, 0x20,
    0x30, 0x4, 0x28, 0x4, 0x2e, 0xe2, 0x0, 0x99,
    0xfc, 0x2, 0x1f, 0xe1, 0x1, 0x6, 0xfa, 0x0,
    0xed, 0x16, 0xc0, 0x65, 0x0, 0xe9, 0x33, 0x49,
    0x50, 0x51, 0x0, 0x4a, 0xc3, 0xa0, 0x5, 0x60,
    0xf0, 0x1, 0x50, 0x50, 0x80, 0x52, 0x65, 0x40,

    /* U+1E9E "ẞ" */
    0x0, 0x8e, 0x77, 0xfd, 0xd4, 0xa0, 0x1d, 0x18,
    0xc4, 0x0, 0x15, 0xad, 0x10, 0x3, 0xb8, 0x1f,
    0x7f, 0xea, 0x2, 0x20, 0xc, 0x5, 0x41, 0x0,
    0x5a, 0x6, 0x60, 0x60, 0x35, 0x0, 0xca, 0xe3,
    0xa0, 0xc, 0x4, 0x0, 0xc7, 0x41, 0xa2, 0x0,
    0x70, 0xe0, 0x8, 0xb4, 0x28, 0xc0, 0x21, 0x0,
    0xef, 0x10, 0xac, 0x50, 0xf, 0xc2, 0x88, 0x13,
    0xa8, 0x0, 0xfb, 0x2e, 0xdd, 0x0, 0xe6, 0x1,
    0xfe, 0x73, 0xb, 0x0, 0xff, 0x94, 0x4, 0x3,
    0xfe, 0x40, 0x10, 0xe, 0x21, 0x0, 0x15, 0x10,
    0x50, 0x7, 0x47, 0x7f, 0xb5, 0x42, 0x8, 0x3,
    0xb4, 0x80, 0x2, 0xb8, 0xe0,

    /* U+2013 "–" */
    0x88, 0xff, 0x9d, 0xff, 0xe0,

    /* U+2014 "—" */
    0x88, 0xff, 0xe5, 0x3b, 0xff, 0xf2, 0x80,

    /* U+2018 "‘" */
    0xb, 0xb0, 0xa6, 0x38, 0x26, 0x83, 0xa0, 0x4a,
    0x3, 0x5e, 0x58,

    /* U+2019 "’" */
    0x8f, 0x86, 0x6, 0x90, 0x25, 0xb, 0x40, 0x5c,
    0x32, 0x9e, 0x0,

    /* U+201C "“" */
    0xb, 0xb0, 0x2, 0x74, 0x5, 0x30, 0x0, 0xe8,
    0xe, 0x8, 0x6, 0x3e, 0x1a, 0xe, 0x16, 0x2,
    0x8, 0x12, 0x8, 0x10, 0x8, 0xc, 0xa, 0x4,
    0x17, 0x96, 0x13, 0x9a, 0x0,

    /* U+201D "”" */
    0x8f, 0x80, 0x5f, 0xa0, 0x60, 0x60, 0xe0, 0x51,
    0x90, 0x20, 0xe0, 0x11, 0x28, 0x58, 0x28, 0x20,
    0x20, 0x28, 0x20, 0x70, 0x61, 0x90, 0x18, 0xa0,
    0x4f, 0x0, 0x17, 0x0, 0x0,

    /* U+201E "„" */
    0x3, 0x0, 0x8c, 0x1, 0x79, 0x61, 0x19, 0xa0,
    0xc0, 0xa0, 0x60, 0x43, 0x20, 0xa1, 0x0, 0x42,
    0xe1, 0xa0, 0x40, 0xa0, 0x80, 0xe0, 0xa1, 0x61,
    0x88, 0x21, 0x84, 0x60,

    /* U+2022 "•" */
    0x0, 0xe1, 0xcf, 0xb0, 0x63, 0x4, 0x51, 0x0,
    0xcc, 0x80, 0xaa,

    /* U+2026 "…" */
    0x0, 0xff, 0xe1, 0x4f, 0xc8, 0x2, 0x3e, 0x80,
    0xd, 0xf8, 0xc, 0xe, 0x0, 0x50, 0x50, 0x6,
    0x81, 0x93, 0x84, 0x80, 0x2c, 0x18, 0x1, 0xc0,
    0xa4
};


/*---------------------
 *  GLYPH DESCRIPTION
 *--------------------*/

static const lv_font_fmt_txt_glyph_dsc_t glyph_dsc[] = {
    {.bitmap_index = 0, .adv_w = 0, .box_w = 0, .box_h = 0, .ofs_x = 0, .ofs_y = 0} /* id = 0 reserved */,
    {.bitmap_index = 0, .adv_w = 95, .box_w = 0, .box_h = 0, .ofs_x = 0, .ofs_y = 0},
    {.bitmap_index = 0, .adv_w = 94, .box_w = 4, .box_h = 16, .ofs_x = 1, .ofs_y = 0},
    {.bitmap_index = 27, .adv_w = 138, .box_w = 7, .box_h = 7, .ofs_x = 1, .ofs_y = 9},
    {.bitmap_index = 46, .adv_w = 247, .box_w = 15, .box_h = 16, .ofs_x = 0, .ofs_y = 0},
    {.bitmap_index = 148, .adv_w = 219, .box_w = 13, .box_h = 22, .ofs_x = 0, .ofs_y = -3},
    {.bitmap_index = 255, .adv_w = 297, .box_w = 18, .box_h = 16, .ofs_x = 0, .ofs_y = 0},
    {.bitmap_index = 383, .adv_w = 241, .box_w = 15, .box_h = 17, .ofs_x = 0, .ofs_y = -1},
    {.bitmap_index = 497, .adv_w = 74, .box_w = 3, .box_h = 7, .ofs_x = 1, .ofs_y = 9},
    {.bitmap_index = 507, .adv_w = 119, .box_w = 5, .box_h = 21, .ofs_x = 2, .ofs_y = -4},
    {.bitmap_index = 562, .adv_w = 119, .box_w = 6, .box_h = 21, .ofs_x = 0, .ofs_y = -4},
    {.bitmap_index = 623, .adv_w = 141, .box_w = 9, .box_h = 9, .ofs_x = 0, .ofs_y = 8},
    {.bitmap_index = 661, .adv_w = 205, .box_w = 11, .box_h = 10, .ofs_x = 1, .ofs_y = 3},
    {.bitmap_index = 689, .adv_w = 80, .box_w = 3, .box_h = 7, .ofs_x = 1, .ofs_y = -3},
    {.bitmap_index = 700, .adv_w = 135, .box_w = 7, .box_h = 2, .ofs_x = 1, .ofs_y = 5},
    {.bitmap_index = 705, .adv_w = 80, .box_w = 3, .box_h = 4, .ofs_x = 1, .ofs_y = 0},
    {.bitmap_index = 711, .adv_w = 124, .box_w = 10, .box_h = 21, .ofs_x = -1, .ofs_y = -2},
    {.bitmap_index = 782, .adv_w = 235, .box_w = 13, .box_h = 16, .ofs_x = 1, .ofs_y = 0},
    {.bitmap_index = 870, .adv_w = 130, .box_w = 6, .box_h = 16, .ofs_x = 0, .ofs_y = 0},
    {.bitmap_index = 882, .adv_w = 202, .box_w = 12, .box_h = 16, .ofs_x = 0, .ofs_y = 0},
    {.bitmap_index = 958, .adv_w = 201, .box_w = 12, .box_h = 16, .ofs_x = 0, .ofs_y = 0},
    {.bitmap_index = 1031, .adv_w = 235, .box_w = 15, .box_h = 16, .ofs_x = 0, .ofs_y = 0},
    {.bitmap_index = 1099, .adv_w = 202, .box_w = 12, .box_h = 16, .ofs_x = 0, .ofs_y = 0},
    {.bitmap_index = 1171, .adv_w = 217, .box_w = 12, .box_h = 16, .ofs_x = 1, .ofs_y = 0},
    {.bitmap_index = 1259, .adv_w = 210, .box_w = 13, .box_h = 16, .ofs_x = 0, .ofs_y = 0},
    {.bitmap_index = 1326, .adv_w = 227, .box_w = 14, .box_h = 16, .ofs_x = 0, .ofs_y = 0},
    {.bitmap_index = 1431, .adv_w = 217, .box_w = 13, .box_h = 16, .ofs_x = 0, .ofs_y = 0},
    {.bitmap_index = 1525, .adv_w = 80, .box_w = 3, .box_h = 12, .ofs_x = 1, .ofs_y = 0},
    {.bitmap_index = 1539, .adv_w = 80, .box_w = 3, .box_h = 16, .ofs_x = 1, .ofs_y = -4},
    {.bitmap_index = 1559, .adv_w = 205, .box_w = 11, .box_h = 11, .ofs_x = 1, .ofs_y = 2},
    {.bitmap_index = 1610, .adv_w = 205, .box_w = 11, .box_h = 7, .ofs_x = 1, .ofs_y = 4},
    {.bitmap_index = 1629, .adv_w = 205, .box_w = 11, .box_h = 11, .ofs_x = 1, .ofs_y = 2},
    {.bitmap_index = 1680, .adv_w = 202, .box_w = 12, .box_h = 16, .ofs_x = 0, .ofs_y = 0},
    {.bitmap_index = 1748, .adv_w = 364, .box_w = 21, .box_h = 20, .ofs_x = 1, .ofs_y = -4},
    {.bitmap_index = 1926, .adv_w = 258, .box_w = 18, .box_h = 16, .ofs_x = -1, .ofs_y = 0},
    {.bitmap_index = 2028, .adv_w = 266, .box_w = 14, .box_h = 16, .ofs_x = 2, .ofs_y = 0},
    {.bitmap_index = 2106, .adv_w = 251, .box_w = 15, .box_h = 16, .ofs_x = 1, .ofs_y = 0},
    {.bitmap_index = 2195, .adv_w = 291, .box_w = 16, .box_h = 16, .ofs_x = 2, .ofs_y = 0},
    {.bitmap_index = 2275, .adv_w = 236, .box_w = 12, .box_h = 16, .ofs_x = 2, .ofs_y = 0},
    {.bitmap_index = 2307, .adv_w = 224, .box_w = 12, .box_h = 16, .ofs_x = 2, .ofs_y = 0},
    {.bitmap_index = 2331, .adv_w = 272, .box_w = 15, .box_h = 16, .ofs_x = 1, .ofs_y = 0},
    {.bitmap_index = 2422, .adv_w = 286, .box_w = 14, .box_h = 16, .ofs_x = 2, .ofs_y = 0},
    {.bitmap_index = 2447, .adv_w = 109, .box_w = 3, .box_h = 16, .ofs_x = 2, .ofs_y = 0},
    {.bitmap_index = 2452, .adv_w = 181, .box_w = 11, .box_h = 16, .ofs_x = -1, .ofs_y = 0},
    {.bitmap_index = 2493, .adv_w = 253, .box_w = 14, .box_h = 16, .ofs_x = 2, .ofs_y = 0},
    {.bitmap_index = 2570, .adv_w = 209, .box_w = 11, .box_h = 16, .ofs_x = 2, .ofs_y = 0},
    {.bitmap_index = 2585, .adv_w = 336, .box_w = 17, .box_h = 16, .ofs_x = 2, .ofs_y = 0},
    {.bitmap_index = 2677, .adv_w = 286, .box_w = 14, .box_h = 16, .ofs_x = 2, .ofs_y = 0},
    {.bitmap_index = 2745, .adv_w = 296, .box_w = 17, .box_h = 16, .ofs_x = 1, .ofs_y = 0},
    {.bitmap_index = 2851, .adv_w = 254, .box_w = 13, .box_h = 16, .ofs_x = 2, .ofs_y = 0},
    {.bitmap_index = 2908, .adv_w = 296, .box_w = 18, .box_h = 19, .ofs_x = 1, .ofs_y = -3},
    {.bitmap_index = 3039, .adv_w = 256, .box_w = 13, .box_h = 16, .ofs_x = 2, .ofs_y = 0},
    {.bitmap_index = 3111, .adv_w = 219, .box_w = 13, .box_h = 16, .ofs_x = 0, .ofs_y = 0},
    {.bitmap_index = 3199, .adv_w = 207, .box_w = 13, .box_h = 16, .ofs_x = 0, .ofs_y = 0},
    {.bitmap_index = 3221, .adv_w = 278, .box_w = 14, .box_h = 16, .ofs_x = 2, .ofs_y = 0},
    {.bitmap_index = 3275, .adv_w = 251, .box_w = 17, .box_h = 16, .ofs_x = -1, .ofs_y = 0},
    {.bitmap_index = 3374, .adv_w = 396, .box_w = 25, .box_h = 16, .ofs_x = 0, .ofs_y = 0},
    {.bitmap_index = 3535, .adv_w = 237, .box_w = 15, .box_h = 16, .ofs_x = 0, .ofs_y = 0},
    {.bitmap_index = 3632, .adv_w = 228, .box_w = 16, .box_h = 16, .ofs_x = -1, .ofs_y = 0},
    {.bitmap_index = 3704, .adv_w = 231, .box_w = 14, .box_h = 16, .ofs_x = 0, .ofs_y = 0},
    {.bitmap_index = 3774, .adv_w = 117, .box_w = 5, .box_h = 21, .ofs_x = 2, .ofs_y = -4},
    {.bitmap_index = 3791, .adv_w = 124, .box_w = 10, .box_h = 21, .ofs_x = -1, .ofs_y = -2},
    {.bitmap_index = 3861, .adv_w = 117, .box_w = 6, .box_h = 21, .ofs_x = 0, .ofs_y = -4},
    {.bitmap_index = 3880, .adv_w = 205, .box_w = 11, .box_h = 10, .ofs_x = 1, .ofs_y = 3},
    {.bitmap_index = 3926, .adv_w = 176, .box_w = 11, .box_h = 3, .ofs_x = 0, .ofs_y = -2},
    {.bitmap_index = 3933, .adv_w = 211, .box_w = 7, .box_h = 3, .ofs_x = 2, .ofs_y = 14},
    {.bitmap_index = 3943, .adv_w = 210, .box_w = 11, .box_h = 12, .ofs_x = 1, .ofs_y = 0},
    {.bitmap_index = 4006, .adv_w = 240, .box_w = 13, .box_h = 17, .ofs_x = 2, .ofs_y = 0},
    {.bitmap_index = 4075, .adv_w = 201, .box_w = 12, .box_h = 12, .ofs_x = 0, .ofs_y = 0},
    {.bitmap_index = 4135, .adv_w = 240, .box_w = 13, .box_h = 17, .ofs_x = 0, .ofs_y = 0},
    {.bitmap_index = 4206, .adv_w = 215, .box_w = 13, .box_h = 12, .ofs_x = 0, .ofs_y = 0},
    {.bitmap_index = 4274, .adv_w = 124, .box_w = 9, .box_h = 17, .ofs_x = 0, .ofs_y = 0},
    {.bitmap_index = 4313, .adv_w = 243, .box_w = 14, .box_h = 16, .ofs_x = 0, .ofs_y = -4},
    {.bitmap_index = 4411, .adv_w = 240, .box_w = 12, .box_h = 17, .ofs_x = 2, .ofs_y = 0},
    {.bitmap_index = 4453, .adv_w = 98, .box_w = 4, .box_h = 17, .ofs_x = 1, .ofs_y = 0},
    {.bitmap_index = 4468, .adv_w = 100, .box_w = 8, .box_h = 21, .ofs_x = -3, .ofs_y = -4},
    {.bitmap_index = 4505, .adv_w = 216, .box_w = 12, .box_h = 17, .ofs_x = 2, .ofs_y = 0},
    {.bitmap_index = 4562, .adv_w = 98, .box_w = 3, .box_h = 17, .ofs_x = 2, .ofs_y = 0},
    {.bitmap_index = 4567, .adv_w = 372, .box_w = 20, .box_h = 12, .ofs_x = 2, .ofs_y = 0},
    {.bitmap_index = 4633, .adv_w = 240, .box_w = 12, .box_h = 12, .ofs_x = 2, .ofs_y = 0},
    {.bitmap_index = 4671, .adv_w = 224, .box_w = 14, .box_h = 12, .ofs_x = 0, .ofs_y = 0},
    {.bitmap_index = 4745, .adv_w = 240, .box_w = 13, .box_h = 16, .ofs_x = 2, .ofs_y = -4},
    {.bitmap_index = 4818, .adv_w = 240, .box_w = 13, .box_h = 16, .ofs_x = 0, .ofs_y = -4},
    {.bitmap_index = 4891, .adv_w = 144, .box_w = 7, .box_h = 12, .ofs_x = 2, .ofs_y = 0},
    {.bitmap_index = 4914, .adv_w = 176, .box_w = 11, .box_h = 12, .ofs_x = 0, .ofs_y = 0},
    {.bitmap_index = 4977, .adv_w = 146, .box_w = 9, .box_h = 15, .ofs_x = 0, .ofs_y = 0},
    {.bitmap_index = 5018, .adv_w = 238, .box_w = 12, .box_h = 12, .ofs_x = 1, .ofs_y = 0},
    {.bitmap_index = 5055, .adv_w = 197, .box_w = 14, .box_h = 12, .ofs_x = -1, .ofs_y = 0},
    {.bitmap_index = 5122, .adv_w = 316, .box_w = 20, .box_h = 12, .ofs_x = 0, .ofs_y = 0},
    {.bitmap_index = 5228, .adv_w = 194, .box_w = 12, .box_h = 12, .ofs_x = 0, .ofs_y = 0},
    {.bitmap_index = 5293, .adv_w = 197, .box_w = 14, .box_h = 16, .ofs_x = -1, .ofs_y = -4},
    {.bitmap_index = 5381, .adv_w = 183, .box_w = 11, .box_h = 12, .ofs_x = 0, .ofs_y = 0},
    {.bitmap_index = 5429, .adv_w = 124, .box_w = 7, .box_h = 21, .ofs_x = 1, .ofs_y = -4},
    {.bitmap_index = 5476, .adv_w = 105, .box_w = 3, .box_h = 21, .ofs_x = 2, .ofs_y = -4},
    {.bitmap_index = 5481, .adv_w = 124, .box_w = 7, .box_h = 21, .ofs_x = 0, .ofs_y = -4},
    {.bitmap_index = 5527, .adv_w = 205, .box_w = 11, .box_h = 4, .ofs_x = 1, .ofs_y = 6},
    {.bitmap_index = 5549, .adv_w = 95, .box_w = 0, .box_h = 0, .ofs_x = 0, .ofs_y = 0},
    {.bitmap_index = 5549, .adv_w = 177, .box_w = 10, .box_h = 9, .ofs_x = 1, .ofs_y = 2},
    {.bitmap_index = 5594, .adv_w = 147, .box_w = 9, .box_h = 8, .ofs_x = 0, .ofs_y = 8},
    {.bitmap_index = 5630, .adv_w = 177, .box_w = 11, .box_h = 9, .ofs_x = 0, .ofs_y = 2},
    {.bitmap_index = 5677, .adv_w = 258, .box_w = 18, .box_h = 20, .ofs_x = -1, .ofs_y = 0},
    {.bitmap_index = 5801, .adv_w = 258, .box_w = 18, .box_h = 20, .ofs_x = -1, .ofs_y = 0},
    {.bitmap_index = 5925, .adv_w = 258, .box_w = 18, .box_h = 20, .ofs_x = -1, .ofs_y = 0},
    {.bitmap_index = 6051, .adv_w = 258, .box_w = 18, .box_h = 20, .ofs_x = -1, .ofs_y = 0},
    {.bitmap_index = 6178, .adv_w = 369, .box_w = 23, .box_h = 16, .ofs_x = -1, .ofs_y = 0},
    {.bitmap_index = 6281, .adv_w = 251, .box_w = 15, .box_h = 22, .ofs_x = 1, .ofs_y = -6},
    {.bitmap_index = 6398, .adv_w = 236, .box_w = 12, .box_h = 20, .ofs_x = 2, .ofs_y = 0},
    {.bitmap_index = 6447, .adv_w = 236, .box_w = 12, .box_h = 20, .ofs_x = 2, .ofs_y = 0},
    {.bitmap_index = 6496, .adv_w = 236, .box_w = 12, .box_h = 20, .ofs_x = 2, .ofs_y = 0},
    {.bitmap_index = 6548, .adv_w = 236, .box_w = 12, .box_h = 20, .ofs_x = 2, .ofs_y = 0},
    {.bitmap_index = 6601, .adv_w = 109, .box_w = 7, .box_h = 20, .ofs_x = 1, .ofs_y = 0},
    {.bitmap_index = 6623, .adv_w = 109, .box_w = 9, .box_h = 20, .ofs_x = -1, .ofs_y = 0},
    {.bitmap_index = 6650, .adv_w = 109, .box_w = 7, .box_h = 20, .ofs_x = 0, .ofs_y = 0},
    {.bitmap_index = 6673, .adv_w = 296, .box_w = 17, .box_h = 20, .ofs_x = 1, .ofs_y = 0},
    {.bitmap_index = 6799, .adv_w = 296, .box_w = 17, .box_h = 20, .ofs_x = 1, .ofs_y = 0},
    {.bitmap_index = 6928, .adv_w = 296, .box_w = 17, .box_h = 20, .ofs_x = 1, .ofs_y = 0},
    {.bitmap_index = 7056, .adv_w = 278, .box_w = 14, .box_h = 20, .ofs_x = 2, .ofs_y = 0},
    {.bitmap_index = 7128, .adv_w = 278, .box_w = 14, .box_h = 20, .ofs_x = 2, .ofs_y = 0},
    {.bitmap_index = 7199, .adv_w = 278, .box_w = 14, .box_h = 20, .ofs_x = 2, .ofs_y = 0},
    {.bitmap_index = 7274, .adv_w = 278, .box_w = 14, .box_h = 20, .ofs_x = 2, .ofs_y = 0},
    {.bitmap_index = 7349, .adv_w = 228, .box_w = 16, .box_h = 20, .ofs_x = -1, .ofs_y = 0},
    {.bitmap_index = 7440, .adv_w = 238, .box_w = 12, .box_h = 17, .ofs_x = 2, .ofs_y = 0},
    {.bitmap_index = 7521, .adv_w = 210, .box_w = 11, .box_h = 17, .ofs_x = 1, .ofs_y = 0},
    {.bitmap_index = 7603, .adv_w = 210, .box_w = 11, .box_h = 17, .ofs_x = 1, .ofs_y = 0},
    {.bitmap_index = 7685, .adv_w = 210, .box_w = 11, .box_h = 17, .ofs_x = 1, .ofs_y = 0},
    {.bitmap_index = 7772, .adv_w = 210, .box_w = 11, .box_h = 17, .ofs_x = 1, .ofs_y = 0},
    {.bitmap_index = 7856, .adv_w = 348, .box_w = 20, .box_h = 12, .ofs_x = 1, .ofs_y = 0},
    {.bitmap_index = 7965, .adv_w = 201, .box_w = 12, .box_h = 18, .ofs_x = 0, .ofs_y = -6},
    {.bitmap_index = 8051, .adv_w = 215, .box_w = 13, .box_h = 17, .ofs_x = 0, .ofs_y = 0},
    {.bitmap_index = 8138, .adv_w = 215, .box_w = 13, .box_h = 17, .ofs_x = 0, .ofs_y = 0},
    {.bitmap_index = 8226, .adv_w = 215, .box_w = 13, .box_h = 17, .ofs_x = 0, .ofs_y = 0},
    {.bitmap_index = 8319, .adv_w = 215, .box_w = 13, .box_h = 17, .ofs_x = 0, .ofs_y = 0},
    {.bitmap_index = 8409, .adv_w = 98, .box_w = 7, .box_h = 17, .ofs_x = 1, .ofs_y = 0},
    {.bitmap_index = 8432, .adv_w = 98, .box_w = 8, .box_h = 17, .ofs_x = -1, .ofs_y = 0},
    {.bitmap_index = 8461, .adv_w = 98, .box_w = 6, .box_h = 17, .ofs_x = 0, .ofs_y = 0},
    {.bitmap_index = 8480, .adv_w = 224, .box_w = 14, .box_h = 17, .ofs_x = 0, .ofs_y = 0},
    {.bitmap_index = 8575, .adv_w = 224, .box_w = 14, .box_h = 17, .ofs_x = 0, .ofs_y = 0},
    {.bitmap_index = 8674, .adv_w = 224, .box_w = 14, .box_h = 17, .ofs_x = 0, .ofs_y = 0},
    {.bitmap_index = 8771, .adv_w = 238, .box_w = 12, .box_h = 17, .ofs_x = 1, .ofs_y = 0},
    {.bitmap_index = 8828, .adv_w = 238, .box_w = 12, .box_h = 17, .ofs_x = 1, .ofs_y = 0},
    {.bitmap_index = 8884, .adv_w = 238, .box_w = 12, .box_h = 17, .ofs_x = 1, .ofs_y = 0},
    {.bitmap_index = 8945, .adv_w = 238, .box_w = 12, .box_h = 17, .ofs_x = 1, .ofs_y = 0},
    {.bitmap_index = 9004, .adv_w = 197, .box_w = 14, .box_h = 21, .ofs_x = -1, .ofs_y = -4},
    {.bitmap_index = 9113, .adv_w = 197, .box_w = 14, .box_h = 21, .ofs_x = -1, .ofs_y = -4},
    {.bitmap_index = 9224, .adv_w = 258, .box_w = 18, .box_h = 22, .ofs_x = -1, .ofs_y = -6},
    {.bitmap_index = 9359, .adv_w = 210, .box_w = 11, .box_h = 18, .ofs_x = 1, .ofs_y = -6},
    {.bitmap_index = 9447, .adv_w = 251, .box_w = 15, .box_h = 20, .ofs_x = 1, .ofs_y = 0},
    {.bitmap_index = 9554, .adv_w = 201, .box_w = 12, .box_h = 17, .ofs_x = 0, .ofs_y = 0},
    {.bitmap_index = 9633, .adv_w = 251, .box_w = 15, .box_h = 20, .ofs_x = 1, .ofs_y = 0},
    {.bitmap_index = 9743, .adv_w = 201, .box_w = 12, .box_h = 17, .ofs_x = 0, .ofs_y = 0},
    {.bitmap_index = 9826, .adv_w = 291, .box_w = 16, .box_h = 20, .ofs_x = 2, .ofs_y = 0},
    {.bitmap_index = 9929, .adv_w = 240, .box_w = 17, .box_h = 18, .ofs_x = 0, .ofs_y = 0},
    {.bitmap_index = 10024, .adv_w = 236, .box_w = 12, .box_h = 22, .ofs_x = 2, .ofs_y = -6},
    {.bitmap_index = 10080, .adv_w = 215, .box_w = 13, .box_h = 18, .ofs_x = 0, .ofs_y = -6},
    {.bitmap_index = 10173, .adv_w = 209, .box_w = 12, .box_h = 20, .ofs_x = 1, .ofs_y = 0},
    {.bitmap_index = 10206, .adv_w = 98, .box_w = 7, .box_h = 21, .ofs_x = 1, .ofs_y = 0},
    {.bitmap_index = 10229, .adv_w = 209, .box_w = 11, .box_h = 17, .ofs_x = 2, .ofs_y = 0},
    {.bitmap_index = 10260, .adv_w = 98, .box_w = 6, .box_h = 18, .ofs_x = 2, .ofs_y = 0},
    {.bitmap_index = 10278, .adv_w = 212, .box_w = 14, .box_h = 16, .ofs_x = 0, .ofs_y = 0},
    {.bitmap_index = 10322, .adv_w = 103, .box_w = 8, .box_h = 17, .ofs_x = -1, .ofs_y = 0},
    {.bitmap_index = 10353, .adv_w = 286, .box_w = 14, .box_h = 20, .ofs_x = 2, .ofs_y = 0},
    {.bitmap_index = 10439, .adv_w = 240, .box_w = 12, .box_h = 17, .ofs_x = 2, .ofs_y = 0},
    {.bitmap_index = 10497, .adv_w = 286, .box_w = 14, .box_h = 20, .ofs_x = 2, .ofs_y = 0},
    {.bitmap_index = 10587, .adv_w = 240, .box_w = 12, .box_h = 17, .ofs_x = 2, .ofs_y = 0},
    {.bitmap_index = 10650, .adv_w = 396, .box_w = 23, .box_h = 16, .ofs_x = 1, .ofs_y = 0},
    {.bitmap_index = 10749, .adv_w = 376, .box_w = 23, .box_h = 12, .ofs_x = 0, .ofs_y = 0},
    {.bitmap_index = 10870, .adv_w = 256, .box_w = 13, .box_h = 20, .ofs_x = 2, .ofs_y = 0},
    {.bitmap_index = 10959, .adv_w = 144, .box_w = 8, .box_h = 17, .ofs_x = 2, .ofs_y = 0},
    {.bitmap_index = 11001, .adv_w = 219, .box_w = 13, .box_h = 20, .ofs_x = 0, .ofs_y = 0},
    {.bitmap_index = 11106, .adv_w = 176, .box_w = 11, .box_h = 17, .ofs_x = 0, .ofs_y = 0},
    {.bitmap_index = 11187, .adv_w = 219, .box_w = 13, .box_h = 20, .ofs_x = 0, .ofs_y = 0},
    {.bitmap_index = 11296, .adv_w = 176, .box_w = 11, .box_h = 17, .ofs_x = 0, .ofs_y = 0},
    {.bitmap_index = 11382, .adv_w = 207, .box_w = 13, .box_h = 20, .ofs_x = 0, .ofs_y = 0},
    {.bitmap_index = 11426, .adv_w = 146, .box_w = 9, .box_h = 17, .ofs_x = 0, .ofs_y = 0},
    {.bitmap_index = 11476, .adv_w = 228, .box_w = 16, .box_h = 20, .ofs_x = -1, .ofs_y = 0},
    {.bitmap_index = 11571, .adv_w = 231, .box_w = 14, .box_h = 20, .ofs_x = 0, .ofs_y = 0},
    {.bitmap_index = 11658, .adv_w = 183, .box_w = 11, .box_h = 17, .ofs_x = 0, .ofs_y = 0},
    {.bitmap_index = 11725, .adv_w = 231, .box_w = 14, .box_h = 20, .ofs_x = 0, .ofs_y = 0},
    {.bitmap_index = 11810, .adv_w = 183, .box_w = 11, .box_h = 17, .ofs_x = 0, .ofs_y = 0},
    {.bitmap_index = 11873, .adv_w = 231, .box_w = 14, .box_h = 20, .ofs_x = 0, .ofs_y = 0},
    {.bitmap_index = 11964, .adv_w = 183, .box_w = 11, .box_h = 17, .ofs_x = 0, .ofs_y = 0},
    {.bitmap_index = 12034, .adv_w = 234, .box_w = 12, .box_h = 20, .ofs_x = 2, .ofs_y = 0},
    {.bitmap_index = 12083, .adv_w = 234, .box_w = 12, .box_h = 20, .ofs_x = 2, .ofs_y = 0},
    {.bitmap_index = 12135, .adv_w = 293, .box_w = 18, .box_h = 17, .ofs_x = 0, .ofs_y = -1},
    {.bitmap_index = 12216, .adv_w = 203, .box_w = 11, .box_h = 20, .ofs_x = 2, .ofs_y = 0},
    {.bitmap_index = 12249, .adv_w = 249, .box_w = 14, .box_h = 16, .ofs_x = 1, .ofs_y = 0},
    {.bitmap_index = 12339, .adv_w = 224, .box_w = 12, .box_h = 16, .ofs_x = 1, .ofs_y = 0},
    {.bitmap_index = 12423, .adv_w = 112, .box_w = 3, .box_h = 16, .ofs_x = 2, .ofs_y = 0},
    {.bitmap_index = 12428, .adv_w = 109, .box_w = 7, .box_h = 20, .ofs_x = 0, .ofs_y = 0},
    {.bitmap_index = 12451, .adv_w = 190, .box_w = 10, .box_h = 16, .ofs_x = 0, .ofs_y = 0},
    {.bitmap_index = 12488, .adv_w = 418, .box_w = 26, .box_h = 16, .ofs_x = 0, .ofs_y = 0},
    {.bitmap_index = 12597, .adv_w = 415, .box_w = 24, .box_h = 16, .ofs_x = 2, .ofs_y = 0},
    {.bitmap_index = 12672, .adv_w = 296, .box_w = 18, .box_h = 16, .ofs_x = 0, .ofs_y = 0},
    {.bitmap_index = 12730, .adv_w = 250, .box_w = 14, .box_h = 20, .ofs_x = 2, .ofs_y = 0},
    {.bitmap_index = 12818, .adv_w = 290, .box_w = 14, .box_h = 20, .ofs_x = 2, .ofs_y = 0},
    {.bitmap_index = 12903, .adv_w = 243, .box_w = 15, .box_h = 21, .ofs_x = 0, .ofs_y = -1},
    {.bitmap_index = 13022, .adv_w = 284, .box_w = 14, .box_h = 20, .ofs_x = 2, .ofs_y = -4},
    {.bitmap_index = 13054, .adv_w = 267, .box_w = 17, .box_h = 16, .ofs_x = 0, .ofs_y = 0},
    {.bitmap_index = 13152, .adv_w = 257, .box_w = 13, .box_h = 16, .ofs_x = 2, .ofs_y = 0},
    {.bitmap_index = 13208, .adv_w = 263, .box_w = 14, .box_h = 16, .ofs_x = 2, .ofs_y = 0},
    {.bitmap_index = 13287, .adv_w = 203, .box_w = 11, .box_h = 16, .ofs_x = 2, .ofs_y = 0},
    {.bitmap_index = 13303, .adv_w = 283, .box_w = 18, .box_h = 20, .ofs_x = 0, .ofs_y = -4},
    {.bitmap_index = 13389, .adv_w = 234, .box_w = 12, .box_h = 16, .ofs_x = 2, .ofs_y = 0},
    {.bitmap_index = 13420, .adv_w = 362, .box_w = 23, .box_h = 16, .ofs_x = 0, .ofs_y = 0},
    {.bitmap_index = 13548, .adv_w = 223, .box_w = 13, .box_h = 16, .ofs_x = 0, .ofs_y = 0},
    {.bitmap_index = 13635, .adv_w = 290, .box_w = 14, .box_h = 16, .ofs_x = 2, .ofs_y = 0},
    {.bitmap_index = 13702, .adv_w = 290, .box_w = 14, .box_h = 20, .ofs_x = 2, .ofs_y = 0},
    {.bitmap_index = 13793, .adv_w = 250, .box_w = 14, .box_h = 16, .ofs_x = 2, .ofs_y = 0},
    {.bitmap_index = 13863, .adv_w = 278, .box_w = 15, .box_h = 16, .ofs_x = 0, .ofs_y = 0},
    {.bitmap_index = 13929, .adv_w = 339, .box_w = 17, .box_h = 16, .ofs_x = 2, .ofs_y = 0},
    {.bitmap_index = 14018, .adv_w = 289, .box_w = 14, .box_h = 16, .ofs_x = 2, .ofs_y = 0},
    {.bitmap_index = 14043, .adv_w = 298, .box_w = 17, .box_h = 16, .ofs_x = 1, .ofs_y = 0},
    {.bitmap_index = 14149, .adv_w = 289, .box_w = 14, .box_h = 16, .ofs_x = 2, .ofs_y = 0},
    {.bitmap_index = 14169, .adv_w = 251, .box_w = 13, .box_h = 16, .ofs_x = 2, .ofs_y = 0},
    {.bitmap_index = 14225, .adv_w = 253, .box_w = 15, .box_h = 16, .ofs_x = 1, .ofs_y = 0},
    {.bitmap_index = 14314, .adv_w = 212, .box_w = 13, .box_h = 16, .ofs_x = 0, .ofs_y = 0},
    {.bitmap_index = 14336, .adv_w = 243, .box_w = 15, .box_h = 17, .ofs_x = 0, .ofs_y = -1},
    {.bitmap_index = 14430, .adv_w = 326, .box_w = 20, .box_h = 17, .ofs_x = 0, .ofs_y = -1},
    {.bitmap_index = 14554, .adv_w = 235, .box_w = 15, .box_h = 16, .ofs_x = 0, .ofs_y = 0},
    {.bitmap_index = 14651, .adv_w = 292, .box_w = 16, .box_h = 20, .ofs_x = 2, .ofs_y = -4},
    {.bitmap_index = 14683, .adv_w = 253, .box_w = 14, .box_h = 16, .ofs_x = 0, .ofs_y = 0},
    {.bitmap_index = 14727, .adv_w = 385, .box_w = 20, .box_h = 16, .ofs_x = 2, .ofs_y = 0},
    {.bitmap_index = 14757, .adv_w = 395, .box_w = 22, .box_h = 20, .ofs_x = 2, .ofs_y = -4},
    {.bitmap_index = 14797, .adv_w = 291, .box_w = 18, .box_h = 16, .ofs_x = 0, .ofs_y = 0},
    {.bitmap_index = 14862, .adv_w = 350, .box_w = 18, .box_h = 16, .ofs_x = 2, .ofs_y = 0},
    {.bitmap_index = 14930, .adv_w = 251, .box_w = 13, .box_h = 16, .ofs_x = 2, .ofs_y = 0},
    {.bitmap_index = 14984, .adv_w = 249, .box_w = 15, .box_h = 16, .ofs_x = 0, .ofs_y = 0},
    {.bitmap_index = 15079, .adv_w = 387, .box_w = 21, .box_h = 16, .ofs_x = 2, .ofs_y = 0},
    {.bitmap_index = 15203, .adv_w = 257, .box_w = 13, .box_h = 16, .ofs_x = 1, .ofs_y = 0},
    {.bitmap_index = 15275, .adv_w = 207, .box_w = 11, .box_h = 12, .ofs_x = 1, .ofs_y = 0},
    {.bitmap_index = 15338, .adv_w = 233, .box_w = 13, .box_h = 17, .ofs_x = 1, .ofs_y = 0},
    {.bitmap_index = 15436, .adv_w = 216, .box_w = 11, .box_h = 12, .ofs_x = 2, .ofs_y = 0},
    {.bitmap_index = 15489, .adv_w = 172, .box_w = 9, .box_h = 12, .ofs_x = 2, .ofs_y = 0},
    {.bitmap_index = 15503, .adv_w = 234, .box_w = 14, .box_h = 15, .ofs_x = 0, .ofs_y = -3},
    {.bitmap_index = 15564, .adv_w = 221, .box_w = 13, .box_h = 12, .ofs_x = 0, .ofs_y = 0},
    {.bitmap_index = 15632, .adv_w = 299, .box_w = 19, .box_h = 12, .ofs_x = 0, .ofs_y = 0},
    {.bitmap_index = 15721, .adv_w = 191, .box_w = 11, .box_h = 12, .ofs_x = 0, .ofs_y = 0},
    {.bitmap_index = 15784, .adv_w = 244, .box_w = 12, .box_h = 12, .ofs_x = 2, .ofs_y = 0},
    {.bitmap_index = 15831, .adv_w = 244, .box_w = 12, .box_h = 17, .ofs_x = 2, .ofs_y = 0},
    {.bitmap_index = 15902, .adv_w = 210, .box_w = 11, .box_h = 12, .ofs_x = 2, .ofs_y = 0},
    {.bitmap_index = 15951, .adv_w = 226, .box_w = 13, .box_h = 12, .ofs_x = 0, .ofs_y = 0},
    {.bitmap_index = 15997, .adv_w = 281, .box_w = 14, .box_h = 12, .ofs_x = 2, .ofs_y = 0},
    {.bitmap_index = 16059, .adv_w = 240, .box_w = 11, .box_h = 12, .ofs_x = 2, .ofs_y = 0},
    {.bitmap_index = 16080, .adv_w = 226, .box_w = 14, .box_h = 12, .ofs_x = 0, .ofs_y = 0},
    {.bitmap_index = 16154, .adv_w = 238, .box_w = 11, .box_h = 12, .ofs_x = 2, .ofs_y = 0},
    {.bitmap_index = 16170, .adv_w = 242, .box_w = 13, .box_h = 16, .ofs_x = 2, .ofs_y = -4},
    {.bitmap_index = 16245, .adv_w = 201, .box_w = 12, .box_h = 12, .ofs_x = 0, .ofs_y = 0},
    {.bitmap_index = 16305, .adv_w = 174, .box_w = 11, .box_h = 12, .ofs_x = 0, .ofs_y = 0},
    {.bitmap_index = 16324, .adv_w = 201, .box_w = 14, .box_h = 16, .ofs_x = -1, .ofs_y = -4},
    {.bitmap_index = 16412, .adv_w = 283, .box_w = 17, .box_h = 21, .ofs_x = 0, .ofs_y = -4},
    {.bitmap_index = 16511, .adv_w = 190, .box_w = 12, .box_h = 12, .ofs_x = 0, .ofs_y = 0},
    {.bitmap_index = 16575, .adv_w = 243, .box_w = 13, .box_h = 15, .ofs_x = 2, .ofs_y = -3},
    {.bitmap_index = 16603, .adv_w = 214, .box_w = 12, .box_h = 12, .ofs_x = 0, .ofs_y = 0},
    {.bitmap_index = 16639, .adv_w = 331, .box_w = 17, .box_h = 12, .ofs_x = 2, .ofs_y = 0},
    {.bitmap_index = 16667, .adv_w = 331, .box_w = 19, .box_h = 15, .ofs_x = 2, .ofs_y = -3},
    {.bitmap_index = 16707, .adv_w = 225, .box_w = 14, .box_h = 12, .ofs_x = 0, .ofs_y = 0},
    {.bitmap_index = 16759, .adv_w = 284, .box_w = 14, .box_h = 12, .ofs_x = 2, .ofs_y = 0},
    {.bitmap_index = 16806, .adv_w = 202, .box_w = 10, .box_h = 12, .ofs_x = 2, .ofs_y = 0},
    {.bitmap_index = 16845, .adv_w = 202, .box_w = 12, .box_h = 12, .ofs_x = 0, .ofs_y = 0},
    {.bitmap_index = 16907, .adv_w = 308, .box_w = 17, .box_h = 12, .ofs_x = 2, .ofs_y = 0},
    {.bitmap_index = 16989, .adv_w = 215, .box_w = 11, .box_h = 12, .ofs_x = 1, .ofs_y = 0},
    {.bitmap_index = 17040, .adv_w = 222, .box_w = 13, .box_h = 17, .ofs_x = 0, .ofs_y = 0},
    {.bitmap_index = 17126, .adv_w = 221, .box_w = 13, .box_h = 16, .ofs_x = 0, .ofs_y = 0},
    {.bitmap_index = 17214, .adv_w = 238, .box_w = 15, .box_h = 21, .ofs_x = -1, .ofs_y = -4},
    {.bitmap_index = 17300, .adv_w = 172, .box_w = 9, .box_h = 17, .ofs_x = 2, .ofs_y = 0},
    {.bitmap_index = 17333, .adv_w = 203, .box_w = 13, .box_h = 12, .ofs_x = 0, .ofs_y = 0},
    {.bitmap_index = 17397, .adv_w = 189, .box_w = 11, .box_h = 12, .ofs_x = 0, .ofs_y = 0},
    {.bitmap_index = 17460, .adv_w = 100, .box_w = 4, .box_h = 17, .ofs_x = 1, .ofs_y = 0},
    {.bitmap_index = 17475, .adv_w = 98, .box_w = 6, .box_h = 16, .ofs_x = 0, .ofs_y = 0},
    {.bitmap_index = 17493, .adv_w = 100, .box_w = 8, .box_h = 22, .ofs_x = -3, .ofs_y = -4},
    {.bitmap_index = 17530, .adv_w = 328, .box_w = 20, .box_h = 12, .ofs_x = 0, .ofs_y = 0},
    {.bitmap_index = 17612, .adv_w = 335, .box_w = 19, .box_h = 12, .ofs_x = 2, .ofs_y = 0},
    {.bitmap_index = 17668, .adv_w = 237, .box_w = 15, .box_h = 17, .ofs_x = -1, .ofs_y = 0},
    {.bitmap_index = 17737, .adv_w = 210, .box_w = 11, .box_h = 17, .ofs_x = 2, .ofs_y = 0},
    {.bitmap_index = 17807, .adv_w = 244, .box_w = 12, .box_h = 17, .ofs_x = 2, .ofs_y = 0},
    {.bitmap_index = 17874, .adv_w = 201, .box_w = 14, .box_h = 21, .ofs_x = -1, .ofs_y = -4},
    {.bitmap_index = 17988, .adv_w = 227, .box_w = 11, .box_h = 15, .ofs_x = 2, .ofs_y = -3},
    {.bitmap_index = 18014, .adv_w = 285, .box_w = 17, .box_h = 17, .ofs_x = 0, .ofs_y = 0},
    {.bitmap_index = 18095, .adv_w = 216, .box_w = 13, .box_h = 17, .ofs_x = 0, .ofs_y = 0},
    {.bitmap_index = 18157, .adv_w = 317, .box_w = 20, .box_h = 16, .ofs_x = 0, .ofs_y = 0},
    {.bitmap_index = 18275, .adv_w = 248, .box_w = 16, .box_h = 12, .ofs_x = 0, .ofs_y = 0},
    {.bitmap_index = 18352, .adv_w = 298, .box_w = 17, .box_h = 16, .ofs_x = 1, .ofs_y = 0},
    {.bitmap_index = 18459, .adv_w = 229, .box_w = 14, .box_h = 12, .ofs_x = 0, .ofs_y = 0},
    {.bitmap_index = 18535, .adv_w = 268, .box_w = 17, .box_h = 17, .ofs_x = 0, .ofs_y = 0},
    {.bitmap_index = 18640, .adv_w = 210, .box_w = 14, .box_h = 13, .ofs_x = 0, .ofs_y = 0},
    {.bitmap_index = 18712, .adv_w = 296, .box_w = 16, .box_h = 24, .ofs_x = 2, .ofs_y = -4},
    {.bitmap_index = 18832, .adv_w = 252, .box_w = 14, .box_h = 20, .ofs_x = 2, .ofs_y = -3},
    {.bitmap_index = 18925, .adv_w = 260, .box_w = 16, .box_h = 17, .ofs_x = 0, .ofs_y = 0},
    {.bitmap_index = 19005, .adv_w = 213, .box_w = 13, .box_h = 12, .ofs_x = 0, .ofs_y = 0},
    {.bitmap_index = 19064, .adv_w = 258, .box_w = 13, .box_h = 16, .ofs_x = 2, .ofs_y = 0},
    {.bitmap_index = 19141, .adv_w = 246, .box_w = 13, .box_h = 16, .ofs_x = 2, .ofs_y = -4},
    {.bitmap_index = 19223, .adv_w = 205, .box_w = 11, .box_h = 19, .ofs_x = 2, .ofs_y = 0},
    {.bitmap_index = 19246, .adv_w = 164, .box_w = 9, .box_h = 15, .ofs_x = 2, .ofs_y = 0},
    {.bitmap_index = 19269, .adv_w = 218, .box_w = 14, .box_h = 16, .ofs_x = 0, .ofs_y = 0},
    {.bitmap_index = 19303, .adv_w = 182, .box_w = 11, .box_h = 12, .ofs_x = 0, .ofs_y = 0},
    {.bitmap_index = 19334, .adv_w = 247, .box_w = 13, .box_h = 20, .ofs_x = 2, .ofs_y = -4},
    {.bitmap_index = 19410, .adv_w = 212, .box_w = 11, .box_h = 17, .ofs_x = 2, .ofs_y = -5},
    {.bitmap_index = 19478, .adv_w = 376, .box_w = 24, .box_h = 20, .ofs_x = 0, .ofs_y = -4},
    {.bitmap_index = 19621, .adv_w = 310, .box_w = 20, .box_h = 15, .ofs_x = 0, .ofs_y = -3},
    {.bitmap_index = 19726, .adv_w = 223, .box_w = 13, .box_h = 20, .ofs_x = 0, .ofs_y = -4},
    {.bitmap_index = 19824, .adv_w = 191, .box_w = 11, .box_h = 15, .ofs_x = 0, .ofs_y = -3},
    {.bitmap_index = 19897, .adv_w = 266, .box_w = 15, .box_h = 20, .ofs_x = 2, .ofs_y = -4},
    {.bitmap_index = 19980, .adv_w = 210, .box_w = 12, .box_h = 15, .ofs_x = 2, .ofs_y = -3},
    {.bitmap_index = 20041, .adv_w = 260, .box_w = 14, .box_h = 16, .ofs_x = 2, .ofs_y = 0},
    {.bitmap_index = 20117, .adv_w = 216, .box_w = 12, .box_h = 12, .ofs_x = 2, .ofs_y = 0},
    {.bitmap_index = 20173, .adv_w = 258, .box_w = 16, .box_h = 16, .ofs_x = 0, .ofs_y = 0},
    {.bitmap_index = 20262, .adv_w = 210, .box_w = 13, .box_h = 17, .ofs_x = 0, .ofs_y = 0},
    {.bitmap_index = 20339, .adv_w = 291, .box_w = 18, .box_h = 16, .ofs_x = 0, .ofs_y = 0},
    {.bitmap_index = 20426, .adv_w = 236, .box_w = 15, .box_h = 12, .ofs_x = 0, .ofs_y = 0},
    {.bitmap_index = 20487, .adv_w = 298, .box_w = 17, .box_h = 20, .ofs_x = 2, .ofs_y = -4},
    {.bitmap_index = 20528, .adv_w = 247, .box_w = 13, .box_h = 15, .ofs_x = 2, .ofs_y = -3},
    {.bitmap_index = 20565, .adv_w = 383, .box_w = 22, .box_h = 16, .ofs_x = 2, .ofs_y = 0},
    {.bitmap_index = 20597, .adv_w = 312, .box_w = 18, .box_h = 12, .ofs_x = 2, .ofs_y = 0},
    {.bitmap_index = 20632, .adv_w = 421, .box_w = 24, .box_h = 20, .ofs_x = 2, .ofs_y = -4},
    {.bitmap_index = 20728, .adv_w = 344, .box_w = 20, .box_h = 17, .ofs_x = 2, .ofs_y = -5},
    {.bitmap_index = 20816, .adv_w = 343, .box_w = 19, .box_h = 16, .ofs_x = 1, .ofs_y = 0},
    {.bitmap_index = 20955, .adv_w = 279, .box_w = 16, .box_h = 12, .ofs_x = 1, .ofs_y = 0},
    {.bitmap_index = 21049, .adv_w = 253, .box_w = 15, .box_h = 20, .ofs_x = 1, .ofs_y = -4},
    {.bitmap_index = 21149, .adv_w = 201, .box_w = 12, .box_h = 15, .ofs_x = 0, .ofs_y = -3},
    {.bitmap_index = 21219, .adv_w = 212, .box_w = 13, .box_h = 20, .ofs_x = 0, .ofs_y = -4},
    {.bitmap_index = 21251, .adv_w = 174, .box_w = 11, .box_h = 15, .ofs_x = 0, .ofs_y = -3},
    {.bitmap_index = 21281, .adv_w = 235, .box_w = 15, .box_h = 16, .ofs_x = 0, .ofs_y = 0},
    {.bitmap_index = 21350, .adv_w = 202, .box_w = 13, .box_h = 16, .ofs_x = 0, .ofs_y = -4},
    {.bitmap_index = 21419, .adv_w = 235, .box_w = 15, .box_h = 16, .ofs_x = 0, .ofs_y = 0},
    {.bitmap_index = 21495, .adv_w = 202, .box_w = 13, .box_h = 16, .ofs_x = 0, .ofs_y = -4},
    {.bitmap_index = 21574, .adv_w = 248, .box_w = 16, .box_h = 20, .ofs_x = 0, .ofs_y = -4},
    {.bitmap_index = 21683, .adv_w = 190, .box_w = 13, .box_h = 15, .ofs_x = 0, .ofs_y = -3},
    {.bitmap_index = 21760, .adv_w = 343, .box_w = 21, .box_h = 20, .ofs_x = 0, .ofs_y = -4},
    {.bitmap_index = 21809, .adv_w = 271, .box_w = 17, .box_h = 15, .ofs_x = 0, .ofs_y = -3},
    {.bitmap_index = 21852, .adv_w = 262, .box_w = 16, .box_h = 20, .ofs_x = 0, .ofs_y = -4},
    {.bitmap_index = 21912, .adv_w = 223, .box_w = 14, .box_h = 15, .ofs_x = 0, .ofs_y = -3},
    {.bitmap_index = 21964, .adv_w = 259, .box_w = 14, .box_h = 16, .ofs_x = 0, .ofs_y = 0},
    {.bitmap_index = 22018, .adv_w = 214, .box_w = 12, .box_h = 12, .ofs_x = 0, .ofs_y = 0},
    {.bitmap_index = 22063, .adv_w = 259, .box_w = 13, .box_h = 16, .ofs_x = 2, .ofs_y = 0},
    {.bitmap_index = 22103, .adv_w = 237, .box_w = 12, .box_h = 17, .ofs_x = 2, .ofs_y = 0},
    {.bitmap_index = 22145, .adv_w = 348, .box_w = 21, .box_h = 16, .ofs_x = 0, .ofs_y = 0},
    {.bitmap_index = 22271, .adv_w = 271, .box_w = 17, .box_h = 12, .ofs_x = 0, .ofs_y = 0},
    {.bitmap_index = 22355, .adv_w = 348, .box_w = 21, .box_h = 20, .ofs_x = 0, .ofs_y = -4},
    {.bitmap_index = 22492, .adv_w = 271, .box_w = 17, .box_h = 15, .ofs_x = 0, .ofs_y = -3},
    {.bitmap_index = 22587, .adv_w = 112, .box_w = 3, .box_h = 16, .ofs_x = 2, .ofs_y = 0},
    {.bitmap_index = 22592, .adv_w = 362, .box_w = 23, .box_h = 20, .ofs_x = 0, .ofs_y = 0},
    {.bitmap_index = 22748, .adv_w = 299, .box_w = 19, .box_h = 17, .ofs_x = 0, .ofs_y = 0},
    {.bitmap_index = 22868, .adv_w = 251, .box_w = 14, .box_h = 20, .ofs_x = 2, .ofs_y = -4},
    {.bitmap_index = 22960, .adv_w = 210, .box_w = 11, .box_h = 16, .ofs_x = 2, .ofs_y = -4},
    {.bitmap_index = 23028, .adv_w = 284, .box_w = 18, .box_h = 20, .ofs_x = 0, .ofs_y = -4},
    {.bitmap_index = 23119, .adv_w = 233, .box_w = 14, .box_h = 15, .ofs_x = 0, .ofs_y = -3},
    {.bitmap_index = 23183, .adv_w = 288, .box_w = 14, .box_h = 21, .ofs_x = 2, .ofs_y = -5},
    {.bitmap_index = 23232, .adv_w = 242, .box_w = 12, .box_h = 16, .ofs_x = 2, .ofs_y = -4},
    {.bitmap_index = 23271, .adv_w = 295, .box_w = 16, .box_h = 20, .ofs_x = 2, .ofs_y = -4},
    {.bitmap_index = 23322, .adv_w = 247, .box_w = 13, .box_h = 15, .ofs_x = 2, .ofs_y = -3},
    {.bitmap_index = 23362, .adv_w = 258, .box_w = 13, .box_h = 20, .ofs_x = 1, .ofs_y = -4},
    {.bitmap_index = 23421, .adv_w = 213, .box_w = 12, .box_h = 15, .ofs_x = 0, .ofs_y = -3},
    {.bitmap_index = 23469, .adv_w = 348, .box_w = 20, .box_h = 20, .ofs_x = 2, .ofs_y = -4},
    {.bitmap_index = 23589, .adv_w = 291, .box_w = 16, .box_h = 15, .ofs_x = 2, .ofs_y = -3},
    {.bitmap_index = 23671, .adv_w = 100, .box_w = 3, .box_h = 17, .ofs_x = 2, .ofs_y = 0},
    {.bitmap_index = 23678, .adv_w = 267, .box_w = 17, .box_h = 20, .ofs_x = 0, .ofs_y = 0},
    {.bitmap_index = 23800, .adv_w = 207, .box_w = 11, .box_h = 17, .ofs_x = 1, .ofs_y = 0},
    {.bitmap_index = 23886, .adv_w = 267, .box_w = 17, .box_h = 20, .ofs_x = 0, .ofs_y = 0},
    {.bitmap_index = 24006, .adv_w = 207, .box_w = 11, .box_h = 16, .ofs_x = 1, .ofs_y = 0},
    {.bitmap_index = 24089, .adv_w = 368, .box_w = 22, .box_h = 16, .ofs_x = 0, .ofs_y = 0},
    {.bitmap_index = 24186, .adv_w = 350, .box_w = 20, .box_h = 12, .ofs_x = 1, .ofs_y = 0},
    {.bitmap_index = 24296, .adv_w = 234, .box_w = 12, .box_h = 20, .ofs_x = 2, .ofs_y = 0},
    {.bitmap_index = 24350, .adv_w = 222, .box_w = 13, .box_h = 17, .ofs_x = 0, .ofs_y = 0},
    {.bitmap_index = 24442, .adv_w = 290, .box_w = 17, .box_h = 16, .ofs_x = 0, .ofs_y = 0},
    {.bitmap_index = 24547, .adv_w = 215, .box_w = 13, .box_h = 12, .ofs_x = 0, .ofs_y = 0},
    {.bitmap_index = 24615, .adv_w = 290, .box_w = 17, .box_h = 20, .ofs_x = 0, .ofs_y = 0},
    {.bitmap_index = 24743, .adv_w = 216, .box_w = 13, .box_h = 16, .ofs_x = 0, .ofs_y = 0},
    {.bitmap_index = 24831, .adv_w = 362, .box_w = 23, .box_h = 20, .ofs_x = 0, .ofs_y = 0},
    {.bitmap_index = 24985, .adv_w = 299, .box_w = 19, .box_h = 16, .ofs_x = 0, .ofs_y = 0},
    {.bitmap_index = 25100, .adv_w = 223, .box_w = 13, .box_h = 20, .ofs_x = 0, .ofs_y = 0},
    {.bitmap_index = 25207, .adv_w = 191, .box_w = 11, .box_h = 16, .ofs_x = 0, .ofs_y = 0},
    {.bitmap_index = 25289, .adv_w = 220, .box_w = 13, .box_h = 16, .ofs_x = 0, .ofs_y = 0},
    {.bitmap_index = 25366, .adv_w = 186, .box_w = 12, .box_h = 16, .ofs_x = -1, .ofs_y = -4},
    {.bitmap_index = 25441, .adv_w = 290, .box_w = 14, .box_h = 20, .ofs_x = 2, .ofs_y = 0},
    {.bitmap_index = 25524, .adv_w = 244, .box_w = 12, .box_h = 16, .ofs_x = 2, .ofs_y = 0},
    {.bitmap_index = 25585, .adv_w = 290, .box_w = 14, .box_h = 20, .ofs_x = 2, .ofs_y = 0},
    {.bitmap_index = 25675, .adv_w = 244, .box_w = 12, .box_h = 16, .ofs_x = 2, .ofs_y = 0},
    {.bitmap_index = 25742, .adv_w = 298, .box_w = 17, .box_h = 20, .ofs_x = 1, .ofs_y = 0},
    {.bitmap_index = 25870, .adv_w = 226, .box_w = 14, .box_h = 16, .ofs_x = 0, .ofs_y = 0},
    {.bitmap_index = 25966, .adv_w = 298, .box_w = 17, .box_h = 16, .ofs_x = 1, .ofs_y = 0},
    {.bitmap_index = 26073, .adv_w = 226, .box_w = 14, .box_h = 12, .ofs_x = 0, .ofs_y = 0},
    {.bitmap_index = 26149, .adv_w = 298, .box_w = 17, .box_h = 20, .ofs_x = 1, .ofs_y = 0},
    {.bitmap_index = 26278, .adv_w = 226, .box_w = 14, .box_h = 16, .ofs_x = 0, .ofs_y = 0},
    {.bitmap_index = 26376, .adv_w = 249, .box_w = 15, .box_h = 20, .ofs_x = 0, .ofs_y = 0},
    {.bitmap_index = 26493, .adv_w = 202, .box_w = 12, .box_h = 16, .ofs_x = 0, .ofs_y = 0},
    {.bitmap_index = 26575, .adv_w = 243, .box_w = 15, .box_h = 21, .ofs_x = 0, .ofs_y = -1},
    {.bitmap_index = 26686, .adv_w = 201, .box_w = 14, .box_h = 20, .ofs_x = -1, .ofs_y = -4},
    {.bitmap_index = 26788, .adv_w = 243, .box_w = 15, .box_h = 21, .ofs_x = 0, .ofs_y = -1},
    {.bitmap_index = 26903, .adv_w = 201, .box_w = 14, .box_h = 20, .ofs_x = -1, .ofs_y = -4},
    {.bitmap_index = 27013, .adv_w = 243, .box_w = 15, .box_h = 21, .ofs_x = 0, .ofs_y = -1},
    {.bitmap_index = 27130, .adv_w = 201, .box_w = 14, .box_h = 21, .ofs_x = -1, .ofs_y = -4},
    {.bitmap_index = 27242, .adv_w = 253, .box_w = 14, .box_h = 20, .ofs_x = 0, .ofs_y = 0},
    {.bitmap_index = 27308, .adv_w = 214, .box_w = 12, .box_h = 16, .ofs_x = 0, .ofs_y = 0},
    {.bitmap_index = 27365, .adv_w = 203, .box_w = 11, .box_h = 20, .ofs_x = 2, .ofs_y = -4},
    {.bitmap_index = 27396, .adv_w = 172, .box_w = 9, .box_h = 15, .ofs_x = 2, .ofs_y = -3},
    {.bitmap_index = 27420, .adv_w = 350, .box_w = 18, .box_h = 20, .ofs_x = 2, .ofs_y = 0},
    {.bitmap_index = 27514, .adv_w = 284, .box_w = 14, .box_h = 16, .ofs_x = 2, .ofs_y = 0},
    {.bitmap_index = 27583, .adv_w = 218, .box_w = 14, .box_h = 20, .ofs_x = 0, .ofs_y = -4},
    {.bitmap_index = 27641, .adv_w = 173, .box_w = 11, .box_h = 16, .ofs_x = 0, .ofs_y = -4},
    {.bitmap_index = 27695, .adv_w = 237, .box_w = 15, .box_h = 20, .ofs_x = 0, .ofs_y = -4},
    {.bitmap_index = 27813, .adv_w = 190, .box_w = 12, .box_h = 16, .ofs_x = 0, .ofs_y = -4},
    {.bitmap_index = 27898, .adv_w = 241, .box_w = 15, .box_h = 16, .ofs_x = 0, .ofs_y = 0},
    {.bitmap_index = 28001, .adv_w = 200, .box_w = 13, .box_h = 12, .ofs_x = 0, .ofs_y = 0},
    {.bitmap_index = 28073, .adv_w = 269, .box_w = 14, .box_h = 16, .ofs_x = 2, .ofs_y = 0},
    {.bitmap_index = 28166, .adv_w = 176, .box_w = 11, .box_h = 2, .ofs_x = 0, .ofs_y = 5},
    {.bitmap_index = 28171, .adv_w = 352, .box_w = 22, .box_h = 2, .ofs_x = 0, .ofs_y = 5},
    {.bitmap_index = 28178, .adv_w = 80, .box_w = 3, .box_h = 7, .ofs_x = 1, .ofs_y = 10},
    {.bitmap_index = 28189, .adv_w = 80, .box_w = 3, .box_h = 7, .ofs_x = 1, .ofs_y = 10},
    {.bitmap_index = 28200, .adv_w = 146, .box_w = 8, .box_h = 7, .ofs_x = 1, .ofs_y = 10},
    {.bitmap_index = 28229, .adv_w = 146, .box_w = 8, .box_h = 7, .ofs_x = 1, .ofs_y = 10},
    {.bitmap_index = 28258, .adv_w = 146, .box_w = 8, .box_h = 7, .ofs_x = 1, .ofs_y = -3},
    {.bitmap_index = 28286, .adv_w = 111, .box_w = 5, .box_h = 5, .ofs_x = 1, .ofs_y = 4},
    {.bitmap_index = 28297, .adv_w = 243, .box_w = 14, .box_h = 4, .ofs_x = 1, .ofs_y = 0}
};

/*---------------------
 *  CHARACTER MAPPING
 *--------------------*/

static const uint16_t unicode_list_1[] = {
    0x0, 0xb, 0x10, 0x1b, 0x20, 0x21, 0x22, 0x24,
    0x26, 0x27, 0x28, 0x29, 0x2a, 0x2b, 0x2d, 0x2e,
    0x2f, 0x33, 0x34, 0x36, 0x39, 0x3a, 0x3b, 0x3c,
    0x3d, 0x3f, 0x40, 0x41, 0x42, 0x44, 0x46, 0x47,
    0x48, 0x49, 0x4a, 0x4b, 0x4d, 0x4e, 0x4f, 0x53,
    0x54, 0x56, 0x59, 0x5a, 0x5b, 0x5c, 0x5d, 0x5f,
    0x64, 0x65, 0x66, 0x67, 0x6c, 0x6d, 0x6e, 0x6f,
    0x78, 0x79, 0x99, 0x9a, 0x9d, 0x9e, 0xa1, 0xa2,
    0xa3, 0xa4, 0xa7, 0xa8, 0xb2, 0xb3, 0xb4, 0xb5,
    0xba, 0xbb, 0xc0, 0xc1, 0xc4, 0xc5, 0xd8, 0xd9,
    0xda, 0xdb, 0xdc, 0xdd, 0xde
};

static const uint16_t unicode_list_3[] = {
    0x0, 0x1, 0x8, 0x9, 0x10, 0x11, 0x12, 0x13
};

static const uint16_t unicode_list_5[] = {
    0x0, 0x175, 0x176, 0x17a, 0x17b, 0x17e, 0x17f, 0x180,
    0x184, 0x188
};

/*Collect the unicode lists and glyph_id offsets*/
static const lv_font_fmt_txt_cmap_t cmaps[] =
{
    {
        .range_start = 32, .range_length = 95, .glyph_id_start = 1,
        .unicode_list = NULL, .glyph_id_ofs_list = NULL, .list_length = 0, .type = LV_FONT_FMT_TXT_CMAP_FORMAT0_TINY
    },
    {
        .range_start = 160, .range_length = 223, .glyph_id_start = 96,
        .unicode_list = unicode_list_1, .glyph_id_ofs_list = NULL, .list_length = 85, .type = LV_FONT_FMT_TXT_CMAP_SPARSE_TINY
    },
    {
        .range_start = 1024, .range_length = 96, .glyph_id_start = 181,
        .unicode_list = NULL, .glyph_id_ofs_list = NULL, .list_length = 0, .type = LV_FONT_FMT_TXT_CMAP_FORMAT0_TINY
    },
    {
        .range_start = 1122, .range_length = 20, .glyph_id_start = 277,
        .unicode_list = unicode_list_3, .glyph_id_ofs_list = NULL, .list_length = 8, .type = LV_FONT_FMT_TXT_CMAP_SPARSE_TINY
    },
    {
        .range_start = 1162, .range_length = 118, .glyph_id_start = 285,
        .unicode_list = NULL, .glyph_id_ofs_list = NULL, .list_length = 0, .type = LV_FONT_FMT_TXT_CMAP_FORMAT0_TINY
    },
    {
        .range_start = 7838, .range_length = 393, .glyph_id_start = 403,
        .unicode_list = unicode_list_5, .glyph_id_ofs_list = NULL, .list_length = 10, .type = LV_FONT_FMT_TXT_CMAP_SPARSE_TINY
    }
};

/*-----------------
 *    KERNING
 *----------------*/


/*Map glyph_ids to kern left classes*/
static const uint8_t kern_left_class_mapping[] =
{
    0, 0, 1, 2, 0, 3, 4, 5,
    2, 6, 0, 7, 8, 9, 8, 9,
    10, 11, 0, 12, 13, 14, 15, 16,
    17, 18, 11, 19, 19, 0, 0, 0,
    20, 21, 0, 0, 0, 0, 0, 0,
    0, 0, 0, 0, 0, 0, 0, 0,
    0, 0, 0, 0, 0, 0, 0, 0,
    0, 0, 0, 0, 22, 23, 0, 0,
    24, 0, 0, 0, 0, 0, 0, 0,
    0, 0, 0, 0, 0, 0, 0, 0,
    0, 0, 0, 0, 0, 0, 0, 0,
    0, 0, 0, 0, 22, 0, 0, 8,
    0, 25, 26, 8, 0, 0, 0, 0,
    0, 0, 0, 0, 0, 0, 0, 0,
    0, 0, 0, 0, 0, 0, 0, 0,
    0, 0, 0, 0, 0, 0, 0, 0,
    0, 0, 0, 0, 0, 0, 0, 0,
    0, 0, 0, 0, 0, 0, 0, 0,
    0, 0, 0, 0, 0, 0, 0, 0,
    0, 0, 0, 0, 0, 0, 0, 0,
    0, 0, 0, 0, 0, 0, 0, 0,
    0, 0, 0, 0, 0, 0, 0, 0,
    0, 0, 0, 0, 0, 0, 0, 0,
    0, 0, 0, 0, 0, 0, 0, 0,
    0, 0, 0, 0, 0, 0, 0, 0,
    0, 0, 0, 0, 0, 0, 0, 0,
    0, 0, 0, 0, 0, 0, 0, 0,
    0, 0, 0, 0, 0, 0, 0, 0,
    0, 0, 0, 0, 0, 0, 0, 0,
    0, 0, 0, 0, 0, 0, 0, 0,
    0, 0, 0, 0, 0, 0, 0, 0,
    0, 0, 0, 0, 0, 0, 0, 0,
    0, 0, 0, 0, 0, 0, 0, 0,
    0, 0, 0, 0, 0, 0, 0, 0,
    0, 0, 0, 0, 0, 0, 0, 0,
    0, 0, 0, 0, 0, 0, 0, 0,
    0, 0, 0, 0, 0, 0, 0, 0,
    0, 0, 0, 0, 0, 0, 0, 0,
    0, 0, 0, 0, 0, 0, 0, 0,
    0, 0, 0, 0, 0, 0, 0, 0,
    0, 0, 0, 0, 0, 0, 0, 0,
    0, 0, 0, 0, 0, 0, 0, 0,
    0, 0, 0, 0, 0, 0, 0, 0,
    0, 0, 0, 0, 0, 0, 0, 0,
    0, 0, 0, 0, 0, 0, 0, 0,
    0, 0, 0, 0, 0, 0, 0, 0,
    0, 0, 0, 0, 0, 0, 0, 0,
    0, 0, 0, 0, 0, 0, 0, 0,
    0, 0, 0, 0, 0, 0, 0, 0,
    0, 0, 0, 0, 0, 0, 0, 0,
    0, 0, 0, 0, 8, 0, 27, 28,
    27, 28, 9, 8, 9
};

/*Map glyph_ids to kern right classes*/
static const uint8_t kern_right_class_mapping[] =
{
    0, 0, 1, 2, 0, 3, 4, 5,
    2, 0, 6, 7, 8, 9, 8, 9,
    10, 11, 12, 13, 14, 15, 16, 11,
    17, 18, 19, 20, 20, 0, 0, 0,
    21, 22, 0, 0, 0, 0, 0, 0,
    0, 0, 0, 0, 0, 0, 0, 0,
    0, 0, 0, 0, 0, 0, 0, 0,
    0, 0, 0, 0, 23, 24, 25, 0,
    26, 0, 0, 0, 0, 0, 0, 0,
    0, 0, 0, 0, 0, 0, 0, 0,
    0, 0, 0, 0, 0, 0, 0, 0,
    0, 0, 0, 0, 0, 0, 25, 8,
    0, 8, 27, 28, 0, 0, 0, 0,
    0, 0, 0, 0, 0, 0, 0, 0,
    0, 0, 0, 0, 0, 0, 0, 0,
    0, 0, 0, 0, 0, 0, 0, 0,
    0, 0, 0, 0, 0, 0, 0, 0,
    0, 0, 0, 0, 0, 0, 0, 0,
    0, 0, 0, 0, 0, 0, 0, 0,
    0, 0, 0, 0, 0, 0, 0, 0,
    0, 0, 0, 0, 0, 0, 0, 0,
    0, 0, 0, 0, 0, 0, 0, 0,
    0, 0, 0, 0, 0, 0, 0, 0,
    0, 0, 0, 0, 0, 0, 0, 0,
    0, 0, 0, 0, 0, 0, 0, 0,
    0, 0, 0, 0, 0, 0, 0, 0,
    0, 0, 0, 0, 0, 0, 0, 0,
    0, 0, 0, 0, 0, 0, 0, 0,
    0, 0, 0, 0, 0, 0, 0, 0,
    0, 0, 0, 0, 0, 0, 0, 0,
    0, 0, 0, 0, 0, 0, 0, 0,
    0, 0, 0, 0, 0, 0, 0, 0,
    0, 0, 0, 0, 0, 0, 0, 0,
    0, 0, 0, 0, 0, 0, 0, 0,
    0, 0, 0, 0, 0, 0, 0, 0,
    0, 0, 0, 0, 0, 0, 0, 0,
    0, 0, 0, 0, 0, 0, 0, 0,
    0, 0, 0, 0, 0, 0, 0, 0,
    0, 0, 0, 0, 0, 0, 0, 0,
    0, 0, 0, 0, 0, 0, 0, 0,
    0, 0, 0, 0, 0, 0, 0, 0,
    0, 0, 0, 0, 0, 0, 0, 0,
    0, 0, 0, 0, 0, 0, 0, 0,
    0, 0, 0, 0, 0, 0, 0, 0,
    0, 0, 0, 0, 0, 0, 0, 0,
    0, 0, 0, 0, 0, 0, 0, 0,
    0, 0, 0, 0, 0, 0, 0, 0,
    0, 0, 0, 0, 0, 0, 0, 0,
    0, 0, 0, 0, 0, 0, 0, 0,
    0, 0, 0, 0, 0, 0, 0, 0,
    0, 0, 0, 0, 8, 0, 29, 30,
    29, 30, 9, 8, 9
};

/*Kern values between classes*/
static const int8_t kern_class_values[] =
{
    0, 0, 0, 0, 0, 0, 2, 0,
    0, 0, 0, 4, 0, 0, 0, 0,
    2, 0, 0, 0, 0, 0, 0, 0,
    0, 0, 0, 0, 0, 0, 0, 16,
    0, 10, -8, 0, 7, 0, -19, -21,
    2, 17, 8, 6, -14, 2, 17, 0,
    15, 4, 11, -6, 0, 21, 3, -2,
    7, 0, 0, 0, 0, -11, 0, 0,
    0, 0, -7, 6, 7, 0, 0, -4,
    0, -2, 4, 0, -4, 0, -4, -2,
    -7, 0, 0, -4, 0, -7, -5, 0,
    -9, -4, 0, -10, 0, -43, 0, -7,
    -18, 7, 11, 0, 0, -7, 4, 4,
    12, 7, -6, 7, 0, 0, -20, 0,
    0, -13, 0, 0, -10, 0, -7, -7,
    -4, -17, 0, -14, -2, 0, -11, 0,
    1, 14, 0, -11, -3, 0, 0, 0,
    -6, 0, 0, -2, -26, 0, 0, -28,
    -3, 13, -14, 0, -11, -9, 0, 0,
    0, 0, 0, 0, 0, 0, 0, 12,
    0, 4, 0, 0, -7, 0, 0, 0,
    0, 0, 0, 0, 0, 13, 3, 0,
    0, 0, 0, 0, 2, 7, 4, 11,
    -4, 0, 7, -4, -12, -48, 2, 10,
    7, 0, -5, 0, 13, 0, 11, 0,
    11, 0, 0, 0, 0, -4, 11, 5,
    11, 11, 0, 0, -6, -13, 0, 0,
    -4, 0, -2, 0, 2, -6, -5, -7,
    2, 0, -4, 0, 0, 0, -14, 2,
    0, -23, 0, 0, 0, -4, 0, 0,
    0, -19, 4, -22, 0, 0, -12, -2,
    0, 35, -4, -5, 4, 4, -3, 0,
    -5, 4, 0, 0, -19, -7, 0, -34,
    0, 4, -22, 0, -6, -6, 0, 21,
    -7, 0, -13, 12, 0, -24, -34, -24,
    -7, 11, 0, 0, -24, 0, 4, -8,
    0, -5, 0, -7, 0, 9, 11, -43,
    17, -17, 17, 18, 0, 2, 0, 0,
    0, 0, 2, 2, -4, -7, 0, 0,
    0, -4, 0, 0, -2, 0, 0, 0,
    -7, 0, 0, -7, 0, -7, 0, 0,
    0, 0, 0, 0, 0, 4, -2, 0,
    0, -2, 4, 4, 0, 0, 0, 0,
    -7, 0, 0, 0, 0, 0, 0, 0,
    0, -2, 0, 11, 0, 0, 0, 0,
    0, -4, 0, -4, 0, 0, 0, 0,
    0, 0, 0, 0, -2, -2, 0, -4,
    -4, 0, 0, 0, 0, 0, 0, 0,
    0, 0, -5, 0, 0, 0, 0, -11,
    -2, -11, 7, 0, -7, 4, 7, 10,
    0, -9, 0, -4, 0, 0, -17, 4,
    -2, 2, -19, 4, 0, -18, 0, 7,
    -11, 0, -8, -4, 0, 0, 0, -4,
    0, 0, -4, 0, 0, 0, 0, 0,
    -2, -2, 0, -2, -5, 0, 0, 0,
    0, 0, 0, -4, 0, 0, -4, 0,
    0, 0, 0, -2, 0, -7, 4, 0,
    -4, 2, 4, 4, 0, 0, 0, 0,
    0, 0, -2, 0, 0, 0, 0, 0,
    0, 0, 0, 0, -7, 0, -4, 0,
    0, 11, -2, 0, -11, 0, 10, -18,
    -18, -15, -7, 4, 0, -3, -23, -6,
    0, -6, 0, -7, 5, -6, 0, 4,
    -1, -11, 2, -6, 4, 7, 0, 0,
    0, -4, 0, 0, 2, 0, 4, 0,
    0, 0, 0, 0, 0, 0, 0, 0,
    0, 0, -4, 0, 0, -11, 0, 0,
    0, 0, -2, 0, 0, 4, 0, 0,
    0, 0, 0, 0, 0, 17, 0, 0,
    0, 0, 0, 0, 2, 0, 0, 0,
    -4, 0, 0, -6, 0, 4, 0, 0,
    0, 0, -2, 0, 0, 0, -7, 0,
    4, 0, -18, -11, 0, 0, 0, -5,
    -18, 0, 0, -4, 4, 0, -16, 0,
    -6, 0, 0, -7, 4, 4, 8, 8,
    0, -6, 0, 0, 0, 4, 0, 2,
    -7, -7, 0, -4, -4, -4, 0, 0,
    0, 0, 0, 0, -11, 0, 0, -7,
    3, -11, 4, 0, -4, -5, 0, 3,
    0, 0, 0, 3, 0, -3, 0, 13,
    0, 6, 0, 0, -5, 0, 7, 0,
    0, 0, 3, 0, 0, 11, 0, 10,
    0, 0, 0, 0, 0, -21, 0, -4,
    6, 11, -48, 0, 35, 4, -7, -7,
    4, 4, -2, 0, -18, 0, 0, 17,
    -21, -7, 0, -24, 13, 49, -21, 3,
    -18, -18, 0, -2, 7, -10, 0, 0,
    -4, 0, 4, 45, -7, -3, 11, 10,
    -10, 4, 0, 0, 4, 4, -5, -11,
    0, -46, 10, 0, 0, 4, 0, 0,
    0, 0, 0, 0, 0, 0, 5, -4,
    0, 3, 0, 0, 0, 0, 2, 2,
    0, 0, 0, 0, -4, 0, 0, -20,
    0, 4, 0, 0, 0, 0, 0, 7,
    7, 8, 0, 0, 11, 0, -22, -20,
    0, 15, 11, 6, -14, 2, 15, 0,
    13, 0, 7, 4, 0, 19, 0, 0,
    0, 0, 0, 0, 0, 0, 4, 14,
    -4, 0, 11, 0, -6, -18, 0, 13,
    4, 7, -13, 0, 15, -2, 11, 0,
    13, 0, 0, 18, 0, 0, 0, 0,
    10, 10, 0, 0, 4, 14, -4, 0,
    11, 0, -6, -18, 0, 17, 7, 6,
    -20, 0, 10, 0, 4, 0, 13, 0,
    0, 18, 0, 0, 0, 0, 10, 10
};


/*Collect the kern class' data in one place*/
static const lv_font_fmt_txt_kern_classes_t kern_classes =
{
    .class_pair_values   = kern_class_values,
    .left_class_mapping  = kern_left_class_mapping,
    .right_class_mapping = kern_right_class_mapping,
    .left_class_cnt      = 28,
    .right_class_cnt     = 30,
};

/*--------------------
 *  ALL CUSTOM DATA
 *--------------------*/

#if LVGL_VERSION_MAJOR == 8
/*Store all the custom data of the font*/
static  lv_font_fmt_txt_glyph_cache_t cache;
#endif

#if LVGL_VERSION_MAJOR >= 8
static const lv_font_fmt_txt_dsc_t font_dsc = {
#else
static lv_font_fmt_txt_dsc_t font_dsc = {
#endif
    .glyph_bitmap = glyph_bitmap,
    .glyph_dsc = glyph_dsc,
    .cmaps = cmaps,
    .kern_dsc = &kern_classes,
    .kern_scale = 16,
    .cmap_num = 6,
    .bpp = 4,
    .kern_classes = 1,
    .bitmap_format = 1,
#if LVGL_VERSION_MAJOR == 8
    .cache = &cache
#endif
};



/*-----------------
 *  PUBLIC FONT
 *----------------*/

/*Initialize a public general font descriptor*/
#if LVGL_VERSION_MAJOR >= 8
const lv_font_t lv_font_yora_montserrat_22_cyr = {
#else
lv_font_t lv_font_yora_montserrat_22_cyr = {
#endif
    .get_glyph_dsc = lv_font_get_glyph_dsc_fmt_txt,    /*Function pointer to get glyph's data*/
    .get_glyph_bitmap = lv_font_get_bitmap_fmt_txt,    /*Function pointer to get glyph's bitmap*/
    .line_height = 27,          /*The maximum line height required by the font*/
    .base_line = 6,             /*Baseline measured from the bottom of the line*/
#if !(LVGL_VERSION_MAJOR == 6 && LVGL_VERSION_MINOR == 0)
    .subpx = LV_FONT_SUBPX_NONE,
#endif
#if LV_VERSION_CHECK(7, 4, 0) || LVGL_VERSION_MAJOR >= 8
    .underline_position = -2,
    .underline_thickness = 1,
#endif
    .dsc = &font_dsc,          /*The custom font data. Will be accessed by `get_glyph_bitmap/dsc` */
#if LV_VERSION_CHECK(8, 2, 0) || LVGL_VERSION_MAJOR >= 9
    .fallback = NULL,
#endif
    .user_data = NULL,
};



#endif /*#if LV_FONT_YORA_MONTSERRAT_22_CYR*/

