/*******************************************************************************
 * Size: 28 px
 * Bpp: 4
 * Opts: --font g:\Github\Yoradio_RGB_Panel-1\fonts\Montserrat\static\Montserrat-Medium.ttf -r 0x20-0x7F,0x400-0x4FF,0xB0,0x2026,0x2022 --size 28 --bpp 4 --format lvgl --lv-include lvgl.h --lv-font-name lv_font_yora_montserrat_28_cyr -o g:\Github\Yoradio_RGB_Panel-1\src\src\lvgl_ui\fonts\lv_font_yora_montserrat_28_cyr.c
 ******************************************************************************/

#ifdef LV_LVGL_H_INCLUDE_SIMPLE
#include "lvgl.h"
#else
#include "lvgl.h"
#endif

#ifndef LV_FONT_YORA_MONTSERRAT_28_CYR
#define LV_FONT_YORA_MONTSERRAT_28_CYR 1
#endif

#if LV_FONT_YORA_MONTSERRAT_28_CYR

/*-----------------
 *    BITMAPS
 *----------------*/

/*Store the image of the glyphs*/
static LV_ATTRIBUTE_LARGE_CONST const uint8_t glyph_bitmap[] = {
    /* U+0020 " " */

    /* U+0021 "!" */
    0xc, 0xff, 0x28, 0x6, 0x10, 0x70, 0x3, 0x80,
    0x80, 0x7c, 0x20, 0x60, 0x1f, 0x18, 0x8, 0x0,
    0x40, 0x3d, 0xe0, 0x18, 0x40, 0x40, 0x3e, 0x30,
    0x30, 0x3, 0xc4, 0x0, 0x4, 0xea, 0x1, 0xf1,
    0x43, 0x0, 0x31, 0xe5, 0x80, 0x40, 0x1c, 0x10,
    0x5, 0x20,

    /* U+0022 "\"" */
    0x3f, 0xf0, 0x81, 0x7f, 0x88, 0x3, 0xf8, 0x40,
    0x2, 0x6, 0x0, 0x30, 0xf, 0xfe, 0x31, 0x80,
    0x61, 0x0, 0x8, 0x7, 0xf0, 0xb3, 0x80, 0x4c,
    0xc0,

    /* U+0023 "#" */
    0x0, 0xf5, 0x7a, 0x80, 0x66, 0xfa, 0x0, 0xfe,
    0x60, 0x60, 0xc, 0x20, 0x40, 0x1f, 0xc2, 0x4,
    0x1, 0xb8, 0x38, 0x3, 0xf8, 0x80, 0x40, 0x31,
    0x1, 0x0, 0x7e, 0x10, 0x10, 0xe, 0x60, 0x60,
    0xc, 0xbf, 0xf7, 0x0, 0xff, 0xf1, 0x6, 0xff,
    0xb8, 0x3, 0xff, 0x90, 0xbf, 0xf3, 0x83, 0xff,
    0xeb, 0x3, 0xff, 0xb8, 0x3, 0x84, 0x38, 0x3,
    0x8, 0x30, 0x7, 0xf1, 0x1, 0x0, 0x62, 0x2,
    0x0, 0xfe, 0x60, 0x60, 0xd, 0xc1, 0xc0, 0x1f,
    0xc4, 0x4, 0x1, 0x88, 0x8, 0x3, 0xf1, 0x0,
    0x80, 0x73, 0x3, 0x80, 0x64, 0xff, 0xb4, 0x7,
    0xff, 0x88, 0x33, 0xfe, 0x0, 0xff, 0xe4, 0x27,
    0xfd, 0x0, 0xff, 0xfb, 0x40, 0xbf, 0xf0, 0x7,
    0x70, 0x70, 0x6, 0x60, 0x60, 0xf, 0xe2, 0x2,
    0x0, 0xc4, 0x4, 0x1, 0xfc, 0xc0, 0xc0, 0x1b,
    0x83, 0x80, 0x3f, 0x88, 0x8, 0x3, 0x10, 0x10,
    0x7, 0x0,

    /* U+0024 "$" */
    0x0, 0xfb, 0xf0, 0x3, 0xff, 0xbc, 0x2f, 0x7c,
    0x7, 0xd9, 0x6, 0x1, 0xcb, 0xd0, 0x82, 0x0,
    0x13, 0x7c, 0xc1, 0x0, 0x16, 0x80, 0x6, 0xe0,
    0x50, 0xa0, 0x3, 0x30, 0x2, 0xc0, 0x15, 0x90,
    0x2, 0xf5, 0xf2, 0xc2, 0x8, 0x20, 0xca, 0x1,
    0xf3, 0x48, 0x0, 0x40, 0x1e, 0x1, 0xff, 0xc0,
    0x10, 0x7, 0x80, 0x7f, 0xf0, 0x14, 0x0, 0xd0,
    0x1, 0xff, 0xc, 0x0, 0x1f, 0xe8, 0x3, 0xfc,
    0xf2, 0x20, 0x5, 0x3, 0xe9, 0x40, 0xf, 0x37,
    0x4a, 0x0, 0x42, 0xd7, 0xa6, 0x1, 0xe6, 0xbe,
    0x1, 0x30, 0x1, 0x62, 0x0, 0x7c, 0x20, 0x59,
    0xa8, 0x0, 0x90, 0xf, 0xf8, 0xac, 0xc0, 0x88,
    0x1, 0xff, 0xc0, 0x40, 0x0, 0x82, 0x80, 0x7f,
    0x88, 0x0, 0x4b, 0x56, 0x60, 0x1f, 0x32, 0x81,
    0x8f, 0x82, 0x67, 0x4b, 0x80, 0xc6, 0x48, 0x3,
    0xc2, 0x9c, 0x0, 0x2d, 0x0, 0x4e, 0x60, 0x38,
    0x60, 0x8, 0xfa, 0x52, 0x0, 0x85, 0x27, 0x8c,
    0x3, 0x96, 0xb7, 0xc0, 0xfa, 0xd8, 0x3, 0xff,
    0xb0,

    /* U+0025 "%" */
    0x0, 0x3e, 0xff, 0x48, 0x80, 0x7e, 0xdf, 0x30,
    0xd, 0x50, 0xd0, 0xed, 0x80, 0x1f, 0x49, 0x31,
    0x80, 0x4a, 0xb5, 0xbc, 0xc8, 0xa0, 0x3, 0x91,
    0x8a, 0x40, 0x37, 0x4, 0x0, 0x4c, 0x2c, 0x1,
    0xd4, 0x1c, 0x1, 0xca, 0x24, 0x1, 0x94, 0x44,
    0x1, 0x48, 0xb1, 0x80, 0x70, 0x80, 0x78, 0x40,
    0xc0, 0x8, 0xc5, 0x20, 0x1e, 0x11, 0x0, 0x70,
    0x81, 0x80, 0x28, 0x38, 0x3, 0xe5, 0x3, 0x0,
    0xc8, 0x42, 0x12, 0x2c, 0x60, 0x1f, 0x70, 0x40,
    0x5, 0x0, 0xa0, 0x8c, 0x52, 0x1, 0xf9, 0x54,
    0x9b, 0x38, 0xe5, 0x1, 0x41, 0xc0, 0x5, 0x88,
    0x28, 0x6, 0xa8, 0x6, 0x26, 0xc0, 0x91, 0x73,
    0x1c, 0xa7, 0x75, 0x68, 0x80, 0x4f, 0xbf, 0xd2,
    0x28, 0xc5, 0x1, 0x46, 0xfd, 0xc7, 0x2a, 0x0,
    0xfe, 0xa0, 0xe0, 0x24, 0x44, 0x8, 0xa1, 0x10,
    0x60, 0x1f, 0x48, 0xb9, 0x82, 0x6, 0x80, 0x6d,
    0x4, 0x0, 0xf2, 0x31, 0x40, 0x3, 0x80, 0x80,
    0x31, 0x7, 0x80, 0x70, 0xd0, 0x70, 0x5, 0xe0,
    0x20, 0x1f, 0xfc, 0xb, 0x17, 0x30, 0x8, 0xc3,
    0x40, 0x36, 0x6, 0x80, 0x64, 0x52, 0x80, 0xc,
    0x82, 0xc2, 0x0, 0x16, 0x15, 0x0, 0x86, 0x83,
    0x80, 0x3d, 0x43, 0xee, 0xec, 0x1b, 0x0, 0xd6,
    0x2e, 0x60, 0x1e, 0x4c, 0x58, 0x80, 0xda, 0x80,

    /* U+0026 "&" */
    0x0, 0xc3, 0x3b, 0xfe, 0xd8, 0x0, 0xff, 0x1f,
    0x31, 0x0, 0x9, 0xf4, 0x40, 0x3f, 0x68, 0xd,
    0xff, 0xa8, 0xa, 0x40, 0x3e, 0x31, 0xb, 0x40,
    0x2, 0xb8, 0x20, 0x7, 0xce, 0x0, 0x70, 0xd,
    0xe0, 0x1f, 0xcc, 0x0, 0x40, 0x8, 0x64, 0x14,
    0x3, 0xe2, 0x30, 0x82, 0x2, 0xc1, 0x14, 0x0,
    0x7e, 0xf0, 0x1f, 0x8d, 0x21, 0xd1, 0x0, 0xfc,
    0x74, 0x4, 0xe0, 0x9e, 0x60, 0x1f, 0xc7, 0x0,
    0x10, 0xd0, 0x80, 0x7f, 0x36, 0x10, 0xb0, 0xe,
    0x8, 0x4, 0x48, 0x1, 0x34, 0x82, 0xfc, 0xd0,
    0x16, 0x8, 0x2, 0xae, 0xc0, 0x52, 0xb, 0x42,
    0xb, 0x40, 0x58, 0x20, 0xa0, 0x61, 0x40, 0xb,
    0x0, 0xcb, 0x40, 0x58, 0xa4, 0x16, 0x6, 0x2,
    0x20, 0xe, 0x5a, 0x2, 0xa0, 0x33, 0x0, 0x80,
    0x88, 0x3, 0xcb, 0x40, 0x14, 0x80, 0x30, 0x1,
    0x60, 0x1f, 0x60, 0x5, 0x2, 0xc, 0x40, 0xba,
    0xe8, 0x6b, 0x3c, 0xc0, 0x80, 0x58, 0x21, 0x86,
    0x5, 0x17, 0x94, 0xc2, 0x13, 0x74, 0x5, 0x20,
    0x39, 0x6a, 0x40, 0x1, 0x48, 0xe6, 0x5, 0xa4,
    0x80, 0x9, 0x2b, 0x7f, 0xdd, 0x6e, 0x20, 0x12,
    0xd8, 0x0,

    /* U+0027 "'" */
    0x3f, 0xf0, 0x80, 0x61, 0x0, 0x8, 0x7, 0xe3,
    0x0, 0xf8, 0x59, 0xc0,

    /* U+0028 "(" */
    0x0, 0x93, 0xfc, 0x80, 0x14, 0x81, 0xa0, 0x1,
    0x48, 0x20, 0x2, 0xe0, 0x14, 0x0, 0xa, 0x3,
    0x0, 0x4e, 0x0, 0xc0, 0xb, 0x0, 0x8, 0x1,
    0x38, 0x18, 0x6, 0x20, 0x60, 0x8, 0x80, 0x1a,
    0x1, 0x8, 0x0, 0x40, 0x27, 0x0, 0x18, 0x4,
    0x20, 0x1, 0x0, 0xf0, 0x80, 0x42, 0x1, 0xe7,
    0x0, 0x18, 0x4, 0x20, 0xe, 0x0, 0x88, 0x0,
    0x40, 0x18, 0x81, 0x80, 0x32, 0x1, 0x80, 0x6f,
    0x0, 0x20, 0x4, 0xe0, 0xc, 0x0, 0x85, 0x1,
    0x80, 0x37, 0x0, 0xa0, 0x4, 0xa4, 0x10, 0x1,
    0xa4, 0xd, 0x0,

    /* U+0029 ")" */
    0xd, 0xfb, 0x0, 0xd0, 0x8, 0x80, 0x9, 0x48,
    0x20, 0x3, 0x50, 0x19, 0x80, 0x26, 0x0, 0x58,
    0x4, 0x26, 0xa, 0x1, 0x90, 0x8, 0x40, 0x2d,
    0x0, 0x28, 0x4, 0xe0, 0x3, 0x0, 0x88, 0x1,
    0xc0, 0x1e, 0x20, 0xc, 0x40, 0xe0, 0x1f, 0xfc,
    0xd2, 0x7, 0x0, 0xf1, 0x0, 0x44, 0x0, 0xe0,
    0x9, 0xc0, 0x6, 0x1, 0x68, 0x1, 0x40, 0x24,
    0x2, 0x10, 0x0, 0x98, 0x28, 0x4, 0xc0, 0xb,
    0x0, 0xa8, 0xc, 0xc0, 0x5, 0x20, 0x80, 0xa,
    0x1, 0x10, 0x0,

    /* U+002A "*" */
    0x0, 0xc7, 0xee, 0x1, 0xfe, 0x10, 0xc, 0x3d,
    0x0, 0x1c, 0xdc, 0x64, 0x6f, 0xd6, 0x19, 0xb2,
    0x2c, 0x7b, 0x2, 0xe0, 0xa4, 0xdc, 0xa0, 0x6,
    0x50, 0x8, 0xec, 0x40, 0xf, 0xea, 0x20, 0x27,
    0xb2, 0x27, 0x1, 0x3a, 0x11, 0x64, 0xce, 0x73,
    0xec, 0x1, 0x26, 0xcb, 0x3, 0x8, 0x7, 0x98,
    0x3, 0x8a, 0x14, 0x3, 0x0,

    /* U+002B "+" */
    0x0, 0xf4, 0x40, 0x80, 0x3f, 0xe7, 0x78, 0x3,
    0xff, 0xc8, 0x67, 0x90, 0x0, 0x46, 0x78, 0x4b,
    0x33, 0x58, 0x2, 0x33, 0x33, 0x80, 0x7f, 0xf0,
    0x8b, 0xff, 0x80, 0x15, 0xff, 0x98, 0x3, 0xff,
    0xd8,

    /* U+002C "," */
    0x9, 0xb4, 0x8, 0x64, 0xa0, 0x10, 0x0, 0x85,
    0x90, 0x18, 0x13, 0x85, 0x0, 0x10, 0x1c, 0x8,
    0x4c, 0x41, 0x2, 0x80, 0x0,

    /* U+002D "-" */
    0x25, 0x5f, 0x81, 0x2a, 0xbe, 0x20, 0xf, 0xe0,

    /* U+002E "." */
    0x1b, 0xc4, 0x8, 0x43, 0xb0, 0x30, 0xd, 0x4,
    0x12, 0x0,

    /* U+002F "/" */
    0x0, 0xfe, 0x58, 0x60, 0xf, 0xeb, 0x7e, 0x0,
    0xfc, 0x62, 0x16, 0x1, 0xfa, 0x80, 0x8c, 0x3,
    0xf3, 0x85, 0x0, 0x7e, 0x41, 0x5, 0x0, 0xfd,
    0xc0, 0x64, 0x1, 0xf9, 0x42, 0xc0, 0x3f, 0x28,
    0x1, 0x80, 0x3f, 0x78, 0x18, 0x80, 0x7e, 0x50,
    0xa0, 0xf, 0xcc, 0x0, 0x70, 0xf, 0xda, 0x8,
    0x20, 0x1f, 0xa, 0x7, 0x0, 0x7e, 0x70, 0x2,
    0x80, 0x7e, 0xa0, 0x50, 0xf, 0xc4, 0x61, 0xe0,
    0x1f, 0x94, 0x0, 0xa0, 0x1f, 0xa8, 0x18, 0x3,
    0xf1, 0x10, 0x34, 0x3, 0xf5, 0x0, 0xa0, 0x7,
    0xe5, 0x7, 0x0, 0xfc, 0x64, 0x14, 0x1, 0xfa,
    0x80, 0x8c, 0x3, 0xf3, 0x82, 0x80, 0x7e, 0x41,
    0xa, 0x0, 0xfd, 0xa0, 0x44, 0x0, 0xfc,

    /* U+0030 "0" */
    0x0, 0xe7, 0xcf, 0xf7, 0x5a, 0x80, 0x7e, 0x4e,
    0x83, 0x0, 0xa, 0x56, 0x8, 0x7, 0x25, 0x88,
    0x13, 0x3a, 0x80, 0xf, 0x4, 0x2, 0x1a, 0x0,
    0x46, 0xcc, 0x57, 0x20, 0x15, 0x0, 0x52, 0x20,
    0xee, 0x0, 0xc3, 0x64, 0x8, 0x60, 0x7, 0x1,
    0x80, 0xf, 0xa4, 0x1, 0x20, 0x80, 0x7, 0x0,
    0xfc, 0x82, 0x8, 0x6, 0x0, 0xc0, 0xf, 0xe4,
    0x1, 0x2e, 0x0, 0x30, 0x7, 0xf1, 0x0, 0x18,
    0xc0, 0x2, 0x1, 0xfd, 0xe0, 0x1, 0x0, 0xff,
    0xe2, 0x98, 0x0, 0x40, 0x3f, 0xbc, 0x0, 0x3c,
    0x0, 0x60, 0xf, 0xe2, 0x0, 0x31, 0x80, 0x30,
    0x3, 0xf9, 0x0, 0x4, 0x80, 0x7, 0x0, 0xfc,
    0x82, 0xa, 0x0, 0x70, 0x18, 0x0, 0xfa, 0x40,
    0x1c, 0x0, 0x91, 0x7, 0x70, 0x6, 0x1b, 0x20,
    0x44, 0x0, 0x6, 0x80, 0x11, 0xb3, 0x15, 0xc8,
    0x5, 0x40, 0x19, 0x2c, 0x40, 0x99, 0xd4, 0x0,
    0x78, 0x20, 0x1c, 0x9d, 0x6, 0x0, 0x14, 0xac,
    0x10, 0x8,

    /* U+0031 "1" */
    0xcf, 0xff, 0x30, 0x7, 0xe9, 0x88, 0x94, 0x2,
    0x57, 0x7b, 0xc0, 0x3f, 0xff, 0xe0, 0x1f, 0xfe,
    0xc0,

    /* U+0032 "2" */
    0x0, 0x8e, 0x77, 0xfe, 0xd8, 0x20, 0xe, 0x2c,
    0xc3, 0x10, 0x4, 0x4f, 0xae, 0x1, 0x1e, 0x98,
    0x1, 0x1d, 0xcc, 0x40, 0x8, 0x60, 0x0, 0x90,
    0x37, 0x5c, 0x42, 0x76, 0x0, 0x10, 0x0, 0x2c,
    0xa9, 0x10, 0xe, 0x73, 0x1, 0x20, 0x0, 0xa8,
    0x7, 0xe4, 0x0, 0x30, 0x7, 0xff, 0x0, 0x40,
    0xe, 0x1, 0xff, 0xc0, 0x40, 0x1, 0x80, 0x7f,
    0xcc, 0x40, 0xc0, 0x1f, 0xf1, 0xc8, 0xc, 0x0,
    0x7f, 0x8f, 0x0, 0x1a, 0x20, 0x1f, 0xc9, 0x80,
    0xb, 0x30, 0xf, 0xe4, 0xb0, 0x5, 0xa0, 0x7,
    0xf2, 0x58, 0x2, 0xd0, 0x3, 0xf9, 0x2c, 0x1,
    0x68, 0x1, 0xfc, 0xb6, 0x0, 0xc4, 0x0, 0xfe,
    0x5a, 0x0, 0x61, 0x80, 0x7f, 0x35, 0x0, 0x15,
    0x1d, 0xff, 0x0, 0x24, 0x2, 0x58, 0x8f, 0xe2,
    0x0, 0xff, 0xe2, 0x0,

    /* U+0033 "3" */
    0xf, 0xff, 0xfe, 0x8, 0x7, 0xff, 0x16, 0x62,
    0x3f, 0x8, 0x2, 0x0, 0xc, 0xef, 0xf0, 0x8,
    0x2b, 0x80, 0x7f, 0x24, 0x1, 0xd0, 0x7, 0xf1,
    0x58, 0xe, 0x80, 0x7f, 0xf, 0x80, 0x30, 0x40,
    0x3f, 0xb4, 0x82, 0xc8, 0x3, 0xf9, 0x8c, 0x1,
    0x34, 0x80, 0x1f, 0x84, 0x2, 0x25, 0xbb, 0x0,
    0x7c, 0xd7, 0x6a, 0x60, 0x2, 0x58, 0x7, 0x85,
    0x10, 0xb3, 0xc4, 0x8, 0x80, 0xf, 0xf0, 0xc0,
    0x3, 0x40, 0x3f, 0xe4, 0x0, 0x10, 0x7, 0xff,
    0x11, 0x80, 0x3f, 0x98, 0x0, 0x66, 0x9d, 0x40,
    0xf, 0x2c, 0x0, 0x2a, 0x40, 0xaf, 0xaa, 0x21,
    0x3b, 0x40, 0x7, 0x2a, 0x70, 0x0, 0xab, 0xb9,
    0x88, 0x0, 0xf0, 0x0, 0x8e, 0x95, 0x20, 0x8,
    0xdb, 0x60, 0x0,

    /* U+0034 "4" */
    0x0, 0xfe, 0x4f, 0xf5, 0x80, 0x7f, 0xf0, 0x4a,
    0x80, 0x68, 0x3, 0xff, 0x83, 0xc2, 0x1a, 0x20,
    0x1f, 0xfc, 0x9, 0x30, 0x83, 0x0, 0xff, 0xe0,
    0x2b, 0x2, 0xb8, 0x7, 0xff, 0x0, 0xa8, 0xa,
    0x80, 0x3f, 0xf8, 0x3e, 0x0, 0xe0, 0xf, 0xfe,
    0xd, 0x10, 0x49, 0x80, 0x7f, 0xf0, 0x1d, 0x41,
    0x58, 0x2, 0xab, 0x70, 0xf, 0x1c, 0x1, 0x50,
    0x6, 0x54, 0xd0, 0xe, 0x1d, 0x0, 0x78, 0x7,
    0xff, 0x6, 0x84, 0x28, 0x80, 0x3f, 0xf8, 0x10,
    0x80, 0x46, 0xcd, 0xe0, 0x3, 0xb3, 0x44, 0xe0,
    0x2, 0x99, 0xf8, 0x0, 0x53, 0x32, 0x0, 0x7f,
    0xf1, 0xbf, 0xff, 0xe0, 0x2, 0xff, 0xcc, 0x1,
    0xff, 0xfc,

    /* U+0035 "5" */
    0x0, 0xf, 0xff, 0xfc, 0x1, 0x88, 0x3, 0xff,
    0x86, 0xe0, 0x6, 0x88, 0xfc, 0x1, 0x88, 0x1,
    0x4e, 0xff, 0x80, 0x37, 0x0, 0x8, 0x3, 0xff,
    0x80, 0x20, 0x1, 0x0, 0xff, 0xe0, 0x10, 0x8,
    0x7, 0xff, 0x5, 0xc0, 0x80, 0x3f, 0xf8, 0x24,
    0x7, 0xff, 0xb6, 0x90, 0x3, 0xc2, 0x1, 0xe2,
    0x5b, 0xc2, 0x0, 0xd1, 0x1e, 0x63, 0x0, 0x1e,
    0x8, 0x4, 0xef, 0xe9, 0xcd, 0x30, 0x18, 0x0,
    0xff, 0x8b, 0x40, 0xe, 0x1, 0xff, 0xc0, 0x13,
    0x1, 0x10, 0x7, 0xff, 0xc, 0x40, 0xc4, 0x3,
    0xf0, 0x98, 0x8, 0x3, 0xbd, 0x80, 0x3c, 0x3a,
    0x0, 0x60, 0x52, 0x19, 0xfb, 0x97, 0x8b, 0xe3,
    0x2, 0x80, 0x5a, 0x10, 0x2, 0x34, 0x3a, 0x0,
    0xf, 0x0, 0x25, 0xeb, 0x62, 0x0, 0x89, 0x6b,
    0x4, 0x0,

    /* U+0036 "6" */
    0x0, 0xe2, 0x8c, 0xff, 0xb6, 0x94, 0x3, 0xd5,
    0xae, 0x60, 0x11, 0x2d, 0x20, 0x4, 0x3a, 0xa0,
    0x4, 0x89, 0x86, 0x22, 0x20, 0x5, 0xa4, 0x9,
    0xd6, 0xec, 0xf3, 0xb8, 0x1, 0x31, 0x82, 0x58,
    0x80, 0x78, 0x40, 0x2b, 0x0, 0x50, 0x7, 0xfc,
    0x44, 0x5, 0x10, 0xf, 0xf9, 0x0, 0x1e, 0x1,
    0xff, 0xc0, 0xe0, 0x3, 0x2, 0xdf, 0x7f, 0xb6,
    0x48, 0x2, 0x20, 0xb, 0x29, 0x4, 0x0, 0x4d,
    0xae, 0x1, 0xdc, 0x60, 0xd5, 0x72, 0xa0, 0x8,
    0x70, 0x30, 0x1, 0x13, 0xa5, 0x51, 0xab, 0x0,
    0x10, 0x22, 0x0, 0xbc, 0x40, 0x38, 0xdc, 0x0,
    0x9a, 0x0, 0x22, 0x0, 0x7d, 0x60, 0x2, 0x40,
    0xf, 0xf9, 0xc0, 0x21, 0x40, 0x22, 0x0, 0x7d,
    0x80, 0x3, 0x8, 0x0, 0x78, 0x80, 0x72, 0x38,
    0xa, 0x1, 0xc0, 0x17, 0x4a, 0xa2, 0xd5, 0x80,
    0x28, 0x2, 0x79, 0x0, 0x35, 0x5d, 0x28, 0x2,
    0x90, 0x3, 0x37, 0x41, 0x80, 0x47, 0x1c, 0xa0,
    0x0,

    /* U+0037 "7" */
    0x2f, 0xff, 0xfe, 0x15, 0x0, 0x7f, 0xf0, 0xcc,
    0x2, 0x48, 0x8f, 0xc6, 0x0, 0xc0, 0x8, 0xdd,
    0xff, 0x10, 0xa, 0x80, 0x7f, 0xcc, 0x21, 0x20,
    0x1f, 0xfc, 0xb, 0x0, 0x30, 0x17, 0xfa, 0x0,
    0x3c, 0x84, 0xc, 0x20, 0x1f, 0xf7, 0x80, 0x2c,
    0x3, 0xfe, 0x34, 0x4, 0x20, 0xf, 0xfa, 0x40,
    0x1e, 0x1, 0xff, 0xa, 0x81, 0x20, 0x7, 0xfd,
    0x20, 0xb, 0x0, 0xff, 0xe0, 0x30, 0x1, 0x80,
    0x3f, 0xe6, 0x10, 0x70, 0xf, 0xfe, 0x5, 0x80,
    0x28, 0x3, 0xfe, 0x42, 0x5, 0x20, 0xf, 0xfb,
    0xc0, 0x12, 0x1, 0xff, 0x12, 0x1, 0x98, 0x3,
    0xfe, 0xb0, 0x4, 0x80, 0x7f, 0xc2, 0xc0, 0x2a,
    0x1, 0xf0,

    /* U+0038 "8" */
    0x0, 0xcd, 0x7d, 0xfe, 0xeb, 0x60, 0xf, 0x27,
    0x4a, 0x8, 0x0, 0x52, 0x79, 0x0, 0x22, 0xb1,
    0x3, 0x9b, 0xb4, 0x18, 0xd, 0x98, 0x2, 0x40,
    0x11, 0x8c, 0x88, 0x7c, 0x80, 0x4, 0x0, 0x10,
    0x9, 0xc0, 0x3c, 0xe4, 0x8, 0x1, 0x98, 0x3,
    0xf3, 0x80, 0x4, 0x4, 0x18, 0x3, 0xf3, 0x80,
    0x4, 0x1c, 0x9, 0xc0, 0x3c, 0xc4, 0xc, 0x0,
    0x82, 0x8, 0xc6, 0x44, 0x3e, 0x48, 0x14, 0x0,
    0x7, 0x4c, 0xe, 0x6e, 0xd0, 0x60, 0x78, 0x20,
    0x1, 0xb3, 0x0, 0x88, 0x80, 0x11, 0xd0, 0x80,
    0x31, 0x1, 0x73, 0xf7, 0x5f, 0x8a, 0x9, 0x80,
    0xc4, 0xd, 0x46, 0x1, 0x8e, 0x98, 0x9, 0xf4,
    0x1, 0x60, 0x1f, 0xa0, 0x1, 0x8e, 0x0, 0x20,
    0xf, 0xc2, 0x0, 0x76, 0x0, 0x20, 0x7, 0xe4,
    0x0, 0x37, 0x0, 0x28, 0x80, 0x3c, 0x52, 0x0,
    0xf4, 0x50, 0x1d, 0xa6, 0x44, 0x35, 0x69, 0x2,
    0x28, 0x53, 0x0, 0x16, 0x6e, 0xd2, 0xa0, 0x6,
    0xb0, 0xa, 0x75, 0xcc, 0x40, 0x2, 0x6f, 0xb2,
    0x0,

    /* U+0039 "9" */
    0x0, 0xcd, 0x7d, 0xfe, 0xd9, 0x30, 0xf, 0x16,
    0xca, 0x8, 0x0, 0x9b, 0x28, 0x3, 0xe, 0x10,
    0x1c, 0xdd, 0xa0, 0x81, 0x6c, 0x2, 0xb1, 0x7,
    0xc6, 0x44, 0x3e, 0xb0, 0x23, 0x80, 0x14, 0xa,
    0x0, 0x3d, 0x24, 0x10, 0x4, 0x0, 0x50, 0xf,
    0xc8, 0x0, 0x51, 0x0, 0xff, 0xe1, 0x61, 0x0,
    0x10, 0x3, 0xf2, 0x0, 0x14, 0x50, 0xe, 0x0,
    0x3d, 0x44, 0x0, 0x20, 0x90, 0x3, 0xe3, 0xa2,
    0xbe, 0xa8, 0x7, 0x15, 0x88, 0x1c, 0x5d, 0x41,
    0xe, 0x8, 0x6, 0x4e, 0x83, 0x0, 0x9, 0xc7,
    0x18, 0x81, 0x80, 0x67, 0xcf, 0xf7, 0x63, 0x80,
    0x80, 0x18, 0x3, 0xff, 0x80, 0x80, 0xc, 0x0,
    0xff, 0xe0, 0x48, 0x1, 0x40, 0x3f, 0xe7, 0x30,
    0x52, 0x0, 0x8, 0x7, 0xd1, 0x0, 0x1b, 0x0,
    0xa7, 0xe9, 0xd9, 0xeb, 0x9c, 0x1, 0x42, 0x1,
    0x38, 0x2c, 0x4c, 0x28, 0x81, 0x62, 0x0, 0x6c,
    0x63, 0x0, 0x89, 0x6f, 0x4c, 0x2,

    /* U+003A ":" */
    0x2d, 0xf6, 0x8, 0x20, 0x90, 0x30, 0x0, 0x84,
    0x21, 0xd0, 0xd, 0xe2, 0x0, 0x7f, 0xf4, 0xc6,
    0xf1, 0x2, 0x10, 0xec, 0xc, 0x3, 0x41, 0x4,
    0x80,

    /* U+003B ";" */
    0x2d, 0xf6, 0x8, 0x20, 0x90, 0x30, 0x0, 0x84,
    0x21, 0xd0, 0xd, 0xe2, 0x0, 0x7f, 0xf5, 0x26,
    0xd0, 0x21, 0x92, 0x80, 0x40, 0x2, 0x16, 0x40,
    0x60, 0x4e, 0x14, 0x0, 0x40, 0x70, 0x21, 0x31,
    0x4, 0xa, 0x0, 0x0,

    /* U+003C "<" */
    0x0, 0xff, 0x8e, 0x58, 0x3, 0xf0, 0xb6, 0xe3,
    0x0, 0x7c, 0x75, 0xd2, 0x40, 0x88, 0x0, 0x85,
    0xf7, 0x14, 0xa, 0x3a, 0xc8, 0x12, 0xba, 0x8,
    0x17, 0x35, 0xc4, 0x0, 0x56, 0xa0, 0x73, 0xf4,
    0x60, 0x1f, 0x86, 0x9c, 0x3, 0xf1, 0x28, 0xc,
    0xf5, 0x20, 0x7, 0xd5, 0xd2, 0x40, 0xb7, 0xae,
    0x20, 0x1c, 0x2d, 0xb8, 0xc0, 0x51, 0xd6, 0xa0,
    0x1e, 0x39, 0xf9, 0x30, 0x4a, 0x60, 0xf, 0xcd,
    0x98, 0x60, 0xf, 0xfe, 0x1, 0xcf, 0xb8,

    /* U+003D "=" */
    0x2f, 0xff, 0xfe, 0x3, 0x0, 0x7f, 0xf0, 0x8b,
    0x33, 0xff, 0x80, 0xe0, 0x67, 0xff, 0xc0, 0x10,
    0xf, 0xfe, 0x89, 0x9f, 0xff, 0x0, 0x4b, 0x33,
    0xff, 0x80, 0xe0, 0x1f, 0xfc, 0x20,

    /* U+003E ">" */
    0x1b, 0x50, 0xf, 0xf8, 0xd2, 0xba, 0x8, 0x3,
    0xf1, 0x30, 0xb, 0xee, 0x28, 0x7, 0xd3, 0xf4,
    0x80, 0x75, 0xd2, 0x40, 0x1e, 0x5b, 0xd7, 0x11,
    0x36, 0xe3, 0x0, 0x78, 0xa3, 0xad, 0x40, 0xe5,
    0x80, 0x3f, 0x27, 0x20, 0x7, 0xf1, 0x47, 0x5a,
    0x1, 0xa8, 0x6, 0x5c, 0xd7, 0x11, 0x3e, 0xe1,
    0x81, 0xcf, 0xd1, 0x82, 0x57, 0x41, 0x0, 0xb,
    0x18, 0x5, 0xf6, 0xd4, 0x3, 0xe4, 0xae, 0x82,
    0x0, 0xf8, 0xba, 0xd4, 0x3, 0xfc,

    /* U+003F "?" */
    0x0, 0x92, 0x77, 0xfe, 0xd9, 0x20, 0xc, 0x59,
    0x6c, 0x40, 0x11, 0x36, 0xc0, 0x0, 0xf4, 0xc0,
    0x5a, 0x65, 0x6, 0x0, 0x76, 0x7, 0x10, 0x8e,
    0x96, 0x63, 0xe4, 0x0, 0x20, 0x13, 0xed, 0xc0,
    0x3c, 0xe4, 0x2, 0x20, 0x14, 0x0, 0xfc, 0xc0,
    0x1f, 0xfc, 0x25, 0x1, 0x10, 0x7, 0xfa, 0x4,
    0x18, 0x3, 0xfd, 0xe, 0x7, 0x0, 0x1f, 0xd2,
    0xe0, 0x7a, 0x1, 0xfd, 0xc, 0x9, 0x82, 0x1,
    0xf8, 0x9c, 0xa, 0xc0, 0x3f, 0xca, 0x0, 0x80,
    0xf, 0xf8, 0x55, 0x4e, 0x1, 0xff, 0x35, 0x50,
    0x80, 0x3f, 0xf9, 0xc5, 0xe, 0x1, 0xff, 0xc0,
    0xf7, 0x87, 0x0, 0xff, 0x88, 0x1, 0xe0, 0x1f,
    0xf4, 0x81, 0x50, 0x7, 0x0,

    /* U+0040 "@" */
    0x0, 0xfc, 0x6f, 0x7b, 0xff, 0x75, 0xc1, 0x80,
    0x7f, 0xf0, 0x97, 0x31, 0x8, 0x42, 0x42, 0x24,
    0x7c, 0xc2, 0x80, 0x7f, 0x86, 0xe8, 0xca, 0x33,
    0xfb, 0x7b, 0xf6, 0x4c, 0xd5, 0x62, 0x1, 0xf0,
    0xe2, 0xd, 0x6b, 0x98, 0x7, 0x13, 0x66, 0x9,
    0x30, 0x80, 0x38, 0x70, 0x8f, 0xd4, 0x3, 0xfe,
    0x3d, 0x52, 0xf1, 0x0, 0xd6, 0x47, 0x82, 0x0,
    0x19, 0xdf, 0xf6, 0xc0, 0x87, 0xfa, 0x29, 0x4a,
    0xc0, 0x23, 0x50, 0xe0, 0x9, 0x79, 0x88, 0x0,
    0x4f, 0xe6, 0x1, 0xa8, 0x55, 0x0, 0x10, 0xe,
    0x40, 0x4, 0xa0, 0x19, 0xde, 0xc7, 0x1d, 0x0,
    0xeb, 0xf, 0x1, 0x40, 0x90, 0xa, 0x80, 0xbd,
    0x88, 0x4e, 0x2c, 0x40, 0x39, 0x45, 0x5, 0x0,
    0xc4, 0x0, 0xc2, 0x1c, 0x20, 0x1c, 0x8e, 0x1,
    0xe4, 0x4, 0xd0, 0x40, 0xb, 0x40, 0x8c, 0x3,
    0xea, 0x0, 0xf6, 0x81, 0x8, 0x78, 0x4, 0xc0,
    0xe0, 0x1f, 0x88, 0x3, 0xc4, 0x1c, 0x60, 0x20,
    0x11, 0x81, 0x80, 0x7f, 0x8, 0x7, 0x8, 0x0,
    0xc0, 0x40, 0x23, 0x3, 0x0, 0xfe, 0x10, 0xe,
    0x10, 0x0, 0x87, 0x0, 0x4c, 0x8, 0x1, 0xf8,
    0xc0, 0x3c, 0x41, 0xda, 0xa, 0x1, 0x68, 0xa,
    0x0, 0x7d, 0x40, 0x1e, 0xd0, 0x34, 0x3, 0x10,
    0x3, 0x8, 0x51, 0x0, 0x72, 0xb0, 0x0, 0x40,
    0x2, 0xa0, 0x82, 0xa1, 0x20, 0x15, 0x0, 0xec,
    0x19, 0x25, 0x50, 0x50, 0x1d, 0xf, 0x41, 0xc0,
    0x12, 0xe, 0x20, 0x4, 0xa0, 0x3, 0xe6, 0xda,
    0x8e, 0xc0, 0xd, 0xe1, 0x94, 0x0, 0xd, 0x83,
    0x40, 0x25, 0xe7, 0x20, 0x1, 0x3f, 0x99, 0xac,
    0x80, 0x5b, 0x40, 0x34, 0x91, 0xe0, 0x80, 0x6,
    0x37, 0xfd, 0xb0, 0x20, 0x4, 0xdf, 0xe9, 0x0,
    0xf6, 0x11, 0xfa, 0x80, 0x7f, 0xf2, 0x87, 0x14,
    0x6b, 0x5c, 0xc0, 0x38, 0xdf, 0x0, 0x3f, 0xf8,
    0x3, 0x56, 0x65, 0x19, 0xfd, 0xd7, 0xe4, 0x1a,
    0x0, 0x7f, 0xf0, 0x53, 0x36, 0x10, 0x47, 0x12,
    0xcf, 0x20, 0x7, 0xc0,

    /* U+0041 "A" */
    0x0, 0xfe, 0x6f, 0xf6, 0x80, 0x7f, 0xf1, 0xac,
    0x0, 0x48, 0x1, 0xff, 0xc4, 0x42, 0x0, 0xbc,
    0x3, 0xff, 0x89, 0xe0, 0x2c, 0x8, 0x40, 0x1f,
    0xfc, 0x22, 0x40, 0x68, 0x0, 0x40, 0x7, 0xff,
    0xa, 0xc0, 0x12, 0x2a, 0xa, 0x20, 0x1f, 0xfc,
    0x1, 0x60, 0x51, 0x9, 0x0, 0x48, 0x7, 0xff,
    0x1, 0x80, 0x12, 0x0, 0x33, 0x3, 0x0, 0x7f,
    0xf0, 0x24, 0xc, 0xc0, 0x15, 0x0, 0xb0, 0x7,
    0xf9, 0x44, 0x28, 0x3, 0x30, 0x85, 0x80, 0x7f,
    0xa0, 0x5, 0x80, 0x39, 0x80, 0x90, 0x3, 0xf2,
    0x10, 0x30, 0x7, 0xa4, 0x1, 0xe0, 0x1f, 0xbc,
    0x1, 0xa6, 0x7e, 0x23, 0x4, 0x30, 0xf, 0x12,
    0x0, 0x2b, 0x33, 0xe3, 0x0, 0x48, 0x7, 0xac,
    0x3, 0xff, 0x84, 0xa2, 0x1, 0x85, 0x80, 0xff,
    0xff, 0xd4, 0x0, 0x90, 0xc, 0xc0, 0x9, 0x0,
    0xff, 0x28, 0x83, 0x0, 0x69, 0x1, 0x50, 0xf,
    0xf9, 0x80, 0x58, 0x0, 0xa2, 0xc, 0x1, 0xff,
    0xc0, 0x90, 0x5, 0x80, 0x24, 0x1, 0x20, 0x1f,
    0xfc, 0x1, 0x50, 0x24,

    /* U+0042 "B" */
    0x1f, 0xff, 0xf7, 0x5b, 0x0, 0x7f, 0xf0, 0xc5,
    0x27, 0x8c, 0x3, 0x8e, 0xef, 0xd4, 0xe2, 0x3,
    0xa2, 0x1, 0x9d, 0x13, 0xcb, 0x1c, 0x60, 0x32,
    0x1, 0xff, 0xc2, 0xf0, 0x1, 0x80, 0x7f, 0xf0,
    0x88, 0x3, 0xff, 0x8a, 0x60, 0x3, 0x0, 0xff,
    0xe1, 0x58, 0x2, 0x80, 0x3f, 0xe1, 0x4a, 0x60,
    0xa2, 0x0, 0xc9, 0xff, 0xee, 0xb5, 0x5, 0x40,
    0xf, 0xfe, 0x22, 0xf9, 0x80, 0x62, 0xbb, 0xfa,
    0x9c, 0x40, 0x74, 0x40, 0x26, 0x44, 0xf9, 0x63,
    0x90, 0x5, 0x80, 0x3f, 0xf8, 0x50, 0x0, 0xc0,
    0xf, 0xfe, 0x11, 0x80, 0x1c, 0x3, 0xff, 0x84,
    0x40, 0x7, 0x0, 0xff, 0xe1, 0x48, 0x3, 0x40,
    0x27, 0x44, 0xf9, 0x63, 0x90, 0x9, 0x80, 0x23,
    0xbb, 0xfa, 0x9c, 0x40, 0xf0, 0x3, 0xff, 0x82,
    0x4b, 0x58, 0x20,

    /* U+0043 "C" */
    0x0, 0xf1, 0xc6, 0x77, 0xfb, 0x69, 0x40, 0x3f,
    0x15, 0xe3, 0x98, 0x80, 0x9, 0x6b, 0x98, 0x3,
    0x97, 0x50, 0x0, 0x4c, 0xee, 0x51, 0x1, 0x99,
    0x0, 0x4b, 0x40, 0x4, 0xdd, 0x4c, 0x42, 0xba,
    0x44, 0x8, 0x0, 0x34, 0x0, 0x8b, 0x20, 0xf,
    0x36, 0x3d, 0x80, 0x2c, 0x0, 0xce, 0x1, 0xfc,
    0x50, 0x0, 0x15, 0x1, 0x90, 0xf, 0xfe, 0x12,
    0x0, 0x18, 0x3, 0xff, 0x87, 0xa0, 0xc, 0x0,
    0xff, 0xe1, 0x90, 0x1, 0x80, 0x3f, 0xfa, 0xc4,
    0x0, 0x60, 0xf, 0xfe, 0x1e, 0x80, 0x30, 0x3,
    0xff, 0x86, 0x80, 0x6, 0x0, 0xff, 0xe1, 0x8a,
    0x80, 0xc8, 0x7, 0xff, 0xe, 0xc0, 0xc, 0xe0,
    0x1f, 0xc5, 0x20, 0x10, 0xd0, 0x2, 0x2c, 0x80,
    0x3c, 0xd8, 0xd6, 0x1, 0x2d, 0x0, 0x13, 0x75,
    0x31, 0xa, 0xe9, 0x10, 0x20, 0xc, 0xba, 0x60,
    0x2, 0x67, 0x72, 0x88, 0xd, 0x48, 0x7, 0x16,
    0x61, 0xcc, 0x40, 0x4, 0xb5, 0xca, 0x0,

    /* U+0044 "D" */
    0x1f, 0xff, 0xf6, 0x4a, 0x0, 0x7f, 0xf1, 0x4d,
    0xaf, 0x50, 0x3, 0xe2, 0x88, 0xf3, 0xa0, 0x0,
    0xae, 0x0, 0x3c, 0xce, 0xfe, 0x8b, 0xe7, 0x0,
    0x3c, 0x0, 0x7f, 0xf0, 0x86, 0x2c, 0x0, 0xe8,
    0x1, 0xff, 0xc3, 0x4a, 0x0, 0x48, 0x7, 0xff,
    0x11, 0x4c, 0x8, 0xc0, 0x3f, 0xf8, 0x94, 0x0,
    0xb0, 0xf, 0xfe, 0x22, 0x0, 0x8, 0x3, 0xff,
    0x88, 0x40, 0x6, 0x0, 0xff, 0xec, 0x10, 0x1,
    0x80, 0x3f, 0xf8, 0x88, 0x0, 0x20, 0xf, 0xfe,
    0x25, 0x0, 0x2c, 0x3, 0xff, 0x86, 0xa6, 0x4,
    0x60, 0x1f, 0xfc, 0x24, 0xa0, 0x4, 0x80, 0x7f,
    0xf0, 0x46, 0x2c, 0x0, 0xe8, 0x1, 0x99, 0xdf,
    0xd1, 0x7c, 0xe0, 0x7, 0x80, 0xe, 0x28, 0x8f,
    0x3a, 0x0, 0xa, 0xe0, 0x3, 0xff, 0x84, 0x6d,
    0x7a, 0x80, 0x18,

    /* U+0045 "E" */
    0x1f, 0xff, 0xfe, 0xe, 0x0, 0x7f, 0xf2, 0xa,
    0x23, 0xfd, 0x20, 0x19, 0x9d, 0xff, 0xca, 0x1,
    0xff, 0xff, 0x0, 0xfe, 0x4f, 0xff, 0xe9, 0x0,
    0xff, 0xe4, 0x94, 0xcf, 0xf5, 0x0, 0x73, 0x37,
    0xf8, 0xc0, 0x3f, 0xff, 0x2c, 0xef, 0xff, 0x8,
    0x4, 0x51, 0x1f, 0xf1, 0x80, 0x7f, 0xf1, 0x0,

    /* U+0046 "F" */
    0x1f, 0xff, 0xfe, 0xe, 0x0, 0x7f, 0xf1, 0x8a,
    0x23, 0xfd, 0x20, 0x13, 0x3b, 0xff, 0x94, 0x3,
    0xff, 0xfe, 0x1, 0x33, 0x7f, 0x8c, 0x3, 0x14,
    0xcf, 0xf5, 0x0, 0x7f, 0xf1, 0xd3, 0xff, 0xfa,
    0x40, 0x3f, 0xff, 0xe0, 0x1f, 0xfd, 0x30,

    /* U+0047 "G" */
    0x0, 0xf1, 0xc6, 0x77, 0xfb, 0xad, 0xc4, 0x3,
    0xe2, 0xbc, 0x73, 0x10, 0x0, 0xa4, 0x74, 0x0,
    0x72, 0xea, 0x0, 0x9, 0x5d, 0xca, 0x20, 0x7,
    0xc0, 0x9, 0x28, 0x0, 0x99, 0xb5, 0x10, 0xae,
    0xb2, 0x1, 0x10, 0xd, 0x80, 0x22, 0xcc, 0x3,
    0xc9, 0xaf, 0x82, 0x16, 0x0, 0x67, 0x0, 0xff,
    0x40, 0x80, 0xa8, 0xc, 0x80, 0x7f, 0xf0, 0x90,
    0x0, 0xc0, 0x1f, 0xfc, 0x3d, 0x0, 0x60, 0x7,
    0xff, 0xc, 0x80, 0xc, 0x1, 0xff, 0xc0, 0x11,
    0x0, 0x7f, 0xf1, 0x1f, 0xb8, 0x64, 0x0, 0x60,
    0xf, 0xfe, 0x1e, 0x80, 0x30, 0x3, 0xff, 0x86,
    0x80, 0x6, 0x0, 0xff, 0xe1, 0x8a, 0x80, 0xc8,
    0x7, 0xff, 0xe, 0xc0, 0xc, 0xe0, 0x1f, 0xfc,
    0x21, 0xa0, 0x4, 0x59, 0x80, 0x78, 0xec, 0x3,
    0x96, 0x80, 0x9, 0x9b, 0x31, 0x9, 0xdc, 0x30,
    0x11, 0x0, 0x4b, 0xa8, 0x0, 0x26, 0x77, 0x31,
    0x0, 0x17, 0xc8, 0x3, 0x15, 0xe3, 0x98, 0x80,
    0x5, 0x23, 0xa8, 0x40,

    /* U+0048 "H" */
    0x1f, 0xf5, 0x80, 0x7f, 0xdf, 0xec, 0x0, 0xff,
    0xff, 0x80, 0x7f, 0xff, 0x13, 0xff, 0xfe, 0x0,
    0xff, 0xe6, 0x14, 0x47, 0xfc, 0x1, 0xe6, 0x77,
    0xff, 0x80, 0x3f, 0xff, 0xe0, 0x1f, 0xfe, 0xa0,

    /* U+0049 "I" */
    0x1f, 0xf5, 0x80, 0x7f, 0xff, 0xc0,

    /* U+004A "J" */
    0x0, 0x27, 0xff, 0xf4, 0x80, 0x7f, 0xf0, 0xd6,
    0x23, 0xce, 0x1, 0xc2, 0xef, 0xeb, 0x0, 0xff,
    0xff, 0x80, 0x7f, 0xfd, 0xdc, 0x0, 0x20, 0x6,
    0x0, 0xf1, 0x80, 0x38, 0x2a, 0x60, 0x3, 0xc,
    0x80, 0x10, 0x50, 0x1f, 0x61, 0xa3, 0xc4, 0x14,
    0x87, 0x8, 0x9, 0xe5, 0xc4, 0xe, 0xc0, 0x5,
    0xb2, 0x82, 0x2, 0x73, 0x82, 0x0,

    /* U+004B "K" */
    0x1f, 0xf5, 0x80, 0x7f, 0x17, 0x7f, 0x10, 0x7,
    0xff, 0x4, 0xb0, 0x43, 0x48, 0x3, 0xff, 0x80,
    0x38, 0x21, 0x66, 0x1, 0xff, 0xc0, 0x1c, 0x10,
    0xa4, 0x0, 0xff, 0xe0, 0xe, 0x10, 0x4a, 0x80,
    0x7f, 0xf0, 0x74, 0x82, 0x18, 0x3, 0xff, 0x83,
    0x86, 0xe, 0xe0, 0xf, 0xfe, 0xd, 0x98, 0x34,
    0x0, 0x7f, 0xf0, 0x6d, 0x1, 0x64, 0x3, 0xff,
    0x83, 0x48, 0x0, 0x30, 0xf, 0xfe, 0xc, 0xa8,
    0x4, 0xcc, 0x0, 0xff, 0x91, 0x80, 0xa4, 0x1,
    0x26, 0x1, 0xff, 0xc0, 0x2c, 0x68, 0x0, 0x68,
    0x80, 0x7f, 0x87, 0xc4, 0x1d, 0x40, 0x74, 0x3,
    0xf8, 0x70, 0x80, 0x2a, 0x30, 0x3a, 0x0, 0xfc,
    0xa4, 0x1, 0xda, 0x20, 0xae, 0x1, 0xff, 0xc2,
    0x1c, 0x0, 0x42, 0x0, 0x7f, 0xf0, 0x8a, 0xc0,
    0x16, 0x40, 0x1f, 0xfc, 0x24, 0x90, 0x7, 0x80,
    0x7f, 0xf0, 0xd9, 0x80, 0x56, 0x0,

    /* U+004C "L" */
    0x1f, 0xf5, 0x80, 0x7f, 0xff, 0xc0, 0x3f, 0xff,
    0xe0, 0x1f, 0xff, 0xf0, 0xf, 0xfe, 0x8b, 0x3b,
    0xff, 0x88, 0x2, 0x28, 0x8f, 0xf3, 0x80, 0x7f,
    0xf0, 0xc0,

    /* U+004D "M" */
    0x1f, 0xf4, 0x0, 0x7f, 0xf0, 0xf7, 0xf0, 0x2,
    0x72, 0x0, 0xff, 0xe0, 0xb1, 0x0, 0x7a, 0x0,
    0x3f, 0xf8, 0x30, 0x1, 0xf2, 0xa0, 0x7, 0xfd,
    0x2, 0x1, 0xfa, 0x40, 0x3f, 0xc4, 0xe0, 0x1f,
    0xc4, 0xc0, 0x1f, 0xd0, 0x1, 0xf9, 0x44, 0x20,
    0x40, 0x3e, 0x35, 0x6, 0x10, 0xf, 0x58, 0xc,
    0x0, 0x7d, 0xe0, 0x30, 0x1, 0xf2, 0xa0, 0x31,
    0x0, 0x73, 0x18, 0x40, 0x80, 0x7e, 0x90, 0x4,
    0x80, 0x74, 0x1, 0x30, 0x7, 0xf1, 0x38, 0x22,
    0x0, 0x28, 0x10, 0xe0, 0xf, 0xfa, 0x4, 0x24,
    0x0, 0x4e, 0xa, 0x60, 0x1f, 0xfc, 0xb, 0x2,
    0x70, 0x80, 0x5, 0x80, 0x7f, 0xf0, 0x54, 0xc2,
    0x15, 0x41, 0x2, 0x1, 0xff, 0xc2, 0xe0, 0x5,
    0x1, 0x38, 0x7, 0xff, 0xc, 0x9c, 0x2, 0x90,
    0xf, 0xfe, 0x2c, 0x8, 0x2a, 0x0, 0x7f, 0xf1,
    0xa9, 0x6c, 0x3, 0xff, 0x8e, 0x94, 0x20, 0x1f,
    0xfd, 0x30,

    /* U+004E "N" */
    0x1f, 0xf5, 0x0, 0x7f, 0xdf, 0xec, 0x0, 0x95,
    0xc0, 0x3f, 0xf8, 0xb0, 0x80, 0x1f, 0xfc, 0x5a,
    0x20, 0xf, 0xfe, 0x20, 0xf8, 0x7, 0xff, 0x8,
    0x40, 0x5, 0x40, 0x1f, 0xfc, 0x15, 0xa0, 0x2,
    0xb8, 0x7, 0xff, 0x5, 0x58, 0x1, 0x8, 0x1,
    0xff, 0xc1, 0x94, 0x0, 0x51, 0x0, 0x7f, 0xf0,
    0x68, 0x40, 0x7c, 0x3, 0xff, 0x82, 0x3a, 0x0,
    0x2a, 0x0, 0xff, 0xe0, 0x9d, 0x0, 0x15, 0xc0,
    0x3f, 0xf8, 0x2a, 0xe0, 0x8, 0x40, 0xf, 0xfe,
    0xc, 0x20, 0x2, 0xc8, 0x3, 0xff, 0x83, 0x44,
    0x0, 0xf0, 0xf, 0xfe, 0x8, 0xf8, 0x0, 0x80,
    0x3f, 0xf8, 0x45, 0x40, 0x1f, 0xfc, 0x55, 0x70,
    0xf, 0xfe, 0x2c, 0x20, 0x7, 0xff, 0x16, 0xc8,
    0x0,

    /* U+004F "O" */
    0x0, 0xf1, 0x46, 0x77, 0xfb, 0xa9, 0x80, 0x3f,
    0xe2, 0xbd, 0x73, 0x10, 0x0, 0xac, 0xfb, 0x80,
    0x7e, 0x4d, 0x40, 0x1, 0x33, 0xb9, 0x44, 0x1,
    0x18, 0x20, 0x1c, 0x96, 0x0, 0x4d, 0xd4, 0xc4,
    0x2b, 0xa4, 0x40, 0xf4, 0x3, 0xd, 0x0, 0x22,
    0xc8, 0x3, 0xcd, 0xe4, 0x7, 0x20, 0x14, 0x8,
    0x33, 0x80, 0x7f, 0xe, 0x0, 0x18, 0x80, 0x58,
    0x6, 0x40, 0x3f, 0xe1, 0x80, 0x5, 0x82, 0x0,
    0x18, 0x3, 0xff, 0x82, 0xe0, 0x7, 0xd, 0x0,
    0x60, 0x7, 0xff, 0x8, 0xc0, 0x44, 0x40, 0x6,
    0x0, 0xff, 0xe1, 0x30, 0x0, 0xc0, 0x3f, 0xf9,
    0x44, 0x0, 0x60, 0xf, 0xfe, 0x13, 0x0, 0xf,
    0x40, 0x18, 0x1, 0xff, 0xc2, 0x30, 0x11, 0x20,
    0x1, 0x80, 0x3f, 0xf8, 0x2e, 0x0, 0x70, 0x16,
    0x1, 0x90, 0xf, 0xf8, 0x60, 0x1, 0x60, 0x8,
    0x10, 0x67, 0x0, 0xfe, 0x1c, 0x0, 0x31, 0x0,
    0x6, 0x80, 0x11, 0x64, 0x1, 0xe6, 0xf2, 0x3,
    0x90, 0xc, 0x96, 0x0, 0x4d, 0xc9, 0x78, 0xae,
    0x91, 0x3, 0xd0, 0xf, 0x26, 0xa0, 0x0, 0xda,
    0x1d, 0x44, 0x1, 0x18, 0x20, 0x1f, 0x15, 0xeb,
    0x98, 0x80, 0x5, 0x67, 0xdc, 0x3, 0x80,

    /* U+0050 "P" */
    0x1f, 0xff, 0xed, 0xa5, 0x0, 0xff, 0xe1, 0x12,
    0xd6, 0x98, 0x7, 0x14, 0x47, 0x94, 0x0, 0x58,
    0x60, 0x19, 0x9d, 0xfd, 0x5e, 0xc0, 0xd, 0x0,
    0xff, 0xe0, 0xca, 0x0, 0xa8, 0x7, 0xff, 0x7,
    0xc0, 0x18, 0x1, 0xff, 0xc1, 0x50, 0x1, 0x0,
    0x7f, 0xf4, 0x94, 0x0, 0x40, 0x1f, 0xfc, 0x1f,
    0x0, 0x60, 0x7, 0xff, 0x2, 0x50, 0x5, 0x40,
    0x26, 0x77, 0xf5, 0x7b, 0x0, 0x34, 0x3, 0x14,
    0x47, 0x94, 0x0, 0x58, 0x60, 0x1f, 0xf1, 0x2d,
    0x69, 0x80, 0x72, 0x7f, 0xfb, 0x69, 0x40, 0x3f,
    0xff, 0xe0, 0x1f, 0xfc, 0x20,

    /* U+0051 "Q" */
    0x0, 0xf1, 0x46, 0x77, 0xfb, 0xa9, 0x80, 0x3f,
    0xf8, 0x5, 0x7a, 0xe6, 0x20, 0x1, 0x59, 0xf7,
    0x0, 0xfe, 0x4d, 0x40, 0x1, 0x33, 0xb9, 0x44,
    0x1, 0x18, 0x20, 0x1e, 0x4b, 0x0, 0x26, 0xea,
    0x62, 0x15, 0xd2, 0x20, 0x7a, 0x1, 0xc3, 0x40,
    0x8, 0xb2, 0x0, 0xf3, 0x79, 0x1, 0xc8, 0x6,
    0x81, 0x6, 0x70, 0xf, 0xe1, 0xc0, 0x3, 0x10,
    0x0, 0x58, 0x6, 0x40, 0x3f, 0xe1, 0x80, 0x5,
    0x80, 0x10, 0x0, 0xc0, 0x1f, 0xfc, 0x17, 0x0,
    0x38, 0x3, 0x40, 0x18, 0x1, 0xff, 0xc2, 0x30,
    0x11, 0x1, 0x0, 0x18, 0x3, 0xff, 0x84, 0xc0,
    0x3, 0x0, 0xff, 0xe6, 0x10, 0x1, 0x80, 0x3f,
    0xf8, 0x4c, 0x0, 0x30, 0xd0, 0x6, 0x0, 0x7f,
    0xf0, 0x44, 0xc0, 0x44, 0x8, 0x0, 0x60, 0xf,
    0xfe, 0xb, 0x0, 0x1c, 0x0, 0x2c, 0x3, 0x20,
    0x1f, 0xf1, 0x40, 0x2, 0xc0, 0x28, 0x10, 0x67,
    0x0, 0xfe, 0x1f, 0x0, 0x31, 0x0, 0x43, 0x40,
    0x8, 0xb2, 0x0, 0xf3, 0x79, 0x1, 0xc8, 0x7,
    0x25, 0x80, 0x13, 0x72, 0x5e, 0x2b, 0xa4, 0x40,
    0xf4, 0x3, 0xe4, 0xd4, 0x0, 0x1b, 0x43, 0xa8,
    0x80, 0x23, 0x4, 0x3, 0xf1, 0x5e, 0xb9, 0x88,
    0x4, 0x53, 0xee, 0x1, 0xff, 0xc0, 0x28, 0xce,
    0x80, 0x1, 0x10, 0x3, 0xa8, 0xc0, 0x3f, 0xe7,
    0x90, 0x5, 0xd2, 0x1b, 0x6a, 0xe8, 0x7, 0xff,
    0x1, 0xac, 0x41, 0x6f, 0x24, 0x82, 0xc0, 0x3f,
    0xf8, 0x29, 0xd0, 0x60, 0x2, 0x6d, 0x50,

    /* U+0052 "R" */
    0x1f, 0xff, 0xed, 0xa5, 0x0, 0xff, 0xe1, 0x92,
    0xd6, 0x98, 0x7, 0x8a, 0x23, 0xca, 0x0, 0x2c,
    0x30, 0xe, 0x67, 0x7f, 0x57, 0xb0, 0x3, 0x40,
    0x3f, 0xf8, 0x52, 0x80, 0x2a, 0x1, 0xff, 0xc2,
    0xf0, 0x7, 0x80, 0x7f, 0xf0, 0x94, 0x0, 0x20,
    0x1f, 0xfd, 0x45, 0x0, 0x10, 0x7, 0xff, 0xb,
    0x80, 0x18, 0x1, 0xff, 0xc1, 0x95, 0x1, 0x50,
    0xc, 0xcd, 0xe7, 0x9e, 0x60, 0x6, 0x80, 0x71,
    0x4c, 0xf4, 0x30, 0x81, 0x61, 0x80, 0x7f, 0xf0,
    0x93, 0x4c, 0x3, 0xc9, 0xff, 0xe3, 0x4, 0x30,
    0xf, 0xfe, 0x17, 0x0, 0x34, 0x3, 0xff, 0x84,
    0x52, 0x3, 0x40, 0x1f, 0xfc, 0x26, 0x40, 0x55,
    0x0, 0x7f, 0xf0, 0xa8, 0x42, 0xc4, 0x3, 0xff,
    0x82, 0x34, 0x3, 0x40,

    /* U+0053 "S" */
    0x0, 0x85, 0xef, 0xbf, 0xdd, 0x90, 0x60, 0x1c,
    0xbd, 0x8, 0x20, 0x1, 0x37, 0xcc, 0x10, 0x1,
    0x68, 0x0, 0x6f, 0x32, 0x85, 0x0, 0x19, 0x80,
    0x16, 0x0, 0xac, 0x86, 0x63, 0xd7, 0xcb, 0x8,
    0x20, 0x83, 0x28, 0x7, 0xcd, 0x20, 0x1, 0x0,
    0x78, 0x7, 0xff, 0x0, 0x40, 0x1e, 0x1, 0xff,
    0xc0, 0x50, 0x3, 0x40, 0x7, 0xfc, 0x30, 0x0,
    0x7f, 0xa6, 0x20, 0xf, 0xcf, 0x22, 0x0, 0x59,
    0xde, 0x94, 0x0, 0xf3, 0x74, 0xa0, 0x4, 0x2d,
    0x7a, 0x60, 0x1e, 0x6b, 0xfb, 0x73, 0x0, 0x16,
    0x20, 0x7, 0xe4, 0x8c, 0xd4, 0x0, 0x48, 0x7,
    0xfc, 0x56, 0x60, 0x44, 0x0, 0xff, 0xe0, 0x20,
    0x0, 0x41, 0x40, 0x3f, 0xc4, 0x0, 0x25, 0xab,
    0x30, 0xf, 0x99, 0x40, 0xc7, 0xc1, 0x33, 0xa5,
    0xd9, 0x91, 0x92, 0x0, 0xf0, 0xa7, 0x0, 0xb,
    0x44, 0xc9, 0xcc, 0x7, 0xc, 0x1, 0x1f, 0x4a,
    0x40, 0x10, 0xa4, 0xf1, 0x80, 0x0,

    /* U+0054 "T" */
    0xef, 0xff, 0xfe, 0x1a, 0x80, 0x7f, 0xf1, 0x62,
    0x3c, 0xe0, 0x3, 0x88, 0xf3, 0xb3, 0xbf, 0x50,
    0x1, 0x5d, 0xfc, 0x40, 0x1f, 0xff, 0xf0, 0xf,
    0xff, 0xf8, 0x7, 0xff, 0xfc, 0x3, 0xff, 0xc6,

    /* U+0055 "U" */
    0x3f, 0xf4, 0x80, 0x7f, 0x9b, 0xfc, 0xa0, 0x1f,
    0xff, 0xf0, 0xf, 0xff, 0xf8, 0x7, 0xff, 0x90,
    0x40, 0x6, 0x1, 0xfe, 0x10, 0x0, 0x90, 0x1,
    0xc0, 0x3f, 0xdc, 0x0, 0x60, 0x20, 0x22, 0x0,
    0x7f, 0x38, 0x9, 0x5, 0x0, 0x20, 0x3, 0xf3,
    0x88, 0x38, 0x1, 0x84, 0x16, 0x40, 0x3c, 0xf0,
    0x0, 0xb0, 0x0, 0xd0, 0x1, 0xbe, 0xa2, 0x13,
    0xd0, 0x0, 0x92, 0x0, 0x93, 0x4, 0x0, 0xae,
    0xe6, 0x10, 0x1a, 0x60, 0xe, 0x3e, 0x94, 0x10,
    0x0, 0xa4, 0x7a, 0x80, 0x40,

    /* U+0056 "V" */
    0xd, 0xff, 0x18, 0x7, 0xff, 0x0, 0x7f, 0xd8,
    0x16, 0x0, 0x90, 0xf, 0xfe, 0x3, 0x0, 0x24,
    0x18, 0x41, 0x44, 0x3, 0xfe, 0x90, 0x15, 0x0,
    0x30, 0x2, 0x40, 0x3f, 0xca, 0x21, 0x20, 0x14,
    0x80, 0x18, 0x3, 0xfd, 0x20, 0x6, 0x0, 0x85,
    0x40, 0x54, 0x3, 0xf1, 0x98, 0x18, 0x40, 0x34,
    0x80, 0x24, 0x3, 0xf4, 0x80, 0x2c, 0x3, 0x8c,
    0xc0, 0x66, 0x0, 0xf0, 0xa8, 0x21, 0x0, 0x7a,
    0x40, 0x12, 0x1, 0xe9, 0x0, 0x70, 0x7, 0xca,
    0x20, 0xa2, 0x1, 0xcc, 0x4, 0xa0, 0x1f, 0x98,
    0x1, 0x20, 0x19, 0x44, 0x28, 0x3, 0xfa, 0x40,
    0xc, 0x1, 0xa4, 0x0, 0xc0, 0x1f, 0xc2, 0xa0,
    0x2a, 0x0, 0x33, 0x3, 0x8, 0x7, 0xfa, 0x40,
    0x12, 0x0, 0x90, 0x5, 0x80, 0x7f, 0xc6, 0x60,
    0x33, 0xa, 0x82, 0x10, 0x7, 0xff, 0x2, 0x40,
    0x13, 0x20, 0x7, 0x80, 0x7f, 0xf0, 0x54, 0x41,
    0x5c, 0x9, 0x0, 0x3f, 0xf8, 0x52, 0x1, 0xa8,
    0x3, 0xff, 0x86, 0xc0, 0x19, 0x80, 0x3f, 0xf8,
    0x62, 0xc0, 0x6, 0x10, 0xf, 0x80,

    /* U+0057 "W" */
    0xe, 0xfe, 0x0, 0xff, 0x4f, 0xf9, 0x40, 0x3f,
    0x8f, 0xfc, 0xe0, 0xe0, 0x28, 0x1, 0xfc, 0xe0,
    0xf, 0x0, 0xfe, 0xb0, 0x2, 0x86, 0x80, 0x34,
    0x3, 0xf2, 0x8, 0x1, 0x40, 0x3f, 0x94, 0xc,
    0x81, 0x0, 0xe, 0x1, 0xfb, 0x40, 0x32, 0x80,
    0x7c, 0x44, 0xb, 0x0, 0x94, 0x4, 0xc0, 0x3e,
    0x70, 0x40, 0x7, 0x80, 0x7d, 0x40, 0x5, 0x0,
    0xb8, 0x1, 0x40, 0x1e, 0x41, 0xf, 0x40, 0x50,
    0xf, 0x94, 0x8, 0x80, 0x12, 0x0, 0x1c, 0x3,
    0xda, 0x0, 0x4e, 0x0, 0x28, 0x7, 0x11, 0x2,
    0x80, 0x39, 0x40, 0x4c, 0x3, 0x9c, 0x14, 0x14,
    0x1, 0xe0, 0x1d, 0x40, 0x5, 0x0, 0xef, 0x0,
    0x58, 0x6, 0x41, 0xe, 0x0, 0x20, 0x28, 0x7,
    0x28, 0x11, 0x0, 0x39, 0x40, 0xc, 0x1, 0xb8,
    0x0, 0x80, 0xe, 0x0, 0x20, 0x4, 0x44, 0x5,
    0x0, 0xf9, 0x40, 0x4c, 0x2, 0x50, 0x50, 0x9,
    0x40, 0x1c, 0x1, 0x50, 0x2, 0x80, 0x3e, 0xf0,
    0x5, 0x80, 0x10, 0x1, 0xc0, 0x19, 0x1, 0x40,
    0x25, 0x2, 0x20, 0x7, 0xca, 0x0, 0x50, 0x7,
    0x0, 0xa0, 0x6, 0xe0, 0x2, 0x1, 0x10, 0x14,
    0x3, 0xf9, 0x40, 0x88, 0xa, 0xe, 0x1, 0xca,
    0x0, 0xe0, 0x50, 0x5, 0x80, 0x7f, 0x78, 0x2,
    0x94, 0x1, 0xa0, 0x1e, 0x40, 0x50, 0xa0, 0x13,
    0x0, 0xfe, 0x50, 0x2, 0xf8, 0xa, 0x0, 0x7b,
    0x80, 0xe, 0x40, 0xc0, 0x1f, 0xf2, 0x1, 0x28,
    0x38, 0x7, 0xca, 0x0, 0x80, 0x5, 0x80, 0x7f,
    0xdc, 0x1, 0xb4, 0x3, 0xf2, 0x0, 0x42, 0x60,
    0x1f, 0xf2, 0x0, 0x42, 0x80, 0x1f, 0xb8, 0x2,
    0x70, 0xf, 0xfe, 0x0, 0xa0, 0x1, 0xc0, 0x3f,
    0x94, 0x2, 0xa0, 0xf, 0x0,

    /* U+0058 "X" */
    0xc, 0xff, 0x28, 0x7, 0xf3, 0x7f, 0xa4, 0x1,
    0xc0, 0xa, 0x20, 0xf, 0x8a, 0x40, 0xa4, 0x0,
    0x52, 0x0, 0xe0, 0xf, 0xbc, 0x1, 0xc0, 0x19,
    0x90, 0xe, 0x0, 0x3a, 0x48, 0x20, 0xc0, 0x3a,
    0x84, 0x1c, 0xc0, 0x24, 0x60, 0x47, 0x0, 0xf0,
    0xd0, 0x3, 0x80, 0x3, 0x40, 0x34, 0x1, 0xf9,
    0x18, 0xa, 0x82, 0x84, 0x2c, 0x40, 0x3f, 0xa4,
    0x81, 0x69, 0x1, 0x94, 0x3, 0xfe, 0xf0, 0x2,
    0x81, 0x48, 0x7, 0xff, 0x0, 0xa0, 0x2, 0x90,
    0xf, 0xfe, 0x15, 0x80, 0x5c, 0x1, 0xff, 0xc1,
    0x83, 0x0, 0x95, 0x80, 0x3f, 0xe4, 0x70, 0x2d,
    0x0, 0x49, 0x0, 0x7f, 0xd, 0x0, 0x38, 0xa8,
    0x1, 0xc0, 0x1f, 0xd6, 0x21, 0x6, 0xa, 0xa0,
    0x38, 0x0, 0xf9, 0x94, 0x11, 0xc0, 0x2b, 0x10,
    0x74, 0x0, 0xe2, 0x90, 0x1a, 0x0, 0xc3, 0xa0,
    0xa, 0x10, 0xd, 0xe0, 0xb, 0x10, 0xe, 0x37,
    0x1, 0xa0, 0xa, 0x48, 0x15, 0x40, 0x1f, 0x41,
    0x82, 0x30, 0x23, 0x0, 0xd0, 0x7, 0xf7, 0x0,
    0x24, 0x80,

    /* U+0059 "Y" */
    0xc, 0xff, 0x18, 0x7, 0xfd, 0xbf, 0xc0, 0xf,
    0x0, 0x78, 0x7, 0xf9, 0xc8, 0x2c, 0x0, 0x6c,
    0x6, 0xc0, 0x1f, 0x86, 0x1, 0x14, 0x2, 0x81,
    0x8, 0x0, 0xfd, 0x60, 0x9, 0x0, 0xc3, 0x0,
    0x32, 0x1, 0xe3, 0x50, 0x72, 0x0, 0xe6, 0x20,
    0x62, 0x0, 0xee, 0x1, 0x80, 0xf, 0xb8, 0x1,
    0xc0, 0x19, 0x88, 0x2c, 0x3, 0xf1, 0xa8, 0x1a,
    0x80, 0x6, 0x40, 0xd4, 0x3, 0xfa, 0xc0, 0x16,
    0x0, 0xb0, 0x7, 0x0, 0x7f, 0x86, 0x40, 0x60,
    0xd4, 0x18, 0x80, 0x3f, 0xe6, 0x20, 0x7e, 0x1,
    0x80, 0xf, 0xfe, 0xf, 0x0, 0x8, 0x20, 0x40,
    0x3f, 0xf8, 0x26, 0xa0, 0x3, 0x60, 0xf, 0xfe,
    0x1f, 0x80, 0x2c, 0x3, 0xff, 0xfe, 0x1, 0xff,
    0xe9,

    /* U+005A "Z" */
    0x9f, 0xff, 0xfe, 0x19, 0x80, 0x7f, 0xf1, 0x76,
    0x23, 0xfe, 0x20, 0x2, 0x1a, 0x3b, 0xff, 0x88,
    0x80, 0x34, 0x1, 0xff, 0x15, 0x0, 0x34, 0x40,
    0x3f, 0xef, 0x0, 0x49, 0x80, 0x7f, 0xd4, 0x40,
    0xcc, 0x0, 0xff, 0x9d, 0x40, 0xe4, 0x3, 0xfe,
    0x48, 0x1, 0xe0, 0xf, 0xf8, 0x68, 0x1, 0x44,
    0x1, 0xff, 0x68, 0x84, 0x20, 0x7, 0xfd, 0x26,
    0x8, 0xe0, 0x1f, 0xf3, 0x30, 0xa, 0x80, 0x3f,
    0xe3, 0x90, 0x7, 0x88, 0x7, 0xf8, 0x74, 0x1,
    0x44, 0x1, 0xff, 0x50, 0x83, 0x28, 0x7, 0xfd,
    0x8, 0x7, 0x20, 0x1f, 0xf2, 0xb8, 0x1, 0x1d,
    0xff, 0xe4, 0x90, 0x9, 0xe2, 0x3f, 0xed, 0x0,
    0xff, 0xe2, 0x80,

    /* U+005B "[" */
    0x1f, 0xfe, 0xc0, 0xf, 0xf2, 0x66, 0x38, 0x2,
    0x13, 0x31, 0x0, 0x7f, 0xff, 0xc0, 0x3f, 0xfe,
    0x22, 0x66, 0x20, 0x9, 0x33, 0x1c, 0x1, 0xf0,

    /* U+005C "\\" */
    0x7, 0x83, 0x0, 0xff, 0x63, 0xc0, 0x7, 0xfb,
    0x81, 0x4, 0x3, 0xf9, 0x40, 0xe, 0x1, 0xfe,
    0x50, 0xa0, 0xf, 0xf7, 0x81, 0x88, 0x7, 0xf2,
    0x80, 0x18, 0x3, 0xfc, 0xc1, 0x40, 0x1f, 0xed,
    0x2, 0x20, 0x7, 0xf2, 0x8, 0x50, 0x7, 0xf9,
    0xc1, 0x40, 0x3f, 0xd4, 0x4, 0x60, 0x1f, 0xc6,
    0x21, 0x60, 0x1f, 0xe6, 0x6, 0x0, 0xff, 0x50,
    0xa, 0x0, 0x7f, 0x11, 0x3, 0x40, 0x3f, 0xd4,
    0xe, 0x1, 0xfe, 0x50, 0x14, 0x0, 0xfe, 0x23,
    0xe, 0x0, 0xff, 0x58, 0x28, 0x7, 0xf9, 0x80,
    0xa, 0x1, 0xfc, 0x28, 0x1c, 0x1, 0xfe, 0xd0,
    0x41, 0x0, 0xfe, 0x70, 0x3, 0x80, 0x7f, 0xa,
    0x6, 0x80, 0x7f, 0xb8, 0x10, 0x40, 0x3f, 0x94,
    0x0, 0xe0,

    /* U+005D "]" */
    0x7f, 0xfe, 0x60, 0xf, 0x9b, 0x31, 0x0, 0x10,
    0x99, 0xc0, 0x1f, 0xff, 0xf0, 0xf, 0xff, 0x88,
    0x99, 0xc0, 0x13, 0x66, 0x20, 0x3, 0xfc,

    /* U+005E "^" */
    0x0, 0xe7, 0x83, 0x0, 0xfe, 0x58, 0x78, 0x0,
    0xfe, 0x90, 0x24, 0x20, 0xf, 0x8c, 0xc9, 0x61,
    0x60, 0x1f, 0x48, 0x7b, 0x3, 0x0, 0x78, 0x54,
    0x50, 0x18, 0x1c, 0x3, 0xa4, 0x24, 0x1, 0x61,
    0x40, 0x1c, 0xc0, 0xc0, 0x2, 0x32, 0x40, 0x9,
    0x85, 0x44, 0x2, 0x90, 0xf0, 0xa, 0xc3, 0x80,
    0x32, 0x8a, 0x10, 0x21, 0x11, 0x0, 0x39, 0x82,
    0xc3, 0xc2, 0x80, 0x3d, 0x40, 0xc0,

    /* U+005F "_" */
    0xbb, 0xff, 0xe1, 0x22, 0x7f, 0xf0, 0x80,

    /* U+0060 "`" */
    0x38, 0x83, 0x80, 0x63, 0xe7, 0x8b, 0x0, 0xcd,
    0xa4, 0x98, 0x20, 0x11, 0x6a, 0x9e, 0x8,

    /* U+0061 "a" */
    0x0, 0xb, 0xdf, 0x7f, 0xba, 0x90, 0x3, 0x47,
    0x42, 0x8, 0x0, 0x56, 0xe4, 0x2, 0x50, 0x16,
    0x9a, 0x95, 0x0, 0x33, 0x80, 0x3a, 0x7a, 0x59,
    0x5a, 0xb0, 0x1, 0x20, 0x3, 0x60, 0xf, 0x1b,
    0x0, 0x90, 0x7, 0xfb, 0xc0, 0xc, 0x0, 0x29,
    0xce, 0xe7, 0xfd, 0x20, 0x1, 0x6, 0xd6, 0x31,
    0x10, 0x7, 0xc5, 0x20, 0x37, 0xdf, 0xfa, 0x40,
    0x25, 0x0, 0x52, 0x8, 0x7, 0xee, 0x0, 0x28,
    0x7, 0xb8, 0x2, 0xe0, 0x2, 0x80, 0x71, 0x38,
    0x4, 0xa0, 0xa, 0x40, 0x9, 0xb0, 0x3, 0x15,
    0x0, 0xdf, 0xf7, 0xc8, 0xb8, 0x6, 0x5d, 0x62,
    0x1, 0x26, 0xdb, 0x0, 0x80,

    /* U+0062 "b" */
    0x7f, 0xf1, 0x80, 0x7f, 0xff, 0xc0, 0x3f, 0xf9,
    0x4d, 0x7d, 0xfd, 0x6c, 0x1, 0xf3, 0x64, 0xa0,
    0x80, 0xa4, 0xe9, 0x80, 0x75, 0x98, 0x2c, 0xc9,
    0xc8, 0xb, 0xc, 0x3, 0x9, 0x6d, 0x33, 0x23,
    0x5c, 0x1, 0xc0, 0x1d, 0x84, 0x1, 0xd0, 0xa0,
    0x4c, 0x1, 0x38, 0x80, 0x7d, 0x0, 0xd, 0x0,
    0xb0, 0x3, 0xf1, 0x8, 0x30, 0x4, 0xe0, 0x1f,
    0xc4, 0x6, 0x1, 0x38, 0x7, 0xf1, 0x1, 0x80,
    0x58, 0x1, 0xf8, 0x84, 0x1c, 0x2, 0x71, 0x0,
    0xfa, 0x0, 0x1e, 0x1, 0xb0, 0x80, 0x3a, 0x14,
    0x9, 0x40, 0x21, 0x2d, 0xa6, 0x64, 0x6b, 0x80,
    0x38, 0x3, 0x69, 0x82, 0xcc, 0x9c, 0x80, 0xb0,
    0xc0, 0x30, 0xe4, 0xa0, 0x80, 0xa4, 0xe9, 0x80,
    0x0,

    /* U+0063 "c" */
    0x0, 0xc9, 0x5b, 0xfe, 0xda, 0x30, 0xe, 0x1b,
    0xb2, 0x90, 0x0, 0x97, 0x28, 0x2, 0x1f, 0x40,
    0x16, 0x99, 0x30, 0x1, 0x64, 0x1, 0x42, 0xb,
    0xd2, 0xcc, 0x9e, 0x30, 0x10, 0x34, 0x4, 0xa0,
    0xe, 0x1d, 0xd4, 0x5, 0x0, 0x20, 0x3, 0xe1,
    0x20, 0x2, 0x80, 0xc, 0x3, 0xfe, 0x10, 0x10,
    0xf, 0xfe, 0x0, 0x80, 0x80, 0x7f, 0xf0, 0x14,
    0x0, 0x60, 0x1f, 0xf5, 0x0, 0x3c, 0x3, 0xe1,
    0x20, 0x1, 0xa0, 0x1d, 0x0, 0x70, 0xee, 0xa0,
    0x1, 0x44, 0xb, 0xd2, 0xcc, 0x9e, 0x30, 0x10,
    0x0, 0xe2, 0x0, 0xb4, 0xc9, 0x80, 0xd, 0x20,
    0x10, 0xdd, 0x94, 0x80, 0x4, 0xd9, 0x20, 0x0,

    /* U+0064 "d" */
    0x0, 0xff, 0xe0, 0x17, 0xfa, 0x0, 0x3f, 0xff,
    0xe0, 0x1f, 0xcb, 0x7d, 0xfe, 0xc6, 0x0, 0xf8,
    0xb6, 0x90, 0x40, 0x7, 0x3a, 0xc0, 0x18, 0xb0,
    0x80, 0x5e, 0x64, 0xc0, 0x56, 0x1, 0xb8, 0x41,
    0x7a, 0x19, 0x93, 0xc6, 0x1, 0x90, 0xc1, 0x28,
    0x3, 0x87, 0x44, 0x2, 0xd0, 0x4, 0x0, 0x7c,
    0x32, 0x1, 0x28, 0x0, 0xc0, 0x3f, 0x20, 0x4,
    0x20, 0x20, 0x1f, 0xc4, 0x1, 0x8, 0x8, 0x7,
    0xf1, 0x0, 0x4a, 0x0, 0x40, 0xf, 0xc8, 0x1,
    0x68, 0x2, 0x0, 0x3e, 0x19, 0x0, 0x90, 0xc0,
    0xe8, 0x3, 0x87, 0x44, 0x3, 0x70, 0x82, 0xf4,
    0x33, 0x27, 0x8c, 0x40, 0x31, 0x61, 0x0, 0xbc,
    0xc9, 0x80, 0xb4, 0x3, 0x8b, 0x69, 0x4, 0x0,
    0x71, 0xa6, 0x1, 0x0,

    /* U+0065 "e" */
    0x0, 0xcb, 0x7d, 0xfe, 0xc7, 0x10, 0xe, 0x2d,
    0xa4, 0x10, 0x1, 0xc7, 0x28, 0x4, 0x58, 0x40,
    0x93, 0x74, 0xc0, 0xa, 0x40, 0x7, 0x8, 0x55,
    0xb2, 0x2c, 0xe9, 0x5, 0xa, 0x18, 0x3a, 0x80,
    0x71, 0x70, 0xb, 0x68, 0x2, 0x40, 0x3e, 0x33,
    0x6, 0x28, 0x3, 0x37, 0x7f, 0x18, 0x28, 0x80,
    0x8, 0xbf, 0x80, 0x2, 0x20, 0x1f, 0xff, 0xfe,
    0x2, 0x80, 0x90, 0x7, 0xfd, 0x40, 0x9, 0x0,
    0xff, 0x8d, 0x1, 0x24, 0x3, 0xcb, 0xc4, 0x0,
    0xa2, 0x6, 0xe9, 0x65, 0x7c, 0xa1, 0xe0, 0x0,
    0xe2, 0x0, 0xb4, 0xd4, 0x18, 0x17, 0x0, 0x43,
    0x76, 0x52, 0x0, 0xa, 0x56, 0x90, 0x0,

    /* U+0066 "f" */
    0x0, 0xc3, 0x1b, 0xfe, 0xc5, 0x0, 0x87, 0x1c,
    0x80, 0x7, 0x80, 0x14, 0x10, 0x2d, 0xd9, 0xa8,
    0x2, 0x70, 0x2a, 0x44, 0x49, 0x80, 0x42, 0x8,
    0x1, 0xf0, 0x80, 0x7e, 0x9f, 0xe0, 0x3, 0x7f,
    0xdc, 0x1, 0xff, 0xc0, 0xbc, 0xb0, 0x2, 0x66,
    0x5a, 0x4, 0x6a, 0x0, 0x13, 0x3c, 0x1, 0xff,
    0xff, 0x0, 0xff, 0xf1, 0x80,

    /* U+0067 "g" */
    0x0, 0xcd, 0x7d, 0xfe, 0xc8, 0x10, 0xcf, 0xc0,
    0x1, 0xf4, 0xa0, 0x80, 0xd, 0xf9, 0x40, 0x31,
    0xe0, 0x81, 0xce, 0x62, 0x4c, 0x28, 0xc0, 0x2d,
    0x0, 0x4e, 0x31, 0x99, 0xb2, 0x40, 0x33, 0x8,
    0x3b, 0x0, 0x79, 0x9c, 0x2, 0xc0, 0x4, 0x80,
    0x7e, 0x90, 0x9, 0x80, 0x44, 0x1, 0xf8, 0x44,
    0x1, 0x84, 0x3, 0xfc, 0x20, 0x6, 0x0, 0x10,
    0x7, 0xe2, 0x0, 0xb0, 0x1, 0x0, 0x1f, 0xa0,
    0x2, 0x62, 0x5, 0x80, 0xf, 0x42, 0x80, 0x6e,
    0x0, 0x3f, 0x43, 0x32, 0x39, 0xc0, 0x38, 0xf0,
    0x80, 0x5e, 0x64, 0xe2, 0x14, 0x0, 0x70, 0x1,
    0xec, 0xa0, 0x80, 0xd, 0xf9, 0x40, 0x3e, 0x6b,
    0xef, 0xf6, 0x40, 0x90, 0x0, 0x80, 0x3f, 0xf8,
    0x14, 0x0, 0xc0, 0x3e, 0x60, 0xf, 0x91, 0xc0,
    0x54, 0x3c, 0x67, 0xa9, 0xd9, 0x8f, 0x96, 0x0,
    0x80, 0x7, 0x98, 0xa, 0xc4, 0xca, 0xc, 0x1,
    0x2c, 0x0, 0x3c, 0xc3, 0x98, 0x80, 0x4, 0xe3,
    0x98, 0x0,

    /* U+0068 "h" */
    0x7f, 0xf1, 0x80, 0x7f, 0xff, 0xc0, 0x3f, 0xf8,
    0x8d, 0x9d, 0xfd, 0x6a, 0x1, 0xe5, 0xd9, 0x31,
    0x1, 0x4a, 0xb0, 0xe, 0x92, 0x16, 0x88, 0x28,
    0x1, 0x24, 0x3, 0x93, 0xa5, 0xdd, 0x58, 0x0,
    0x62, 0x0, 0x8a, 0xc0, 0x38, 0xe0, 0x0, 0x80,
    0x15, 0x0, 0x7c, 0xa0, 0xf, 0x0, 0x8c, 0x3,
    0xe3, 0x0, 0xf3, 0x80, 0x7f, 0x8c, 0x3, 0xff,
    0xfe, 0x1, 0xff, 0xd2,

    /* U+0069 "i" */
    0x5f, 0xe3, 0xb0, 0x19, 0x50, 0x1, 0x54, 0x4c,
    0xb, 0xb0, 0x7, 0x3f, 0xf8, 0xc0, 0x3f, 0xfd,
    0x80,

    /* U+006A "j" */
    0x0, 0xe4, 0xee, 0x28, 0x7, 0x78, 0x8a, 0x0,
    0x38, 0x80, 0xe, 0x1, 0xd3, 0x35, 0x0, 0x79,
    0x98, 0x1, 0xff, 0xc3, 0x5f, 0xf3, 0x0, 0x7f,
    0xff, 0xc0, 0x3f, 0xfd, 0xe6, 0x1, 0xd8, 0x0,
    0x60, 0xb6, 0x48, 0x60, 0x13, 0x54, 0x9b, 0x70,
    0x5, 0x83, 0xa8, 0x80, 0x13, 0x14, 0x0,

    /* U+006B "k" */
    0x7f, 0xf1, 0x80, 0x7f, 0xff, 0xc0, 0x3f, 0xf9,
    0xe9, 0xfe, 0xe2, 0x0, 0xff, 0x2d, 0x80, 0xe1,
    0x0, 0x7f, 0x35, 0x0, 0xe1, 0x0, 0x7f, 0x3c,
    0x80, 0xe1, 0x0, 0x7f, 0x44, 0x0, 0x70, 0x80,
    0x3f, 0xa5, 0xc0, 0x70, 0x80, 0x3f, 0x3d, 0x30,
    0x1, 0xc8, 0x3, 0xfa, 0x94, 0x2, 0x65, 0x0,
    0xfe, 0x10, 0x4a, 0x0, 0x51, 0x0, 0x7f, 0x25,
    0xab, 0x80, 0x3c, 0x3, 0xf2, 0xd8, 0x2, 0x10,
    0xa, 0x80, 0x3e, 0x90, 0xd, 0x64, 0xa, 0xe0,
    0x1f, 0xfc, 0xf, 0x0, 0x42, 0x0, 0x7f, 0xc5,
    0x40, 0xa, 0x10, 0xf, 0xf9, 0x5c, 0x7, 0x40,

    /* U+006C "l" */
    0x7f, 0xf1, 0x80, 0x7f, 0xff, 0xc0, 0x38,

    /* U+006D "m" */
    0x7f, 0xf1, 0xc, 0x67, 0xfb, 0xa8, 0xc0, 0x22,
    0x9d, 0xff, 0x6c, 0x90, 0x7, 0x9f, 0xdc, 0xc0,
    0x2, 0xb8, 0xe0, 0xfa, 0xc4, 0x0, 0x26, 0xd6,
    0x0, 0xea, 0x13, 0x9b, 0xa5, 0x0, 0x45, 0xc0,
    0x1c, 0xdd, 0x28, 0x2, 0x4c, 0x3, 0x9f, 0x19,
    0x16, 0xa4, 0x0, 0x81, 0x18, 0xc8, 0xb5, 0x0,
    0x8, 0x0, 0xc5, 0x0, 0x1c, 0xc4, 0x0, 0x37,
    0x0, 0xe7, 0x20, 0x40, 0xd, 0x40, 0x1f, 0x20,
    0x2, 0x80, 0x3e, 0x40, 0x1, 0x0, 0x46, 0x1,
    0xf7, 0x0, 0x8, 0x3, 0xe1, 0x0, 0xf3, 0x80,
    0x7f, 0x9c, 0x3, 0xfc, 0x20, 0x1f, 0xff, 0xf0,
    0xf, 0xff, 0xf8, 0x7, 0xff, 0x50,

    /* U+006E "n" */
    0x7f, 0xf1, 0x3, 0xe7, 0xfb, 0xad, 0x40, 0x3c,
    0xfd, 0x6, 0x0, 0x14, 0xab, 0x0, 0xea, 0x12,
    0x8b, 0xa7, 0x10, 0x49, 0x0, 0xe6, 0xd7, 0x45,
    0x8c, 0x10, 0x62, 0x0, 0x8a, 0x40, 0x38, 0xa0,
    0x0, 0x80, 0x15, 0x0, 0x7c, 0x80, 0xf, 0x0,
    0x8c, 0x3, 0xe3, 0x0, 0xf3, 0x80, 0x7f, 0x8c,
    0x3, 0xff, 0xfe, 0x1, 0xff, 0xd2,

    /* U+006F "o" */
    0x0, 0xc9, 0x5d, 0xfe, 0xd9, 0x30, 0xf, 0xe,
    0x5a, 0x88, 0x0, 0x9b, 0x28, 0x3, 0xf, 0x98,
    0xb, 0xcc, 0x98, 0x0, 0xb8, 0x1, 0x50, 0x82,
    0xf4, 0x33, 0x27, 0x8c, 0xe, 0x0, 0xd0, 0x12,
    0x80, 0x38, 0x70, 0x41, 0xc6, 0x80, 0x10, 0x1,
    0xfa, 0x40, 0x8, 0xa0, 0x3, 0x0, 0xfc, 0x80,
    0xd, 0x10, 0x10, 0xf, 0xe2, 0x0, 0x8, 0x80,
    0x40, 0x3f, 0x88, 0x0, 0x2a, 0x0, 0x40, 0xf,
    0xc8, 0x0, 0xda, 0x0, 0x40, 0x7, 0xc3, 0x20,
    0x4, 0x34, 0x3, 0xa0, 0xe, 0x1d, 0x10, 0x71,
    0xa, 0x20, 0x5e, 0x86, 0x64, 0xf1, 0x82, 0x40,
    0x0, 0x71, 0x0, 0x5e, 0x64, 0xc0, 0x6, 0xb0,
    0xc, 0x37, 0x65, 0x10, 0x1, 0x36, 0x48, 0x4,

    /* U+0070 "p" */
    0x7f, 0xf1, 0x3, 0x67, 0x7f, 0x5b, 0x0, 0x7c,
    0x3b, 0x26, 0x20, 0x29, 0x3a, 0x60, 0x1d, 0xa4,
    0xb, 0x32, 0x72, 0x2, 0xc3, 0x0, 0xc2, 0x5b,
    0x4c, 0xc8, 0xd7, 0x0, 0x70, 0x7, 0x61, 0x0,
    0x74, 0x28, 0x13, 0x0, 0x4e, 0x20, 0x1f, 0x40,
    0x3, 0x40, 0x2c, 0x0, 0xfc, 0x42, 0xc, 0x1,
    0x38, 0x7, 0xf1, 0x1, 0x80, 0x4e, 0x1, 0xfc,
    0x40, 0x60, 0x16, 0x0, 0x7e, 0x21, 0x7, 0x0,
    0x9c, 0x40, 0x3e, 0x80, 0x7, 0x80, 0x6c, 0x20,
    0xe, 0x85, 0x2, 0x50, 0x8, 0x4b, 0x69, 0x99,
    0x1a, 0xe0, 0xe, 0x0, 0xd6, 0x60, 0xb3, 0x27,
    0x20, 0x2c, 0x30, 0xc, 0xd9, 0x48, 0x20, 0x29,
    0x3a, 0x60, 0x1f, 0x2d, 0xf7, 0xf5, 0xb0, 0x7,
    0xff, 0xe0,

    /* U+0071 "q" */
    0x0, 0xcb, 0x7d, 0xfe, 0xc7, 0x0, 0x7f, 0xa0,
    0x0, 0x5b, 0x48, 0x20, 0x3, 0x8d, 0x30, 0xc,
    0x58, 0x40, 0x2f, 0x32, 0x60, 0x2d, 0x0, 0xdc,
    0x20, 0xbd, 0xc, 0xc9, 0xe3, 0x10, 0x9, 0xc,
    0x12, 0x80, 0x38, 0x74, 0x40, 0x2d, 0x0, 0x40,
    0x7, 0xc3, 0x20, 0x12, 0x80, 0xc, 0x3, 0xf2,
    0x0, 0x42, 0x2, 0x1, 0xfc, 0x40, 0x10, 0x80,
    0x80, 0x7f, 0x10, 0x4, 0xa0, 0x4, 0x0, 0xfc,
    0x80, 0x16, 0x80, 0x20, 0x3, 0xe1, 0x90, 0x9,
    0xc, 0xe, 0x80, 0x38, 0x74, 0x40, 0x37, 0x8,
    0x2f, 0x43, 0x32, 0x78, 0xc4, 0x3, 0x16, 0x10,
    0xb, 0xcc, 0x98, 0xa, 0x80, 0x38, 0xb6, 0x90,
    0x40, 0x7, 0x3a, 0xc0, 0x1f, 0x2d, 0xf7, 0xfb,
    0x18, 0x3, 0xff, 0xf2,

    /* U+0072 "r" */
    0x7f, 0xf1, 0x3, 0xe7, 0xc0, 0x4, 0xdd, 0x6,
    0x1, 0xd4, 0x20, 0xb1, 0x80, 0x10, 0xa7, 0x53,
    0xa0, 0x4, 0x36, 0x20, 0x1e, 0x60, 0xf, 0xd8,
    0x1, 0xf9, 0xc0, 0x3f, 0xff, 0x0,

    /* U+0073 "s" */
    0x0, 0x8e, 0x77, 0xfe, 0xc9, 0x40, 0xd, 0x18,
    0xc4, 0x1, 0x1b, 0x5c, 0x0, 0x15, 0xc0, 0x5e,
    0xa9, 0x2c, 0x21, 0x40, 0xe, 0x0, 0x64, 0x2a,
    0x9a, 0x7b, 0x8, 0x0, 0xc0, 0x44, 0x0, 0xf1,
    0x80, 0x4c, 0x4, 0xc0, 0x1f, 0xef, 0x0, 0x4f,
    0xdc, 0x29, 0x0, 0x72, 0x59, 0x0, 0x11, 0xeb,
    0x74, 0xc0, 0x19, 0x37, 0x25, 0x8c, 0x0, 0x53,
    0x0, 0x1c, 0x6d, 0x39, 0xf4, 0x20, 0xe2, 0x1,
    0xfc, 0xac, 0x0, 0x20, 0x57, 0x0, 0xf8, 0xc0,
    0x4, 0x17, 0x1f, 0x4e, 0xaa, 0x7c, 0x40, 0x41,
    0x11, 0x0, 0x16, 0x2a, 0x90, 0x60, 0x74, 0x3,
    0x98, 0x73, 0x10, 0x0, 0xad, 0x60, 0x80,

    /* U+0074 "t" */
    0x0, 0xa2, 0xa, 0x1, 0xf0, 0xbb, 0xbc, 0x3,
    0xff, 0x9f, 0x3f, 0xc0, 0x5, 0xff, 0xb8, 0x3,
    0xff, 0x81, 0x79, 0x60, 0x4, 0xcc, 0xb4, 0x8,
    0xd4, 0x0, 0x26, 0x78, 0x3, 0xff, 0xf2, 0x20,
    0x1f, 0xfc, 0x17, 0x0, 0xfc, 0xa0, 0x56, 0xaa,
    0xa4, 0x0, 0xa0, 0x41, 0x2a, 0x8b, 0xe0, 0x11,
    0x63, 0x8, 0xa, 0x40,

    /* U+0075 "u" */
    0x9f, 0xf0, 0x80, 0x7c, 0xbf, 0xe6, 0x0, 0xff,
    0xff, 0x80, 0x7f, 0xf8, 0x44, 0x0, 0x40, 0x1f,
    0x68, 0x5, 0xc0, 0xb, 0x0, 0xf9, 0x80, 0x27,
    0x0, 0x39, 0x80, 0x61, 0xb1, 0x0, 0x85, 0x80,
    0x19, 0x4e, 0xe9, 0xf4, 0x0, 0xe9, 0x50, 0x2,
    0xc4, 0x18, 0x4a, 0xc0, 0x3a, 0xad, 0x4, 0x0,
    0x71, 0xac, 0x1, 0x0,

    /* U+0076 "v" */
    0xd, 0xfe, 0x0, 0xfe, 0x2f, 0xf3, 0x85, 0x80,
    0xb0, 0x7, 0xeb, 0x0, 0x30, 0x30, 0x85, 0x0,
    0x7c, 0x2c, 0xc, 0x20, 0x6, 0x3, 0x30, 0x7,
    0x98, 0x1, 0x60, 0x15, 0x0, 0x24, 0x3, 0xd2,
    0x8, 0x40, 0x11, 0x28, 0x28, 0x80, 0x65, 0x10,
    0xf0, 0xe, 0x90, 0x4, 0x80, 0x69, 0x2, 0x40,
    0xe, 0x32, 0x6, 0x0, 0x8c, 0xc1, 0x40, 0x1f,
    0x58, 0xa, 0x80, 0x24, 0x0, 0xe0, 0x1f, 0x30,
    0x84, 0x80, 0xa8, 0x30, 0x7, 0xf3, 0x1, 0x99,
    0x80, 0x16, 0x1, 0xfd, 0x20, 0x9, 0x90, 0x21,
    0x0, 0x7f, 0xa, 0x82, 0x88, 0x78, 0x7, 0xfd,
    0x20, 0x11, 0x20, 0x7, 0xfc, 0x66, 0x0, 0x58,
    0x7, 0x80,

    /* U+0077 "w" */
    0xaf, 0xe0, 0xf, 0xd5, 0xfe, 0x0, 0xfd, 0x3f,
    0xbc, 0x2, 0x80, 0x1e, 0x15, 0x0, 0x28, 0x7,
    0xce, 0x14, 0x82, 0x1a, 0x1, 0xe7, 0x0, 0xb8,
    0x3, 0xca, 0x20, 0xc0, 0xc0, 0xc0, 0x1e, 0xa0,
    0x9, 0x4, 0x3, 0xb8, 0x10, 0x42, 0x80, 0xa,
    0x1, 0x88, 0xc2, 0x80, 0xe, 0x1, 0x85, 0x3,
    0x80, 0x4, 0x61, 0xc0, 0x1a, 0x80, 0x55, 0x2,
    0x80, 0x33, 0x0, 0x14, 0x2, 0xb0, 0x41, 0x0,
    0x98, 0x18, 0x38, 0xc, 0x80, 0x2a, 0x6, 0x0,
    0xcc, 0x0, 0x70, 0x2, 0x88, 0x50, 0x28, 0x85,
    0x0, 0x8, 0x81, 0x40, 0x18, 0x50, 0x28, 0x1,
    0xe0, 0x84, 0x0, 0x70, 0x60, 0x5, 0x1, 0x18,
    0x7, 0x70, 0x19, 0xa, 0x87, 0x0, 0x54, 0x2,
    0x80, 0xc1, 0x40, 0x1e, 0x50, 0x5, 0x30, 0x1,
    0x40, 0x23, 0x20, 0xe4, 0x10, 0x60, 0xf, 0x98,
    0x16, 0x81, 0x80, 0x3a, 0x81, 0x7c, 0xc, 0x40,
    0x3e, 0xa0, 0x22, 0x5, 0x0, 0x73, 0x0, 0x10,
    0x28, 0x3, 0xf1, 0x90, 0x0, 0x8c, 0x3, 0x85,
    0x40, 0x26, 0x0, 0xfe, 0x50, 0x5, 0x0, 0x7d,
    0xc0, 0x5, 0x0, 0xe0,

    /* U+0078 "x" */
    0x1e, 0xfe, 0x10, 0xf, 0x4f, 0xf9, 0x40, 0x74,
    0x7, 0x40, 0x39, 0x58, 0x19, 0x40, 0x7, 0x0,
    0x70, 0x1, 0x15, 0x1, 0xc8, 0x6, 0x75, 0x7,
    0x40, 0x7, 0x0, 0x38, 0x3, 0xd4, 0x41, 0x45,
    0x26, 0x14, 0x40, 0x1f, 0x70, 0xe, 0x30, 0x3a,
    0x80, 0x7e, 0x39, 0x1, 0x3, 0x80, 0xf, 0xf3,
    0x8, 0x2, 0x80, 0x3f, 0xea, 0x10, 0x4, 0x10,
    0x7, 0xf3, 0x28, 0x28, 0xf, 0x0, 0x7e, 0x39,
    0x3, 0xaa, 0x1, 0xc8, 0x7, 0x87, 0x80, 0x74,
    0x15, 0x81, 0x94, 0x3, 0xa8, 0x82, 0x84, 0x1,
    0x24, 0x14, 0x40, 0x13, 0xa0, 0x3a, 0x0, 0x6f,
    0x0, 0x78, 0x0, 0xe0, 0xe, 0x0, 0x38, 0xa8,
    0xa, 0x80,

    /* U+0079 "y" */
    0xd, 0xfe, 0x0, 0xfe, 0x2f, 0xf3, 0x85, 0x80,
    0xb0, 0x7, 0xeb, 0x0, 0x30, 0x30, 0x85, 0x80,
    0x7c, 0x2c, 0xe, 0x20, 0x9, 0x2, 0x40, 0xf,
    0x48, 0x2, 0x80, 0x26, 0x0, 0x40, 0x7, 0x98,
    0x14, 0x80, 0x21, 0x60, 0x33, 0x0, 0x66, 0x10,
    0x90, 0xe, 0xb0, 0x4, 0x80, 0x6b, 0x3, 0x30,
    0x7, 0x12, 0x82, 0x88, 0x1, 0x8, 0x20, 0x3,
    0xe9, 0x0, 0x48, 0x3, 0xc0, 0x90, 0x3, 0xe3,
    0x30, 0x38, 0x12, 0x5, 0x80, 0x7f, 0x40, 0x1,
    0xec, 0x5, 0x80, 0x3f, 0x90, 0x82, 0x58, 0x18,
    0x3, 0xfe, 0xb0, 0x10, 0x4, 0x80, 0x7f, 0xcc,
    0x20, 0x6, 0x10, 0xf, 0xfe, 0x2, 0x0, 0x2c,
    0x3, 0xff, 0x80, 0x2a, 0x8, 0x40, 0x1f, 0x8,
    0x6, 0x80, 0x4, 0x0, 0x7e, 0xfb, 0x65, 0x96,
    0x4, 0x30, 0xf, 0x98, 0x52, 0x69, 0x80, 0xa8,
    0x3, 0xf3, 0x51, 0x80, 0x9, 0xf4, 0x40, 0x3f,
    0x0,

    /* U+007A "z" */
    0xbf, 0xff, 0xf9, 0x40, 0x3f, 0xf8, 0x3, 0x39,
    0x9f, 0x38, 0x1, 0x10, 0x46, 0x7e, 0x17, 0x2,
    0xa0, 0xf, 0xde, 0x0, 0xe1, 0x0, 0xfa, 0xc8,
    0x28, 0xc0, 0x3e, 0x74, 0x7, 0x50, 0xf, 0x92,
    0x1, 0x20, 0x3, 0xe2, 0xb0, 0x1a, 0x0, 0xfd,
    0xe0, 0xd, 0x10, 0xf, 0xa8, 0x82, 0x8c, 0x3,
    0xe7, 0x50, 0x65, 0x0, 0xf9, 0x20, 0x6, 0x8c,
    0xfe, 0x19, 0x0, 0xe, 0x67, 0xe9, 0x30, 0xf,
    0xfe, 0x0,

    /* U+007B "{" */
    0x0, 0xcd, 0x9f, 0xe4, 0x0, 0x9e, 0x4c, 0x3,
    0xd2, 0x0, 0x8c, 0x50, 0x1, 0x8, 0x2b, 0x98,
    0x80, 0x71, 0x0, 0x7f, 0xfb, 0x44, 0xe0, 0x1,
    0xc0, 0x13, 0xe2, 0x82, 0xb0, 0x7, 0xce, 0x20,
    0x13, 0x7c, 0x1, 0x38, 0x7, 0x28, 0x3, 0x80,
    0x3f, 0xfd, 0xe6, 0x0, 0x20, 0xe, 0x11, 0x2,
    0xb9, 0x88, 0x5, 0x20, 0x8, 0xc5, 0x0, 0x9e,
    0x4c, 0x2,

    /* U+007C "|" */
    0x1f, 0xf3, 0x80, 0x7f, 0xff, 0xc0, 0x3f, 0xf9,
    0xa0,

    /* U+007D "}" */
    0x7f, 0xf6, 0x20, 0x7, 0xc7, 0x6a, 0x1, 0x35,
    0xb0, 0x2, 0x40, 0x21, 0x49, 0x30, 0x30, 0xf,
    0x30, 0x7, 0xff, 0xc8, 0x80, 0x10, 0x60, 0x1a,
    0x4c, 0x1f, 0xc, 0x2, 0x32, 0x0, 0xfa, 0xc4,
    0x2b, 0xcc, 0x2, 0x30, 0x2, 0x80, 0x7f, 0xfb,
    0xdc, 0x3, 0x85, 0x24, 0x80, 0xc0, 0x26, 0xb6,
    0x0, 0x40, 0x7, 0x8e, 0xd0, 0x2,

    /* U+007E "~" */
    0x0, 0x3f, 0x7e, 0x20, 0x6, 0x2f, 0xa0, 0x78,
    0x10, 0x3b, 0x70, 0x9, 0xc0, 0x82, 0x2, 0x7a,
    0x2, 0x28, 0x8e, 0xc3, 0xc, 0x15, 0x85, 0xec,
    0x57, 0x70, 0x4d, 0x18, 0x34, 0x2, 0x4c, 0x50,
    0x2, 0xe8, 0x0,

    /* U+00B0 "°" */
    0x0, 0xc2, 0x20, 0xf, 0x47, 0x75, 0xaa, 0x1,
    0x53, 0xa5, 0x48, 0xd3, 0x2, 0xaa, 0x29, 0x5b,
    0x12, 0x47, 0xc1, 0xc0, 0x37, 0x82, 0x9, 0x0,
    0x73, 0x1, 0x14, 0x1, 0xce, 0x5, 0x41, 0x20,
    0x10, 0xc0, 0xa9, 0xbb, 0x6c, 0x4f, 0x95, 0x0,
    0x22, 0x85, 0xd9, 0x71, 0x0,

    /* U+0400 "Ѐ" */
    0x0, 0x47, 0xfa, 0xc0, 0x3f, 0xe8, 0x90, 0x4a,
    0x0, 0xff, 0x9a, 0xc1, 0x68, 0x3, 0xfe, 0x4d,
    0x15, 0x90, 0xf, 0xf8, 0xbb, 0xe4, 0x3, 0xdf,
    0xff, 0xfc, 0x1e, 0x0, 0xff, 0xe3, 0xc, 0x47,
    0xfc, 0x1, 0x1b, 0xbf, 0xf9, 0x80, 0x3f, 0xff,
    0xe0, 0x11, 0x7f, 0xff, 0x58, 0x7, 0xff, 0x1c,
    0x66, 0x7f, 0xbc, 0x3, 0x1b, 0x37, 0xf2, 0x0,
    0x7f, 0xfd, 0xd, 0xdf, 0xfe, 0x20, 0x0, 0xc4,
    0x7f, 0xcc, 0x1, 0xff, 0xc3,

    /* U+0401 "Ё" */
    0x0, 0xa3, 0x54, 0x0, 0xba, 0xe0, 0x1f, 0x39,
    0x48, 0x2, 0xa, 0x0, 0x3e, 0x50, 0xa0, 0x5,
    0x3, 0x0, 0x7d, 0x5e, 0xc0, 0x7, 0xf9, 0x0,
    0xff, 0xe3, 0xff, 0xff, 0xf0, 0x78, 0x3, 0xff,
    0x8c, 0x31, 0x1f, 0xf0, 0x4, 0x6e, 0xff, 0xe6,
    0x0, 0xff, 0xff, 0x80, 0x45, 0xff, 0xfd, 0x60,
    0x1f, 0xfc, 0x71, 0x99, 0xfe, 0xf0, 0xc, 0x6c,
    0xdf, 0xc8, 0x1, 0xff, 0xf4, 0x37, 0x7f, 0xf8,
    0x80, 0x3, 0x11, 0xff, 0x30, 0x7, 0xff, 0xc,

    /* U+0402 "Ђ" */
    0x9f, 0xff, 0xfe, 0x21, 0x80, 0x7f, 0xf4, 0x36,
    0x23, 0xc0, 0x1, 0x88, 0xf8, 0x80, 0x39, 0x1d,
    0xfc, 0x20, 0x6e, 0xff, 0x8, 0x7, 0xff, 0xfc,
    0x3, 0xff, 0x82, 0x24, 0x20, 0x1f, 0xfc, 0x33,
    0x59, 0xdf, 0xed, 0xee, 0x51, 0x80, 0x7f, 0xf0,
    0x6, 0x98, 0x80, 0x30, 0xae, 0x38, 0x7, 0xff,
    0x4, 0x9a, 0x6e, 0xd0, 0x60, 0x8, 0x50, 0xf,
    0xf0, 0xee, 0xa5, 0x91, 0xf, 0x8e, 0x0, 0x80,
    0xf, 0xf1, 0x90, 0x7, 0xd0, 0x40, 0x42, 0x1,
    0xff, 0xc7, 0x40, 0x1, 0x0, 0x7f, 0xf1, 0xc4,
    0x3, 0xff, 0x94, 0x80, 0x2, 0x0, 0xff, 0xe3,
    0x29, 0x81, 0x8, 0x7, 0xff, 0x4, 0x95, 0x16,
    0xa8, 0x0, 0x80, 0xf, 0xfe, 0x12, 0x55, 0xd2,
    0x80, 0x21, 0x40, 0x3f, 0xf8, 0x42, 0x1, 0xa,
    0xe3, 0x80, 0x7f, 0x77, 0xe8, 0x4, 0xff, 0xdf,
    0xd4, 0x60, 0x10,

    /* U+0403 "Ѓ" */
    0x0, 0xfa, 0x3f, 0xd6, 0x1, 0xf9, 0xdc, 0xd,
    0x60, 0x1f, 0x34, 0x4, 0xc8, 0x3, 0xe6, 0x90,
    0xb6, 0x0, 0xfc, 0xdf, 0xe4, 0x0, 0xef, 0xff,
    0xfe, 0x7, 0x0, 0x7f, 0xf0, 0xc6, 0x23, 0xfc,
    0x0, 0x27, 0x7f, 0xe6, 0x0, 0xff, 0xee, 0x88,
    0x7, 0xff, 0xfc, 0x3, 0xff, 0xfe, 0x1, 0xff,
    0xc4,

    /* U+0404 "Є" */
    0x0, 0xf2, 0x4e, 0xff, 0xdb, 0x28, 0x1, 0xf1,
    0xe5, 0xb1, 0x0, 0x44, 0xd7, 0xa6, 0x1, 0x97,
    0xc, 0x0, 0x6c, 0xec, 0x80, 0x2, 0xc6, 0x0,
    0x25, 0x0, 0x13, 0x72, 0x62, 0x6f, 0x9c, 0x1,
    0xe0, 0x34, 0x0, 0x7b, 0x20, 0xe, 0x18, 0xc7,
    0x90, 0x91, 0x5, 0x80, 0xf, 0xe3, 0x80, 0x3,
    0x0, 0x2c, 0x3, 0xff, 0x82, 0x62, 0xa, 0x20,
    0x1f, 0xfc, 0x15, 0x0, 0x68, 0x7, 0xff, 0x8,
    0x40, 0x11, 0xff, 0xfb, 0x40, 0x3f, 0xf9, 0x62,
    0x0, 0x5b, 0xbf, 0xd2, 0x1, 0xca, 0x1, 0x22,
    0x7f, 0x0, 0x71, 0x88, 0x28, 0x80, 0x7f, 0xf0,
    0x98, 0x1, 0x60, 0x1f, 0xfc, 0x29, 0x10, 0x57,
    0x0, 0xfe, 0x38, 0x0, 0xd, 0x0, 0x22, 0xc8,
    0x3, 0x86, 0x31, 0xe4, 0x0, 0x94, 0x0, 0x4d,
    0xc9, 0x89, 0xbe, 0x70, 0x7, 0x80, 0x4b, 0x86,
    0x0, 0x36, 0x76, 0x40, 0x1, 0x63, 0x0, 0x63,
    0xcb, 0x62, 0x0, 0x89, 0xaf, 0x4c, 0x0,

    /* U+0405 "Ѕ" */
    0x0, 0xcb, 0x7d, 0xff, 0x6c, 0xa8, 0x7, 0x1e,
    0xd2, 0x8, 0x4, 0x4d, 0x5c, 0x80, 0x2, 0xc2,
    0x2, 0x79, 0x94, 0x28, 0x80, 0x88, 0x1, 0x20,
    0x7, 0xd8, 0x66, 0x3d, 0x75, 0xa2, 0x80, 0x10,
    0xe, 0x0, 0x3e, 0x4b, 0x0, 0x10, 0x1, 0x40,
    0x3f, 0xf8, 0x6, 0x0, 0x40, 0xf, 0xfe, 0x0,
    0x90, 0x15, 0x8, 0x7, 0xfd, 0x20, 0x5, 0xeb,
    0x73, 0x0, 0xfc, 0x96, 0x40, 0x4, 0x8c, 0xea,
    0x50, 0xf, 0x26, 0xd2, 0x80, 0x42, 0xb5, 0xcc,
    0x1, 0xe5, 0xaf, 0xc8, 0x40, 0x0, 0xcb, 0x80,
    0x7e, 0x37, 0xbe, 0x60, 0x4, 0x8, 0x7, 0xf8,
    0x65, 0x80, 0xe, 0x1, 0xff, 0xc0, 0xd0, 0x0,
    0x82, 0x80, 0x7f, 0x8c, 0x0, 0x44, 0xad, 0x50,
    0xf, 0x8e, 0x40, 0x8, 0x80, 0x2a, 0xea, 0x76,
    0x63, 0xde, 0x8, 0x48, 0xb5, 0x10, 0xa, 0xc4,
    0xca, 0x10, 0x1, 0x2c, 0x0, 0x5d, 0xb6, 0x31,
    0x0, 0xa, 0x47, 0x30, 0x0,

    /* U+0406 "І" */
    0xff, 0x68, 0x7, 0xff, 0xb4,

    /* U+0407 "Ї" */
    0x4d, 0x90, 0x1, 0x65, 0x8f, 0x13, 0x10, 0x29,
    0xa2, 0x3c, 0x10, 0x81, 0x44, 0x91, 0x7e, 0xc0,
    0x5, 0xda, 0x20, 0x1f, 0xf0, 0xff, 0xac, 0x3,
    0xff, 0xfe, 0x1, 0xff, 0xff, 0x0, 0xff, 0xe6,
    0x0,

    /* U+0408 "Ј" */
    0x0, 0x47, 0xff, 0xf2, 0x80, 0x7f, 0xf0, 0xee,
    0x23, 0xca, 0x1, 0xc6, 0xef, 0xec, 0x0, 0xff,
    0xff, 0x80, 0x7f, 0xfd, 0xc4, 0x0, 0x20, 0x4a,
    0x1, 0xec, 0x0, 0x30, 0xfd, 0x28, 0x6, 0x44,
    0x0, 0x91, 0x41, 0x58, 0xed, 0x36, 0x0, 0x80,
    0x3b, 0x10, 0x38, 0x96, 0x0, 0x33, 0x0, 0x9,
    0xf0, 0x60, 0x1, 0x4b, 0x90, 0x0,

    /* U+0409 "Љ" */
    0x0, 0xec, 0xff, 0xff, 0xe0, 0x90, 0x7, 0xff,
    0x9c, 0x40, 0xe2, 0x3f, 0x10, 0x7, 0xff, 0x2d,
    0x5d, 0xff, 0x8, 0x7, 0xff, 0x24, 0xc0, 0x3f,
    0xfa, 0x82, 0x2, 0x1, 0xff, 0xf5, 0xf0, 0xf,
    0xfb, 0x7f, 0xfd, 0xd6, 0xc0, 0x1f, 0xfd, 0x21,
    0x49, 0xe3, 0x0, 0xf0, 0x80, 0x4, 0x3, 0xfe,
    0xac, 0xce, 0xb8, 0x20, 0x1c, 0x10, 0xe, 0x30,
    0x1, 0x80, 0x7f, 0xce, 0x67, 0xc8, 0xfa, 0xa0,
    0x8, 0x0, 0xe6, 0x0, 0x8, 0x7, 0xff, 0x22,
    0x80, 0xe, 0x1, 0xc4, 0x0, 0x60, 0xf, 0xfe,
    0x4a, 0x0, 0x88, 0x3, 0x70, 0x0, 0x80, 0x3f,
    0xfa, 0x28, 0x4, 0x1, 0xff, 0xca, 0x60, 0x0,
    0x80, 0x42, 0x60, 0xe0, 0x1f, 0xfc, 0x94, 0x20,
    0x20, 0xd, 0x60, 0xf, 0x0, 0xff, 0xe4, 0x2d,
    0x0, 0x28, 0x12, 0x75, 0x40, 0x54, 0x3, 0xff,
    0x81, 0x13, 0x3d, 0x5d, 0x42, 0x6, 0xe1, 0x8c,
    0x40, 0xa, 0x0, 0xff, 0xe0, 0xab, 0x37, 0x28,
    0x80, 0x13, 0x40, 0x38, 0xed, 0x0, 0x3f, 0xf9,
    0x4, 0xd7, 0x61, 0x0, 0x0,

    /* U+040A "Њ" */
    0xff, 0x68, 0x7, 0xf9, 0x7f, 0xd0, 0x1, 0xff,
    0xff, 0x0, 0xff, 0xff, 0x80, 0x7f, 0xff, 0xcb,
    0xff, 0xfd, 0x40, 0x7, 0xff, 0xf7, 0x63, 0x88,
    0x7, 0xff, 0x38, 0x4e, 0x3d, 0x0, 0x30, 0xcc,
    0xff, 0x98, 0x0, 0xdb, 0xbe, 0xa3, 0x1, 0xb2,
    0x0, 0x8d, 0x9b, 0xfd, 0x80, 0x1, 0x22, 0xf2,
    0xe3, 0x0, 0x2c, 0x3, 0xff, 0x9d, 0x20, 0x7,
    0x0, 0xff, 0xe7, 0x90, 0x8, 0x7, 0xff, 0xb0,
    0x48, 0x8, 0x3, 0xff, 0x9d, 0x40, 0x5, 0x0,
    0xff, 0xe2, 0x89, 0x9f, 0x23, 0xea, 0x1, 0x40,
    0x7, 0xff, 0x15, 0xb3, 0x3a, 0xe0, 0x80, 0xfc,
    0x3, 0xff, 0x9a, 0x2b, 0x58, 0x40, 0x0,

    /* U+040B "Ћ" */
    0xaf, 0xff, 0xfe, 0x20, 0x7, 0xff, 0x47, 0xa2,
    0x3c, 0x0, 0x18, 0x8f, 0x80, 0x3c, 0x8e, 0xfe,
    0x0, 0x13, 0xbf, 0xc0, 0x1f, 0xff, 0xf0, 0xf,
    0xfe, 0xa9, 0x35, 0x6f, 0xfb, 0xb1, 0xc0, 0x3f,
    0xf8, 0x27, 0xb2, 0xa4, 0x0, 0x13, 0x8e, 0x30,
    0xf, 0xfe, 0x11, 0xb3, 0xb9, 0x0, 0x3, 0x84,
    0x1, 0xff, 0x47, 0x64, 0xc4, 0x2f, 0x48, 0x1,
    0x0, 0x1f, 0xe3, 0x71, 0x0, 0xe2, 0xf0, 0x2,
    0x80, 0x7f, 0xf1, 0xc9, 0x0, 0x4, 0x1, 0xff,
    0xc7, 0x20, 0x0, 0x80, 0x7f, 0xff, 0xc0, 0x3f,
    0xfb, 0x80,

    /* U+040C "Ќ" */
    0x0, 0xfd, 0x7f, 0xe9, 0x0, 0xff, 0xe0, 0x52,
    0x4, 0xc8, 0x3, 0xfe, 0x95, 0xb, 0x60, 0xf,
    0xfa, 0x58, 0x75, 0x0, 0x3f, 0xf8, 0x13, 0xfc,
    0x40, 0x1f, 0xbf, 0xd8, 0x1, 0xfc, 0x9f, 0xeb,
    0x0, 0xff, 0xe0, 0xd0, 0xd, 0x0, 0x7f, 0xf0,
    0x28, 0x42, 0xc4, 0x3, 0xfe, 0x55, 0x2, 0xa8,
    0x3, 0xfe, 0x1b, 0x2, 0xa0, 0xf, 0xfe, 0x5,
    0x88, 0x70, 0x7, 0xff, 0x1, 0x94, 0x1c, 0xc0,
    0x3f, 0xe2, 0x90, 0x38, 0x0, 0xff, 0xe0, 0x48,
    0x3, 0x80, 0x3f, 0x1f, 0xfe, 0x40, 0x92, 0x0,
    0xff, 0xe1, 0x88, 0x7, 0xf0, 0xc4, 0x60, 0x4,
    0x18, 0x7, 0xe2, 0x77, 0xd4, 0x0, 0xe0, 0xf,
    0xfe, 0xa, 0xb0, 0x15, 0x0, 0x7f, 0xf0, 0x64,
    0x81, 0x58, 0x3, 0xff, 0x83, 0xe0, 0x9, 0x20,
    0xf, 0xfe, 0x1, 0x50, 0x3, 0xc0, 0x3f, 0xf8,
    0x2a, 0xa0, 0x29, 0x0, 0xff, 0xe0, 0xd1, 0x3,
    0x28, 0x7, 0xff, 0x7, 0xc0, 0x14, 0x40,

    /* U+040D "Ѝ" */
    0x0, 0x8b, 0xbf, 0xc8, 0x1, 0xff, 0xc0, 0x2f,
    0x30, 0xb3, 0x0, 0xff, 0xe0, 0xe, 0x28, 0x61,
    0x80, 0x7f, 0xf0, 0x69, 0xc3, 0x48, 0x3, 0xff,
    0x83, 0x1f, 0xc4, 0x1, 0xef, 0xf6, 0x80, 0x7f,
    0x87, 0xbf, 0xc0, 0x1f, 0xfc, 0x1a, 0x10, 0xf,
    0xfe, 0x13, 0xa0, 0x7, 0xff, 0x8, 0xe0, 0x3,
    0xff, 0x84, 0x3a, 0x1, 0xff, 0xc3, 0xa1, 0x6,
    0x30, 0xf, 0xf9, 0xd0, 0xe, 0x40, 0x3f, 0xe3,
    0x80, 0x1e, 0x0, 0xff, 0x87, 0x40, 0x14, 0x40,
    0x1f, 0xf5, 0x8, 0x3a, 0x0, 0x7f, 0xce, 0x80,
    0x70, 0x1, 0xff, 0x1c, 0x0, 0xe8, 0x7, 0xfc,
    0x3a, 0x0, 0xa1, 0x0, 0xff, 0xa8, 0x41, 0xd0,
    0x3, 0xfe, 0x74, 0x3, 0x80, 0xf, 0xf8, 0xa0,
    0x7, 0x40, 0x3f, 0xf8, 0x74, 0x20, 0x1f, 0xfc,
    0x27, 0x40, 0xf, 0xfe, 0x12, 0x40, 0x7, 0xff,
    0x8, 0x68, 0x3, 0xff, 0x82,

    /* U+040E "Ў" */
    0x0, 0xc7, 0xfa, 0x1, 0xd7, 0xe8, 0x1, 0xfc,
    0x62, 0x52, 0x40, 0x30, 0x82, 0x80, 0x1f, 0xed,
    0x16, 0xdf, 0xe7, 0x1d, 0x0, 0xff, 0x8f, 0xae,
    0x1e, 0x2f, 0x8c, 0x3, 0xff, 0x82, 0x8f, 0xe,
    0x80, 0x1f, 0x93, 0xfd, 0x60, 0x1f, 0xfc, 0xe,
    0xfd, 0x4, 0x30, 0x43, 0x0, 0xff, 0x38, 0x84,
    0x80, 0x3c, 0x1, 0x0, 0x1f, 0xe9, 0x3, 0x40,
    0x1, 0xa0, 0x21, 0x80, 0x7e, 0x81, 0xf, 0x0,
    0xd2, 0x0, 0x80, 0xf, 0x85, 0xc1, 0xc, 0x3,
    0x12, 0x82, 0x18, 0x7, 0xa4, 0x1, 0x20, 0x1e,
    0x80, 0x7, 0x80, 0x70, 0xb8, 0x31, 0x0, 0x78,
    0x98, 0xd, 0x0, 0x34, 0x0, 0x20, 0x3, 0xf4,
    0x0, 0x20, 0x2, 0x26, 0x7, 0x10, 0xf, 0xc2,
    0xe0, 0x68, 0x0, 0x80, 0x4, 0x80, 0x7f, 0xa4,
    0x42, 0x0, 0x94, 0x20, 0x40, 0x3f, 0xc3, 0x20,
    0x69, 0x20, 0x2e, 0x1, 0xff, 0xc0, 0x71, 0xa,
    0x40, 0x80, 0xf, 0xfe, 0x14, 0x0, 0x81, 0x30,
    0x7, 0xff, 0x9, 0x84, 0x1, 0x0, 0x1f, 0xfc,
    0x31, 0x10, 0x1a, 0x80, 0x7f, 0xf0, 0xf4, 0x1,
    0x0, 0x1f, 0xf0, 0xd4, 0x43, 0x8c, 0x19, 0x0,
    0x3f, 0xe6, 0x57, 0x70, 0x82, 0x48, 0x7, 0xff,
    0x0, 0x8c, 0x0, 0x53, 0x60, 0x1f, 0xf0,

    /* U+040F "Џ" */
    0xff, 0x68, 0x7, 0xf9, 0x3f, 0xd0, 0x1, 0xff,
    0xff, 0x0, 0xff, 0xff, 0x80, 0x7f, 0xff, 0xc0,
    0x3f, 0xfc, 0xa6, 0xef, 0xfe, 0xd0, 0xe, 0x18,
    0x8f, 0xf3, 0x0, 0x7f, 0xf2, 0x3f, 0xfe, 0x0,
    0x37, 0xff, 0xa0, 0x3, 0xff, 0xdc, 0xee, 0xd0,
    0xf, 0x80,

    /* U+0410 "А" */
    0x0, 0xfe, 0xff, 0x8c, 0x3, 0xff, 0x88, 0xe0,
    0x14, 0x80, 0x7f, 0xf1, 0x24, 0x2, 0x51, 0x0,
    0xff, 0xe1, 0x28, 0x84, 0x0, 0x24, 0x3, 0xff,
    0x85, 0x20, 0x2e, 0x80, 0xe0, 0x1f, 0xfc, 0x13,
    0x30, 0x48, 0x78, 0x1, 0x80, 0x3f, 0xf8, 0x12,
    0x0, 0x60, 0x42, 0xb, 0x0, 0xff, 0x89, 0x41,
    0x84, 0x1, 0x60, 0x4a, 0x1, 0xfe, 0xa0, 0x5,
    0x80, 0x4c, 0x0, 0x90, 0xf, 0xf3, 0x82, 0x10,
    0x6, 0x60, 0x33, 0x0, 0x7e, 0x70, 0x7, 0x80,
    0x75, 0x80, 0x24, 0x3, 0xf5, 0x1, 0x20, 0x7,
    0x12, 0x2, 0x88, 0x7, 0x94, 0x81, 0xc, 0xfe,
    0xc0, 0x4, 0x80, 0x7a, 0x40, 0xd, 0x99, 0xf4,
    0x0, 0x1c, 0x3, 0x8c, 0xc0, 0x1f, 0xfc, 0x27,
    0x0, 0xd2, 0x0, 0xdf, 0xff, 0xf0, 0x2, 0x80,
    0x21, 0x50, 0x42, 0x0, 0xff, 0x38, 0x12, 0x80,
    0x24, 0x1, 0xe0, 0x1f, 0xf5, 0x0, 0x24, 0x0,
    0xe0, 0x48, 0x1, 0xff, 0x12, 0x1, 0x99, 0xc0,
    0x14, 0x1, 0xff, 0xc1, 0xf0, 0x4, 0x80,

    /* U+0411 "Б" */
    0xff, 0xff, 0xe1, 0x68, 0x7, 0xff, 0x24, 0x66,
    0x7f, 0xe8, 0x0, 0xc6, 0xcd, 0xff, 0x28, 0x7,
    0xff, 0xf0, 0xbf, 0xfe, 0xeb, 0x71, 0x0, 0xff,
    0xe0, 0x8a, 0x47, 0xa0, 0x6, 0x2c, 0xcf, 0x5c,
    0x10, 0xd, 0x90, 0x6, 0x33, 0xf2, 0x3e, 0xb0,
    0x2, 0x0, 0x3f, 0xf8, 0x32, 0x0, 0x40, 0xf,
    0xfe, 0x11, 0x80, 0x80, 0x7f, 0xf4, 0x84, 0xc0,
    0x40, 0x3f, 0xf8, 0x36, 0x0, 0x60, 0xc, 0x67,
    0xe4, 0x7d, 0x50, 0x19, 0x0, 0x8b, 0x33, 0xd7,
    0x4, 0x7, 0x82, 0x1, 0xff, 0x12, 0xd6, 0x10,
    0x0,

    /* U+0412 "В" */
    0xff, 0xff, 0x6d, 0x20, 0x7, 0xff, 0x8, 0x96,
    0xec, 0x1, 0xc5, 0x99, 0xea, 0x60, 0x2, 0x50,
    0x7, 0x19, 0xf9, 0x67, 0x0, 0xa, 0x20, 0x1f,
    0xfc, 0x3, 0x50, 0x2, 0x80, 0x7f, 0xf0, 0x48,
    0x3, 0xff, 0x88, 0x20, 0x5, 0x0, 0xff, 0xe0,
    0xb, 0x2, 0x88, 0x7, 0xf8, 0x5b, 0xc1, 0x28,
    0x3, 0x17, 0xff, 0xba, 0x44, 0xe4, 0x3, 0xff,
    0x86, 0x7b, 0x20, 0x18, 0xb7, 0x7e, 0xc7, 0x10,
    0x68, 0x0, 0xc4, 0x5f, 0x1c, 0x60, 0x1, 0xc0,
    0x3f, 0xf8, 0x24, 0xa0, 0x3, 0x0, 0xff, 0xe0,
    0x90, 0x1, 0xc0, 0x3f, 0xf8, 0x26, 0x0, 0x70,
    0xf, 0xfe, 0x1, 0xa0, 0x9, 0x80, 0x46, 0x7f,
    0x2c, 0xe0, 0x2, 0x0, 0x22, 0xcc, 0xfa, 0x98,
    0x1, 0xc, 0x1, 0xff, 0x9, 0xbe, 0xb8, 0x0,

    /* U+0413 "Г" */
    0xff, 0xff, 0xe0, 0x70, 0x7, 0xff, 0xc, 0x62,
    0x3f, 0xc0, 0x2, 0x77, 0xfe, 0x60, 0xf, 0xfe,
    0xe8, 0x80, 0x7f, 0xff, 0xc0, 0x3f, 0xff, 0xe0,
    0x1f, 0xfc, 0x40,

    /* U+0414 "Д" */
    0x0, 0xef, 0xff, 0xfe, 0xe, 0x80, 0x7f, 0xf5,
    0x12, 0x23, 0xf0, 0x7, 0xff, 0x7, 0x1d, 0xff,
    0x8, 0x7, 0xf0, 0x80, 0x4, 0x3, 0xff, 0xb8,
    0x60, 0x3, 0x0, 0xff, 0xe4, 0x88, 0x7, 0xff,
    0x18, 0x40, 0xe, 0x1, 0xff, 0xc6, 0x70, 0x0,
    0x80, 0x7f, 0xf1, 0x88, 0x0, 0x60, 0x1f, 0xfc,
    0x61, 0x0, 0x8, 0x7, 0xff, 0x1b, 0x40, 0x80,
    0x3f, 0xf8, 0xec, 0xc, 0x1, 0xff, 0xc6, 0x13,
    0xc, 0x0, 0xff, 0xe3, 0x38, 0x1, 0x0, 0x3f,
    0xf8, 0xa3, 0x0, 0x66, 0x0, 0xff, 0xe1, 0xa3,
    0xe0, 0x82, 0xbb, 0xff, 0x84, 0xd, 0xdc, 0xbb,
    0x4, 0x0, 0x68, 0x8f, 0xf0, 0x0, 0x62, 0x1c,
    0x1, 0xff, 0xca, 0x30, 0x7, 0xff, 0xff, 0x10,
    0x40, 0x3f, 0xff, 0x1e, 0xf0, 0x1, 0xff, 0xc4,
    0x97, 0xe0,

    /* U+0415 "Е" */
    0xff, 0xff, 0xe0, 0xf0, 0x7, 0xff, 0x18, 0x62,
    0x3f, 0xe0, 0x8, 0xdd, 0xff, 0xcc, 0x1, 0xff,
    0xff, 0x0, 0x8b, 0xff, 0xfa, 0xc0, 0x3f, 0xf8,
    0xe3, 0x33, 0xfd, 0xe0, 0x18, 0xd9, 0xbf, 0x90,
    0x3, 0xff, 0xe8, 0x6e, 0xff, 0xf1, 0x0, 0x6,
    0x23, 0xfe, 0x60, 0xf, 0xfe, 0x18,

    /* U+0416 "Ж" */
    0xa, 0xff, 0x20, 0x7, 0xef, 0xf6, 0x0, 0x7e,
    0x7f, 0xf3, 0x80, 0x2c, 0x1, 0x20, 0x1f, 0xfc,
    0x61, 0x80, 0x27, 0x0, 0xc, 0x1, 0x38, 0x7,
    0xff, 0x16, 0xc0, 0x12, 0x1, 0x9c, 0x82, 0x4,
    0x3, 0xff, 0x86, 0x8a, 0xa, 0x80, 0x1d, 0x20,
    0xb, 0x0, 0xff, 0xe1, 0xc8, 0x2, 0xc0, 0x3c,
    0x8a, 0xa, 0x60, 0x1f, 0xfc, 0x17, 0x20, 0x81,
    0x0, 0xfa, 0xc0, 0x1c, 0x1, 0xff, 0xc0, 0x18,
    0x2, 0x70, 0xf, 0xc3, 0x20, 0x4c, 0x1, 0xff,
    0x40, 0x2, 0x40, 0x3f, 0xcc, 0x61, 0x2, 0x1,
    0xfc, 0x6c, 0xa, 0x80, 0x1f, 0xf7, 0x80, 0xf7,
    0xfc, 0x0, 0x3f, 0xfb, 0x0, 0x16, 0x1, 0xff,
    0xc0, 0x50, 0xf, 0xfe, 0x19, 0x80, 0x7f, 0xc3,
    0x0, 0x7, 0x88, 0x80, 0x3, 0x11, 0x30, 0x3,
    0x80, 0x3f, 0xeb, 0x10, 0x68, 0x77, 0x80, 0x4,
    0xef, 0x49, 0x81, 0xb8, 0x7, 0xf2, 0x28, 0xc,
    0x0, 0x7f, 0xdc, 0x0, 0x82, 0x0, 0xfd, 0x40,
    0xb, 0x10, 0xf, 0xf8, 0x9c, 0x1, 0x20, 0x1f,
    0x48, 0x82, 0x28, 0x7, 0xff, 0x6, 0x8, 0x11,
    0x80, 0x38, 0xd8, 0x1, 0x40, 0x1f, 0xfc, 0x3e,
    0x0, 0x40, 0x80, 0x6e, 0x0, 0x48, 0x80, 0x7f,
    0xf0, 0xcd, 0x80, 0x6c, 0x2, 0x82, 0x3, 0x60,
    0xf, 0xfe, 0x2c, 0x8, 0x2a, 0x80, 0x9c, 0x1,
    0xc0, 0x1f, 0xfc, 0x61, 0xb0, 0x5, 0x88,

    /* U+0417 "З" */
    0x0, 0x96, 0x73, 0xbf, 0xdd, 0x6c, 0x20, 0x1d,
    0x1f, 0x4c, 0x62, 0x0, 0x14, 0x9e, 0x60, 0xc,
    0x60, 0x1, 0x57, 0x98, 0x61, 0x0, 0x4b, 0x0,
    0x5a, 0xb9, 0xd5, 0xc, 0xf3, 0xce, 0x0, 0x80,
    0x9, 0xa8, 0xc0, 0x3e, 0x83, 0x1, 0x30, 0xf,
    0xfe, 0xa, 0x0, 0x1c, 0x3, 0xff, 0x82, 0x20,
    0x5, 0x0, 0xff, 0xe0, 0x13, 0x2, 0x8, 0x7,
    0x22, 0x72, 0xce, 0x81, 0x50, 0x7, 0xae, 0xfa,
    0x98, 0x1, 0xc2, 0x1, 0xff, 0xc3, 0xc8, 0x0,
    0xf7, 0xff, 0xb1, 0xc0, 0xe, 0xc0, 0x1f, 0xf1,
    0xc6, 0x0, 0x2c, 0x3, 0xff, 0x82, 0x66, 0x2,
    0x10, 0xf, 0xfe, 0xb, 0x80, 0x61, 0x0, 0xff,
    0x94, 0x4, 0x4d, 0xee, 0x20, 0x1f, 0xd, 0x88,
    0x30, 0x50, 0xc7, 0x64, 0xbb, 0x32, 0x2f, 0x90,
    0xa, 0x3, 0x94, 0x0, 0x6d, 0x13, 0x27, 0x40,
    0x2, 0xe0, 0x0, 0xab, 0xa1, 0x8, 0x2, 0x13,
    0x7d, 0xa1, 0x0, 0x0,

    /* U+0418 "И" */
    0xff, 0x68, 0x7, 0xf8, 0x7b, 0xfc, 0x1, 0xff,
    0xc1, 0xa1, 0x0, 0xff, 0xe1, 0x3a, 0x0, 0x7f,
    0xf0, 0x8e, 0x0, 0x3f, 0xf8, 0x43, 0xa0, 0x1f,
    0xfc, 0x3a, 0x10, 0x63, 0x0, 0xff, 0x9d, 0x0,
    0xe4, 0x3, 0xfe, 0x38, 0x1, 0xe0, 0xf, 0xf8,
    0x74, 0x1, 0x44, 0x1, 0xff, 0x50, 0x83, 0xa0,
    0x7, 0xfc, 0xe8, 0x7, 0x0, 0x1f, 0xf1, 0xc0,
    0xe, 0x80, 0x7f, 0xc3, 0xa0, 0xa, 0x10, 0xf,
    0xfa, 0x84, 0x1d, 0x0, 0x3f, 0xe7, 0x40, 0x38,
    0x0, 0xff, 0x8a, 0x0, 0x74, 0x3, 0xff, 0x87,
    0x42, 0x1, 0xff, 0xc2, 0x74, 0x0, 0xff, 0xe1,
    0x24, 0x0, 0x7f, 0xf0, 0x86, 0x80, 0x3f, 0xf8,
    0x20,

    /* U+0419 "Й" */
    0x0, 0x93, 0xec, 0x3, 0xb3, 0xcc, 0x3, 0xca,
    0x8, 0x60, 0x11, 0x98, 0xc, 0x3, 0xc3, 0x1,
    0x95, 0x15, 0x81, 0x20, 0x1f, 0x9e, 0x91, 0x5d,
    0x11, 0x6c, 0x1, 0xfc, 0xb7, 0xfe, 0xeb, 0x40,
    0xe, 0xff, 0x68, 0x7, 0xf8, 0x7b, 0xfc, 0x1,
    0xff, 0xc1, 0xa1, 0x0, 0xff, 0xe1, 0x3a, 0x0,
    0x7f, 0xf0, 0x8e, 0x0, 0x3f, 0xf8, 0x43, 0xa0,
    0x1f, 0xfc, 0x3a, 0x10, 0x63, 0x0, 0xff, 0x9d,
    0x0, 0xe4, 0x3, 0xfe, 0x38, 0x1, 0xe0, 0xf,
    0xf8, 0x74, 0x1, 0x44, 0x1, 0xff, 0x50, 0x83,
    0xa0, 0x7, 0xfc, 0xe8, 0x7, 0x0, 0x1f, 0xf1,
    0xc0, 0xe, 0x80, 0x7f, 0xc3, 0xa0, 0xa, 0x10,
    0xf, 0xfa, 0x84, 0x1d, 0x0, 0x3f, 0xe7, 0x40,
    0x38, 0x0, 0xff, 0x8a, 0x0, 0x74, 0x3, 0xff,
    0x87, 0x42, 0x1, 0xff, 0xc2, 0x74, 0x0, 0xff,
    0xe1, 0x24, 0x0, 0x7f, 0xf0, 0x86, 0x80, 0x3f,
    0xf8, 0x20,

    /* U+041A "К" */
    0xff, 0x60, 0x7, 0xf2, 0x7f, 0xac, 0x3, 0xff,
    0x83, 0x40, 0x34, 0x1, 0xff, 0xc0, 0xa1, 0xb,
    0x10, 0xf, 0xf9, 0x54, 0xa, 0xa0, 0xf, 0xf8,
    0x6c, 0xa, 0x80, 0x3f, 0xf8, 0x16, 0x21, 0xc0,
    0x1f, 0xfc, 0x6, 0x50, 0x73, 0x0, 0xff, 0x8a,
    0x40, 0xe0, 0x3, 0xff, 0x81, 0x20, 0xe, 0x0,
    0xfc, 0x7f, 0xf9, 0x2, 0x48, 0x3, 0xff, 0x86,
    0x20, 0x1f, 0xc3, 0x11, 0x80, 0x10, 0x60, 0x1f,
    0x89, 0xdf, 0x50, 0x3, 0x80, 0x3f, 0xf8, 0x2a,
    0xc0, 0x54, 0x1, 0xff, 0xc1, 0x92, 0x5, 0x60,
    0xf, 0xfe, 0xf, 0x80, 0x24, 0x80, 0x3f, 0xf8,
    0x5, 0x40, 0xf, 0x0, 0xff, 0xe0, 0xaa, 0x80,
    0xa4, 0x3, 0xff, 0x83, 0x44, 0xc, 0xa0, 0x1f,
    0xfc, 0x1f, 0x0, 0x51, 0x0,

    /* U+041B "Л" */
    0x0, 0xec, 0xff, 0xff, 0xe0, 0x88, 0x7, 0xff,
    0x34, 0x40, 0xe2, 0x3f, 0x10, 0x7, 0xf9, 0x5d,
    0xff, 0x80, 0x3f, 0x18, 0x7, 0xff, 0x1c, 0x40,
    0x40, 0x3f, 0xfb, 0x7e, 0x1, 0xff, 0xd8, 0x10,
    0x0, 0x80, 0x7f, 0xf1, 0xc, 0x0, 0x60, 0x1f,
    0xfc, 0x46, 0x0, 0x8, 0x7, 0xff, 0x10, 0x80,
    0xc, 0x1, 0xff, 0xc4, 0xe0, 0x1, 0x0, 0x7f,
    0xf1, 0x10, 0x8, 0x3, 0xff, 0x88, 0x26, 0xe,
    0x1, 0xff, 0xc4, 0xb0, 0x7, 0x80, 0x7f, 0xf0,
    0x52, 0x75, 0x40, 0x54, 0x3, 0xff, 0x83, 0x8c,
    0x40, 0xa, 0x0, 0xff, 0xe2, 0x9d, 0xa0, 0x7,
    0xff, 0x8,

    /* U+041C "М" */
    0xff, 0x50, 0x7, 0xff, 0xe, 0xff, 0x80, 0xa,
    0x60, 0x1f, 0xfc, 0x14, 0x40, 0x7, 0x78, 0x7,
    0xff, 0x6, 0x40, 0x3c, 0x6a, 0x1, 0xff, 0x31,
    0x0, 0x7d, 0x60, 0x1f, 0xf4, 0x0, 0x7e, 0x18,
    0x0, 0xfe, 0x81, 0x0, 0xf2, 0x18, 0x39, 0x0,
    0x7c, 0x4e, 0x8, 0x60, 0x1d, 0xe0, 0x8, 0x0,
    0xfa, 0x40, 0x12, 0x1, 0xe3, 0x50, 0x54, 0x0,
    0xe4, 0x40, 0x39, 0x0, 0x7d, 0x60, 0x9, 0x0,
    0xe9, 0x1, 0x80, 0xf, 0xc3, 0x20, 0x4c, 0x1,
    0x31, 0x5, 0x80, 0x7f, 0x98, 0x82, 0x4, 0x1,
    0x0, 0x8a, 0x1, 0xff, 0x70, 0xc, 0x4, 0x8,
    0x48, 0x7, 0xff, 0x0, 0xd4, 0x19, 0x5c, 0x18,
    0x80, 0x3f, 0xf8, 0x36, 0x0, 0xa0, 0x19, 0x0,
    0xff, 0xe1, 0xc, 0x0, 0x56, 0x1, 0xff, 0xc4,
    0x72, 0x3, 0x50, 0xf, 0xfe, 0x2f, 0x2f, 0x0,
    0x7f, 0xf1, 0x8e, 0x88, 0x3, 0xff, 0xa4,

    /* U+041D "Н" */
    0xff, 0x68, 0x7, 0xfd, 0xdf, 0xc0, 0x1f, 0xff,
    0xf0, 0xf, 0xff, 0x99, 0x7f, 0xff, 0xc2, 0x1,
    0xff, 0xc9, 0x18, 0x8f, 0xf8, 0x3, 0x8d, 0xdf,
    0xfe, 0x10, 0xf, 0xff, 0xf8, 0x7, 0xff, 0x88,

    /* U+041E "О" */
    0x0, 0xf1, 0x46, 0x77, 0xfb, 0xad, 0x84, 0x3,
    0xfc, 0x35, 0xae, 0x62, 0x0, 0x14, 0x9e, 0x80,
    0xf, 0xc7, 0xea, 0x0, 0x26, 0x77, 0x28, 0x80,
    0x1f, 0x4, 0x3, 0x8f, 0x4, 0xf, 0x36, 0x62,
    0x15, 0xd4, 0x20, 0x78, 0x20, 0x1b, 0x40, 0xd,
    0x86, 0x1, 0xe5, 0xf3, 0x2, 0xb0, 0xa, 0x4,
    0x16, 0x40, 0x3f, 0x87, 0x44, 0x15, 0x0, 0xe,
    0x0, 0xb0, 0xf, 0xf8, 0x6c, 0x1, 0xc0, 0x80,
    0x5, 0x10, 0xf, 0xfe, 0x2, 0x88, 0x28, 0x18,
    0x3, 0x0, 0x3f, 0xf8, 0x4a, 0x0, 0x2f, 0x0,
    0x10, 0x7, 0xff, 0x8, 0x80, 0x2, 0x1, 0xff,
    0xca, 0xf0, 0x1, 0x0, 0x7f, 0xf0, 0x88, 0x0,
    0x26, 0x0, 0xc0, 0xf, 0xfe, 0x12, 0x80, 0x9,
    0x0, 0xa, 0x20, 0x1f, 0xfc, 0x5, 0x10, 0x50,
    0x3, 0x80, 0x2c, 0x3, 0xfe, 0x1b, 0x0, 0x70,
    0x2, 0x4, 0x16, 0x40, 0x3f, 0x87, 0x44, 0x15,
    0x0, 0x2d, 0x0, 0x36, 0x18, 0x7, 0x97, 0xcc,
    0xa, 0xc0, 0x31, 0xe0, 0x81, 0xe6, 0xcc, 0x42,
    0xba, 0x84, 0xf, 0x4, 0x3, 0x8f, 0xd4, 0x0,
    0x4c, 0xee, 0x51, 0x0, 0x3e, 0x8, 0x7, 0xc3,
    0x5a, 0xe6, 0x20, 0x1, 0x49, 0xe8, 0x0, 0xe0,

    /* U+041F "П" */
    0xff, 0xff, 0xe2, 0x80, 0x7f, 0xf1, 0xc6, 0x23,
    0xfe, 0x10, 0xc, 0x6e, 0xff, 0xf1, 0x80, 0x7f,
    0xff, 0xc0, 0x3f, 0xff, 0xe0, 0x1f, 0xff, 0xf0,
    0xf, 0xff, 0x28,

    /* U+0420 "Р" */
    0xff, 0xfe, 0xeb, 0x60, 0xf, 0xfe, 0x8, 0xa4,
    0xf2, 0x0, 0x61, 0x88, 0xf2, 0x88, 0xd, 0xa8,
    0x4, 0x6e, 0xfe, 0xae, 0x70, 0x5, 0x8, 0x7,
    0xfd, 0xc, 0x0, 0x60, 0xf, 0xfe, 0x5, 0x80,
    0x30, 0x3, 0xff, 0x80, 0x40, 0x6, 0x0, 0xff,
    0xe8, 0x10, 0x1, 0x80, 0x3f, 0xf8, 0x16, 0x0,
    0xc0, 0xf, 0xfa, 0x18, 0x0, 0xc0, 0x3, 0x77,
    0xf5, 0x73, 0x80, 0x28, 0x40, 0x3, 0x11, 0xe5,
    0x10, 0x1b, 0x50, 0xf, 0xf1, 0x24, 0xf2, 0x0,
    0x62, 0xff, 0xf6, 0xdb, 0x0, 0x7f, 0xff, 0xc0,
    0x3f, 0x80,

    /* U+0421 "С" */
    0x0, 0xf1, 0x46, 0x77, 0xfb, 0xad, 0x80, 0x3f,
    0xd, 0x6b, 0x98, 0x80, 0x5, 0x27, 0xdc, 0x3,
    0x93, 0xd4, 0x0, 0x4a, 0xee, 0x51, 0x0, 0x45,
    0x80, 0x47, 0x62, 0x7, 0x9b, 0x51, 0xa, 0xea,
    0x10, 0x70, 0xb, 0x40, 0xd, 0x86, 0x1, 0xe5,
    0xf6, 0xc0, 0x4, 0x8, 0x2c, 0x80, 0x7f, 0xc,
    0x80, 0x4c, 0x0, 0xb0, 0xf, 0xfe, 0x12, 0x8,
    0x28, 0x80, 0x7f, 0xf0, 0x88, 0x1, 0x80, 0x1f,
    0xfc, 0x3e, 0x0, 0x10, 0x7, 0xff, 0x5b, 0x80,
    0x4, 0x1, 0xff, 0xc3, 0x20, 0x6, 0x0, 0x7f,
    0xf0, 0xd0, 0x41, 0x44, 0x3, 0xff, 0x86, 0xc0,
    0xb, 0x0, 0xff, 0xe1, 0xc0, 0x82, 0xc8, 0x7,
    0xf0, 0xc8, 0x6, 0xd0, 0x3, 0x61, 0x80, 0x79,
    0x7d, 0xb0, 0x40, 0x7, 0x60, 0x3, 0xcd, 0x98,
    0x85, 0x75, 0x8, 0x30, 0x80, 0x49, 0xa8, 0x0,
    0x26, 0x77, 0x28, 0x80, 0x22, 0x80, 0x38, 0xaf,
    0x5c, 0xc4, 0x0, 0x29, 0x3e, 0xe0, 0x0,

    /* U+0422 "Т" */
    0xaf, 0xff, 0xfe, 0x1c, 0x0, 0x7f, 0xf1, 0x7a,
    0x23, 0xc0, 0x1, 0x88, 0xf5, 0xa3, 0xbf, 0x80,
    0x4, 0xef, 0xe3, 0x0, 0xff, 0xff, 0x80, 0x7f,
    0xff, 0xc0, 0x3f, 0xff, 0xe0, 0x1f, 0xfe, 0x30,

    /* U+0423 "У" */
    0x4f, 0xf5, 0x80, 0x7f, 0xf0, 0x3b, 0xf4, 0x10,
    0xc1, 0xc, 0x3, 0xfc, 0xe2, 0x12, 0x0, 0xf0,
    0x4, 0x0, 0x7f, 0xa4, 0xd, 0x0, 0x6, 0x80,
    0x86, 0x1, 0xfa, 0x4, 0x3c, 0x3, 0x48, 0x2,
    0x0, 0x3e, 0x17, 0x4, 0x30, 0xc, 0x4a, 0x8,
    0x60, 0x1e, 0x90, 0x4, 0x80, 0x7a, 0x0, 0x1e,
    0x1, 0xc2, 0xe0, 0xc4, 0x1, 0xe2, 0x60, 0x34,
    0x0, 0xd0, 0x0, 0x80, 0xf, 0xd0, 0x0, 0x80,
    0x8, 0x98, 0x1c, 0x40, 0x3f, 0xb, 0x81, 0xa0,
    0x2, 0x0, 0x12, 0x1, 0xfe, 0x91, 0x8, 0x2,
    0x50, 0x81, 0x0, 0xff, 0xc, 0x81, 0xa4, 0x80,
    0xb8, 0x7, 0xff, 0x1, 0xc4, 0x29, 0x2, 0x0,
    0x3f, 0xf8, 0x50, 0x2, 0x4, 0xc0, 0x1f, 0xfc,
    0x26, 0x10, 0x4, 0x0, 0x7f, 0xf0, 0xc4, 0x40,
    0x6a, 0x1, 0xff, 0xc3, 0xd0, 0x4, 0x0, 0x7f,
    0xc3, 0x51, 0xe, 0x30, 0x64, 0x0, 0xff, 0x99,
    0x5d, 0xc2, 0x9, 0x20, 0x1f, 0xfc, 0x2, 0x30,
    0x1, 0x4d, 0x80, 0x7f, 0xc0,

    /* U+0424 "Ф" */
    0x0, 0xff, 0x2f, 0xf9, 0x0, 0x3f, 0xfb, 0x8b,
    0x39, 0xd4, 0x0, 0xbe, 0xc9, 0x50, 0xf, 0xf4,
    0x7d, 0x31, 0x88, 0x6, 0x13, 0x6a, 0xe8, 0x0,
    0xf1, 0xf3, 0x80, 0xd, 0xe5, 0xc0, 0x11, 0x4e,
    0x60, 0x2f, 0xa4, 0x1, 0x16, 0x88, 0x2e, 0xe4,
    0x36, 0x80, 0xd, 0x63, 0x30, 0x80, 0x58, 0x20,
    0xe, 0x10, 0x8a, 0x20, 0xf, 0xf1, 0xdb, 0x0,
    0xd0, 0x19, 0x81, 0x1c, 0x3, 0xff, 0x85, 0x26,
    0x8, 0x56, 0x0, 0xf0, 0xf, 0xfe, 0x24, 0x80,
    0x14, 0x80, 0x8, 0x1, 0xff, 0xc4, 0x40, 0x7,
    0x8, 0x7, 0xff, 0x1c, 0x40, 0x6, 0x20, 0x1f,
    0xfc, 0x71, 0x0, 0x19, 0x0, 0x10, 0x3, 0xff,
    0x88, 0x80, 0xe, 0xb0, 0x7, 0x80, 0x7f, 0xf1,
    0x24, 0x0, 0xa6, 0x60, 0x48, 0x0, 0xff, 0xe1,
    0x41, 0x82, 0x10, 0x70, 0x83, 0xd9, 0x0, 0x7f,
    0x8a, 0x9c, 0x6, 0x80, 0x5, 0xa2, 0x9, 0xb9,
    0xb, 0xa0, 0x3, 0x58, 0xcd, 0x50, 0x1c, 0x10,
    0x8, 0xfd, 0xc0, 0x6, 0xf4, 0xe0, 0x8, 0xa7,
    0x30, 0x3, 0xf1, 0x0, 0x70, 0xc7, 0xd3, 0x18,
    0x80, 0x61, 0x36, 0xaf, 0x80, 0xf, 0xf2, 0xce,
    0x75, 0x0, 0x2f, 0xb2, 0x54, 0x3, 0xff, 0xa4,

    /* U+0425 "Х" */
    0xb, 0xff, 0x40, 0x7, 0xf7, 0x7f, 0x94, 0x1,
    0x42, 0xe, 0x60, 0x1f, 0x50, 0x82, 0xa8, 0x0,
    0x36, 0x0, 0xe0, 0xf, 0x2a, 0x80, 0x6c, 0x3,
    0x2a, 0x80, 0xa8, 0x3, 0xd, 0x80, 0x28, 0x40,
    0x3a, 0xc4, 0x15, 0x40, 0x15, 0x8, 0x32, 0x0,
    0x78, 0x68, 0x1, 0x62, 0xc, 0x80, 0x52, 0x1,
    0xf9, 0x18, 0x6, 0x8a, 0x40, 0x1c, 0x1, 0xfe,
    0x92, 0x4, 0xc0, 0x3, 0x98, 0x7, 0xfd, 0xc0,
    0x1, 0x3, 0x80, 0xf, 0xfe, 0x1, 0xb0, 0x5,
    0xe0, 0x1f, 0xfc, 0x27, 0x0, 0xa4, 0x3, 0xff,
    0x83, 0x42, 0x1, 0x2b, 0x0, 0x7f, 0xca, 0xa0,
    0x18, 0x0, 0x49, 0x0, 0x7f, 0xd, 0x80, 0x29,
    0xd4, 0x1, 0x20, 0x1f, 0xd4, 0x20, 0xc8, 0x16,
    0x20, 0x8e, 0x1, 0xf3, 0x20, 0x14, 0x80, 0x6,
    0x80, 0x10, 0x40, 0x1c, 0x52, 0x0, 0xe0, 0xc,
    0x8e, 0x0, 0xe0, 0xe, 0xe0, 0x4, 0x18, 0x7,
    0x41, 0x1, 0xc0, 0x4, 0xe6, 0x8, 0xe0, 0x1f,
    0x78, 0x1, 0xcc, 0xe, 0x0, 0x14, 0x1, 0xf8,
    0xa4, 0x1, 0xc0,

    /* U+0426 "Ц" */
    0xff, 0x68, 0x7, 0xf9, 0x3f, 0xd0, 0x1, 0xff,
    0xff, 0x0, 0xff, 0xff, 0x80, 0x7f, 0xff, 0xc0,
    0x3f, 0xff, 0xe0, 0x1f, 0xfc, 0xd3, 0x77, 0xff,
    0x68, 0x0, 0xdd, 0xc6, 0x0, 0x18, 0x8f, 0xf3,
    0x0, 0x12, 0x21, 0x60, 0x1f, 0xfc, 0x8f, 0xff,
    0xfe, 0x27, 0x0, 0x7f, 0xff, 0xc0, 0x30, 0xbb,
    0xb0,

    /* U+0427 "Ч" */
    0xff, 0x60, 0x7, 0xfa, 0xff, 0xc0, 0x1f, 0xff,
    0xf0, 0xf, 0xfe, 0x80, 0x80, 0x80, 0x7f, 0xf0,
    0x88, 0x8, 0x80, 0x1f, 0xfc, 0x1b, 0x0, 0x70,
    0x7, 0xf3, 0x80, 0x4c, 0x20, 0x7a, 0xc2, 0x0,
    0x25, 0x9e, 0x30, 0x8, 0x74, 0x0, 0x53, 0xdf,
    0xed, 0xa6, 0x10, 0xe, 0x3d, 0x50, 0xf, 0x89,
    0xcc, 0x3, 0x8a, 0xba, 0xe6, 0x26, 0xfb, 0x61,
    0xc0, 0x3e, 0x14, 0x67, 0x64, 0x10, 0xf, 0xff,
    0xf8, 0x7, 0xff, 0x10,

    /* U+0428 "Ш" */
    0xff, 0x68, 0x7, 0xef, 0xf5, 0x80, 0x7c, 0x5f,
    0xe9, 0x0, 0xff, 0xff, 0x80, 0x7f, 0xff, 0xc0,
    0x3f, 0xff, 0xe0, 0x1f, 0xff, 0xf0, 0xf, 0xff,
    0xf8, 0x7, 0xff, 0x3c, 0xdd, 0xff, 0x0, 0x19,
    0xdf, 0xea, 0x0, 0xe1, 0x88, 0xfc, 0x0, 0x28,
    0x8f, 0x9c, 0x3, 0xff, 0xa0,

    /* U+0429 "Щ" */
    0xff, 0x68, 0x7, 0xef, 0xf5, 0x80, 0x7c, 0x5f,
    0xe9, 0x0, 0xff, 0xff, 0x80, 0x7f, 0xff, 0xc0,
    0x3f, 0xff, 0xe0, 0x1f, 0xff, 0xf0, 0xf, 0xff,
    0xf8, 0x7, 0xff, 0xfc, 0x2, 0x37, 0x7f, 0xc0,
    0x6, 0x77, 0xfa, 0x80, 0xa, 0xee, 0x30, 0x0,
    0xc4, 0x7e, 0x0, 0x14, 0x47, 0xce, 0x0, 0x38,
    0x85, 0x80, 0x7f, 0xf4, 0x3f, 0xff, 0xf9, 0xa0,
    0x1f, 0xff, 0xf0, 0xf, 0xfe, 0xcb, 0xbb, 0x0,

    /* U+042A "Ъ" */
    0xaf, 0xff, 0xc0, 0x1f, 0xfd, 0x9e, 0x88, 0xe2,
    0x0, 0xff, 0xe2, 0x23, 0xbf, 0x30, 0x7, 0xff,
    0xfc, 0x3, 0xff, 0x8f, 0xff, 0xf7, 0x5b, 0x0,
    0x7f, 0xf2, 0x5, 0x27, 0x8c, 0x3, 0xfe, 0xbc,
    0xce, 0xb7, 0x10, 0x1d, 0x10, 0xf, 0xf2, 0x19,
    0xf2, 0x47, 0x20, 0xc, 0x0, 0x7f, 0xf1, 0xe8,
    0x0, 0x80, 0x1f, 0xfc, 0x71, 0x30, 0x20, 0xf,
    0xfe, 0x43, 0x80, 0x7f, 0xf2, 0x98, 0x3, 0xff,
    0x92, 0x44, 0x3, 0x0, 0xff, 0xe3, 0xf, 0x80,
    0x28, 0x3, 0xfc, 0x86, 0x7c, 0xb1, 0xe4, 0x6,
    0xc0, 0x1f, 0xeb, 0xcc, 0xea, 0x71, 0x4, 0xd0,
    0xf, 0xfe, 0x31, 0x36, 0x58, 0x80, 0x0,

    /* U+042B "Ы" */
    0xff, 0x68, 0x7, 0xff, 0x13, 0xfd, 0x80, 0x1f,
    0xff, 0xf0, 0xf, 0xff, 0x79, 0x7f, 0xfd, 0xb4,
    0xa0, 0x1f, 0xfc, 0x72, 0x5a, 0xc1, 0x0, 0xfe,
    0x2c, 0xcf, 0x53, 0x0, 0xf, 0x40, 0x3f, 0xc6,
    0x7e, 0x59, 0xe2, 0x3, 0x50, 0xf, 0xfe, 0x28,
    0xc8, 0x3, 0xc0, 0x3f, 0xf8, 0xc8, 0x0, 0x70,
    0xf, 0xfe, 0x38, 0x80, 0x7f, 0xf2, 0x44, 0x4,
    0x3, 0xff, 0x8c, 0xa0, 0x5, 0x0, 0xff, 0xe2,
    0x95, 0x80, 0x28, 0x3, 0xf8, 0xcf, 0xcb, 0x3a,
    0x20, 0xc6, 0x1, 0xf8, 0xb3, 0x3d, 0x4c, 0x0,
    0x79, 0x0, 0xff, 0xe2, 0x9, 0xbe, 0xc0, 0x7,
    0xe0,

    /* U+042C "Ь" */
    0xff, 0x68, 0x7, 0xff, 0xfc, 0x3, 0xff, 0xb0,
    0x5f, 0xff, 0x6d, 0x28, 0x7, 0xff, 0x4, 0x96,
    0xb0, 0x40, 0x22, 0xcc, 0xf5, 0x30, 0x0, 0xf4,
    0x3, 0x19, 0xf9, 0x67, 0x88, 0xd, 0x40, 0x3f,
    0xe1, 0x90, 0x7, 0x80, 0x7f, 0xf0, 0x10, 0x0,
    0xe0, 0x1f, 0xfc, 0x11, 0x0, 0xff, 0xe1, 0x88,
    0x8, 0x7, 0xff, 0x1, 0x40, 0xa, 0x1, 0xff,
    0x15, 0x80, 0x28, 0x2, 0x33, 0xf2, 0xce, 0x88,
    0x31, 0x80, 0xb, 0x33, 0xd4, 0xc0, 0x7, 0x90,
    0xf, 0xf0, 0x9b, 0xec, 0x0, 0x0,

    /* U+042D "Э" */
    0x0, 0xcb, 0x5b, 0xff, 0x64, 0x18, 0x7, 0xe5,
    0xea, 0x52, 0x0, 0x8d, 0xf2, 0xc4, 0x3, 0xa6,
    0x84, 0x0, 0x8e, 0xe6, 0x20, 0x2, 0x79, 0x80,
    0x62, 0x1, 0x9f, 0xb8, 0x84, 0xee, 0x18, 0xe,
    0x90, 0x5, 0x6d, 0xec, 0x1, 0xe3, 0xc5, 0x1,
    0xe0, 0xd, 0x22, 0x1, 0xfd, 0x44, 0x6, 0xa0,
    0x1f, 0xfc, 0x39, 0x0, 0x70, 0x7, 0xff, 0xd,
    0x4, 0x10, 0x3, 0xe4, 0x4f, 0xe2, 0x0, 0x18,
    0x7, 0xd, 0xdf, 0xf1, 0x80, 0x1c, 0x3, 0xff,
    0x98, 0x3f, 0xff, 0xca, 0x0, 0x70, 0xf, 0xfe,
    0x1a, 0x0, 0xc, 0x3, 0xff, 0x84, 0x82, 0x8,
    0x1, 0xff, 0xc3, 0x90, 0x7, 0x0, 0x52, 0x20,
    0x1f, 0xd4, 0x40, 0x6a, 0x0, 0xb6, 0xf6, 0x0,
    0xf1, 0xe2, 0x80, 0xf0, 0x4, 0x40, 0x33, 0xf7,
    0x10, 0x9d, 0xc3, 0x1, 0xd2, 0x0, 0xa6, 0x84,
    0x0, 0x8e, 0xe6, 0x20, 0x2, 0x79, 0x80, 0x72,
    0xf5, 0x29, 0x0, 0x46, 0xf9, 0x62, 0x1, 0x80,

    /* U+042E "Ю" */
    0xff, 0x68, 0x7, 0xf2, 0x56, 0xff, 0xbb, 0x20,
    0x80, 0x3f, 0xf8, 0x89, 0xb6, 0xa4, 0x0, 0x13,
    0x7d, 0xa1, 0x0, 0xff, 0xe0, 0xbd, 0x90, 0x0,
    0xd9, 0xd8, 0x80, 0xb, 0xe4, 0x1, 0xff, 0x34,
    0x0, 0x1b, 0xb2, 0x62, 0x77, 0x8, 0x7, 0x4,
    0x3, 0xf8, 0xa4, 0x1, 0x32, 0x10, 0xe, 0x3d,
    0x40, 0x1a, 0x0, 0xfe, 0x80, 0x3, 0xb0, 0x7,
    0xf5, 0x90, 0x22, 0x0, 0x3e, 0x15, 0x1, 0x80,
    0xf, 0xfa, 0x0, 0x1e, 0x1, 0xf2, 0x0, 0x18,
    0x3, 0xff, 0x80, 0xa2, 0x8, 0x1, 0x1c, 0x45,
    0x20, 0xd, 0x0, 0xff, 0xe0, 0xa0, 0x0, 0x80,
    0x2, 0xef, 0x18, 0x1, 0x80, 0x3f, 0xf8, 0x26,
    0x0, 0x10, 0xf, 0xfe, 0x89, 0x7f, 0xce, 0x0,
    0x60, 0xf, 0xfe, 0x9, 0x80, 0x4, 0x3, 0xda,
    0x0, 0xd0, 0xf, 0xfe, 0xa, 0x0, 0x8, 0x3,
    0xc8, 0x0, 0x60, 0xf, 0xfe, 0x2, 0x8, 0x20,
    0x7, 0xc2, 0xa0, 0x30, 0x1, 0xff, 0x48, 0x3,
    0xc0, 0x3f, 0x40, 0x1, 0xd8, 0x3, 0xfa, 0xc8,
    0x11, 0x0, 0x1f, 0x8a, 0x40, 0x13, 0x21, 0x0,
    0xe3, 0xc4, 0x1, 0xa0, 0xf, 0xf3, 0x40, 0x1,
    0xba, 0xe6, 0x27, 0x70, 0xc0, 0x70, 0x40, 0x3f,
    0xe7, 0xb2, 0x0, 0x23, 0x3b, 0x10, 0x1, 0x7c,
    0x80, 0x3f, 0xf8, 0x29, 0xb6, 0xa4, 0x0, 0x13,
    0x7d, 0xa1, 0x0, 0xc0,

    /* U+042F "Я" */
    0x0, 0xc7, 0x39, 0xff, 0xfc, 0xc0, 0x15, 0x63,
    0x18, 0x7, 0xff, 0x2, 0xd4, 0x0, 0x8f, 0x11,
    0xca, 0x1, 0x9d, 0x0, 0xb6, 0xe1, 0xdf, 0xbc,
    0x3, 0x48, 0x3, 0xc8, 0x3, 0xfe, 0x31, 0x4,
    0x20, 0xf, 0xfe, 0x3, 0x0, 0xc, 0x3, 0xff,
    0x89, 0xe0, 0x1f, 0xfc, 0x11, 0x0, 0x70, 0x7,
    0xff, 0x5, 0x40, 0x8, 0x1, 0xff, 0xc1, 0x13,
    0x2, 0x80, 0xf, 0xfe, 0xf, 0x80, 0x1e, 0x90,
    0x40, 0x3f, 0xc7, 0x40, 0x5, 0xbe, 0xff, 0xea,
    0x0, 0xe5, 0xd5, 0x0, 0xff, 0xe1, 0x91, 0x0,
    0xf, 0x55, 0xcc, 0x1, 0xe3, 0x70, 0x48, 0x55,
    0xec, 0x0, 0xf7, 0x0, 0xd0, 0x7, 0xff, 0x2,
    0x48, 0x2c, 0x40, 0x3f, 0xe5, 0x60, 0x55, 0x0,
    0x7f, 0xc3, 0x60, 0x34, 0x1, 0xff, 0xc0,

    /* U+0430 "а" */
    0x0, 0x13, 0xe7, 0x7f, 0xb6, 0x8c, 0x3, 0x4e,
    0xc1, 0x88, 0x0, 0x97, 0x24, 0x2, 0x40, 0x16,
    0x9a, 0x95, 0x0, 0x33, 0x0, 0x13, 0x2e, 0x96,
    0x56, 0xab, 0x0, 0x58, 0x1, 0x18, 0x3, 0xc8,
    0xa0, 0x42, 0x1, 0xfe, 0xd0, 0x1, 0x0, 0xa,
    0x73, 0xbf, 0xf4, 0x0, 0x1c, 0x1f, 0x58, 0xc4,
    0x3, 0xf1, 0xc0, 0x15, 0xff, 0xf4, 0x0, 0x56,
    0x0, 0xe4, 0x0, 0xfe, 0x20, 0x1, 0x80, 0x7b,
    0x80, 0x22, 0x0, 0x18, 0x7, 0x1b, 0x0, 0x54,
    0x0, 0xe4, 0x0, 0xb, 0x60, 0x6, 0x29, 0x2,
    0xbf, 0xee, 0x48, 0x38, 0x6, 0x6c, 0x51, 0x1,
    0x26, 0xec, 0x0, 0x80,

    /* U+0431 "б" */
    0x0, 0xff, 0xe0, 0x8a, 0x8, 0x7, 0xf8, 0x9a,
    0xb7, 0xad, 0x40, 0x3e, 0x5b, 0xfd, 0x95, 0x20,
    0x1, 0x0, 0x72, 0x75, 0x20, 0x4, 0x28, 0xf6,
    0xc0, 0x19, 0xec, 0x40, 0x5a, 0xb7, 0xae, 0x10,
    0x3, 0x2c, 0x0, 0xd7, 0x4a, 0x90, 0x7, 0xeb,
    0x1, 0xc5, 0x0, 0xff, 0x9c, 0x42, 0x88, 0x3,
    0xff, 0x81, 0x60, 0x48, 0x31, 0xbf, 0xee, 0xa4,
    0x0, 0xe3, 0x5, 0x57, 0x39, 0x0, 0x5, 0x6e,
    0x80, 0x22, 0x0, 0x15, 0x1, 0x3c, 0xc2, 0x0,
    0x16, 0xc0, 0x2, 0x0, 0x50, 0x9d, 0x86, 0x7b,
    0xc1, 0x4, 0x70, 0x70, 0xa, 0x18, 0x3, 0x8f,
    0x0, 0x12, 0xe, 0x1, 0x38, 0x7, 0xc4, 0xa0,
    0x24, 0x20, 0x3, 0x0, 0xfe, 0xd0, 0x3, 0x10,
    0x0, 0x40, 0x3f, 0xf8, 0x46, 0x4, 0x20, 0x1f,
    0xb4, 0x0, 0xc1, 0x60, 0x9, 0x0, 0xf8, 0x94,
    0x8, 0x80, 0xc0, 0x7, 0x50, 0xe, 0x1f, 0x0,
    0x40, 0x0, 0x68, 0x1, 0x56, 0xc8, 0x88, 0xe2,
    0x5, 0x50, 0x4, 0xb4, 0x0, 0x49, 0xbb, 0x38,
    0x1, 0xe8, 0x3, 0x97, 0x9c, 0xc0, 0x23, 0x7d,
    0x80, 0x8,

    /* U+0432 "в" */
    0x6f, 0xff, 0xd9, 0x2, 0x1, 0xff, 0x1b, 0xf9,
    0x80, 0x6b, 0xee, 0xd8, 0xa0, 0x3e, 0x1, 0x9c,
    0x47, 0x1d, 0x18, 0x18, 0x7, 0xfc, 0xa0, 0x1f,
    0xfc, 0x15, 0x3, 0x0, 0xfe, 0x29, 0x31, 0xe0,
    0xd, 0x9f, 0xfb, 0x58, 0x20, 0x80, 0x3f, 0xf8,
    0x13, 0x60, 0x1b, 0x3f, 0xfb, 0x50, 0x11, 0x40,
    0x3f, 0x8a, 0x40, 0x18, 0x1, 0xfe, 0x10, 0x0,
    0x80, 0x4e, 0x23, 0x89, 0x78, 0x1, 0x80, 0x15,
    0xf7, 0x6d, 0xa2, 0x6, 0x40, 0xf, 0xe1, 0x5a,
    0x90,

    /* U+0433 "г" */
    0x6f, 0xff, 0xf4, 0x0, 0x7f, 0xf0, 0xde, 0xab,
    0xeb, 0x0, 0xb1, 0x57, 0xe3, 0x0, 0xff, 0xff,
    0x80, 0x7f, 0xfb, 0x40,

    /* U+0434 "д" */
    0x0, 0x87, 0xff, 0xfe, 0x60, 0xe, 0x30, 0xf,
    0xfe, 0x28, 0x80, 0x1e, 0xab, 0x9c, 0x3, 0xfe,
    0xb5, 0x5e, 0xc0, 0xf, 0xce, 0x1, 0xff, 0xc5,
    0x10, 0x0, 0x80, 0x7f, 0xf0, 0x8c, 0x0, 0x60,
    0x1f, 0xfc, 0x21, 0x0, 0x8, 0x7, 0xff, 0xb,
    0x80, 0x40, 0x3f, 0xf8, 0x6a, 0x4, 0x1, 0xff,
    0xc3, 0x30, 0x50, 0xf, 0xfe, 0x13, 0x0, 0x28,
    0x3, 0xff, 0x80, 0x91, 0x20, 0x4c, 0xab, 0xec,
    0x0, 0x62, 0x9c, 0x38, 0x0, 0xaa, 0xbe, 0x70,
    0x2, 0xd4, 0x0, 0x7f, 0xf2, 0xf, 0xff, 0xff,
    0x80, 0x40, 0x1f, 0xfd, 0xaa, 0x7a, 0x0, 0xff,
    0xe0, 0x5b, 0xf0,

    /* U+0435 "е" */
    0x0, 0xcb, 0x7d, 0xfe, 0xc8, 0x10, 0xf, 0x16,
    0x52, 0x8, 0x0, 0xdf, 0x94, 0x3, 0xe, 0x18,
    0x1c, 0xdd, 0x30, 0x2, 0x94, 0x2, 0xa1, 0x9,
    0xc6, 0x45, 0x9e, 0x20, 0xa1, 0x3, 0x40, 0x66,
    0x0, 0x70, 0xf8, 0x2, 0x42, 0xc0, 0x16, 0x1,
    0xf1, 0x20, 0x20, 0x18, 0x3, 0xf7, 0x7f, 0x20,
    0x18, 0x38, 0x0, 0x8b, 0xf8, 0x3, 0x38, 0x3,
    0xff, 0xff, 0x80, 0x6, 0x0, 0x30, 0xf, 0xfe,
    0x5, 0x80, 0x20, 0x3, 0xff, 0x80, 0x6a, 0x9,
    0x40, 0x1e, 0x4e, 0x30, 0xa, 0xc8, 0x17, 0xa5,
    0x98, 0xf9, 0x63, 0xc0, 0x10, 0xe2, 0x0, 0xb4,
    0xca, 0xc, 0xb, 0x80, 0x30, 0xde, 0x31, 0x0,
    0x5, 0x27, 0x4c, 0x0,

    /* U+0436 "ж" */
    0xe, 0xfd, 0x0, 0xf3, 0xff, 0x8c, 0x3, 0x8f,
    0xfd, 0x60, 0xb, 0x2, 0x80, 0xf, 0xfe, 0x17,
    0x80, 0x28, 0x0, 0xa8, 0xe, 0x40, 0x1f, 0xfc,
    0x6, 0x30, 0x81, 0x0, 0xa8, 0x1, 0x20, 0x1f,
    0xf0, 0xc0, 0x13, 0x80, 0x61, 0x80, 0x45, 0x0,
    0xff, 0x40, 0x87, 0x0, 0x79, 0xc8, 0x2c, 0x3,
    0xf8, 0xd8, 0x18, 0xc0, 0x3e, 0xe0, 0x19, 0x44,
    0x68, 0x1, 0x12, 0xf0, 0x18, 0x0, 0xfc, 0x68,
    0xd, 0x76, 0x50, 0x4, 0x5d, 0x8c, 0x24, 0x40,
    0x3f, 0x1a, 0x0, 0x7f, 0xf0, 0x24, 0x3, 0xfb,
    0x80, 0x17, 0xfe, 0x80, 0x6, 0x7f, 0x9c, 0x6,
    0x80, 0x3e, 0x82, 0x6, 0x40, 0xf, 0xd0, 0x40,
    0xaa, 0x0, 0xe4, 0x70, 0x19, 0x0, 0xff, 0x70,
    0x2, 0xc4, 0x3, 0x50, 0x2, 0x80, 0x3f, 0xe3,
    0x80, 0x1b, 0x0, 0xa4, 0x41, 0x90, 0x3, 0xff,
    0x80, 0xe6, 0xa, 0xc0, 0x8c, 0x5, 0x20, 0x1f,
    0xfc, 0x2e, 0x0, 0x49, 0x0,

    /* U+0437 "з" */
    0x0, 0x13, 0xe7, 0x7f, 0xb6, 0x94, 0x3, 0x36,
    0xc1, 0x88, 0x0, 0x96, 0xb4, 0x80, 0xa, 0x4,
    0xd3, 0x54, 0x72, 0x2, 0xf0, 0x1, 0xe6, 0xcb,
    0x2a, 0xa3, 0x50, 0x8, 0xc0, 0x6, 0x1, 0xf6,
    0x0, 0x1c, 0x3, 0xf9, 0x64, 0x5, 0x0, 0x35,
    0x7f, 0xea, 0x11, 0x68, 0x7, 0x8, 0x7, 0xac,
    0xc0, 0x3a, 0xff, 0xee, 0xa2, 0xab, 0x0, 0xfe,
    0x15, 0xe0, 0x48, 0x0, 0xff, 0x10, 0x0, 0xc1,
    0x90, 0x3, 0xe8, 0x0, 0x10, 0x45, 0xec, 0xb2,
    0xa9, 0xf5, 0x80, 0x16, 0x2a, 0x4, 0xd3, 0x54,
    0x82, 0x1, 0xb2, 0x1b, 0xd7, 0x31, 0x0, 0xa,
    0x4f, 0x20, 0x0,

    /* U+0438 "и" */
    0x6f, 0xf2, 0x0, 0x7c, 0x3d, 0xfa, 0x1, 0xff,
    0x68, 0x80, 0x7f, 0xf0, 0x28, 0xc0, 0x3f, 0xf8,
    0x10, 0xa0, 0x1f, 0xfc, 0x5, 0x70, 0x31, 0x0,
    0xfe, 0x3a, 0x1, 0xd3, 0x0, 0xfc, 0x3a, 0x0,
    0xc1, 0x0, 0xfe, 0xd1, 0xb, 0x20, 0xf, 0xea,
    0x30, 0x84, 0x0, 0xfe, 0x85, 0x5, 0x70, 0xf,
    0xee, 0x70, 0x3a, 0x0, 0xff, 0x28, 0xe, 0x80,
    0x7f, 0xf0, 0x70, 0x40, 0x3f, 0xf8, 0x14, 0x40,
    0x1f, 0xfc, 0x8, 0x50, 0xf, 0xf0,

    /* U+0439 "й" */
    0x0, 0x99, 0xc0, 0x39, 0xdc, 0x1, 0xed, 0x85,
    0x0, 0x92, 0x28, 0x3, 0xd0, 0x15, 0x73, 0x76,
    0x8, 0x0, 0xf1, 0xe2, 0xa9, 0x95, 0x2d, 0x40,
    0x3e, 0x3a, 0xef, 0xeb, 0x40, 0xf, 0xfe, 0x3b,
    0x7f, 0x90, 0x3, 0xe1, 0xef, 0xd0, 0xf, 0xfb,
    0x44, 0x3, 0xff, 0x81, 0x46, 0x1, 0xff, 0xc0,
    0x85, 0x0, 0xff, 0xe0, 0x2b, 0x81, 0x88, 0x7,
    0xf1, 0xd0, 0xe, 0x98, 0x7, 0xe1, 0xd0, 0x6,
    0x8, 0x7, 0xf6, 0x88, 0x59, 0x0, 0x7f, 0x51,
    0x84, 0x20, 0x7, 0xf4, 0x28, 0x2b, 0x80, 0x7f,
    0x73, 0x81, 0xd0, 0x7, 0xf9, 0x40, 0x74, 0x3,
    0xff, 0x83, 0x82, 0x1, 0xff, 0xc0, 0xa2, 0x0,
    0xff, 0xe0, 0x42, 0x80, 0x7f, 0x80,

    /* U+043A "к" */
    0x6f, 0xf2, 0x0, 0x78, 0xbf, 0xd6, 0x1, 0xff,
    0x70, 0xd, 0x0, 0x7f, 0xa4, 0xc2, 0x84, 0x3,
    0xf9, 0x18, 0x1d, 0x0, 0x3f, 0x86, 0x80, 0xe0,
    0x3, 0xfd, 0x42, 0x2d, 0x0, 0xfb, 0x11, 0x10,
    0x81, 0x42, 0x1, 0xf3, 0xdd, 0x9c, 0x11, 0x0,
    0x1f, 0xfc, 0x14, 0x40, 0x7, 0xeb, 0xff, 0x60,
    0x2, 0xc8, 0x3, 0xfc, 0x74, 0x0, 0xf0, 0xf,
    0xf9, 0x5c, 0xa, 0xc0, 0x3f, 0xe8, 0x40, 0x48,
    0x0, 0xff, 0xac, 0x81, 0xd4, 0x3, 0xfe, 0xf1,
    0xa, 0x20,

    /* U+043B "л" */
    0x0, 0x87, 0xff, 0xfe, 0x50, 0xf, 0xfe, 0x39,
    0x80, 0x1e, 0xab, 0x98, 0x3, 0xc2, 0x0, 0xb5,
    0x5e, 0xc0, 0xf, 0x38, 0x0, 0x40, 0x3f, 0xf8,
    0x66, 0x1, 0xff, 0xc0, 0x10, 0x0, 0x80, 0x7f,
    0xf0, 0xc, 0x3, 0xff, 0x87, 0xc0, 0x20, 0x1f,
    0xfc, 0x12, 0x2, 0x0, 0xff, 0xe0, 0xa0, 0x28,
    0x7, 0xff, 0x1, 0x44, 0x30, 0x3, 0xfc, 0xb1,
    0x40, 0x5, 0x0, 0xff, 0x4b, 0x80, 0x20, 0x3,
    0xfe, 0x70, 0x17, 0x70, 0x7, 0xfc,

    /* U+043C "м" */
    0x6f, 0xf5, 0x0, 0x7f, 0x8b, 0xfd, 0x60, 0x12,
    0x98, 0x7, 0xf4, 0x80, 0x7d, 0xe0, 0x1f, 0x91,
    0x0, 0x1f, 0x1b, 0x0, 0x7d, 0x20, 0x1f, 0x20,
    0x40, 0x7, 0x9c, 0x84, 0xc0, 0x3a, 0x40, 0x60,
    0x3, 0xc, 0x4, 0x38, 0x7, 0x1c, 0x3, 0x90,
    0x5, 0x60, 0x6c, 0x1, 0xf3, 0x90, 0x48, 0x0,
    0xd4, 0x3c, 0x3, 0xfa, 0x41, 0x10, 0x1c, 0xc,
    0x60, 0x1f, 0xc8, 0x80, 0x97, 0x21, 0x80, 0xf,
    0xfa, 0x40, 0xa0, 0x20, 0x40, 0x3f, 0xe2, 0x70,
    0x1, 0xb0, 0x7, 0xff, 0x6, 0x4, 0x3c, 0x3,
    0xff, 0x87, 0x98, 0x30, 0xf, 0xfe, 0x19, 0x18,
    0x7, 0xe0,

    /* U+043D "н" */
    0x6f, 0xf2, 0x0, 0x7c, 0x9f, 0xe7, 0x0, 0xff,
    0xff, 0x80, 0x58, 0xab, 0xf1, 0x80, 0x79, 0xea,
    0xbe, 0x80, 0xf, 0xfe, 0x4d, 0xff, 0xfd, 0x60,
    0x1f, 0xff, 0xf0, 0x8,

    /* U+043E "о" */
    0x0, 0xc9, 0x5d, 0xfe, 0xd9, 0x30, 0xf, 0xd,
    0xd9, 0x44, 0x0, 0x4d, 0x94, 0x1, 0x87, 0x10,
    0x5, 0xa6, 0x4c, 0x20, 0xb8, 0x1, 0x59, 0x2,
    0xf4, 0xb3, 0x27, 0xd0, 0xe, 0x40, 0xd4, 0xe,
    0x80, 0x38, 0x6c, 0x81, 0x86, 0xc0, 0x10, 0x1,
    0xfa, 0xc0, 0xe, 0x60, 0x4, 0x0, 0xfc, 0x80,
    0xf, 0x70, 0xf, 0xf8, 0xc0, 0x6, 0xe0, 0x1f,
    0xf1, 0x80, 0xc, 0xc0, 0x5, 0x0, 0xfc, 0x80,
    0xf, 0xa0, 0x4, 0x80, 0x7e, 0xb0, 0x3, 0x92,
    0x81, 0xd0, 0x7, 0xd, 0x90, 0x38, 0x85, 0x90,
    0x2f, 0x4b, 0x32, 0x7d, 0x0, 0xe0, 0x0, 0x38,
    0x80, 0x2d, 0x32, 0x61, 0x5, 0xc0, 0xc, 0x37,
    0x65, 0x10, 0x1, 0x36, 0x50, 0x4,

    /* U+043F "п" */
    0x6f, 0xff, 0xfe, 0xa, 0x80, 0x7f, 0xf1, 0x9e,
    0xab, 0xe6, 0x0, 0xf6, 0x2a, 0xfd, 0x80, 0x1f,
    0xff, 0xf0, 0xf, 0xff, 0xf8, 0x7, 0xff, 0x18,

    /* U+0440 "р" */
    0x6f, 0xf1, 0x83, 0x5f, 0x7f, 0x63, 0x80, 0x7c,
    0xf9, 0x28, 0x20, 0x27, 0x1c, 0x60, 0x1d, 0x46,
    0xb, 0x32, 0x72, 0x1, 0xc3, 0x0, 0xc2, 0x5b,
    0x4c, 0xc8, 0xd7, 0x0, 0x68, 0x7, 0x79, 0x0,
    0x74, 0x30, 0xb, 0x0, 0x4c, 0x40, 0x1f, 0x40,
    0x3, 0x40, 0x2c, 0x0, 0xfc, 0x24, 0xa, 0x1,
    0x8, 0x7, 0xf3, 0x0, 0x80, 0x42, 0x1, 0xfc,
    0xc0, 0x20, 0x16, 0x0, 0x7e, 0x12, 0x5, 0x0,
    0x98, 0x80, 0x3e, 0x80, 0x6, 0x80, 0x6f, 0x20,
    0xe, 0x86, 0x1, 0x60, 0x8, 0x4b, 0x69, 0x96,
    0x35, 0xc0, 0x1a, 0x1, 0xad, 0x1, 0x66, 0x9c,
    0x80, 0x70, 0xc0, 0x30, 0xdd, 0x20, 0x80, 0x9c,
    0x71, 0x80, 0x7c, 0xb7, 0xdf, 0xd8, 0xe0, 0x1f,
    0xff, 0x80,

    /* U+0441 "с" */
    0x0, 0xc9, 0x5b, 0xfe, 0xea, 0x40, 0xe, 0x1b,
    0xb2, 0x90, 0x0, 0x56, 0xe8, 0x2, 0x1c, 0x40,
    0x16, 0x99, 0x30, 0x82, 0xd0, 0x2, 0xc8, 0x17,
    0xa5, 0x99, 0x3e, 0x80, 0x40, 0x6a, 0x7, 0x40,
    0x1c, 0x37, 0x90, 0x16, 0x0, 0x80, 0xf, 0xc6,
    0x0, 0x30, 0x2, 0x0, 0x7f, 0xce, 0x1, 0xff,
    0xc2, 0x70, 0xf, 0xfe, 0x11, 0x80, 0x10, 0x3,
    0xfe, 0xa0, 0x4, 0x0, 0x7e, 0x30, 0x1, 0x28,
    0x1d, 0x0, 0x70, 0xde, 0x48, 0x2, 0xc8, 0x17,
    0xa5, 0x99, 0x3e, 0x80, 0x60, 0x1, 0xc5, 0x1,
    0x69, 0x93, 0x8, 0x2d, 0x0, 0x43, 0x58, 0xa4,
    0x0, 0x15, 0xba, 0x0, 0x0,

    /* U+0442 "т" */
    0xef, 0xff, 0xfe, 0x5, 0x0, 0x7f, 0xf0, 0xae,
    0xab, 0x28, 0x1, 0xea, 0xb4, 0xaa, 0xf6, 0x80,
    0x2d, 0x57, 0x18, 0x7, 0xff, 0xfc, 0x3, 0xff,
    0xfe, 0x1, 0x80,

    /* U+0443 "у" */
    0xa, 0xff, 0x10, 0x7, 0xf7, 0xfa, 0x42, 0x40,
    0x16, 0x1, 0xf9, 0xc0, 0x16, 0x6, 0x60, 0x61,
    0x0, 0xfa, 0x41, 0x8, 0x1, 0x0, 0x6, 0x0,
    0xf2, 0x88, 0x78, 0x4, 0x84, 0x12, 0x1, 0xe9,
    0x2, 0x40, 0xd, 0x60, 0x2a, 0x1, 0x8c, 0xc1,
    0x0, 0x1c, 0xc2, 0x10, 0x1, 0xa4, 0x5, 0x40,
    0x3d, 0x20, 0x48, 0x0, 0x15, 0x9, 0x0, 0xf9,
    0x80, 0x1e, 0x0, 0x90, 0x3, 0x0, 0x7c, 0x2c,
    0x8, 0x40, 0xe0, 0xc2, 0x1, 0xfa, 0xc0, 0x16,
    0xe0, 0xb, 0x0, 0xfe, 0x24, 0x6, 0x90, 0x52,
    0x0, 0xff, 0x40, 0x0, 0x42, 0x40, 0x3f, 0xe3,
    0x30, 0x0, 0xcc, 0x1, 0xff, 0xc0, 0xb0, 0x4,
    0x80, 0x7f, 0xf0, 0x68, 0x9, 0x40, 0x3e, 0x10,
    0xc, 0xc4, 0x16, 0x1, 0xfb, 0x71, 0x96, 0x24,
    0x9, 0x80, 0x3e, 0x43, 0x34, 0xd3, 0x80, 0xf8,
    0x7, 0xe4, 0xb4, 0x10, 0x16, 0xf2, 0x0, 0xfc,

    /* U+0444 "ф" */
    0x0, 0xfc, 0x3f, 0xe9, 0x0, 0xff, 0xff, 0x80,
    0x7f, 0xf7, 0xc5, 0xab, 0x78, 0x0, 0xdd, 0x90,
    0x60, 0x1f, 0xa7, 0xa5, 0x48, 0x3, 0x9, 0xbe,
    0x60, 0xc0, 0x30, 0xeb, 0x0, 0xd, 0xa0, 0x0,
    0x6e, 0xa0, 0x3, 0xc6, 0x0, 0xa8, 0x80, 0xf3,
    0x12, 0xc0, 0x5, 0x8a, 0xf8, 0x0, 0x49, 0x81,
    0xa0, 0x1e, 0x18, 0x7, 0xf3, 0xd8, 0x3, 0xc2,
    0x80, 0x1e, 0x1, 0xff, 0xc0, 0x44, 0x1, 0x89,
    0x0, 0xc, 0x3, 0xff, 0x83, 0xa0, 0x5, 0x70,
    0x10, 0xf, 0xfe, 0x11, 0x80, 0x5, 0xc0, 0x40,
    0x3f, 0xf8, 0x44, 0x0, 0x13, 0x0, 0x18, 0x7,
    0xff, 0x7, 0x0, 0xb, 0x60, 0xf, 0x0, 0xff,
    0xe0, 0x2a, 0x1, 0x89, 0xa0, 0x1e, 0x18, 0x7,
    0xf3, 0xd0, 0x3, 0xc0, 0x14, 0x60, 0x79, 0x88,
    0x60, 0x2, 0xbd, 0x74, 0x0, 0x28, 0xc0, 0x3,
    0x8e, 0x0, 0x37, 0x80, 0x1, 0xc2, 0x88, 0x1e,
    0x28, 0x7, 0x47, 0x4a, 0x90, 0x6, 0x14, 0x7c,
    0xc1, 0x80, 0x7c, 0x2d, 0x5b, 0xc0, 0x6, 0xeb,
    0x83, 0x0, 0xff, 0xff, 0x80, 0x7f, 0xf0, 0x80,

    /* U+0445 "х" */
    0x2f, 0xf6, 0x80, 0x7d, 0x7f, 0xe3, 0x2a, 0x2,
    0xa0, 0xe, 0x74, 0x8, 0x30, 0x56, 0x5, 0x60,
    0x8, 0xe0, 0x11, 0xc0, 0x29, 0x30, 0x93, 0x1,
    0xd0, 0x2a, 0x0, 0xee, 0x10, 0xe0, 0xa1, 0xe,
    0x10, 0xe, 0x2a, 0x2, 0xe4, 0x9, 0x30, 0xf,
    0x91, 0xc0, 0x41, 0x58, 0x3, 0xfa, 0x80, 0x29,
    0x0, 0xff, 0x70, 0x5, 0xc2, 0x1, 0xfa, 0xc,
    0x18, 0xa, 0x80, 0x3e, 0x57, 0x5, 0x98, 0x4,
    0x70, 0xe, 0x2a, 0x2, 0xa0, 0x74, 0x8, 0x30,
    0xd, 0xc0, 0xf, 0x0, 0xa8, 0x43, 0x44, 0x1,
    0x26, 0x12, 0x40, 0x10, 0xd0, 0xe, 0x82, 0xb0,
    0x2b, 0x0, 0x72, 0x38, 0x1c, 0x0,

    /* U+0446 "ц" */
    0x6f, 0xf2, 0x0, 0x7d, 0x3f, 0xe1, 0x0, 0xff,
    0xff, 0x80, 0x7f, 0xff, 0xc0, 0x3f, 0xfb, 0xd8,
    0xab, 0xf8, 0x0, 0xea, 0x40, 0x13, 0xd5, 0x7c,
    0x60, 0x9, 0xa5, 0x0, 0xff, 0xe2, 0xb7, 0xff,
    0xff, 0x3, 0x80, 0x3f, 0xfc, 0xc2, 0xee, 0x40,

    /* U+0447 "ч" */
    0xdf, 0xd0, 0xf, 0x8f, 0xfc, 0xe0, 0x1f, 0xfe,
    0xc1, 0x3, 0x0, 0xff, 0x98, 0x5, 0x0, 0x3f,
    0xde, 0x0, 0xb6, 0x10, 0x13, 0x8d, 0x0, 0x95,
    0x40, 0x9, 0xef, 0xec, 0x71, 0x0, 0xd5, 0x24,
    0x1, 0x85, 0xa4, 0x3, 0x9b, 0x7b, 0x31, 0xdc,
    0x95, 0x0, 0xf8, 0x4c, 0xc2, 0x1, 0xff, 0xe4,

    /* U+0448 "ш" */
    0x6f, 0xf2, 0x0, 0x71, 0x7f, 0xa0, 0x3, 0xdf,
    0xec, 0x0, 0xff, 0xff, 0x80, 0x7f, 0xff, 0xc0,
    0x3f, 0xff, 0xe0, 0x1f, 0xfc, 0x8c, 0x55, 0xf0,
    0x0, 0xd5, 0x7c, 0x1, 0xe7, 0xaa, 0xe8, 0x0,
    0x25, 0x57, 0x80, 0x3f, 0xf9, 0xa0,

    /* U+0449 "щ" */
    0x6f, 0xf2, 0x0, 0x71, 0x7f, 0xa0, 0x3, 0xdf,
    0xec, 0x0, 0xff, 0xff, 0x80, 0x7f, 0xff, 0xc0,
    0x3f, 0xff, 0xe0, 0x1f, 0xfe, 0xc, 0x55, 0xf0,
    0x0, 0xd5, 0x7c, 0x0, 0x15, 0x50, 0x4, 0xf5,
    0x5d, 0x0, 0x4, 0xaa, 0xf0, 0x0, 0xaa, 0xc0,
    0x3f, 0xf9, 0x8d, 0xff, 0xff, 0xc8, 0x60, 0xf,
    0xff, 0x30,

    /* U+044A "ъ" */
    0xef, 0xff, 0x28, 0x7, 0xff, 0x42, 0xea, 0xa6,
    0x0, 0xff, 0xe0, 0xaa, 0xec, 0x0, 0xff, 0xed,
    0x57, 0xfe, 0xec, 0x60, 0xf, 0xfe, 0x18, 0x9c,
    0xd8, 0x7, 0xf5, 0x7f, 0xec, 0x30, 0x48, 0x0,
    0xff, 0xe0, 0x9e, 0x8, 0x28, 0x7, 0xff, 0xd,
    0x40, 0x80, 0x3f, 0xfa, 0x82, 0x80, 0x40, 0x1f,
    0x8c, 0x2, 0x15, 0xc0, 0x5, 0x80, 0x7e, 0x9f,
    0xfb, 0xa8, 0x81, 0x98, 0x1, 0xff, 0xc1, 0x15,
    0xb9, 0x0, 0x0,

    /* U+044B "ы" */
    0x6f, 0xf2, 0x0, 0x7f, 0xd7, 0xfe, 0x0, 0xff,
    0xff, 0xdf, 0xfe, 0xeb, 0x60, 0xf, 0xfe, 0x18,
    0xa4, 0xe0, 0x7, 0xf5, 0xff, 0xeb, 0x30, 0x38,
    0x0, 0xff, 0xe0, 0xa6, 0x8, 0x30, 0x7, 0xff,
    0xd, 0x40, 0x40, 0x3f, 0xfa, 0x82, 0x80, 0x40,
    0x1f, 0x84, 0x2, 0x15, 0xc0, 0x5, 0x80, 0x7e,
    0xaf, 0xfb, 0xa8, 0x81, 0x98, 0x1, 0xff, 0xc1,
    0x25, 0xb9, 0x0, 0xf0,

    /* U+044C "ь" */
    0x6f, 0xf2, 0x0, 0x7f, 0xfe, 0x6f, 0xff, 0xb1,
    0xc0, 0x3f, 0xf8, 0x7, 0x1a, 0x20, 0x1a, 0xff,
    0xf6, 0x28, 0x15, 0x0, 0x7f, 0x1d, 0x18, 0x20,
    0x80, 0x7f, 0x90, 0x0, 0x40, 0x1f, 0xfc, 0xc5,
    0x0, 0x18, 0x4, 0x20, 0x10, 0xa6, 0x10, 0x30,
    0x6, 0xaf, 0xfb, 0xac, 0xc0, 0xe4, 0x3, 0xf8,
    0x52, 0xb0, 0x0,

    /* U+044D "э" */
    0x0, 0x9a, 0xfb, 0xfd, 0xb4, 0x80, 0x1c, 0xbd,
    0x28, 0x20, 0x2, 0x5b, 0xb0, 0x80, 0x6, 0x84,
    0x4f, 0x79, 0x89, 0x30, 0x4f, 0x10, 0x1c, 0x7e,
    0x84, 0x33, 0x36, 0x40, 0xe, 0x80, 0xe, 0x0,
    0x3e, 0x77, 0x1, 0xa0, 0x7, 0xfd, 0x0, 0xe,
    0x0, 0xc3, 0xff, 0xf0, 0x1, 0xc0, 0x3f, 0xf8,
    0x46, 0x1, 0x87, 0xff, 0xe4, 0x3, 0x0, 0xff,
    0xe0, 0x20, 0x38, 0x7, 0xfd, 0x0, 0xe, 0x5,
    0xc2, 0x0, 0xf3, 0xb8, 0x11, 0x3, 0x47, 0xb2,
    0xa6, 0x8f, 0xb0, 0x5, 0x40, 0x34, 0x20, 0xd5,
    0x97, 0x4, 0x9, 0x82, 0x0, 0x5e, 0x94, 0x10,
    0x1, 0x2d, 0xd8, 0x40, 0x0,

    /* U+044E "ю" */
    0x6f, 0xf2, 0x0, 0x79, 0x6f, 0xbf, 0xd9, 0x2,
    0x1, 0xff, 0xc0, 0x2c, 0xa4, 0x10, 0x1, 0xbf,
    0x38, 0x7, 0xf8, 0x70, 0xc0, 0x9e, 0x64, 0xa0,
    0x8, 0x70, 0xf, 0xea, 0x10, 0x6d, 0x86, 0x65,
    0x60, 0x84, 0x18, 0x7, 0xc6, 0x80, 0x92, 0x1,
    0xc7, 0xa0, 0x8, 0x0, 0xfa, 0xc0, 0x10, 0x1,
    0xf1, 0xa0, 0x20, 0x6, 0xbf, 0xf3, 0x80, 0xc,
    0x3, 0xf6, 0x0, 0xc, 0x3, 0xf1, 0x0, 0x7f,
    0x8, 0x1, 0xc0, 0x25, 0x88, 0x10, 0x10, 0x7,
    0xf0, 0x80, 0x1c, 0x2, 0xe7, 0x72, 0x80, 0xc,
    0x3, 0xf6, 0x0, 0xc, 0x3, 0xd6, 0x0, 0x80,
    0xf, 0x8d, 0x1, 0x0, 0x3e, 0x34, 0x4, 0x90,
    0xe, 0x3d, 0x0, 0x40, 0x7, 0xea, 0x10, 0x6d,
    0x85, 0x6a, 0xc1, 0x8, 0x30, 0xf, 0xc3, 0xe6,
    0x4, 0xf5, 0x2a, 0x0, 0x97, 0x0, 0xff, 0xe,
    0x52, 0x8, 0x0, 0xdf, 0x98, 0x2,

    /* U+044F "я" */
    0x0, 0x9a, 0xfb, 0xff, 0xe8, 0x2, 0xd9, 0x41,
    0x0, 0xfe, 0xf2, 0x1, 0x79, 0xaa, 0xc0, 0x12,
    0x10, 0x1f, 0x43, 0x2a, 0xe1, 0x0, 0x18, 0x2,
    0x40, 0x3f, 0xf8, 0x22, 0x1, 0xfe, 0x20, 0x6,
    0x0, 0x7f, 0x94, 0x41, 0xdc, 0x20, 0x1f, 0xda,
    0x21, 0x1d, 0xff, 0xc2, 0x1, 0x1f, 0xb8, 0x7,
    0xff, 0x0, 0x48, 0x1, 0x9f, 0xf8, 0x40, 0x32,
    0x28, 0x39, 0x80, 0x7e, 0x1a, 0x2, 0x80, 0xf,
    0xeb, 0x10, 0xe0, 0xf, 0xe5, 0x50, 0x31, 0x80,
    0x7f, 0x0,

    /* U+0450 "ѐ" */
    0x0, 0xe, 0x7f, 0x98, 0x3, 0xfe, 0x1c, 0x50,
    0x95, 0x0, 0xff, 0xe0, 0x53, 0x85, 0x28, 0x7,
    0xff, 0x2, 0x24, 0x29, 0x0, 0x3f, 0xf8, 0xd,
    0xfe, 0x40, 0xf, 0xfe, 0x72, 0xdf, 0x7f, 0xb2,
    0x4, 0x3, 0xc5, 0x94, 0x82, 0x0, 0x37, 0xe5,
    0x0, 0xc3, 0x86, 0x7, 0x37, 0x4c, 0x0, 0xa5,
    0x0, 0xa8, 0x42, 0x71, 0x91, 0x67, 0x88, 0x28,
    0x40, 0xd0, 0x19, 0x80, 0x1c, 0x3e, 0x0, 0x90,
    0xb0, 0x5, 0x80, 0x7c, 0x48, 0x8, 0x6, 0x0,
    0xfd, 0xdf, 0xc8, 0x6, 0xe, 0x0, 0x22, 0xfe,
    0x0, 0xce, 0x0, 0xff, 0xff, 0xe0, 0x1, 0x80,
    0xc, 0x3, 0xff, 0x81, 0x60, 0x8, 0x0, 0xff,
    0xe0, 0x1a, 0x82, 0x50, 0x7, 0x93, 0x8c, 0x2,
    0xb2, 0x5, 0xe9, 0x66, 0x3e, 0x58, 0xf0, 0x4,
    0x38, 0x80, 0x2d, 0x32, 0x83, 0x2, 0xe0, 0xc,
    0x37, 0x8c, 0x40, 0x1, 0x49, 0xd3, 0x0, 0x0,

    /* U+0451 "ё" */
    0x0, 0x86, 0xf0, 0x40, 0x15, 0xa6, 0x1, 0xf2,
    0x20, 0xd8, 0x9, 0x4a, 0x40, 0x3e, 0x42, 0x15,
    0x2, 0x40, 0xe0, 0xf, 0x87, 0x78, 0x80, 0x17,
    0xe8, 0x1, 0xff, 0xdc, 0x5b, 0xef, 0xf6, 0x40,
    0x80, 0x78, 0xb2, 0x90, 0x40, 0x6, 0xfc, 0xa0,
    0x18, 0x70, 0xc0, 0xe6, 0xe9, 0x80, 0x14, 0xa0,
    0x15, 0x8, 0x4e, 0x32, 0x2c, 0xf1, 0x5, 0x8,
    0x1a, 0x3, 0x30, 0x3, 0x87, 0xc0, 0x12, 0x16,
    0x0, 0xb0, 0xf, 0x89, 0x1, 0x0, 0xc0, 0x1f,
    0xbb, 0xf9, 0x0, 0xc1, 0xc0, 0x4, 0x5f, 0xc0,
    0x19, 0xc0, 0x1f, 0xff, 0xfc, 0x0, 0x30, 0x1,
    0x80, 0x7f, 0xf0, 0x2c, 0x1, 0x0, 0x1f, 0xfc,
    0x3, 0x50, 0x4a, 0x0, 0xf2, 0x71, 0x80, 0x56,
    0x40, 0xbd, 0x2c, 0xc7, 0xcb, 0x1e, 0x0, 0x87,
    0x10, 0x5, 0xa6, 0x50, 0x60, 0x5c, 0x1, 0x86,
    0xf1, 0x88, 0x0, 0x29, 0x3a, 0x60, 0x0,

    /* U+0452 "ђ" */
    0x0, 0x8e, 0x20, 0x20, 0x1f, 0xfc, 0x25, 0x77,
    0x10, 0x7, 0xff, 0x45, 0x3f, 0xd2, 0x0, 0xcf,
    0xfe, 0xe0, 0xf, 0x8, 0x80, 0x21, 0x1f, 0x18,
    0x7, 0x27, 0x72, 0x40, 0x1b, 0xdd, 0xda, 0x1,
    0xff, 0xd3, 0x6b, 0xef, 0xec, 0x60, 0xf, 0xe6,
    0xd9, 0x41, 0x1, 0x39, 0xc1, 0x0, 0xfa, 0x88,
    0x1a, 0x20, 0xa0, 0x3, 0xa0, 0xf, 0xc9, 0xd2,
    0xee, 0xad, 0x10, 0x44, 0x0, 0x78, 0x68, 0x40,
    0x31, 0x58, 0x3, 0x0, 0x3c, 0xc2, 0x1, 0xe4,
    0x0, 0x10, 0x7, 0xb4, 0x3, 0xe1, 0x0, 0x8,
    0x7, 0xff, 0xfc, 0x3, 0xff, 0xf8, 0xdf, 0xe5,
    0x0, 0xff, 0xe6, 0x98, 0x0, 0x80, 0x3f, 0xce,
    0xe4, 0x6d, 0x0, 0x68, 0x7, 0xfa, 0x21, 0x72,
    0x20, 0xa8, 0x1, 0xfe, 0x72, 0x0, 0x1c, 0xd0,
    0x0,

    /* U+0453 "ѓ" */
    0x0, 0xf8, 0xe2, 0xe, 0x1, 0xf2, 0x63, 0xa2,
    0x80, 0x79, 0x6c, 0x1b, 0x8, 0x3, 0x9a, 0x86,
    0xe4, 0x3, 0xe6, 0xfe, 0x40, 0xf, 0xfe, 0x23,
    0x7f, 0xff, 0xa0, 0x3, 0xff, 0x86, 0xf5, 0x5f,
    0x58, 0x5, 0x8a, 0xbf, 0x18, 0x7, 0xff, 0xfc,
    0x3, 0xff, 0xda,

    /* U+0454 "є" */
    0x0, 0xc7, 0x3b, 0xfe, 0xec, 0x71, 0x0, 0xea,
    0xc6, 0x20, 0x0, 0x9c, 0x73, 0x0, 0x58, 0xa0,
    0x51, 0x79, 0x6e, 0x21, 0x26, 0x14, 0x60, 0xda,
    0xe8, 0x69, 0x1e, 0x90, 0x64, 0xa0, 0xb2, 0x1,
    0xe1, 0xb7, 0xa, 0x0, 0x58, 0x7, 0xfc, 0x60,
    0x42, 0x1, 0xff, 0x38, 0x17, 0xff, 0xc6, 0x1,
    0x9c, 0x3, 0xff, 0x84, 0x60, 0xe, 0xff, 0xf1,
    0x80, 0x6a, 0x0, 0x58, 0x7, 0xfc, 0x4a, 0xb,
    0x0, 0x1f, 0x3a, 0x0, 0x2c, 0x81, 0xf5, 0xd0,
    0xd1, 0xf6, 0x2c, 0xc0, 0x71, 0x40, 0xa2, 0xf2,
    0xe0, 0x82, 0x4c, 0x0, 0x35, 0x8c, 0x40, 0x1,
    0x38, 0xe6, 0x0,

    /* U+0455 "ѕ" */
    0x0, 0x9a, 0xfb, 0xfd, 0xd6, 0xe2, 0x0, 0x2d,
    0x94, 0x10, 0x0, 0xa4, 0x70, 0x87, 0x10, 0x24,
    0xd5, 0x21, 0x1, 0x44, 0xcc, 0xd, 0x6c, 0xaa,
    0x7b, 0xdb, 0x7, 0x0, 0x78, 0x7, 0x88, 0x41,
    0x80, 0x16, 0x40, 0x1f, 0x89, 0x0, 0xb7, 0x54,
    0xe8, 0x1, 0xd6, 0xc0, 0x2, 0x58, 0xbf, 0xa2,
    0x0, 0xa7, 0xed, 0xd0, 0x80, 0xb, 0x84, 0x1,
    0x92, 0x2f, 0x79, 0x80, 0x6c, 0x3, 0xf0, 0xc8,
    0x0, 0x82, 0x4c, 0x3, 0xc6, 0x0, 0x16, 0x66,
    0x6c, 0xb2, 0xb4, 0x60, 0x3, 0x80, 0x22, 0x69,
    0xa9, 0x70, 0x4, 0xa3, 0x7c, 0xa9, 0x0, 0x46,
    0xfa, 0xc0,

    /* U+0456 "і" */
    0x5e, 0xe2, 0x40, 0x8b, 0xdc, 0x0, 0x55, 0x33,
    0x3, 0x30, 0x3, 0x9b, 0xfc, 0x80, 0x1f, 0xfe,
    0xc0,

    /* U+0457 "ї" */
    0x2e, 0xd0, 0x2e, 0xd0, 0x51, 0x24, 0x51, 0x24,
    0x64, 0x54, 0x64, 0x54, 0x1b, 0xa0, 0x1b, 0xa0,
    0xf, 0xf9, 0xff, 0xc6, 0x1, 0xff, 0xff, 0x0,
    0xff, 0xed, 0x80,

    /* U+0458 "ј" */
    0x0, 0xe4, 0xee, 0x20, 0x7, 0x40, 0x8a, 0x0,
    0x39, 0x80, 0xa, 0x1, 0xd5, 0x33, 0x0, 0x79,
    0x98, 0x1, 0xff, 0xcc, 0x6f, 0xf2, 0x80, 0x7f,
    0xff, 0xc0, 0x3f, 0xfd, 0xe2, 0x1, 0xd8, 0x0,
    0x60, 0xb6, 0x48, 0x50, 0x22, 0x32, 0x4d, 0xb8,
    0x2, 0x41, 0x14, 0x40, 0x53, 0x10, 0x0,

    /* U+0459 "љ" */
    0x0, 0x87, 0xff, 0xfe, 0x60, 0xf, 0xfe, 0xd9,
    0x80, 0x1e, 0xab, 0x94, 0x3, 0xff, 0x88, 0x20,
    0xb, 0x55, 0xed, 0x0, 0xff, 0xe2, 0x38, 0x0,
    0x40, 0x3f, 0xf9, 0xa6, 0x1, 0xfa, 0x7f, 0xfb,
    0x1c, 0x3, 0xc2, 0x0, 0x10, 0xf, 0xfe, 0x11,
    0xc6, 0x90, 0x6, 0x30, 0xf, 0xfa, 0x7f, 0xf6,
    0x30, 0x14, 0x80, 0x6e, 0x1, 0x0, 0xff, 0xe1,
    0x1c, 0xa0, 0x20, 0x80, 0x44, 0x4, 0x1, 0xff,
    0xc4, 0xc0, 0x2, 0x80, 0x48, 0xa, 0x1, 0xff,
    0xc4, 0xe0, 0x3, 0x80, 0x14, 0x43, 0x0, 0x3f,
    0xf8, 0x64, 0xc0, 0x2, 0x58, 0xa0, 0x2, 0x80,
    0x7f, 0x63, 0xbe, 0xad, 0x0, 0x28, 0xcb, 0x80,
    0x20, 0x3, 0xfc, 0xb1, 0x19, 0x40, 0x7, 0x40,
    0xe0, 0x2e, 0xe0, 0xf, 0xfe, 0x18, 0xa5, 0x60,
    0x0,

    /* U+045A "њ" */
    0x6f, 0xf2, 0x0, 0x7d, 0x1f, 0xe2, 0x0, 0xff,
    0xff, 0x80, 0x7f, 0xfb, 0x6f, 0xff, 0xe7, 0x0,
    0x6f, 0xff, 0x63, 0x80, 0x7f, 0xf2, 0x8e, 0x34,
    0x3, 0x3d, 0x57, 0xca, 0x0, 0x9a, 0xac, 0xe2,
    0x5, 0x0, 0x16, 0x2a, 0xfc, 0x40, 0x4, 0x55,
    0xd1, 0x80, 0x5, 0x0, 0xff, 0xe4, 0x11, 0x0,
    0xc0, 0x3f, 0xf9, 0x2, 0x40, 0x40, 0x1f, 0xfc,
    0x73, 0xd0, 0x5, 0x0, 0x7f, 0xf0, 0xb7, 0xff,
    0x61, 0x83, 0x30, 0x3, 0xff, 0x8e, 0x2b, 0x72,
    0x0,

    /* U+045B "ћ" */
    0x0, 0xcd, 0xfe, 0x50, 0xf, 0xfe, 0x9c, 0xcd,
    0x40, 0xe, 0x99, 0xf0, 0x7, 0x99, 0xa3, 0x0,
    0x23, 0x37, 0x80, 0x3d, 0xff, 0x48, 0x2, 0xbf,
    0xfc, 0x1, 0xff, 0xd5, 0x6b, 0xef, 0xeb, 0x60,
    0xf, 0xf1, 0x6c, 0xa0, 0x80, 0xa4, 0xe0, 0x80,
    0x7e, 0x82, 0x6, 0x88, 0x28, 0x0, 0xe8, 0x3,
    0xf9, 0x3a, 0x5d, 0xd5, 0xa2, 0x8, 0x60, 0x1f,
    0xd, 0x8, 0x6, 0x28, 0x0, 0x58, 0x7, 0xcc,
    0x20, 0x1e, 0x70, 0x1, 0x0, 0x7d, 0xa0, 0x1f,
    0x8, 0x0, 0x40, 0x3f, 0xff, 0xe0, 0x1f, 0xff,
    0xf0, 0x0,

    /* U+045C "ќ" */
    0x0, 0xfc, 0xf1, 0x3, 0x0, 0xff, 0x5c, 0x3f,
    0x18, 0x7, 0xe1, 0xc4, 0x2c, 0x60, 0xf, 0xc3,
    0x86, 0xba, 0x60, 0x1f, 0xc3, 0xbf, 0x40, 0x1f,
    0xfc, 0xa6, 0xff, 0x20, 0x7, 0x8b, 0xfd, 0x60,
    0x1f, 0xf7, 0x0, 0xd0, 0x7, 0xfa, 0x4c, 0x28,
    0x40, 0x3f, 0x91, 0x81, 0xd0, 0x3, 0xf8, 0x68,
    0xe, 0x0, 0x3f, 0xd4, 0x22, 0xd0, 0xf, 0xb1,
    0x11, 0x8, 0x14, 0x20, 0x1f, 0x3d, 0xd9, 0xc1,
    0x10, 0x1, 0xff, 0xc1, 0x44, 0x0, 0x7e, 0xbf,
    0xf6, 0x0, 0x2c, 0x80, 0x3f, 0xc7, 0x40, 0xf,
    0x0, 0xff, 0x95, 0xc0, 0xac, 0x3, 0xfe, 0x84,
    0x4, 0x80, 0xf, 0xfa, 0xc8, 0x1d, 0x40, 0x3f,
    0xef, 0x10, 0xa2,

    /* U+045D "ѝ" */
    0x0, 0x13, 0xc3, 0x88, 0x7, 0xf8, 0x8d, 0xa3,
    0x4, 0x3, 0xfc, 0x9e, 0x65, 0x84, 0x1, 0xfe,
    0x1c, 0x72, 0xc3, 0x0, 0xff, 0xa3, 0xf8, 0xc0,
    0x3f, 0xf9, 0xd, 0xfe, 0x40, 0xf, 0x87, 0xbf,
    0x40, 0x3f, 0xed, 0x10, 0xf, 0xfe, 0x5, 0x18,
    0x7, 0xff, 0x2, 0x14, 0x3, 0xff, 0x80, 0xae,
    0x6, 0x20, 0x1f, 0xc7, 0x40, 0x3a, 0x60, 0x1f,
    0x87, 0x40, 0x18, 0x20, 0x1f, 0xda, 0x21, 0x64,
    0x1, 0xfd, 0x46, 0x10, 0x80, 0x1f, 0xd0, 0xa0,
    0xae, 0x1, 0xfd, 0xce, 0x7, 0x40, 0x1f, 0xe5,
    0x1, 0xd0, 0xf, 0xfe, 0xe, 0x8, 0x7, 0xff,
    0x2, 0x88, 0x3, 0xff, 0x81, 0xa, 0x1, 0xfe,

    /* U+045E "ў" */
    0x0, 0xcd, 0x0, 0x1c, 0xd0, 0x1, 0xfb, 0x1d,
    0x0, 0x21, 0x96, 0x0, 0xfd, 0xe1, 0x26, 0x5,
    0x40, 0xe0, 0x1f, 0x95, 0xcb, 0x3f, 0x50, 0xe4,
    0x3, 0xfa, 0x36, 0x1e, 0x2f, 0x0, 0x3f, 0xe2,
    0x78, 0x74, 0x0, 0xff, 0xe6, 0x57, 0xf8, 0x80,
    0x3f, 0xbf, 0xd2, 0x12, 0x0, 0xb0, 0xf, 0xce,
    0x0, 0xb0, 0x33, 0x3, 0x8, 0x7, 0xd2, 0x8,
    0x40, 0x8, 0x0, 0x30, 0x7, 0x94, 0x43, 0xc0,
    0x24, 0x20, 0x90, 0xf, 0x48, 0x12, 0x0, 0x6b,
    0x1, 0x50, 0xc, 0x66, 0x8, 0x0, 0xe6, 0x10,
    0x80, 0xd, 0x20, 0x2a, 0x1, 0xe9, 0x2, 0x40,
    0x0, 0xa8, 0x48, 0x7, 0xcc, 0x0, 0xf0, 0x4,
    0x80, 0x18, 0x3, 0xe1, 0x60, 0x42, 0x7, 0x6,
    0x10, 0xf, 0xd6, 0x0, 0xb7, 0x0, 0x58, 0x7,
    0xf1, 0x20, 0x34, 0x82, 0x90, 0x7, 0xfa, 0x0,
    0x2, 0x12, 0x1, 0xff, 0x19, 0x80, 0x6, 0x60,
    0xf, 0xfe, 0x5, 0x80, 0x24, 0x3, 0xff, 0x83,
    0x40, 0x4a, 0x1, 0xf0, 0x80, 0x66, 0x20, 0xb0,
    0xf, 0xdb, 0x8c, 0xb1, 0x20, 0x4c, 0x1, 0xf2,
    0x19, 0xa6, 0x9c, 0x7, 0xc0, 0x3f, 0x25, 0xa0,
    0x80, 0xb7, 0x90, 0x7, 0xe0,

    /* U+045F "џ" */
    0x6f, 0xf2, 0x0, 0x78, 0xff, 0xce, 0x1, 0xff,
    0xff, 0x0, 0xff, 0xff, 0x80, 0x7d, 0x8a, 0xbe,
    0xb0, 0xf, 0x3d, 0x57, 0x9c, 0x3, 0xff, 0x8a,
    0xdf, 0xfb, 0x0, 0x15, 0xff, 0x9c, 0x3, 0xff,
    0xaa, 0x4e, 0xf0, 0x7, 0x0,

    /* U+0462 "Ѣ" */
    0x0, 0xe3, 0xff, 0x40, 0x7, 0xff, 0xb5, 0xff,
    0xf6, 0x0, 0x1f, 0xff, 0xa0, 0x3, 0xff, 0xa2,
    0xfd, 0xda, 0xc0, 0xf, 0xdd, 0xd0, 0x1, 0xf8,
    0x47, 0x38, 0x4, 0x23, 0xc0, 0x1f, 0xfd, 0xa7,
    0xff, 0xfb, 0x64, 0xc0, 0x3f, 0xf8, 0xe4, 0xd9,
    0x20, 0x1f, 0xe6, 0xcc, 0xeb, 0xa5, 0x0, 0x34,
    0x0, 0x7f, 0x9, 0x9f, 0x22, 0xd5, 0x80, 0x1c,
    0x40, 0x3f, 0xf8, 0xa8, 0xc0, 0x7, 0x0, 0xff,
    0xe3, 0x60, 0x3, 0x80, 0x3f, 0xf8, 0xcc, 0x0,
    0x10, 0xf, 0xfe, 0x33, 0x0, 0x4, 0x3, 0xff,
    0x8d, 0xe0, 0xd, 0x0, 0xff, 0xe2, 0xaa, 0x80,
    0x54, 0x3, 0xf0, 0x99, 0xf9, 0xae, 0x80, 0x16,
    0x1, 0xfc, 0xd9, 0x9e, 0x94, 0x0, 0x52, 0x80,
    0x7f, 0xf1, 0x5, 0x23, 0x94, 0x0,

    /* U+0463 "ѣ" */
    0x0, 0x97, 0xfc, 0xa0, 0x1f, 0xff, 0xf0, 0xb,
    0xfe, 0xa0, 0x5, 0x7f, 0xed, 0x0, 0xff, 0xe5,
    0x7f, 0xd4, 0x0, 0xaf, 0xfd, 0xa0, 0x1f, 0xff,
    0x2a, 0xff, 0xec, 0x81, 0x0, 0xff, 0xe1, 0x1b,
    0xf9, 0x0, 0x7d, 0x5f, 0xfb, 0x18, 0x7, 0x80,
    0x3f, 0xf8, 0x7, 0x28, 0x6, 0x40, 0x1f, 0xfc,
    0x1c, 0x0, 0x30, 0x7, 0xff, 0x4a, 0x80, 0xa,
    0x1, 0xe3, 0x0, 0x85, 0x2c, 0x81, 0x44, 0x3,
    0xd3, 0xff, 0x75, 0xa0, 0x1d, 0x80, 0x7f, 0xf0,
    0x5, 0x27, 0x4, 0x0,

    /* U+046A "Ѫ" */
    0x0, 0x17, 0xff, 0xff, 0x1d, 0x80, 0x3f, 0xfa,
    0x24, 0xc0, 0x8, 0xdd, 0xff, 0xa8, 0x0, 0x8c,
    0x1, 0xd2, 0xa1, 0xc, 0x45, 0xfc, 0x16, 0x7,
    0x60, 0x1f, 0x52, 0x5, 0x98, 0x7, 0xc3, 0x82,
    0x5a, 0x1, 0xfd, 0x68, 0x18, 0x60, 0x1c, 0x38,
    0x25, 0x82, 0x1, 0xfe, 0xb3, 0xd, 0x20, 0x8,
    0x70, 0x87, 0xc4, 0x3, 0xff, 0x81, 0xa4, 0x38,
    0x40, 0xd, 0x21, 0xc2, 0x0, 0xff, 0xe0, 0x8e,
    0x8, 0xbc, 0xb0, 0xc3, 0x48, 0x3, 0xff, 0x84,
    0xd6, 0x60, 0x5a, 0x60, 0x30, 0xe2, 0x1, 0xff,
    0x27, 0x4a, 0x90, 0x7, 0xa, 0x47, 0x30, 0x7,
    0xf2, 0x58, 0x82, 0x45, 0x10, 0x2, 0xa5, 0x40,
    0x13, 0x0, 0x1f, 0xd, 0x80, 0x2e, 0xce, 0xac,
    0x2, 0xad, 0x5a, 0x20, 0xe8, 0x1, 0xeb, 0x0,
    0x5a, 0x0, 0x7f, 0x16, 0x0, 0x24, 0x3, 0x89,
    0x41, 0x10, 0x1, 0xff, 0x14, 0x1, 0x30, 0x6,
    0xb0, 0x4, 0x0, 0x7f, 0xf0, 0x5c, 0x1, 0x60,
    0x19, 0x80, 0xcc, 0x1, 0xff, 0xc2, 0x60, 0x23,
    0x0, 0x38, 0x2, 0x80, 0x3f, 0xf8, 0x74, 0x0,
    0x90, 0x5, 0x0, 0x18, 0x3, 0xff, 0x86, 0x66,
    0x5, 0x14, 0x20, 0x60, 0xf, 0xfe, 0x2d, 0x0,
    0x18,

    /* U+046B "ѫ" */
    0x0, 0x6f, 0xff, 0xff, 0x9, 0xc0, 0x30, 0x80,
    0x4, 0x7f, 0xc0, 0x1, 0x0, 0xdc, 0x0, 0x7e,
    0xef, 0xbc, 0xc1, 0x18, 0x3, 0x15, 0x83, 0x40,
    0x7, 0xe, 0x11, 0xd8, 0x7, 0x92, 0x81, 0xe0,
    0x2, 0x1c, 0x22, 0x68, 0x7, 0xe5, 0x90, 0x77,
    0x0, 0xe9, 0xe, 0x8, 0x7, 0xf3, 0x38, 0x43,
    0xe9, 0x8e, 0x8, 0x7, 0xf9, 0x8c, 0x1, 0x6,
    0x0, 0x85, 0x0, 0xfc, 0x5b, 0x28, 0x1, 0xc2,
    0xb5, 0x60, 0x1f, 0x79, 0xc, 0xec, 0x80, 0x3b,
    0x5c, 0x12, 0xc0, 0x3a, 0x8, 0x31, 0x88, 0xc0,
    0x2, 0x51, 0x20, 0x88, 0x0, 0x85, 0xc1, 0xc8,
    0x3, 0xf3, 0x10, 0x40, 0x4, 0xc0, 0x9, 0x0,
    0xff, 0x58, 0x19, 0x80, 0x12, 0xa, 0x20, 0x1f,
    0xe6, 0x0, 0x48, 0x28, 0x87, 0x0, 0x7f, 0xf0,
    0x1c, 0x14, 0x40,

    /* U+0472 "Ѳ" */
    0x0, 0xf1, 0x46, 0x77, 0xfb, 0xad, 0x84, 0x3,
    0xfc, 0x35, 0xae, 0x62, 0x0, 0x14, 0x9e, 0x80,
    0xf, 0xc7, 0xea, 0x0, 0x26, 0x77, 0x28, 0x80,
    0x1f, 0x4, 0x3, 0x8f, 0x4, 0xe, 0xf6, 0x62,
    0x15, 0xd2, 0x20, 0x78, 0x20, 0x1b, 0x40, 0xd,
    0x88, 0x1, 0xe6, 0xf3, 0x2, 0xb0, 0xa, 0x4,
    0x16, 0x40, 0x3f, 0x87, 0x44, 0x15, 0x0, 0xe,
    0x0, 0xb0, 0xf, 0xf8, 0x6c, 0x1, 0xc0, 0x80,
    0x5, 0x10, 0xf, 0xfe, 0x2, 0x88, 0x28, 0x18,
    0x0, 0xcf, 0xff, 0x86, 0x40, 0x2, 0xf0, 0x3,
    0x66, 0x7f, 0xf0, 0x8c, 0x0, 0x20, 0x1f, 0xfc,
    0xaf, 0x0, 0x57, 0xff, 0xff, 0x9, 0x40, 0x2,
    0x60, 0xf, 0x0, 0xff, 0xe1, 0x20, 0x0, 0x90,
    0x0, 0xa2, 0x1, 0xff, 0xc0, 0x51, 0x5, 0x0,
    0x38, 0x2, 0xc0, 0x3f, 0xe1, 0xb0, 0x7, 0x0,
    0x20, 0x41, 0x60, 0x3, 0xf8, 0x74, 0x41, 0x50,
    0x2, 0xd0, 0x3, 0xd9, 0x80, 0x79, 0x7c, 0xc0,
    0xac, 0x3, 0x1e, 0x8, 0x26, 0x6c, 0xc4, 0x2b,
    0xa8, 0x40, 0xf0, 0x40, 0x38, 0xfd, 0x40, 0x4,
    0xce, 0xe5, 0x10, 0x3, 0xe0, 0x80, 0x7c, 0x35,
    0xae, 0x62, 0x0, 0x14, 0x9e, 0x80, 0xe,

    /* U+0473 "ѳ" */
    0x0, 0xc9, 0x5d, 0xfe, 0xd9, 0x30, 0xf, 0xd,
    0xd9, 0x44, 0x0, 0x4d, 0x94, 0x1, 0x87, 0x10,
    0x5, 0xa6, 0x4c, 0x20, 0xb8, 0x1, 0x59, 0x2,
    0xf4, 0xb3, 0x27, 0xd0, 0xe, 0x40, 0xd4, 0xe,
    0x80, 0x38, 0x6c, 0x81, 0x86, 0xc0, 0x10, 0x1,
    0xfa, 0xc0, 0xe, 0x60, 0xa, 0xee, 0xfd, 0x0,
    0xf, 0x70, 0x0, 0x8f, 0xf8, 0x0, 0x6e, 0x0,
    0xff, 0xfe, 0xd0, 0x1, 0x98, 0x0, 0x80, 0x1f,
    0x90, 0x1, 0xf4, 0x0, 0x80, 0xf, 0xd6, 0x0,
    0x72, 0x50, 0x3a, 0x0, 0xe1, 0xb2, 0x7, 0x10,
    0xb2, 0x5, 0xe9, 0x66, 0x4f, 0xa0, 0x1c, 0x0,
    0x7, 0x10, 0x5, 0xa6, 0x4c, 0x20, 0xb8, 0x1,
    0x86, 0xec, 0xa2, 0x0, 0x26, 0xca, 0x0, 0x80,

    /* U+0474 "Ѵ" */
    0x0, 0xff, 0xe3, 0x11, 0x83, 0x7f, 0xa8, 0x3,
    0xff, 0x80, 0xff, 0xb9, 0xcc, 0x0, 0x51, 0x0,
    0xff, 0x44, 0x0, 0x22, 0x6, 0x0, 0x30, 0x7,
    0xf1, 0xb8, 0x0, 0x91, 0x1, 0x40, 0xa, 0x0,
    0xfe, 0x80, 0x3, 0x6d, 0xc0, 0x19, 0x80, 0x90,
    0x3, 0xe1, 0x40, 0x29, 0x0, 0xea, 0x0, 0x70,
    0x7, 0xcc, 0x0, 0xb0, 0xf, 0x30, 0x1, 0x44,
    0x3, 0xd6, 0x0, 0x70, 0xf, 0x98, 0x0, 0xc0,
    0x1c, 0x46, 0xa, 0x20, 0x1f, 0x58, 0x2, 0x80,
    0x3a, 0x80, 0x1e, 0x1, 0xf8, 0x8c, 0x9, 0x0,
    0x33, 0x0, 0xa8, 0x7, 0xf5, 0x0, 0x3c, 0x2,
    0x31, 0x7, 0x0, 0xff, 0x30, 0x1, 0x4, 0x1,
    0x40, 0xa, 0x0, 0xff, 0x98, 0x1, 0x20, 0x7,
    0x1, 0x30, 0xf, 0xfa, 0xc0, 0xc, 0x8, 0x20,
    0xc0, 0x1f, 0xfc, 0x2, 0x30, 0x14, 0xe0, 0x5,
    0x0, 0x7f, 0xf0, 0x64, 0x1, 0xa, 0x4, 0x40,
    0xf, 0xfe, 0xa, 0x88, 0x18, 0x2, 0x80, 0x3f,
    0xf8, 0x6c, 0x1, 0x98, 0x3, 0xff, 0x87, 0x40,
    0x12, 0x8, 0x7, 0xff, 0xc, 0x8c, 0x1, 0xa0,
    0x1f, 0xc0,

    /* U+0475 "ѵ" */
    0x0, 0xff, 0xe1, 0x19, 0x5, 0x7f, 0x94, 0x3,
    0xf2, 0x76, 0x6c, 0x48, 0x3, 0x80, 0x3e, 0x2b,
    0x10, 0x7, 0x19, 0x81, 0x8, 0x3, 0xd0, 0x0,
    0x36, 0x50, 0x90, 0x5, 0x80, 0x70, 0xa8, 0x16,
    0x49, 0x82, 0x88, 0x30, 0x7, 0x38, 0x2, 0xc0,
    0x3a, 0x40, 0xc, 0x1, 0xa8, 0x0, 0xc0, 0x1c,
    0xc0, 0xb, 0x0, 0x88, 0xc1, 0x40, 0x3c, 0x2c,
    0x4, 0x80, 0xa, 0x0, 0x48, 0x7, 0xd6, 0x0,
    0xf0, 0x3, 0x1, 0x18, 0x7, 0xc4, 0x80, 0x84,
    0x82, 0x14, 0x1, 0xfd, 0xe0, 0xa, 0xe0, 0x3,
    0x0, 0x7f, 0x21, 0x3, 0x28, 0x20, 0x80, 0x7f,
    0xa8, 0x4, 0x1, 0xe0, 0x1f, 0xf3, 0x80, 0x42,
    0x80, 0x1f, 0xfc, 0x6, 0x0, 0x30, 0x7, 0xc0,

    /* U+048A "Ҋ" */
    0x0, 0x93, 0xf0, 0x3, 0xb3, 0xd0, 0x3, 0xf9,
    0x40, 0xcc, 0x1, 0x19, 0x81, 0x0, 0x3f, 0x86,
    0x3, 0x2a, 0x2b, 0x2, 0x40, 0x3f, 0xe7, 0xa4,
    0x57, 0x44, 0x5b, 0x0, 0x7f, 0xf0, 0x16, 0xff,
    0xdd, 0x68, 0x1, 0xfb, 0xfd, 0xa0, 0x1f, 0xe1,
    0xef, 0xf0, 0x7, 0xff, 0x12, 0x84, 0x3, 0xff,
    0x8a, 0xe8, 0x1, 0xff, 0xc5, 0x38, 0x0, 0xff,
    0xe2, 0x8e, 0x80, 0x7f, 0xf1, 0xa8, 0x41, 0x8c,
    0x3, 0xff, 0x84, 0xe8, 0x7, 0x20, 0x1f, 0xfc,
    0x23, 0x80, 0x1e, 0x0, 0xff, 0xe1, 0xe, 0x80,
    0x2c, 0x80, 0x3f, 0xf8, 0x54, 0x20, 0xea, 0x1,
    0xff, 0xc2, 0x74, 0x3, 0x80, 0xf, 0xfe, 0x11,
    0xc0, 0xe, 0x80, 0x7f, 0xf0, 0x87, 0x40, 0x14,
    0x20, 0x1f, 0xfc, 0x2a, 0x10, 0x74, 0x0, 0xff,
    0xe1, 0x3a, 0x1, 0xc0, 0x7, 0xff, 0x8, 0xa0,
    0x7, 0x40, 0x3f, 0xf8, 0xd4, 0x20, 0x1f, 0xfc,
    0x57, 0x40, 0xf, 0xf9, 0xdc, 0xa0, 0x11, 0xc0,
    0x7, 0xff, 0x2, 0x21, 0xa0, 0x1, 0xd0, 0xf,
    0xfe, 0x1e, 0x7f, 0xb8, 0x40, 0x3f, 0xd9, 0xf0,
    0x0, 0x40, 0xf, 0xfe, 0x26, 0x2, 0x0, 0x7f,
    0xf1, 0x54, 0x34, 0x3, 0xff, 0x88, 0x42, 0xe,
    0x1, 0xff, 0xc5, 0x78, 0x10,

    /* U+048B "ҋ" */
    0x0, 0x9d, 0xc0, 0x1c, 0xd0, 0x1, 0xfd, 0x70,
    0x80, 0x11, 0xcb, 0x0, 0x7f, 0x78, 0x5d, 0xa6,
    0xf0, 0x2c, 0x3, 0xf8, 0xf5, 0x54, 0xca, 0xac,
    0x50, 0xf, 0xf1, 0x57, 0x7f, 0x51, 0x80, 0x7f,
    0xf3, 0x5b, 0xfc, 0x80, 0x1f, 0xf, 0x7e, 0x80,
    0x7f, 0xf0, 0xb4, 0x40, 0x3f, 0xf8, 0x74, 0x60,
    0x1f, 0xfc, 0x38, 0x50, 0xf, 0xfe, 0x1a, 0xb8,
    0x18, 0x80, 0x7f, 0xf0, 0xe, 0x80, 0x74, 0xc0,
    0x3f, 0xe1, 0xd0, 0x6, 0x8, 0x7, 0xff, 0x3,
    0x44, 0x2c, 0x80, 0x3f, 0xf8, 0x14, 0x61, 0x8,
    0x1, 0xff, 0xc0, 0x85, 0x5, 0x70, 0xf, 0xfe,
    0x7, 0x38, 0x1d, 0x0, 0x7f, 0xf0, 0x54, 0x7,
    0x40, 0x3f, 0xf8, 0x98, 0x20, 0x1c, 0x60, 0x6a,
    0xa0, 0xe, 0xa2, 0x0, 0xf0, 0x80, 0xd5, 0x80,
    0x68, 0x50, 0xf, 0xf9, 0x1, 0xbf, 0xce, 0x1,
    0xfb, 0xfc, 0x21, 0xe0, 0x1f, 0xfc, 0x23, 0x10,
    0x50, 0xf, 0xfe, 0x12, 0x2, 0x0, 0x0,

    /* U+048C "Ҍ" */
    0x0, 0x93, 0xfd, 0x0, 0x1f, 0xfe, 0x92, 0xff,
    0x58, 0x1, 0xff, 0xfa, 0x0, 0x3f, 0xf9, 0xe5,
    0xdc, 0xb0, 0x3, 0x77, 0x74, 0x0, 0x7e, 0x11,
    0x0, 0x42, 0x3e, 0x0, 0xff, 0xeb, 0x3f, 0xff,
    0xdb, 0x26, 0x1, 0xff, 0xc5, 0x26, 0xc9, 0x0,
    0xfc, 0xb9, 0x9d, 0x72, 0xa0, 0x6, 0x80, 0xf,
    0x88, 0xcf, 0x91, 0xaa, 0xc0, 0xe, 0x20, 0x1f,
    0xfc, 0x34, 0x60, 0x3, 0x80, 0x7f, 0xf1, 0x30,
    0x1, 0xc0, 0x1f, 0xfc, 0x41, 0x0, 0x8, 0x7,
    0xff, 0x10, 0x40, 0x2, 0x1, 0xff, 0xc4, 0xf0,
    0x6, 0x0, 0x7f, 0xf0, 0xd5, 0x40, 0x28, 0x1,
    0xe2, 0x33, 0xf3, 0x5d, 0x0, 0x2c, 0x3, 0xe5,
    0xcc, 0xf4, 0xa0, 0x2, 0x94, 0x3, 0xff, 0x84,
    0x29, 0x1c, 0xa0, 0x0,

    /* U+048D "ҍ" */
    0x0, 0xa3, 0xfc, 0x60, 0x1f, 0xfc, 0xf6, 0xff,
    0x38, 0x3, 0x3f, 0xf5, 0x0, 0x7f, 0xf2, 0x9b,
    0xfc, 0xe0, 0xc, 0xff, 0xd4, 0x1, 0xff, 0xd0,
    0xcf, 0xfe, 0xc8, 0x10, 0xf, 0xfe, 0x11, 0xbf,
    0x90, 0x7, 0xd9, 0xff, 0xb5, 0xc0, 0x78, 0x3,
    0xff, 0x80, 0x50, 0x80, 0x62, 0x1, 0xff, 0xc1,
    0x20, 0x1, 0x80, 0x7f, 0xf0, 0x50, 0x0, 0x40,
    0x1f, 0xe1, 0x4b, 0x20, 0x50, 0xf, 0xb3, 0xfe,
    0xeb, 0x40, 0x3b, 0x0, 0xff, 0xe0, 0xa, 0x4e,
    0x8, 0x0,

    /* U+048E "Ҏ" */
    0xff, 0xfe, 0xda, 0x50, 0xf, 0xfe, 0x9, 0x2d,
    0x72, 0x0, 0x61, 0x88, 0xf2, 0x88, 0xd, 0xa0,
    0x4, 0x6e, 0xfe, 0xae, 0x70, 0x5, 0x0, 0x7f,
    0xf0, 0x21, 0x40, 0x58, 0x3, 0xff, 0x81, 0x0,
    0xd, 0x0, 0xfc, 0x20, 0x11, 0x0, 0x18, 0x3,
    0xc3, 0x9a, 0x1, 0x84, 0x3, 0xf8, 0x8e, 0x40,
    0x2, 0x20, 0x10, 0xf, 0xe, 0x83, 0x28, 0x38,
    0x1, 0x0, 0x3e, 0x38, 0xb, 0x48, 0x0, 0x58,
    0x7, 0xe7, 0x31, 0xb1, 0x6, 0x30, 0x1, 0x7f,
    0xf8, 0xc0, 0x25, 0x90, 0xf, 0xfe, 0x17, 0x0,
    0x61, 0x99, 0xea, 0xbe, 0x80, 0xa1, 0x0, 0x8d,
    0x9b, 0x95, 0x5, 0xd0, 0x74, 0x3, 0xff, 0x83,
    0x42, 0x68, 0x1, 0xff, 0xc0, 0x1d, 0xb4, 0x0,
    0xff, 0xe0, 0x9a, 0x0, 0x7f, 0xf1, 0x40,

    /* U+048F "ҏ" */
    0x6f, 0xf1, 0x81, 0xd7, 0x7f, 0xb6, 0x4, 0x3,
    0xf3, 0xe2, 0x88, 0x0, 0x9f, 0x94, 0x3, 0xd7,
    0x0, 0xb3, 0x28, 0x20, 0x5, 0x28, 0x7, 0x38,
    0xe5, 0x33, 0x1f, 0x64, 0x1, 0x42, 0x1, 0xd8,
    0x60, 0x1c, 0xd0, 0x0, 0x90, 0xc, 0xa4, 0x1,
    0xf3, 0x80, 0x10, 0x3, 0x60, 0x7, 0xf2, 0x1,
    0x80, 0x62, 0x0, 0xfe, 0x10, 0xf, 0x10, 0x7,
    0x11, 0x80, 0x4, 0x3, 0xd8, 0x1, 0x8b, 0x74,
    0x20, 0xa0, 0x60, 0x19, 0x48, 0x2, 0x25, 0x1d,
    0x71, 0x4, 0x0, 0xef, 0x20, 0xa, 0x88, 0xe0,
    0x1, 0x20, 0x19, 0x4b, 0x69, 0x98, 0xe0, 0x1a,
    0x84, 0x3, 0x7c, 0x82, 0xcc, 0xa0, 0x80, 0x26,
    0x0, 0xf3, 0x6b, 0x10, 0x0, 0x9d, 0xc1, 0xa2,
    0x1, 0xe2, 0x9d, 0xff, 0x6c, 0x41, 0x45, 0xc0,
    0x3f, 0xf8, 0x55, 0x6c, 0x1, 0xff, 0xc3, 0x40,
    0xf, 0xfe, 0xc0,

    /* U+0490 "Ґ" */
    0x0, 0xff, 0x2c, 0x38, 0x7, 0xfb, 0xde, 0x40,
    0x3f, 0xf9, 0xdf, 0xff, 0xe5, 0x0, 0xff, 0xe2,
    0x8c, 0x47, 0xf8, 0x0, 0x6e, 0xff, 0xcc, 0x1,
    0xff, 0xff, 0x0, 0xff, 0xff, 0x80, 0x7f, 0xfb,
    0x80,

    /* U+0491 "ґ" */
    0x0, 0xfd, 0x5f, 0xc0, 0x1f, 0xfc, 0xa6, 0xff,
    0xf9, 0x40, 0x3f, 0xf8, 0x8f, 0x55, 0xeb, 0x0,
    0xb1, 0x57, 0xe0, 0xf, 0xff, 0xf8, 0x7, 0xff,
    0x88,

    /* U+0492 "Ғ" */
    0x0, 0x8f, 0xff, 0xff, 0x81, 0x40, 0x1f, 0xfc,
    0xb4, 0x88, 0xfe, 0xe0, 0xf, 0x1b, 0xbf, 0xf2,
    0x0, 0x7f, 0xff, 0xc0, 0x3f, 0xe1, 0x13, 0x80,
    0x4, 0x7f, 0x80, 0x5, 0xdc, 0xb0, 0x3, 0x77,
    0x7d, 0xa0, 0x1f, 0xfc, 0x72, 0xff, 0x60, 0x1,
    0xff, 0xfe, 0xc0, 0xf, 0xff, 0xf8, 0x7, 0xff,
    0x88,

    /* U+0493 "ғ" */
    0x0, 0x7f, 0xff, 0xc0, 0x1f, 0xfc, 0x52, 0xaa,
    0xfc, 0x1, 0x99, 0x57, 0xf0, 0x7, 0xff, 0xa3,
    0x3c, 0x0, 0x9f, 0xfe, 0x10, 0x71, 0x0, 0x84,
    0x7e, 0xb, 0xe0, 0x2, 0x77, 0x78, 0x3, 0xff,
    0xd4,

    /* U+0494 "Ҕ" */
    0xff, 0xff, 0xe0, 0xb8, 0x7, 0xff, 0x20, 0x62,
    0x3f, 0xc8, 0x1, 0x8d, 0xdf, 0xfc, 0x60, 0x1f,
    0xff, 0xc3, 0x55, 0x18, 0x7, 0xf2, 0xdf, 0xe5,
    0x53, 0x3e, 0x44, 0x3, 0x8a, 0x90, 0x3, 0xcd,
    0xe6, 0x1, 0xe6, 0xbe, 0xfe, 0xa2, 0x1, 0xd1,
    0x0, 0x87, 0xa5, 0x4, 0x5, 0x75, 0x0, 0x6c,
    0x2, 0x31, 0x0, 0xfa, 0x80, 0xa, 0x1, 0xff,
    0xc0, 0x15, 0x0, 0x20, 0x7, 0xff, 0x3, 0x40,
    0x2, 0x1, 0xff, 0xc0, 0x10, 0xf, 0xfe, 0x1f,
    0x0, 0x4, 0x3, 0xff, 0x80, 0xa0, 0x4, 0x0,
    0xff, 0x94, 0x81, 0x3, 0xfd, 0xa0, 0x1f, 0x25,
    0x0, 0x20, 0x3, 0xe4, 0x56, 0xbb, 0x0, 0x20,
    0xc0, 0x3e, 0x8a, 0x94, 0x0, 0x43, 0x80, 0x7e,
    0x20, 0x0, 0xb6, 0xb8, 0x7, 0xf7, 0x7f, 0xba,
    0x48, 0x3, 0x0,

    /* U+0495 "ҕ" */
    0x6f, 0xff, 0xf1, 0x80, 0x7f, 0xf2, 0x5e, 0xab,
    0xe2, 0x0, 0xf6, 0x2a, 0xfc, 0x20, 0x1f, 0xfd,
    0xc1, 0x0, 0xff, 0x1c, 0x6f, 0xf7, 0xec, 0x8,
    0x7, 0xa1, 0xc8, 0x2, 0x27, 0xf3, 0x0, 0xf1,
    0xc5, 0xda, 0x48, 0x7, 0x44, 0x3, 0x4e, 0x3a,
    0x21, 0xb5, 0x40, 0x60, 0x3, 0x10, 0x7, 0xa8,
    0x41, 0xc0, 0x3f, 0xf8, 0x8, 0x2, 0x20, 0xf,
    0xf8, 0xc0, 0x6, 0x1, 0xff, 0x18, 0x0, 0xdb,
    0xfc, 0x80, 0x1f, 0x20, 0x8, 0x80, 0x3f, 0xce,
    0x20, 0xe0, 0x1f, 0xc3, 0x10, 0x0, 0x58, 0x7,
    0xa7, 0x75, 0xce, 0x0, 0xa2, 0x0, 0xf2, 0x11,
    0x0, 0x5, 0x8a, 0x1, 0xf5, 0x33, 0x23, 0x34,
    0xc0, 0x20,

    /* U+0496 "Җ" */
    0xa, 0xff, 0x20, 0x7, 0xef, 0xf6, 0x0, 0x7e,
    0x7f, 0xf3, 0x80, 0x56, 0x0, 0x90, 0xf, 0xfe,
    0x30, 0xc0, 0x13, 0x80, 0x43, 0x0, 0x4e, 0x1,
    0xff, 0xc5, 0xb0, 0x4, 0x80, 0x73, 0x90, 0x40,
    0x80, 0x7f, 0xf0, 0xd1, 0x41, 0x50, 0x3, 0xd2,
    0x0, 0xb0, 0xf, 0xfe, 0x1c, 0x80, 0x2c, 0x3,
    0xe4, 0x50, 0x53, 0x0, 0xff, 0xe0, 0xb9, 0x4,
    0x8, 0x7, 0xeb, 0x0, 0x70, 0x7, 0xff, 0x0,
    0x60, 0x9, 0xc0, 0x3f, 0x86, 0x40, 0x98, 0x3,
    0xfe, 0x80, 0x4, 0x80, 0x7f, 0xcc, 0x61, 0x2,
    0x1, 0xfc, 0x6c, 0xa, 0x80, 0x1f, 0xfc, 0xf,
    0x1, 0xef, 0xf8, 0x0, 0x7f, 0xf6, 0x0, 0x2c,
    0x3, 0xff, 0x82, 0xa0, 0x1f, 0xfc, 0x33, 0x0,
    0xff, 0xe0, 0xc, 0x0, 0x1e, 0x22, 0x0, 0xc,
    0x44, 0xc0, 0xe, 0x0, 0xff, 0xe0, 0x58, 0x83,
    0x43, 0xbc, 0x0, 0x27, 0x7a, 0x4c, 0xd, 0xc0,
    0x3f, 0xc8, 0xa0, 0x30, 0x1, 0xff, 0x70, 0x2,
    0x8, 0x3, 0xfa, 0x80, 0x16, 0x20, 0x1f, 0xf1,
    0x38, 0x2, 0x40, 0x3f, 0x48, 0x82, 0x28, 0x7,
    0xff, 0x6, 0x8, 0x11, 0x80, 0x3c, 0x6c, 0x0,
    0xa0, 0xf, 0xfe, 0x1f, 0x0, 0x20, 0x40, 0x3b,
    0x80, 0x12, 0x20, 0x1f, 0xfc, 0x33, 0x60, 0x1a,
    0x77, 0x18, 0x41, 0x1, 0xb0, 0x7, 0xff, 0x16,
    0x4, 0x12, 0x21, 0x64, 0xe0, 0xe, 0x0, 0xff,
    0xe3, 0xd, 0x80, 0x71, 0x7f, 0xc4, 0x1, 0xfb,
    0xfd, 0x80, 0x1f, 0x97, 0xf8, 0x3, 0xff, 0xfe,
    0x1, 0xff, 0xe0, 0x17, 0x76, 0x0,

    /* U+0497 "җ" */
    0xe, 0xfd, 0x0, 0xf3, 0xff, 0x8c, 0x3, 0x8f,
    0xfd, 0x60, 0x15, 0x81, 0x40, 0x7, 0xff, 0xb,
    0xc0, 0x14, 0x1, 0x2a, 0x3, 0x90, 0x7, 0xff,
    0x1, 0x8c, 0x20, 0x40, 0x35, 0x0, 0x24, 0x3,
    0xfe, 0x18, 0x2, 0x70, 0xe, 0x18, 0x4, 0x50,
    0xf, 0xf4, 0x8, 0x70, 0x7, 0xce, 0x41, 0x60,
    0x1f, 0xc6, 0xc0, 0xc6, 0x1, 0xfb, 0x80, 0x65,
    0x11, 0xa0, 0x4, 0x4b, 0xc0, 0x60, 0x3, 0xf8,
    0xd0, 0x1a, 0xec, 0xa0, 0x8, 0xbb, 0x18, 0x48,
    0x80, 0x7f, 0x1a, 0x0, 0x7f, 0xf0, 0x24, 0x3,
    0xfd, 0xc0, 0xb, 0xff, 0x40, 0x3, 0x3f, 0xce,
    0x3, 0x40, 0x1f, 0xa0, 0x81, 0x90, 0x3, 0xf4,
    0x10, 0x2a, 0x80, 0x3c, 0x8e, 0x3, 0x20, 0x1f,
    0xee, 0x0, 0x58, 0x80, 0x75, 0x0, 0x28, 0x3,
    0xfe, 0x38, 0x1, 0xa4, 0x41, 0x4, 0x88, 0x32,
    0x0, 0x7f, 0xf0, 0x1c, 0xc1, 0x2e, 0xd4, 0x8c,
    0x5, 0x20, 0x1f, 0xfc, 0x2e, 0x0, 0xe4, 0xff,
    0x68, 0x7, 0x9f, 0xfc, 0x60, 0x1c, 0x5f, 0xe1,
    0x0, 0xff, 0xf4, 0x0,

    /* U+0498 "Ҙ" */
    0x0, 0x96, 0x73, 0xbf, 0xdd, 0x6c, 0x20, 0x1d,
    0x1f, 0x4c, 0x62, 0x0, 0x14, 0x9e, 0x60, 0xc,
    0x60, 0x1, 0x57, 0x98, 0x61, 0x0, 0x4b, 0x0,
    0x5a, 0xb9, 0xd5, 0xc, 0xf3, 0xce, 0x0, 0x80,
    0x9, 0xa8, 0xc0, 0x3e, 0x83, 0x1, 0x30, 0xf,
    0xfe, 0xa, 0x0, 0x1c, 0x3, 0xff, 0x82, 0x20,
    0x5, 0x0, 0xff, 0xe0, 0x13, 0x2, 0x8, 0x7,
    0x22, 0x72, 0xce, 0x81, 0x50, 0x7, 0xae, 0xfa,
    0x98, 0x1, 0xc2, 0x1, 0xff, 0xc3, 0xc8, 0x0,
    0xf7, 0xff, 0xb1, 0xc0, 0xe, 0xc0, 0x1f, 0xf1,
    0xc6, 0x0, 0x2c, 0x3, 0xff, 0x82, 0x66, 0x2,
    0x10, 0xf, 0xfe, 0xb, 0x80, 0x61, 0x0, 0xff,
    0x94, 0x4, 0x4d, 0xee, 0x20, 0x1f, 0xd, 0x88,
    0x30, 0x50, 0xc7, 0x64, 0xbb, 0x32, 0x2f, 0x90,
    0xa, 0x3, 0x94, 0x0, 0x6d, 0x13, 0x27, 0x40,
    0x2, 0xe0, 0x0, 0xab, 0xa1, 0x8, 0x2, 0x13,
    0x7d, 0xa1, 0x0, 0xc2, 0xf7, 0xa2, 0x9, 0xd9,
    0x4, 0x1, 0xff, 0xeb,

    /* U+0499 "ҙ" */
    0x0, 0x13, 0xe7, 0x7f, 0xb6, 0x94, 0x3, 0x36,
    0xc1, 0x88, 0x0, 0x96, 0xb4, 0x80, 0xa, 0x4,
    0xd3, 0x54, 0x72, 0x2, 0xf0, 0x1, 0xe6, 0xcb,
    0x2a, 0xa3, 0x50, 0x8, 0xc0, 0x6, 0x1, 0xf6,
    0x0, 0x1c, 0x3, 0xf9, 0x64, 0x5, 0x0, 0x35,
    0x7f, 0xea, 0x11, 0x68, 0x7, 0x8, 0x7, 0xac,
    0xc0, 0x3a, 0xff, 0xee, 0xa2, 0xab, 0x0, 0xfe,
    0x15, 0xe0, 0x48, 0x0, 0xff, 0x10, 0x0, 0xc1,
    0x90, 0x3, 0xe8, 0x0, 0x10, 0x45, 0xec, 0xb2,
    0xa9, 0xf5, 0x80, 0x16, 0x2a, 0x4, 0xd3, 0x54,
    0x82, 0x1, 0xb2, 0x1b, 0xd7, 0x31, 0x0, 0xa,
    0x4f, 0x20, 0x4, 0x51, 0x9a, 0x0, 0xbb, 0x30,
    0x7, 0xff, 0x4c,

    /* U+049A "Қ" */
    0xff, 0x60, 0x7, 0xf2, 0x7f, 0xac, 0x3, 0xff,
    0x85, 0x40, 0x34, 0x1, 0xff, 0xc1, 0xa1, 0xb,
    0x10, 0xf, 0xfe, 0x2, 0xa8, 0x15, 0x40, 0x1f,
    0xfc, 0x1, 0xb0, 0x2a, 0x0, 0xff, 0xe0, 0xd8,
    0x87, 0x0, 0x7f, 0xf0, 0x59, 0x41, 0xcc, 0x3,
    0xff, 0x80, 0x52, 0x7, 0x0, 0x1f, 0xfc, 0x19,
    0x0, 0x70, 0x7, 0xf1, 0xff, 0xe4, 0x9, 0x20,
    0xf, 0xfe, 0x20, 0x80, 0x7f, 0x86, 0x23, 0x0,
    0x20, 0xc0, 0x3f, 0x89, 0xdf, 0x50, 0x3, 0x80,
    0x3f, 0xf8, 0x4a, 0xc0, 0x54, 0x1, 0xff, 0xc2,
    0x92, 0x5, 0x60, 0xf, 0xfe, 0x17, 0x80, 0x24,
    0x80, 0x3f, 0xf8, 0x25, 0x40, 0xf, 0x0, 0xff,
    0xe1, 0x2a, 0x80, 0xad, 0xdc, 0xa0, 0x1f, 0xf5,
    0x10, 0x24, 0x42, 0x40, 0x3f, 0xf8, 0x1e, 0x1,
    0xdf, 0xec, 0x0, 0xfe, 0x2f, 0xf1, 0x0, 0x7f,
    0xfe, 0xed, 0xe8,

    /* U+049B "қ" */
    0x6f, 0xf2, 0x0, 0x78, 0xbf, 0xd6, 0x1, 0xff,
    0xc0, 0xe0, 0x1a, 0x0, 0xff, 0xa4, 0xc2, 0x84,
    0x3, 0xfc, 0x8c, 0xe, 0x80, 0x1f, 0xe1, 0xa0,
    0x38, 0x0, 0xff, 0xa8, 0x45, 0xa0, 0x1f, 0xb1,
    0x11, 0x8, 0x14, 0x20, 0x1f, 0x9e, 0xec, 0xe0,
    0x88, 0x0, 0xff, 0xe1, 0x22, 0x0, 0x3f, 0xaf,
    0xfd, 0x80, 0xb, 0x20, 0xf, 0xf8, 0xe8, 0x1,
    0xe0, 0x1f, 0xfc, 0x5, 0x70, 0x2b, 0x0, 0xff,
    0xe0, 0x42, 0x2, 0x4a, 0x20, 0xc0, 0x3f, 0xac,
    0x81, 0xae, 0xd2, 0x1, 0xfe, 0xf1, 0x0, 0xcd,
    0xfe, 0x40, 0xf, 0x17, 0x79, 0x80, 0x7f, 0xf5,
    0x80,

    /* U+049C "Ҝ" */
    0xff, 0x60, 0x7, 0xfa, 0x7f, 0xcc, 0x1, 0xff,
    0xc1, 0x36, 0x4, 0x60, 0xf, 0xfe, 0xf, 0x0,
    0x24, 0x3, 0xff, 0x82, 0xe4, 0x10, 0x40, 0x1f,
    0xfc, 0x1, 0x80, 0x27, 0x0, 0xf9, 0x3f, 0x40,
    0x2a, 0x0, 0x70, 0x7, 0xff, 0x5, 0x10, 0xc,
    0x60, 0x1f, 0xfc, 0x1a, 0x1, 0x90, 0xf, 0xfe,
    0xc, 0x8, 0x58, 0x7, 0xe3, 0xfb, 0x2, 0xf7,
    0x4, 0x50, 0xf, 0xfe, 0x23, 0x80, 0x7f, 0xc,
    0x30, 0xc, 0x10, 0x1b, 0x80, 0x7e, 0x27, 0xd0,
    0x37, 0xf0, 0x4, 0x10, 0x7, 0xff, 0x4, 0xa0,
    0x1, 0xc0, 0x1f, 0xfc, 0x27, 0x30, 0x37, 0x0,
    0xfc, 0xb5, 0x20, 0x17, 0x0, 0x20, 0x80, 0x3e,
    0x15, 0x40, 0x8, 0xa4, 0x1, 0xe0, 0x1f, 0xfc,
    0x26, 0x40, 0x28, 0x0, 0xff, 0xe1, 0x48, 0x1,
    0xcc, 0x3, 0xff, 0x82, 0x52, 0x0, 0xe0,

    /* U+049D "ҝ" */
    0x7f, 0xf1, 0x80, 0x7d, 0x5f, 0xe2, 0x0, 0xff,
    0x22, 0x83, 0x90, 0x7, 0xfa, 0x80, 0xa0, 0x3,
    0x85, 0x8, 0x1, 0x2, 0x1c, 0x1, 0xe4, 0xb8,
    0x3, 0x70, 0x63, 0x0, 0xff, 0x78, 0xc, 0x80,
    0x79, 0x34, 0x6, 0xc, 0x28, 0x3, 0xe8, 0x70,
    0x47, 0x3, 0x40, 0xf, 0xfe, 0x9, 0xa0, 0x7,
    0xd9, 0x40, 0xb8, 0x0, 0xa1, 0x0, 0xff, 0x1c,
    0x0, 0xd8, 0x7, 0xcc, 0xb8, 0xe, 0x80, 0xac,
    0x1, 0xe3, 0xa6, 0x0, 0x50, 0x84, 0x90, 0x7,
    0xf8, 0x6c, 0x1, 0xc0, 0x1f, 0xf2, 0xa8, 0xe,
    0x0,

    /* U+049E "Ҟ" */
    0x0, 0x97, 0xfc, 0xc0, 0x1f, 0xd5, 0xfe, 0x50,
    0xf, 0xfe, 0x22, 0xa8, 0x15, 0x40, 0x1f, 0xfc,
    0x31, 0xb0, 0x1b, 0x0, 0xbf, 0xd4, 0x0, 0x9f,
    0xfc, 0x40, 0xa, 0x10, 0xa1, 0x0, 0xff, 0xe1,
    0xb2, 0x3, 0xa0, 0x6, 0xff, 0x50, 0x2, 0x7f,
    0xf1, 0x12, 0x40, 0xa0, 0x3, 0xff, 0x89, 0xc0,
    0xf, 0x0, 0xff, 0xe2, 0x39, 0x84, 0x10, 0x7,
    0xff, 0xc, 0xa0, 0x11, 0xc0, 0x3f, 0xf8, 0x13,
    0xff, 0x68, 0xd, 0x0, 0x7f, 0xf1, 0xc4, 0xc0,
    0x3f, 0xf8, 0x2b, 0x11, 0x30, 0x3, 0x80, 0x3f,
    0xf8, 0x38, 0xef, 0x4a, 0x1, 0xc0, 0x7, 0xff,
    0x16, 0x84, 0x1d, 0x0, 0x3f, 0xf8, 0x83, 0xa0,
    0xa, 0x10, 0xf, 0xfe, 0x21, 0xc0, 0xd, 0x0,
    0x7f, 0xf1, 0x5d, 0x1, 0x1c, 0x3, 0xff, 0x8b,
    0x42, 0x10, 0x60, 0x1f, 0xfc, 0x41, 0xa0, 0x6,
    0x88, 0x7, 0xff, 0x11, 0x1c, 0x6, 0xc0,

    /* U+049F "ҟ" */
    0x0, 0x37, 0xf9, 0x40, 0x3f, 0xfa, 0x1d, 0xc9,
    0x0, 0x57, 0x75, 0x0, 0x1f, 0x8, 0x80, 0x30,
    0x8e, 0x0, 0xfb, 0xfd, 0x20, 0xa, 0xff, 0xa4,
    0x3, 0xff, 0xb0, 0x5f, 0xeb, 0x0, 0xff, 0xe0,
    0xf8, 0xd, 0x0, 0x7f, 0xf0, 0x24, 0x82, 0x84,
    0x3, 0xfe, 0x56, 0x7, 0x40, 0xf, 0xf8, 0x6c,
    0xe, 0x0, 0x3f, 0xf8, 0x1a, 0x22, 0xd0, 0xf,
    0xed, 0x44, 0x49, 0x85, 0x8, 0x7, 0xf3, 0xdd,
    0x98, 0x15, 0x0, 0x3f, 0xf8, 0x6a, 0x80, 0x1f,
    0xea, 0xff, 0x60, 0x2, 0x88, 0x3, 0xff, 0x80,
    0x72, 0x3, 0xe0, 0x1f, 0xfc, 0x16, 0x60, 0x15,
    0x0, 0x7f, 0xf0, 0x65, 0x1, 0x5c, 0x3, 0xff,
    0x83, 0x44, 0x10, 0x80, 0x1f, 0xfc, 0x1, 0xf0,
    0x5, 0x90,

    /* U+04A0 "Ҡ" */
    0xaf, 0xff, 0xc0, 0x1f, 0xc3, 0xdf, 0xc2, 0x1,
    0xff, 0xc6, 0xa1, 0xa, 0x1e, 0x88, 0xe2, 0x0,
    0xff, 0x32, 0x3, 0x20, 0x23, 0xbf, 0x30, 0x7,
    0xf1, 0x48, 0x14, 0x80, 0x7f, 0xf1, 0xb8, 0x1,
    0xc0, 0x1f, 0xfc, 0x67, 0x30, 0x83, 0x0, 0xff,
    0xe2, 0x94, 0x1, 0xb8, 0x7, 0xff, 0x1b, 0x80,
    0x1c, 0x1, 0xff, 0xc6, 0x83, 0xa, 0x20, 0xf,
    0xfe, 0x17, 0xfe, 0x70, 0x55, 0x0, 0x7f, 0xf2,
    0x44, 0x3, 0xff, 0x89, 0x11, 0x88, 0x11, 0xc0,
    0x3f, 0xf8, 0x6e, 0xfb, 0xc0, 0x10, 0x60, 0x1f,
    0xfc, 0x62, 0xa0, 0x7, 0x0, 0x7f, 0xf1, 0xd5,
    0x80, 0xa8, 0x3, 0xff, 0x8f, 0x26, 0xa, 0xc0,
    0x1f, 0xfc, 0x7e, 0x0, 0x49, 0x0, 0x7f, 0xf1,
    0x8a, 0x80, 0x1e, 0x1, 0xff, 0xc7, 0x56, 0x2,
    0x90, 0xf, 0xfe, 0x3c, 0x90, 0x32, 0x80,

    /* U+04A1 "ҡ" */
    0xef, 0xff, 0x38, 0x7, 0x8b, 0xfd, 0x80, 0x1f,
    0xfc, 0x3e, 0x1, 0xd0, 0xaa, 0xcc, 0x0, 0x10,
    0xe, 0x83, 0xb, 0x10, 0x45, 0x5b, 0x0, 0x6,
    0x1, 0x91, 0xc1, 0x94, 0x3, 0xff, 0x82, 0x34,
    0x7, 0x20, 0x1f, 0xfc, 0x2a, 0x10, 0xe0, 0xf,
    0xfb, 0x51, 0x10, 0x81, 0x44, 0x1, 0xff, 0x3d,
    0xd9, 0xc0, 0xd4, 0x3, 0xff, 0x8a, 0x6a, 0x1,
    0xff, 0xc0, 0xaf, 0xf6, 0x80, 0x28, 0x80, 0x3f,
    0xf8, 0x45, 0x40, 0xf, 0x10, 0xf, 0xfe, 0x12,
    0xc0, 0x15, 0x0, 0x7f, 0xf0, 0xdd, 0x41, 0x20,
    0x3, 0xff, 0x87, 0x46, 0xe, 0xa0, 0x1f, 0xfc,
    0x3d, 0x10, 0xa3,

    /* U+04A2 "Ң" */
    0xff, 0x68, 0x7, 0xfd, 0xdf, 0xc0, 0x1f, 0xff,
    0xf0, 0xf, 0xff, 0xf8, 0x7, 0xff, 0xc, 0xbf,
    0xff, 0xe1, 0x0, 0xff, 0xe7, 0x8c, 0x47, 0xfc,
    0x1, 0xf8, 0xdd, 0xff, 0xe1, 0x0, 0xff, 0xff,
    0x80, 0x7f, 0xf3, 0x85, 0xdc, 0xc0, 0x1f, 0xfc,
    0x58, 0x84, 0x80, 0x7f, 0xf2, 0x3f, 0xda, 0x1,
    0xff, 0x77, 0xf9, 0x80, 0x3f, 0xff, 0xe0, 0x1b,
    0x5e, 0x0,

    /* U+04A3 "ң" */
    0x6f, 0xf2, 0x0, 0x7c, 0x9f, 0xe7, 0x0, 0xff,
    0xff, 0x80, 0x7f, 0xf0, 0xf1, 0x57, 0xe3, 0x0,
    0xfc, 0xf5, 0x5f, 0x40, 0x7, 0xff, 0x36, 0xff,
    0xfe, 0xb0, 0xf, 0xff, 0x4e, 0xaa, 0x0, 0x7f,
    0xf0, 0x96, 0xa0, 0x3, 0xff, 0x8a, 0xdf, 0xe4,
    0x0, 0xf9, 0x3f, 0xc6, 0x1, 0xff, 0xd8,

    /* U+04A4 "Ҥ" */
    0xff, 0x68, 0x7, 0xfd, 0xdf, 0xff, 0xfc, 0x1,
    0x0, 0xff, 0xe7, 0x88, 0x7, 0xff, 0x16, 0x23,
    0xfc, 0x1, 0xff, 0xc6, 0x77, 0xff, 0x0, 0x7f,
    0xff, 0xc0, 0x3f, 0xff, 0x5, 0xff, 0xff, 0x8,
    0x7, 0xff, 0x7c, 0x62, 0x3f, 0xe0, 0xf, 0xfe,
    0x21, 0xbb, 0xff, 0xc2, 0x1, 0xff, 0xff, 0x0,
    0xff, 0xff, 0x80, 0x7f, 0xfb, 0xc0,

    /* U+04A5 "ҥ" */
    0x6f, 0xf2, 0x0, 0x7c, 0x9f, 0xff, 0xea, 0x0,
    0xff, 0xec, 0xad, 0x57, 0xd2, 0x1, 0xff, 0xc2,
    0x25, 0x5f, 0x8c, 0x3, 0xff, 0xcb, 0x8a, 0xbf,
    0x18, 0x7, 0xff, 0x9, 0xea, 0xbe, 0x80, 0xf,
    0xfe, 0xcd, 0xff, 0xfd, 0x60, 0x1f, 0xff, 0xf0,
    0xf, 0xff, 0x38,

    /* U+04A6 "Ҧ" */
    0xff, 0xff, 0xe2, 0x80, 0x7f, 0xf8, 0x46, 0x23,
    0xfe, 0x10, 0xf, 0xfe, 0x29, 0xbb, 0xff, 0xc6,
    0x1, 0xff, 0xff, 0x0, 0xff, 0xff, 0x80, 0x71,
    0xaa, 0x8c, 0x3, 0xff, 0x96, 0xb7, 0xf9, 0x54,
    0xcf, 0xa1, 0x0, 0xff, 0xe4, 0x52, 0x0, 0x79,
    0x79, 0x0, 0x3f, 0xf9, 0xb, 0x5d, 0xfd, 0x44,
    0x0, 0xb2, 0x0, 0xff, 0xe3, 0x6d, 0x28, 0x80,
    0xae, 0xa8, 0x2, 0x0, 0x3f, 0xf8, 0xc4, 0x1,
    0xf5, 0x8, 0x28, 0x80, 0x7f, 0xf3, 0x9c, 0x0,
    0xa0, 0x1f, 0xfc, 0xef, 0x0, 0x8, 0x7, 0xff,
    0xb3, 0x80, 0x2, 0x1, 0xff, 0xce, 0x40, 0x2,
    0x80, 0x7f, 0xf3, 0x50, 0xc1, 0x7, 0xfd, 0xa0,
    0x1f, 0xf6, 0xff, 0x80, 0x3e, 0x3a, 0x0, 0x40,
    0x7, 0xff, 0x25, 0x15, 0xab, 0x4, 0x20, 0xc0,
    0x3f, 0xf9, 0x3f, 0x52, 0xa0, 0x8, 0x70, 0xf,
    0xfe, 0x53, 0x0, 0x5, 0xb5, 0xc0, 0x3f, 0xf9,
    0x7b, 0xfe, 0xe9, 0x20, 0xc,

    /* U+04A7 "ҧ" */
    0x6f, 0xff, 0xfe, 0x8, 0x7, 0xff, 0x6d, 0xea,
    0xbe, 0x20, 0xf, 0xfe, 0x26, 0x2a, 0xfc, 0xc0,
    0x1f, 0xff, 0xf0, 0xf, 0x8, 0x7, 0xff, 0x21,
    0x6b, 0xbf, 0xbe, 0xd0, 0x3, 0xff, 0x8b, 0x4a,
    0x20, 0x12, 0x5d, 0x0, 0x7f, 0xf1, 0x5a, 0x6e,
    0xce, 0x0, 0x59, 0x0, 0xff, 0xe1, 0xfc, 0xb2,
    0x22, 0x34, 0x41, 0x88, 0x3, 0xff, 0x90, 0x50,
    0x0, 0xa0, 0xf, 0xfe, 0x4b, 0x80, 0xc, 0x3,
    0xff, 0x92, 0x20, 0x7, 0x0, 0xff, 0xe6, 0x3b,
    0x7f, 0x90, 0x3, 0xeb, 0xff, 0x0, 0x7c, 0xa0,
    0x3, 0x0, 0xff, 0xe4, 0xc0, 0x2, 0xc0, 0x3f,
    0xf8, 0xe7, 0x84, 0xa, 0x60, 0x1f, 0xfc, 0x31,
    0xed, 0xec, 0x30, 0x2b, 0x0, 0xff, 0xe2, 0x20,
    0x90, 0x80, 0x1b, 0x44, 0x3, 0xff, 0x88, 0xce,
    0xcf, 0x3d, 0x20, 0x10,

    /* U+04A8 "Ҩ" */
    0x0, 0xc7, 0x8a, 0x1, 0xe6, 0xbe, 0xff, 0x63,
    0x80, 0x7e, 0x4c, 0x3a, 0x50, 0x8, 0xb6, 0x50,
    0x40, 0x7, 0x1c, 0x60, 0x1c, 0x56, 0x0, 0xa5,
    0x0, 0x16, 0x10, 0xb, 0x3b, 0x8, 0xe, 0x18,
    0x6, 0xe0, 0x4, 0x28, 0x5, 0xc2, 0xb, 0xd3,
    0x13, 0xca, 0x0, 0xe0, 0x9, 0xc, 0xd, 0xc0,
    0x25, 0x30, 0x3a, 0x0, 0xea, 0x30, 0x26, 0x0,
    0x78, 0x2, 0x0, 0x37, 0x0, 0x3c, 0x3, 0xe8,
    0x0, 0x68, 0x1, 0x0, 0x50, 0x3, 0x20, 0x9,
    0x80, 0x7c, 0x80, 0x4, 0x3, 0x0, 0x38, 0x6,
    0x10, 0x2, 0x80, 0x7f, 0x18, 0x4, 0xc0, 0xe,
    0x0, 0xc6, 0x0, 0x10, 0xf, 0xe7, 0x0, 0x9,
    0x80, 0x4, 0x3, 0xe1, 0x0, 0xfe, 0x70, 0x0,
    0x98, 0x0, 0x40, 0x31, 0x0, 0x18, 0x3, 0xf8,
    0x80, 0x81, 0x80, 0x1c, 0x1, 0xc4, 0x4, 0x1,
    0xf8, 0x84, 0x10, 0xc, 0x0, 0x80, 0x1c, 0xa0,
    0x5, 0x0, 0xf9, 0x40, 0x14, 0x0, 0x50, 0x24,
    0x0, 0xd4, 0x0, 0x80, 0xf, 0xa4, 0xc, 0xc0,
    0x9, 0x0, 0x48, 0x6, 0x26, 0x2, 0x70, 0xe,
    0xa1, 0xf, 0x0, 0x8d, 0x40, 0xac, 0x3, 0x49,
    0x4, 0x28, 0x5, 0xa, 0x12, 0x60, 0x1a, 0x88,
    0x13, 0x8, 0x2, 0xf1, 0xa, 0x82, 0xb7, 0x8,
    0x60, 0xf, 0x61, 0x81, 0xed, 0xb1, 0x9a, 0x84,
    0x1f, 0x50, 0x21, 0xc4, 0xd8, 0x40, 0x21, 0xc8,
    0x10, 0x49, 0xce, 0xb1, 0x0, 0xe8, 0xfe, 0xc9,
    0x20, 0xe, 0x7e, 0xa5, 0x20, 0x8, 0x96, 0x69,
    0x48, 0x2, 0x14, 0x10, 0xf, 0x96, 0xb7, 0xfe,
    0xda, 0x65, 0xad, 0xff, 0xba, 0xc8,

    /* U+04A9 "ҩ" */
    0x0, 0x9f, 0x10, 0x3, 0x2d, 0xf7, 0xf5, 0xa8,
    0x7, 0x4c, 0x1c, 0x8, 0x2, 0xe9, 0x4, 0x5,
    0x2a, 0xc0, 0x25, 0x60, 0x3c, 0x10, 0xa4, 0x2,
    0x9a, 0x82, 0x4, 0xa0, 0x5, 0x80, 0x34, 0x0,
    0x6a, 0x9, 0xac, 0xaf, 0xa6, 0xa, 0x68, 0x20,
    0xe2, 0x0, 0xa0, 0x4, 0x80, 0x74, 0x0, 0x2f,
    0x0, 0x16, 0x1, 0x28, 0x11, 0x0, 0x39, 0x0,
    0x4, 0x40, 0x1, 0x80, 0x42, 0x2, 0x1, 0xff,
    0xc5, 0x10, 0x10, 0xf, 0xe2, 0x20, 0x0, 0x80,
    0x26, 0x2, 0x10, 0xe, 0x40, 0x6, 0x68, 0x2,
    0x80, 0x2f, 0x0, 0x30, 0x7, 0x78, 0xa, 0x28,
    0x83, 0x90, 0x1, 0x48, 0x20, 0xc0, 0x26, 0x40,
    0xb0, 0x5, 0x80, 0x30, 0xc0, 0x1c, 0x0, 0xd4,
    0x7, 0x90, 0x65, 0x0, 0x2c, 0x0, 0xe5, 0x21,
    0x48, 0xd, 0xf4, 0x3, 0x41, 0x18, 0x1, 0xe8,
    0x41, 0x6f, 0xa4, 0x2, 0x10, 0x3, 0x76, 0xc0,
    0x4, 0xbd, 0x4a, 0x40, 0x1, 0x36, 0x51, 0x0,
    0x9, 0x18,

    /* U+04AA "Ҫ" */
    0x0, 0xf1, 0x46, 0x77, 0xfb, 0xad, 0x80, 0x3f,
    0xd, 0x6b, 0x98, 0x80, 0x5, 0x27, 0xdc, 0x3,
    0x93, 0xd4, 0x0, 0x4a, 0xee, 0x51, 0x0, 0x45,
    0x80, 0x47, 0x62, 0x7, 0x9b, 0x51, 0xa, 0xea,
    0x10, 0x70, 0xb, 0x40, 0xd, 0x86, 0x1, 0xe5,
    0xf6, 0xc0, 0x4, 0x8, 0x2c, 0x80, 0x7f, 0xc,
    0x80, 0x4c, 0x0, 0xb0, 0xf, 0xfe, 0x12, 0x8,
    0x28, 0x80, 0x7f, 0xf0, 0x88, 0x1, 0x80, 0x1f,
    0xfc, 0x3e, 0x0, 0x10, 0x7, 0xff, 0x5b, 0x80,
    0x4, 0x1, 0xff, 0xc3, 0x20, 0x6, 0x0, 0x7f,
    0xf0, 0xd0, 0x41, 0x44, 0x3, 0xff, 0x86, 0xc0,
    0xb, 0x0, 0xff, 0xe1, 0xc0, 0x82, 0xc8, 0x7,
    0xf0, 0xc8, 0x6, 0xd0, 0x3, 0x61, 0x80, 0x79,
    0x7d, 0xb0, 0x40, 0x7, 0x60, 0x3, 0xcd, 0x98,
    0x85, 0x75, 0x8, 0x30, 0x80, 0x49, 0xa8, 0x0,
    0x26, 0x77, 0x28, 0x80, 0x22, 0x80, 0x38, 0xaf,
    0x5c, 0xc0, 0x21, 0x49, 0xf7, 0x0, 0xfc, 0x51,
    0x8a, 0x0, 0xeb, 0x60, 0xf, 0xff, 0x88,

    /* U+04AB "ҫ" */
    0x0, 0xc9, 0x5b, 0xfe, 0xea, 0x40, 0xe, 0x1b,
    0xb2, 0x90, 0x0, 0x56, 0xe8, 0x2, 0x1c, 0x40,
    0x16, 0x99, 0x30, 0x82, 0xd0, 0x2, 0xc8, 0x17,
    0xa5, 0x99, 0x3e, 0x80, 0x40, 0x6a, 0x7, 0x40,
    0x1c, 0x37, 0x90, 0x16, 0x0, 0x80, 0xf, 0xc6,
    0x0, 0x30, 0x2, 0x0, 0x7f, 0xce, 0x1, 0xff,
    0xc2, 0x70, 0xf, 0xfe, 0x11, 0x80, 0x10, 0x3,
    0xfe, 0xa0, 0x4, 0x0, 0x7e, 0x30, 0x1, 0x28,
    0x1d, 0x0, 0x70, 0xde, 0x48, 0x2, 0xc8, 0x17,
    0xa5, 0x99, 0x3e, 0x80, 0x60, 0x1, 0xc5, 0x1,
    0x69, 0x93, 0x8, 0x2d, 0x0, 0x43, 0x58, 0xa2,
    0x0, 0x15, 0xba, 0x0, 0xf1, 0xd4, 0x80, 0x3e,
    0x90, 0x3, 0xff, 0xaa,

    /* U+04AC "Ҭ" */
    0xaf, 0xff, 0xfe, 0x1c, 0x0, 0x7f, 0xf1, 0x7a,
    0x23, 0xc0, 0x1, 0x88, 0xf5, 0xa3, 0xbf, 0x80,
    0x4, 0xef, 0xe3, 0x0, 0xff, 0xff, 0x80, 0x7f,
    0xff, 0xc0, 0x3f, 0xff, 0xe0, 0x1c, 0x4e, 0xe5,
    0x0, 0xff, 0xe0, 0x8c, 0x42, 0x40, 0x3f, 0xfa,
    0x1f, 0xf1, 0x80, 0x7f, 0xfd, 0xe9, 0xe8, 0x3,
    0x0,

    /* U+04AD "ҭ" */
    0xef, 0xff, 0xfe, 0x5, 0x0, 0x7f, 0xf0, 0xae,
    0xab, 0x28, 0x1, 0xea, 0xb4, 0xaa, 0xf6, 0x80,
    0x2d, 0x57, 0x18, 0x7, 0xff, 0xfc, 0x3, 0xff,
    0xc3, 0x6a, 0x60, 0x1f, 0xbc, 0x0, 0xf5, 0x40,
    0xf, 0xfe, 0x54, 0x7f, 0x80, 0x3f, 0xfa, 0xc0,

    /* U+04AE "Ү" */
    0x8f, 0xf3, 0x80, 0x7f, 0xd3, 0xfe, 0x38, 0x20,
    0x81, 0x0, 0xfe, 0x26, 0x6, 0x30, 0x80, 0x5,
    0x80, 0x7f, 0x70, 0x2, 0x0, 0xa, 0x80, 0xa6,
    0x1, 0xf2, 0x98, 0x48, 0x80, 0x52, 0x0, 0xe0,
    0xf, 0xac, 0x9, 0x80, 0x31, 0x38, 0x13, 0x0,
    0x74, 0x8, 0x70, 0x7, 0xa0, 0x42, 0x44, 0x2,
    0x27, 0x5, 0x30, 0xf, 0xac, 0x1, 0x60, 0x14,
    0x80, 0x2c, 0x3, 0xf2, 0xa0, 0x29, 0x82, 0xa0,
    0x40, 0x80, 0x7f, 0x48, 0x3, 0xc2, 0xc0, 0x9c,
    0x3, 0xfc, 0x4e, 0x7, 0xa2, 0x12, 0x1, 0xff,
    0xc0, 0x81, 0x2, 0x5, 0x40, 0xf, 0xfe, 0xc,
    0x0, 0x56, 0x1, 0xff, 0xc2, 0x60, 0x2, 0x8,
    0x7, 0xff, 0xfc, 0x3, 0xff, 0xc4,

    /* U+04AF "ү" */
    0x9f, 0xf1, 0x80, 0x7f, 0x77, 0xdd, 0x80, 0x12,
    0x1, 0xf9, 0x44, 0x20, 0x90, 0x14, 0x40, 0x3e,
    0x80, 0x33, 0x7, 0x80, 0x24, 0x3, 0xc8, 0x41,
    0x20, 0x4, 0x20, 0x60, 0xf, 0x78, 0xa, 0x80,
    0x56, 0x2, 0xc0, 0x18, 0x90, 0x24, 0x3, 0x30,
    0x85, 0x80, 0x6b, 0x0, 0x30, 0x7, 0x30, 0x12,
    0x0, 0x5, 0x81, 0x84, 0x3, 0xa4, 0x1, 0xe0,
    0x6, 0x0, 0x58, 0x7, 0x85, 0x41, 0x8, 0x24,
    0x10, 0x80, 0x3e, 0x90, 0x5, 0xb0, 0x87, 0x80,
    0x7e, 0x33, 0x3, 0x58, 0x1a, 0x0, 0x7f, 0x48,
    0x0, 0x82, 0x40, 0x3f, 0xca, 0x40, 0x1, 0x50,
    0xf, 0xfa, 0x80, 0xc, 0x1, 0xff, 0xc0, 0x20,
    0x7, 0x0, 0x7f, 0xfe, 0x80,

    /* U+04B0 "Ұ" */
    0x8f, 0xf3, 0x80, 0x7f, 0xd3, 0xfe, 0x38, 0x10,
    0x81, 0x0, 0xfe, 0x26, 0x5, 0x30, 0xb0, 0x5,
    0x80, 0x7f, 0x48, 0x2, 0xc0, 0xa, 0x80, 0xa6,
    0x1, 0xf2, 0xa0, 0x40, 0x80, 0x52, 0x0, 0xf0,
    0xf, 0xac, 0x9, 0xc0, 0x31, 0x38, 0x1b, 0x0,
    0x74, 0x8, 0x48, 0x7, 0xa0, 0x42, 0x4, 0x2,
    0x27, 0x5, 0x40, 0xf, 0xac, 0x6, 0x0, 0x29,
    0x0, 0x58, 0x7, 0xe5, 0x30, 0x62, 0x4, 0x40,
    0x40, 0x80, 0x7f, 0x78, 0x3, 0x82, 0x40, 0x9c,
    0x3, 0xfc, 0x6c, 0x7, 0x84, 0x12, 0x1, 0xff,
    0xc0, 0x81, 0x3, 0x4, 0x40, 0x7, 0xf5, 0xff,
    0xb8, 0x40, 0x24, 0xff, 0x90, 0x3, 0xc2, 0x3c,
    0x1, 0x8, 0xe7, 0x0, 0xf5, 0x77, 0x60, 0x2,
    0x77, 0x63, 0x0, 0xff, 0xff, 0x80, 0x7f, 0xf2,
    0xc0,

    /* U+04B1 "ұ" */
    0x9f, 0xf1, 0x80, 0x7f, 0x77, 0xd5, 0x80, 0x24,
    0x3, 0xf3, 0x8, 0x49, 0x20, 0x29, 0x0, 0x7d,
    0x60, 0x66, 0xf, 0x0, 0x50, 0x7, 0x90, 0x82,
    0x40, 0x8, 0x60, 0xe0, 0x1e, 0x80, 0x25, 0x0,
    0xa4, 0x0, 0xe0, 0x18, 0xcc, 0x16, 0x1, 0x94,
    0x42, 0x40, 0x34, 0x80, 0xb0, 0x7, 0x48, 0xa,
    0x80, 0x9, 0x41, 0x80, 0x3c, 0xe0, 0x9, 0x0,
    0x58, 0x2, 0x40, 0x3e, 0x70, 0x33, 0xb, 0x3,
    0x8, 0x7, 0xd2, 0x0, 0x89, 0x0, 0x58, 0x7,
    0xe1, 0x50, 0x47, 0x4, 0x20, 0xf, 0xe9, 0x0,
    0xd0, 0x1, 0xf7, 0xfd, 0x80, 0x1b, 0x3f, 0xe0,
    0xf, 0xfe, 0x47, 0x76, 0x90, 0x4, 0x77, 0x60,
    0xc, 0x23, 0x8c, 0x0, 0x23, 0xc0, 0x1f, 0xfe,
    0x60,

    /* U+04B2 "Ҳ" */
    0xb, 0xff, 0x40, 0x7, 0xf7, 0x7f, 0x94, 0x2,
    0xa1, 0x7, 0x30, 0xf, 0xa8, 0x41, 0x54, 0x1,
    0xd, 0x80, 0x38, 0x3, 0xca, 0xa0, 0x1b, 0x0,
    0xe5, 0x50, 0x14, 0x80, 0x61, 0xb0, 0x5, 0x8,
    0x7, 0xac, 0x41, 0x94, 0x2, 0xa1, 0x6, 0x40,
    0xf, 0x86, 0x80, 0x16, 0x20, 0xc8, 0x5, 0x20,
    0x1f, 0xc8, 0xc0, 0x34, 0x52, 0x0, 0xe0, 0xf,
    0xfa, 0x48, 0x13, 0x0, 0xe, 0x60, 0x1f, 0xfc,
    0xe, 0x0, 0x8, 0x14, 0x0, 0x7f, 0xf0, 0x4d,
    0x80, 0x2e, 0x0, 0xff, 0xe1, 0xa0, 0x5, 0x20,
    0x1f, 0xfc, 0x29, 0x20, 0x9, 0x54, 0x1, 0xff,
    0xc0, 0x56, 0x1, 0x80, 0x5, 0x8, 0x7, 0xf8,
    0x6c, 0x1, 0x4e, 0xa0, 0xa, 0x0, 0xff, 0x50,
    0x83, 0x20, 0x58, 0x82, 0x30, 0x7, 0xe6, 0x40,
    0x29, 0x0, 0xd, 0x0, 0x24, 0x80, 0x3c, 0x52,
    0x0, 0xe0, 0xc, 0x8e, 0x0, 0xe0, 0xf, 0x70,
    0x2, 0xc, 0x3, 0xa0, 0x80, 0xe9, 0xdc, 0x60,
    0xe6, 0x8, 0xe0, 0x1f, 0x78, 0x1, 0x62, 0x8,
    0x70, 0x0, 0xa0, 0xf, 0xc5, 0x0, 0x1c, 0x7f,
    0xf0, 0x80, 0x7f, 0x3f, 0xe8, 0x7, 0xff, 0xfc,
    0x3, 0x1b, 0xb9, 0x0,

    /* U+04B3 "ҳ" */
    0x2f, 0xf6, 0x80, 0x7d, 0x7f, 0xe3, 0x0, 0x15,
    0x1, 0x50, 0x7, 0x3a, 0x4, 0x18, 0x4, 0xac,
    0xa, 0xc0, 0x11, 0xc0, 0x23, 0x80, 0x74, 0x98,
    0x49, 0x80, 0xe8, 0x15, 0x0, 0x7d, 0xc2, 0x1c,
    0x14, 0x21, 0xc2, 0x1, 0xf1, 0x50, 0x17, 0x20,
    0x49, 0x80, 0x7f, 0x23, 0x80, 0x82, 0xb0, 0x7,
    0xfd, 0x40, 0x14, 0x80, 0x7f, 0xf0, 0x38, 0x2,
    0xe1, 0x0, 0xff, 0x41, 0x83, 0x1, 0x50, 0x7,
    0xf2, 0xb8, 0x2c, 0xc0, 0x23, 0x80, 0x7c, 0x54,
    0x5, 0x40, 0xe8, 0x10, 0x60, 0x1e, 0xe0, 0x7,
    0x80, 0x54, 0x21, 0xaa, 0x88, 0x0, 0x49, 0x84,
    0x90, 0x4, 0x34, 0x3, 0x57, 0x62, 0x56, 0x5,
    0x60, 0xe, 0x47, 0x0, 0xe5, 0xff, 0x50, 0x7,
    0xd1, 0xf6, 0x1, 0xff, 0xd9,

    /* U+04B4 "Ҵ" */
    0x9f, 0xff, 0xfe, 0x16, 0x0, 0x63, 0xff, 0x48,
    0x7, 0xff, 0x4b, 0x62, 0x3c, 0x0, 0x18, 0x8e,
    0x90, 0xf, 0xf9, 0x1d, 0xfc, 0x20, 0x6e, 0xfc,
    0xa0, 0x1f, 0xff, 0xf0, 0xf, 0xff, 0xf8, 0x7,
    0xff, 0xfc, 0x3, 0xff, 0xfe, 0x1, 0xff, 0xfb,
    0x37, 0x7f, 0xf5, 0x80, 0x15, 0xdc, 0x80, 0x1f,
    0xc3, 0x11, 0xfe, 0x70, 0x1, 0xc4, 0x34, 0x3,
    0xff, 0xad, 0xdf, 0xff, 0xfc, 0x40, 0xf, 0xff,
    0xf8, 0x7, 0xff, 0x55, 0xdd, 0xa0,

    /* U+04B5 "ҵ" */
    0xdf, 0xff, 0xfa, 0x40, 0x7, 0xfe, 0x70, 0xf,
    0xfe, 0x5c, 0xd5, 0x65, 0x0, 0x3d, 0x56, 0x0,
    0xfc, 0x8a, 0xbb, 0x0, 0x18, 0xab, 0x18, 0x7,
    0xff, 0xfc, 0x3, 0xff, 0xfe, 0x1, 0xff, 0xd6,
    0xc5, 0x5f, 0x58, 0x3, 0x54, 0xc0, 0x3f, 0x3d,
    0x57, 0x9c, 0x0, 0xb5, 0x40, 0xf, 0xfe, 0x73,
    0x7f, 0xff, 0xf0, 0x0, 0x3f, 0xfc, 0x20,

    /* U+04B6 "Ҷ" */
    0xff, 0x60, 0x7, 0xfa, 0xff, 0xc0, 0x1f, 0xff,
    0xf0, 0xf, 0xff, 0x28, 0x80, 0x80, 0x7f, 0xf1,
    0x48, 0x8, 0x80, 0x1f, 0xfc, 0x4b, 0x0, 0x70,
    0x7, 0xf3, 0x80, 0x79, 0x84, 0xf, 0x58, 0x40,
    0x4, 0xb3, 0xc6, 0x1, 0xe1, 0xd0, 0x1, 0x4f,
    0x7f, 0xb6, 0x98, 0x40, 0x3f, 0x1e, 0xa8, 0x7,
    0xc4, 0xe6, 0x1, 0xf8, 0xab, 0xae, 0x62, 0x6f,
    0xb6, 0x1c, 0x3, 0xfc, 0x28, 0xce, 0xc8, 0x20,
    0x1f, 0xff, 0x57, 0x78, 0x3, 0xff, 0x84, 0xe0,
    0x8, 0x88, 0x3, 0xff, 0xad, 0x9f, 0xe6, 0x0,
    0xff, 0xff, 0x80, 0x6d, 0x77, 0x0,

    /* U+04B7 "ҷ" */
    0xdf, 0xd0, 0xf, 0x8f, 0xfc, 0xe0, 0x1f, 0xff,
    0x61, 0x3, 0x0, 0xff, 0xe0, 0xb0, 0xa, 0x0,
    0x7f, 0xf0, 0x3c, 0x1, 0x6c, 0x20, 0x27, 0x1a,
    0x1, 0xca, 0xa0, 0x4, 0xf7, 0xf6, 0x38, 0x80,
    0x7a, 0xa4, 0x80, 0x30, 0xb4, 0x80, 0x7c, 0xdb,
    0xd9, 0x8e, 0xe4, 0xa8, 0x7, 0xf0, 0x99, 0x84,
    0x3, 0xff, 0x93, 0xaa, 0x80, 0x1f, 0xe7, 0x0,
    0x2d, 0x40, 0x7, 0xff, 0x39, 0x3f, 0xc6, 0x1,
    0xff, 0xd6,

    /* U+04B8 "Ҹ" */
    0xf, 0xf5, 0x80, 0x7f, 0xb3, 0xfc, 0x1, 0xff,
    0xff, 0x0, 0xff, 0xe6, 0x11, 0x0, 0x3f, 0xe6,
    0x0, 0xdb, 0xa1, 0x0, 0xfc, 0x40, 0x44, 0x0,
    0xff, 0xe1, 0x28, 0x3, 0x80, 0x3f, 0xf8, 0x52,
    0x20, 0x7a, 0xa2, 0x0, 0x25, 0x9e, 0x30, 0xc,
    0x34, 0x0, 0x2a, 0xe0, 0x6, 0x53, 0x8, 0x7,
    0x93, 0x50, 0x3, 0xe2, 0x72, 0x0, 0xf1, 0x5f,
    0x5c, 0x80, 0x27, 0xb6, 0x4, 0x3, 0xf0, 0xa3,
    0x0, 0x1c, 0x40, 0x3f, 0xfc, 0xd5, 0x22, 0x1,
    0xff, 0xc3, 0x56, 0x0, 0xff, 0xe7, 0x0,

    /* U+04B9 "ҹ" */
    0xdf, 0xd0, 0xf, 0x93, 0xfc, 0xc0, 0x1f, 0xfe,
    0x41, 0x0, 0xfe, 0x30, 0x1, 0x76, 0x80, 0x79,
    0x80, 0x50, 0x3, 0xfd, 0xc0, 0xa, 0x61, 0x3,
    0x34, 0x50, 0x4, 0xa8, 0x3, 0x38, 0x3, 0x8e,
    0x20, 0x1a, 0xe0, 0x40, 0x30, 0xb4, 0x0, 0x73,
    0xf7, 0x28, 0xb, 0xa4, 0xc0, 0x3e, 0x17, 0x0,
    0xff, 0xe1, 0x88, 0x7, 0xfc, 0x5f, 0x80, 0x1f,
    0xfc, 0x80,

    /* U+04BA "Һ" */
    0xff, 0x68, 0x7, 0xff, 0xfc, 0x3, 0xff, 0xc0,
    0x2b, 0x3b, 0xff, 0x6d, 0x20, 0x7, 0x8b, 0xa9,
    0x88, 0x2, 0x25, 0xbb, 0x8, 0x7, 0xc6, 0xcf,
    0xc, 0x60, 0x4, 0xd0, 0xe, 0x9e, 0xc9, 0x87,
    0x9c, 0xb1, 0x3, 0x70, 0x8, 0x98, 0x40, 0x3c,
    0x94, 0x0, 0xb0, 0xf, 0xfe, 0xa, 0x10, 0x18,
    0x7, 0xff, 0x9, 0xc0, 0x2, 0x1, 0xff, 0xff,
    0x0, 0xff, 0xe7, 0x80,

    /* U+04BB "һ" */
    0x5c, 0xc1, 0x80, 0x7f, 0xc6, 0x73, 0x80, 0x7f,
    0xff, 0xc1, 0xaf, 0xbf, 0xad, 0x80, 0x3c, 0x5b,
    0x28, 0x20, 0x29, 0x38, 0x20, 0x1a, 0x48, 0x5a,
    0x20, 0xa0, 0x3, 0xb0, 0xe, 0x4f, 0x97, 0x75,
    0x68, 0x82, 0x98, 0x4, 0x36, 0x20, 0x18, 0xa0,
    0x0, 0x80, 0x13, 0x0, 0x7c, 0xe0, 0xd, 0x0,
    0xb4, 0x3, 0xe1, 0x0, 0xf0, 0x80, 0x7f, 0x84,
    0x3, 0xff, 0xfe, 0x1, 0xff, 0xd2,

    /* U+04BC "Ҽ" */
    0x0, 0xff, 0xe0, 0x1c, 0x67, 0xfd, 0xb2, 0x60,
    0x1f, 0xfc, 0x42, 0xbc, 0x73, 0x0, 0x89, 0xb3,
    0x4, 0x1, 0xff, 0xc1, 0x5d, 0x40, 0x1, 0xbc,
    0x3a, 0x0, 0xf, 0x54, 0x3, 0x8, 0x80, 0x39,
    0x28, 0x0, 0xbb, 0x90, 0xf1, 0x7c, 0xa0, 0xa,
    0x50, 0xa, 0x3b, 0x82, 0x0, 0x1a, 0x0, 0x45,
    0x10, 0x7, 0xd, 0x48, 0x2, 0x84, 0x0, 0xe0,
    0xa2, 0x0, 0x81, 0x6, 0x70, 0xf, 0xe6, 0x60,
    0x2, 0x0, 0x44, 0x6, 0x1, 0x30, 0x2, 0x0,
    0x3f, 0xe8, 0x0, 0x30, 0x6, 0x30, 0x2, 0x0,
    0x14, 0x40, 0x3f, 0xe1, 0x50, 0x2, 0x9, 0x2,
    0x38, 0x98, 0x3, 0x0, 0x3f, 0xf8, 0x38, 0x0,
    0x30, 0x80, 0x4, 0x74, 0x0, 0x27, 0xff, 0xff,
    0x83, 0x20, 0xf, 0x5, 0xa1, 0x0, 0xff, 0xe6,
    0xaf, 0x5d, 0x28, 0x1, 0x66, 0x7f, 0xf8, 0x94,
    0x1, 0x91, 0x78, 0x0, 0x6c, 0xdf, 0xfc, 0x42,
    0x0, 0xf2, 0x0, 0x18, 0x40, 0x3f, 0xf9, 0x6c,
    0x0, 0x80, 0xf, 0xfe, 0x5c, 0x0, 0x1a, 0x0,
    0x3f, 0x86, 0x88, 0x3, 0xfc, 0x34, 0x0, 0x7b,
    0x20, 0xf, 0x37, 0xae, 0x18, 0x7, 0xf9, 0x68,
    0x0, 0x9b, 0x93, 0x10, 0xbf, 0x91, 0x2, 0x10,
    0xf, 0xf9, 0x75, 0x0, 0x6, 0xce, 0xe4, 0x0,
    0xc, 0x61, 0x0, 0x7f, 0xf0, 0xa, 0xf1, 0xcc,
    0x40, 0x4, 0xb5, 0xce, 0x1, 0x80,

    /* U+04BD "ҽ" */
    0x0, 0xfe, 0x5a, 0xef, 0xf6, 0xc9, 0x80, 0x7f,
    0xc3, 0x94, 0xa2, 0x0, 0x26, 0xca, 0x0, 0xc2,
    0x1, 0x87, 0xcc, 0xe, 0x2e, 0x9c, 0x41, 0x70,
    0x0, 0x3d, 0xc3, 0x0, 0x50, 0x84, 0x63, 0xa2,
    0xc7, 0x30, 0x1b, 0x82, 0x0, 0x98, 0x1a, 0x3,
    0x38, 0x7, 0xa4, 0xc2, 0x40, 0x32, 0x85, 0x0,
    0x2c, 0x3, 0xf4, 0x80, 0xa2, 0x4, 0x2b, 0xd8,
    0x1, 0xbf, 0xff, 0xa8, 0x0, 0x43, 0x8a, 0x20,
    0x1f, 0xfc, 0x62, 0xae, 0xf4, 0x0, 0x7f, 0xff,
    0xf0, 0x18, 0x3, 0x8c, 0x0, 0x60, 0x1f, 0xfc,
    0x5b, 0x0, 0x78, 0x7, 0xff, 0x14, 0xd4, 0xe,
    0xc4, 0x3, 0x8b, 0x20, 0x3, 0xf5, 0x90, 0x27,
    0x53, 0x2b, 0xd6, 0x9b, 0x98, 0x7, 0xc3, 0x8a,
    0x0, 0x59, 0xa8, 0x50, 0x4, 0x98, 0x7, 0xe1,
    0xac, 0x62, 0x0, 0x9, 0xbf, 0x30, 0x0,

    /* U+04BE "Ҿ" */
    0x0, 0xff, 0xe0, 0x1c, 0x67, 0xfd, 0xb2, 0x60,
    0x1f, 0xfc, 0x42, 0xbc, 0x73, 0x0, 0x89, 0xb3,
    0x4, 0x1, 0xff, 0xc1, 0x5d, 0x40, 0x1, 0xbc,
    0x3a, 0x0, 0xf, 0x54, 0x3, 0x8, 0x80, 0x39,
    0x28, 0x0, 0xbb, 0x90, 0xf1, 0x7c, 0xa0, 0xa,
    0x50, 0xa, 0x3b, 0x82, 0x0, 0x1a, 0x0, 0x45,
    0x10, 0x7, 0xd, 0x48, 0x2, 0x84, 0x0, 0xe0,
    0xa2, 0x0, 0x81, 0x6, 0x70, 0xf, 0xe6, 0x60,
    0x2, 0x0, 0x44, 0x6, 0x1, 0x30, 0x2, 0x0,
    0x3f, 0xe8, 0x0, 0x30, 0x6, 0x30, 0x2, 0x0,
    0x14, 0x40, 0x3f, 0xe1, 0x50, 0x2, 0x9, 0x2,
    0x38, 0x98, 0x3, 0x0, 0x3f, 0xf8, 0x38, 0x0,
    0x30, 0x80, 0x4, 0x74, 0x0, 0x27, 0xff, 0xff,
    0x83, 0x20, 0xf, 0x5, 0xa1, 0x0, 0xff, 0xe6,
    0xaf, 0x5d, 0x28, 0x1, 0x66, 0x7f, 0xf8, 0x94,
    0x1, 0x91, 0x78, 0x0, 0x6c, 0xdf, 0xfc, 0x42,
    0x0, 0xf2, 0x0, 0x18, 0x40, 0x3f, 0xf9, 0x6c,
    0x0, 0x80, 0xf, 0xfe, 0x5c, 0x0, 0x1a, 0x0,
    0x3f, 0x86, 0x88, 0x3, 0xfc, 0x34, 0x0, 0x7b,
    0x20, 0xf, 0x37, 0xae, 0x18, 0x7, 0xf9, 0x68,
    0x0, 0x9b, 0x93, 0x10, 0xbf, 0x91, 0x2, 0x10,
    0xf, 0xf9, 0x75, 0x0, 0x6, 0xce, 0xe4, 0x0,
    0xc, 0x61, 0x0, 0x7f, 0xf0, 0xa, 0xf1, 0xcc,
    0x2, 0x25, 0xae, 0x70, 0xf, 0xfe, 0x21, 0xc6,
    0x30, 0x3, 0x69, 0x40, 0x3f, 0xff, 0xe0, 0x1f,
    0xfc, 0x0,

    /* U+04BF "ҿ" */
    0x0, 0xfe, 0x5a, 0xef, 0xf6, 0xc9, 0x80, 0x7f,
    0xc3, 0x94, 0xa2, 0x0, 0x26, 0xca, 0x0, 0xc2,
    0x1, 0x87, 0xcc, 0xe, 0x2e, 0x9c, 0x41, 0x70,
    0x0, 0x3d, 0xc3, 0x0, 0x50, 0x84, 0x63, 0xa2,
    0xc7, 0x30, 0x1b, 0x82, 0x0, 0x98, 0x1a, 0x3,
    0x38, 0x7, 0xa4, 0xc2, 0x40, 0x32, 0x85, 0x0,
    0x2c, 0x3, 0xf4, 0x80, 0xa2, 0x4, 0x2b, 0xd8,
    0x1, 0xbf, 0xff, 0xa8, 0x0, 0x43, 0x8a, 0x20,
    0x1f, 0xfc, 0x62, 0xae, 0xf4, 0x0, 0x7f, 0xff,
    0xf0, 0x18, 0x3, 0x8c, 0x0, 0x60, 0x1f, 0xfc,
    0x5b, 0x0, 0x78, 0x7, 0xff, 0x14, 0xd4, 0xe,
    0xc4, 0x3, 0x8b, 0x20, 0x3, 0xf5, 0x90, 0x27,
    0x53, 0x2b, 0xd6, 0x9b, 0x98, 0x7, 0xc3, 0x8a,
    0x0, 0x59, 0xa8, 0x50, 0x4, 0x98, 0x7, 0xe1,
    0xac, 0x62, 0x0, 0x8d, 0xf9, 0x80, 0x3f, 0xe3,
    0x99, 0x0, 0x2f, 0x20, 0x40, 0x3f, 0xfc, 0x20,

    /* U+04C0 "Ӏ" */
    0xff, 0x68, 0x7, 0xff, 0xb4,

    /* U+04C1 "Ӂ" */
    0x0, 0xfe, 0x5f, 0xb0, 0xe, 0xcf, 0x30, 0xf,
    0xfe, 0x32, 0x2, 0x10, 0x4, 0x86, 0x26, 0x1,
    0xff, 0xc6, 0x17, 0xd, 0xa8, 0xbb, 0x5, 0x80,
    0x7f, 0xf2, 0x22, 0x8d, 0x5d, 0x52, 0xd4, 0x3,
    0xff, 0x92, 0xb9, 0xfe, 0xeb, 0x40, 0xf, 0xfe,
    0x5, 0x7f, 0x90, 0x3, 0xf7, 0xfb, 0x0, 0x3f,
    0x3f, 0xf9, 0xc0, 0x16, 0x0, 0x90, 0xf, 0xfe,
    0x30, 0xc0, 0x13, 0x80, 0x6, 0x0, 0x9c, 0x3,
    0xff, 0x8b, 0x60, 0x9, 0x0, 0xce, 0x41, 0x2,
    0x1, 0xff, 0xc3, 0x45, 0x5, 0x40, 0xe, 0x90,
    0x5, 0x80, 0x7f, 0xf0, 0xe4, 0x1, 0x60, 0x1e,
    0x45, 0x5, 0x30, 0xf, 0xfe, 0xb, 0x90, 0x40,
    0x80, 0x7d, 0x60, 0xe, 0x0, 0xff, 0xe0, 0xc,
    0x1, 0x38, 0x7, 0xe1, 0x90, 0x26, 0x0, 0xff,
    0xa0, 0x1, 0x20, 0x1f, 0xe6, 0x30, 0x81, 0x0,
    0xfe, 0x36, 0x5, 0x40, 0xf, 0xfb, 0xc0, 0x7b,
    0xfe, 0x0, 0x1f, 0xfd, 0x80, 0xb, 0x0, 0xff,
    0xe0, 0x28, 0x7, 0xff, 0xc, 0xc0, 0x3f, 0xe1,
    0x80, 0x3, 0xc4, 0x40, 0x1, 0x88, 0x98, 0x1,
    0xc0, 0x1f, 0xf5, 0x88, 0x34, 0x3b, 0xc0, 0x2,
    0x77, 0xa4, 0xc0, 0xdc, 0x3, 0xf9, 0x14, 0x6,
    0x0, 0x3f, 0xee, 0x0, 0x41, 0x0, 0x7e, 0xa0,
    0x5, 0x88, 0x7, 0xfc, 0x4e, 0x0, 0x90, 0xf,
    0xa4, 0x41, 0x14, 0x3, 0xff, 0x83, 0x4, 0x8,
    0xc0, 0x1c, 0x6c, 0x0, 0xa0, 0xf, 0xfe, 0x1f,
    0x0, 0x20, 0x40, 0x37, 0x0, 0x24, 0x40, 0x3f,
    0xf8, 0x66, 0xc0, 0x36, 0x1, 0x41, 0x1, 0xb0,
    0x7, 0xff, 0x16, 0x4, 0x15, 0x40, 0x4e, 0x0,
    0xe0, 0xf, 0xfe, 0x30, 0xd8, 0x2, 0xc4,

    /* U+04C2 "ӂ" */
    0x0, 0xf9, 0x20, 0x80, 0x32, 0x41, 0x0, 0x7f,
    0xf0, 0x89, 0xe0, 0x2, 0x1a, 0x70, 0xf, 0xfe,
    0x1b, 0x12, 0xec, 0xd7, 0x8a, 0x90, 0x7, 0xff,
    0xf, 0x18, 0x19, 0x4e, 0x28, 0x3, 0xff, 0x88,
    0x33, 0xbf, 0xed, 0x70, 0xf, 0xfe, 0xb7, 0x7e,
    0x80, 0x79, 0xff, 0xc6, 0x1, 0xc7, 0xfe, 0xb0,
    0x5, 0x81, 0x40, 0x7, 0xff, 0xb, 0xc0, 0x14,
    0x0, 0x54, 0x7, 0x20, 0xf, 0xfe, 0x3, 0x18,
    0x40, 0x80, 0x54, 0x0, 0x90, 0xf, 0xf8, 0x60,
    0x9, 0xc0, 0x30, 0xc0, 0x22, 0x80, 0x7f, 0xa0,
    0x43, 0x80, 0x3c, 0xe4, 0x16, 0x1, 0xfc, 0x6c,
    0xc, 0x60, 0x1f, 0x70, 0xc, 0xa2, 0x34, 0x0,
    0x89, 0x78, 0xc, 0x0, 0x7e, 0x34, 0x6, 0xbb,
    0x28, 0x2, 0x2e, 0xc6, 0x12, 0x20, 0x1f, 0x8d,
    0x0, 0x3f, 0xf8, 0x12, 0x1, 0xfd, 0xc0, 0xb,
    0xff, 0x40, 0x3, 0x3f, 0xce, 0x3, 0x40, 0x1f,
    0x41, 0x3, 0x20, 0x7, 0xe8, 0x20, 0x55, 0x0,
    0x72, 0x38, 0xc, 0x80, 0x7f, 0xb8, 0x1, 0x62,
    0x1, 0xa8, 0x1, 0x40, 0x1f, 0xf1, 0xc0, 0xd,
    0x80, 0x52, 0x20, 0xc8, 0x1, 0xff, 0xc0, 0x73,
    0x5, 0x60, 0x46, 0x2, 0x90, 0xf, 0xfe, 0x17,
    0x0, 0x24, 0x80,

    /* U+04C3 "Ӄ" */
    0xff, 0x60, 0x7, 0xf2, 0x7f, 0xa8, 0x3, 0xff,
    0x80, 0x54, 0x5, 0x40, 0x1f, 0xfc, 0xe, 0x10,
    0xf0, 0xf, 0xfe, 0x4, 0x98, 0x51, 0x0, 0x7f,
    0xca, 0xc0, 0xca, 0x1, 0xff, 0x15, 0x1, 0xc8,
    0x7, 0xff, 0x3, 0xc0, 0x74, 0x3, 0xff, 0x81,
    0x44, 0x14, 0x20, 0x1f, 0x1f, 0xfe, 0x50, 0x84,
    0x0, 0xff, 0xe1, 0xf0, 0x7, 0xf0, 0xc4, 0x61,
    0x6, 0x80, 0xf, 0xc4, 0xef, 0xb0, 0x41, 0xdc,
    0x1, 0xff, 0xc0, 0x2d, 0x0, 0x42, 0x80, 0x7f,
    0xf0, 0xe, 0xc0, 0x14, 0x60, 0x1f, 0xfc, 0x4,
    0x80, 0x7, 0x0, 0x7f, 0xf0, 0x5d, 0x0, 0xa4,
    0x3, 0xff, 0x83, 0x40, 0x6, 0x30, 0xf, 0xfe,
    0x0, 0xc0, 0x2, 0x0, 0x3f, 0xf8, 0x2c, 0x0,
    0x41, 0x0, 0xff, 0xe0, 0x9, 0x80, 0x17, 0xfd,
    0x80, 0x1f, 0xe7, 0x0, 0x8, 0x7, 0xff, 0x5,
    0x40, 0xc, 0x1, 0xfd, 0x6e, 0xed, 0x10, 0x13,
    0x0, 0xfc, 0xa9, 0x10, 0x20, 0x5, 0x0, 0x7f,
    0x3b, 0x8, 0x1, 0x31, 0x0,

    /* U+04C4 "ӄ" */
    0x6f, 0xf2, 0x0, 0x78, 0xff, 0xd6, 0x1, 0xfe,
    0x1d, 0x3, 0xb0, 0xf, 0xf6, 0x88, 0xb4, 0x3,
    0xfd, 0x46, 0x1a, 0x20, 0x1f, 0xd0, 0xa1, 0x66,
    0x1, 0xec, 0x55, 0x3b, 0x82, 0x10, 0x3, 0xe7,
    0xaa, 0x40, 0xb, 0x80, 0x7f, 0xf0, 0x47, 0x0,
    0x3f, 0x5f, 0xfc, 0xa0, 0x76, 0x1, 0xff, 0x52,
    0x2, 0x40, 0x7, 0xfd, 0x66, 0xe, 0x80, 0x1f,
    0xf7, 0x0, 0x24, 0x3, 0xfe, 0x27, 0x2, 0x50,
    0xf, 0xfa, 0x40, 0x1c, 0x1, 0xff, 0x9, 0x82,
    0x83, 0x7f, 0x90, 0x3, 0xe7, 0x1, 0x0, 0xff,
    0xe0, 0x28, 0x8, 0x7, 0xc3, 0x8, 0x8b, 0x10,
    0x70, 0xf, 0xa5, 0xee, 0xc8, 0x3, 0x0, 0x1f,
    0x62, 0x88, 0xb, 0x78, 0x80,

    /* U+04C5 "Ӆ" */
    0x0, 0xec, 0xff, 0xff, 0xe0, 0x88, 0x7, 0xff,
    0x44, 0x40, 0xe2, 0x3f, 0x10, 0x7, 0xff, 0x1,
    0x5d, 0xff, 0x80, 0x3f, 0xc6, 0x1, 0xff, 0xc9,
    0x10, 0x10, 0xf, 0xfe, 0xff, 0x80, 0x7f, 0xf7,
    0x4, 0x0, 0x20, 0x1f, 0xfc, 0x63, 0x0, 0x18,
    0x7, 0xff, 0x18, 0x40, 0x2, 0x1, 0xff, 0xc6,
    0x60, 0x3, 0x0, 0x7f, 0xf1, 0xb4, 0x0, 0x40,
    0x1f, 0xfc, 0x63, 0x2, 0x0, 0xff, 0xe3, 0xa,
    0x3, 0x80, 0x7f, 0xf1, 0xa0, 0x1, 0xe0, 0x1f,
    0xfc, 0x33, 0x7b, 0x60, 0x15, 0x0, 0xfe, 0x10,
    0x3, 0x3a, 0xdc, 0x20, 0x2, 0x80, 0x3f, 0xce,
    0x0, 0x88, 0x78, 0x80, 0xe, 0xd0, 0x3, 0xff,
    0x87, 0xf3, 0xfe, 0xc4, 0x0, 0xff, 0xb3, 0xe4,
    0x0, 0x80, 0x1f, 0xfc, 0x6f, 0x3, 0x10, 0xf,
    0xfe, 0x32, 0x5, 0x80, 0x7f, 0xf1, 0x84, 0x81,
    0x0, 0x3f, 0xf8, 0xc6, 0xf0, 0x60,

    /* U+04C6 "ӆ" */
    0x0, 0x87, 0xff, 0xfe, 0x50, 0xf, 0xfe, 0x59,
    0x80, 0x1e, 0xab, 0x98, 0x3, 0xf0, 0x80, 0x2d,
    0x57, 0xb0, 0x3, 0xf3, 0x80, 0x4, 0x3, 0xff,
    0x8a, 0x60, 0x1f, 0xfc, 0x21, 0x0, 0x8, 0x7,
    0xff, 0x8, 0xc0, 0x3f, 0xf8, 0xbc, 0x2, 0x1,
    0xff, 0xc3, 0x20, 0x20, 0xf, 0xfe, 0x1a, 0x2,
    0x80, 0x7f, 0xf0, 0x90, 0x43, 0x0, 0x3f, 0xf8,
    0x6, 0xf4, 0x0, 0x50, 0xf, 0x18, 0x3, 0x14,
    0xfe, 0x4, 0x20, 0x3, 0xe1, 0x0, 0x35, 0x20,
    0x0, 0x5d, 0xc0, 0x1f, 0xfc, 0x5, 0xcf, 0xe8,
    0x0, 0xfc, 0xff, 0x0, 0x44, 0x0, 0xff, 0xe1,
    0x60, 0x28, 0x7, 0xff, 0xd, 0x2, 0xc0,

    /* U+04C7 "Ӈ" */
    0xff, 0x68, 0x7, 0xfd, 0xdf, 0xc0, 0x1f, 0xff,
    0xf0, 0xf, 0xff, 0x99, 0x7f, 0xff, 0xc2, 0x1,
    0xff, 0xc9, 0x18, 0x8f, 0xf8, 0x3, 0x8d, 0xdf,
    0xfe, 0x10, 0xf, 0xff, 0xf8, 0x7, 0xff, 0x8b,
    0xfd, 0xa0, 0x1f, 0xfd, 0x1, 0x3, 0x0, 0xfe,
    0x10, 0x9, 0xc0, 0xe, 0x1, 0xfd, 0x7d, 0x7b,
    0x0, 0xe, 0x0, 0xfe, 0x41, 0x42, 0x0, 0x4a,
    0x0, 0x7f, 0x75, 0x3b, 0x4f, 0x30, 0x0,

    /* U+04C8 "ӈ" */
    0x6f, 0xf2, 0x0, 0x7c, 0x3f, 0xe9, 0x0, 0xff,
    0xff, 0x80, 0x57, 0xff, 0xf7, 0x0, 0x7f, 0xf2,
    0x5e, 0xab, 0xe9, 0x0, 0xf6, 0x2a, 0xfc, 0xe0,
    0x1f, 0xff, 0xf0, 0x9, 0xbf, 0xc8, 0x1, 0xff,
    0xca, 0x40, 0x7, 0x0, 0x7c, 0xee, 0x47, 0xb0,
    0x2, 0x0, 0x78, 0x62, 0x17, 0x2, 0xc, 0x60,
    0x1e, 0x18, 0x20, 0x1, 0xcc, 0x80,

    /* U+04C9 "Ӊ" */
    0xff, 0x68, 0x7, 0xfd, 0xdf, 0xc0, 0x1f, 0xff,
    0xf0, 0xf, 0xff, 0xf8, 0x7, 0xff, 0xc, 0xbf,
    0xff, 0xe1, 0x0, 0xff, 0xe7, 0x8c, 0x47, 0xfc,
    0x1, 0xf8, 0xdd, 0xff, 0xe1, 0x0, 0xff, 0xff,
    0x80, 0x7f, 0xf3, 0x85, 0xdc, 0xa0, 0x1f, 0xfc,
    0x58, 0x86, 0x80, 0x7f, 0xf1, 0xef, 0xfd, 0xa0,
    0x1f, 0xf7, 0x7c, 0x0, 0x98, 0x7, 0xff, 0x13,
    0x1, 0x0, 0x3f, 0xf8, 0xa8, 0x18, 0x1, 0xff,
    0xc4, 0x30, 0x3, 0x80, 0x7f, 0xf1, 0x5e, 0x44,
    0x0,

    /* U+04CA "ӊ" */
    0x6f, 0xf2, 0x0, 0x7c, 0x9f, 0xe7, 0x0, 0xff,
    0xff, 0x80, 0x7f, 0xf0, 0xf1, 0x57, 0xe3, 0x0,
    0xfc, 0xf5, 0x5f, 0x40, 0x7, 0xff, 0x36, 0xff,
    0xfe, 0xb0, 0xf, 0xff, 0x4e, 0xaa, 0x0, 0x7f,
    0xf0, 0x96, 0xb0, 0x3, 0xff, 0x89, 0x6d, 0xfe,
    0x40, 0xf, 0x93, 0xe8, 0x4, 0xc0, 0x3f, 0xf8,
    0x38, 0x8, 0x1, 0xff, 0xc2, 0x40, 0xf0,

    /* U+04CB "Ӌ" */
    0x9f, 0xf1, 0x80, 0x7f, 0x2f, 0xf9, 0xc0, 0x3f,
    0xff, 0xe0, 0x1f, 0xfc, 0xfe, 0x0, 0x28, 0x7,
    0xff, 0x4, 0xc0, 0x16, 0x1, 0xff, 0xc1, 0x41,
    0x2, 0xa1, 0x0, 0xf2, 0x70, 0x6, 0xa0, 0x2,
    0xf5, 0x43, 0xc5, 0xf5, 0xa0, 0x6, 0x4a, 0x10,
    0x2, 0xbc, 0x3a, 0x8, 0x8, 0x7, 0x2f, 0xc2,
    0x8, 0x0, 0x52, 0x32, 0xc0, 0x3c, 0x2f, 0x7d,
    0xfe, 0xeb, 0x73, 0x0, 0xff, 0xfa, 0xab, 0xbb,
    0xc0, 0x3f, 0xf8, 0x3d, 0x10, 0x50, 0x7, 0x80,
    0x7f, 0xf4, 0x47, 0xfe, 0x80, 0xf, 0xff, 0x8f,
    0x3c, 0x80, 0x60,

    /* U+04CC "ӌ" */
    0xef, 0xc0, 0xf, 0x97, 0xfc, 0xa0, 0x1f, 0xfe,
    0xc3, 0x2, 0x0, 0xff, 0x9c, 0x5, 0x40, 0x3c,
    0x60, 0x17, 0x0, 0x2a, 0x50, 0xd1, 0xf2, 0x40,
    0x24, 0x70, 0x3, 0x5e, 0x5c, 0x18, 0x7, 0x45,
    0xa8, 0x80, 0x9, 0x66, 0x40, 0x1c, 0x95, 0xdf,
    0xed, 0xa6, 0x30, 0xf, 0xfe, 0x69, 0xa1, 0x0,
    0x7f, 0xdb, 0x70, 0x1, 0xff, 0xcf, 0x5f, 0xf2,
    0x80, 0x7f, 0xf4, 0x0,

    /* U+04CD "Ӎ" */
    0xff, 0x50, 0x7, 0xff, 0xe, 0xff, 0x80, 0x39,
    0x4c, 0x3, 0xff, 0x82, 0x88, 0x0, 0xfd, 0xe0,
    0x1f, 0xfc, 0x19, 0x0, 0xfe, 0x35, 0x0, 0xff,
    0x98, 0x80, 0x3f, 0xd6, 0x1, 0xff, 0x40, 0x7,
    0xfc, 0x30, 0x1, 0xfd, 0x2, 0x1, 0xfc, 0x86,
    0xe, 0x40, 0x1f, 0x13, 0x82, 0x18, 0x7, 0xef,
    0x0, 0x40, 0x7, 0xd2, 0x0, 0x90, 0xf, 0xe3,
    0x50, 0x54, 0x0, 0xe4, 0x40, 0x39, 0x0, 0x7f,
    0xac, 0x1, 0x20, 0x1d, 0x20, 0x30, 0x1, 0xff,
    0xc, 0x81, 0x30, 0x4, 0xc4, 0x16, 0x1, 0xff,
    0xc1, 0x62, 0x8, 0x10, 0x4, 0x2, 0x28, 0x7,
    0xff, 0xb, 0x80, 0x60, 0x20, 0x42, 0x40, 0x3f,
    0xf8, 0x66, 0xa0, 0xca, 0xe0, 0xc4, 0x1, 0xff,
    0xc4, 0xb0, 0x5, 0x0, 0xc8, 0x7, 0xff, 0x14,
    0x60, 0x2, 0xb0, 0xf, 0xfe, 0x3b, 0x90, 0x1a,
    0x80, 0x7f, 0xf2, 0x39, 0x78, 0x3, 0xf0, 0xbb,
    0x98, 0x3, 0xf8, 0xe8, 0x80, 0x3f, 0xa2, 0x1a,
    0x1, 0xff, 0xcb, 0xdf, 0xf5, 0x80, 0x7f, 0xf0,
    0xf3, 0xec, 0x0, 0x80, 0x1f, 0xfc, 0x8c, 0x2,
    0x20, 0x7, 0xff, 0x21, 0x1, 0x0, 0x3f, 0xf9,
    0x26, 0x1a, 0x1, 0xff, 0xc8, 0x17, 0x72, 0x0,

    /* U+04CE "ӎ" */
    0x6f, 0xf5, 0x0, 0x7f, 0x8b, 0xfd, 0x60, 0x1e,
    0x53, 0x0, 0xfe, 0x90, 0xf, 0xf7, 0x80, 0x7e,
    0x44, 0x0, 0x7f, 0x8d, 0x80, 0x3e, 0x90, 0xf,
    0xf2, 0x4, 0x0, 0x79, 0xc8, 0x4c, 0x3, 0xf4,
    0x80, 0xc0, 0x6, 0x18, 0x8, 0x70, 0xf, 0xc7,
    0x0, 0xe4, 0x1, 0x58, 0x1b, 0x0, 0x7f, 0x9c,
    0x82, 0x40, 0x6, 0xa1, 0xe0, 0x1f, 0xfc, 0x9,
    0x4, 0x40, 0x78, 0x31, 0x80, 0x7f, 0xf0, 0x11,
    0x1, 0x2c, 0x63, 0x0, 0x1f, 0xfc, 0x29, 0x2,
    0x90, 0x81, 0x0, 0xff, 0xe1, 0x13, 0x80, 0xd,
    0x80, 0x3f, 0xf8, 0x90, 0x21, 0xe0, 0x1e, 0x65,
    0x50, 0x80, 0x7e, 0xcb, 0x30, 0xc, 0xe0, 0x55,
    0x40, 0xf, 0xe2, 0x40, 0xf, 0xe3, 0x16, 0xff,
    0x8, 0x7, 0xfd, 0x9e, 0x61, 0x60, 0x1f, 0xfc,
    0x51, 0x30, 0x50, 0xf, 0xfe, 0x2a, 0x1, 0x10,
    0x0,

    /* U+04CF "ӏ" */
    0x4c, 0xc2, 0x11, 0x98, 0x40, 0x3f, 0xff, 0xe0,

    /* U+04D0 "Ӑ" */
    0x0, 0xe2, 0xfe, 0x0, 0xe9, 0xf6, 0x0, 0xff,
    0x10, 0x89, 0x40, 0x22, 0x70, 0x40, 0xf, 0xfa,
    0xc2, 0xae, 0x2b, 0x45, 0x88, 0x3, 0xfe, 0x5c,
    0x45, 0x75, 0x3a, 0x90, 0xf, 0xfe, 0x9, 0xdf,
    0x7f, 0xb1, 0x40, 0x3f, 0xf8, 0x9f, 0xf1, 0x80,
    0x7f, 0xf1, 0x1c, 0x2, 0x90, 0xf, 0xfe, 0x24,
    0x80, 0x4a, 0x20, 0x1f, 0xfc, 0x25, 0x10, 0x80,
    0x4, 0x80, 0x7f, 0xf0, 0xa4, 0x5, 0xd0, 0x1c,
    0x3, 0xff, 0x82, 0x66, 0x9, 0xf, 0x0, 0x30,
    0x7, 0xff, 0x2, 0x40, 0xc, 0x8, 0x41, 0x60,
    0x1f, 0xf1, 0x28, 0x30, 0x80, 0x2c, 0x9, 0x40,
    0x3f, 0xd4, 0x0, 0xb0, 0x9, 0x80, 0x12, 0x1,
    0xfe, 0x70, 0x42, 0x0, 0xcc, 0x6, 0x60, 0xf,
    0xce, 0x0, 0xf0, 0xe, 0xb0, 0x4, 0x80, 0x7e,
    0xa0, 0x24, 0x0, 0xe2, 0x40, 0x51, 0x0, 0xf2,
    0x90, 0x21, 0x9f, 0xd8, 0x0, 0x90, 0xf, 0x48,
    0x1, 0xb3, 0x3e, 0x80, 0x3, 0x80, 0x71, 0x98,
    0x3, 0xff, 0x84, 0xe0, 0x1a, 0x40, 0x1b, 0xff,
    0xfe, 0x0, 0x50, 0x4, 0x2a, 0x8, 0x40, 0x1f,
    0xe7, 0x2, 0x50, 0x4, 0x80, 0x3c, 0x3, 0xfe,
    0xa0, 0x4, 0x80, 0x1c, 0x9, 0x0, 0x3f, 0xe2,
    0x40, 0x33, 0x38, 0x2, 0x80, 0x3f, 0xf8, 0x3e,
    0x0, 0x90,

    /* U+04D1 "ӑ" */
    0x0, 0x14, 0x20, 0x6, 0x38, 0x30, 0xe, 0x79,
    0x0, 0xd0, 0xec, 0x1, 0x89, 0x4b, 0xa6, 0x5a,
    0x84, 0xa0, 0x1d, 0x50, 0x6c, 0xc0, 0x7c, 0x0,
    0xf9, 0xf7, 0xfd, 0xb0, 0x20, 0x1f, 0xfc, 0x72,
    0x7c, 0xef, 0xf6, 0xd1, 0x80, 0x69, 0xd8, 0x31,
    0x0, 0x12, 0xe4, 0x80, 0x48, 0x2, 0xd3, 0x52,
    0xa0, 0x6, 0x60, 0x2, 0x65, 0xd2, 0xca, 0xd5,
    0x60, 0xb, 0x0, 0x23, 0x0, 0x79, 0x14, 0x8,
    0x40, 0x3f, 0xda, 0x0, 0x20, 0x1, 0x4e, 0x77,
    0xfe, 0x80, 0x3, 0x83, 0xeb, 0x18, 0x80, 0x7e,
    0x38, 0x2, 0xbf, 0xfe, 0x80, 0xa, 0xc0, 0x1c,
    0x80, 0x1f, 0xc4, 0x0, 0x30, 0xf, 0x70, 0x4,
    0x40, 0x3, 0x0, 0xe3, 0x60, 0xa, 0x80, 0x1c,
    0x80, 0x1, 0x6c, 0x0, 0xc5, 0x20, 0x57, 0xfd,
    0xc9, 0x7, 0x0, 0xcd, 0x8a, 0x20, 0x24, 0xdd,
    0x80, 0x10,

    /* U+04D2 "Ӓ" */
    0x0, 0xf0, 0xe6, 0x4, 0x1, 0x5a, 0x60, 0x1f,
    0xfc, 0x7, 0x33, 0x38, 0x1a, 0x95, 0x0, 0x7f,
    0xf0, 0x10, 0x85, 0x0, 0xcc, 0x1a, 0x1, 0xff,
    0xc0, 0x2d, 0xe2, 0x0, 0x67, 0xa0, 0x7, 0xff,
    0x63, 0xfe, 0x30, 0xf, 0xfe, 0x23, 0x80, 0x52,
    0x1, 0xff, 0xc4, 0x90, 0x9, 0x44, 0x3, 0xff,
    0x84, 0xa2, 0x10, 0x0, 0x90, 0xf, 0xfe, 0x14,
    0x80, 0xba, 0x3, 0x80, 0x7f, 0xf0, 0x4c, 0xc1,
    0x21, 0xe0, 0x6, 0x0, 0xff, 0xe0, 0x48, 0x1,
    0x81, 0x8, 0x2c, 0x3, 0xfe, 0x25, 0x6, 0x10,
    0x5, 0x81, 0x28, 0x7, 0xfa, 0x80, 0x16, 0x1,
    0x30, 0x2, 0x40, 0x3f, 0xce, 0x8, 0x40, 0x19,
    0x80, 0xcc, 0x1, 0xf9, 0xc0, 0x1e, 0x1, 0xd6,
    0x0, 0x90, 0xf, 0xd4, 0x4, 0x80, 0x1c, 0x48,
    0xa, 0x20, 0x1e, 0x52, 0x4, 0x33, 0xfb, 0x0,
    0x12, 0x1, 0xe9, 0x0, 0x36, 0x67, 0xd0, 0x0,
    0x70, 0xe, 0x33, 0x0, 0x7f, 0xf0, 0x9c, 0x3,
    0x48, 0x3, 0x7f, 0xff, 0xc0, 0xa, 0x0, 0x85,
    0x41, 0x8, 0x3, 0xfc, 0xe0, 0x4a, 0x0, 0x90,
    0x7, 0x80, 0x7f, 0xd4, 0x0, 0x90, 0x3, 0x81,
    0x20, 0x7, 0xfc, 0x48, 0x6, 0x67, 0x0, 0x50,
    0x7, 0xff, 0x7, 0xc0, 0x12,

    /* U+04D3 "ӓ" */
    0x0, 0xa3, 0xe0, 0x0, 0xbf, 0x60, 0x1e, 0x60,
    0x60, 0x7, 0x2, 0x8, 0x7, 0x41, 0x40, 0x3,
    0xc9, 0x84, 0x3, 0x9b, 0x58, 0x0, 0x9b, 0x20,
    0x1f, 0xfc, 0x72, 0x7c, 0xef, 0xf6, 0xd1, 0x80,
    0x69, 0xd8, 0x31, 0x0, 0x12, 0xe4, 0x80, 0x48,
    0x2, 0xd3, 0x52, 0xa0, 0x6, 0x60, 0x2, 0x65,
    0xd2, 0xca, 0xd5, 0x60, 0xb, 0x0, 0x23, 0x0,
    0x79, 0x14, 0x8, 0x40, 0x3f, 0xda, 0x0, 0x20,
    0x1, 0x4e, 0x77, 0xfe, 0x80, 0x3, 0x83, 0xeb,
    0x18, 0x80, 0x7e, 0x38, 0x2, 0xbf, 0xfe, 0x80,
    0xa, 0xc0, 0x1c, 0x80, 0x1f, 0xc4, 0x0, 0x30,
    0xf, 0x70, 0x4, 0x40, 0x3, 0x0, 0xe3, 0x60,
    0xa, 0x80, 0x1c, 0x80, 0x1, 0x6c, 0x0, 0xc5,
    0x20, 0x57, 0xfd, 0xc9, 0x7, 0x0, 0xcd, 0x8a,
    0x20, 0x24, 0xdd, 0x80, 0x10,

    /* U+04D4 "Ӕ" */
    0x0, 0xff, 0x9b, 0xff, 0xff, 0x87, 0x20, 0x1f,
    0xe1, 0x80, 0xf, 0xfe, 0x74, 0x8, 0x30, 0x1,
    0x22, 0x3f, 0xda, 0x1, 0xfc, 0x4c, 0xd, 0xa0,
    0x3, 0x77, 0xff, 0x20, 0x7, 0xf7, 0x0, 0x20,
    0x3, 0xff, 0x96, 0xa6, 0x10, 0x20, 0x1f, 0xfc,
    0xbb, 0x2, 0x70, 0xf, 0xfe, 0x5c, 0x8, 0x48,
    0x7, 0xff, 0x2c, 0x9c, 0x11, 0x0, 0x1f, 0xfc,
    0xb8, 0x0, 0x48, 0x7, 0x9f, 0xff, 0xf9, 0x40,
    0x3c, 0x8a, 0xe, 0x40, 0x1f, 0xfc, 0xb9, 0x1,
    0x90, 0xf, 0x92, 0x67, 0xf9, 0xc0, 0x39, 0x88,
    0x1c, 0x8c, 0xf1, 0x0, 0xd, 0x9b, 0xf8, 0x80,
    0x30, 0xc0, 0x1, 0xb3, 0x3a, 0x40, 0x3f, 0xf8,
    0xb0, 0x20, 0x1f, 0xfc, 0xd2, 0x60, 0x5f, 0xff,
    0xac, 0x3, 0xff, 0x89, 0xc0, 0x8, 0x0, 0xff,
    0xe5, 0xa9, 0x83, 0x90, 0x7, 0xf8, 0xdd, 0xff,
    0xcc, 0x16, 0x3, 0x0, 0x1f, 0xf2, 0x44, 0x7f,
    0xa6, 0x4, 0x2c, 0x3, 0xff, 0x98,

    /* U+04D5 "ӕ" */
    0x0, 0x13, 0xe7, 0x7f, 0xba, 0x90, 0x2, 0x29,
    0xdf, 0xf7, 0x52, 0x0, 0x74, 0xec, 0x18, 0x80,
    0x5, 0x6e, 0x42, 0x35, 0x88, 0x0, 0x2b, 0x76,
    0x10, 0x9, 0x0, 0x5a, 0x6a, 0x54, 0x0, 0xd8,
    0xe0, 0x6, 0x9a, 0x71, 0x4, 0xd0, 0xa, 0x65,
    0xd2, 0xca, 0xd5, 0x60, 0x3, 0x3, 0xe9, 0x65,
    0x8e, 0x60, 0x38, 0x0, 0x23, 0x0, 0x79, 0x14,
    0x0, 0x3a, 0x20, 0x1d, 0x28, 0xe, 0x1, 0xff,
    0x68, 0x1, 0x84, 0x3, 0xee, 0x0, 0x20, 0x0,
    0xa7, 0x3b, 0xba, 0x0, 0xf, 0xdd, 0xfa, 0x80,
    0x4, 0xf, 0xac, 0x62, 0x3c, 0x1, 0x84, 0x7f,
    0x0, 0x63, 0x80, 0x2b, 0xff, 0xe8, 0x0, 0x57,
    0xff, 0xfc, 0xd6, 0x0, 0xe4, 0x0, 0xfd, 0x80,
    0x1f, 0xfc, 0x2, 0x0, 0x18, 0x7, 0xb4, 0x0,
    0xc4, 0x1, 0xff, 0x10, 0x1, 0x0, 0x38, 0xd4,
    0x2, 0xf3, 0x0, 0xe1, 0xc9, 0x0, 0x50, 0x2,
    0xd8, 0x84, 0xe3, 0x1, 0x5c, 0xb, 0x2d, 0xd9,
    0x95, 0xc6, 0xc6, 0x5, 0x40, 0x9, 0xde, 0xc7,
    0x5, 0xa8, 0x80, 0x1, 0x22, 0x64, 0xa0, 0x8,
    0x30, 0x2, 0xeb, 0x10, 0x0, 0x56, 0xe8, 0x0,
    0xfc, 0xe6, 0x20, 0x3, 0x7d, 0x70, 0x0,

    /* U+04D6 "Ӗ" */
    0x0, 0x67, 0xa0, 0x6, 0x4f, 0xb0, 0xe, 0x40,
    0xf0, 0xd, 0xe0, 0x60, 0x1d, 0x22, 0x9b, 0x32,
    0xd4, 0x29, 0x0, 0xe1, 0xf7, 0x6, 0x60, 0x3e,
    0x8, 0x7, 0x86, 0x37, 0xfd, 0xb0, 0x20, 0x1b,
    0xff, 0xff, 0x83, 0xc0, 0x1f, 0xfc, 0x61, 0x88,
    0xff, 0x80, 0x23, 0x77, 0xff, 0x30, 0x7, 0xff,
    0xfc, 0x2, 0x2f, 0xff, 0xeb, 0x0, 0xff, 0xe3,
    0x8c, 0xcf, 0xf7, 0x80, 0x63, 0x66, 0xfe, 0x40,
    0xf, 0xff, 0xa1, 0xbb, 0xff, 0xc4, 0x0, 0x18,
    0x8f, 0xf9, 0x80, 0x3f, 0xf8, 0x60,

    /* U+04D7 "ӗ" */
    0x0, 0xaf, 0xc8, 0x3, 0x6f, 0x80, 0x7d, 0x81,
    0x60, 0x12, 0x91, 0x0, 0x3e, 0x61, 0x6c, 0x9b,
    0xa0, 0x90, 0xf, 0x87, 0xd8, 0x99, 0x11, 0x88,
    0x1, 0xf8, 0x67, 0xbf, 0xd6, 0x60, 0x1f, 0xfc,
    0xd5, 0xbe, 0xff, 0x64, 0x8, 0x7, 0x8b, 0x29,
    0x4, 0x0, 0x6f, 0xca, 0x1, 0x87, 0xc, 0xe,
    0x6e, 0x98, 0x1, 0x4a, 0x1, 0x50, 0x84, 0xe3,
    0x22, 0xcf, 0x10, 0x50, 0x81, 0xa0, 0x33, 0x0,
    0x38, 0x7c, 0x1, 0x21, 0x60, 0xb, 0x0, 0xf8,
    0x90, 0x10, 0xc, 0x1, 0xfb, 0xbf, 0x90, 0xc,
    0x1c, 0x0, 0x45, 0xfc, 0x1, 0x9c, 0x1, 0xff,
    0xff, 0xc0, 0x3, 0x0, 0x18, 0x7, 0xff, 0x2,
    0xc0, 0x10, 0x1, 0xff, 0xc0, 0x35, 0x4, 0xa0,
    0xf, 0x27, 0x18, 0x5, 0x64, 0xb, 0xd2, 0xcc,
    0x7c, 0xb1, 0xe0, 0x8, 0x71, 0x0, 0x5a, 0x65,
    0x6, 0x5, 0xc0, 0x18, 0x6f, 0x18, 0x80, 0x2,
    0x93, 0xa6, 0x0,

    /* U+04D8 "Ә" */
    0x0, 0xe1, 0x6a, 0xdf, 0xf7, 0x64, 0x10, 0x7,
    0xf0, 0xcf, 0x4a, 0x90, 0x0, 0x4d, 0xf6, 0xc8,
    0x3, 0xc9, 0xec, 0x0, 0x15, 0x77, 0x31, 0x0,
    0x13, 0x54, 0x3, 0x8c, 0x40, 0xab, 0xaa, 0x21,
    0x3b, 0x86, 0x0, 0xa5, 0x0, 0xcf, 0x2d, 0xaa,
    0x1, 0xe3, 0xc7, 0x0, 0x50, 0x80, 0x66, 0x90,
    0xf, 0xf4, 0x28, 0x2, 0x0, 0x3f, 0xf8, 0xb6,
    0x0, 0x61, 0x0, 0xff, 0xe2, 0xb, 0x0, 0x10,
    0x3, 0xff, 0x8b, 0xe0, 0x2, 0xdf, 0xff, 0xfe,
    0x24, 0x80, 0x38, 0x3, 0xff, 0x92, 0x20, 0xf,
    0xff, 0xfe, 0x15, 0x0, 0x39, 0x40, 0x8, 0x1,
    0xff, 0xc1, 0xc0, 0x1, 0xe0, 0x3, 0x80, 0x3f,
    0xf8, 0x2, 0xc0, 0x4, 0x51, 0x5, 0x40, 0xf,
    0xfa, 0xc0, 0xc, 0x0, 0x80, 0x5, 0x10, 0x7,
    0xf4, 0x28, 0xc, 0x0, 0x19, 0x40, 0x75, 0x80,
    0x3c, 0x56, 0xe0, 0xa, 0x10, 0xa, 0x94, 0x1,
    0x3d, 0x50, 0xf3, 0x9a, 0x80, 0xb, 0x40, 0xe,
    0xaa, 0x8, 0xa, 0xbc, 0x31, 0x80, 0x13, 0x50,
    0x3, 0xe5, 0xea, 0x52, 0x0, 0x9, 0xbe, 0xd9,
    0x0, 0x60,

    /* U+04D9 "ә" */
    0x0, 0x92, 0xbb, 0xfd, 0xd4, 0xa0, 0x1c, 0x39,
    0x6a, 0x20, 0x1, 0x5a, 0xd2, 0x0, 0xac, 0xc0,
    0x9e, 0x64, 0xe4, 0x5, 0xa4, 0x0, 0xb2, 0x9d,
    0x86, 0x64, 0x6c, 0x0, 0x3c, 0x0, 0x3a, 0xc0,
    0x1e, 0x77, 0x1, 0x30, 0x7, 0xfd, 0x0, 0xd,
    0x0, 0xff, 0xe0, 0x18, 0x2e, 0xff, 0xff, 0xc6,
    0x2, 0x20, 0x1, 0x17, 0xf0, 0x0, 0x54, 0x7,
    0x77, 0xf8, 0x41, 0x70, 0x5, 0x40, 0x3e, 0x61,
    0xd, 0x52, 0xa, 0x40, 0xe, 0x49, 0x2, 0x60,
    0xe0, 0x5, 0xd3, 0x23, 0x55, 0x80, 0x38, 0x0,
    0x78, 0x20, 0xb3, 0x72, 0xa0, 0x38, 0x60, 0x11,
    0xf4, 0xa0, 0x80, 0x9c, 0xf1, 0x80, 0x0,

    /* U+04DA "Ӛ" */
    0x0, 0xf0, 0xe5, 0x88, 0x2, 0xf4, 0x80, 0x3f,
    0xf8, 0xc, 0x68, 0x80, 0x34, 0x2b, 0x0, 0xff,
    0xe0, 0x28, 0x92, 0x1, 0x98, 0x68, 0x3, 0xff,
    0x80, 0x5d, 0xa2, 0x0, 0xce, 0x30, 0xf, 0xfe,
    0xa0, 0xb5, 0x6f, 0xfb, 0xb2, 0x8, 0x3, 0xf8,
    0x67, 0xa5, 0x48, 0x0, 0x26, 0xfb, 0x64, 0x1,
    0xe4, 0xf6, 0x0, 0xa, 0xbb, 0x98, 0x80, 0x9,
    0xaa, 0x1, 0xc6, 0x20, 0x55, 0xd5, 0x10, 0x9d,
    0xc3, 0x0, 0x52, 0x80, 0x67, 0x96, 0xd5, 0x0,
    0xf1, 0xe3, 0x80, 0x28, 0x40, 0x33, 0x48, 0x7,
    0xfa, 0x14, 0x1, 0x0, 0x1f, 0xfc, 0x5b, 0x0,
    0x30, 0x80, 0x7f, 0xf1, 0x5, 0x80, 0x8, 0x1,
    0xff, 0xc5, 0xf0, 0x1, 0x6f, 0xff, 0xff, 0x12,
    0x40, 0x1c, 0x1, 0xff, 0xc9, 0x10, 0x7, 0xff,
    0xff, 0xa, 0x80, 0x1c, 0xa0, 0x4, 0x0, 0xff,
    0xe0, 0xe0, 0x0, 0xf0, 0x1, 0xc0, 0x1f, 0xfc,
    0x1, 0x60, 0x2, 0x28, 0x82, 0xa0, 0x7, 0xfd,
    0x60, 0x6, 0x0, 0x40, 0x2, 0x88, 0x3, 0xfa,
    0x14, 0x6, 0x0, 0xc, 0xa0, 0x3a, 0xc0, 0x1e,
    0x2b, 0x70, 0x5, 0x8, 0x5, 0x4a, 0x0, 0x9e,
    0xa8, 0x79, 0xcd, 0x40, 0x5, 0xa0, 0x7, 0x55,
    0x4, 0x5, 0x5e, 0x18, 0xc0, 0x9, 0xa8, 0x1,
    0xf2, 0xf5, 0x29, 0x0, 0x4, 0xdf, 0x6c, 0x80,
    0x30,

    /* U+04DB "ӛ" */
    0x0, 0x87, 0x2c, 0x40, 0x15, 0xa6, 0x1, 0xe6,
    0x34, 0x40, 0x1a, 0x95, 0x0, 0x79, 0x44, 0x90,
    0xc, 0xc3, 0x40, 0x1e, 0x2e, 0xd1, 0x0, 0x67,
    0x18, 0x7, 0xff, 0x61, 0x2b, 0xbf, 0xdd, 0x4a,
    0x1, 0xc3, 0x96, 0xa2, 0x0, 0x15, 0xad, 0x20,
    0xa, 0xcc, 0x9, 0xe6, 0x4e, 0x40, 0x5a, 0x40,
    0xb, 0x29, 0xd8, 0x66, 0x46, 0xc0, 0x3, 0xc0,
    0x3, 0xac, 0x1, 0xe7, 0x70, 0x13, 0x0, 0x7f,
    0xd0, 0x0, 0xd0, 0xf, 0xfe, 0x1, 0x82, 0xef,
    0xff, 0xfc, 0x60, 0x22, 0x0, 0x11, 0x7f, 0x0,
    0x5, 0x40, 0x77, 0x7f, 0x84, 0x17, 0x0, 0x54,
    0x3, 0xe6, 0x10, 0xd5, 0x20, 0xa4, 0x0, 0xe4,
    0x90, 0x26, 0xe, 0x0, 0x5d, 0x32, 0x35, 0x58,
    0x3, 0x80, 0x7, 0x82, 0xb, 0x37, 0x2a, 0x3,
    0x86, 0x1, 0x1f, 0x4a, 0x8, 0x9, 0xcf, 0x18,
    0x0,

    /* U+04DC "Ӝ" */
    0x0, 0xff, 0x16, 0xd8, 0x0, 0x6f, 0x4, 0x3,
    0xff, 0x91, 0x44, 0x86, 0x8, 0x83, 0x60, 0xf,
    0xfe, 0x45, 0x89, 0x98, 0x10, 0x85, 0x40, 0x3f,
    0xf9, 0x7, 0xd8, 0x0, 0x1d, 0xe2, 0x0, 0xff,
    0xee, 0x57, 0xf9, 0x0, 0x3f, 0x7f, 0xb0, 0x3,
    0xf3, 0xff, 0x9c, 0x1, 0x60, 0x9, 0x0, 0xff,
    0xe3, 0xc, 0x1, 0x38, 0x0, 0x60, 0x9, 0xc0,
    0x3f, 0xf8, 0xb6, 0x0, 0x90, 0xc, 0xe4, 0x10,
    0x20, 0x1f, 0xfc, 0x34, 0x50, 0x54, 0x0, 0xe9,
    0x0, 0x58, 0x7, 0xff, 0xe, 0x40, 0x16, 0x1,
    0xe4, 0x50, 0x53, 0x0, 0xff, 0xe0, 0xb9, 0x4,
    0x8, 0x7, 0xd6, 0x0, 0xe0, 0xf, 0xfe, 0x0,
    0xc0, 0x13, 0x80, 0x7e, 0x19, 0x2, 0x60, 0xf,
    0xfa, 0x0, 0x12, 0x1, 0xfe, 0x63, 0x8, 0x10,
    0xf, 0xe3, 0x60, 0x54, 0x0, 0xff, 0xbc, 0x7,
    0xbf, 0xe0, 0x1, 0xff, 0xd8, 0x0, 0xb0, 0xf,
    0xfe, 0x2, 0x80, 0x7f, 0xf0, 0xcc, 0x3, 0xfe,
    0x18, 0x0, 0x3c, 0x44, 0x0, 0x18, 0x89, 0x80,
    0x1c, 0x1, 0xff, 0x58, 0x83, 0x43, 0xbc, 0x0,
    0x27, 0x7a, 0x4c, 0xd, 0xc0, 0x3f, 0x91, 0x40,
    0x60, 0x3, 0xfe, 0xe0, 0x4, 0x10, 0x7, 0xea,
    0x0, 0x58, 0x80, 0x7f, 0xc4, 0xe0, 0x9, 0x0,
    0xfa, 0x44, 0x11, 0x40, 0x3f, 0xf8, 0x30, 0x40,
    0x8c, 0x1, 0xc6, 0xc0, 0xa, 0x0, 0xff, 0xe1,
    0xf0, 0x2, 0x4, 0x3, 0x70, 0x2, 0x44, 0x3,
    0xff, 0x86, 0x6c, 0x3, 0x60, 0x14, 0x10, 0x1b,
    0x0, 0x7f, 0xf1, 0x60, 0x41, 0x54, 0x4, 0xe0,
    0xe, 0x0, 0xff, 0xe3, 0xd, 0x80, 0x2c, 0x40,

    /* U+04DD "ӝ" */
    0x0, 0xfd, 0x7e, 0xa0, 0x8, 0xf7, 0x0, 0xff,
    0xe1, 0x92, 0x7, 0x80, 0x18, 0x24, 0x3, 0xff,
    0x86, 0x4c, 0x5c, 0x0, 0x92, 0x80, 0xf, 0xfe,
    0x24, 0xea, 0x0, 0x1f, 0x58, 0x3, 0xff, 0xab,
    0xdf, 0xa0, 0x1e, 0x7f, 0xf1, 0x80, 0x71, 0xff,
    0xac, 0x1, 0x60, 0x50, 0x1, 0xff, 0xc2, 0xf0,
    0x5, 0x0, 0x15, 0x1, 0xc8, 0x3, 0xff, 0x80,
    0xc6, 0x10, 0x20, 0x15, 0x0, 0x24, 0x3, 0xfe,
    0x18, 0x2, 0x70, 0xc, 0x30, 0x8, 0xa0, 0x1f,
    0xe8, 0x10, 0xe0, 0xf, 0x39, 0x5, 0x80, 0x7f,
    0x1b, 0x3, 0x18, 0x7, 0xdc, 0x3, 0x28, 0x8d,
    0x0, 0x22, 0x5e, 0x3, 0x0, 0x1f, 0x8d, 0x1,
    0xae, 0xca, 0x0, 0x8b, 0xb1, 0x84, 0x88, 0x7,
    0xe3, 0x40, 0xf, 0xfe, 0x4, 0x80, 0x7f, 0x70,
    0x2, 0xff, 0xd0, 0x0, 0xcf, 0xf3, 0x80, 0xd0,
    0x7, 0xd0, 0x40, 0xc8, 0x1, 0xfa, 0x8, 0x15,
    0x40, 0x1c, 0x8e, 0x3, 0x20, 0x1f, 0xee, 0x0,
    0x58, 0x80, 0x6a, 0x0, 0x50, 0x7, 0xfc, 0x70,
    0x3, 0x60, 0x14, 0x88, 0x32, 0x0, 0x7f, 0xf0,
    0x1c, 0xc1, 0x58, 0x11, 0x80, 0xa4, 0x3, 0xff,
    0x85, 0xc0, 0x9, 0x20,

    /* U+04DE "Ӟ" */
    0x0, 0x8f, 0x68, 0x0, 0x39, 0x81, 0x0, 0xfd,
    0x44, 0xa6, 0xe, 0x66, 0x70, 0xf, 0xda, 0x6,
    0x60, 0x41, 0x24, 0x0, 0xfc, 0x9f, 0x80, 0x2,
    0xed, 0x20, 0xf, 0xfe, 0x6a, 0xce, 0x77, 0xfb,
    0xad, 0x84, 0x3, 0xa3, 0xe9, 0x8c, 0x40, 0x2,
    0x93, 0xcc, 0x1, 0x8c, 0x0, 0x2a, 0xf3, 0xc,
    0x20, 0x9, 0x60, 0xb, 0x57, 0x3a, 0xa1, 0x9e,
    0x79, 0xc0, 0x10, 0x1, 0x35, 0x18, 0x7, 0xd0,
    0x60, 0x26, 0x1, 0xff, 0xc1, 0x40, 0x3, 0x80,
    0x7f, 0xf0, 0x44, 0x0, 0xa0, 0x1f, 0xfc, 0x2,
    0x60, 0x41, 0x0, 0xe4, 0x4e, 0x59, 0xd0, 0x2a,
    0x0, 0xf5, 0xdf, 0x53, 0x0, 0x38, 0x40, 0x3f,
    0xf8, 0x79, 0x0, 0x1e, 0xff, 0xf6, 0x38, 0x1,
    0xd8, 0x3, 0xfe, 0x38, 0xc0, 0x5, 0x80, 0x7f,
    0xf0, 0x4c, 0xc0, 0x42, 0x1, 0xff, 0xc1, 0x70,
    0xc, 0x20, 0x1f, 0xf2, 0x80, 0x89, 0xbd, 0xc4,
    0x3, 0xe1, 0xb1, 0x6, 0xa, 0x18, 0xec, 0x97,
    0x66, 0x45, 0xf2, 0x1, 0x40, 0x72, 0x80, 0xd,
    0xa2, 0x64, 0xe8, 0x0, 0x5c, 0x0, 0x15, 0x74,
    0x21, 0x0, 0x42, 0x6f, 0xb4, 0x20, 0x0,

    /* U+04DF "ӟ" */
    0x0, 0x8f, 0x68, 0x0, 0x39, 0x81, 0x0, 0xe9,
    0x25, 0x20, 0x73, 0x32, 0x0, 0x77, 0x2, 0x10,
    0x20, 0x92, 0x0, 0x72, 0x7d, 0x80, 0xb, 0xb4,
    0x40, 0x3f, 0xfa, 0x84, 0xf9, 0xdf, 0xed, 0xa5,
    0x0, 0xcd, 0xb0, 0x62, 0x0, 0x25, 0xad, 0x20,
    0x2, 0x81, 0x34, 0xd5, 0x1c, 0x80, 0xbc, 0x0,
    0x79, 0xb2, 0xca, 0xa8, 0xd4, 0x2, 0x30, 0x1,
    0x80, 0x7d, 0x80, 0x7, 0x0, 0xfe, 0x59, 0x1,
    0x40, 0xd, 0x5f, 0xfa, 0x84, 0x5a, 0x1, 0xc2,
    0x1, 0xeb, 0x30, 0xe, 0xbf, 0xfb, 0xa8, 0xaa,
    0xc0, 0x3f, 0x85, 0x78, 0x12, 0x0, 0x3f, 0xc4,
    0x0, 0x30, 0x64, 0x0, 0xfa, 0x0, 0x4, 0x11,
    0x7b, 0x2c, 0xaa, 0x7d, 0x60, 0x5, 0x8a, 0x81,
    0x34, 0xd5, 0x20, 0x80, 0x6c, 0x86, 0xf5, 0xcc,
    0x40, 0x2, 0x93, 0xc8, 0x0,

    /* U+04E0 "Ӡ" */
    0x6, 0xff, 0xff, 0xe0, 0x90, 0x7, 0xff, 0x1d,
    0x22, 0x3f, 0x8c, 0x0, 0xa4, 0x0, 0x27, 0x7f,
    0xc4, 0x60, 0x94, 0x1, 0xff, 0x25, 0x1, 0xd8,
    0x7, 0xfc, 0x76, 0x5, 0xa0, 0x1f, 0xf1, 0x68,
    0xf, 0x88, 0x7, 0xf8, 0x70, 0x45, 0x84, 0x1,
    0xff, 0x48, 0x80, 0xfd, 0x28, 0x7, 0xf8, 0x40,
    0x22, 0x5a, 0xd2, 0x0, 0xfd, 0x19, 0x8b, 0x82,
    0x2, 0xc1, 0x0, 0xf8, 0x4c, 0xc8, 0xfa, 0xc0,
    0x30, 0x1, 0xff, 0xc1, 0x91, 0x7, 0x0, 0xff,
    0xe1, 0x28, 0x8, 0x7, 0xff, 0x9, 0xc0, 0x31,
    0x18, 0x7, 0xf0, 0x98, 0x10, 0x2, 0xf2, 0x48,
    0x3, 0xc5, 0x80, 0xa, 0x0, 0x38, 0x36, 0xe4,
    0xbb, 0xa2, 0xf4, 0x80, 0xdc, 0x1, 0x88, 0x0,
    0x36, 0x88, 0x3a, 0x0, 0x17, 0x40, 0x22, 0xbd,
    0x84, 0x10, 0x8, 0x9b, 0x28, 0x40, 0x0,

    /* U+04E1 "ӡ" */
    0xd, 0xff, 0xff, 0xe0, 0x0, 0x7f, 0xf1, 0x62,
    0x67, 0xf1, 0x80, 0x1c, 0x0, 0xac, 0xdf, 0x19,
    0x81, 0x60, 0x3, 0xf8, 0xe8, 0xe, 0x80, 0x3f,
    0x8b, 0x40, 0x74, 0x3, 0xf8, 0x7c, 0x43, 0x4,
    0x3, 0xfb, 0x48, 0x2c, 0x80, 0x3f, 0x9c, 0xc0,
    0x13, 0x4a, 0x1, 0xfb, 0xc0, 0x22, 0x5a, 0xc1,
    0x0, 0xf5, 0x5d, 0xa9, 0xc4, 0xf, 0x40, 0x3c,
    0x48, 0x85, 0x8e, 0x30, 0x36, 0x0, 0xff, 0xb8,
    0x1, 0xa0, 0x1f, 0xf1, 0x8, 0x30, 0x7, 0xff,
    0x0, 0x40, 0x41, 0x80, 0x3f, 0x90, 0x0, 0xa3,
    0x3a, 0x80, 0x1e, 0x2a, 0x0, 0x52, 0x1, 0x5e,
    0xcb, 0x2b, 0xd6, 0x88, 0x31, 0xad, 0x8, 0x13,
    0x4d, 0x42, 0x80, 0x1e, 0x40, 0xb, 0xd4, 0xa4,
    0x1, 0x13, 0x6c, 0x0, 0x0,

    /* U+04E2 "Ӣ" */
    0x0, 0x87, 0xff, 0xf8, 0x3, 0xe1, 0x55, 0xfe,
    0x0, 0xfd, 0x55, 0xfc, 0x1, 0xff, 0xc9, 0xff,
    0x68, 0x7, 0xf8, 0x7b, 0xfc, 0x1, 0xff, 0xc1,
    0xa1, 0x0, 0xff, 0xe1, 0x3a, 0x0, 0x7f, 0xf0,
    0x8e, 0x0, 0x3f, 0xf8, 0x43, 0xa0, 0x1f, 0xfc,
    0x3a, 0x10, 0x63, 0x0, 0xff, 0x9d, 0x0, 0xe4,
    0x3, 0xfe, 0x38, 0x1, 0xe0, 0xf, 0xf8, 0x74,
    0x1, 0x44, 0x1, 0xff, 0x50, 0x83, 0xa0, 0x7,
    0xfc, 0xe8, 0x7, 0x0, 0x1f, 0xf1, 0xc0, 0xe,
    0x80, 0x7f, 0xc3, 0xa0, 0xa, 0x10, 0xf, 0xfa,
    0x84, 0x1d, 0x0, 0x3f, 0xe7, 0x40, 0x38, 0x0,
    0xff, 0x8a, 0x0, 0x74, 0x3, 0xff, 0x87, 0x42,
    0x1, 0xff, 0xc2, 0x74, 0x0, 0xff, 0xe1, 0x24,
    0x0, 0x7f, 0xf0, 0x86, 0x80, 0x3f, 0xf8, 0x20,

    /* U+04E3 "ӣ" */
    0x0, 0xbf, 0xff, 0x84, 0x3, 0x95, 0x7f, 0x80,
    0x3d, 0x55, 0xfc, 0x20, 0x1f, 0xfd, 0x46, 0xff,
    0x20, 0x7, 0xc3, 0xdf, 0xa0, 0x1f, 0xf6, 0x88,
    0x7, 0xff, 0x2, 0x8c, 0x3, 0xff, 0x81, 0xa,
    0x1, 0xff, 0xc0, 0x57, 0x3, 0x10, 0xf, 0xe3,
    0xa0, 0x1d, 0x30, 0xf, 0xc3, 0xa0, 0xc, 0x10,
    0xf, 0xed, 0x10, 0xb2, 0x0, 0xfe, 0xa3, 0x8,
    0x40, 0xf, 0xe8, 0x50, 0x57, 0x0, 0xfe, 0xe7,
    0x3, 0xa0, 0xf, 0xf2, 0x80, 0xe8, 0x7, 0xff,
    0x7, 0x4, 0x3, 0xff, 0x81, 0x44, 0x1, 0xff,
    0xc0, 0x85, 0x0, 0xff, 0x0,

    /* U+04E4 "Ӥ" */
    0x0, 0xc5, 0x96, 0x1, 0x5e, 0x10, 0x7, 0xea,
    0x34, 0x40, 0x2a, 0x1a, 0x80, 0x7e, 0xb1, 0x25,
    0x4, 0x21, 0x50, 0xf, 0xc7, 0xda, 0x20, 0x3b,
    0xc4, 0x1, 0xff, 0xc9, 0xff, 0x68, 0x7, 0xf8,
    0x7b, 0xfc, 0x1, 0xff, 0xc1, 0xa1, 0x0, 0xff,
    0xe1, 0x3a, 0x0, 0x7f, 0xf0, 0x8e, 0x0, 0x3f,
    0xf8, 0x43, 0xa0, 0x1f, 0xfc, 0x3a, 0x10, 0x63,
    0x0, 0xff, 0x9d, 0x0, 0xe4, 0x3, 0xfe, 0x38,
    0x1, 0xe0, 0xf, 0xf8, 0x74, 0x1, 0x44, 0x1,
    0xff, 0x50, 0x83, 0xa0, 0x7, 0xfc, 0xe8, 0x7,
    0x0, 0x1f, 0xf1, 0xc0, 0xe, 0x80, 0x7f, 0xc3,
    0xa0, 0xa, 0x10, 0xf, 0xfa, 0x84, 0x1d, 0x0,
    0x3f, 0xe7, 0x40, 0x38, 0x0, 0xff, 0x8a, 0x0,
    0x74, 0x3, 0xff, 0x87, 0x42, 0x1, 0xff, 0xc2,
    0x74, 0x0, 0xff, 0xe1, 0x24, 0x0, 0x7f, 0xf0,
    0x86, 0x80, 0x3f, 0xf8, 0x20,

    /* U+04E5 "ӥ" */
    0x0, 0x8b, 0xb4, 0x40, 0x19, 0xc6, 0x1, 0xe5,
    0x12, 0x40, 0x43, 0x1b, 0x0, 0xf3, 0x1a, 0x20,
    0x11, 0x5, 0x40, 0x1e, 0x1c, 0xb1, 0x0, 0x5e,
    0x90, 0x7, 0xff, 0x19, 0xbf, 0xc8, 0x1, 0xf0,
    0xf7, 0xe8, 0x7, 0xfd, 0xa2, 0x1, 0xff, 0xc0,
    0xa3, 0x0, 0xff, 0xe0, 0x42, 0x80, 0x7f, 0xf0,
    0x15, 0xc0, 0xc4, 0x3, 0xf8, 0xe8, 0x7, 0x4c,
    0x3, 0xf0, 0xe8, 0x3, 0x4, 0x3, 0xfb, 0x44,
    0x2c, 0x80, 0x3f, 0xa8, 0xc2, 0x10, 0x3, 0xfa,
    0x14, 0x15, 0xc0, 0x3f, 0xb9, 0xc0, 0xe8, 0x3,
    0xfc, 0xa0, 0x3a, 0x1, 0xff, 0xc1, 0xc1, 0x0,
    0xff, 0xe0, 0x51, 0x0, 0x7f, 0xf0, 0x21, 0x40,
    0x3f, 0xc0,

    /* U+04E6 "Ӧ" */
    0x0, 0xfa, 0x75, 0x0, 0xf, 0xac, 0x1, 0xff,
    0xc1, 0x26, 0x2e, 0x0, 0x49, 0x40, 0x7, 0xff,
    0x4, 0x90, 0x3c, 0x0, 0xc1, 0x20, 0x1f, 0xfc,
    0x2b, 0xf5, 0x0, 0x47, 0xb8, 0x7, 0xff, 0x5c,
    0xa3, 0x3b, 0xfd, 0xd6, 0xc2, 0x1, 0xfe, 0x1a,
    0xd7, 0x31, 0x0, 0xa, 0x4f, 0x40, 0x7, 0xe3,
    0xf5, 0x0, 0x13, 0x3b, 0x94, 0x40, 0xf, 0x82,
    0x1, 0xc7, 0x82, 0x7, 0x9b, 0x31, 0xa, 0xea,
    0x10, 0x3c, 0x10, 0xd, 0xa0, 0x6, 0xc3, 0x0,
    0xf2, 0xf9, 0x81, 0x58, 0x5, 0x2, 0xb, 0x20,
    0x1f, 0xc3, 0xa2, 0xa, 0x80, 0x7, 0x0, 0x58,
    0x7, 0xfc, 0x36, 0x0, 0xe0, 0x40, 0x2, 0x88,
    0x7, 0xff, 0x1, 0x44, 0x14, 0xc, 0x1, 0x80,
    0x1f, 0xfc, 0x25, 0x0, 0x17, 0x80, 0x8, 0x3,
    0xff, 0x84, 0x40, 0x1, 0x0, 0xff, 0xe5, 0x78,
    0x0, 0x80, 0x3f, 0xf8, 0x44, 0x0, 0x13, 0x0,
    0x60, 0x7, 0xff, 0x9, 0x40, 0x4, 0x80, 0x5,
    0x10, 0xf, 0xfe, 0x2, 0x88, 0x28, 0x1, 0xc0,
    0x16, 0x1, 0xff, 0xd, 0x80, 0x38, 0x1, 0x2,
    0xb, 0x20, 0x1f, 0xc3, 0xa2, 0xa, 0x80, 0x16,
    0x80, 0x1b, 0xc, 0x3, 0xcb, 0xe6, 0x5, 0x60,
    0x18, 0xf0, 0x40, 0xf3, 0x66, 0x21, 0x5d, 0x42,
    0x7, 0x82, 0x1, 0xc7, 0xea, 0x0, 0x26, 0x77,
    0x28, 0x80, 0x1f, 0x4, 0x3, 0xe1, 0xad, 0x73,
    0x10, 0x0, 0xa4, 0xf4, 0x0, 0x70,

    /* U+04E7 "ӧ" */
    0x0, 0xd3, 0xa8, 0x0, 0x6d, 0x70, 0xf, 0x85,
    0x8b, 0xc0, 0x16, 0x50, 0x1, 0xf0, 0xa8, 0x70,
    0x2, 0x81, 0xc0, 0x3f, 0x57, 0xa8, 0x1, 0xfe,
    0x0, 0x3f, 0xfb, 0x89, 0x5d, 0xfe, 0xd9, 0x30,
    0xf, 0xd, 0xd9, 0x44, 0x0, 0x4d, 0x94, 0x1,
    0x87, 0x10, 0x5, 0xa6, 0x4c, 0x20, 0xb8, 0x1,
    0x59, 0x2, 0xf4, 0xb3, 0x27, 0xd0, 0xe, 0x40,
    0xd4, 0xe, 0x80, 0x38, 0x6c, 0x81, 0x86, 0xc0,
    0x10, 0x1, 0xfa, 0xc0, 0xe, 0x60, 0x4, 0x0,
    0xfc, 0x80, 0xf, 0x70, 0xf, 0xf8, 0xc0, 0x6,
    0xe0, 0x1f, 0xf1, 0x80, 0xc, 0xc0, 0x5, 0x0,
    0xfc, 0x80, 0xf, 0xa0, 0x4, 0x80, 0x7e, 0xb0,
    0x3, 0x92, 0x81, 0xd0, 0x7, 0xd, 0x90, 0x38,
    0x85, 0x90, 0x2f, 0x4b, 0x32, 0x7d, 0x0, 0xe0,
    0x0, 0x38, 0x80, 0x2d, 0x32, 0x61, 0x5, 0xc0,
    0xc, 0x37, 0x65, 0x10, 0x1, 0x36, 0x50, 0x4,

    /* U+04E8 "Ө" */
    0x0, 0xf1, 0x46, 0x77, 0xfb, 0xad, 0x84, 0x3,
    0xfc, 0x35, 0xae, 0x62, 0x0, 0x14, 0x9e, 0x80,
    0xf, 0xc7, 0xea, 0x0, 0x26, 0x77, 0x28, 0x80,
    0x1f, 0x4, 0x3, 0x8f, 0x4, 0xe, 0xf6, 0x62,
    0x15, 0xd2, 0x20, 0x78, 0x20, 0x1b, 0x40, 0xd,
    0x88, 0x1, 0xe6, 0xf3, 0x2, 0xb0, 0xa, 0x4,
    0x16, 0x40, 0x3f, 0x87, 0x44, 0x15, 0x0, 0xe,
    0x0, 0xb0, 0xf, 0xf8, 0x6c, 0x1, 0xc0, 0x80,
    0x5, 0x10, 0xf, 0xfe, 0x2, 0x88, 0x28, 0x18,
    0x0, 0xcf, 0xff, 0x86, 0x40, 0x2, 0xf0, 0x3,
    0x66, 0x7f, 0xf0, 0x8c, 0x0, 0x20, 0x1f, 0xfc,
    0xaf, 0x0, 0x57, 0xff, 0xff, 0x9, 0x40, 0x2,
    0x60, 0xf, 0x0, 0xff, 0xe1, 0x20, 0x0, 0x90,
    0x0, 0xa2, 0x1, 0xff, 0xc0, 0x51, 0x5, 0x0,
    0x38, 0x2, 0xc0, 0x3f, 0xe1, 0xb0, 0x7, 0x0,
    0x20, 0x41, 0x60, 0x3, 0xf8, 0x74, 0x41, 0x50,
    0x2, 0xd0, 0x3, 0xd9, 0x80, 0x79, 0x7c, 0xc0,
    0xac, 0x3, 0x1e, 0x8, 0x26, 0x6c, 0xc4, 0x2b,
    0xa8, 0x40, 0xf0, 0x40, 0x38, 0xfd, 0x40, 0x4,
    0xce, 0xe5, 0x10, 0x3, 0xe0, 0x80, 0x7c, 0x35,
    0xae, 0x62, 0x0, 0x14, 0x9e, 0x80, 0xe,

    /* U+04E9 "ө" */
    0x0, 0xc9, 0x5d, 0xfe, 0xd9, 0x30, 0xf, 0xd,
    0xd9, 0x44, 0x0, 0x4d, 0x94, 0x1, 0x87, 0x10,
    0x5, 0xa6, 0x4c, 0x20, 0xb8, 0x1, 0x59, 0x2,
    0xf4, 0xb3, 0x27, 0xd0, 0xe, 0x40, 0xd4, 0xe,
    0x80, 0x38, 0x6c, 0x81, 0x86, 0xc0, 0x10, 0x1,
    0xfa, 0xc0, 0xe, 0x60, 0xa, 0xee, 0xfd, 0x0,
    0xf, 0x70, 0x0, 0x8f, 0xf8, 0x0, 0x6e, 0x0,
    0xff, 0xfe, 0xd0, 0x1, 0x98, 0x0, 0x80, 0x1f,
    0x90, 0x1, 0xf4, 0x0, 0x80, 0xf, 0xd6, 0x0,
    0x72, 0x50, 0x3a, 0x0, 0xe1, 0xb2, 0x7, 0x10,
    0xb2, 0x5, 0xe9, 0x66, 0x4f, 0xa0, 0x1c, 0x0,
    0x7, 0x10, 0x5, 0xa6, 0x4c, 0x20, 0xb8, 0x1,
    0x86, 0xec, 0xa2, 0x0, 0x26, 0xca, 0x0, 0x80,

    /* U+04EA "Ӫ" */
    0x0, 0xfa, 0x75, 0x0, 0xf, 0xac, 0x1, 0xff,
    0xc1, 0x26, 0x2e, 0x0, 0x49, 0x40, 0x7, 0xff,
    0x4, 0x90, 0x3c, 0x0, 0xc1, 0x20, 0x1f, 0xfc,
    0x2b, 0xf5, 0x0, 0x47, 0xb8, 0x7, 0xff, 0x5c,
    0xa3, 0x3b, 0xfd, 0xd6, 0xc2, 0x1, 0xfe, 0x1a,
    0xd7, 0x31, 0x0, 0xa, 0x4f, 0x40, 0x7, 0xe3,
    0xf5, 0x0, 0x13, 0x3b, 0x94, 0x40, 0xf, 0x82,
    0x1, 0xc7, 0x82, 0x7, 0x7b, 0x31, 0xa, 0xe9,
    0x10, 0x3c, 0x10, 0xd, 0xa0, 0x6, 0xc4, 0x0,
    0xf3, 0x79, 0x81, 0x58, 0x5, 0x2, 0xb, 0x20,
    0x1f, 0xc3, 0xa2, 0xa, 0x80, 0x7, 0x0, 0x58,
    0x7, 0xfc, 0x36, 0x0, 0xe0, 0x40, 0x2, 0x88,
    0x7, 0xff, 0x1, 0x44, 0x14, 0xc, 0x0, 0x67,
    0xff, 0xc3, 0x20, 0x1, 0x78, 0x1, 0xb3, 0x3f,
    0xf8, 0x46, 0x0, 0x10, 0xf, 0xfe, 0x57, 0x80,
    0x2b, 0xff, 0xff, 0x84, 0xa0, 0x1, 0x30, 0x7,
    0x80, 0x7f, 0xf0, 0x90, 0x0, 0x48, 0x0, 0x51,
    0x0, 0xff, 0xe0, 0x28, 0x82, 0x80, 0x1c, 0x1,
    0x60, 0x1f, 0xf0, 0xd8, 0x3, 0x80, 0x10, 0x20,
    0xb0, 0x1, 0xfc, 0x3a, 0x20, 0xa8, 0x1, 0x68,
    0x1, 0xec, 0xc0, 0x3c, 0xbe, 0x60, 0x56, 0x1,
    0x8f, 0x4, 0x13, 0x36, 0x62, 0x15, 0xd4, 0x20,
    0x78, 0x20, 0x1c, 0x7e, 0xa0, 0x2, 0x67, 0x72,
    0x88, 0x1, 0xf0, 0x40, 0x3e, 0x1a, 0xd7, 0x31,
    0x0, 0xa, 0x4f, 0x40, 0x7, 0x0,

    /* U+04EB "ӫ" */
    0x0, 0xd3, 0xa8, 0x0, 0x6d, 0x70, 0xf, 0x85,
    0x8b, 0xc0, 0x16, 0x50, 0x1, 0xf0, 0xa8, 0x70,
    0x2, 0x81, 0xc0, 0x3f, 0x57, 0xa8, 0x1, 0xfe,
    0x0, 0x3f, 0xfb, 0x89, 0x5d, 0xfe, 0xd9, 0x30,
    0xf, 0xd, 0xd9, 0x44, 0x0, 0x4d, 0x94, 0x1,
    0x87, 0x10, 0x5, 0xa6, 0x4c, 0x20, 0xb8, 0x1,
    0x59, 0x2, 0xf4, 0xb3, 0x27, 0xd0, 0xe, 0x40,
    0xd4, 0xe, 0x80, 0x38, 0x6c, 0x81, 0x86, 0xc0,
    0x10, 0x1, 0xfa, 0xc0, 0xe, 0x60, 0xa, 0xee,
    0xfd, 0x0, 0xf, 0x70, 0x0, 0x8f, 0xf8, 0x0,
    0x6e, 0x0, 0xff, 0xfe, 0xd0, 0x1, 0x98, 0x0,
    0x80, 0x1f, 0x90, 0x1, 0xf4, 0x0, 0x80, 0xf,
    0xd6, 0x0, 0x72, 0x50, 0x3a, 0x0, 0xe1, 0xb2,
    0x7, 0x10, 0xb2, 0x5, 0xe9, 0x66, 0x4f, 0xa0,
    0x1c, 0x0, 0x7, 0x10, 0x5, 0xa6, 0x4c, 0x20,
    0xb8, 0x1, 0x86, 0xec, 0xa2, 0x0, 0x26, 0xca,
    0x0, 0x80,

    /* U+04EC "Ӭ" */
    0x0, 0xe8, 0xd4, 0x0, 0x36, 0xb8, 0x7, 0xfc,
    0xe5, 0x0, 0xb, 0x28, 0x0, 0xff, 0x94, 0x28,
    0x1, 0x40, 0xc0, 0x1f, 0xf5, 0x7b, 0x0, 0x1f,
    0xe4, 0x3, 0xff, 0xa2, 0xb5, 0xbf, 0xf6, 0x41,
    0x80, 0x7e, 0x5e, 0xa5, 0x20, 0x8, 0xdf, 0x2c,
    0x40, 0x3a, 0x68, 0x40, 0x8, 0xee, 0x62, 0x0,
    0x27, 0x98, 0x6, 0x20, 0x19, 0xfb, 0x88, 0x4e,
    0xe1, 0x80, 0xe9, 0x0, 0x56, 0xde, 0xc0, 0x1e,
    0x3c, 0x50, 0x1e, 0x0, 0xd2, 0x20, 0x1f, 0xd4,
    0x40, 0x6a, 0x1, 0xff, 0xc3, 0x90, 0x7, 0x0,
    0x7f, 0xf0, 0xd0, 0x41, 0x0, 0x3e, 0x44, 0xfe,
    0x20, 0x1, 0x80, 0x70, 0xdd, 0xff, 0x18, 0x1,
    0xc0, 0x3f, 0xf9, 0x83, 0xff, 0xfc, 0xa0, 0x7,
    0x0, 0xff, 0xe1, 0xa0, 0x0, 0xc0, 0x3f, 0xf8,
    0x48, 0x20, 0x80, 0x1f, 0xfc, 0x39, 0x0, 0x70,
    0x5, 0x22, 0x1, 0xfd, 0x44, 0x6, 0xa0, 0xb,
    0x6f, 0x60, 0xf, 0x1e, 0x28, 0xf, 0x0, 0x44,
    0x3, 0x3f, 0x71, 0x9, 0xdc, 0x30, 0x1d, 0x20,
    0xa, 0x68, 0x40, 0x8, 0xee, 0x62, 0x0, 0x27,
    0x98, 0x7, 0x2f, 0x52, 0x90, 0x4, 0x6f, 0x96,
    0x20, 0x18,

    /* U+04ED "ӭ" */
    0x0, 0x8f, 0x68, 0x0, 0x39, 0x81, 0x0, 0xf4,
    0x92, 0x90, 0x39, 0x99, 0x0, 0x3d, 0xc0, 0x84,
    0x8, 0x24, 0x80, 0x1e, 0x4f, 0xb0, 0x1, 0x76,
    0x88, 0x7, 0xff, 0x61, 0xaf, 0xbf, 0xdb, 0x48,
    0x1, 0xcb, 0xd2, 0x82, 0x0, 0x25, 0xbb, 0x8,
    0x0, 0x68, 0x44, 0xf7, 0x98, 0x93, 0x4, 0xf1,
    0x1, 0xc7, 0xe8, 0x43, 0x33, 0x64, 0x0, 0xe8,
    0x0, 0xe0, 0x3, 0xe7, 0x70, 0x1a, 0x0, 0x7f,
    0xd0, 0x0, 0xe0, 0xc, 0x3f, 0xff, 0x0, 0x1c,
    0x3, 0xff, 0x84, 0x60, 0x18, 0x7f, 0xfe, 0x40,
    0x30, 0xf, 0xfe, 0x2, 0x3, 0x80, 0x7f, 0xd0,
    0x0, 0xe0, 0x5c, 0x20, 0xf, 0x3b, 0x81, 0x10,
    0x34, 0x7b, 0x2a, 0x68, 0xfb, 0x0, 0x54, 0x3,
    0x42, 0xd, 0x59, 0x70, 0x40, 0x98, 0x20, 0x5,
    0xe9, 0x41, 0x0, 0x12, 0xdd, 0x84, 0x0,

    /* U+04EE "Ӯ" */
    0x0, 0xef, 0xff, 0xe1, 0x0, 0xff, 0x2a, 0xff,
    0x8, 0x7, 0xfa, 0xab, 0xf8, 0x3, 0xff, 0x9c,
    0x9f, 0xeb, 0x0, 0xff, 0xe0, 0x77, 0xe8, 0x21,
    0x82, 0x18, 0x7, 0xf9, 0xc4, 0x24, 0x1, 0xe0,
    0x8, 0x0, 0xff, 0x48, 0x1a, 0x0, 0xd, 0x1,
    0xc, 0x3, 0xf4, 0x8, 0x78, 0x6, 0x90, 0x4,
    0x0, 0x7c, 0x2e, 0x8, 0x60, 0x18, 0x94, 0x10,
    0xc0, 0x3d, 0x20, 0x9, 0x0, 0xf4, 0x0, 0x3c,
    0x3, 0x85, 0xc1, 0x88, 0x3, 0xc4, 0xc0, 0x68,
    0x1, 0xa0, 0x1, 0x0, 0x1f, 0xa0, 0x1, 0x0,
    0x11, 0x30, 0x38, 0x80, 0x7e, 0x17, 0x3, 0x40,
    0x4, 0x0, 0x24, 0x3, 0xfd, 0x22, 0x10, 0x4,
    0xa1, 0x2, 0x1, 0xfe, 0x19, 0x3, 0x49, 0x1,
    0x70, 0xf, 0xfe, 0x3, 0x88, 0x52, 0x4, 0x0,
    0x7f, 0xf0, 0xa0, 0x4, 0x9, 0x80, 0x3f, 0xf8,
    0x4c, 0x20, 0x8, 0x0, 0xff, 0xe1, 0x88, 0x80,
    0xd4, 0x3, 0xff, 0x87, 0xa0, 0x8, 0x0, 0xff,
    0x86, 0xa2, 0x1c, 0x60, 0xc8, 0x1, 0xff, 0x32,
    0xbb, 0x84, 0x12, 0x40, 0x3f, 0xf8, 0x4, 0x60,
    0x2, 0x9b, 0x0, 0xff, 0x80,

    /* U+04EF "ӯ" */
    0x0, 0xdf, 0xff, 0xc6, 0x1, 0xf2, 0xaf, 0xf0,
    0x80, 0x7d, 0x55, 0xfc, 0x40, 0x1f, 0xfd, 0xaa,
    0xff, 0x10, 0x7, 0xf7, 0xfa, 0x42, 0x40, 0x16,
    0x1, 0xf9, 0xc0, 0x16, 0x6, 0x60, 0x61, 0x0,
    0xfa, 0x41, 0x8, 0x1, 0x0, 0x6, 0x0, 0xf2,
    0x88, 0x78, 0x4, 0x84, 0x12, 0x1, 0xe9, 0x2,
    0x40, 0xd, 0x60, 0x2a, 0x1, 0x8c, 0xc1, 0x0,
    0x1c, 0xc2, 0x10, 0x1, 0xa4, 0x5, 0x40, 0x3d,
    0x20, 0x48, 0x0, 0x15, 0x9, 0x0, 0xf9, 0x80,
    0x1e, 0x0, 0x90, 0x3, 0x0, 0x7c, 0x2c, 0x8,
    0x40, 0xe0, 0xc2, 0x1, 0xfa, 0xc0, 0x16, 0xe0,
    0xb, 0x0, 0xfe, 0x24, 0x6, 0x90, 0x52, 0x0,
    0xff, 0x40, 0x0, 0x42, 0x40, 0x3f, 0xe3, 0x30,
    0x0, 0xcc, 0x1, 0xff, 0xc0, 0xb0, 0x4, 0x80,
    0x7f, 0xf0, 0x68, 0x9, 0x40, 0x3e, 0x10, 0xc,
    0xc4, 0x16, 0x1, 0xfb, 0x71, 0x96, 0x24, 0x9,
    0x80, 0x3e, 0x43, 0x34, 0xd3, 0x80, 0xf8, 0x7,
    0xe4, 0xb4, 0x10, 0x16, 0xf2, 0x0, 0xfc,

    /* U+04F0 "Ӱ" */
    0x0, 0xe2, 0xcb, 0x0, 0xaf, 0x8, 0x3, 0xfe,
    0x53, 0x45, 0x4, 0x41, 0xd0, 0x7, 0xfc, 0xa2,
    0x48, 0xa, 0x43, 0x60, 0x1f, 0xf1, 0x76, 0x88,
    0xe, 0xf1, 0x80, 0x7f, 0xf3, 0x93, 0xfd, 0x60,
    0x1f, 0xfc, 0xe, 0xfd, 0x4, 0x30, 0x43, 0x0,
    0xff, 0x38, 0x84, 0x80, 0x3c, 0x1, 0x0, 0x1f,
    0xe9, 0x3, 0x40, 0x1, 0xa0, 0x21, 0x80, 0x7e,
    0x81, 0xf, 0x0, 0xd2, 0x0, 0x80, 0xf, 0x85,
    0xc1, 0xc, 0x3, 0x12, 0x82, 0x18, 0x7, 0xa4,
    0x1, 0x20, 0x1e, 0x80, 0x7, 0x80, 0x70, 0xb8,
    0x31, 0x0, 0x78, 0x98, 0xd, 0x0, 0x34, 0x0,
    0x20, 0x3, 0xf4, 0x0, 0x20, 0x2, 0x26, 0x7,
    0x10, 0xf, 0xc2, 0xe0, 0x68, 0x0, 0x80, 0x4,
    0x80, 0x7f, 0xa4, 0x42, 0x0, 0x94, 0x20, 0x40,
    0x3f, 0xc3, 0x20, 0x69, 0x20, 0x2e, 0x1, 0xff,
    0xc0, 0x71, 0xa, 0x40, 0x80, 0xf, 0xfe, 0x14,
    0x0, 0x81, 0x30, 0x7, 0xff, 0x9, 0x84, 0x1,
    0x0, 0x1f, 0xfc, 0x31, 0x10, 0x1a, 0x80, 0x7f,
    0xf0, 0xf4, 0x1, 0x0, 0x1f, 0xf0, 0xd4, 0x43,
    0x8c, 0x19, 0x0, 0x3f, 0xe6, 0x57, 0x70, 0x82,
    0x48, 0x7, 0xff, 0x0, 0x8c, 0x0, 0x53, 0x60,
    0x1f, 0xf0,

    /* U+04F1 "ӱ" */
    0x0, 0xc5, 0xbc, 0x40, 0xc, 0xf4, 0x0, 0xfc,
    0x84, 0x28, 0x4, 0x61, 0xa0, 0x1f, 0x9c, 0xcc,
    0xe0, 0x4a, 0x54, 0x1, 0xf8, 0x73, 0x2, 0x0,
    0xad, 0x30, 0xf, 0xfe, 0xdd, 0x7f, 0x88, 0x3,
    0xfb, 0xfd, 0x21, 0x20, 0xb, 0x0, 0xfc, 0xe0,
    0xb, 0x3, 0x30, 0x30, 0x80, 0x7d, 0x20, 0x84,
    0x0, 0x80, 0x3, 0x0, 0x79, 0x44, 0x3c, 0x2,
    0x42, 0x9, 0x0, 0xf4, 0x81, 0x20, 0x6, 0xb0,
    0x15, 0x0, 0xc6, 0x60, 0x80, 0xe, 0x61, 0x8,
    0x0, 0xd2, 0x2, 0xa0, 0x1e, 0x90, 0x24, 0x0,
    0xa, 0x84, 0x80, 0x7c, 0xc0, 0xf, 0x0, 0x48,
    0x1, 0x80, 0x3e, 0x16, 0x4, 0x20, 0x70, 0x61,
    0x0, 0xfd, 0x60, 0xb, 0x70, 0x5, 0x80, 0x7f,
    0x12, 0x3, 0x48, 0x29, 0x0, 0x7f, 0xa0, 0x0,
    0x21, 0x20, 0x1f, 0xf1, 0x98, 0x0, 0x66, 0x0,
    0xff, 0xe0, 0x58, 0x2, 0x40, 0x3f, 0xf8, 0x34,
    0x4, 0xa0, 0x1f, 0x8, 0x6, 0x62, 0xb, 0x0,
    0xfd, 0xb8, 0xcb, 0x12, 0x4, 0xc0, 0x1f, 0x21,
    0x9a, 0x69, 0xc0, 0x7c, 0x3, 0xf2, 0x5a, 0x8,
    0xb, 0x79, 0x0, 0x7e,

    /* U+04F2 "Ӳ" */
    0x0, 0xfd, 0xbf, 0xa0, 0x3d, 0xf6, 0x1, 0xff,
    0x49, 0xf, 0x85, 0x9, 0x50, 0x7, 0xf9, 0x18,
    0x34, 0x99, 0x7, 0xc4, 0x3, 0xfd, 0x8b, 0x66,
    0x1e, 0xba, 0x40, 0x1f, 0xf4, 0x52, 0x0, 0x26,
    0x8c, 0x3, 0xc9, 0xfe, 0xb0, 0xf, 0xfe, 0x7,
    0x7e, 0x82, 0x18, 0x21, 0x80, 0x7f, 0x9c, 0x42,
    0x40, 0x1e, 0x0, 0x80, 0xf, 0xf4, 0x81, 0xa0,
    0x0, 0xd0, 0x10, 0xc0, 0x3f, 0x40, 0x87, 0x80,
    0x69, 0x0, 0x40, 0x7, 0xc2, 0xe0, 0x86, 0x1,
    0x89, 0x41, 0xc, 0x3, 0xd2, 0x0, 0x90, 0xf,
    0x40, 0x3, 0xc0, 0x38, 0x5c, 0x18, 0x80, 0x3c,
    0x4c, 0x6, 0x80, 0x1a, 0x0, 0x10, 0x1, 0xfa,
    0x0, 0x10, 0x1, 0x13, 0x3, 0x88, 0x7, 0xe1,
    0x70, 0x34, 0x0, 0x40, 0x2, 0x40, 0x3f, 0xd2,
    0x21, 0x0, 0x4a, 0x10, 0x20, 0x1f, 0xe1, 0x90,
    0x34, 0x90, 0x17, 0x0, 0xff, 0xe0, 0x38, 0x85,
    0x20, 0x40, 0x7, 0xff, 0xa, 0x0, 0x40, 0x98,
    0x3, 0xff, 0x84, 0xc2, 0x0, 0x80, 0xf, 0xfe,
    0x18, 0x88, 0xd, 0x40, 0x3f, 0xf8, 0x7a, 0x0,
    0x80, 0xf, 0xf8, 0x6a, 0x21, 0xc6, 0xc, 0x80,
    0x1f, 0xf3, 0x2b, 0xb8, 0x41, 0x24, 0x3, 0xff,
    0x80, 0x46, 0x0, 0x29, 0xb0, 0xf, 0xf8,

    /* U+04F3 "ӳ" */
    0x0, 0xfb, 0x3f, 0x84, 0x37, 0xf0, 0x3, 0xf3,
    0x98, 0x60, 0xc9, 0xe, 0x80, 0x7c, 0x70, 0x16,
    0x48, 0xc1, 0xa2, 0x1, 0xf2, 0x2d, 0x20, 0x62,
    0xd9, 0x80, 0x7e, 0x7a, 0x50, 0x4, 0x52, 0x0,
    0x7f, 0xf2, 0xab, 0xfc, 0x40, 0x1f, 0xdf, 0xe9,
    0x9, 0x0, 0x58, 0x7, 0xe7, 0x0, 0x58, 0x19,
    0x81, 0x84, 0x3, 0xe9, 0x4, 0x20, 0x4, 0x0,
    0x18, 0x3, 0xca, 0x21, 0xe0, 0x12, 0x10, 0x48,
    0x7, 0xa4, 0x9, 0x0, 0x35, 0x80, 0xa8, 0x6,
    0x33, 0x4, 0x0, 0x73, 0x8, 0x40, 0x6, 0x90,
    0x15, 0x0, 0xf4, 0x81, 0x20, 0x0, 0x54, 0x24,
    0x3, 0xe6, 0x0, 0x78, 0x2, 0x40, 0xc, 0x1,
    0xf0, 0xb0, 0x21, 0x3, 0x83, 0x8, 0x7, 0xeb,
    0x0, 0x5b, 0x80, 0x2c, 0x3, 0xf8, 0x90, 0x1a,
    0x41, 0x48, 0x3, 0xfd, 0x0, 0x1, 0x9, 0x0,
    0xff, 0x8c, 0xc0, 0x3, 0x30, 0x7, 0xff, 0x2,
    0xc0, 0x12, 0x1, 0xff, 0xc1, 0xa0, 0x25, 0x0,
    0xf8, 0x40, 0x33, 0x10, 0x58, 0x7, 0xed, 0xc6,
    0x58, 0x90, 0x26, 0x0, 0xf9, 0xc, 0xd3, 0x4e,
    0x3, 0xe0, 0x1f, 0x92, 0xd0, 0x40, 0x5b, 0xc8,
    0x3, 0xf0,

    /* U+04F4 "Ӵ" */
    0x0, 0xd1, 0xaa, 0x0, 0x5d, 0x80, 0xf, 0xe7,
    0x28, 0x0, 0x49, 0x38, 0x7, 0xf3, 0x5, 0x0,
    0x28, 0x14, 0x3, 0xfa, 0x7d, 0xc0, 0xd, 0xf4,
    0x1, 0xff, 0xca, 0xff, 0x60, 0x7, 0xfa, 0xff,
    0xc0, 0x1f, 0xff, 0xf0, 0xf, 0xfe, 0x80, 0x80,
    0x80, 0x7f, 0xf0, 0x88, 0x8, 0x80, 0x1f, 0xfc,
    0x1b, 0x0, 0x70, 0x7, 0xf3, 0x80, 0x4c, 0x20,
    0x7a, 0xc2, 0x0, 0x25, 0x9e, 0x30, 0x8, 0x74,
    0x0, 0x53, 0xdf, 0xed, 0xa6, 0x10, 0xe, 0x3d,
    0x50, 0xf, 0x89, 0xcc, 0x3, 0x8a, 0xba, 0xe6,
    0x26, 0xfb, 0x61, 0xc0, 0x3e, 0x14, 0x67, 0x64,
    0x10, 0xf, 0xff, 0xf8, 0x7, 0xff, 0x10,

    /* U+04F5 "ӵ" */
    0x0, 0xe, 0xf1, 0x80, 0x2b, 0xd8, 0x3, 0x94,
    0x86, 0xc0, 0x54, 0x34, 0x3, 0x91, 0x7, 0x40,
    0x2c, 0x5e, 0x1, 0xeb, 0xc2, 0x0, 0x4e, 0xa0,
    0x7, 0xff, 0x17, 0x7f, 0x40, 0x3e, 0x3f, 0xf3,
    0x80, 0x7f, 0xfb, 0x4, 0xc, 0x3, 0xfe, 0x60,
    0x14, 0x0, 0xff, 0x78, 0x2, 0xd8, 0x40, 0x4e,
    0x34, 0x2, 0x55, 0x0, 0x27, 0xbf, 0xb1, 0xc4,
    0x3, 0x54, 0x90, 0x6, 0x16, 0x90, 0xe, 0x6d,
    0xec, 0xc7, 0x72, 0x54, 0x3, 0xe1, 0x33, 0x8,
    0x7, 0xff, 0x90,

    /* U+04F6 "Ӷ" */
    0xff, 0xff, 0xe0, 0x70, 0x7, 0xff, 0xc, 0x62,
    0x3f, 0xc0, 0x2, 0x77, 0xfe, 0x60, 0xf, 0xfe,
    0xe8, 0x80, 0x7f, 0xff, 0xc0, 0x3f, 0xfd, 0x46,
    0xee, 0x50, 0xf, 0xe1, 0x88, 0x48, 0x7, 0xff,
    0x23, 0xfe, 0x30, 0xf, 0xff, 0x3d, 0x3d, 0x0,
    0x7c,

    /* U+04F7 "ӷ" */
    0x6f, 0xff, 0xf4, 0x0, 0x7f, 0xf0, 0xde, 0xab,
    0xeb, 0x0, 0xb1, 0x57, 0xe3, 0x0, 0xff, 0xff,
    0x80, 0x7f, 0xf3, 0x31, 0x4c, 0x3, 0xdc, 0x0,
    0x7a, 0xa0, 0x7, 0xff, 0x1a, 0x3f, 0xc2, 0x1,
    0xff, 0xd4,

    /* U+04F8 "Ӹ" */
    0x0, 0xfa, 0x75, 0x0, 0xd, 0xae, 0x1, 0xff,
    0xc1, 0x16, 0x2f, 0x0, 0x59, 0x40, 0x7, 0xff,
    0x4, 0x54, 0x34, 0x1, 0x40, 0xc0, 0x1f, 0xfc,
    0x2a, 0xf6, 0x0, 0x3f, 0xc8, 0x7, 0xff, 0x47,
    0xfd, 0xa0, 0x1f, 0xfc, 0x4f, 0xf6, 0x0, 0x7f,
    0xff, 0xc0, 0x3f, 0xfd, 0xe5, 0xff, 0xf6, 0xd2,
    0x80, 0x7f, 0xf1, 0xc9, 0x6b, 0x4, 0x3, 0xf8,
    0xb3, 0x3d, 0x4c, 0x0, 0x3d, 0x0, 0xff, 0x19,
    0xf9, 0x67, 0x88, 0xd, 0x40, 0x3f, 0xf8, 0xa3,
    0x20, 0xf, 0x0, 0xff, 0xe3, 0x20, 0x1, 0xc0,
    0x3f, 0xf8, 0xe2, 0x1, 0xff, 0xc9, 0x10, 0x10,
    0xf, 0xfe, 0x32, 0x80, 0x14, 0x3, 0xff, 0x8a,
    0x56, 0x0, 0xa0, 0xf, 0xe3, 0x3f, 0x2c, 0xe8,
    0x83, 0x18, 0x7, 0xe2, 0xcc, 0xf5, 0x30, 0x1,
    0xe4, 0x3, 0xff, 0x88, 0x26, 0xfb, 0x0, 0x1f,
    0x80,

    /* U+04F9 "ӹ" */
    0x0, 0xe1, 0xde, 0x20, 0x5, 0xfa, 0x0, 0x7f,
    0x21, 0xa, 0x81, 0x20, 0x70, 0x7, 0xf2, 0x20,
    0xd8, 0x9, 0x4a, 0x40, 0x3f, 0x86, 0xf0, 0x40,
    0x15, 0xa6, 0x1, 0xff, 0xca, 0x6f, 0xf2, 0x0,
    0x7f, 0xd7, 0xfe, 0x0, 0xff, 0xff, 0xdf, 0xfe,
    0xeb, 0x60, 0xf, 0xfe, 0x18, 0xa4, 0xe0, 0x7,
    0xf5, 0xff, 0xeb, 0x30, 0x38, 0x0, 0xff, 0xe0,
    0xa6, 0x8, 0x30, 0x7, 0xff, 0xd, 0x40, 0x40,
    0x3f, 0xfa, 0x82, 0x80, 0x40, 0x1f, 0x84, 0x2,
    0x15, 0xc0, 0x5, 0x80, 0x7e, 0xaf, 0xfb, 0xa8,
    0x81, 0x98, 0x1, 0xff, 0xc1, 0x25, 0xb9, 0x0,
    0xf0,

    /* U+04FA "Ӻ" */
    0x0, 0x8f, 0xff, 0xff, 0x81, 0x60, 0x1f, 0xfc,
    0xb4, 0x88, 0xfe, 0xf0, 0xf, 0x1b, 0xbf, 0xf2,
    0x0, 0x7f, 0xff, 0xc0, 0x3f, 0xc7, 0xfe, 0xc0,
    0x3, 0xff, 0xfd, 0x80, 0x1f, 0xfc, 0x73, 0xee,
    0x58, 0x1, 0xbb, 0xbe, 0xc0, 0x8, 0x44, 0xe0,
    0x1, 0x1f, 0xc0, 0x1f, 0xff, 0xf0, 0x2, 0x3b,
    0x88, 0x3, 0xfc, 0xe0, 0x3, 0x88, 0x38, 0x7,
    0xff, 0x3d, 0x3f, 0xd4, 0x1, 0xff, 0xc4, 0xd0,
    0x0, 0x80, 0x7f, 0x52, 0xa4, 0x38, 0x1, 0x40,
    0x3f, 0x32, 0xd5, 0xb8, 0x2, 0x44, 0x3, 0xf2,
    0x31, 0x0, 0x12, 0xd8, 0x3, 0xf0,

    /* U+04FB "ӻ" */
    0x0, 0xaf, 0xff, 0xf8, 0x40, 0x3f, 0xf9, 0x15,
    0x5f, 0x8, 0x7, 0x95, 0x7e, 0x0, 0xff, 0xe8,
    0x8f, 0x71, 0x0, 0x1d, 0xdd, 0x80, 0x10, 0x88,
    0x2, 0x11, 0xe2, 0x0, 0xf, 0xf9, 0x0, 0x1f,
    0xfd, 0xc0, 0x1f, 0xfe, 0x65, 0x50, 0x80, 0x7e,
    0x70, 0x5, 0x51, 0x40, 0x3f, 0xf9, 0x59, 0xf2,
    0x1, 0xff, 0xc1, 0xf0, 0x3, 0x80, 0x7a, 0x54,
    0xdd, 0x80, 0x4c, 0x3, 0x99, 0x95, 0x90, 0x0,
    0xb0, 0xf, 0x22, 0x88, 0x1, 0x31, 0x40, 0x3c,

    /* U+04FC "Ӽ" */
    0xc, 0xff, 0x30, 0x7, 0xf4, 0x7f, 0xa4, 0x38,
    0x1, 0x24, 0x1, 0xf1, 0xb8, 0x14, 0x81, 0x48,
    0x3, 0x80, 0x3e, 0xe0, 0x7, 0x80, 0x4c, 0x80,
    0x70, 0x1, 0xd2, 0x41, 0x24, 0x1, 0xa8, 0x41,
    0xcc, 0x2, 0x56, 0x4, 0x60, 0xe, 0x1a, 0x0,
    0x68, 0x0, 0x6c, 0x6, 0x80, 0x3e, 0x46, 0x1,
    0xa0, 0xa1, 0xb, 0x10, 0xf, 0xd2, 0x40, 0xb6,
    0x80, 0xca, 0x1, 0xfe, 0xf0, 0x2, 0x1, 0x48,
    0x7, 0xfc, 0x50, 0x1, 0x48, 0x7, 0xff, 0x6,
    0xc0, 0x28, 0x0, 0xff, 0xe0, 0x41, 0x80, 0x47,
    0x40, 0x1f, 0xe4, 0x70, 0x2e, 0x10, 0x57, 0x0,
    0xfc, 0x34, 0x0, 0xe1, 0xc0, 0x4, 0x20, 0x7,
    0xd6, 0x21, 0x6, 0x5, 0x40, 0xa, 0x10, 0xe,
    0x65, 0x3, 0x70, 0x9, 0x5c, 0x7, 0x40, 0x31,
    0x48, 0x3, 0x80, 0x3a, 0xc, 0xd, 0xc0, 0x2e,
    0x0, 0x51, 0x0, 0x7b, 0x80, 0x10, 0x21, 0x6,
    0xa, 0xa0, 0xf, 0x89, 0x80, 0x12, 0x8e, 0x3,
    0x60, 0x1f, 0xd6, 0x0, 0x54, 0xff, 0x70, 0x80,
    0x7f, 0x10, 0x0, 0x80, 0x3f, 0xf8, 0x46, 0x0,
    0x10, 0xf, 0xf2, 0x32, 0x2e, 0x80, 0x1c, 0x3,
    0xfd, 0xf3, 0x74, 0x20, 0x50, 0x1, 0xfe, 0xe4,
    0x10, 0x27, 0xc1,

    /* U+04FD "ӽ" */
    0x1e, 0xfe, 0x10, 0xf, 0x5f, 0xf9, 0x6, 0x80,
    0x68, 0x3, 0x9d, 0x1, 0xd0, 0x11, 0xc1, 0x20,
    0x2, 0x38, 0x3, 0x80, 0xa, 0xc, 0x1d, 0x0,
    0x74, 0x7, 0x40, 0x3b, 0x44, 0x28, 0x68, 0x42,
    0x84, 0x3, 0x86, 0x80, 0x7d, 0x1, 0xd0, 0x3,
    0xe4, 0x70, 0x10, 0x48, 0x0, 0xfe, 0x90, 0x8,
    0xc0, 0x3f, 0xda, 0x1, 0x3b, 0x0, 0x7e, 0x83,
    0x6, 0x10, 0x94, 0x0, 0xf2, 0x38, 0x24, 0xe0,
    0x2, 0x88, 0x3, 0xd, 0x0, 0xd0, 0x15, 0x80,
    0xf0, 0x6, 0xd1, 0xd, 0x10, 0x2, 0x48, 0x1c,
    0x80, 0x20, 0xc2, 0xc, 0x3, 0x32, 0x3, 0x12,
    0xb8, 0x23, 0x80, 0x7a, 0x40, 0x16, 0xbf, 0xeb,
    0x0, 0xf8, 0x88, 0x8, 0x1, 0xff, 0xc0, 0x20,
    0xf, 0xe3, 0x84, 0x5c, 0x0, 0x20, 0x7, 0xd2,
    0xf7, 0x46, 0x5, 0x0, 0x1f, 0x7a, 0x8, 0x13,
    0xe0, 0x80,

    /* U+04FE "Ӿ" */
    0x7, 0xff, 0x60, 0x7, 0xf5, 0x7f, 0xa4, 0x0,
    0xe6, 0x6, 0xe0, 0x1f, 0x2a, 0x80, 0x64, 0x2,
    0xe0, 0x4, 0x10, 0x7, 0xd, 0x80, 0x28, 0x3,
    0x14, 0x0, 0x38, 0x3, 0xa8, 0x41, 0x90, 0x3,
    0x9c, 0xc0, 0xdc, 0x2, 0x64, 0x2, 0x90, 0xf,
    0xb8, 0x1, 0x6, 0x3, 0x20, 0x9, 0x0, 0xfc,
    0x52, 0x0, 0xe0, 0xa0, 0x3, 0x20, 0x7, 0xf3,
    0x18, 0x16, 0x20, 0x14, 0x80, 0x7f, 0xdc, 0x0,
    0x30, 0x7, 0x0, 0x7e, 0x6f, 0xfb, 0x40, 0x3b,
    0x3f, 0xe5, 0x0, 0xff, 0xe5, 0xb7, 0x75, 0x40,
    0x1c, 0xdd, 0xd2, 0x80, 0x70, 0x8d, 0x0, 0x6,
    0x0, 0x31, 0x8, 0x80, 0x3f, 0x51, 0x2, 0xcb,
    0x80, 0x38, 0x3, 0xf9, 0x54, 0x5, 0x41, 0x6,
    0x5, 0x20, 0x1f, 0x15, 0x0, 0x38, 0x2, 0xe0,
    0x3, 0x28, 0x7, 0xb8, 0x1, 0x6, 0x1, 0x15,
    0x0, 0x2c, 0x40, 0x33, 0x98, 0x23, 0x80, 0x72,
    0xa8, 0x6, 0x80, 0x23, 0x80, 0x1a, 0x0, 0xfa,
    0x88, 0x11, 0xc0, 0x1c, 0x0, 0xb1, 0x0, 0xfd,
    0xc0, 0x8, 0x30,

    /* U+04FF "ӿ" */
    0xc, 0xff, 0x28, 0x7, 0x93, 0xfd, 0x40, 0xe,
    0x0, 0x58, 0x80, 0x61, 0xa0, 0x2a, 0x0, 0x15,
    0x0, 0xd0, 0x6, 0xb1, 0xe, 0x0, 0xca, 0xa0,
    0x46, 0x0, 0x32, 0x84, 0x18, 0x7, 0x58, 0x84,
    0x91, 0x24, 0xd, 0xc0, 0x3c, 0x34, 0x0, 0xee,
    0x0, 0x38, 0x3, 0xf2, 0x30, 0x19, 0x82, 0x88,
    0x3, 0xd3, 0xfe, 0x60, 0xd, 0x5f, 0xe8, 0x0,
    0xc2, 0x30, 0x7, 0x84, 0x5e, 0x1, 0xa3, 0xbc,
    0x40, 0x30, 0xff, 0x38, 0x7, 0xa8, 0x42, 0xe4,
    0x6, 0x80, 0x3e, 0x94, 0x8, 0x46, 0x60, 0x24,
    0x0, 0x73, 0x30, 0x15, 0xc0, 0x12, 0x60, 0xea,
    0x1, 0x1c, 0x81, 0xd0, 0x6, 0xd1, 0xa, 0x20,
    0x1d, 0x1, 0xd0, 0xe, 0x1a, 0x0, 0x78, 0x0,

    /* U+2022 "•" */
    0x0, 0x84, 0x2, 0x4e, 0xe6, 0x90, 0x58, 0x81,
    0x49, 0x0, 0x65, 0x21, 0x0, 0x94, 0x34, 0x81,
    0x28,

    /* U+2026 "…" */
    0x1b, 0xc4, 0x0, 0x9b, 0x64, 0x2, 0x1b, 0xc4,
    0x8, 0x43, 0xb0, 0x0, 0xc9, 0x33, 0x0, 0x10,
    0x87, 0x40, 0x60, 0x1c, 0x60, 0x10, 0x80, 0xc,
    0x0, 0x21, 0x4, 0x12, 0x0, 0x27, 0x3, 0x60,
    0x4, 0x10, 0x48, 0x0
};


/*---------------------
 *  GLYPH DESCRIPTION
 *--------------------*/

static const lv_font_fmt_txt_glyph_dsc_t glyph_dsc[] = {
    {.bitmap_index = 0, .adv_w = 0, .box_w = 0, .box_h = 0, .ofs_x = 0, .ofs_y = 0} /* id = 0 reserved */,
    {.bitmap_index = 0, .adv_w = 121, .box_w = 0, .box_h = 0, .ofs_x = 0, .ofs_y = 0},
    {.bitmap_index = 0, .adv_w = 120, .box_w = 5, .box_h = 20, .ofs_x = 1, .ofs_y = 0},
    {.bitmap_index = 42, .adv_w = 175, .box_w = 9, .box_h = 8, .ofs_x = 1, .ofs_y = 12},
    {.bitmap_index = 67, .adv_w = 315, .box_w = 19, .box_h = 20, .ofs_x = 0, .ofs_y = 0},
    {.bitmap_index = 197, .adv_w = 278, .box_w = 16, .box_h = 26, .ofs_x = 1, .ofs_y = -3},
    {.bitmap_index = 342, .adv_w = 378, .box_w = 22, .box_h = 20, .ofs_x = 1, .ofs_y = 0},
    {.bitmap_index = 526, .adv_w = 307, .box_w = 18, .box_h = 21, .ofs_x = 1, .ofs_y = -1},
    {.bitmap_index = 688, .adv_w = 94, .box_w = 4, .box_h = 8, .ofs_x = 1, .ofs_y = 12},
    {.bitmap_index = 700, .adv_w = 151, .box_w = 7, .box_h = 26, .ofs_x = 2, .ofs_y = -5},
    {.bitmap_index = 783, .adv_w = 151, .box_w = 7, .box_h = 26, .ofs_x = 0, .ofs_y = -5},
    {.bitmap_index = 858, .adv_w = 179, .box_w = 11, .box_h = 11, .ofs_x = 0, .ofs_y = 10},
    {.bitmap_index = 911, .adv_w = 261, .box_w = 14, .box_h = 13, .ofs_x = 1, .ofs_y = 4},
    {.bitmap_index = 944, .adv_w = 102, .box_w = 5, .box_h = 8, .ofs_x = 1, .ofs_y = -4},
    {.bitmap_index = 965, .adv_w = 172, .box_w = 9, .box_h = 3, .ofs_x = 1, .ofs_y = 7},
    {.bitmap_index = 973, .adv_w = 102, .box_w = 5, .box_h = 4, .ofs_x = 1, .ofs_y = 0},
    {.bitmap_index = 983, .adv_w = 158, .box_w = 12, .box_h = 27, .ofs_x = -1, .ofs_y = -3},
    {.bitmap_index = 1086, .adv_w = 299, .box_w = 17, .box_h = 20, .ofs_x = 1, .ofs_y = 0},
    {.bitmap_index = 1224, .adv_w = 166, .box_w = 8, .box_h = 20, .ofs_x = 0, .ofs_y = 0},
    {.bitmap_index = 1241, .adv_w = 257, .box_w = 16, .box_h = 20, .ofs_x = 0, .ofs_y = 0},
    {.bitmap_index = 1357, .adv_w = 256, .box_w = 15, .box_h = 20, .ofs_x = 0, .ofs_y = 0},
    {.bitmap_index = 1464, .adv_w = 300, .box_w = 18, .box_h = 20, .ofs_x = 1, .ofs_y = 0},
    {.bitmap_index = 1562, .adv_w = 257, .box_w = 16, .box_h = 20, .ofs_x = 0, .ofs_y = 0},
    {.bitmap_index = 1676, .adv_w = 276, .box_w = 16, .box_h = 20, .ofs_x = 1, .ofs_y = 0},
    {.bitmap_index = 1813, .adv_w = 268, .box_w = 16, .box_h = 20, .ofs_x = 0, .ofs_y = 0},
    {.bitmap_index = 1911, .adv_w = 289, .box_w = 16, .box_h = 20, .ofs_x = 1, .ofs_y = 0},
    {.bitmap_index = 2056, .adv_w = 276, .box_w = 16, .box_h = 20, .ofs_x = 0, .ofs_y = 0},
    {.bitmap_index = 2190, .adv_w = 102, .box_w = 5, .box_h = 15, .ofs_x = 1, .ofs_y = 0},
    {.bitmap_index = 2215, .adv_w = 102, .box_w = 5, .box_h = 19, .ofs_x = 1, .ofs_y = -4},
    {.bitmap_index = 2251, .adv_w = 261, .box_w = 14, .box_h = 13, .ofs_x = 1, .ofs_y = 3},
    {.bitmap_index = 2322, .adv_w = 261, .box_w = 14, .box_h = 9, .ofs_x = 1, .ofs_y = 5},
    {.bitmap_index = 2352, .adv_w = 261, .box_w = 14, .box_h = 13, .ofs_x = 1, .ofs_y = 3},
    {.bitmap_index = 2422, .adv_w = 257, .box_w = 15, .box_h = 20, .ofs_x = 0, .ofs_y = 0},
    {.bitmap_index = 2523, .adv_w = 463, .box_w = 27, .box_h = 25, .ofs_x = 1, .ofs_y = -5},
    {.bitmap_index = 2799, .adv_w = 328, .box_w = 22, .box_h = 20, .ofs_x = -1, .ofs_y = 0},
    {.bitmap_index = 2947, .adv_w = 339, .box_w = 18, .box_h = 20, .ofs_x = 2, .ofs_y = 0},
    {.bitmap_index = 3062, .adv_w = 319, .box_w = 19, .box_h = 20, .ofs_x = 1, .ofs_y = 0},
    {.bitmap_index = 3197, .adv_w = 370, .box_w = 20, .box_h = 20, .ofs_x = 2, .ofs_y = 0},
    {.bitmap_index = 3312, .adv_w = 300, .box_w = 16, .box_h = 20, .ofs_x = 2, .ofs_y = 0},
    {.bitmap_index = 3360, .adv_w = 284, .box_w = 15, .box_h = 20, .ofs_x = 2, .ofs_y = 0},
    {.bitmap_index = 3399, .adv_w = 346, .box_w = 19, .box_h = 20, .ofs_x = 1, .ofs_y = 0},
    {.bitmap_index = 3539, .adv_w = 364, .box_w = 18, .box_h = 20, .ofs_x = 2, .ofs_y = 0},
    {.bitmap_index = 3571, .adv_w = 139, .box_w = 4, .box_h = 20, .ofs_x = 2, .ofs_y = 0},
    {.bitmap_index = 3577, .adv_w = 230, .box_w = 13, .box_h = 20, .ofs_x = -1, .ofs_y = 0},
    {.bitmap_index = 3631, .adv_w = 322, .box_w = 19, .box_h = 20, .ofs_x = 2, .ofs_y = 0},
    {.bitmap_index = 3757, .adv_w = 266, .box_w = 15, .box_h = 20, .ofs_x = 2, .ofs_y = 0},
    {.bitmap_index = 3783, .adv_w = 428, .box_w = 22, .box_h = 20, .ofs_x = 2, .ofs_y = 0},
    {.bitmap_index = 3913, .adv_w = 364, .box_w = 18, .box_h = 20, .ofs_x = 2, .ofs_y = 0},
    {.bitmap_index = 4018, .adv_w = 376, .box_w = 22, .box_h = 20, .ofs_x = 1, .ofs_y = 0},
    {.bitmap_index = 4185, .adv_w = 323, .box_w = 17, .box_h = 20, .ofs_x = 2, .ofs_y = 0},
    {.bitmap_index = 4270, .adv_w = 376, .box_w = 23, .box_h = 24, .ofs_x = 1, .ofs_y = -4},
    {.bitmap_index = 4477, .adv_w = 326, .box_w = 18, .box_h = 20, .ofs_x = 2, .ofs_y = 0},
    {.bitmap_index = 4585, .adv_w = 278, .box_w = 16, .box_h = 20, .ofs_x = 1, .ofs_y = 0},
    {.bitmap_index = 4719, .adv_w = 263, .box_w = 17, .box_h = 20, .ofs_x = 0, .ofs_y = 0},
    {.bitmap_index = 4751, .adv_w = 354, .box_w = 18, .box_h = 20, .ofs_x = 2, .ofs_y = 0},
    {.bitmap_index = 4828, .adv_w = 319, .box_w = 21, .box_h = 20, .ofs_x = -1, .ofs_y = 0},
    {.bitmap_index = 4978, .adv_w = 504, .box_w = 31, .box_h = 20, .ofs_x = 0, .ofs_y = 0},
    {.bitmap_index = 5215, .adv_w = 302, .box_w = 19, .box_h = 20, .ofs_x = 0, .ofs_y = 0},
    {.bitmap_index = 5361, .adv_w = 290, .box_w = 20, .box_h = 20, .ofs_x = -1, .ofs_y = 0},
    {.bitmap_index = 5466, .adv_w = 294, .box_w = 17, .box_h = 20, .ofs_x = 1, .ofs_y = 0},
    {.bitmap_index = 5565, .adv_w = 149, .box_w = 7, .box_h = 26, .ofs_x = 2, .ofs_y = -5},
    {.bitmap_index = 5589, .adv_w = 158, .box_w = 13, .box_h = 27, .ofs_x = -2, .ofs_y = -3},
    {.bitmap_index = 5695, .adv_w = 149, .box_w = 7, .box_h = 26, .ofs_x = 0, .ofs_y = -5},
    {.bitmap_index = 5718, .adv_w = 261, .box_w = 13, .box_h = 12, .ofs_x = 2, .ofs_y = 4},
    {.bitmap_index = 5780, .adv_w = 224, .box_w = 14, .box_h = 2, .ofs_x = 0, .ofs_y = -2},
    {.bitmap_index = 5787, .adv_w = 269, .box_w = 8, .box_h = 4, .ofs_x = 3, .ofs_y = 17},
    {.bitmap_index = 5802, .adv_w = 268, .box_w = 14, .box_h = 15, .ofs_x = 1, .ofs_y = 0},
    {.bitmap_index = 5895, .adv_w = 306, .box_w = 16, .box_h = 21, .ofs_x = 2, .ofs_y = 0},
    {.bitmap_index = 6000, .adv_w = 256, .box_w = 15, .box_h = 15, .ofs_x = 1, .ofs_y = 0},
    {.bitmap_index = 6096, .adv_w = 306, .box_w = 16, .box_h = 21, .ofs_x = 1, .ofs_y = 0},
    {.bitmap_index = 6204, .adv_w = 274, .box_w = 15, .box_h = 15, .ofs_x = 1, .ofs_y = 0},
    {.bitmap_index = 6299, .adv_w = 158, .box_w = 11, .box_h = 21, .ofs_x = 0, .ofs_y = 0},
    {.bitmap_index = 6352, .adv_w = 309, .box_w = 16, .box_h = 20, .ofs_x = 1, .ofs_y = -5},
    {.bitmap_index = 6490, .adv_w = 305, .box_w = 15, .box_h = 21, .ofs_x = 2, .ofs_y = 0},
    {.bitmap_index = 6550, .adv_w = 125, .box_w = 4, .box_h = 21, .ofs_x = 2, .ofs_y = 0},
    {.bitmap_index = 6567, .adv_w = 127, .box_w = 9, .box_h = 26, .ofs_x = -3, .ofs_y = -5},
    {.bitmap_index = 6614, .adv_w = 276, .box_w = 16, .box_h = 21, .ofs_x = 2, .ofs_y = 0},
    {.bitmap_index = 6702, .adv_w = 125, .box_w = 4, .box_h = 21, .ofs_x = 2, .ofs_y = 0},
    {.bitmap_index = 6709, .adv_w = 474, .box_w = 26, .box_h = 15, .ofs_x = 2, .ofs_y = 0},
    {.bitmap_index = 6803, .adv_w = 305, .box_w = 15, .box_h = 15, .ofs_x = 2, .ofs_y = 0},
    {.bitmap_index = 6857, .adv_w = 284, .box_w = 16, .box_h = 15, .ofs_x = 1, .ofs_y = 0},
    {.bitmap_index = 6961, .adv_w = 306, .box_w = 16, .box_h = 20, .ofs_x = 2, .ofs_y = -5},
    {.bitmap_index = 7067, .adv_w = 306, .box_w = 16, .box_h = 20, .ofs_x = 1, .ofs_y = -5},
    {.bitmap_index = 7175, .adv_w = 184, .box_w = 9, .box_h = 15, .ofs_x = 2, .ofs_y = 0},
    {.bitmap_index = 7205, .adv_w = 224, .box_w = 14, .box_h = 15, .ofs_x = 0, .ofs_y = 0},
    {.bitmap_index = 7300, .adv_w = 185, .box_w = 11, .box_h = 19, .ofs_x = 0, .ofs_y = 0},
    {.bitmap_index = 7352, .adv_w = 303, .box_w = 15, .box_h = 15, .ofs_x = 2, .ofs_y = 0},
    {.bitmap_index = 7404, .adv_w = 250, .box_w = 17, .box_h = 15, .ofs_x = -1, .ofs_y = 0},
    {.bitmap_index = 7502, .adv_w = 403, .box_w = 25, .box_h = 15, .ofs_x = 0, .ofs_y = 0},
    {.bitmap_index = 7658, .adv_w = 247, .box_w = 16, .box_h = 15, .ofs_x = 0, .ofs_y = 0},
    {.bitmap_index = 7756, .adv_w = 250, .box_w = 17, .box_h = 20, .ofs_x = -1, .ofs_y = -5},
    {.bitmap_index = 7885, .adv_w = 233, .box_w = 13, .box_h = 15, .ofs_x = 1, .ofs_y = 0},
    {.bitmap_index = 7951, .adv_w = 157, .box_w = 9, .box_h = 26, .ofs_x = 1, .ofs_y = -5},
    {.bitmap_index = 8009, .adv_w = 134, .box_w = 4, .box_h = 26, .ofs_x = 2, .ofs_y = -5},
    {.bitmap_index = 8018, .adv_w = 157, .box_w = 9, .box_h = 26, .ofs_x = 0, .ofs_y = -5},
    {.bitmap_index = 8072, .adv_w = 261, .box_w = 14, .box_h = 5, .ofs_x = 1, .ofs_y = 7},
    {.bitmap_index = 8107, .adv_w = 188, .box_w = 10, .box_h = 10, .ofs_x = 1, .ofs_y = 11},
    {.bitmap_index = 8152, .adv_w = 298, .box_w = 15, .box_h = 25, .ofs_x = 3, .ofs_y = 0},
    {.bitmap_index = 8221, .adv_w = 298, .box_w = 15, .box_h = 25, .ofs_x = 3, .ofs_y = 0},
    {.bitmap_index = 8293, .adv_w = 373, .box_w = 23, .box_h = 21, .ofs_x = 0, .ofs_y = -1},
    {.bitmap_index = 8416, .adv_w = 259, .box_w = 13, .box_h = 25, .ofs_x = 3, .ofs_y = 0},
    {.bitmap_index = 8465, .adv_w = 317, .box_w = 18, .box_h = 20, .ofs_x = 1, .ofs_y = 0},
    {.bitmap_index = 8600, .adv_w = 285, .box_w = 16, .box_h = 20, .ofs_x = 1, .ofs_y = 0},
    {.bitmap_index = 8733, .adv_w = 142, .box_w = 3, .box_h = 20, .ofs_x = 3, .ofs_y = 0},
    {.bitmap_index = 8738, .adv_w = 139, .box_w = 9, .box_h = 25, .ofs_x = 0, .ofs_y = 0},
    {.bitmap_index = 8771, .adv_w = 242, .box_w = 13, .box_h = 20, .ofs_x = 0, .ofs_y = 0},
    {.bitmap_index = 8825, .adv_w = 532, .box_w = 33, .box_h = 20, .ofs_x = 0, .ofs_y = 0},
    {.bitmap_index = 8974, .adv_w = 529, .box_w = 30, .box_h = 20, .ofs_x = 3, .ofs_y = 0},
    {.bitmap_index = 9069, .adv_w = 377, .box_w = 23, .box_h = 20, .ofs_x = 0, .ofs_y = 0},
    {.bitmap_index = 9151, .adv_w = 319, .box_w = 17, .box_h = 25, .ofs_x = 3, .ofs_y = 0},
    {.bitmap_index = 9286, .adv_w = 369, .box_w = 17, .box_h = 25, .ofs_x = 3, .ofs_y = 0},
    {.bitmap_index = 9411, .adv_w = 310, .box_w = 20, .box_h = 25, .ofs_x = 0, .ofs_y = 0},
    {.bitmap_index = 9586, .adv_w = 362, .box_w = 17, .box_h = 25, .ofs_x = 3, .ofs_y = -5},
    {.bitmap_index = 9628, .adv_w = 340, .box_w = 21, .box_h = 20, .ofs_x = 0, .ofs_y = 0},
    {.bitmap_index = 9771, .adv_w = 327, .box_w = 17, .box_h = 20, .ofs_x = 3, .ofs_y = 0},
    {.bitmap_index = 9852, .adv_w = 335, .box_w = 17, .box_h = 20, .ofs_x = 3, .ofs_y = 0},
    {.bitmap_index = 9964, .adv_w = 259, .box_w = 13, .box_h = 20, .ofs_x = 3, .ofs_y = 0},
    {.bitmap_index = 9991, .adv_w = 360, .box_w = 22, .box_h = 25, .ofs_x = 0, .ofs_y = -5},
    {.bitmap_index = 10105, .adv_w = 298, .box_w = 15, .box_h = 20, .ofs_x = 3, .ofs_y = 0},
    {.bitmap_index = 10151, .adv_w = 461, .box_w = 29, .box_h = 20, .ofs_x = 0, .ofs_y = 0},
    {.bitmap_index = 10342, .adv_w = 284, .box_w = 17, .box_h = 20, .ofs_x = 0, .ofs_y = 0},
    {.bitmap_index = 10474, .adv_w = 369, .box_w = 17, .box_h = 20, .ofs_x = 3, .ofs_y = 0},
    {.bitmap_index = 10571, .adv_w = 369, .box_w = 17, .box_h = 25, .ofs_x = 3, .ofs_y = 0},
    {.bitmap_index = 10701, .adv_w = 319, .box_w = 17, .box_h = 20, .ofs_x = 3, .ofs_y = 0},
    {.bitmap_index = 10810, .adv_w = 354, .box_w = 20, .box_h = 20, .ofs_x = 0, .ofs_y = 0},
    {.bitmap_index = 10900, .adv_w = 431, .box_w = 21, .box_h = 20, .ofs_x = 3, .ofs_y = 0},
    {.bitmap_index = 11027, .adv_w = 367, .box_w = 17, .box_h = 20, .ofs_x = 3, .ofs_y = 0},
    {.bitmap_index = 11059, .adv_w = 380, .box_w = 22, .box_h = 20, .ofs_x = 1, .ofs_y = 0},
    {.bitmap_index = 11227, .adv_w = 368, .box_w = 17, .box_h = 20, .ofs_x = 3, .ofs_y = 0},
    {.bitmap_index = 11254, .adv_w = 320, .box_w = 16, .box_h = 20, .ofs_x = 3, .ofs_y = 0},
    {.bitmap_index = 11336, .adv_w = 322, .box_w = 19, .box_h = 20, .ofs_x = 1, .ofs_y = 0},
    {.bitmap_index = 11471, .adv_w = 270, .box_w = 17, .box_h = 20, .ofs_x = 0, .ofs_y = 0},
    {.bitmap_index = 11503, .adv_w = 310, .box_w = 20, .box_h = 20, .ofs_x = 0, .ofs_y = 0},
    {.bitmap_index = 11644, .adv_w = 415, .box_w = 24, .box_h = 21, .ofs_x = 1, .ofs_y = -1},
    {.bitmap_index = 11812, .adv_w = 299, .box_w = 19, .box_h = 20, .ofs_x = 0, .ofs_y = 0},
    {.bitmap_index = 11959, .adv_w = 371, .box_w = 20, .box_h = 25, .ofs_x = 3, .ofs_y = -5},
    {.bitmap_index = 12008, .adv_w = 322, .box_w = 17, .box_h = 20, .ofs_x = 1, .ofs_y = 0},
    {.bitmap_index = 12076, .adv_w = 491, .box_w = 25, .box_h = 20, .ofs_x = 3, .ofs_y = 0},
    {.bitmap_index = 12121, .adv_w = 502, .box_w = 28, .box_h = 25, .ofs_x = 3, .ofs_y = -5},
    {.bitmap_index = 12185, .adv_w = 371, .box_w = 23, .box_h = 20, .ofs_x = 0, .ofs_y = 0},
    {.bitmap_index = 12280, .adv_w = 445, .box_w = 22, .box_h = 20, .ofs_x = 3, .ofs_y = 0},
    {.bitmap_index = 12369, .adv_w = 319, .box_w = 16, .box_h = 20, .ofs_x = 3, .ofs_y = 0},
    {.bitmap_index = 12447, .adv_w = 317, .box_w = 19, .box_h = 20, .ofs_x = 0, .ofs_y = 0},
    {.bitmap_index = 12583, .adv_w = 492, .box_w = 27, .box_h = 20, .ofs_x = 3, .ofs_y = 0},
    {.bitmap_index = 12771, .adv_w = 327, .box_w = 17, .box_h = 20, .ofs_x = 1, .ofs_y = 0},
    {.bitmap_index = 12882, .adv_w = 264, .box_w = 14, .box_h = 15, .ofs_x = 1, .ofs_y = 0},
    {.bitmap_index = 12974, .adv_w = 297, .box_w = 17, .box_h = 22, .ofs_x = 1, .ofs_y = 0},
    {.bitmap_index = 13128, .adv_w = 275, .box_w = 14, .box_h = 15, .ofs_x = 2, .ofs_y = 0},
    {.bitmap_index = 13201, .adv_w = 219, .box_w = 12, .box_h = 15, .ofs_x = 2, .ofs_y = 0},
    {.bitmap_index = 13221, .adv_w = 297, .box_w = 18, .box_h = 19, .ofs_x = 0, .ofs_y = -4},
    {.bitmap_index = 13312, .adv_w = 281, .box_w = 16, .box_h = 15, .ofs_x = 1, .ofs_y = 0},
    {.bitmap_index = 13412, .adv_w = 380, .box_w = 24, .box_h = 15, .ofs_x = 0, .ofs_y = 0},
    {.bitmap_index = 13545, .adv_w = 244, .box_w = 14, .box_h = 15, .ofs_x = 0, .ofs_y = 0},
    {.bitmap_index = 13636, .adv_w = 311, .box_w = 15, .box_h = 15, .ofs_x = 2, .ofs_y = 0},
    {.bitmap_index = 13706, .adv_w = 311, .box_w = 15, .box_h = 21, .ofs_x = 2, .ofs_y = 0},
    {.bitmap_index = 13808, .adv_w = 268, .box_w = 15, .box_h = 15, .ofs_x = 2, .ofs_y = 0},
    {.bitmap_index = 13882, .adv_w = 287, .box_w = 16, .box_h = 15, .ofs_x = 0, .ofs_y = 0},
    {.bitmap_index = 13952, .adv_w = 358, .box_w = 18, .box_h = 15, .ofs_x = 2, .ofs_y = 0},
    {.bitmap_index = 14042, .adv_w = 305, .box_w = 15, .box_h = 15, .ofs_x = 2, .ofs_y = 0},
    {.bitmap_index = 14070, .adv_w = 287, .box_w = 16, .box_h = 15, .ofs_x = 1, .ofs_y = 0},
    {.bitmap_index = 14172, .adv_w = 303, .box_w = 15, .box_h = 15, .ofs_x = 2, .ofs_y = 0},
    {.bitmap_index = 14196, .adv_w = 308, .box_w = 16, .box_h = 20, .ofs_x = 2, .ofs_y = -5},
    {.bitmap_index = 14302, .adv_w = 256, .box_w = 15, .box_h = 15, .ofs_x = 1, .ofs_y = 0},
    {.bitmap_index = 14395, .adv_w = 221, .box_w = 14, .box_h = 15, .ofs_x = 0, .ofs_y = 0},
    {.bitmap_index = 14422, .adv_w = 256, .box_w = 17, .box_h = 20, .ofs_x = -1, .ofs_y = -5},
    {.bitmap_index = 14550, .adv_w = 361, .box_w = 21, .box_h = 26, .ofs_x = 1, .ofs_y = -5},
    {.bitmap_index = 14702, .adv_w = 242, .box_w = 15, .box_h = 15, .ofs_x = 0, .ofs_y = 0},
    {.bitmap_index = 14796, .adv_w = 309, .box_w = 17, .box_h = 19, .ofs_x = 2, .ofs_y = -4},
    {.bitmap_index = 14836, .adv_w = 273, .box_w = 14, .box_h = 15, .ofs_x = 1, .ofs_y = 0},
    {.bitmap_index = 14884, .adv_w = 422, .box_w = 22, .box_h = 15, .ofs_x = 2, .ofs_y = 0},
    {.bitmap_index = 14922, .adv_w = 422, .box_w = 24, .box_h = 18, .ofs_x = 2, .ofs_y = -3},
    {.bitmap_index = 14972, .adv_w = 286, .box_w = 18, .box_h = 15, .ofs_x = 0, .ofs_y = 0},
    {.bitmap_index = 15039, .adv_w = 362, .box_w = 18, .box_h = 15, .ofs_x = 2, .ofs_y = 0},
    {.bitmap_index = 15099, .adv_w = 258, .box_w = 14, .box_h = 15, .ofs_x = 2, .ofs_y = 0},
    {.bitmap_index = 15150, .adv_w = 258, .box_w = 15, .box_h = 15, .ofs_x = 0, .ofs_y = 0},
    {.bitmap_index = 15243, .adv_w = 392, .box_w = 22, .box_h = 15, .ofs_x = 2, .ofs_y = 0},
    {.bitmap_index = 15369, .adv_w = 274, .box_w = 14, .box_h = 15, .ofs_x = 1, .ofs_y = 0},
    {.bitmap_index = 15443, .adv_w = 283, .box_w = 16, .box_h = 21, .ofs_x = 1, .ofs_y = 0},
    {.bitmap_index = 15571, .adv_w = 281, .box_w = 16, .box_h = 21, .ofs_x = 1, .ofs_y = 0},
    {.bitmap_index = 15698, .adv_w = 302, .box_w = 18, .box_h = 27, .ofs_x = -1, .ofs_y = -5},
    {.bitmap_index = 15811, .adv_w = 219, .box_w = 12, .box_h = 21, .ofs_x = 2, .ofs_y = 0},
    {.bitmap_index = 15854, .adv_w = 258, .box_w = 15, .box_h = 15, .ofs_x = 1, .ofs_y = 0},
    {.bitmap_index = 15945, .adv_w = 240, .box_w = 13, .box_h = 15, .ofs_x = 1, .ofs_y = 0},
    {.bitmap_index = 16035, .adv_w = 127, .box_w = 4, .box_h = 21, .ofs_x = 2, .ofs_y = 0},
    {.bitmap_index = 16052, .adv_w = 125, .box_w = 8, .box_h = 20, .ofs_x = 0, .ofs_y = 0},
    {.bitmap_index = 16079, .adv_w = 127, .box_w = 9, .box_h = 27, .ofs_x = -3, .ofs_y = -5},
    {.bitmap_index = 16126, .adv_w = 418, .box_w = 26, .box_h = 15, .ofs_x = 0, .ofs_y = 0},
    {.bitmap_index = 16239, .adv_w = 426, .box_w = 24, .box_h = 15, .ofs_x = 2, .ofs_y = 0},
    {.bitmap_index = 16312, .adv_w = 302, .box_w = 19, .box_h = 21, .ofs_x = -2, .ofs_y = 0},
    {.bitmap_index = 16394, .adv_w = 268, .box_w = 15, .box_h = 21, .ofs_x = 2, .ofs_y = 0},
    {.bitmap_index = 16493, .adv_w = 311, .box_w = 15, .box_h = 21, .ofs_x = 2, .ofs_y = 0},
    {.bitmap_index = 16589, .adv_w = 256, .box_w = 17, .box_h = 27, .ofs_x = -1, .ofs_y = -5},
    {.bitmap_index = 16754, .adv_w = 289, .box_w = 14, .box_h = 19, .ofs_x = 2, .ofs_y = -4},
    {.bitmap_index = 16791, .adv_w = 363, .box_w = 22, .box_h = 21, .ofs_x = 0, .ofs_y = 0},
    {.bitmap_index = 16901, .adv_w = 275, .box_w = 17, .box_h = 21, .ofs_x = 0, .ofs_y = 0},
    {.bitmap_index = 16977, .adv_w = 403, .box_w = 25, .box_h = 20, .ofs_x = 0, .ofs_y = 0},
    {.bitmap_index = 17146, .adv_w = 315, .box_w = 20, .box_h = 15, .ofs_x = 0, .ofs_y = 0},
    {.bitmap_index = 17261, .adv_w = 380, .box_w = 22, .box_h = 20, .ofs_x = 1, .ofs_y = 0},
    {.bitmap_index = 17428, .adv_w = 291, .box_w = 16, .box_h = 15, .ofs_x = 1, .ofs_y = 0},
    {.bitmap_index = 17532, .adv_w = 341, .box_w = 21, .box_h = 21, .ofs_x = 0, .ofs_y = 0},
    {.bitmap_index = 17686, .adv_w = 267, .box_w = 17, .box_h = 16, .ofs_x = 0, .ofs_y = 0},
    {.bitmap_index = 17790, .adv_w = 376, .box_w = 20, .box_h = 30, .ofs_x = 3, .ofs_y = -5},
    {.bitmap_index = 17963, .adv_w = 321, .box_w = 18, .box_h = 24, .ofs_x = 2, .ofs_y = -3},
    {.bitmap_index = 18098, .adv_w = 331, .box_w = 20, .box_h = 21, .ofs_x = 0, .ofs_y = 0},
    {.bitmap_index = 18206, .adv_w = 271, .box_w = 17, .box_h = 15, .ofs_x = 0, .ofs_y = 0},
    {.bitmap_index = 18280, .adv_w = 328, .box_w = 16, .box_h = 20, .ofs_x = 3, .ofs_y = 0},
    {.bitmap_index = 18391, .adv_w = 313, .box_w = 17, .box_h = 20, .ofs_x = 2, .ofs_y = -5},
    {.bitmap_index = 18514, .adv_w = 260, .box_w = 13, .box_h = 24, .ofs_x = 3, .ofs_y = 0},
    {.bitmap_index = 18547, .adv_w = 209, .box_w = 11, .box_h = 18, .ofs_x = 2, .ofs_y = 0},
    {.bitmap_index = 18572, .adv_w = 277, .box_w = 17, .box_h = 20, .ofs_x = 0, .ofs_y = 0},
    {.bitmap_index = 18621, .adv_w = 231, .box_w = 13, .box_h = 15, .ofs_x = 1, .ofs_y = 0},
    {.bitmap_index = 18654, .adv_w = 315, .box_w = 16, .box_h = 25, .ofs_x = 3, .ofs_y = -5},
    {.bitmap_index = 18769, .adv_w = 269, .box_w = 15, .box_h = 21, .ofs_x = 2, .ofs_y = -6},
    {.bitmap_index = 18867, .adv_w = 478, .box_w = 30, .box_h = 25, .ofs_x = 0, .ofs_y = -5},
    {.bitmap_index = 19081, .adv_w = 395, .box_w = 25, .box_h = 18, .ofs_x = 0, .ofs_y = -3},
    {.bitmap_index = 19229, .adv_w = 284, .box_w = 17, .box_h = 24, .ofs_x = 0, .ofs_y = -4},
    {.bitmap_index = 19369, .adv_w = 244, .box_w = 14, .box_h = 18, .ofs_x = 0, .ofs_y = -3},
    {.bitmap_index = 19468, .adv_w = 338, .box_w = 18, .box_h = 25, .ofs_x = 3, .ofs_y = -5},
    {.bitmap_index = 19591, .adv_w = 268, .box_w = 16, .box_h = 18, .ofs_x = 2, .ofs_y = -3},
    {.bitmap_index = 19680, .adv_w = 332, .box_w = 18, .box_h = 20, .ofs_x = 3, .ofs_y = 0},
    {.bitmap_index = 19799, .adv_w = 275, .box_w = 15, .box_h = 15, .ofs_x = 2, .ofs_y = 0},
    {.bitmap_index = 19880, .adv_w = 328, .box_w = 21, .box_h = 20, .ofs_x = 0, .ofs_y = 0},
    {.bitmap_index = 20007, .adv_w = 267, .box_w = 17, .box_h = 21, .ofs_x = 0, .ofs_y = 0},
    {.bitmap_index = 20113, .adv_w = 370, .box_w = 23, .box_h = 20, .ofs_x = 0, .ofs_y = 0},
    {.bitmap_index = 20232, .adv_w = 300, .box_w = 19, .box_h = 15, .ofs_x = 0, .ofs_y = 0},
    {.bitmap_index = 20323, .adv_w = 379, .box_w = 20, .box_h = 25, .ofs_x = 3, .ofs_y = -5},
    {.bitmap_index = 20381, .adv_w = 314, .box_w = 17, .box_h = 18, .ofs_x = 2, .ofs_y = -3},
    {.bitmap_index = 20428, .adv_w = 487, .box_w = 28, .box_h = 20, .ofs_x = 3, .ofs_y = 0},
    {.bitmap_index = 20482, .adv_w = 397, .box_w = 23, .box_h = 15, .ofs_x = 2, .ofs_y = 0},
    {.bitmap_index = 20525, .adv_w = 536, .box_w = 30, .box_h = 25, .ofs_x = 3, .ofs_y = -5},
    {.bitmap_index = 20658, .adv_w = 437, .box_w = 25, .box_h = 21, .ofs_x = 2, .ofs_y = -6},
    {.bitmap_index = 20774, .adv_w = 436, .box_w = 25, .box_h = 21, .ofs_x = 1, .ofs_y = -1},
    {.bitmap_index = 20996, .adv_w = 355, .box_w = 20, .box_h = 15, .ofs_x = 1, .ofs_y = 0},
    {.bitmap_index = 21134, .adv_w = 322, .box_w = 19, .box_h = 24, .ofs_x = 1, .ofs_y = -4},
    {.bitmap_index = 21277, .adv_w = 256, .box_w = 15, .box_h = 18, .ofs_x = 1, .ofs_y = -3},
    {.bitmap_index = 21377, .adv_w = 270, .box_w = 17, .box_h = 25, .ofs_x = 0, .ofs_y = -5},
    {.bitmap_index = 21426, .adv_w = 221, .box_w = 14, .box_h = 18, .ofs_x = 0, .ofs_y = -3},
    {.bitmap_index = 21466, .adv_w = 299, .box_w = 19, .box_h = 20, .ofs_x = 0, .ofs_y = 0},
    {.bitmap_index = 21568, .adv_w = 257, .box_w = 16, .box_h = 20, .ofs_x = 0, .ofs_y = -5},
    {.bitmap_index = 21669, .adv_w = 299, .box_w = 19, .box_h = 20, .ofs_x = 0, .ofs_y = 0},
    {.bitmap_index = 21782, .adv_w = 257, .box_w = 16, .box_h = 20, .ofs_x = 0, .ofs_y = -5},
    {.bitmap_index = 21887, .adv_w = 316, .box_w = 20, .box_h = 25, .ofs_x = 0, .ofs_y = -5},
    {.bitmap_index = 22051, .adv_w = 242, .box_w = 17, .box_h = 18, .ofs_x = 0, .ofs_y = -3},
    {.bitmap_index = 22160, .adv_w = 436, .box_w = 27, .box_h = 25, .ofs_x = 0, .ofs_y = -5},
    {.bitmap_index = 22230, .adv_w = 345, .box_w = 21, .box_h = 18, .ofs_x = 0, .ofs_y = -3},
    {.bitmap_index = 22285, .adv_w = 334, .box_w = 20, .box_h = 25, .ofs_x = 1, .ofs_y = -5},
    {.bitmap_index = 22371, .adv_w = 284, .box_w = 16, .box_h = 18, .ofs_x = 1, .ofs_y = -3},
    {.bitmap_index = 22437, .adv_w = 330, .box_w = 18, .box_h = 20, .ofs_x = 0, .ofs_y = 0},
    {.bitmap_index = 22516, .adv_w = 273, .box_w = 14, .box_h = 15, .ofs_x = 1, .ofs_y = 0},
    {.bitmap_index = 22574, .adv_w = 330, .box_w = 17, .box_h = 20, .ofs_x = 3, .ofs_y = 0},
    {.bitmap_index = 22634, .adv_w = 302, .box_w = 15, .box_h = 21, .ofs_x = 2, .ofs_y = 0},
    {.bitmap_index = 22696, .adv_w = 443, .box_w = 27, .box_h = 20, .ofs_x = 0, .ofs_y = 0},
    {.bitmap_index = 22886, .adv_w = 345, .box_w = 21, .box_h = 15, .ofs_x = 0, .ofs_y = 0},
    {.bitmap_index = 23005, .adv_w = 443, .box_w = 27, .box_h = 24, .ofs_x = 0, .ofs_y = -4},
    {.bitmap_index = 23207, .adv_w = 345, .box_w = 21, .box_h = 18, .ofs_x = 0, .ofs_y = -3},
    {.bitmap_index = 23335, .adv_w = 142, .box_w = 3, .box_h = 20, .ofs_x = 3, .ofs_y = 0},
    {.bitmap_index = 23340, .adv_w = 461, .box_w = 29, .box_h = 25, .ofs_x = 0, .ofs_y = 0},
    {.bitmap_index = 23571, .adv_w = 380, .box_w = 24, .box_h = 21, .ofs_x = 0, .ofs_y = 0},
    {.bitmap_index = 23742, .adv_w = 320, .box_w = 17, .box_h = 25, .ofs_x = 3, .ofs_y = -5},
    {.bitmap_index = 23883, .adv_w = 268, .box_w = 15, .box_h = 20, .ofs_x = 2, .ofs_y = -5},
    {.bitmap_index = 23984, .adv_w = 361, .box_w = 22, .box_h = 25, .ofs_x = 0, .ofs_y = -5},
    {.bitmap_index = 24110, .adv_w = 297, .box_w = 18, .box_h = 18, .ofs_x = 0, .ofs_y = -3},
    {.bitmap_index = 24205, .adv_w = 367, .box_w = 17, .box_h = 26, .ofs_x = 3, .ofs_y = -6},
    {.bitmap_index = 24268, .adv_w = 308, .box_w = 15, .box_h = 20, .ofs_x = 2, .ofs_y = -5},
    {.bitmap_index = 24322, .adv_w = 375, .box_w = 20, .box_h = 25, .ofs_x = 3, .ofs_y = -5},
    {.bitmap_index = 24395, .adv_w = 314, .box_w = 17, .box_h = 18, .ofs_x = 2, .ofs_y = -3},
    {.bitmap_index = 24450, .adv_w = 328, .box_w = 17, .box_h = 25, .ofs_x = 1, .ofs_y = -5},
    {.bitmap_index = 24533, .adv_w = 271, .box_w = 14, .box_h = 18, .ofs_x = 1, .ofs_y = -3},
    {.bitmap_index = 24593, .adv_w = 443, .box_w = 24, .box_h = 25, .ofs_x = 3, .ofs_y = -5},
    {.bitmap_index = 24761, .adv_w = 371, .box_w = 21, .box_h = 18, .ofs_x = 2, .ofs_y = -3},
    {.bitmap_index = 24882, .adv_w = 127, .box_w = 4, .box_h = 21, .ofs_x = 2, .ofs_y = 0},
    {.bitmap_index = 24890, .adv_w = 340, .box_w = 21, .box_h = 25, .ofs_x = 0, .ofs_y = 0},
    {.bitmap_index = 25068, .adv_w = 264, .box_w = 14, .box_h = 21, .ofs_x = 1, .ofs_y = 0},
    {.bitmap_index = 25190, .adv_w = 340, .box_w = 21, .box_h = 25, .ofs_x = 0, .ofs_y = 0},
    {.bitmap_index = 25363, .adv_w = 264, .box_w = 14, .box_h = 20, .ofs_x = 1, .ofs_y = 0},
    {.bitmap_index = 25480, .adv_w = 469, .box_w = 28, .box_h = 20, .ofs_x = 0, .ofs_y = 0},
    {.bitmap_index = 25614, .adv_w = 446, .box_w = 26, .box_h = 15, .ofs_x = 1, .ofs_y = 0},
    {.bitmap_index = 25781, .adv_w = 298, .box_w = 15, .box_h = 25, .ofs_x = 3, .ofs_y = 0},
    {.bitmap_index = 25859, .adv_w = 283, .box_w = 16, .box_h = 21, .ofs_x = 1, .ofs_y = 0},
    {.bitmap_index = 25990, .adv_w = 369, .box_w = 21, .box_h = 20, .ofs_x = 1, .ofs_y = 0},
    {.bitmap_index = 26144, .adv_w = 274, .box_w = 15, .box_h = 15, .ofs_x = 1, .ofs_y = 0},
    {.bitmap_index = 26239, .adv_w = 369, .box_w = 21, .box_h = 25, .ofs_x = 1, .ofs_y = 0},
    {.bitmap_index = 26424, .adv_w = 275, .box_w = 15, .box_h = 21, .ofs_x = 1, .ofs_y = 0},
    {.bitmap_index = 26545, .adv_w = 461, .box_w = 29, .box_h = 25, .ofs_x = 0, .ofs_y = 0},
    {.bitmap_index = 26769, .adv_w = 380, .box_w = 24, .box_h = 20, .ofs_x = 0, .ofs_y = 0},
    {.bitmap_index = 26933, .adv_w = 284, .box_w = 17, .box_h = 25, .ofs_x = 0, .ofs_y = 0},
    {.bitmap_index = 27092, .adv_w = 244, .box_w = 14, .box_h = 21, .ofs_x = 0, .ofs_y = 0},
    {.bitmap_index = 27209, .adv_w = 280, .box_w = 17, .box_h = 20, .ofs_x = 0, .ofs_y = 0},
    {.bitmap_index = 27328, .adv_w = 236, .box_w = 15, .box_h = 20, .ofs_x = -1, .ofs_y = -5},
    {.bitmap_index = 27437, .adv_w = 369, .box_w = 17, .box_h = 24, .ofs_x = 3, .ofs_y = 0},
    {.bitmap_index = 27549, .adv_w = 311, .box_w = 15, .box_h = 20, .ofs_x = 2, .ofs_y = 0},
    {.bitmap_index = 27634, .adv_w = 369, .box_w = 17, .box_h = 25, .ofs_x = 3, .ofs_y = 0},
    {.bitmap_index = 27759, .adv_w = 311, .box_w = 15, .box_h = 20, .ofs_x = 2, .ofs_y = 0},
    {.bitmap_index = 27857, .adv_w = 380, .box_w = 22, .box_h = 25, .ofs_x = 1, .ofs_y = 0},
    {.bitmap_index = 28055, .adv_w = 287, .box_w = 16, .box_h = 21, .ofs_x = 1, .ofs_y = 0},
    {.bitmap_index = 28183, .adv_w = 380, .box_w = 22, .box_h = 20, .ofs_x = 1, .ofs_y = 0},
    {.bitmap_index = 28350, .adv_w = 287, .box_w = 16, .box_h = 15, .ofs_x = 1, .ofs_y = 0},
    {.bitmap_index = 28454, .adv_w = 380, .box_w = 22, .box_h = 25, .ofs_x = 1, .ofs_y = 0},
    {.bitmap_index = 28652, .adv_w = 287, .box_w = 16, .box_h = 21, .ofs_x = 1, .ofs_y = 0},
    {.bitmap_index = 28782, .adv_w = 317, .box_w = 19, .box_h = 25, .ofs_x = 0, .ofs_y = 0},
    {.bitmap_index = 28944, .adv_w = 258, .box_w = 15, .box_h = 21, .ofs_x = 0, .ofs_y = 0},
    {.bitmap_index = 29063, .adv_w = 310, .box_w = 20, .box_h = 24, .ofs_x = 0, .ofs_y = 0},
    {.bitmap_index = 29220, .adv_w = 256, .box_w = 17, .box_h = 25, .ofs_x = -1, .ofs_y = -5},
    {.bitmap_index = 29363, .adv_w = 310, .box_w = 20, .box_h = 25, .ofs_x = 0, .ofs_y = 0},
    {.bitmap_index = 29533, .adv_w = 256, .box_w = 17, .box_h = 26, .ofs_x = -1, .ofs_y = -5},
    {.bitmap_index = 29689, .adv_w = 310, .box_w = 20, .box_h = 25, .ofs_x = 0, .ofs_y = 0},
    {.bitmap_index = 29864, .adv_w = 256, .box_w = 17, .box_h = 26, .ofs_x = -1, .ofs_y = -5},
    {.bitmap_index = 30026, .adv_w = 322, .box_w = 17, .box_h = 25, .ofs_x = 1, .ofs_y = 0},
    {.bitmap_index = 30121, .adv_w = 273, .box_w = 14, .box_h = 20, .ofs_x = 1, .ofs_y = 0},
    {.bitmap_index = 30196, .adv_w = 259, .box_w = 13, .box_h = 25, .ofs_x = 3, .ofs_y = -5},
    {.bitmap_index = 30237, .adv_w = 219, .box_w = 12, .box_h = 18, .ofs_x = 2, .ofs_y = -3},
    {.bitmap_index = 30271, .adv_w = 445, .box_w = 22, .box_h = 25, .ofs_x = 3, .ofs_y = 0},
    {.bitmap_index = 30392, .adv_w = 362, .box_w = 18, .box_h = 20, .ofs_x = 2, .ofs_y = 0},
    {.bitmap_index = 30481, .adv_w = 277, .box_w = 17, .box_h = 25, .ofs_x = 0, .ofs_y = -5},
    {.bitmap_index = 30567, .adv_w = 220, .box_w = 14, .box_h = 20, .ofs_x = 0, .ofs_y = -5},
    {.bitmap_index = 30639, .adv_w = 301, .box_w = 18, .box_h = 25, .ofs_x = 0, .ofs_y = -5},
    {.bitmap_index = 30810, .adv_w = 242, .box_w = 15, .box_h = 20, .ofs_x = 0, .ofs_y = -5},
    {.bitmap_index = 30932, .adv_w = 306, .box_w = 19, .box_h = 20, .ofs_x = 0, .ofs_y = 0},
    {.bitmap_index = 31079, .adv_w = 255, .box_w = 16, .box_h = 15, .ofs_x = 0, .ofs_y = 0},
    {.bitmap_index = 31183, .adv_w = 141, .box_w = 6, .box_h = 6, .ofs_x = 1, .ofs_y = 5},
    {.bitmap_index = 31200, .adv_w = 310, .box_w = 18, .box_h = 4, .ofs_x = 1, .ofs_y = 0}
};

/*---------------------
 *  CHARACTER MAPPING
 *--------------------*/

static const uint16_t unicode_list_3[] = {
    0x0, 0x1, 0x8, 0x9, 0x10, 0x11, 0x12, 0x13
};

static const uint16_t unicode_list_5[] = {
    0x0, 0x4
};

/*Collect the unicode lists and glyph_id offsets*/
static const lv_font_fmt_txt_cmap_t cmaps[] =
{
    {
        .range_start = 32, .range_length = 95, .glyph_id_start = 1,
        .unicode_list = NULL, .glyph_id_ofs_list = NULL, .list_length = 0, .type = LV_FONT_FMT_TXT_CMAP_FORMAT0_TINY
    },
    {
        .range_start = 176, .range_length = 1, .glyph_id_start = 96,
        .unicode_list = NULL, .glyph_id_ofs_list = NULL, .list_length = 0, .type = LV_FONT_FMT_TXT_CMAP_FORMAT0_TINY
    },
    {
        .range_start = 1024, .range_length = 96, .glyph_id_start = 97,
        .unicode_list = NULL, .glyph_id_ofs_list = NULL, .list_length = 0, .type = LV_FONT_FMT_TXT_CMAP_FORMAT0_TINY
    },
    {
        .range_start = 1122, .range_length = 20, .glyph_id_start = 193,
        .unicode_list = unicode_list_3, .glyph_id_ofs_list = NULL, .list_length = 8, .type = LV_FONT_FMT_TXT_CMAP_SPARSE_TINY
    },
    {
        .range_start = 1162, .range_length = 118, .glyph_id_start = 201,
        .unicode_list = NULL, .glyph_id_ofs_list = NULL, .list_length = 0, .type = LV_FONT_FMT_TXT_CMAP_FORMAT0_TINY
    },
    {
        .range_start = 8226, .range_length = 5, .glyph_id_start = 319,
        .unicode_list = unicode_list_5, .glyph_id_ofs_list = NULL, .list_length = 2, .type = LV_FONT_FMT_TXT_CMAP_SPARSE_TINY
    }
};



/*--------------------
 *  ALL CUSTOM DATA
 *--------------------*/

#if LVGL_VERSION_MAJOR == 8
/*Store all the custom data of the font*/
static  lv_font_fmt_txt_glyph_cache_t cache;
#endif

#if LVGL_VERSION_MAJOR >= 8
static const lv_font_fmt_txt_dsc_t font_dsc = {
#else
static lv_font_fmt_txt_dsc_t font_dsc = {
#endif
    .glyph_bitmap = glyph_bitmap,
    .glyph_dsc = glyph_dsc,
    .cmaps = cmaps,
    .kern_dsc = NULL,
    .kern_scale = 0,
    .cmap_num = 6,
    .bpp = 4,
    .kern_classes = 0,
    .bitmap_format = 1,
#if LVGL_VERSION_MAJOR == 8
    .cache = &cache
#endif
};



/*-----------------
 *  PUBLIC FONT
 *----------------*/

/*Initialize a public general font descriptor*/
#if LVGL_VERSION_MAJOR >= 8
const lv_font_t lv_font_yora_montserrat_28_cyr = {
#else
lv_font_t lv_font_yora_montserrat_28_cyr = {
#endif
    .get_glyph_dsc = lv_font_get_glyph_dsc_fmt_txt,    /*Function pointer to get glyph's data*/
    .get_glyph_bitmap = lv_font_get_bitmap_fmt_txt,    /*Function pointer to get glyph's bitmap*/
    .line_height = 31,          /*The maximum line height required by the font*/
    .base_line = 6,             /*Baseline measured from the bottom of the line*/
#if !(LVGL_VERSION_MAJOR == 6 && LVGL_VERSION_MINOR == 0)
    .subpx = LV_FONT_SUBPX_NONE,
#endif
#if LV_VERSION_CHECK(7, 4, 0) || LVGL_VERSION_MAJOR >= 8
    .underline_position = -3,
    .underline_thickness = 1,
#endif
    .dsc = &font_dsc,          /*The custom font data. Will be accessed by `get_glyph_bitmap/dsc` */
#if LV_VERSION_CHECK(8, 2, 0) || LVGL_VERSION_MAJOR >= 9
    .fallback = NULL,
#endif
    .user_data = NULL,
};



#endif /*#if LV_FONT_YORA_MONTSERRAT_28_CYR*/

