/*******************************************************************************
 * Size: 16 px
 * Bpp: 4
 * Opts: --font g:\Github\Yoradio_RGB_Panel-1\tools\fonts\Montserrat-Medium.ttf -r 0x20-0x7F,0x400-0x4FF,0xB0,0x2026,0x2022 --size 16 --bpp 4 --format lvgl --lv-include lvgl.h --lv-font-name lv_font_yora_montserrat_16_cyr -o g:\Github\Yoradio_RGB_Panel-1\src\src\lvgl_ui\fonts\lv_font_yora_montserrat_16_cyr.c
 ******************************************************************************/

#ifdef LV_LVGL_H_INCLUDE_SIMPLE
#include "lvgl.h"
#else
#include "lvgl.h"
#endif

#ifndef LV_FONT_YORA_MONTSERRAT_16_CYR
#define LV_FONT_YORA_MONTSERRAT_16_CYR 1
#endif

#if LV_FONT_YORA_MONTSERRAT_16_CYR

/*-----------------
 *    BITMAPS
 *----------------*/

/*Store the image of the glyphs*/
static LV_ATTRIBUTE_LARGE_CONST const uint8_t glyph_bitmap[] = {
    /* U+0020 " " */

    /* U+0021 "!" */
    0xbf, 0x0, 0xc2, 0x1, 0x8, 0x18, 0x0, 0x4c,
    0x0, 0x21, 0xe0, 0x7, 0xc0, 0x0, 0x85, 0xf0,
    0x8e,

    /* U+0022 "\"" */
    0xf5, 0x1f, 0x30, 0xe, 0x11, 0x80, 0x3c, 0x32,
    0xc0, 0xe6,

    /* U+0023 "#" */
    0x0, 0x9b, 0x0, 0x7, 0xc0, 0x1d, 0xcc, 0x0,
    0x62, 0x0, 0xe2, 0x20, 0x0, 0x98, 0x0, 0x3f,
    0xe5, 0x7f, 0xf4, 0x2f, 0xe8, 0xe6, 0x6, 0x33,
    0x6, 0xf9, 0xc0, 0x66, 0x15, 0x33, 0x6, 0x99,
    0x80, 0x2, 0x6, 0x0, 0x26, 0x0, 0xc6, 0x2,
    0x0, 0x11, 0x0, 0x27, 0xf4, 0x3f, 0xe0, 0xdf,
    0x48, 0xc7, 0x3c, 0xc4, 0x8e, 0x61, 0x4, 0xc1,
    0x4c, 0xe2, 0x33, 0x0, 0x45, 0xc0, 0x2, 0x60,
    0x8,

    /* U+0024 "$" */
    0x0, 0xcf, 0x20, 0x1f, 0xfc, 0x45, 0xc8, 0x6e,
    0x92, 0x0, 0x3d, 0x2, 0x1b, 0xba, 0xc0, 0x12,
    0x99, 0x85, 0x9e, 0x80, 0x0, 0x98, 0x7, 0x8,
    0x0, 0x9d, 0x40, 0x3e, 0xf1, 0xa8, 0x55, 0x0,
    0x62, 0xe9, 0x33, 0x57, 0x20, 0x6, 0x6b, 0x6b,
    0xb, 0x10, 0xf, 0x25, 0x81, 0x3, 0x80, 0x76,
    0x80, 0x94, 0x74, 0xe2, 0xd3, 0xa9, 0x13, 0x11,
    0xd0, 0xde, 0x28, 0x0, 0x75, 0xd0, 0xda, 0xe0,
    0x1f, 0xfc, 0x0,

    /* U+0025 "%" */
    0x3, 0xde, 0x80, 0xc, 0xba, 0x1, 0x6c, 0xf2,
    0x28, 0x0, 0x6f, 0x80, 0x8, 0x48, 0x13, 0xe0,
    0xb, 0x73, 0x0, 0xb, 0x0, 0x5, 0x81, 0x11,
    0x20, 0x10, 0xb0, 0x0, 0x58, 0x26, 0xc0, 0x32,
    0x11, 0x84, 0xfc, 0x3a, 0x80, 0x76, 0xfe, 0xdb,
    0x32, 0xcf, 0x36, 0x40, 0x7, 0x9a, 0xfd, 0x3,
    0xbf, 0xa7, 0x0, 0x19, 0xc5, 0x8c, 0x8c, 0x25,
    0x0, 0x22, 0x9e, 0x0, 0xf0, 0x80, 0x53, 0x22,
    0x3, 0x23, 0x9, 0x50, 0x3, 0x31, 0xc0, 0x2a,
    0xee, 0x4, 0x0,

    /* U+0026 "&" */
    0x0, 0xa7, 0xbe, 0xc4, 0x3, 0xa5, 0xeb, 0x1a,
    0xc0, 0x39, 0x1d, 0xe, 0x9c, 0x3, 0x99, 0x40,
    0x16, 0xe0, 0x1d, 0x7, 0x5a, 0x36, 0x1, 0xc4,
    0x45, 0x1d, 0x10, 0xc, 0x7e, 0xce, 0x6c, 0x3,
    0x0, 0xd, 0x5b, 0x88, 0x4b, 0x23, 0x81, 0x8f,
    0x80, 0x1d, 0xd3, 0x6a, 0x1, 0x18, 0x5, 0x6,
    0x3a, 0x6, 0x91, 0x2c, 0xcc, 0x34, 0x84, 0xb,
    0x74, 0x98, 0x6c, 0xb5, 0x10, 0x4, 0x6f, 0xf5,
    0x18, 0x52, 0x80,

    /* U+0027 "'" */
    0xf5, 0x0, 0x8, 0x80, 0x12, 0xc0,

    /* U+0028 "(" */
    0x0, 0x6d, 0x2, 0x94, 0x7, 0x19, 0x2, 0x20,
    0xc, 0x30, 0x18, 0x18, 0xc, 0xc, 0x4, 0x4,
    0x4, 0x4, 0xc, 0xc, 0x18, 0x18, 0xc, 0xc,
    0x0, 0x96, 0x0, 0xe3, 0x20, 0x52, 0x80,

    /* U+0029 ")" */
    0x3f, 0x30, 0x33, 0x40, 0x2, 0x90, 0x41, 0xc1,
    0xc0, 0x45, 0xe0, 0x5, 0x50, 0x0, 0x44, 0x1,
    0x18, 0x4, 0x60, 0x1, 0x10, 0x1, 0x54, 0x2,
    0x2f, 0x7, 0x7, 0xa, 0x41, 0x33, 0x40, 0x0,

    /* U+002A "*" */
    0x0, 0x25, 0x0, 0x4c, 0xe0, 0x4, 0xa0, 0x4c,
    0xb5, 0xaf, 0x2, 0xc0, 0x2, 0xb8, 0x3d, 0xc2,
    0x1f, 0x83, 0xe1, 0x8c, 0x68, 0x4, 0xb2, 0x1,
    0x0,

    /* U+002B "+" */
    0x0, 0x94, 0x40, 0x3d, 0x48, 0x1, 0xff, 0xc0,
    0x11, 0x0, 0x4, 0x41, 0xdd, 0x5, 0x77, 0xf,
    0x6e, 0xc1, 0x17, 0x63, 0x32, 0x20, 0x9, 0x10,
    0x1, 0xfc,

    /* U+002C "," */
    0x9, 0x52, 0x68, 0x24, 0x70, 0x7f, 0x3, 0x50,

    /* U+002D "-" */
    0x1, 0x1c, 0x3, 0xdd, 0x8c, 0x6e, 0xf1, 0x80,

    /* U+002E "." */
    0x3, 0x12, 0xcd, 0x31, 0x50,

    /* U+002F "/" */
    0x0, 0xe5, 0xf1, 0x0, 0xef, 0x41, 0x0, 0xe5,
    0xd0, 0xe, 0x50, 0x70, 0xe, 0xf4, 0x10, 0xe,
    0x5d, 0x0, 0xe5, 0x7, 0x0, 0xef, 0x41, 0x0,
    0xe5, 0xd0, 0xe, 0x40, 0x70, 0xe, 0xe3, 0x10,
    0xe, 0x5a, 0x0, 0xe4, 0x7, 0x0, 0xee, 0x31,
    0x0, 0xe4, 0xa0, 0xe, 0x41, 0x70, 0xe,

    /* U+0030 "0" */
    0x0, 0xa3, 0xbf, 0x14, 0x3, 0x63, 0xa3, 0x85,
    0x38, 0x1, 0xce, 0xa9, 0x18, 0xb0, 0x41, 0x46,
    0xa0, 0x15, 0x85, 0x9, 0x20, 0x6, 0x12, 0x42,
    0xe, 0x0, 0xe6, 0x10, 0xf, 0xf1, 0x7, 0x0,
    0x73, 0x8, 0x89, 0x0, 0x30, 0x92, 0x5, 0x1a,
    0x80, 0x56, 0x14, 0xe, 0x75, 0x48, 0xc5, 0x82,
    0x0, 0x63, 0xa3, 0x85, 0x38, 0x0,

    /* U+0031 "1" */
    0xef, 0xf8, 0xe2, 0xa, 0x0, 0x67, 0xf0, 0xf,
    0xff, 0x18,

    /* U+0032 "2" */
    0x4, 0xbe, 0xfd, 0x70, 0x3, 0xdb, 0x3b, 0x86,
    0x24, 0x15, 0xf6, 0x63, 0x11, 0x80, 0xa0, 0x3,
    0x60, 0x8, 0x7, 0xb4, 0x4, 0x3, 0x91, 0x5c,
    0x3, 0x8e, 0xce, 0x0, 0x31, 0xe9, 0xe8, 0x6,
    0x2d, 0x3d, 0x10, 0x8, 0xb0, 0xf0, 0x40, 0x22,
    0xc1, 0x56, 0x77, 0x91, 0x2, 0xf, 0x11, 0xb8,

    /* U+0033 "3" */
    0x6f, 0xff, 0x81, 0x22, 0x33, 0x2, 0x1, 0x3b,
    0xe5, 0x1a, 0x0, 0xe9, 0x3d, 0x10, 0xc, 0xad,
    0x26, 0x1, 0xd0, 0x11, 0x42, 0x1, 0xa6, 0x9d,
    0x70, 0x3, 0x22, 0xcc, 0x89, 0x0, 0x3c, 0xa0,
    0x48, 0x80, 0xd, 0x60, 0xbf, 0x79, 0x31, 0x8e,
    0x87, 0x72, 0xc, 0xe3, 0x16, 0x0,

    /* U+0034 "4" */
    0x0, 0xe1, 0xeb, 0x0, 0xfd, 0x41, 0x40, 0x1f,
    0x32, 0x58, 0x80, 0x78, 0xa5, 0x54, 0x1, 0xf7,
    0xd, 0x0, 0x7d, 0x7, 0x40, 0x3a, 0xa0, 0x11,
    0xbb, 0x90, 0xc, 0x8c, 0x2, 0xd1, 0xa2, 0x20,
    0x80, 0x90, 0xb0, 0x8b, 0x76, 0xc0, 0x8d, 0x97,
    0xaa, 0xe9, 0x6, 0xaa, 0xa, 0xaf, 0x20, 0x7a,
    0x90, 0x7, 0xfc,

    /* U+0035 "5" */
    0x5, 0xff, 0xf0, 0x0, 0x82, 0x23, 0x80, 0x1e,
    0x2e, 0xfc, 0x0, 0x23, 0x0, 0xf8, 0x44, 0x42,
    0x1, 0xcc, 0x7b, 0xdf, 0x66, 0x0, 0x9a, 0xa4,
    0xba, 0xe1, 0x2, 0x2a, 0x9a, 0x34, 0x14, 0x3,
    0xc6, 0x1c, 0x4a, 0x1, 0x94, 0x3e, 0xa9, 0xb3,
    0x17, 0x44, 0xd1, 0x4c, 0xee, 0x56, 0xc0,

    /* U+0036 "6" */
    0x0, 0x97, 0x3b, 0xf1, 0x80, 0x29, 0xa0, 0x67,
    0x70, 0x80, 0x15, 0x9f, 0x22, 0x16, 0xe0, 0x9,
    0x28, 0x0, 0xf0, 0x9a, 0x80, 0x7c, 0x61, 0xd1,
    0xdf, 0xea, 0x10, 0x10, 0x85, 0x8b, 0x75, 0xc0,
    0x10, 0x1c, 0x64, 0x8a, 0x24, 0x21, 0x31, 0x0,
    0x9c, 0x8, 0x1c, 0xc8, 0x2, 0x50, 0x50, 0x82,
    0xc8, 0x69, 0x84, 0x30, 0x1c, 0x76, 0x94, 0x7b,
    0x0,

    /* U+0037 "7" */
    0x8f, 0xff, 0xb8, 0x1, 0x11, 0xc0, 0x40, 0x7,
    0x7c, 0x41, 0x3a, 0xc0, 0x1b, 0x85, 0x55, 0x20,
    0x11, 0x23, 0x0, 0x7a, 0xc2, 0x40, 0x3c, 0xc8,
    0x20, 0x1c, 0xc1, 0xe0, 0x1e, 0xb2, 0x40, 0xe,
    0x42, 0xa0, 0xf, 0x70, 0x30, 0x7, 0xa, 0xb0,
    0x80, 0x40,

    /* U+0038 "8" */
    0x0, 0x2e, 0x7f, 0xb5, 0xc0, 0x26, 0xa0, 0x89,
    0x78, 0xa0, 0x5, 0x16, 0x3b, 0x53, 0x28, 0x80,
    0x88, 0x3, 0x70, 0x18, 0x51, 0xb8, 0x89, 0x64,
    0xc8, 0x1d, 0x23, 0xb9, 0x41, 0xa0, 0x9, 0x46,
    0xab, 0x80, 0xc0, 0x26, 0x79, 0x54, 0x7a, 0x26,
    0x60, 0x68, 0x6, 0x40, 0xe6, 0xf, 0x0, 0xca,
    0x1c, 0x4c, 0xb6, 0xed, 0x34, 0x4c, 0x13, 0x4f,
    0x32, 0x47, 0xc0,

    /* U+0039 "9" */
    0x0, 0x47, 0x7e, 0xc0, 0x6, 0xc7, 0x69, 0x57,
    0xc0, 0x2, 0x9d, 0x43, 0x46, 0x1b, 0x86, 0x82,
    0x80, 0x46, 0x36, 0x1e, 0x6, 0x1, 0x8, 0x8c,
    0x18, 0x39, 0x5, 0x34, 0x0, 0x22, 0xb3, 0xbe,
    0xb6, 0x60, 0x8, 0x27, 0x6e, 0x75, 0x18, 0x7,
    0x11, 0x88, 0x22, 0x80, 0x7d, 0x23, 0x20, 0x9,
    0xa7, 0x8d, 0x68, 0x30, 0x7, 0x3c, 0x33, 0x2d,
    0xc0, 0x0,

    /* U+003A ":" */
    0x1e, 0x93, 0x15, 0x2c, 0xd0, 0x31, 0x0, 0xf8,
    0xc4, 0xb3, 0x4c, 0x54,

    /* U+003B ";" */
    0x1e, 0x93, 0x15, 0x2c, 0xd0, 0x31, 0x0, 0xfe,
    0x1e, 0x93, 0x14, 0x25, 0x50, 0x25, 0x82, 0x18,

    /* U+003C "<" */
    0x0, 0xf2, 0x10, 0x4, 0x2f, 0xb6, 0x20, 0x73,
    0xd2, 0xbc, 0x77, 0x85, 0x5d, 0x2, 0xa, 0x38,
    0x80, 0x1b, 0xa2, 0xba, 0x90, 0x2, 0x6d, 0xb0,
    0xbd, 0x20, 0x9, 0x2b, 0x94, 0x0,

    /* U+003D "=" */
    0xef, 0xff, 0x1d, 0x57, 0xc4, 0x8a, 0xbe, 0x10,
    0x11, 0xf0, 0x77, 0x7c, 0x7b, 0x77, 0xe3,

    /* U+003E ">" */
    0x50, 0xf, 0xaf, 0xe4, 0x80, 0x37, 0x4a, 0xed,
    0xa8, 0x4, 0xd9, 0x82, 0xae, 0x20, 0x8, 0xf0,
    0xc4, 0x40, 0x51, 0xd6, 0xba, 0x77, 0xa9, 0x1d,
    0x24, 0x5, 0x98, 0x60, 0xc,

    /* U+003F "?" */
    0x4, 0xbe, 0xfd, 0x70, 0x3, 0xdb, 0xcc, 0xc,
    0x50, 0x2c, 0x63, 0xbb, 0xd, 0x40, 0x9c, 0x3,
    0x28, 0x7, 0xc2, 0xea, 0x1, 0xc3, 0x87, 0x60,
    0x1d, 0xa7, 0x82, 0x1, 0x90, 0xe0, 0x40, 0x39,
    0x71, 0x80, 0x3c, 0x24, 0x1, 0xf3, 0x72, 0x80,
    0x78, 0xc0, 0x40, 0x20,

    /* U+0040 "@" */
    0x0, 0xc3, 0x19, 0xdf, 0xd6, 0xa0, 0x1f, 0x37,
    0x1c, 0xee, 0xd9, 0x1a, 0x40, 0x19, 0xe2, 0xec,
    0xa6, 0x46, 0xfa, 0xb8, 0x40, 0x3, 0x8a, 0x41,
    0xae, 0xfa, 0x3f, 0xc7, 0xe0, 0x4, 0xb2, 0xf,
    0xa4, 0xd0, 0x68, 0x2, 0x48, 0xc1, 0x68, 0x24,
    0x7d, 0xd6, 0x90, 0x2, 0x7b, 0x20, 0x30, 0x56,
    0x10, 0xa, 0x40, 0x2f, 0x31, 0x0, 0x8c, 0x40,
    0x31, 0x0, 0x46, 0xe2, 0x1, 0x18, 0x80, 0x62,
    0x0, 0x8d, 0x88, 0xc, 0x15, 0x84, 0x2, 0x90,
    0xb, 0xc8, 0x16, 0x82, 0x47, 0x19, 0x69, 0xc7,
    0x99, 0x94, 0x12, 0xc6, 0x3e, 0xf3, 0x41, 0x90,
    0x91, 0x24, 0x7, 0x1a, 0x83, 0x5f, 0xea, 0x16,
    0xee, 0x30, 0x4, 0xf1, 0x76, 0x53, 0x23, 0x75,
    0x0, 0xf9, 0xb8, 0xe7, 0x37, 0xb5, 0x80, 0x30,

    /* U+0041 "A" */
    0x0, 0xe2, 0xfd, 0x0, 0xff, 0x58, 0x12, 0x0,
    0x7f, 0x33, 0x7, 0xc0, 0x3f, 0x30, 0x5c, 0xa1,
    0x0, 0x7d, 0x66, 0x4c, 0x14, 0x1, 0xe4, 0x2a,
    0x1, 0x46, 0x0, 0xf7, 0x83, 0x0, 0x3c, 0x58,
    0x3, 0xa, 0x28, 0x8c, 0xa3, 0x60, 0x1a, 0x41,
    0x7b, 0xb0, 0x91, 0x80, 0x4c, 0x77, 0x7e, 0x9,
    0x0, 0x30, 0xc2, 0x27, 0x95, 0x42, 0x14, 0x48,
    0x1, 0xe8, 0x9,

    /* U+0042 "B" */
    0x5f, 0xfe, 0xeb, 0x40, 0xc, 0xf5, 0x54, 0xb5,
    0xa0, 0x5, 0x8a, 0xb3, 0xe0, 0x70, 0x7, 0xe1,
    0x0, 0xe1, 0x1c, 0x74, 0x1c, 0x1, 0x57, 0x75,
    0x8a, 0xa4, 0x0, 0xa2, 0xee, 0xa6, 0x5a, 0x0,
    0x8d, 0x12, 0x59, 0x75, 0x20, 0xf, 0xda, 0xc,
    0x1, 0xfb, 0x1, 0x80, 0x18, 0xab, 0x35, 0x32,
    0x10, 0x1, 0xea, 0xa9, 0x77, 0x58, 0x0,

    /* U+0043 "C" */
    0x0, 0x8a, 0x77, 0xfa, 0xd0, 0x2, 0x5d, 0x66,
    0x3b, 0x9a, 0xe4, 0xe, 0x8b, 0x6e, 0x27, 0x5f,
    0x2, 0x3, 0xc8, 0x3, 0x42, 0x82, 0x29, 0x0,
    0x7c, 0x61, 0x80, 0x1f, 0xfc, 0x73, 0xc, 0x0,
    0xfe, 0x45, 0x20, 0xf, 0xd0, 0x1e, 0x40, 0x1a,
    0x14, 0xe, 0x8b, 0x6e, 0x27, 0x5f, 0x40, 0xb,
    0xac, 0xc7, 0x73, 0x5c, 0x0,

    /* U+0044 "D" */
    0x5f, 0xfe, 0xea, 0x30, 0xe, 0x68, 0x89, 0xd3,
    0x20, 0x3, 0x6b, 0xbd, 0x3c, 0xae, 0xc0, 0x1f,
    0xd4, 0x70, 0x1, 0xfe, 0xa1, 0x40, 0xf, 0xe5,
    0x2, 0x0, 0xff, 0xe4, 0xa8, 0x10, 0x7, 0xf5,
    0x8a, 0x0, 0x7e, 0xa2, 0x80, 0xb, 0x5d, 0xe9,
    0xe5, 0x76, 0x0, 0x9a, 0x22, 0x74, 0xc8, 0x0,
    0x0,

    /* U+0045 "E" */
    0x5f, 0xff, 0xa4, 0x0, 0xd1, 0x1d, 0xa0, 0xd,
    0x77, 0xe4, 0x0, 0xff, 0x84, 0x7c, 0x1, 0x57,
    0x76, 0xf0, 0xa, 0x2e, 0xf5, 0x0, 0x46, 0x89,
    0xc0, 0x1f, 0xfc, 0x9d, 0x77, 0xe6, 0x0, 0x34,
    0x47, 0x58,

    /* U+0046 "F" */
    0x5f, 0xff, 0xa4, 0x0, 0xd1, 0x1d, 0xa0, 0xd,
    0x77, 0xe4, 0x0, 0xff, 0xe4, 0x9, 0x16, 0x10,
    0xa, 0xb7, 0x77, 0x80, 0x4f, 0x55, 0xc0, 0x16,
    0x2a, 0xe4, 0x0, 0xff, 0xe8, 0x0,

    /* U+0047 "G" */
    0x0, 0x86, 0x77, 0xfa, 0xd4, 0x3, 0x27, 0x33,
    0x1d, 0xcd, 0x56, 0x0, 0x3b, 0x2d, 0xb8, 0x9d,
    0x9d, 0x0, 0x40, 0x79, 0x0, 0x66, 0x60, 0x1,
    0x18, 0x80, 0x3f, 0x18, 0x78, 0x7, 0xff, 0x1a,
    0x7c, 0xc, 0x30, 0x3, 0xfc, 0x8a, 0x40, 0x1f,
    0xd0, 0x1e, 0x40, 0x18, 0xc0, 0x23, 0xa2, 0xdb,
    0x89, 0xd5, 0x30, 0x9, 0x75, 0x98, 0xec, 0x33,
    0x80,

    /* U+0048 "H" */
    0x5f, 0x40, 0xe, 0x4f, 0x50, 0xf, 0xfe, 0xb8,
    0x91, 0x70, 0x80, 0x6a, 0xdd, 0xea, 0x0, 0xcf,
    0x55, 0xce, 0x1, 0xb1, 0x57, 0xb0, 0x3, 0xff,
    0xc4,

    /* U+0049 "I" */
    0x5f, 0x40, 0xf, 0xfe, 0xa8,

    /* U+004A "J" */
    0x0, 0x7f, 0xf5, 0x0, 0x22, 0x30, 0x6, 0x77,
    0xc0, 0x1f, 0xfe, 0x53, 0x7, 0x20, 0x1, 0x87,
    0x85, 0x6c, 0xc6, 0x83, 0x86, 0x2b, 0xb9, 0x70,
    0x40,

    /* U+004B "K" */
    0x5f, 0x40, 0xc, 0x5d, 0x60, 0x1f, 0xe, 0x15,
    0x80, 0x78, 0x70, 0x34, 0x3, 0xed, 0x3c, 0x10,
    0xf, 0x59, 0xe9, 0x0, 0x7a, 0x51, 0x8c, 0x3,
    0xd0, 0xc2, 0xc8, 0x1, 0xe3, 0x7f, 0x1a, 0x10,
    0xe, 0x58, 0x1d, 0x1d, 0x0, 0xee, 0x0, 0x1c,
    0x9c, 0x0, 0x7e, 0x66, 0x3a, 0x80, 0x7e, 0x93,
    0xa2,

    /* U+004C "L" */
    0x5f, 0x40, 0xf, 0xff, 0xf8, 0x7, 0xff, 0xb,
    0x5d, 0xf8, 0x80, 0xd, 0x11, 0xce,

    /* U+004D "M" */
    0x5f, 0x40, 0xf, 0x87, 0xa4, 0x1, 0x0, 0x1f,
    0x48, 0x80, 0x46, 0xa0, 0x1c, 0x4e, 0x1, 0x8a,
    0xc0, 0x3a, 0x8, 0x3, 0x40, 0xb8, 0x4, 0x6b,
    0x0, 0x19, 0x9e, 0x4, 0x1, 0x6, 0xa0, 0x1d,
    0x23, 0x0, 0x88, 0xf0, 0xf, 0xc, 0xb1, 0x4a,
    0x98, 0x7, 0xce, 0x58, 0x50, 0x1, 0xfd, 0x2,
    0xc4, 0x1, 0xfc, 0xb1, 0x0, 0xf, 0xf9, 0xc4,
    0x3, 0x80,

    /* U+004E "N" */
    0x5f, 0x50, 0xe, 0x4f, 0x50, 0x5, 0x10, 0x7,
    0xfb, 0xc0, 0x3f, 0x94, 0xa4, 0x3, 0xf7, 0x2b,
    0x28, 0x7, 0xea, 0x2a, 0x20, 0xf, 0xde, 0x1e,
    0x1, 0xf8, 0xa4, 0xa4, 0x3, 0xf3, 0x2b, 0x70,
    0x7, 0xea, 0x25, 0x0, 0xfe, 0xf0, 0xf, 0xf1,
    0x48, 0x0,

    /* U+004F "O" */
    0x0, 0x86, 0x77, 0xfa, 0xd4, 0x3, 0x97, 0x99,
    0x8e, 0xe5, 0xaa, 0x0, 0x47, 0x45, 0xb7, 0x13,
    0xce, 0xb2, 0x0, 0x80, 0xf2, 0x0, 0xd0, 0xac,
    0x40, 0x8a, 0x40, 0x1e, 0x80, 0x53, 0xc, 0x0,
    0xf8, 0x83, 0x40, 0x3f, 0xf8, 0x26, 0x18, 0x1,
    0xf1, 0x86, 0x82, 0x29, 0x0, 0x7a, 0x41, 0x42,
    0x3, 0xc8, 0x3, 0x42, 0xb1, 0x1, 0xd9, 0x6d,
    0xc4, 0xf3, 0xa4, 0x80, 0x49, 0xcc, 0xc7, 0x72,
    0xd5, 0x80, 0x0,

    /* U+0050 "P" */
    0x5f, 0xfe, 0xd7, 0x0, 0xcd, 0x10, 0x76, 0x8c,
    0x0, 0xb5, 0xdd, 0x17, 0x6, 0xc0, 0x1f, 0x38,
    0x60, 0x7, 0xe1, 0x0, 0xfc, 0x62, 0x40, 0x2,
    0x28, 0xdb, 0x42, 0x40, 0x13, 0xba, 0xc9, 0x3c,
    0x10, 0x3, 0xd5, 0x2f, 0x74, 0x60, 0x16, 0x2a,
    0x90, 0x80, 0x3f, 0xf9, 0x60,

    /* U+0051 "Q" */
    0x0, 0x86, 0x77, 0xfa, 0xd4, 0x3, 0xc9, 0xcc,
    0xc7, 0x72, 0xd5, 0x0, 0x31, 0x59, 0x6d, 0xc4,
    0xf3, 0xac, 0x80, 0x52, 0x1e, 0x40, 0x1a, 0x15,
    0x88, 0x0, 0x8a, 0x40, 0x1e, 0x90, 0x50, 0x30,
    0xc0, 0xf, 0x8c, 0x34, 0x4, 0x3, 0xfe, 0x30,
    0x30, 0xf0, 0xf, 0x88, 0x38, 0x5, 0x18, 0x40,
    0x3d, 0x0, 0xa0, 0x8, 0xd, 0x10, 0xc, 0xea,
    0xc4, 0x0, 0x3a, 0x3e, 0xa7, 0x8d, 0x84, 0x90,
    0xc, 0xb8, 0xa9, 0xe, 0x35, 0x60, 0x1e, 0x3a,
    0xec, 0x11, 0xcb, 0x60, 0x1f, 0x1e, 0x35, 0xf5,
    0x18, 0x7, 0xe2, 0xbe, 0xce, 0x80,

    /* U+0052 "R" */
    0x5f, 0xfe, 0xd7, 0x0, 0xcd, 0x10, 0x76, 0x8c,
    0x0, 0xb5, 0xdd, 0x17, 0x6, 0xc0, 0x1f, 0x38,
    0x60, 0x7, 0xe1, 0x0, 0xfc, 0x62, 0x40, 0x1,
    0x22, 0x1b, 0x68, 0xc8, 0x2, 0xb7, 0x59, 0x25,
    0xa2, 0x0, 0x7a, 0xa8, 0x14, 0xc0, 0x2c, 0x55,
    0xa1, 0x90, 0x3, 0xe7, 0x3a, 0x0, 0xfd, 0xc3,
    0x20,

    /* U+0053 "S" */
    0x0, 0x2e, 0x77, 0xec, 0x90, 0x1, 0xe8, 0x1a,
    0x1d, 0xac, 0x1, 0x27, 0x90, 0xf5, 0xd0, 0x0,
    0x14, 0x0, 0xc2, 0x20, 0x1, 0x32, 0x80, 0x7d,
    0xe1, 0x5d, 0x4a, 0x1, 0x8b, 0xa9, 0x11, 0x5c,
    0x80, 0x19, 0x6b, 0xac, 0x2c, 0x40, 0x3c, 0x96,
    0x4, 0x10, 0x1, 0xda, 0x2, 0x4f, 0xf4, 0xee,
    0xb7, 0x52, 0x26, 0xb3, 0xc4, 0x1e, 0x68, 0x0,

    /* U+0054 "T" */
    0xff, 0xfe, 0x59, 0x88, 0x38, 0x24, 0x44, 0xec,
    0xee, 0x90, 0xc7, 0x78, 0x80, 0x3f, 0xff, 0xe0,
    0x1f, 0xfc, 0x30,

    /* U+0055 "U" */
    0x6f, 0x30, 0xe, 0x8f, 0x10, 0xf, 0xff, 0xa8,
    0x98, 0x7, 0xf9, 0x81, 0x0, 0x39, 0x8, 0xc,
    0x64, 0x80, 0x25, 0x35, 0x0, 0x50, 0xed, 0x45,
    0xd1, 0x40, 0x1, 0x31, 0x10, 0xec, 0xf8, 0x0,

    /* U+0056 "V" */
    0xc, 0xe0, 0xf, 0x9b, 0xcc, 0x28, 0x54, 0x3,
    0xd4, 0x66, 0x6, 0xe, 0x0, 0xe3, 0x35, 0x0,
    0x4c, 0x84, 0x1, 0xa4, 0x58, 0x2, 0xb0, 0xa0,
    0x8, 0x55, 0xc0, 0x31, 0x1b, 0x0, 0x4c, 0x16,
    0x1, 0xd2, 0x2a, 0x0, 0xa4, 0x20, 0xe, 0x51,
    0x90, 0x42, 0xe0, 0xf, 0x98, 0xcd, 0xc2, 0xa0,
    0x1f, 0x50, 0x42, 0xb0, 0x7, 0xe2, 0x44, 0x4,
    0x80, 0x7f, 0x78, 0x20, 0x80, 0x60,

    /* U+0057 "W" */
    0x5f, 0x40, 0xe, 0xdf, 0x0, 0xe2, 0xf5, 0x50,
    0x68, 0x6, 0x22, 0x2, 0x0, 0x65, 0x5, 0x4,
    0x70, 0xc, 0xa0, 0x3a, 0x1, 0xad, 0x0, 0x1a,
    0x26, 0x1, 0x5a, 0x21, 0xc0, 0x21, 0x3d, 0x0,
    0x38, 0x58, 0x0, 0x4f, 0xbc, 0x4c, 0x0, 0xe0,
    0xe0, 0x1, 0x35, 0x0, 0x38, 0x22, 0x85, 0x80,
    0x28, 0xc4, 0x2, 0xb2, 0x20, 0x6a, 0x8, 0x2a,
    0x80, 0x4e, 0xc0, 0x32, 0x82, 0x8a, 0x68, 0x3,
    0xc8, 0x8e, 0xa, 0x1, 0x88, 0x96, 0xe0, 0xe0,
    0x5, 0x5, 0xd2, 0x20, 0x7, 0x29, 0xd9, 0x88,
    0x4, 0x94, 0x8a, 0x1, 0xeb, 0x2, 0xb0, 0xd,
    0xa4, 0x16, 0x1, 0xe3, 0x10, 0x50, 0xc, 0xe0,
    0x26, 0x1, 0x0,

    /* U+0058 "X" */
    0x3f, 0x90, 0xe, 0xcd, 0x3, 0x76, 0x40, 0x9,
    0xce, 0x40, 0x10, 0x54, 0x20, 0x50, 0xe8, 0x1,
    0x78, 0xd8, 0x79, 0x40, 0x6, 0x28, 0x5c, 0x2e,
    0x0, 0xf3, 0x99, 0x9c, 0xc0, 0x3c, 0x24, 0x8,
    0x1, 0xf5, 0xc, 0x1b, 0x80, 0x73, 0x24, 0xba,
    0xc1, 0x0, 0x45, 0x28, 0xc1, 0x63, 0xe0, 0x17,
    0x5, 0x0, 0x6, 0x8a, 0x1, 0xce, 0x44, 0x2,
    0x46, 0x73,

    /* U+0059 "Y" */
    0xc, 0xe0, 0xf, 0x3f, 0x90, 0x78, 0xb8, 0x6,
    0x18, 0x62, 0x3, 0x58, 0x10, 0xa, 0x6, 0x0,
    0x2b, 0xb, 0x0, 0x13, 0x40, 0x80, 0x42, 0xea,
    0x61, 0x24, 0xc0, 0x1d, 0x3, 0xe8, 0x89, 0x0,
    0xfa, 0xce, 0xd1, 0x0, 0x1f, 0x29, 0x84, 0x80,
    0x7f, 0x28, 0x10, 0x7, 0xff, 0x70,

    /* U+005A "Z" */
    0x3f, 0xff, 0xda, 0x5, 0x11, 0xe4, 0x4, 0x1,
    0x77, 0xe6, 0x53, 0x90, 0xf, 0xb4, 0x78, 0x3,
    0xe8, 0x3a, 0x20, 0xf, 0x23, 0xb2, 0x80, 0x78,
    0x68, 0xe4, 0x3, 0xed, 0x1e, 0x0, 0xfa, 0xe,
    0x88, 0x3, 0xc8, 0xec, 0xa0, 0x1e, 0x1a, 0xe,
    0x77, 0xf0, 0x20, 0x84, 0x47, 0xc0,

    /* U+005B "[" */
    0x5f, 0xf8, 0x2, 0x8a, 0x0, 0x91, 0x40, 0x3f,
    0xfd, 0x28, 0xa0, 0x14, 0x50, 0x0,

    /* U+005C "\\" */
    0x7e, 0x0, 0xf3, 0xa, 0x0, 0x70, 0x9e, 0x80,
    0x7a, 0xdc, 0x3, 0xca, 0x28, 0x1, 0xc4, 0x7a,
    0x1, 0xeb, 0x70, 0xf, 0x28, 0xa0, 0x7, 0x11,
    0xe8, 0x7, 0xad, 0xc0, 0x3c, 0xa2, 0x60, 0x1c,
    0x44, 0xa0, 0xf, 0x53, 0x80, 0x79, 0x44, 0xc0,
    0x38, 0x89, 0x40, 0x1e, 0xa7, 0x0,

    /* U+005D "]" */
    0xbf, 0xf5, 0x45, 0x8, 0x1a, 0x80, 0x7f, 0xf7,
    0x8d, 0x40, 0x11, 0x42, 0x0,

    /* U+005E "^" */
    0x0, 0x17, 0xc0, 0x7, 0x59, 0x30, 0x7, 0x37,
    0x1a, 0x80, 0x4c, 0x47, 0x5c, 0x1, 0x55, 0x83,
    0x21, 0x1, 0x99, 0xc0, 0x52, 0x82, 0x94, 0x40,
    0x1e, 0xc0,

    /* U+005F "_" */
    0xff, 0xfd, 0xdd, 0xf8,

    /* U+0060 "`" */
    0x7, 0xf6, 0x0, 0x3e, 0x43, 0x80,

    /* U+0061 "a" */
    0x1, 0x9e, 0xfd, 0x80, 0xb, 0x5d, 0xa1, 0xdd,
    0x20, 0xe, 0xe4, 0x3d, 0x2b, 0x0, 0x8, 0x3,
    0x60, 0x10, 0x1d, 0xf7, 0xfa, 0x40, 0x2d, 0x7a,
    0xdd, 0x40, 0x0, 0x86, 0x50, 0x89, 0xe0, 0x2,
    0x18, 0x54, 0x87, 0x0, 0xb1, 0xaa, 0xce, 0x40,
    0x0,

    /* U+0062 "b" */
    0x8f, 0x0, 0xff, 0xe9, 0x15, 0xff, 0x59, 0x80,
    0x6c, 0x78, 0x65, 0xc3, 0x0, 0x93, 0x1e, 0x3c,
    0x7c, 0x2, 0x80, 0x8, 0x64, 0xc4, 0x0, 0x40,
    0x18, 0x80, 0x80, 0x4, 0x1, 0x88, 0x8, 0x1,
    0x0, 0x10, 0xc9, 0x88, 0x1, 0x31, 0xe3, 0xc7,
    0xc0, 0x3, 0x8f, 0xc, 0xb8, 0x60,

    /* U+0063 "c" */
    0x0, 0x1d, 0x77, 0xe2, 0x0, 0x13, 0x1d, 0xa0,
    0x2d, 0x2, 0x4b, 0x61, 0xf2, 0x14, 0xca, 0x0,
    0x33, 0x8b, 0x83, 0x0, 0x79, 0xc1, 0x80, 0x3c,
    0x65, 0x0, 0x19, 0x84, 0x24, 0xb5, 0xdd, 0x92,
    0xa0, 0x98, 0xd3, 0x1, 0x68,

    /* U+0064 "d" */
    0x0, 0xf8, 0x7d, 0xc0, 0x3f, 0xf9, 0x47, 0x7f,
    0xea, 0x20, 0x9, 0x31, 0x9e, 0x1b, 0x40, 0x2a,
    0x2d, 0x87, 0xc5, 0x0, 0x18, 0xd8, 0x6, 0x80,
    0x3, 0x82, 0x80, 0x62, 0x0, 0x38, 0x28, 0x6,
    0x20, 0x1, 0x8d, 0x80, 0x68, 0x0, 0xa8, 0xb5,
    0xdd, 0x8a, 0x1, 0x26, 0x34, 0x41, 0xb0, 0x0,

    /* U+0065 "e" */
    0x0, 0x1d, 0xff, 0x51, 0x0, 0x49, 0x8f, 0x12,
    0xf8, 0x20, 0xa, 0x3c, 0x77, 0x60, 0x58, 0x18,
    0xc8, 0x4, 0x2c, 0xa0, 0xe1, 0x5f, 0xf9, 0xc0,
    0x5c, 0x27, 0x77, 0xc2, 0x63, 0x44, 0x58, 0x8,
    0x1, 0x47, 0xd0, 0xf5, 0xaa, 0x0, 0x4c, 0x46,
    0x87, 0x95, 0x0,

    /* U+0066 "f" */
    0x0, 0x2e, 0xfe, 0x0, 0xa, 0x9a, 0xac, 0x0,
    0xc1, 0xa, 0xe1, 0x96, 0x19, 0xf4, 0x10, 0xe1,
    0x15, 0x20, 0x9a, 0x8, 0xa6, 0x1, 0xff, 0xdf,

    /* U+0067 "g" */
    0x0, 0x1d, 0xff, 0xac, 0xba, 0x41, 0x31, 0x5e,
    0x1f, 0x44, 0x1, 0x45, 0xd0, 0xf8, 0xc0, 0x3,
    0x1b, 0x0, 0xd0, 0x0, 0x70, 0x50, 0xc, 0x20,
    0x7, 0x5, 0x0, 0xc2, 0x0, 0x31, 0xb0, 0xd,
    0x0, 0x15, 0x16, 0xbb, 0xad, 0x80, 0x41, 0x31,
    0xa2, 0x1, 0x81, 0xe0, 0x3, 0xbf, 0xf5, 0xb0,
    0x18, 0x4f, 0x4b, 0xba, 0x68, 0xd0, 0x22, 0x56,
    0x20, 0x8f, 0x80,

    /* U+0068 "h" */
    0x8f, 0x0, 0xff, 0xe7, 0x9d, 0xff, 0xa8, 0x80,
    0x2c, 0x7, 0x55, 0x78, 0x4, 0xd7, 0x15, 0x24,
    0x80, 0x8, 0x0, 0x9c, 0xc, 0x0, 0x20, 0x10,
    0x87, 0x80, 0x7f, 0xf6, 0x0,

    /* U+0069 "i" */
    0x9e, 0x13, 0x13, 0xaf, 0x28, 0xf0, 0xf, 0xfe,
    0x68,

    /* U+006A "j" */
    0x0, 0x9f, 0x88, 0x2, 0xe1, 0x10, 0x5, 0x3e,
    0x60, 0x13, 0xf8, 0x80, 0x7f, 0xf9, 0xfc, 0x4,
    0x50, 0xcc, 0x30, 0x25, 0x92, 0xe0,

    /* U+006B "k" */
    0x8f, 0x0, 0xff, 0xe9, 0xe, 0xf0, 0x80, 0x61,
    0xc3, 0xc1, 0x0, 0x87, 0xf, 0x8, 0x2, 0x2c,
    0x2d, 0x20, 0xd, 0x84, 0x8, 0x1, 0xed, 0x48,
    0x30, 0xd, 0x85, 0x43, 0xa2, 0x1, 0x10, 0xe,
    0x8d, 0x0, 0x78, 0xe1, 0x1c,

    /* U+006C "l" */
    0x8f, 0x0, 0xff, 0xe5, 0x0,

    /* U+006D "m" */
    0x8e, 0x3c, 0xfe, 0x91, 0x2b, 0xfe, 0xa2, 0x0,
    0xe, 0x2c, 0xbb, 0x6e, 0x82, 0x59, 0x70, 0x2,
    0x89, 0x69, 0x63, 0x4b, 0x68, 0xa1, 0x50, 0x3,
    0x0, 0x58, 0x1a, 0x1, 0x20, 0x68, 0x0, 0x40,
    0x21, 0x2, 0x0, 0x84, 0x3, 0xff, 0xe4,

    /* U+006E "n" */
    0x8e, 0x3b, 0xff, 0x51, 0x0, 0x7, 0x6, 0x5d,
    0x7c, 0x2, 0x7a, 0x68, 0x92, 0x40, 0x4, 0x80,
    0x4e, 0x6, 0x0, 0x10, 0x8, 0x43, 0xc0, 0x3f,
    0xfb, 0x0,

    /* U+006F "o" */
    0x0, 0x1d, 0xf7, 0xe2, 0x0, 0x49, 0x8c, 0xc8,
    0xb, 0x60, 0x4, 0x96, 0xc3, 0xe2, 0x48, 0x99,
    0x58, 0x6, 0x80, 0x47, 0x5, 0x0, 0xc4, 0x4,
    0xe0, 0xa0, 0x18, 0x80, 0x8c, 0xac, 0x3, 0x40,
    0x20, 0x49, 0x6b, 0xbb, 0x12, 0x44, 0x13, 0x1a,
    0x60, 0x2d, 0x80,

    /* U+0070 "p" */
    0x8e, 0x3b, 0xfe, 0xb3, 0x0, 0x87, 0x2, 0xa5,
    0xb0, 0xc0, 0x26, 0xb5, 0x7d, 0x2f, 0x0, 0xa0,
    0x3, 0x51, 0x88, 0x0, 0x40, 0x31, 0x1, 0x0,
    0x8, 0x3, 0x10, 0x10, 0x2, 0x0, 0x21, 0x93,
    0x10, 0x2, 0x63, 0xc7, 0x8f, 0x80, 0x58, 0xf0,
    0xcb, 0x86, 0x1, 0x15, 0xff, 0x59, 0x80, 0x7f,
    0xf2, 0x80,

    /* U+0071 "q" */
    0x0, 0x1d, 0xff, 0xa8, 0xbd, 0xc1, 0x31, 0x9e,
    0x1b, 0x0, 0x2a, 0x2d, 0x87, 0xc5, 0x0, 0x18,
    0xd8, 0x6, 0x80, 0x3, 0x82, 0x80, 0x62, 0x0,
    0x38, 0x28, 0x6, 0x20, 0x1, 0x8d, 0x80, 0x68,
    0x0, 0xa8, 0xb5, 0xdd, 0x8a, 0x1, 0x26, 0x34,
    0x41, 0xb4, 0x3, 0x1d, 0xff, 0xa8, 0x80, 0x3f,
    0xf9, 0x40,

    /* U+0072 "r" */
    0x8e, 0x3b, 0xf0, 0x0, 0xe3, 0xb8, 0x2, 0x6c,
    0x80, 0xa, 0xc0, 0x38, 0x80, 0x3f, 0xf9, 0xe0,

    /* U+0073 "s" */
    0x2, 0xbe, 0xfd, 0x81, 0x16, 0x34, 0xc9, 0x14,
    0x54, 0x79, 0xda, 0x74, 0x18, 0x3d, 0x4, 0x2,
    0x2a, 0x2b, 0xed, 0x60, 0x2, 0xf6, 0xd3, 0x4a,
    0x80, 0x81, 0x2d, 0x81, 0x2f, 0x53, 0xb5, 0x82,
    0x21, 0xdd, 0x10, 0x7b, 0x30,

    /* U+0074 "t" */
    0x5, 0xf3, 0x0, 0xff, 0x65, 0x6, 0x7d, 0x4,
    0x38, 0x45, 0x48, 0x26, 0x82, 0x29, 0x80, 0x7f,
    0xf2, 0xc4, 0x1c, 0x3, 0x28, 0x43, 0x40, 0x0,
    0x68, 0x64, 0xc4,

    /* U+0075 "u" */
    0xae, 0x0, 0xc5, 0xea, 0x1, 0xff, 0xd8, 0x31,
    0x0, 0xcc, 0x0, 0xe0, 0x40, 0xb, 0xc0, 0xc,
    0x37, 0x2f, 0x8a, 0x0, 0x1c, 0x47, 0x86, 0xd0,
    0x0,

    /* U+0076 "v" */
    0xd, 0xc0, 0xe, 0xcb, 0xb, 0x32, 0x0, 0x88,
    0xf8, 0x18, 0x2c, 0x2, 0xb1, 0x50, 0x3, 0x30,
    0x2, 0x66, 0x0, 0x56, 0xc, 0xc, 0x12, 0x1,
    0x11, 0xd0, 0x5a, 0x8, 0x6, 0x93, 0x62, 0xf0,
    0xe, 0x51, 0x92, 0x40, 0xf, 0x30, 0x50, 0x4,

    /* U+0077 "w" */
    0xbb, 0x0, 0x69, 0xf1, 0x0, 0x93, 0xc7, 0x50,
    0x40, 0x27, 0x7, 0x0, 0xb4, 0xc5, 0x81, 0xc0,
    0xa, 0x27, 0x40, 0x13, 0x50, 0x1, 0x68, 0x1,
    0xe9, 0x26, 0x20, 0xa0, 0xe0, 0xf, 0x31, 0x5,
    0xe5, 0x6, 0xf, 0x41, 0x0, 0x28, 0x33, 0x1,
    0x41, 0xac, 0x17, 0x80, 0x32, 0xde, 0xa8, 0x3,
    0x4e, 0x1, 0x40, 0x37, 0x1a, 0x70, 0x1, 0x5,
    0xd4, 0x3, 0x90, 0x44, 0x80, 0x13, 0x7, 0x0,
    0x40,

    /* U+0078 "x" */
    0x4f, 0x70, 0xa, 0x7c, 0x91, 0xe0, 0xc1, 0x5a,
    0x88, 0x20, 0xf8, 0xad, 0x94, 0x2, 0xe2, 0xd3,
    0x90, 0xc, 0x4a, 0x16, 0x1, 0xc8, 0xa5, 0x2,
    0x1, 0xd, 0x26, 0x9e, 0x80, 0x54, 0x14, 0x1c,
    0x70, 0xc, 0x94, 0x20, 0x70, 0xe8,

    /* U+0079 "y" */
    0xd, 0xc0, 0xe, 0xcb, 0xb, 0x33, 0x0, 0x44,
    0x7e, 0xc, 0x34, 0x1, 0x59, 0x20, 0x1, 0x98,
    0x20, 0x2d, 0x40, 0x14, 0x83, 0x3, 0x3, 0x0,
    0x42, 0xb2, 0x14, 0xc2, 0x1, 0xa4, 0x68, 0xac,
    0x3, 0x8c, 0xca, 0x84, 0x1, 0xea, 0xf, 0x0,
    0xfb, 0x9, 0x0, 0x21, 0xc7, 0x95, 0x80, 0xe,
    0x69, 0x78, 0x50, 0xc,

    /* U+007A "z" */
    0x4f, 0xff, 0x4a, 0xd5, 0x64, 0xd, 0x15, 0x59,
    0x91, 0xd0, 0x2, 0x1d, 0x48, 0x0, 0xd4, 0x14,
    0x1, 0xa1, 0x28, 0x40, 0x24, 0x78, 0x40, 0x8,
    0x68, 0x49, 0x56, 0x34, 0x11, 0x55, 0x6f,

    /* U+007B "{" */
    0x0, 0x16, 0x7a, 0x80, 0x20, 0xe5, 0x0, 0xc,
    0x6c, 0x20, 0x1, 0x70, 0xf, 0xfe, 0x19, 0x18,
    0x80, 0x7, 0x46, 0x40, 0x3, 0x41, 0x20, 0x12,
    0x90, 0x80, 0x7f, 0xf1, 0x5, 0xc0, 0x33, 0x1b,
    0x8, 0x2, 0xe, 0x50,

    /* U+007C "|" */
    0x5f, 0x10, 0xf, 0xfe, 0xf0,

    /* U+007D "}" */
    0xbe, 0x90, 0x4, 0x23, 0x20, 0x1d, 0x81, 0x0,
    0x61, 0x0, 0xff, 0xe0, 0x8, 0x70, 0x4, 0xcc,
    0xb0, 0x3, 0x24, 0x80, 0x86, 0x10, 0x7, 0xff,
    0x4, 0x40, 0xec, 0x8, 0x21, 0x19, 0x0,

    /* U+007E "~" */
    0x0, 0xff, 0x1e, 0xf2, 0x80, 0x2d, 0x43, 0xd6,
    0x29, 0x89, 0x1c, 0xe, 0x1a, 0xe7, 0x54, 0x83,
    0x0, 0x9, 0xdb, 0x40,

    /* U+00B0 "°" */
    0x2, 0xce, 0x90, 0x7, 0xc7, 0xc, 0x9b, 0x20,
    0x43, 0x80, 0x78, 0xd9, 0x2, 0x1c, 0x3e, 0x38,
    0x64,

    /* U+0400 "Ѐ" */
    0x0, 0x57, 0x98, 0x7, 0xa9, 0xb4, 0x40, 0x3d,
    0x30, 0x80, 0x12, 0x7f, 0xd3, 0x5f, 0xea, 0x0,
    0x2c, 0x47, 0x70, 0x3, 0xdd, 0xf9, 0x0, 0x3f,
    0xe3, 0x11, 0xe0, 0xa, 0x7b, 0xb8, 0x2, 0x7b,
    0xbe, 0x0, 0xb5, 0x13, 0x80, 0x3f, 0xf9, 0x3e,
    0xef, 0xcc, 0x0, 0x58, 0x8f, 0x0,

    /* U+0401 "Ё" */
    0x0, 0x24, 0x2, 0x40, 0x6, 0x24, 0x2, 0x40,
    0xc, 0xd8, 0xd, 0x80, 0x4, 0xff, 0xfa, 0x80,
    0xb, 0x11, 0xdc, 0x0, 0xf7, 0x7e, 0x40, 0xf,
    0xf8, 0xc4, 0x78, 0x2, 0x9e, 0xee, 0x0, 0x9e,
    0xef, 0x80, 0x2d, 0x44, 0xe0, 0xf, 0xfe, 0x4f,
    0xbb, 0xf3, 0x0, 0x16, 0x23, 0xc0,

    /* U+0402 "Ђ" */
    0xcf, 0xff, 0xda, 0x1, 0x4c, 0x44, 0x7, 0x11,
    0x58, 0x4, 0xae, 0xf0, 0x33, 0xbc, 0xc0, 0x1f,
    0xfc, 0xb2, 0x43, 0x0, 0xfc, 0x9d, 0xb7, 0x9c,
    0xa0, 0x1f, 0x35, 0xe5, 0x15, 0x18, 0x7, 0x24,
    0x21, 0xae, 0x85, 0x0, 0x7f, 0x84, 0x44, 0x1,
    0xfe, 0x21, 0x20, 0xf, 0x85, 0x9f, 0x2, 0x80,
    0x3e, 0x59, 0x83, 0xb3, 0x0, 0xdf, 0x40, 0x9f,
    0xed, 0x40,

    /* U+0403 "Ѓ" */
    0x0, 0xc7, 0xf4, 0x1, 0xc5, 0xad, 0x40, 0x1c,
    0xf1, 0x20, 0x12, 0x7f, 0xaa, 0x7f, 0xe1, 0x0,
    0x34, 0x47, 0x8, 0x3, 0x1d, 0xf8, 0x3, 0xff,
    0xfe, 0x1, 0xf0,

    /* U+0404 "Є" */
    0x0, 0x8a, 0x7b, 0xfa, 0x8c, 0x2, 0x5d, 0x64,
    0x77, 0x26, 0x38, 0x15, 0x27, 0x54, 0x4f, 0x4a,
    0x4, 0xd, 0x88, 0x6, 0x63, 0x5, 0x41, 0x1e,
    0x0, 0x84, 0x17, 0xbb, 0x78, 0x7, 0x25, 0xde,
    0xa0, 0x8, 0x41, 0x91, 0x38, 0x3, 0x29, 0x20,
    0x7, 0xe8, 0xa, 0x30, 0x8, 0x6d, 0x40, 0xa8,
    0x72, 0xe2, 0xbd, 0xc, 0x0, 0xba, 0xaa, 0x74,
    0x46, 0x30,

    /* U+0405 "Ѕ" */
    0x0, 0x25, 0xf7, 0xf5, 0x18, 0x1, 0x2d, 0x99,
    0xe, 0x9e, 0x0, 0x82, 0xd8, 0x79, 0xee, 0x0,
    0x9, 0xc0, 0x38, 0x80, 0xa, 0xa6, 0x0, 0xfa,
    0x8a, 0x7e, 0x98, 0x3, 0xe, 0xdb, 0x24, 0xfa,
    0x80, 0x64, 0x9e, 0xc2, 0xa2, 0x0, 0xf1, 0xf0,
    0x38, 0x38, 0x80, 0x65, 0x1, 0x14, 0xf5, 0x3b,
    0xaa, 0x4d, 0x7, 0xdd, 0xd1, 0x7, 0x8c, 0x0,

    /* U+0406 "І" */
    0x4f, 0x50, 0xf, 0xfe, 0xa8,

    /* U+0407 "Ї" */
    0x66, 0x3, 0x2e, 0x78, 0x66, 0x2a, 0x42, 0xa4,
    0x17, 0xd0, 0x3, 0xff, 0xd8,

    /* U+0408 "Ј" */
    0x9, 0xff, 0xe1, 0xd, 0x88, 0x90, 0x2, 0x47,
    0x78, 0xc0, 0x3f, 0xfc, 0x62, 0x2, 0x4e, 0x1,
    0x29, 0x2, 0xc5, 0xbd, 0x9d, 0x3, 0xcb, 0x43,
    0x43, 0x80,

    /* U+0409 "Љ" */
    0x0, 0xbf, 0xff, 0x0, 0x7f, 0xf0, 0x16, 0x23,
    0x0, 0x7f, 0xf0, 0x4, 0x3d, 0xdf, 0x0, 0x7f,
    0xf0, 0x84, 0x3, 0xc2, 0x30, 0x7, 0xc6, 0x1,
    0xfb, 0xba, 0xfe, 0x80, 0xc, 0x20, 0xe0, 0x1e,
    0xbb, 0xa9, 0xdd, 0x60, 0x13, 0x80, 0x80, 0x79,
    0x12, 0x59, 0x64, 0x20, 0x0, 0x81, 0x0, 0x7f,
    0xda, 0xe, 0x0, 0xd1, 0x0, 0xff, 0xe0, 0x8,
    0x8, 0x1, 0x54, 0x1, 0xff, 0xc0, 0x90, 0x56,
    0xc2, 0xe0, 0xf, 0xa6, 0x6a, 0xe3, 0x71, 0xd3,
    0x75, 0x0, 0xf9, 0x9a, 0x52, 0x98, 0x0,

    /* U+040A "Њ" */
    0x4f, 0x50, 0xe, 0x7f, 0x20, 0xf, 0xff, 0x99,
    0x91, 0x77, 0x80, 0x91, 0x4, 0x3, 0xd3, 0xbb,
    0xce, 0x19, 0xba, 0xef, 0xa1, 0x0, 0x9e, 0xab,
    0x98, 0x26, 0xaa, 0x65, 0xd0, 0xb, 0x55, 0x7b,
    0x81, 0x15, 0x69, 0x63, 0x30, 0x7, 0xff, 0xf,
    0x1, 0xc0, 0x3f, 0xf8, 0x78, 0xc, 0x1, 0xfe,
    0x45, 0x53, 0x53, 0x29, 0x0, 0x7f, 0xa6, 0xa9,
    0x2f, 0x34, 0x0,

    /* U+040B "Ћ" */
    0xdf, 0xff, 0xd8, 0x1, 0x44, 0x60, 0x38, 0x8a,
    0x40, 0x25, 0x77, 0x81, 0x5d, 0xe5, 0x0, 0xff,
    0xeb, 0x14, 0xef, 0xf5, 0x10, 0x7, 0x91, 0xde,
    0x55, 0x60, 0x80, 0x72, 0xf5, 0x45, 0xc8, 0xb0,
    0x7, 0x18, 0x6, 0x60, 0xd0, 0xf, 0xf8, 0x44,
    0x1, 0xff, 0xce,

    /* U+040C "Ќ" */
    0x0, 0xeb, 0xe3, 0x0, 0xfa, 0x57, 0xc, 0x3,
    0xc3, 0xd8, 0x40, 0x19, 0x3d, 0x45, 0xc8, 0xb,
    0xe0, 0x3, 0xf7, 0x9c, 0x0, 0x7d, 0x25, 0xc0,
    0x1f, 0x2b, 0x51, 0x0, 0x63, 0x23, 0xb6, 0x50,
    0xe, 0x9d, 0xc1, 0x80, 0xf, 0x3d, 0x48, 0x40,
    0x7, 0xb5, 0x59, 0xa3, 0x0, 0xfd, 0x3, 0xc0,
    0x1f, 0x86, 0xca, 0x0, 0x3f, 0x2a, 0x9c, 0x80,
    0x3f, 0x58, 0x70, 0x0,

    /* U+040D "Ѝ" */
    0x0, 0xe, 0x70, 0x80, 0x7c, 0x38, 0xb8, 0x1,
    0xfd, 0x74, 0x80, 0x19, 0x3d, 0x40, 0xe, 0x80,
    0xde, 0xc0, 0x1f, 0x14, 0x80, 0x7f, 0x70, 0x7,
    0xf4, 0x1c, 0x0, 0x7c, 0x8e, 0xca, 0x1, 0xe1,
    0xa2, 0x90, 0xf, 0xa8, 0x78, 0x3, 0xe6, 0x48,
    0x30, 0xf, 0x14, 0xa3, 0x80, 0x7d, 0x3, 0x40,
    0x1f, 0xd4, 0x20, 0x1f, 0x99, 0x0, 0x3e,

    /* U+040E "Ў" */
    0x0, 0x17, 0x90, 0x1f, 0x88, 0x6, 0x29, 0xfe,
    0xfa, 0x10, 0xe, 0x6d, 0xec, 0x50, 0xa, 0x3c,
    0xc0, 0x3d, 0xd5, 0x3, 0x0, 0x1c, 0xc3, 0x1,
    0x28, 0x40, 0x1a, 0x18, 0x81, 0xc6, 0x0, 0x26,
    0x1b, 0x0, 0xa5, 0x48, 0x1, 0xc, 0x40, 0x13,
    0x8c, 0x3, 0xc, 0x0, 0x74, 0xa9, 0x43, 0x8,
    0x7, 0x38, 0xe0, 0xc0, 0x7, 0xd2, 0x2e, 0x20,
    0x1f, 0x68, 0x48, 0x7, 0x24, 0x5a, 0xc8, 0x80,
    0x71, 0xbb, 0x4b, 0x0, 0x79, 0xff, 0x58, 0x3,
    0xc0,

    /* U+040F "Џ" */
    0x4f, 0x50, 0xe, 0x7f, 0x20, 0xf, 0xff, 0xf8,
    0x7, 0xff, 0x3b, 0xdd, 0xfb, 0x0, 0x32, 0xc4,
    0x72, 0x0, 0x13, 0xfe, 0xb0, 0xcf, 0xf8, 0x80,
    0x3f, 0xf8, 0x6c, 0xe4, 0x1, 0x80,

    /* U+0410 "А" */
    0x0, 0xee, 0xf1, 0x0, 0xfc, 0xa2, 0xc, 0x1,
    0xfa, 0x4d, 0x64, 0x3, 0xe3, 0x35, 0x70, 0xa8,
    0x7, 0xa4, 0x19, 0x6, 0x40, 0x38, 0x55, 0x80,
    0x12, 0x64, 0x1, 0x98, 0x28, 0x0, 0xc1, 0x60,
    0x1a, 0x48, 0x82, 0x20, 0x46, 0x10, 0x2, 0x89,
    0x77, 0x64, 0x6, 0x0, 0x48, 0xdd, 0xf8, 0xa8,
    0x8, 0xd9, 0x13, 0xd6, 0x49, 0x61, 0x20, 0x1e,
    0x61, 0xf0,

    /* U+0411 "Б" */
    0x4f, 0xff, 0xc6, 0x0, 0x69, 0x9f, 0x10, 0x3,
    0x19, 0xbc, 0x20, 0x1f, 0xfc, 0x11, 0x10, 0x7,
    0xd5, 0xdc, 0xff, 0x62, 0x80, 0x51, 0x77, 0x48,
    0x53, 0x0, 0x9, 0x12, 0x6c, 0x1a, 0x0, 0xfc,
    0xa2, 0x1, 0xf0, 0xab, 0x0, 0x35, 0x56, 0x7c,
    0x1f, 0x0, 0x3d, 0x55, 0x2d, 0x88,

    /* U+0412 "В" */
    0x4f, 0xfe, 0xea, 0x20, 0xc, 0xf5, 0x54, 0xa6,
    0x88, 0x5, 0xaa, 0xb3, 0xd8, 0x38, 0x7, 0xe6,
    0x0, 0xfc, 0x27, 0xe4, 0xc0, 0x15, 0x7f, 0xbb,
    0xe, 0x40, 0x34, 0x66, 0x54, 0xb6, 0xa0, 0x11,
    0x19, 0xcb, 0x47, 0x0, 0x1f, 0xcc, 0x40, 0x1f,
    0xce, 0x20, 0x16, 0xaa, 0xcd, 0x85, 0x20, 0x13,
    0xd5, 0x52, 0x12, 0xe0,

    /* U+0413 "Г" */
    0x4f, 0xff, 0x84, 0x0, 0xd1, 0x1c, 0x20, 0xc,
    0x77, 0xe0, 0xf, 0xff, 0xf8, 0x7, 0xc0,

    /* U+0414 "Д" */
    0x0, 0x17, 0xff, 0xd8, 0x1, 0xe6, 0x88, 0xc2,
    0x1, 0xf5, 0x3b, 0xe3, 0x0, 0xe1, 0x0, 0xff,
    0xe0, 0x38, 0x8, 0x7, 0xf8, 0x40, 0xc0, 0x3f,
    0xc6, 0x2, 0x1, 0xfe, 0xe1, 0x0, 0xff, 0x8d,
    0x40, 0x3f, 0xc2, 0x98, 0x1, 0xfc, 0xda, 0x1e,
    0xef, 0xc6, 0x4e, 0x74, 0x60, 0xf1, 0x1c, 0x22,
    0x85, 0x4, 0xff, 0xfd, 0xc0, 0x1f, 0xfc, 0x3b,
    0xd0, 0xf, 0xc2, 0xca,

    /* U+0415 "Е" */
    0x4f, 0xff, 0xa8, 0x0, 0xb1, 0x1d, 0xc0, 0xf,
    0x77, 0xe4, 0x0, 0xff, 0x8c, 0x47, 0x80, 0x29,
    0xee, 0xe0, 0x9, 0xee, 0xf8, 0x2, 0xd4, 0x4e,
    0x0, 0xff, 0xe4, 0xfb, 0xbf, 0x30, 0x1, 0x62,
    0x3c,

    /* U+0416 "Ж" */
    0x2f, 0x90, 0xd, 0x1e, 0x1, 0x8b, 0xe4, 0xa,
    0x18, 0xc0, 0x3f, 0xb8, 0x64, 0x0, 0xe5, 0xe0,
    0x1f, 0x98, 0xe8, 0x3, 0x71, 0xb8, 0x7, 0x86,
    0x15, 0x0, 0x31, 0xb4, 0x19, 0x8, 0x11, 0x2c,
    0x6c, 0x3, 0xd6, 0x19, 0xac, 0x1b, 0xa5, 0x61,
    0x0, 0xf5, 0x84, 0xd2, 0x5, 0x50, 0xd8, 0x40,
    0x38, 0xd9, 0x59, 0x4c, 0x15, 0x5e, 0x16, 0x1,
    0xd0, 0x10, 0x1, 0xe3, 0x55, 0x18, 0x4, 0x88,
    0x72, 0x0, 0xfa, 0x3, 0xc0, 0x29, 0x19, 0x0,
    0xfc, 0x4e, 0x6a, 0xc, 0x52, 0x20, 0x1f, 0xd2,
    0x30, 0x0,

    /* U+0417 "З" */
    0x6, 0xbe, 0xfe, 0xa3, 0x0, 0x24, 0xbb, 0xa1,
    0xd7, 0xc, 0x13, 0x72, 0x5e, 0x74, 0x24, 0x0,
    0x40, 0x18, 0x84, 0x3, 0x84, 0x45, 0x3, 0xe0,
    0x15, 0xf7, 0x35, 0xd5, 0x40, 0x14, 0x5d, 0xa9,
    0x54, 0xe0, 0x11, 0xa2, 0x16, 0x96, 0x4, 0x3,
    0xed, 0x3, 0x52, 0x0, 0xeb, 0x2, 0x9d, 0xb8,
    0x79, 0xe3, 0x90, 0xd8, 0x76, 0x87, 0x5b, 0x60,

    /* U+0418 "И" */
    0x4f, 0x50, 0xe, 0x6f, 0x60, 0xf, 0x8a, 0x40,
    0x3f, 0xb8, 0x3, 0xfa, 0xe, 0x0, 0x3e, 0x47,
    0x65, 0x0, 0xf0, 0xd1, 0x48, 0x7, 0xd4, 0x3c,
    0x1, 0xf3, 0x24, 0x18, 0x7, 0x8a, 0x51, 0xc0,
    0x3e, 0x81, 0xa0, 0xf, 0xea, 0x10, 0xf, 0xcc,
    0x80, 0x1f, 0x0,

    /* U+0419 "Й" */
    0x0, 0xf, 0x98, 0x17, 0x90, 0x6, 0x1a, 0xee,
    0x7c, 0x90, 0x7, 0x2e, 0xf6, 0xb0, 0x4, 0x9e,
    0xa0, 0x1c, 0xde, 0xc0, 0x1f, 0x14, 0x80, 0x7f,
    0x70, 0x7, 0xf4, 0x1c, 0x0, 0x7c, 0x8e, 0xca,
    0x1, 0xe1, 0xa2, 0x90, 0xf, 0xa8, 0x78, 0x3,
    0xe6, 0x48, 0x30, 0xf, 0x14, 0xa3, 0x80, 0x7d,
    0x3, 0x40, 0x1f, 0xd4, 0x20, 0x1f, 0x99, 0x0,
    0x3e,

    /* U+041A "К" */
    0x4f, 0x50, 0xc, 0x5f, 0x0, 0x1f, 0xbc, 0xe0,
    0x3, 0xe9, 0x2e, 0x0, 0xf9, 0x5a, 0x88, 0x3,
    0x19, 0x1d, 0xb2, 0x80, 0x74, 0xee, 0xc, 0x0,
    0x79, 0xea, 0x42, 0x0, 0x3d, 0xaa, 0xcd, 0x18,
    0x7, 0xe8, 0x1e, 0x0, 0xfc, 0x36, 0x50, 0x1,
    0xf9, 0x54, 0xe4, 0x1, 0xfa, 0xc3, 0x80,

    /* U+041B "Л" */
    0x0, 0xbf, 0xfe, 0xe0, 0xc, 0xb1, 0x18, 0x80,
    0x21, 0xf, 0x77, 0xe0, 0xe, 0x10, 0xf, 0xc6,
    0x1, 0xfe, 0x10, 0x70, 0xf, 0xce, 0x2, 0x1,
    0xf8, 0x40, 0x80, 0x3f, 0x68, 0x80, 0x7f, 0x2a,
    0x80, 0x3e, 0x6c, 0x2e, 0x0, 0xfb, 0x4d, 0xd4,
    0x3, 0xe0,

    /* U+041C "М" */
    0x4f, 0x50, 0xf, 0xdd, 0x40, 0x8, 0x0, 0xf9,
    0xc4, 0x2, 0x27, 0x0, 0xe1, 0x80, 0xc, 0x52,
    0x20, 0x1a, 0x4, 0x40, 0x15, 0x8c, 0x80, 0x44,
    0xd0, 0x1, 0x8a, 0x1c, 0x80, 0x10, 0x4c, 0x1,
    0xce, 0x30, 0x6, 0xb2, 0x1, 0xf4, 0x29, 0xfa,
    0x20, 0x3, 0xe6, 0x3d, 0x38, 0x0, 0xfe, 0x81,
    0x53, 0x0, 0xfe, 0x48, 0xb0, 0xf, 0xf9, 0xc4,
    0x3, 0x80,

    /* U+041D "Н" */
    0x4f, 0x50, 0xe, 0x3f, 0x60, 0xf, 0xfe, 0xb9,
    0x91, 0x73, 0x0, 0x69, 0xdd, 0xea, 0x0, 0xcf,
    0x55, 0xd0, 0x1, 0xb5, 0x57, 0x90, 0x3, 0xff,
    0xc4,

    /* U+041E "О" */
    0x0, 0x86, 0x37, 0xfa, 0xd4, 0x3, 0x93, 0x9d,
    0x9d, 0xcd, 0x56, 0x1, 0x15, 0x96, 0xdc, 0x4e,
    0xc2, 0x50, 0x2, 0x3, 0xc8, 0x3, 0x3b, 0x29,
    0x82, 0xa8, 0x80, 0x3d, 0x61, 0x64, 0x1a, 0x1,
    0xf1, 0x9, 0x0, 0x7f, 0xc2, 0x4, 0x1a, 0x1,
    0xf1, 0x1, 0x2, 0xa8, 0x80, 0x3d, 0x61, 0x61,
    0x1, 0xe4, 0x1, 0x9d, 0x94, 0xc0, 0xac, 0xb6,
    0xe2, 0x76, 0x12, 0x80, 0x24, 0xe7, 0x67, 0x66,
    0x55, 0x80, 0x0,

    /* U+041F "П" */
    0x4f, 0xff, 0xe6, 0x0, 0x2c, 0x47, 0x38, 0x6,
    0xf7, 0x7e, 0xa0, 0xf, 0xff, 0xf8, 0x7, 0xff,
    0x38,

    /* U+0420 "Р" */
    0x4f, 0xfe, 0xd8, 0x0, 0xcb, 0x10, 0x76, 0x7d,
    0x0, 0xbd, 0xdd, 0x17, 0x24, 0xe0, 0x1f, 0x30,
    0xe0, 0x7, 0xff, 0x14, 0x84, 0x80, 0x6, 0x44,
    0x36, 0xc0, 0xb0, 0x4, 0xee, 0xb2, 0x4f, 0x8,
    0x0, 0xf5, 0x4b, 0xdd, 0x18, 0x5, 0xaa, 0xa4,
    0x20, 0xf, 0xfe, 0x58,

    /* U+0421 "С" */
    0x0, 0x86, 0x37, 0xfa, 0xd4, 0x3, 0x27, 0x3b,
    0x3b, 0x9a, 0xa8, 0x0, 0x2b, 0x2d, 0xb8, 0x9d,
    0x8c, 0x0, 0x40, 0x79, 0x0, 0x67, 0x60, 0x2,
    0xa1, 0x0, 0x7e, 0x20, 0xc0, 0xf, 0xfe, 0x49,
    0x6, 0x0, 0x7f, 0x95, 0x8, 0x3, 0xfa, 0x3,
    0xc8, 0x3, 0x3b, 0x0, 0xa, 0xcb, 0x6e, 0x27,
    0x63, 0x0, 0x24, 0xe6, 0x63, 0xb9, 0xaa, 0x80,

    /* U+0422 "Т" */
    0xcf, 0xff, 0xcf, 0x31, 0x10, 0x1c, 0x44, 0x8a,
    0xef, 0x2, 0xbb, 0xc6, 0x1, 0xff, 0xff, 0x0,
    0xff, 0xe1, 0x80,

    /* U+0423 "У" */
    0x8f, 0x30, 0xf, 0x75, 0x40, 0xc0, 0x7, 0x30,
    0xc0, 0x4a, 0x10, 0x6, 0x86, 0x20, 0x71, 0x80,
    0x9, 0x86, 0xc0, 0x29, 0x52, 0x0, 0x43, 0x10,
    0x4, 0xe3, 0x0, 0xc3, 0x0, 0x1d, 0x2a, 0x50,
    0xc2, 0x1, 0xce, 0x38, 0x30, 0x1, 0xf4, 0x8b,
    0x88, 0x7, 0xda, 0x12, 0x1, 0xc9, 0x16, 0xb2,
    0x20, 0x1c, 0x6e, 0xd2, 0xc0, 0x1e, 0x7f, 0xd6,
    0x0, 0xf0,

    /* U+0424 "Ф" */
    0x0, 0xf1, 0xd0, 0x80, 0x7f, 0xf0, 0x19, 0x48,
    0x3, 0xf9, 0xf7, 0xe8, 0x33, 0xf1, 0x80, 0x31,
    0x74, 0x24, 0xb8, 0x4c, 0x9e, 0x70, 0x2, 0xe0,
    0xd9, 0x6d, 0x4, 0x6b, 0xb1, 0xc8, 0x11, 0xc9,
    0x0, 0x7c, 0x8a, 0xc0, 0xc0, 0x60, 0x1f, 0xda,
    0x2, 0xc0, 0x40, 0x1f, 0xdc, 0x2, 0x44, 0xb1,
    0x0, 0xf8, 0x99, 0x40, 0x12, 0x5e, 0xe6, 0x60,
    0x63, 0x8c, 0x18, 0x0, 0x26, 0xac, 0x64, 0x85,
    0xe3, 0xbb, 0xc8, 0x2, 0x2b, 0xfc, 0x80, 0xad,
    0xf9, 0x10, 0xf, 0x8c, 0x81, 0xc8, 0x3, 0x80,

    /* U+0425 "Х" */
    0x2f, 0xb0, 0xc, 0x5f, 0x80, 0x50, 0x8c, 0x1,
    0x70, 0x70, 0x1, 0xce, 0x44, 0x18, 0xe0, 0x80,
    0x2e, 0xa, 0x29, 0x37, 0x0, 0xc4, 0xe9, 0x81,
    0xc0, 0x1e, 0x82, 0x17, 0x20, 0xf, 0x11, 0x1,
    0x0, 0x3e, 0x90, 0x63, 0x70, 0xe, 0x64, 0x89,
    0x38, 0x20, 0x8, 0xa4, 0xdc, 0x38, 0x38, 0x2,
    0x90, 0xe0, 0x1, 0x41, 0xb0, 0x32, 0x41, 0x0,
    0x4e, 0x72, 0x40,

    /* U+0426 "Ц" */
    0x4f, 0x50, 0xe, 0x7f, 0x20, 0xf, 0xff, 0xf8,
    0x7, 0xff, 0x63, 0xdd, 0xfb, 0x2, 0x98, 0x0,
    0xb1, 0x1c, 0x80, 0xf0, 0x9f, 0xff, 0xcc, 0x1,
    0xff, 0xcb, 0xd9,

    /* U+0427 "Ч" */
    0x6f, 0x20, 0xe, 0xdb, 0x0, 0xff, 0xea, 0x8,
    0x7, 0xca, 0x16, 0x1, 0xf1, 0x93, 0xc1, 0x99,
    0x68, 0x80, 0x1e, 0x6f, 0x98, 0xa7, 0x0, 0x8b,
    0x36, 0xed, 0xda, 0x40, 0x18, 0x91, 0x2, 0x1,
    0xff, 0xcb,

    /* U+0428 "Ш" */
    0x4f, 0x50, 0xd, 0xf0, 0x1, 0xb3, 0x0, 0x1f,
    0xff, 0xf0, 0xf, 0xff, 0x97, 0xbb, 0xe0, 0x47,
    0x7c, 0x40, 0x12, 0xc4, 0x60, 0x38, 0x8c, 0x20,

    /* U+0429 "Щ" */
    0x4f, 0x50, 0xd, 0xf0, 0x1, 0xb3, 0x0, 0x1f,
    0xff, 0xf0, 0xf, 0xff, 0xf8, 0x7, 0xde, 0xef,
    0x81, 0x1d, 0xf1, 0x99, 0xcc, 0x0, 0xb1, 0x18,
    0xe, 0x23, 0x0, 0x21, 0x11, 0xff, 0xff, 0xc2,
    0x0, 0xff, 0xeb, 0x3a, 0x0,

    /* U+042A "Ъ" */
    0xcf, 0xfc, 0x40, 0x1f, 0x4c, 0x41, 0x40, 0x3f,
    0x95, 0xdd, 0x80, 0x1f, 0xfc, 0x21, 0x18, 0x3,
    0xfd, 0x9d, 0xcf, 0xea, 0x20, 0xf, 0x4d, 0xdc,
    0xcb, 0x82, 0x1, 0xc8, 0x9a, 0x28, 0x5c, 0x3,
    0xfc, 0xa1, 0xe0, 0x1f, 0xe1, 0x1, 0x0, 0xff,
    0x30, 0x68, 0x7, 0x2a, 0xcd, 0x30, 0x6a, 0x1,
    0xd1, 0x54, 0x94, 0x7c, 0x0,

    /* U+042B "Ы" */
    0x4f, 0x50, 0xf, 0xcf, 0xe4, 0x1, 0xff, 0xd3,
    0x11, 0x0, 0x7f, 0xd5, 0xdc, 0xff, 0x59, 0x80,
    0x7d, 0x17, 0x74, 0x2e, 0x10, 0x7, 0x89, 0x12,
    0x7c, 0xb, 0x0, 0xff, 0x88, 0x54, 0x3, 0xff,
    0x82, 0xe0, 0x1f, 0xf2, 0x9, 0x80, 0x7b, 0x55,
    0x68, 0xb1, 0x90, 0xf, 0x3d, 0x54, 0xcc, 0xf1,
    0x0, 0xc0,

    /* U+042C "Ь" */
    0x4f, 0x50, 0xf, 0xfe, 0x90, 0x88, 0x3, 0xea,
    0xee, 0x7f, 0xac, 0xc0, 0x28, 0xbb, 0xa1, 0x70,
    0x80, 0x4, 0x89, 0x3e, 0x5, 0x80, 0x7c, 0x42,
    0xa0, 0x1f, 0xce, 0x1, 0xf2, 0x9, 0x80, 0x35,
    0x56, 0x8b, 0x19, 0x0, 0x3d, 0x54, 0xcc, 0xf1,

    /* U+042D "Э" */
    0x1, 0x8d, 0xfe, 0xb4, 0x0, 0x8f, 0x9d, 0xf2,
    0xdc, 0x80, 0xd, 0xba, 0xa2, 0x79, 0x98, 0xe0,
    0x9, 0x10, 0xd, 0x29, 0x20, 0x1c, 0x23, 0xb4,
    0x50, 0x2, 0x9e, 0xed, 0x20, 0x40, 0x15, 0xdf,
    0x40, 0x7, 0x12, 0x26, 0x0, 0x10, 0x7, 0xe9,
    0x14, 0x1c, 0x20, 0xd, 0x63, 0x0, 0x44, 0xdb,
    0x89, 0xe4, 0x66, 0x1, 0xfb, 0xb3, 0xb9, 0x6a,
    0x40, 0x0,

    /* U+042E "Ю" */
    0x4f, 0x50, 0xc, 0xd9, 0xfe, 0xc6, 0x0, 0xfe,
    0xc9, 0x78, 0x83, 0x4e, 0x8, 0x7, 0xa8, 0xea,
    0xdd, 0xd5, 0x67, 0x40, 0x1c, 0x6a, 0xea, 0x1,
    0x92, 0x10, 0xc0, 0x32, 0x5, 0x0, 0x79, 0x82,
    0xc0, 0x15, 0xf0, 0x4, 0x1, 0xe1, 0x11, 0x0,
    0x15, 0xcc, 0x3, 0xf8, 0x40, 0x2f, 0x8a, 0x3,
    0x0, 0xf1, 0x1, 0x0, 0x67, 0x9, 0x0, 0xf5,
    0x85, 0x80, 0x61, 0x65, 0x70, 0xc, 0xcc, 0x43,
    0x0, 0xe9, 0x48, 0xd9, 0x96, 0xc9, 0xd0, 0x7,
    0xd7, 0x42, 0xcc, 0x18, 0xc1, 0x0,

    /* U+042F "Я" */
    0x0, 0x15, 0x77, 0xff, 0x1, 0xea, 0xbc, 0x44,
    0x60, 0x8, 0xd, 0x97, 0x79, 0x40, 0x8, 0xa4,
    0x1, 0xf8, 0xc0, 0x3f, 0xa, 0x0, 0x7e, 0x92,
    0xa3, 0x11, 0x8c, 0x0, 0xf0, 0xb9, 0xdd, 0x28,
    0x4, 0xe4, 0x97, 0x72, 0x0, 0x50, 0x52, 0x89,
    0x10, 0x0, 0x9d, 0xc4, 0x1, 0xee, 0x18, 0x0,
    0xf0,

    /* U+0430 "а" */
    0x2, 0xae, 0xfd, 0x80, 0xb, 0x9d, 0xa1, 0x9e,
    0x40, 0x1d, 0xb0, 0xf6, 0xac, 0x0, 0x20, 0xd,
    0x80, 0x20, 0x77, 0xdf, 0xe9, 0x3, 0xc, 0x7a,
    0xdd, 0x40, 0x0, 0xc2, 0x50, 0x89, 0xe0, 0x3,
    0x18, 0x54, 0x87, 0x0, 0xb5, 0xaa, 0xca, 0x40,
    0x0,

    /* U+0431 "б" */
    0x0, 0xf8, 0x98, 0x80, 0x32, 0xdf, 0xec, 0xb8,
    0x0, 0xb6, 0x99, 0x95, 0xaa, 0x3, 0x81, 0x9b,
    0x2a, 0x40, 0x9, 0x1c, 0x31, 0x0, 0xe5, 0x53,
    0xf7, 0x3f, 0xc, 0x0, 0x4f, 0x13, 0x50, 0x58,
    0x40, 0x2, 0xc7, 0x57, 0xc0, 0x80, 0x1, 0x90,
    0x4, 0x46, 0xe0, 0x62, 0x1, 0xfa, 0xc9, 0x0,
    0x23, 0x32, 0x83, 0x95, 0xc2, 0xc6, 0x14, 0x80,
    0x31, 0x99, 0x4c, 0xcc, 0x10,

    /* U+0432 "в" */
    0x8f, 0xfd, 0xae, 0x1, 0x66, 0x2d, 0x21, 0x80,
    0x6, 0x64, 0x90, 0xf0, 0xe, 0x50, 0xd0, 0x7,
    0xfd, 0x48, 0x80, 0x6, 0xed, 0x4b, 0x20, 0x2,
    0x29, 0x51, 0x0, 0x4, 0x49, 0x95, 0xc0, 0x17,
    0x74, 0x2d, 0x80,

    /* U+0433 "г" */
    0x8f, 0xfe, 0xb0, 0x4, 0xce, 0xf0, 0x3, 0x36,
    0x40, 0xf, 0xfe, 0xf0,

    /* U+0434 "д" */
    0x0, 0x67, 0xff, 0x68, 0x6, 0x13, 0x99, 0x88,
    0x3, 0xc8, 0xcd, 0x80, 0x38, 0xfc, 0x3, 0xf8,
    0x44, 0x1, 0xf8, 0x80, 0x80, 0x3f, 0x20, 0x28,
    0x7, 0xcb, 0x4, 0xec, 0xd8, 0xd8, 0x2c, 0x4a,
    0x67, 0x10, 0xc8, 0x83, 0x7f, 0xfa, 0x80, 0x3f,
    0xf8, 0x3d, 0x20, 0x1e, 0x5e, 0x10,

    /* U+0435 "е" */
    0x0, 0x1d, 0xff, 0x51, 0x0, 0x49, 0x8d, 0x12,
    0xf8, 0x40, 0x9, 0x2d, 0x77, 0x69, 0xc0, 0x11,
    0x2c, 0x3, 0x52, 0x83, 0x4, 0xff, 0xe8, 0x2,
    0x60, 0x8d, 0xdf, 0x11, 0x54, 0x45, 0x80, 0x80,
    0x1c, 0x5d, 0xf, 0x5a, 0xa0, 0x3, 0xd4, 0x68,
    0x78, 0x50,

    /* U+0436 "ж" */
    0x4f, 0x50, 0xb, 0xe0, 0x2, 0xcd, 0x4, 0x5b,
    0x0, 0xf9, 0x8e, 0x40, 0x16, 0x30, 0x1, 0xe8,
    0x54, 0x0, 0xc, 0x39, 0x88, 0x8, 0xa4, 0x6c,
    0x3, 0x38, 0x67, 0x3, 0x73, 0x28, 0x80, 0x68,
    0x9, 0xb0, 0x5b, 0x45, 0x20, 0x8, 0xdd, 0x98,
    0x80, 0x49, 0x43, 0xc0, 0x17, 0xc, 0x0, 0x70,
    0xc1, 0xb0, 0x39, 0x58, 0x80, 0x79, 0x8e, 0x44,

    /* U+0437 "з" */
    0x7, 0xdf, 0xf5, 0xa0, 0x2, 0x52, 0x61, 0xad,
    0x3, 0xa5, 0x9f, 0x3, 0x40, 0x39, 0xc3, 0x40,
    0x11, 0xfe, 0x96, 0x40, 0x4, 0xee, 0x4b, 0x40,
    0x0, 0x48, 0xd8, 0x91, 0x7a, 0x5d, 0xd6, 0x56,
    0xb2, 0x91, 0x7, 0x97,

    /* U+0438 "и" */
    0x8f, 0x0, 0xc7, 0xf2, 0x1, 0xc3, 0xa0, 0x1f,
    0x50, 0x7, 0xd0, 0x94, 0x20, 0x19, 0x5e, 0x10,
    0x3, 0x1d, 0x2b, 0x80, 0x76, 0x95, 0x0, 0x7d,
    0xe0, 0x1f, 0x51, 0x0, 0x70,

    /* U+0439 "й" */
    0x0, 0x38, 0x0, 0x5c, 0x3, 0x53, 0x3, 0x58,
    0x6, 0xea, 0xeb, 0xe0, 0xc, 0x79, 0xd8, 0x40,
    0x8, 0xf0, 0xc, 0x7f, 0x20, 0x1c, 0x3a, 0x1,
    0xf5, 0x0, 0x7d, 0x9, 0x42, 0x1, 0x95, 0xe1,
    0x0, 0x31, 0xd2, 0xb8, 0x7, 0x69, 0x50, 0x7,
    0xde, 0x1, 0xf5, 0x10, 0x7, 0x0,

    /* U+043A "к" */
    0x8f, 0x0, 0xd9, 0xa0, 0x1e, 0x73, 0xf0, 0xe,
    0x38, 0x92, 0x0, 0x84, 0x5c, 0xac, 0x1, 0xbb,
    0x85, 0x20, 0x1d, 0x74, 0x3e, 0x1, 0xc8, 0xb4,
    0x72, 0x1, 0xe4, 0x76, 0x50, 0xf, 0x42, 0x59,
    0x0,

    /* U+043B "л" */
    0x0, 0x67, 0xff, 0x60, 0x0, 0x52, 0x66, 0x20,
    0xc, 0x6c, 0xd0, 0x80, 0x47, 0xe0, 0x1f, 0x8,
    0x80, 0x3c, 0x20, 0x40, 0x1e, 0x40, 0x50, 0xe,
    0x6b, 0x21, 0x0, 0xeb, 0x9, 0x0, 0xf0,

    /* U+043C "м" */
    0x8f, 0x50, 0xe, 0x7f, 0x40, 0x4, 0x0, 0x61,
    0x80, 0xc, 0x4e, 0x1, 0x40, 0x80, 0x43, 0x12,
    0x20, 0x4d, 0x0, 0x19, 0xc2, 0x42, 0x51, 0x0,
    0x1d, 0x6e, 0xc9, 0x20, 0x1e, 0x53, 0x97, 0x20,
    0xf, 0xbc, 0x60, 0x3, 0xf1, 0xf0, 0x7, 0x0,

    /* U+043D "н" */
    0x8f, 0x0, 0xc5, 0xec, 0x1, 0xff, 0xc8, 0x11,
    0xe0, 0xd, 0xdd, 0xb0, 0x3, 0x5d, 0xe9, 0x0,
    0xc8, 0x9c, 0x1, 0xff, 0xc8,

    /* U+043E "о" */
    0x0, 0x15, 0x77, 0xe2, 0x0, 0x47, 0xa8, 0xd0,
    0x16, 0xe0, 0xe, 0x2f, 0x87, 0xc5, 0x81, 0x22,
    0x58, 0x80, 0x52, 0xe, 0xc0, 0x40, 0x18, 0xc0,
    0x58, 0x8, 0x3, 0x18, 0x9, 0x12, 0xc4, 0x2,
    0x90, 0x70, 0xe2, 0xf8, 0x7c, 0x59, 0x10, 0x3d,
    0x56, 0x80, 0xb6, 0x0,

    /* U+043F "п" */
    0x8f, 0xff, 0x94, 0x1, 0x33, 0x9c, 0x3, 0x33,
    0x6b, 0x0, 0xff, 0xf6, 0x0,

    /* U+0440 "р" */
    0x8f, 0x2b, 0xfe, 0xb3, 0x0, 0xda, 0x13, 0xd,
    0x88, 0x1, 0x35, 0xb3, 0x34, 0xa4, 0x2, 0xb0,
    0xd, 0x64, 0x40, 0x1, 0x0, 0x62, 0x1, 0x0,
    0x10, 0x6, 0x30, 0x10, 0x4, 0x0, 0x43, 0x24,
    0x40, 0x2, 0x63, 0xc7, 0x8f, 0x0, 0x58, 0xf0,
    0xeb, 0x86, 0x1, 0x15, 0xff, 0xac, 0xc0, 0x3f,
    0xf9, 0x40,

    /* U+0441 "с" */
    0x0, 0x15, 0x77, 0xe2, 0x0, 0xf, 0x51, 0xa0,
    0x2d, 0x43, 0x8b, 0xe1, 0xf2, 0x10, 0x89, 0x62,
    0x1, 0x38, 0xb0, 0x10, 0x7, 0x98, 0x8, 0x3,
    0xc4, 0x4b, 0x10, 0x9, 0x84, 0x38, 0xbe, 0x1f,
    0x25, 0x0, 0xf5, 0x1a, 0x2, 0xd4,

    /* U+0442 "т" */
    0xff, 0xfb, 0x66, 0x61, 0x29, 0x94, 0x33, 0x46,
    0xcd, 0x28, 0x7, 0xff, 0x90,

    /* U+0443 "у" */
    0xb, 0xd0, 0xe, 0xad, 0x0, 0x79, 0x20, 0x4,
    0x2b, 0x60, 0x4, 0x2f, 0x0, 0xa4, 0x18, 0x2,
    0xb4, 0x20, 0x3, 0x38, 0x6, 0x60, 0xb0, 0x51,
    0xa0, 0xe, 0x66, 0x4, 0xa1, 0x0, 0x75, 0x85,
    0x1f, 0x80, 0x78, 0x91, 0x49, 0x0, 0x3e, 0xe0,
    0xb0, 0xf, 0xd8, 0x2c, 0x1, 0xd6, 0xf0, 0xd2,
    0x1, 0xe1, 0x96, 0x77, 0x0, 0x70,

    /* U+0444 "ф" */
    0x0, 0xe5, 0xf3, 0x0, 0xff, 0xf1, 0x1d, 0x75,
    0x6, 0x6c, 0x90, 0x4, 0x98, 0xa8, 0xa0, 0xae,
    0xda, 0x40, 0xa, 0x2e, 0xaf, 0x9, 0xae, 0x1e,
    0x3, 0x1b, 0x10, 0xe, 0x19, 0x31, 0x70, 0x50,
    0xf, 0x88, 0xd, 0xc1, 0x40, 0x3e, 0xd0, 0x33,
    0xd, 0x88, 0x7, 0x13, 0x98, 0x85, 0x17, 0x4e,
    0x5, 0xce, 0x8f, 0x0, 0x13, 0x55, 0xd8, 0x1d,
    0x1b, 0xc8, 0x2, 0x2a, 0xea, 0xc, 0xd9, 0x10,
    0xf, 0xfe, 0x80,

    /* U+0445 "х" */
    0x5f, 0x50, 0xa, 0xb8, 0x55, 0xa8, 0x81, 0x96,
    0x84, 0x24, 0xb8, 0xa5, 0xd0, 0x2, 0xe3, 0xd3,
    0x80, 0xc, 0x68, 0x12, 0x1, 0xca, 0x85, 0x62,
    0x1, 0xd, 0xae, 0x5, 0x0, 0x5a, 0x74, 0x34,
    0x8c, 0xe, 0x7c, 0x0, 0x46, 0x93,

    /* U+0446 "ц" */
    0x8f, 0x0, 0xcb, 0xe6, 0x1, 0xff, 0xf3, 0x66,
    0xd8, 0x16, 0x60, 0x9, 0x9c, 0xc0, 0xf7, 0x1f,
    0xff, 0x8, 0x7, 0xff, 0x1f, 0xa0,

    /* U+0447 "ч" */
    0x5f, 0x30, 0x9, 0x3d, 0x0, 0x3f, 0xf8, 0xc2,
    0xe, 0x1, 0xe5, 0x8, 0x31, 0x4e, 0x0, 0xd,
    0x16, 0x75, 0xb0, 0x4, 0xbd, 0xb9, 0xf0, 0x1,
    0xc4, 0x60, 0x1f, 0xfc, 0x10,

    /* U+0448 "ш" */
    0x8f, 0x0, 0x8f, 0xd0, 0x2, 0xf9, 0x0, 0xff,
    0xff, 0x80, 0x73, 0x35, 0x61, 0xac, 0xd0, 0x6,
    0x99, 0x9c, 0x1a, 0x66, 0x0, 0x0,

    /* U+0449 "щ" */
    0x8f, 0x0, 0x8f, 0xd0, 0x2, 0xf9, 0x0, 0xff,
    0xff, 0x80, 0x7f, 0xf0, 0x19, 0xab, 0xd, 0x66,
    0x81, 0x94, 0x1, 0x33, 0x38, 0x34, 0xcc, 0x0,
    0x88, 0x7f, 0xff, 0xca, 0x1, 0xff, 0xc3,

    /* U+044A "ъ" */
    0xff, 0xc6, 0x1, 0xd3, 0x26, 0x0, 0xf9, 0x99,
    0x80, 0x1f, 0xf6, 0x7f, 0xb5, 0xc0, 0x3a, 0xb3,
    0x9, 0xa, 0x1, 0x98, 0xcd, 0x23, 0xe0, 0x1f,
    0xfc, 0x25, 0x34, 0xa1, 0xf0, 0xd, 0x39, 0x6f,
    0x2a,

    /* U+044B "ы" */
    0x8f, 0x0, 0xf1, 0x7b, 0x0, 0x7f, 0xf3, 0x3f,
    0xed, 0x50, 0xf, 0x66, 0x2d, 0xe8, 0xc0, 0x38,
    0xcc, 0x94, 0x16, 0x1, 0xff, 0xc4, 0x33, 0x25,
    0x85, 0x80, 0x76, 0x62, 0xde, 0xcc, 0x2,

    /* U+044C "ь" */
    0x8f, 0x0, 0xff, 0xe6, 0x7f, 0xda, 0xc0, 0x16,
    0x64, 0x92, 0xa0, 0x3, 0x3a, 0x47, 0xc0, 0x3c,
    0x26, 0x0, 0x33, 0x25, 0x6, 0x80, 0x33, 0x16,
    0xd4, 0x80,

    /* U+044D "э" */
    0x6, 0xcf, 0xeb, 0x40, 0x2, 0xca, 0xd4, 0x3d,
    0xa8, 0x2e, 0xca, 0xb6, 0x2d, 0x8, 0x10, 0x6,
    0x80, 0x70, 0x1, 0xff, 0xda, 0x2, 0x0, 0x3c,
    0xca, 0xc0, 0x40, 0x40, 0xce, 0xd0, 0x75, 0xe9,
    0x66, 0x5b, 0x50, 0xac, 0xac, 0xc8, 0x2d, 0x40,

    /* U+044E "ю" */
    0x8f, 0x0, 0x92, 0xff, 0xac, 0xc0, 0x3c, 0xb6,
    0xf3, 0xf, 0x88, 0x1, 0xd6, 0x78, 0xcc, 0xc3,
    0x90, 0xa, 0x24, 0x64, 0x3, 0x49, 0x10, 0x0,
    0xec, 0xc, 0x1, 0x98, 0x18, 0x1, 0xfa, 0xc,
    0x1, 0x94, 0x18, 0x2, 0x22, 0x48, 0x6, 0xb2,
    0x20, 0x6, 0xe3, 0xd7, 0x76, 0x94, 0x80, 0x71,
    0xe3, 0x44, 0x1b, 0x10, 0x0,

    /* U+044F "я" */
    0x0, 0x46, 0xff, 0xe4, 0xb, 0x74, 0x99, 0x40,
    0x0, 0x51, 0xa5, 0x9a, 0x0, 0xdc, 0x1, 0xe1,
    0x2a, 0x20, 0xf, 0x78, 0xef, 0xfb, 0x80, 0x22,
    0x40, 0xcd, 0xc0, 0x8, 0xde, 0x4c, 0x88, 0x1,
    0x72, 0x30, 0x7, 0x0,

    /* U+0450 "ѐ" */
    0x0, 0x2b, 0x88, 0x7, 0xcb, 0xde, 0x40, 0x1f,
    0x4d, 0xa0, 0x7, 0xe5, 0x60, 0xf, 0x1d, 0xff,
    0x51, 0x0, 0x49, 0x8d, 0x12, 0xf8, 0x40, 0x9,
    0x2d, 0x77, 0x69, 0xc0, 0x11, 0x2c, 0x3, 0x52,
    0x83, 0x4, 0xff, 0xe8, 0x2, 0x60, 0x8d, 0xdf,
    0x11, 0x54, 0x45, 0x80, 0x80, 0x1c, 0x5d, 0xf,
    0x5a, 0xa0, 0x3, 0xd4, 0x68, 0x78, 0x50,

    /* U+0451 "ё" */
    0x0, 0x1f, 0x9, 0xf0, 0x80, 0x62, 0x71, 0x13,
    0x88, 0x6, 0x19, 0x2, 0x90, 0xe, 0x3b, 0xfe,
    0xa2, 0x0, 0x93, 0x1a, 0x25, 0xf0, 0x80, 0x12,
    0x5a, 0xee, 0xd3, 0x80, 0x22, 0x58, 0x6, 0xa5,
    0x6, 0x9, 0xff, 0xd0, 0x4, 0xc1, 0x1b, 0xbe,
    0x22, 0xa8, 0x8b, 0x1, 0x0, 0x38, 0xba, 0x1e,
    0xb5, 0x40, 0x7, 0xa8, 0xd0, 0xf0, 0xa0,

    /* U+0452 "ђ" */
    0x0, 0x47, 0x80, 0x7c, 0x5e, 0xe1, 0xff, 0x60,
    0x4, 0x5a, 0xc1, 0xbb, 0x80, 0x31, 0x8, 0x11,
    0x42, 0x1, 0xf1, 0x5f, 0xfa, 0xc8, 0x3, 0xb1,
    0xdc, 0xc9, 0x80, 0x1c, 0xf9, 0x13, 0x42, 0xc0,
    0x1a, 0xc0, 0x25, 0xe, 0x0, 0xc4, 0x1, 0xff,
    0xe8, 0x8f, 0x0, 0xf7, 0x80, 0x79, 0x99, 0x40,
    0x80, 0x1e, 0xc9, 0x48, 0x30,

    /* U+0453 "ѓ" */
    0x0, 0xc9, 0x4, 0x1, 0x25, 0x81, 0x0, 0xa,
    0xa6, 0x0, 0x22, 0xe6, 0x0, 0x47, 0xff, 0x58,
    0x2, 0x67, 0x78, 0x1, 0x9b, 0x20, 0x7, 0xff,
    0x78,

    /* U+0454 "є" */
    0x0, 0x15, 0x77, 0xec, 0x0, 0xf, 0x5e, 0x69,
    0x5a, 0x43, 0x8f, 0x5d, 0x63, 0xe4, 0x89, 0x20,
    0x18, 0x41, 0x82, 0xbf, 0xe6, 0x0, 0x30, 0x46,
    0x64, 0xe0, 0x2, 0x25, 0x99, 0xc2, 0x20, 0x7,
    0x1e, 0xb2, 0xbf, 0xc8, 0x1e, 0xbc, 0x55, 0x1a,
    0x40,

    /* U+0455 "ѕ" */
    0x0, 0x46, 0xfe, 0xd1, 0x85, 0xba, 0xca, 0xb8,
    0x1, 0x1e, 0x1a, 0x34, 0xc0, 0x59, 0x84, 0x1,
    0xb0, 0xa7, 0x7a, 0x40, 0x5, 0x9d, 0x6c, 0xca,
    0x1, 0x1, 0x48, 0x46, 0x1e, 0xb8, 0x69, 0x44,
    0xc, 0xbb, 0xa5, 0x22, 0x0,

    /* U+0456 "і" */
    0x8e, 0x21, 0x10, 0x4f, 0x90, 0x5, 0x1e, 0x1,
    0xff, 0xcd,

    /* U+0457 "ї" */
    0x8a, 0x4d, 0xc, 0xc3, 0x20, 0x23, 0x14, 0x80,
    0x23, 0xc0, 0x3f, 0xfb, 0xc0,

    /* U+0458 "ј" */
    0x0, 0xfe, 0x9f, 0x20, 0x8, 0x44, 0x1, 0xa3,
    0x88, 0x3, 0xfa, 0x3c, 0x3, 0xff, 0xd6, 0x50,
    0xcc, 0x40, 0x66, 0x4a, 0xc8, 0x0,

    /* U+0459 "љ" */
    0x0, 0x67, 0xff, 0x80, 0x3f, 0xa, 0x4c, 0xc0,
    0x1f, 0xf1, 0xb3, 0x40, 0x1f, 0xe3, 0xf0, 0xe,
    0xff, 0xb0, 0xc0, 0x21, 0x10, 0x7, 0x66, 0x2c,
    0x30, 0x40, 0x40, 0x80, 0x38, 0xcc, 0x9c, 0xe,
    0x8, 0xa, 0x1, 0xf9, 0x80, 0xda, 0xc8, 0x40,
    0x39, 0xdd, 0x34, 0x29, 0x61, 0x20, 0x1e, 0x88,
    0x3a, 0xe8, 0x80,

    /* U+045A "њ" */
    0x8f, 0x0, 0xc9, 0xe6, 0x1, 0xff, 0xd7, 0x21,
    0x1c, 0xc, 0x22, 0x0, 0xed, 0xee, 0xa8, 0x2b,
    0xb9, 0xf6, 0x20, 0xa, 0xbb, 0x9c, 0x22, 0xe9,
    0xd2, 0x0, 0xa, 0x89, 0x60, 0x22, 0x16, 0xd,
    0x40, 0x3f, 0x29, 0x99, 0xce, 0xc0, 0x3f, 0x4e,
    0x62, 0xa1, 0xc0,

    /* U+045B "ћ" */
    0x0, 0x1b, 0x80, 0x7f, 0x5c, 0x0, 0x7d, 0x1e,
    0xe1, 0xff, 0x68, 0x5, 0x1e, 0xe1, 0xff, 0x68,
    0x7, 0xc7, 0x7f, 0xeb, 0x20, 0xe, 0xc7, 0x73,
    0x26, 0x0, 0x73, 0x64, 0x4c, 0x85, 0x40, 0x35,
    0x80, 0x4c, 0x1a, 0x1, 0x88, 0x3, 0xff, 0xcc,

    /* U+045C "ќ" */
    0x0, 0xc5, 0x8, 0x1, 0xc3, 0xe6, 0x80, 0x1d,
    0xaf, 0x60, 0x1e, 0xca, 0x0, 0xd1, 0xe0, 0x1b,
    0x34, 0x3, 0xce, 0x7e, 0x1, 0xc7, 0x12, 0x40,
    0x10, 0x8b, 0x95, 0x80, 0x37, 0x70, 0xa4, 0x3,
    0xae, 0x87, 0xc0, 0x39, 0x16, 0x8e, 0x40, 0x3c,
    0x8e, 0xca, 0x1, 0xe8, 0x4b, 0x20,

    /* U+045D "ѝ" */
    0x1, 0x75, 0x0, 0xf0, 0x8a, 0x94, 0x3, 0xcd,
    0x54, 0x30, 0xf, 0x2f, 0x98, 0x5, 0x1e, 0x1,
    0x8f, 0xe4, 0x3, 0x87, 0x40, 0x3e, 0xa0, 0xf,
    0xa1, 0x28, 0x40, 0x32, 0xbc, 0x20, 0x6, 0x3a,
    0x57, 0x0, 0xed, 0x2a, 0x0, 0xfb, 0xc0, 0x3e,
    0xa2, 0x0, 0xe0,

    /* U+045E "ў" */
    0x0, 0xf, 0x80, 0x13, 0x0, 0x38, 0x49, 0x83,
    0x90, 0x3, 0xdd, 0x5c, 0x10, 0x1, 0xe3, 0xce,
    0xa0, 0xe, 0xbd, 0x0, 0xea, 0xd0, 0x7, 0x92,
    0x0, 0x42, 0xb6, 0x0, 0x42, 0xf0, 0xa, 0x41,
    0x80, 0x2b, 0x42, 0x0, 0x33, 0x80, 0x66, 0xb,
    0x5, 0x1a, 0x0, 0xe6, 0x60, 0x4a, 0x10, 0x7,
    0x58, 0x51, 0xf8, 0x7, 0x89, 0x14, 0x90, 0x3,
    0xee, 0xb, 0x0, 0xfd, 0x82, 0xc0, 0x1d, 0x6f,
    0xd, 0x20, 0x1e, 0x19, 0x67, 0x70, 0x7, 0x0,

    /* U+045F "џ" */
    0x8f, 0x0, 0xd7, 0xa0, 0x1f, 0xfe, 0x66, 0x6e,
    0x0, 0xa6, 0x71, 0x4, 0x7f, 0x9c, 0x7f, 0xda,
    0x1, 0xf8,

    /* U+0462 "Ѣ" */
    0x0, 0x95, 0x80, 0x3f, 0xee, 0xb0, 0xf, 0xd7,
    0xfe, 0x42, 0xff, 0x90, 0x3, 0x4e, 0x60, 0xc7,
    0x32, 0x40, 0xc, 0x46, 0x67, 0x32, 0x28, 0x3,
    0xf8, 0xbb, 0xaf, 0xe8, 0x0, 0xf0, 0xdd, 0xd4,
    0x8f, 0x60, 0x1c, 0x68, 0x92, 0xd2, 0xa1, 0x0,
    0x7f, 0xbc, 0x1c, 0x3, 0xff, 0x80, 0x20, 0x1f,
    0xee, 0x5, 0x0, 0xc6, 0xab, 0x35, 0xa3, 0x88,
    0x6, 0x1a, 0xaa, 0x5e, 0x60, 0x0,

    /* U+0463 "ѣ" */
    0x0, 0x3a, 0x80, 0x7e, 0x9f, 0x0, 0xff, 0xe7,
    0x7f, 0x85, 0x7f, 0xd8, 0x1, 0x6e, 0x85, 0x37,
    0x5c, 0x1, 0x11, 0x0, 0x48, 0xa0, 0xf, 0x2f,
    0xfb, 0xac, 0x80, 0x32, 0x66, 0x2d, 0xb0, 0x3,
    0x9, 0x99, 0x64, 0x50, 0x3, 0xe1, 0x7, 0x0,
    0x84, 0xcc, 0xb0, 0x46, 0x1, 0x26, 0x62, 0xdf,
    0xc0,

    /* U+046A "Ѫ" */
    0x6, 0xff, 0xff, 0x60, 0x4, 0x82, 0x77, 0x7e,
    0x70, 0xa0, 0x8, 0xa8, 0xf1, 0x13, 0x33, 0xab,
    0x0, 0x64, 0x87, 0x60, 0x0, 0xe1, 0xd0, 0x7,
    0x9d, 0x65, 0x47, 0x3, 0x40, 0x3f, 0x51, 0xd6,
    0x16, 0x88, 0x7, 0xcd, 0xa6, 0x4, 0x1b, 0x22,
    0x1, 0xcf, 0x2f, 0x6a, 0x19, 0x2f, 0x82, 0x1,
    0x14, 0x35, 0x21, 0x1, 0xbe, 0x94, 0x0, 0x56,
    0x10, 0x1, 0xe3, 0x66, 0x8, 0xb, 0x30, 0x40,
    0x3e, 0xb0, 0x60, 0x90, 0xb0, 0xf, 0xc4, 0x92,
    0x0,

    /* U+046B "ѫ" */
    0xc, 0xff, 0xfc, 0x1, 0x48, 0x56, 0xed, 0x82,
    0xe0, 0x12, 0xcd, 0x81, 0x1f, 0x3c, 0x0, 0x66,
    0x9c, 0x2d, 0x79, 0x0, 0xe5, 0xa1, 0xd3, 0x48,
    0x0, 0xc9, 0x4b, 0x81, 0x36, 0xf0, 0x1, 0x42,
    0x41, 0x1, 0x2c, 0x38, 0x81, 0x1f, 0x80, 0x73,
    0x3, 0x85, 0x8a, 0x0, 0x70, 0xad, 0x80,

    /* U+0472 "Ѳ" */
    0x0, 0x86, 0x37, 0xfa, 0xd4, 0x3, 0x93, 0x9d,
    0x9d, 0xcd, 0x56, 0x1, 0x15, 0x9e, 0xdc, 0x4e,
    0xca, 0x50, 0x2, 0x3, 0x48, 0x3, 0x34, 0x29,
    0x82, 0xa8, 0x4, 0x7c, 0xa1, 0x64, 0xb, 0xdd,
    0xf6, 0x81, 0x0, 0x16, 0xef, 0xf0, 0x0, 0x81,
    0x91, 0x3e, 0x70, 0x20, 0x53, 0x30, 0x7, 0xa0,
    0x2c, 0x20, 0x34, 0xc0, 0x34, 0x22, 0x98, 0x15,
    0x8e, 0x5c, 0x4e, 0xba, 0x50, 0x4, 0x9c, 0xec,
    0xec, 0xca, 0xb0, 0x0,

    /* U+0473 "ѳ" */
    0x0, 0x15, 0x77, 0xe2, 0x0, 0x47, 0xa8, 0xd0,
    0x36, 0xe0, 0xe, 0x1f, 0x87, 0xd4, 0x81, 0x22,
    0x48, 0x80, 0x50, 0xe, 0xc1, 0x1f, 0xfb, 0x0,
    0x58, 0x23, 0x77, 0x58, 0x9, 0x12, 0x88, 0xb7,
    0x3, 0x87, 0x16, 0xc3, 0xe2, 0xc8, 0x81, 0xeb,
    0xb4, 0x5, 0xb0, 0x0,

    /* U+0474 "Ѵ" */
    0x0, 0xff, 0x8, 0xa7, 0xc8, 0x3, 0xd7, 0xdf,
    0x41, 0x40, 0x1d, 0x8, 0x6c, 0x64, 0xc0, 0x1c,
    0xe7, 0x90, 0x14, 0x2a, 0x1, 0x28, 0x48, 0x4,
    0xc1, 0xc0, 0x17, 0x8a, 0x80, 0x42, 0xa8, 0x20,
    0x5, 0x70, 0xe, 0xe0, 0x60, 0x50, 0xd0, 0xe,
    0x41, 0xa0, 0xe1, 0x40, 0xf, 0x31, 0x22, 0x1c,
    0x3, 0xea, 0xa, 0xd, 0x0, 0xf8, 0x8c, 0x44,
    0x80, 0x1f, 0xa4, 0x1c, 0x3, 0x80,

    /* U+0475 "ѵ" */
    0x0, 0xfc, 0x21, 0x7e, 0x1, 0xd9, 0xcd, 0xe0,
    0xc0, 0x13, 0x9a, 0xa9, 0x6, 0x80, 0x2a, 0x4a,
    0x30, 0x93, 0x30, 0x19, 0x70, 0x4, 0xc1, 0x41,
    0x40, 0xa0, 0x10, 0xab, 0xb, 0xb0, 0x7, 0x48,
    0x50, 0xd0, 0x7, 0x19, 0x20, 0x98, 0x7, 0xac,
    0x18, 0x3, 0x0,

    /* U+048A "Ҋ" */
    0x0, 0xf, 0x98, 0x17, 0x90, 0x7, 0x86, 0xbf,
    0xbe, 0x48, 0x3, 0xe5, 0xce, 0xd6, 0x0, 0xe4,
    0xf5, 0x0, 0xe6, 0xf6, 0x0, 0xfe, 0x29, 0x0,
    0xff, 0xb8, 0x3, 0xfe, 0x73, 0x70, 0xf, 0xe2,
    0x85, 0xa0, 0xf, 0xee, 0x1b, 0x0, 0xfe, 0x83,
    0xd1, 0x0, 0xfc, 0x6f, 0x6, 0x1, 0xfd, 0xc6,
    0xe0, 0x1f, 0xd0, 0x7a, 0x1, 0xfe, 0x2a, 0x10,
    0xe, 0x10, 0xc, 0xc8, 0x1, 0xe8, 0xe0, 0x4f,
    0x90, 0xe, 0x2f, 0x27, 0x0, 0xff, 0x9, 0x60,
    0x7, 0xf9, 0x41, 0x0,

    /* U+048B "ҋ" */
    0x0, 0x38, 0x4, 0xe0, 0x1d, 0x4a, 0xf, 0x60,
    0x1d, 0xf3, 0xd9, 0xc0, 0x1c, 0x59, 0xd6, 0x40,
    0x14, 0x78, 0x6, 0x3f, 0x90, 0xf, 0xe, 0x80,
    0x7e, 0xa0, 0xf, 0xd0, 0x94, 0x20, 0x1c, 0x8f,
    0x8, 0x1, 0xc5, 0x4a, 0xe0, 0x1e, 0xf3, 0xa0,
    0xf, 0x8b, 0xc0, 0x31, 0x20, 0x2, 0xc8, 0x3,
    0x27, 0xc7, 0xa0, 0x6, 0xe2, 0xc0, 0xf, 0x84,
    0x94,

    /* U+048C "Ҍ" */
    0x0, 0x32, 0x80, 0x7f, 0xaf, 0x80, 0x3f, 0x47,
    0x92, 0x7f, 0xc4, 0x1, 0xa7, 0x4, 0xf3, 0x22,
    0x0, 0xc2, 0x66, 0x2, 0x28, 0x3, 0xf1, 0xf7,
    0x5f, 0xae, 0x1, 0xc7, 0x77, 0x53, 0x44, 0x0,
    0x33, 0xa2, 0x4b, 0x66, 0xe0, 0x1f, 0xe4, 0x2,
    0x0, 0xff, 0xe4, 0xa8, 0x90, 0x4, 0xca, 0xb3,
    0x61, 0x40, 0x6, 0x2a, 0xaa, 0x42, 0x98, 0x0,

    /* U+048D "ҍ" */
    0x0, 0x7c, 0x0, 0x7a, 0xbc, 0x1f, 0xfd, 0x40,
    0x15, 0xe0, 0x36, 0x62, 0x0, 0x21, 0x30, 0x6c,
    0xca, 0xc8, 0x3, 0x36, 0x62, 0xdb, 0xc0, 0x30,
    0x99, 0x96, 0xc8, 0x80, 0x1f, 0x8, 0x7, 0x11,
    0x99, 0xa4, 0xc8, 0x2, 0x5c, 0xc4, 0x26, 0x80,

    /* U+048E "Ҏ" */
    0x4f, 0xfe, 0xd8, 0x0, 0xcb, 0x10, 0x76, 0x7d,
    0x0, 0xbd, 0xdd, 0x17, 0x24, 0xe0, 0x1f, 0x30,
    0xe0, 0x6, 0x4d, 0x0, 0xfc, 0x83, 0x24, 0x24,
    0x0, 0x32, 0x24, 0xb6, 0x5, 0x80, 0x27, 0x75,
    0x40, 0x34, 0x40, 0x7, 0xaa, 0x5e, 0xac, 0x80,
    0x5a, 0xaa, 0x42, 0xb2, 0x50, 0xf, 0x87, 0x14,
    0x3, 0xf1, 0x0,

    /* U+048F "ҏ" */
    0x8f, 0x9, 0xef, 0xc4, 0x0, 0xd8, 0x51, 0x23,
    0x68, 0x1, 0x35, 0xb3, 0x34, 0xe4, 0x2, 0x80,
    0xd, 0x24, 0x40, 0x1, 0x0, 0x61, 0x6, 0x0,
    0x18, 0x2, 0x50, 0x81, 0x80, 0x12, 0x0, 0xca,
    0xb2, 0x20, 0x0, 0x71, 0xc8, 0x4a, 0x40, 0x2a,
    0x59, 0x83, 0x2d, 0x0, 0x86, 0x7b, 0xf3, 0xcc,
    0x3, 0xf1, 0x50, 0x7, 0xfc,

    /* U+0490 "Ґ" */
    0x0, 0xf3, 0x78, 0x80, 0x7f, 0x27, 0xff, 0x48,
    0x6, 0x58, 0x8e, 0x10, 0x7, 0xbb, 0xf0, 0x7,
    0xff, 0xfc, 0x3, 0xe0,

    /* U+0491 "ґ" */
    0x0, 0xe8, 0x20, 0xc, 0x2e, 0xe8, 0xff, 0xb8,
    0x3, 0x4c, 0xe7, 0x0, 0x33, 0x62, 0x0, 0xff,
    0xef, 0x0,

    /* U+0492 "Ғ" */
    0x0, 0x6f, 0xff, 0xa0, 0x2, 0x28, 0x8e, 0xb0,
    0x9, 0x9d, 0xf8, 0xc0, 0x3f, 0xf9, 0x6e, 0x1,
    0xe8, 0xf2, 0x3f, 0xfc, 0xe1, 0x38, 0x47, 0x99,
    0x98, 0x4, 0xc0, 0x6, 0x78, 0x40, 0x3f, 0xfa,
    0x60,

    /* U+0493 "ғ" */
    0x4, 0xff, 0xf0, 0x4, 0xd3, 0x38, 0x2, 0xd6,
    0x6c, 0x1, 0xff, 0xc4, 0x4b, 0xb, 0xff, 0x68,
    0x25, 0x4, 0xee, 0xbc, 0x0, 0x20, 0x45, 0x80,
    0x3f, 0x80,

    /* U+0494 "Ҕ" */
    0x4f, 0xff, 0x98, 0x2, 0x58, 0x8e, 0x40, 0xb,
    0xdd, 0xf8, 0x80, 0x3f, 0xf9, 0x65, 0x17, 0x92,
    0x40, 0x1a, 0x14, 0x59, 0xf5, 0x40, 0x27, 0xda,
    0xa7, 0x95, 0x8, 0x3, 0x40, 0x21, 0x90, 0x40,
    0xf, 0x98, 0x8, 0x3, 0xe1, 0x1, 0x0, 0xfa,
    0xc1, 0x11, 0xea, 0x0, 0x17, 0x72, 0x90, 0x6,
    0xbe, 0x84, 0xa0, 0xe, 0xf9, 0xcb, 0x0, 0x0,

    /* U+0495 "ҕ" */
    0x8f, 0xfe, 0x80, 0xd, 0x33, 0xac, 0x3, 0x33,
    0x63, 0x0, 0xff, 0xe0, 0xbd, 0xed, 0x20, 0x6,
    0x91, 0x47, 0xb6, 0x0, 0xba, 0xa7, 0x4e, 0x0,
    0x3e, 0xa1, 0x20, 0xf, 0x18, 0xc, 0x78, 0x6,
    0xc0, 0x30, 0x8, 0x49, 0xd9, 0x80, 0x1b, 0xf6,
    0x16, 0x40, 0x35, 0x53, 0x68, 0x0,

    /* U+0496 "Җ" */
    0x2f, 0x90, 0xd, 0x1e, 0x1, 0x8b, 0xe4, 0xa,
    0x18, 0xc0, 0x3f, 0xb8, 0x64, 0x0, 0xe5, 0xe0,
    0x1f, 0x98, 0xe8, 0x3, 0x71, 0xb8, 0x7, 0x86,
    0x15, 0x0, 0x31, 0xb4, 0x19, 0x8, 0x11, 0x2c,
    0x6c, 0x3, 0xd6, 0x19, 0xac, 0x1b, 0xa5, 0x61,
    0x0, 0xf5, 0x84, 0xd2, 0x5, 0x50, 0xd8, 0x40,
    0x38, 0xd9, 0x59, 0x4c, 0x15, 0x5e, 0x16, 0x1,
    0xd0, 0x10, 0x1, 0xe3, 0x55, 0x18, 0x4, 0x88,
    0x72, 0x0, 0xfa, 0x3, 0xc0, 0x29, 0x19, 0x0,
    0xfc, 0x4e, 0x78, 0xcc, 0x29, 0x10, 0xf, 0xe9,
    0x3, 0x86, 0xf7, 0x0, 0xd1, 0xe0, 0x18, 0x7d,
    0x4c, 0x3, 0xff, 0xa9, 0xf6,

    /* U+0497 "җ" */
    0x4f, 0x50, 0xb, 0xe0, 0x2, 0xcd, 0x0, 0x22,
    0xd8, 0x7, 0xcc, 0x72, 0x1, 0x58, 0xc0, 0x7,
    0xa1, 0x50, 0x2, 0x18, 0x73, 0x10, 0x11, 0x48,
    0xd8, 0x7, 0x38, 0x67, 0x3, 0x73, 0x28, 0x80,
    0x74, 0x4, 0xd8, 0x2d, 0xa2, 0x90, 0x6, 0x37,
    0x66, 0x20, 0x12, 0x50, 0xf0, 0x6, 0xe1, 0x80,
    0xe, 0x18, 0x3c, 0x60, 0x72, 0xb1, 0x0, 0xf3,
    0x1, 0xc8, 0x3f, 0xa8, 0x5, 0xf0, 0x1, 0x7c,
    0x80, 0x7f, 0xf1, 0x40,

    /* U+0498 "Ҙ" */
    0x6, 0xbe, 0xfe, 0xa3, 0x0, 0x24, 0xbb, 0xa1,
    0xd7, 0xc, 0x13, 0x72, 0x5e, 0x74, 0x24, 0x0,
    0x40, 0x18, 0x84, 0x3, 0x84, 0x45, 0x3, 0xe0,
    0x15, 0xf7, 0x35, 0xd5, 0x40, 0x14, 0x5d, 0xa9,
    0x54, 0xe0, 0x11, 0xa2, 0x16, 0x96, 0x4, 0x3,
    0xed, 0x3, 0x52, 0x0, 0xeb, 0x2, 0x9d, 0xb8,
    0x79, 0xe3, 0x90, 0xd8, 0x77, 0x43, 0xad, 0xb0,
    0xb, 0xe3, 0x87, 0x5a, 0x0, 0x7f, 0xf0, 0xf2,
    0x0, 0x38,

    /* U+0499 "ҙ" */
    0x7, 0xdf, 0xf5, 0xa0, 0x2, 0x52, 0x61, 0xad,
    0x3, 0xa5, 0x9f, 0x3, 0x40, 0x39, 0xc3, 0x40,
    0x11, 0xfe, 0x96, 0x40, 0x4, 0xee, 0x4b, 0x40,
    0x0, 0x48, 0xd8, 0x91, 0x7a, 0x5d, 0xd6, 0x56,
    0xb2, 0x91, 0x7, 0x97, 0x7, 0xd4, 0x3c, 0x60,
    0xf, 0xe0,

    /* U+049A "Қ" */
    0x4f, 0x50, 0xc, 0x5f, 0x0, 0x1f, 0xbc, 0xe0,
    0x3, 0xe9, 0x2e, 0x0, 0xf9, 0x5a, 0x88, 0x3,
    0x19, 0x1d, 0xb2, 0x80, 0x74, 0xee, 0xc, 0x0,
    0x79, 0xea, 0x42, 0x0, 0x3d, 0xaa, 0xcd, 0x18,
    0x7, 0xe8, 0x1e, 0x0, 0xfc, 0x36, 0x50, 0x1,
    0xf9, 0x54, 0xf4, 0xc0, 0x1f, 0x58, 0x2d, 0xa7,
    0xa8, 0x6, 0x1f, 0x50, 0xf, 0xfe, 0x4f, 0xd8,

    /* U+049B "қ" */
    0x8f, 0x0, 0xd9, 0xa0, 0x1f, 0x39, 0xf8, 0x7,
    0x8e, 0x24, 0x80, 0x30, 0x8b, 0x95, 0x80, 0x3b,
    0xb8, 0x52, 0x1, 0xeb, 0xa1, 0xf0, 0xf, 0x22,
    0xd1, 0xc8, 0x7, 0xc8, 0xed, 0x6c, 0x1, 0xe8,
    0x4, 0x91, 0x8f, 0x0, 0xdf, 0x60, 0x1f, 0xfc,
    0x0,

    /* U+049C "Ҝ" */
    0x4f, 0x50, 0xe, 0xcd, 0x0, 0xfc, 0xc7, 0x20,
    0x1f, 0xc, 0xb2, 0x0, 0x69, 0xa0, 0xa1, 0x90,
    0xc, 0x60, 0x6, 0x4a, 0x0, 0xe9, 0x65, 0x92,
    0x40, 0xe, 0x74, 0x43, 0x12, 0x0, 0x76, 0x90,
    0xc8, 0xc8, 0x7, 0xf5, 0x93, 0x80, 0x74, 0x40,
    0x14, 0xe0, 0x40, 0x30, 0x90, 0x3, 0xc2, 0xc0,
    0x3f, 0x1b, 0x2a, 0x0,

    /* U+049D "ҝ" */
    0x8f, 0x0, 0xd1, 0xe4, 0x1, 0xc4, 0xf0, 0x40,
    0x2, 0xa0, 0x92, 0x70, 0x9, 0x91, 0x53, 0x80,
    0x35, 0x8d, 0x19, 0x80, 0x34, 0x83, 0x9a, 0x80,
    0x65, 0x18, 0x3b, 0x10, 0x8, 0xf8, 0x38, 0x6c,
    0x3, 0xc5, 0xa, 0x80,

    /* U+049E "Ҟ" */
    0x0, 0x75, 0x0, 0x76, 0x68, 0x7, 0xf4, 0x1f,
    0x3, 0xf8, 0xaf, 0xf9, 0x91, 0xe4, 0xc1, 0xb0,
    0x53, 0x30, 0x94, 0x8c, 0x0, 0x13, 0x0, 0x8,
    0xa4, 0x28, 0x3, 0xc9, 0xba, 0x48, 0x10, 0xf,
    0x1d, 0x50, 0xa0, 0x3, 0xe6, 0x55, 0x48, 0xc8,
    0x7, 0xf2, 0x33, 0xc, 0x3, 0xfa, 0x7, 0x80,
    0x3f, 0x86, 0xc9, 0xc0, 0x3f, 0x95, 0x20, 0x80,

    /* U+049F "ҟ" */
    0x3, 0x70, 0xf, 0xd7, 0x0, 0x1f, 0x7b, 0x87,
    0xf9, 0xc0, 0x36, 0xb0, 0x66, 0xb0, 0x6, 0x21,
    0x3, 0x21, 0xc, 0xd0, 0xf, 0xa0, 0xfc, 0x3,
    0xc6, 0xf2, 0x40, 0x18, 0x87, 0x95, 0x80, 0x3b,
    0x78, 0xa4, 0x3, 0xd5, 0x41, 0xf0, 0xf, 0x2a,
    0xa8, 0xe0, 0x3, 0xe4, 0x77, 0x20, 0x7, 0xd0,
    0x74, 0x40,

    /* U+04A0 "Ҡ" */
    0xcf, 0xfc, 0x40, 0x19, 0x3d, 0xa6, 0x20, 0xa0,
    0x1c, 0x34, 0xac, 0xae, 0xec, 0x0, 0xea, 0x3a,
    0x0, 0xfe, 0x74, 0xe0, 0xf, 0x98, 0x92, 0x20,
    0x60, 0x1f, 0x5e, 0xd8, 0xb8, 0x7, 0xe8, 0xa7,
    0x17, 0x0, 0xfc, 0xaa, 0x84, 0x81, 0x0, 0xff,
    0x48, 0x50, 0x7, 0xf8, 0xa1, 0x14, 0x3, 0xfc,
    0xe7, 0x62, 0x1, 0xfe, 0xe1, 0xb0,

    /* U+04A1 "ҡ" */
    0xff, 0xc6, 0x1, 0x57, 0xd, 0x4b, 0x0, 0x65,
    0x55, 0xa, 0xb6, 0x0, 0x43, 0x6c, 0x80, 0x1c,
    0xe3, 0x47, 0x20, 0x1e, 0xbe, 0x48, 0x0, 0xfa,
    0x6c, 0xac, 0x40, 0x3c, 0xa9, 0xe3, 0x40, 0x1f,
    0x8a, 0x91, 0xc0, 0x3f, 0x2b, 0x41, 0x80,

    /* U+04A2 "Ң" */
    0x4f, 0x50, 0xe, 0x3f, 0x60, 0xf, 0xfe, 0xf9,
    0x91, 0x73, 0x0, 0x7a, 0x77, 0x7a, 0x80, 0x3c,
    0xf5, 0x5d, 0x0, 0x1e, 0xd5, 0x5e, 0x40, 0xf,
    0xfe, 0xd3, 0x85, 0xb8, 0x7, 0xf1, 0x1, 0x41,
    0x27, 0xa8, 0x7, 0x37, 0xd0, 0x7, 0xff, 0x35,
    0xdc, 0x60,

    /* U+04A3 "ң" */
    0x8f, 0x0, 0xc5, 0xec, 0x1, 0xff, 0xcb, 0x11,
    0xe0, 0xe, 0xee, 0xd8, 0x1, 0xd7, 0x7a, 0x40,
    0x39, 0x13, 0x80, 0x3f, 0x84, 0x29, 0x0, 0x3c,
    0xe0, 0x7f, 0x1e, 0x1, 0x93, 0xd0, 0x3, 0xfe,

    /* U+04A4 "Ҥ" */
    0x4f, 0x50, 0xe, 0x6f, 0xff, 0x88, 0x3, 0xfe,
    0x88, 0xe3, 0x0, 0xff, 0x1b, 0xbf, 0x8, 0x7,
    0xff, 0x1c, 0xc8, 0xb8, 0x40, 0x3f, 0xd3, 0xbb,
    0xd0, 0x1, 0xfe, 0x7a, 0xae, 0x60, 0xf, 0xf6,
    0xaa, 0xf7, 0x80, 0x7f, 0xff, 0xc0,

    /* U+04A5 "ҥ" */
    0x8f, 0x0, 0xc9, 0xff, 0xe1, 0x0, 0xfe, 0x99,
    0xc2, 0x1, 0xf8, 0xd9, 0xb0, 0x4, 0x23, 0xc0,
    0x1f, 0xdd, 0xda, 0x80, 0x3f, 0xae, 0xf3, 0x80,
    0x7f, 0x22, 0x6c, 0x0, 0xff, 0xeb, 0x80,

    /* U+04A6 "Ҧ" */
    0x4f, 0xff, 0xe6, 0x0, 0xfe, 0x58, 0x8e, 0x70,
    0xf, 0xfb, 0xdd, 0xfa, 0x80, 0x3f, 0xfd, 0x7d,
    0x17, 0x92, 0x40, 0x1f, 0xfc, 0x7, 0x61, 0x67,
    0xd5, 0x0, 0xff, 0x9b, 0xaa, 0x9c, 0x74, 0x20,
    0x1f, 0xef, 0x0, 0xd0, 0xe, 0x1, 0xff, 0xc3,
    0x50, 0x10, 0xf, 0xfe, 0x19, 0x80, 0x80, 0x7f,
    0xf0, 0xe8, 0x11, 0x1e, 0xa0, 0x1c, 0x5e, 0xc0,
    0x13, 0x3a, 0x10, 0x7, 0xff, 0x2, 0xfe, 0x52,
    0xc0, 0x3f, 0xf8, 0x3f, 0x39, 0x60, 0x0,

    /* U+04A7 "ҧ" */
    0x8f, 0xff, 0x88, 0x3, 0xf4, 0xce, 0x50, 0xf,
    0xf3, 0x36, 0xc0, 0xf, 0xfe, 0x9d, 0x5e, 0xda,
    0x0, 0x7f, 0x98, 0x51, 0xad, 0x80, 0x3f, 0xb2,
    0xa7, 0x4e, 0x40, 0x3f, 0xf8, 0x32, 0x6, 0x1,
    0xff, 0xc0, 0x10, 0x4, 0x78, 0x6, 0x6f, 0x20,
    0xb, 0x40, 0x80, 0x3f, 0x84, 0x9d, 0x98, 0x20,
    0x1f, 0xd9, 0xb0, 0xb2, 0x1, 0xfe, 0x9a, 0xda,
    0x0, 0x0,

    /* U+04A8 "Ҩ" */
    0x0, 0xad, 0xc0, 0x5, 0x5d, 0xf6, 0x60, 0x1a,
    0xd0, 0xc0, 0xf5, 0x1d, 0x97, 0xc, 0x0, 0xa9,
    0x8, 0x1e, 0x3f, 0x32, 0xc0, 0xe0, 0x7, 0x3,
    0x81, 0x1b, 0x8, 0x0, 0x9c, 0x88, 0x8, 0xa0,
    0x7, 0xd, 0x0, 0xda, 0xc, 0x20, 0x40, 0x18,
    0x40, 0x3e, 0x10, 0x10, 0x3, 0x1, 0x0, 0x62,
    0x6, 0x2, 0x40, 0x1, 0x86, 0x0, 0x6b, 0x32,
    0xa, 0x24, 0x0, 0x32, 0x90, 0x1, 0xe, 0x40,
    0xe, 0x54, 0x61, 0x25, 0xe4, 0x74, 0xca, 0x1,
    0x79, 0xe5, 0x2d, 0x96, 0xe1, 0x6a, 0x98, 0x0,
    0xb6, 0x5a, 0xe4, 0x98, 0xcd, 0x76, 0x60,

    /* U+04A9 "ҩ" */
    0x0, 0x4d, 0x0, 0x23, 0xbf, 0x10, 0x0, 0xed,
    0xe1, 0x4e, 0xe9, 0x1b, 0x30, 0x94, 0x51, 0x57,
    0x96, 0xc0, 0x92, 0x1d, 0x5, 0xb, 0x0, 0xa,
    0x30, 0x81, 0x80, 0x7c, 0xee, 0x20, 0xd0, 0x50,
    0x40, 0x0, 0x9e, 0x8a, 0xb1, 0xb, 0x48, 0x84,
    0x13, 0x5, 0x9e, 0xc6, 0x1f, 0xdb, 0x5a, 0x0,
    0xeb, 0xad, 0x11, 0x1c, 0x23, 0xc0,

    /* U+04AA "Ҫ" */
    0x0, 0x86, 0x37, 0xfa, 0xd4, 0x3, 0x27, 0x3b,
    0x3b, 0x9a, 0xa8, 0x0, 0x2b, 0x2d, 0xb8, 0x9d,
    0x8c, 0x0, 0x40, 0x79, 0x0, 0x67, 0x60, 0x2,
    0xa1, 0x0, 0x7e, 0x20, 0xc0, 0xf, 0xfe, 0x49,
    0x6, 0x0, 0x7f, 0x95, 0x8, 0x3, 0xfa, 0x3,
    0xc8, 0x3, 0x3b, 0x0, 0xa, 0xcb, 0x6e, 0x27,
    0x63, 0x0, 0x24, 0xe6, 0x57, 0x66, 0x55, 0x0,
    0x30, 0xcf, 0x84, 0xda, 0x80, 0x7f, 0xf1, 0xc5,
    0xd4, 0x3, 0x0,

    /* U+04AB "ҫ" */
    0x0, 0x15, 0x77, 0xe2, 0x0, 0xf, 0x51, 0xa0,
    0x2d, 0x43, 0x8b, 0xe1, 0xf2, 0x10, 0x89, 0x62,
    0x1, 0x38, 0xb0, 0x10, 0x7, 0x98, 0x8, 0x3,
    0xc4, 0x4b, 0x10, 0x9, 0x84, 0x38, 0xbe, 0x1f,
    0x25, 0x0, 0xf5, 0x1e, 0x2, 0xd4, 0x0, 0x54,
    0x87, 0x88, 0x1, 0xfe,

    /* U+04AC "Ҭ" */
    0xcf, 0xff, 0xcf, 0x31, 0x10, 0x1c, 0x44, 0x8a,
    0xef, 0x2, 0xbb, 0xc6, 0x1, 0xff, 0xff, 0x67,
    0x20, 0xf, 0xd0, 0xe0, 0x1e, 0xfd, 0x0, 0xff,
    0xe3, 0x9b, 0xb8, 0x0,

    /* U+04AD "ҭ" */
    0xff, 0xfb, 0x66, 0x61, 0x29, 0x94, 0x33, 0x46,
    0xcd, 0x28, 0x7, 0xff, 0x61, 0xd4, 0x3, 0xc7,
    0x40, 0x1d, 0xb2, 0x1, 0xff, 0x0,

    /* U+04AE "Ү" */
    0x9f, 0x20, 0xe, 0x4f, 0x48, 0x8, 0x0, 0xe9,
    0x44, 0xc, 0x29, 0x80, 0x4e, 0x52, 0x0, 0x72,
    0xf0, 0x0, 0xcb, 0x10, 0x5, 0x6, 0xa1, 0x1,
    0x0, 0x19, 0x4e, 0xcd, 0xa4, 0x40, 0x3b, 0xc7,
    0x9, 0xc0, 0x3c, 0x6a, 0x12, 0x1, 0xfb, 0x41,
    0x80, 0x3f, 0xfb, 0x20,

    /* U+04AF "ү" */
    0xbe, 0x0, 0xe9, 0xd0, 0xf1, 0x50, 0x8, 0x5a,
    0x81, 0xa, 0x40, 0x26, 0x6, 0x0, 0x51, 0x90,
    0x2, 0x98, 0x40, 0xe, 0x16, 0x8, 0x54, 0x1,
    0x99, 0x81, 0xe6, 0x60, 0xd, 0x61, 0x9, 0x20,
    0x1c, 0x46, 0xe2, 0xa0, 0x1e, 0x90, 0x60, 0xf,
    0x98, 0x34, 0x3, 0xff, 0x98,

    /* U+04B0 "Ұ" */
    0x9f, 0x20, 0xe, 0x4f, 0x48, 0x8, 0x0, 0xe9,
    0x44, 0xc, 0x2a, 0x0, 0x4e, 0x52, 0x0, 0x72,
    0x90, 0x0, 0xc3, 0x90, 0x5, 0x24, 0xc1, 0x63,
    0x20, 0x19, 0x11, 0x8, 0xb0, 0x20, 0x1d, 0x23,
    0x64, 0xc0, 0x18, 0x7f, 0x40, 0x5, 0xf6, 0x1,
    0xe, 0xe9, 0xc2, 0xf6, 0x40, 0x31, 0x13, 0xc1,
    0x88, 0x80, 0x1f, 0xfc, 0xc0,

    /* U+04B1 "ұ" */
    0xbe, 0x0, 0xe9, 0xd0, 0xf1, 0x50, 0x8, 0x5a,
    0x81, 0xa, 0x40, 0x26, 0x6, 0x0, 0x59, 0x90,
    0x2, 0x58, 0x40, 0xc, 0x16, 0xa, 0x36, 0x1,
    0x99, 0x83, 0x28, 0x40, 0x1a, 0xc2, 0xcf, 0xc0,
    0x38, 0x91, 0x49, 0x0, 0x36, 0xfa, 0x1, 0x7f,
    0x80, 0x2f, 0xda, 0x8, 0xdd, 0x0, 0x44, 0x46,
    0x2, 0x28, 0x3, 0xff, 0x80,

    /* U+04B2 "Ҳ" */
    0x2f, 0xb0, 0xc, 0x5f, 0x80, 0x2, 0x84, 0x60,
    0xb, 0x83, 0x80, 0x27, 0x39, 0x10, 0x63, 0x82,
    0x0, 0xde, 0x14, 0x52, 0x6e, 0x1, 0xc6, 0xe9,
    0x81, 0xc0, 0x1f, 0x41, 0xb, 0x90, 0x7, 0xc4,
    0x40, 0x40, 0xf, 0xd2, 0xa, 0x6e, 0x1, 0xe6,
    0x48, 0xa3, 0x82, 0x0, 0xc3, 0x26, 0xe1, 0xc1,
    0xc0, 0x1a, 0x83, 0x80, 0x5, 0x7, 0xce, 0xc,
    0x90, 0x40, 0x13, 0x80, 0xc0, 0xb7, 0xb8, 0x7,
    0x7c, 0x80, 0x7f, 0xf2, 0xd5, 0xc4,

    /* U+04B3 "ҳ" */
    0x5f, 0x50, 0xa, 0xb8, 0x41, 0x5a, 0x88, 0x19,
    0x68, 0x40, 0x12, 0x5c, 0x52, 0xe8, 0x1, 0xb8,
    0xf4, 0xe0, 0x3, 0x8d, 0x2, 0x40, 0x3c, 0xa8,
    0x56, 0x20, 0x18, 0x6d, 0x70, 0x28, 0x3, 0x69,
    0xd0, 0xd2, 0x63, 0xb, 0x9f, 0x0, 0x10, 0x8e,
    0x49, 0xfc, 0xc0, 0x2d, 0xd0, 0x7, 0xff, 0x0,

    /* U+04B4 "Ҵ" */
    0xcf, 0xff, 0xc0, 0x1, 0xf7, 0x0, 0x4c, 0x44,
    0x7, 0x11, 0x0, 0x7c, 0xae, 0xf0, 0x33, 0xbc,
    0x1, 0xff, 0xff, 0x0, 0xff, 0xf2, 0xb3, 0xbf,
    0x48, 0x63, 0x88, 0x7, 0x1c, 0x47, 0x38, 0x24,
    0x10, 0x6, 0xff, 0xfe, 0xb0, 0xf, 0xfe, 0x9b,
    0x39, 0x0,

    /* U+04B5 "ҵ" */
    0xef, 0xff, 0x18, 0x7c, 0x5, 0xcc, 0x84, 0xa6,
    0x44, 0x1, 0x95, 0x98, 0x6c, 0xd0, 0x80, 0x7f,
    0xfb, 0x19, 0xb8, 0xd, 0x0, 0x31, 0x4c, 0xe0,
    0x48, 0x0, 0xb7, 0xff, 0xc8, 0x1, 0xff, 0x13,
    0x80,

    /* U+04B6 "Ҷ" */
    0x6f, 0x20, 0xe, 0xdb, 0x0, 0xff, 0xee, 0x8,
    0x7, 0xf2, 0x85, 0x80, 0x7f, 0x19, 0x3c, 0x19,
    0x96, 0x88, 0x3, 0x79, 0xbe, 0x62, 0x9c, 0x3,
    0x8b, 0x36, 0xed, 0xda, 0x40, 0x1e, 0x24, 0x40,
    0x80, 0x7f, 0xf0, 0x49, 0x1c, 0xc0, 0x3f, 0xd0,
    0x80, 0x1f, 0xbf, 0xc0, 0x1f, 0xfc, 0xc7, 0x40,

    /* U+04B7 "ҷ" */
    0x5f, 0x30, 0x9, 0x3d, 0x0, 0x3f, 0xf9, 0x22,
    0xe, 0x1, 0xf2, 0x84, 0x18, 0xa7, 0x0, 0x43,
    0x45, 0x9d, 0x6c, 0x1, 0x97, 0xb7, 0x3e, 0x0,
    0x3c, 0x46, 0x4, 0x1c, 0x60, 0x1e, 0xf0, 0x5a,
    0x0, 0xf4, 0xf9, 0x0, 0x7f, 0xc0,

    /* U+04B8 "Ҹ" */
    0x7f, 0x20, 0xe, 0xdb, 0x0, 0xff, 0xe4, 0x8,
    0x7, 0xfc, 0xc0, 0xd8, 0x1, 0x90, 0x3c, 0x3,
    0x9, 0x81, 0x32, 0x75, 0x96, 0xf0, 0x80, 0x26,
    0x4a, 0x62, 0xf4, 0x20, 0x13, 0x5c, 0x1d, 0x29,
    0x80, 0x7f, 0xf0, 0xdf, 0x80, 0x3f, 0x9, 0x0,
    0x60,

    /* U+04B9 "ҹ" */
    0x5f, 0x30, 0x9, 0x3c, 0xc0, 0x3f, 0xf8, 0xc2,
    0xc, 0x3e, 0x20, 0x12, 0x8d, 0xb8, 0x3c, 0x0,
    0x6, 0x8e, 0x42, 0xdc, 0x2, 0x4d, 0xe0, 0xcf,
    0x0, 0xe1, 0x31, 0x0, 0xfb, 0x0, 0x30,

    /* U+04BA "Һ" */
    0x4f, 0x50, 0xf, 0xfe, 0xa0, 0x80, 0x7b, 0xf3,
    0xfb, 0xf5, 0x0, 0x25, 0x68, 0xa7, 0x2b, 0x30,
    0x5, 0x51, 0xd6, 0x34, 0x24, 0x3, 0xe2, 0x37,
    0x0, 0xfc, 0xc6, 0x1, 0xff, 0xd2,

    /* U+04BB "һ" */
    0x37, 0x0, 0xfa, 0xe0, 0x3, 0xff, 0x9e, 0x77,
    0xfe, 0xb2, 0x0, 0xb1, 0xdc, 0xc9, 0x80, 0x13,
    0x64, 0x4c, 0x85, 0x40, 0x16, 0x1, 0x38, 0x10,
    0x0, 0x80, 0x21, 0xf, 0x0, 0xff, 0xec, 0x0,

    /* U+04BC "Ҽ" */
    0x0, 0xf2, 0x5f, 0x7f, 0x51, 0x0, 0x7e, 0x9b,
    0x57, 0x72, 0x23, 0x58, 0x0, 0x56, 0x60, 0xec,
    0xce, 0x98, 0xaf, 0x49, 0x40, 0x54, 0x20, 0x93,
    0x90, 0xc, 0x36, 0x30, 0x4, 0xc, 0xa3, 0x62,
    0x3f, 0x21, 0x8a, 0xa4, 0x50, 0x47, 0x77, 0xca,
    0x6, 0x17, 0x90, 0xd, 0x77, 0xfc, 0x40, 0x3,
    0x60, 0x34, 0x4f, 0xe0, 0xc, 0x28, 0xa4, 0x1,
    0xff, 0xc1, 0x90, 0xf2, 0x0, 0x86, 0xdc, 0x3,
    0xc5, 0x45, 0xb5, 0x15, 0xc9, 0xc0, 0x1f, 0x2e,
    0xb2, 0x3a, 0x2e, 0x48, 0x0,

    /* U+04BD "ҽ" */
    0x0, 0xc3, 0x3d, 0xfa, 0xc0, 0x1, 0x10, 0xe,
    0x33, 0x25, 0xe6, 0x41, 0x38, 0x10, 0x5b, 0xd,
    0x50, 0xc6, 0x20, 0x2e, 0xa4, 0x1, 0x38, 0x5d,
    0x1f, 0xa, 0xff, 0xf0, 0x11, 0xf6, 0x82, 0x6e,
    0xfa, 0xc0, 0x4, 0xa8, 0x24, 0x58, 0x4, 0x2,
    0xb2, 0xc9, 0x78, 0xdf, 0x0, 0xc3, 0x8e, 0x90,
    0xcf, 0xe0,

    /* U+04BE "Ҿ" */
    0x0, 0xf2, 0x5f, 0x7f, 0x51, 0x0, 0x7e, 0x9b,
    0x57, 0x72, 0x23, 0x58, 0x0, 0x56, 0x60, 0xec,
    0xce, 0x98, 0xaf, 0x49, 0x40, 0x54, 0x20, 0x93,
    0x90, 0xc, 0x36, 0x30, 0x4, 0xc, 0xa3, 0x62,
    0x3f, 0x21, 0x8a, 0xa4, 0x50, 0x47, 0x77, 0xca,
    0x6, 0x17, 0x90, 0xd, 0x77, 0xfc, 0x40, 0x3,
    0x60, 0x34, 0x4f, 0xe0, 0xc, 0x28, 0xa4, 0x1,
    0xff, 0xc1, 0x90, 0xf2, 0x0, 0x86, 0xdc, 0x3,
    0xc5, 0x45, 0xb5, 0x15, 0xc9, 0xc0, 0x1f, 0x2e,
    0xb2, 0xba, 0xab, 0x24, 0x3, 0xf1, 0x4e, 0x5,
    0xd1, 0x80, 0x7f, 0xf3, 0xc9, 0xd8, 0x3, 0x80,

    /* U+04BF "ҿ" */
    0x0, 0xc3, 0x3d, 0xfa, 0xc0, 0x1, 0x10, 0xe,
    0x33, 0x25, 0xe6, 0x41, 0x38, 0x10, 0x5b, 0xd,
    0x50, 0xc6, 0x20, 0x2e, 0xa4, 0x1, 0x38, 0x5d,
    0x1f, 0xa, 0xff, 0xf0, 0x11, 0xf6, 0x82, 0x6e,
    0xfa, 0xc0, 0x4, 0xa8, 0x24, 0x58, 0x4, 0x2,
    0xb2, 0xc9, 0x78, 0xdf, 0x0, 0xc3, 0x8e, 0xd0,
    0xee, 0xf0, 0xe, 0x18, 0xb0, 0xda, 0x20, 0xf,
    0xfe, 0x8,

    /* U+04C0 "Ӏ" */
    0x4f, 0x50, 0xf, 0xfe, 0xa8,

    /* U+04C1 "Ӂ" */
    0x0, 0xe6, 0xd1, 0x6, 0xd0, 0xf, 0xf9, 0x97,
    0x3a, 0xb8, 0x3, 0xff, 0x81, 0x1b, 0xd8, 0x60,
    0x1e, 0x2f, 0x90, 0xd, 0x1e, 0x1, 0x8b, 0xe4,
    0xa, 0x18, 0xc0, 0x3f, 0xb8, 0x64, 0x0, 0xe5,
    0xe0, 0x1f, 0x98, 0xe8, 0x3, 0x71, 0xb8, 0x7,
    0x86, 0x15, 0x0, 0x31, 0xb4, 0x19, 0x8, 0x11,
    0x2c, 0x6c, 0x3, 0xd6, 0x19, 0xac, 0x1b, 0xa5,
    0x61, 0x0, 0xf5, 0x84, 0xd2, 0x5, 0x50, 0xd8,
    0x40, 0x38, 0xd9, 0x59, 0x4c, 0x15, 0x5e, 0x16,
    0x1, 0xd0, 0x10, 0x1, 0xe3, 0x55, 0x18, 0x4,
    0x88, 0x72, 0x0, 0xfa, 0x3, 0xc0, 0x29, 0x19,
    0x0, 0xfc, 0x4e, 0x6a, 0xc, 0x52, 0x20, 0x1f,
    0xd2, 0x30, 0x0,

    /* U+04C2 "ӂ" */
    0x0, 0xca, 0x40, 0x6, 0x20, 0xf, 0xdb, 0x0,
    0x72, 0x60, 0x1f, 0xa0, 0x3b, 0x94, 0x20, 0x1f,
    0xd5, 0xda, 0xa0, 0x1c, 0x9e, 0xa0, 0x17, 0xc0,
    0x5, 0x9a, 0x8, 0xb6, 0x1, 0xf3, 0x1c, 0x80,
    0x2c, 0x60, 0x3, 0xd0, 0xa8, 0x0, 0x18, 0x73,
    0x10, 0x11, 0x48, 0xd8, 0x6, 0x70, 0xce, 0x6,
    0xe6, 0x51, 0x0, 0xd0, 0x13, 0x60, 0xb6, 0x8a,
    0x40, 0x11, 0xbb, 0x31, 0x0, 0x92, 0x87, 0x80,
    0x2e, 0x18, 0x0, 0xe1, 0x83, 0x60, 0x72, 0xb1,
    0x0, 0xf3, 0x1c, 0x88,

    /* U+04C3 "Ӄ" */
    0x4f, 0x50, 0xc, 0x7f, 0x0, 0x1f, 0xb8, 0xe0,
    0x3, 0xe9, 0x2e, 0x0, 0xf9, 0x5a, 0x88, 0x3,
    0x19, 0x1d, 0xb2, 0x80, 0x74, 0xee, 0xd, 0x80,
    0x79, 0xea, 0x43, 0xc0, 0x3d, 0xaa, 0xd4, 0x56,
    0x1, 0xf9, 0x61, 0x1c, 0x3, 0xf3, 0xa4, 0x10,
    0x7, 0xe9, 0x8, 0x0, 0xfc, 0x46, 0xa0, 0x9e,
    0xa0, 0x1c, 0xe0, 0x1f, 0x14, 0x41, 0xc, 0x3,
    0xc2, 0xae, 0x9c, 0x0,

    /* U+04C4 "ӄ" */
    0x8f, 0x0, 0xd9, 0xa0, 0x1e, 0x73, 0xf0, 0xe,
    0x38, 0x92, 0x0, 0x84, 0x5c, 0x8c, 0x1, 0xbb,
    0x85, 0xc0, 0x1d, 0x76, 0x4a, 0x40, 0xc, 0x88,
    0xb3, 0xa1, 0x0, 0xf6, 0x8c, 0x0, 0x78, 0x59,
    0x81, 0x1e, 0x1, 0xb8, 0x4, 0x3, 0x3b, 0x50,
    0x88, 0x2, 0x1b, 0x90, 0xd0,

    /* U+04C5 "Ӆ" */
    0x0, 0xbf, 0xfe, 0xe0, 0xf, 0x2c, 0x46, 0x20,
    0xe, 0x10, 0xf7, 0x7e, 0x0, 0xf8, 0x40, 0x3f,
    0xc6, 0x1, 0xff, 0xc0, 0x10, 0x70, 0xf, 0xf3,
    0x80, 0x80, 0x7f, 0x84, 0x8, 0x3, 0xfd, 0xa2,
    0x1, 0xff, 0x2a, 0x80, 0x3f, 0x96, 0x8b, 0x80,
    0x3e, 0x63, 0x95, 0x75, 0x0, 0xf0, 0xcb, 0xe7,
    0xc0, 0x7, 0xaa, 0x41, 0x0, 0x3f, 0xd8, 0xa0,
    0x1f, 0xf6, 0xf0, 0x0,

    /* U+04C6 "ӆ" */
    0x0, 0x67, 0xff, 0x60, 0x6, 0x14, 0x99, 0x88,
    0x3, 0xc6, 0xcd, 0x8, 0x7, 0x1f, 0x80, 0x7f,
    0x8, 0x80, 0x3f, 0x8, 0x10, 0x7, 0xe5, 0x5,
    0x0, 0xf9, 0x24, 0x84, 0x3, 0xa, 0x85, 0x1c,
    0x80, 0x71, 0x40, 0x77, 0x10, 0x3, 0x62, 0x20,
    0x3, 0xf9, 0xb4, 0x0,

    /* U+04C7 "Ӈ" */
    0x4f, 0x50, 0xe, 0x3f, 0x50, 0xf, 0xfe, 0xb9,
    0x91, 0x73, 0x0, 0x69, 0xdd, 0xea, 0x0, 0xcf,
    0x55, 0xd0, 0x1, 0xb5, 0x57, 0x90, 0x3, 0xff,
    0xc4, 0x9e, 0xa0, 0x1c, 0xe0, 0x1f, 0x88, 0x34,
    0x18, 0x3, 0x87, 0x7d, 0x94, 0xc0, 0x38, 0x76,
    0xae, 0x80,

    /* U+04C8 "ӈ" */
    0x8f, 0x0, 0xef, 0x70, 0xf, 0xfe, 0x40, 0x8e,
    0x20, 0xd, 0xdd, 0xb4, 0x3, 0x5d, 0xea, 0x0,
    0xc8, 0x99, 0x40, 0x3f, 0xf9, 0x11, 0xe0, 0x18,
    0x40, 0x40, 0x33, 0x32, 0x81, 0x40, 0x36, 0x4a,
    0xc9, 0x80,

    /* U+04C9 "Ӊ" */
    0x4f, 0x50, 0xe, 0x3f, 0x60, 0xf, 0xfe, 0xf9,
    0x91, 0x73, 0x0, 0x7a, 0x77, 0x7a, 0x80, 0x3c,
    0xf5, 0x5d, 0x0, 0x1e, 0xd5, 0x5e, 0x40, 0xf,
    0xff, 0x4c, 0xf0, 0x27, 0xa8, 0x7, 0x1f, 0x8b,
    0x80, 0x7f, 0x84, 0x58, 0x1, 0xfe, 0x50, 0x50,

    /* U+04CA "ӊ" */
    0x8f, 0x0, 0xc5, 0xec, 0x1, 0xff, 0xcb, 0x11,
    0xe0, 0xe, 0xee, 0xd8, 0x1, 0xd7, 0x7a, 0x40,
    0x39, 0x13, 0x80, 0x3f, 0xef, 0x30, 0xf, 0xcd,
    0x71, 0xe0, 0x18, 0xb8, 0x2c, 0x3, 0xe5, 0x3,

    /* U+04CB "Ӌ" */
    0x3f, 0x60, 0xe, 0x9f, 0x0, 0xff, 0xe4, 0x8,
    0x8, 0x7, 0xc6, 0x18, 0x1, 0xf0, 0xa2, 0x24,
    0xc9, 0x21, 0xc0, 0x14, 0xad, 0x9b, 0x6c, 0x60,
    0x1, 0xae, 0xcb, 0xde, 0x40, 0xc, 0x26, 0x84,
    0x1, 0xff, 0xc7, 0x47, 0x50, 0xf, 0xb2, 0xc,
    0x3, 0xfb, 0xfc, 0x1, 0xff, 0xc4, 0xc8, 0x0,
    0x0,

    /* U+04CC "ӌ" */
    0x6f, 0x20, 0x9, 0x7c, 0xc0, 0x3f, 0x8c, 0x3,
    0xf0, 0x83, 0x0, 0x79, 0x42, 0xc, 0x53, 0x80,
    0x3, 0x45, 0x9d, 0x6c, 0x1, 0x2f, 0x6e, 0x7c,
    0x0, 0x71, 0x19, 0x88, 0x3, 0xef, 0x80, 0xf,
    0xcb, 0xe6, 0x1, 0xfc,

    /* U+04CD "Ӎ" */
    0x4f, 0x50, 0xf, 0xdd, 0x40, 0x1a, 0x0, 0x3e,
    0x71, 0x0, 0xe2, 0x60, 0xf, 0x48, 0x7, 0x86,
    0x0, 0x39, 0xc4, 0x3, 0xd2, 0x2e, 0x1, 0xc,
    0x38, 0x80, 0x71, 0xb4, 0x80, 0x52, 0x30, 0x1,
    0xf4, 0xc, 0x0, 0xbc, 0x80, 0x7e, 0x17, 0x70,
    0xc0, 0xb8, 0x7, 0xf4, 0x8d, 0xb4, 0x0, 0x7f,
    0x86, 0x54, 0x98, 0x3, 0xfe, 0x71, 0x80, 0xf,
    0xfe, 0xf, 0x28, 0x6, 0x5f, 0x44, 0x7a, 0x0,
    0x7e, 0xe8, 0x4, 0x0, 0xff, 0xe0, 0x62, 0x0,
    0x7f, 0xf0, 0x57, 0x40,

    /* U+04CE "ӎ" */
    0x8f, 0x50, 0xe, 0x7f, 0x40, 0xa, 0x0, 0x30,
    0xc8, 0x7, 0x13, 0x0, 0x52, 0x1, 0xc2, 0xf0,
    0x0, 0x27, 0x80, 0xe, 0x80, 0x80, 0x84, 0x40,
    0x7, 0xa1, 0xd5, 0x52, 0x1, 0xf3, 0x15, 0x31,
    0x0, 0x7e, 0x91, 0x80, 0x8, 0xcc, 0x1, 0x93,
    0x84, 0x2, 0x8b, 0x8e, 0x0, 0xf1, 0x70, 0x60,
    0x7, 0xf2, 0x82, 0x0,

    /* U+04CF "ӏ" */
    0x37, 0xb, 0x80, 0xf, 0xfe, 0xb0,

    /* U+04D0 "Ӑ" */
    0x0, 0xa2, 0xc0, 0x13, 0x60, 0x1e, 0x91, 0xee,
    0x14, 0x80, 0x78, 0x6b, 0xb9, 0x64, 0x1, 0xfb,
    0xbc, 0x40, 0x3f, 0x28, 0x83, 0x0, 0x7e, 0x93,
    0x59, 0x0, 0xf8, 0xcd, 0x5c, 0x2a, 0x1, 0xe9,
    0x6, 0x41, 0x90, 0xe, 0x15, 0x60, 0x4, 0x99,
    0x0, 0x66, 0xa, 0x0, 0x30, 0x58, 0x6, 0x92,
    0x20, 0x88, 0x11, 0x84, 0x0, 0xa2, 0x5d, 0xd9,
    0x1, 0x80, 0x12, 0x37, 0x7e, 0x2a, 0x2, 0x36,
    0x44, 0xf5, 0x92, 0x58, 0x48, 0x7, 0x98, 0x7c,

    /* U+04D1 "ӑ" */
    0x0, 0x30, 0x80, 0x1c, 0x3, 0x64, 0x82, 0xc8,
    0x6, 0x83, 0xe8, 0xa0, 0xc, 0x57, 0xda, 0x80,
    0x11, 0x57, 0x7e, 0xc0, 0x5, 0xce, 0xd0, 0xcf,
    0x20, 0xe, 0xd8, 0x7b, 0x56, 0x0, 0x10, 0x6,
    0xc0, 0x10, 0x3b, 0xef, 0xf4, 0x81, 0x86, 0x3d,
    0x6e, 0xa0, 0x0, 0x61, 0x28, 0x44, 0xf0, 0x1,
    0x8c, 0x2a, 0x43, 0x80, 0x5a, 0xd5, 0x65, 0x20,
    0x0,

    /* U+04D2 "Ӓ" */
    0x0, 0xd2, 0x21, 0x22, 0x1, 0xe1, 0x72, 0x23,
    0x90, 0x7, 0x87, 0x8c, 0xb8, 0xc0, 0x3f, 0x77,
    0x88, 0x7, 0xe5, 0x10, 0x60, 0xf, 0xd2, 0x6b,
    0x20, 0x1f, 0x19, 0xab, 0x85, 0x40, 0x3d, 0x20,
    0xc8, 0x32, 0x1, 0xc2, 0xac, 0x0, 0x93, 0x20,
    0xc, 0xc1, 0x40, 0x6, 0xb, 0x0, 0xd2, 0x44,
    0x11, 0x2, 0x30, 0x80, 0x14, 0x4b, 0xbb, 0x20,
    0x30, 0x2, 0x46, 0xef, 0xc5, 0x40, 0x46, 0xc8,
    0x9e, 0xb2, 0x4b, 0x9, 0x0, 0xf3, 0xf, 0x80,

    /* U+04D3 "ӓ" */
    0x0, 0x3d, 0x83, 0xd8, 0x6, 0x3c, 0x2, 0xc0,
    0xc, 0x8e, 0xa, 0xe0, 0x11, 0x57, 0x7e, 0xc0,
    0x5, 0xce, 0xd0, 0xcf, 0x20, 0xe, 0xd8, 0x7b,
    0x56, 0x0, 0x10, 0x6, 0xc0, 0x10, 0x3b, 0xef,
    0xf4, 0x81, 0x86, 0x3d, 0x6e, 0xa0, 0x0, 0x61,
    0x28, 0x44, 0xf0, 0x1, 0x8c, 0x2a, 0x43, 0x80,
    0x5a, 0xd5, 0x65, 0x20, 0x0,

    /* U+04D4 "Ӕ" */
    0x0, 0xf4, 0x7f, 0xfe, 0xc0, 0xe, 0x17, 0x40,
    0x48, 0x8e, 0x90, 0xe, 0x81, 0x80, 0xc7, 0x7e,
    0x50, 0xc, 0x4d, 0x22, 0x1, 0xff, 0xc0, 0x91,
    0x70, 0x8, 0x47, 0x80, 0x32, 0x22, 0x0, 0x28,
    0xee, 0xe1, 0x0, 0xa4, 0x98, 0x2, 0x6b, 0xbe,
    0x10, 0x3, 0x15, 0x8, 0xc1, 0xc8, 0x9c, 0x1,
    0x40, 0x47, 0x73, 0x0, 0x3f, 0xa0, 0x66, 0xee,
    0xa0, 0xf, 0xc2, 0xea, 0xc8, 0x93, 0x86, 0x3b,
    0xfa, 0x2, 0xc0, 0x3c, 0x91, 0x1e,

    /* U+04D5 "ӕ" */
    0x2, 0xae, 0xfe, 0x80, 0x3b, 0xfe, 0xa2, 0x0,
    0xb9, 0xda, 0x15, 0xef, 0x1e, 0x19, 0x30, 0x40,
    0x1d, 0xb0, 0xf6, 0xa8, 0x78, 0xf1, 0xe1, 0x60,
    0x2, 0x0, 0xd8, 0x10, 0x1, 0xb, 0x28, 0x0,
    0xef, 0xbf, 0xd2, 0x17, 0xff, 0x9c, 0x4, 0x30,
    0x2b, 0x74, 0xe1, 0x3b, 0xbe, 0x13, 0xe, 0x42,
    0x28, 0x34, 0x8b, 0x1, 0x1, 0x8d, 0xbb, 0xad,
    0x5d, 0x36, 0x1e, 0xb5, 0x0, 0x18, 0xb3, 0xf,
    0x71, 0x8c, 0xc8, 0x79, 0x40,

    /* U+04D6 "Ӗ" */
    0x0, 0x72, 0x80, 0xea, 0x80, 0x55, 0x3d, 0x8a,
    0xa0, 0x9, 0x33, 0xb6, 0x0, 0x9, 0xff, 0xf5,
    0x0, 0x16, 0x23, 0xb8, 0x1, 0xee, 0xfc, 0x80,
    0x1f, 0xf1, 0x88, 0xf0, 0x5, 0x3d, 0xdc, 0x1,
    0x3d, 0xdf, 0x0, 0x5a, 0x89, 0xc0, 0x1f, 0xfc,
    0x9f, 0x77, 0xe6, 0x0, 0x2c, 0x47, 0x80,

    /* U+04D7 "ӗ" */
    0x0, 0x22, 0x0, 0xa, 0x60, 0x18, 0x60, 0x45,
    0x6e, 0x1, 0x95, 0x5f, 0xe9, 0x40, 0xe, 0x9e,
    0xe3, 0x80, 0x71, 0xdf, 0xf5, 0x10, 0x4, 0x98,
    0xd1, 0x2f, 0x84, 0x0, 0x92, 0xd7, 0x76, 0x9c,
    0x1, 0x12, 0xc0, 0x35, 0x28, 0x30, 0x4f, 0xfe,
    0x80, 0x26, 0x8, 0xdd, 0xf1, 0x15, 0x44, 0x58,
    0x8, 0x1, 0xc5, 0xd0, 0xf5, 0xaa, 0x0, 0x3d,
    0x46, 0x87, 0x85, 0x0,

    /* U+04D8 "Ә" */
    0x0, 0x96, 0xfb, 0xfa, 0x48, 0x3, 0xae, 0x99,
    0xdc, 0x8d, 0xac, 0x1, 0xb2, 0x76, 0x62, 0xb9,
    0x25, 0x0, 0x27, 0x60, 0xc, 0x36, 0x52, 0x1,
    0xff, 0x51, 0x11, 0x7f, 0xff, 0xa0, 0x18, 0x42,
    0x33, 0x3e, 0x70, 0x3, 0x7, 0x99, 0xfc, 0x20,
    0xc4, 0x6c, 0x20, 0x1c, 0x4c, 0x44, 0x8, 0x1d,
    0x10, 0x8, 0xbc, 0x24, 0x0, 0x92, 0x7d, 0x51,
    0x5a, 0x52, 0x80, 0x13, 0x6a, 0xa3, 0xa3, 0x6b,
    0x0, 0x0,

    /* U+04D9 "ә" */
    0x0, 0x46, 0xff, 0x48, 0x80, 0x50, 0xe9, 0xe,
    0xde, 0x20, 0x9, 0xd9, 0x79, 0xd1, 0xb0, 0x0,
    0x90, 0x4, 0x4c, 0xa0, 0x9f, 0xfe, 0x60, 0x17,
    0xa, 0xdd, 0xcc, 0x2, 0x63, 0xe4, 0x51, 0xba,
    0x80, 0x2d, 0x71, 0xdd, 0xe1, 0x0, 0x5, 0xb0,
    0x89, 0x4c, 0x20,

    /* U+04DA "Ӛ" */
    0x0, 0xcf, 0x61, 0x16, 0x1, 0xf8, 0xb0, 0x37,
    0x0, 0x3f, 0x2b, 0x82, 0xb8, 0x7, 0xcb, 0x7d,
    0xfd, 0x24, 0x1, 0xd7, 0x4c, 0xee, 0x46, 0xd6,
    0x0, 0xd9, 0x3b, 0x31, 0x5c, 0x92, 0x80, 0x13,
    0xb0, 0x6, 0x1b, 0x29, 0x0, 0xff, 0xa8, 0x88,
    0xbf, 0xff, 0xd0, 0xc, 0x21, 0x19, 0x9f, 0x38,
    0x1, 0x83, 0xcc, 0xfe, 0x10, 0x62, 0x36, 0x10,
    0xe, 0x26, 0x22, 0x4, 0xe, 0x88, 0x4, 0x5e,
    0x12, 0x0, 0x49, 0x3e, 0xa8, 0xad, 0x29, 0x40,
    0x9, 0xb5, 0x51, 0xd1, 0xb5, 0x80, 0x0,

    /* U+04DB "ӛ" */
    0x0, 0x1f, 0xa, 0x70, 0x80, 0x61, 0x71, 0x67,
    0x10, 0xc, 0x52, 0x5, 0x20, 0x1d, 0x1b, 0xfd,
    0x22, 0x1, 0x43, 0xa4, 0x3b, 0x78, 0x80, 0x27,
    0x65, 0xe7, 0x46, 0xc0, 0x2, 0x40, 0x11, 0x32,
    0x82, 0x7f, 0xf9, 0x80, 0x5c, 0x2b, 0x77, 0x30,
    0x9, 0x8f, 0x91, 0x46, 0xea, 0x0, 0xb5, 0xc7,
    0x77, 0x84, 0x0, 0x16, 0xc2, 0x25, 0x30, 0x80,

    /* U+04DC "Ӝ" */
    0x0, 0xf4, 0x18, 0x49, 0x80, 0x7f, 0xf0, 0x15,
    0x40, 0x8c, 0x1, 0xff, 0xc0, 0xd6, 0xd, 0x50,
    0xf, 0x17, 0xc8, 0x6, 0x8f, 0x0, 0xc5, 0xf2,
    0x5, 0xc, 0x60, 0x1f, 0xdc, 0x32, 0x0, 0x72,
    0xf0, 0xf, 0xcc, 0x74, 0x1, 0xb8, 0xdc, 0x3,
    0xc3, 0xa, 0x80, 0x18, 0xda, 0xc, 0x84, 0x8,
    0x96, 0x36, 0x1, 0xeb, 0xc, 0xd6, 0xd, 0xd2,
    0xb0, 0x80, 0x7a, 0xc2, 0x69, 0x2, 0xa8, 0x6c,
    0x20, 0x1c, 0x6c, 0xac, 0xa6, 0xa, 0xaf, 0xb,
    0x0, 0xe8, 0x8, 0x0, 0xf1, 0xaa, 0x8c, 0x2,
    0x44, 0x39, 0x0, 0x7d, 0x1, 0xe0, 0x14, 0x8c,
    0x80, 0x7e, 0x27, 0x35, 0x6, 0x29, 0x10, 0xf,
    0xe9, 0x18, 0x0,

    /* U+04DD "ӝ" */
    0x0, 0xcb, 0xa0, 0xba, 0x1, 0xfc, 0xc8, 0xc,
    0x80, 0x1f, 0xc7, 0x20, 0x72, 0x1, 0xc9, 0xea,
    0x1, 0x7c, 0x0, 0x59, 0xa0, 0x8b, 0x60, 0x1f,
    0x31, 0xc8, 0x2, 0xc6, 0x0, 0x3d, 0xa, 0x80,
    0x1, 0x87, 0x31, 0x1, 0x14, 0x8d, 0x80, 0x67,
    0xc, 0xe0, 0x6e, 0x65, 0x10, 0xd, 0x1, 0x36,
    0xb, 0x68, 0xa4, 0x1, 0x1b, 0xb3, 0x10, 0x9,
    0x28, 0x78, 0x2, 0xe1, 0x80, 0xe, 0x18, 0x36,
    0x7, 0x2b, 0x10, 0xf, 0x31, 0xc8, 0x80,

    /* U+04DE "Ӟ" */
    0x0, 0x6a, 0x86, 0xa8, 0x7, 0x23, 0x2, 0x30,
    0x7, 0x49, 0x84, 0x98, 0x6, 0x6b, 0xef, 0xea,
    0x30, 0x2, 0x4b, 0xba, 0x1d, 0x70, 0xc1, 0x37,
    0x25, 0xe7, 0x42, 0x40, 0x4, 0x1, 0x88, 0x40,
    0x38, 0x44, 0x50, 0x3e, 0x1, 0x5f, 0x73, 0x5d,
    0x54, 0x1, 0x45, 0xda, 0x95, 0x4e, 0x1, 0x1a,
    0x21, 0x69, 0x60, 0x40, 0x3e, 0xd0, 0x35, 0x20,
    0xe, 0xb0, 0x29, 0xdb, 0x87, 0x9e, 0x39, 0xd,
    0x87, 0x68, 0x75, 0xb6, 0x0,

    /* U+04DF "ӟ" */
    0x0, 0x6a, 0x86, 0xa8, 0x4, 0x8c, 0x8, 0xc0,
    0x14, 0x98, 0x49, 0x80, 0x1f, 0x7f, 0xd6, 0x80,
    0x9, 0x49, 0x86, 0xb4, 0xe, 0x96, 0x7c, 0xd,
    0x0, 0xe7, 0xd, 0x0, 0x47, 0xfa, 0x59, 0x0,
    0x13, 0xb9, 0x2d, 0x0, 0x1, 0x23, 0x62, 0x45,
    0xe9, 0x77, 0x59, 0x5a, 0xca, 0x44, 0x1e, 0x5c,

    /* U+04E0 "Ӡ" */
    0x1f, 0xff, 0xa8, 0x6, 0x23, 0x8c, 0x30, 0x0,
    0xef, 0x90, 0xdd, 0x80, 0x38, 0xb5, 0x20, 0x3,
    0x87, 0xce, 0xc0, 0x3c, 0x84, 0x4d, 0x80, 0xe,
    0x4c, 0xb4, 0x7a, 0x0, 0xc2, 0x69, 0x2c, 0xa0,
    0x1f, 0xb8, 0x8, 0x5c, 0x3, 0xac, 0x49, 0x63,
    0xa5, 0xe3, 0x4e, 0x1, 0x2d, 0x1e, 0x19, 0x96,
    0xc0,

    /* U+04E1 "ӡ" */
    0xe, 0xff, 0xf3, 0x4, 0x4c, 0xe2, 0x4, 0x6,
    0x6c, 0x65, 0x24, 0x1, 0x8a, 0x99, 0x80, 0x1d,
    0xe5, 0x20, 0x1c, 0xc4, 0x4b, 0x40, 0xc, 0x95,
    0x2f, 0x68, 0x1, 0x12, 0xb6, 0x17, 0x80, 0x7c,
    0xcc, 0x7, 0x0, 0xc2, 0xac, 0x51, 0xd0, 0xd1,
    0xe3, 0x5, 0xae, 0xd2, 0xcb, 0x86,

    /* U+04E2 "Ӣ" */
    0x0, 0xbb, 0xb8, 0x80, 0x3b, 0xff, 0x88, 0x0,
    0x9e, 0xa2, 0x3c, 0xde, 0xc0, 0x1f, 0x14, 0x80,
    0x7f, 0x70, 0x7, 0xf4, 0x1c, 0x0, 0x7c, 0x8e,
    0xca, 0x1, 0xe1, 0xa2, 0x90, 0xf, 0xa8, 0x78,
    0x3, 0xe6, 0x48, 0x30, 0xf, 0x14, 0xa3, 0x80,
    0x7d, 0x3, 0x40, 0x1f, 0xd4, 0x20, 0x1f, 0x99,
    0x0, 0x3e,

    /* U+04E3 "ӣ" */
    0x2, 0xff, 0xe1, 0x0, 0x17, 0xff, 0x8, 0x7,
    0xfa, 0x3c, 0x3, 0x1f, 0xc8, 0x7, 0xe, 0x80,
    0x7d, 0x40, 0x1f, 0x42, 0x50, 0x80, 0x65, 0x78,
    0x40, 0xc, 0x74, 0xae, 0x1, 0xda, 0x54, 0x1,
    0xf7, 0x80, 0x7d, 0x44, 0x1, 0xc0,

    /* U+04E4 "Ӥ" */
    0x0, 0x95, 0xc1, 0x58, 0x3, 0xdb, 0xa0, 0xcc,
    0x0, 0x7a, 0x28, 0x26, 0x80, 0x24, 0xf5, 0x0,
    0xe6, 0xf6, 0x0, 0xf8, 0xa4, 0x3, 0xfb, 0x80,
    0x3f, 0xa0, 0xe0, 0x3, 0xe4, 0x76, 0x50, 0xf,
    0xd, 0x14, 0x80, 0x7d, 0x43, 0xc0, 0x1f, 0x32,
    0x41, 0x80, 0x78, 0xa5, 0x1c, 0x3, 0xe8, 0x1a,
    0x0, 0xfe, 0xa1, 0x0, 0xfc, 0xc8, 0x1, 0xf0,

    /* U+04E5 "ӥ" */
    0x0, 0x54, 0x85, 0x40, 0x6, 0xcc, 0x6, 0x68,
    0x6, 0x65, 0x6, 0x50, 0x4, 0x78, 0x6, 0x3f,
    0x90, 0xe, 0x1d, 0x0, 0xfa, 0x80, 0x3e, 0x84,
    0xa1, 0x0, 0xca, 0xf0, 0x80, 0x18, 0xe9, 0x5c,
    0x3, 0xb4, 0xa8, 0x3, 0xef, 0x0, 0xfa, 0x88,
    0x3, 0x80,

    /* U+04E6 "Ӧ" */
    0x0, 0xcb, 0xa0, 0xba, 0x1, 0xf9, 0x90, 0x19,
    0x0, 0x3f, 0x1c, 0x81, 0xc8, 0x7, 0xc3, 0x1b,
    0xfd, 0x6a, 0x1, 0xc9, 0xce, 0xce, 0xe6, 0xab,
    0x0, 0x8a, 0xcb, 0x6e, 0x27, 0x61, 0x28, 0x1,
    0x1, 0xe4, 0x1, 0x9d, 0x94, 0xc1, 0x54, 0x40,
    0x1e, 0xb0, 0xb2, 0xd, 0x0, 0xf8, 0x84, 0x80,
    0x3f, 0xe1, 0x2, 0xd, 0x0, 0xf8, 0x80, 0x81,
    0x54, 0x40, 0x1e, 0xb0, 0xb0, 0x80, 0xf2, 0x0,
    0xce, 0xca, 0x60, 0x56, 0x5b, 0x71, 0x3b, 0x9,
    0x40, 0x12, 0x73, 0xb3, 0xb3, 0x2a, 0xc0, 0x0,

    /* U+04E7 "ӧ" */
    0x0, 0xf, 0x20, 0xf1, 0x80, 0x61, 0x76, 0x17,
    0x10, 0xe, 0x92, 0x9, 0x20, 0xc, 0x55, 0xdf,
    0x88, 0x1, 0x1e, 0xa3, 0x40, 0x5b, 0x80, 0x38,
    0xbe, 0x1f, 0x16, 0x4, 0x89, 0x62, 0x1, 0x48,
    0x3b, 0x1, 0x0, 0x63, 0x1, 0x60, 0x20, 0xc,
    0x60, 0x24, 0x4b, 0x10, 0xa, 0x41, 0xc3, 0x8b,
    0xe1, 0xf1, 0x64, 0x40, 0xf5, 0x5a, 0x2, 0xd8,
    0x0,

    /* U+04E8 "Ө" */
    0x0, 0x86, 0x37, 0xfa, 0xd4, 0x3, 0x93, 0x9d,
    0x9d, 0xcd, 0x56, 0x1, 0x15, 0x9e, 0xdc, 0x4e,
    0xca, 0x50, 0x2, 0x3, 0x48, 0x3, 0x34, 0x29,
    0x82, 0xa8, 0x4, 0x7c, 0xa1, 0x64, 0xb, 0xdd,
    0xf6, 0x81, 0x0, 0x16, 0xef, 0xf0, 0x0, 0x81,
    0x91, 0x3e, 0x70, 0x20, 0x53, 0x30, 0x7, 0xa0,
    0x2c, 0x20, 0x34, 0xc0, 0x34, 0x22, 0x98, 0x15,
    0x8e, 0x5c, 0x4e, 0xba, 0x50, 0x4, 0x9c, 0xec,
    0xec, 0xca, 0xb0, 0x0,

    /* U+04E9 "ө" */
    0x0, 0x15, 0x77, 0xe2, 0x0, 0x47, 0xa8, 0xd0,
    0x36, 0xe0, 0xe, 0x1f, 0x87, 0xd4, 0x81, 0x22,
    0x48, 0x80, 0x50, 0xe, 0xc1, 0x1f, 0xfb, 0x0,
    0x58, 0x23, 0x77, 0x58, 0x9, 0x12, 0x88, 0xb7,
    0x3, 0x87, 0x16, 0xc3, 0xe2, 0xc8, 0x81, 0xeb,
    0xb4, 0x5, 0xb0, 0x0,

    /* U+04EA "Ӫ" */
    0x0, 0xcb, 0xa0, 0xba, 0x1, 0xf9, 0x90, 0x19,
    0x0, 0x3f, 0x1c, 0x81, 0xc8, 0x7, 0xc3, 0x1b,
    0xfd, 0x6a, 0x1, 0xc9, 0xce, 0xce, 0xe6, 0xab,
    0x0, 0x8a, 0xcf, 0x6e, 0x27, 0x65, 0x28, 0x1,
    0x1, 0xa4, 0x1, 0x9a, 0x14, 0xc1, 0x54, 0x2,
    0x3e, 0x50, 0xb2, 0x5, 0xee, 0xfb, 0x40, 0x80,
    0xb, 0x77, 0xf8, 0x0, 0x40, 0xc8, 0x9f, 0x38,
    0x10, 0x29, 0x98, 0x3, 0xd0, 0x16, 0x10, 0x1a,
    0x60, 0x1a, 0x11, 0x4c, 0xa, 0xc7, 0x2e, 0x27,
    0x5d, 0x28, 0x2, 0x4e, 0x76, 0x76, 0x65, 0x58,
    0x0,

    /* U+04EB "ӫ" */
    0x0, 0xf, 0x20, 0xf1, 0x80, 0x61, 0x76, 0x17,
    0x10, 0xe, 0x92, 0x9, 0x20, 0xc, 0x55, 0xdf,
    0x88, 0x1, 0x1e, 0xa3, 0x40, 0xdb, 0x80, 0x38,
    0x7e, 0x1f, 0x52, 0x4, 0x89, 0x22, 0x1, 0x40,
    0x3b, 0x4, 0x7f, 0xec, 0x1, 0x60, 0x8d, 0xdd,
    0x60, 0x24, 0x4a, 0x22, 0xdc, 0xe, 0x1c, 0x5b,
    0xf, 0x8b, 0x22, 0x7, 0xae, 0xd0, 0x16, 0xc0,

    /* U+04EC "Ӭ" */
    0x0, 0xf, 0x20, 0xf1, 0x80, 0x70, 0xbb, 0xa,
    0x8, 0x7, 0xa4, 0x82, 0x88, 0x3, 0xc, 0x6f,
    0xf5, 0xa0, 0x4, 0x7c, 0xef, 0x96, 0xe4, 0x0,
    0x6d, 0xd5, 0x13, 0xcc, 0xc7, 0x0, 0x48, 0x80,
    0x69, 0x49, 0x0, 0xe1, 0x1d, 0xa2, 0x80, 0x14,
    0xf7, 0x69, 0x2, 0x0, 0xae, 0xfa, 0x0, 0x38,
    0x91, 0x30, 0x0, 0x80, 0x3f, 0x48, 0xa0, 0xe1,
    0x0, 0x6b, 0x18, 0x2, 0x26, 0xdc, 0x4f, 0x23,
    0x30, 0xf, 0xdd, 0x9d, 0xcb, 0x52, 0x0,

    /* U+04ED "ӭ" */
    0x0, 0x6a, 0x86, 0xa8, 0x6, 0x46, 0x4, 0x60,
    0xd, 0x26, 0x12, 0x60, 0x13, 0x67, 0xf5, 0xa0,
    0x1, 0x65, 0x6a, 0x1e, 0xd4, 0x17, 0x65, 0x5b,
    0x16, 0x84, 0x8, 0x3, 0x40, 0x38, 0x0, 0xff,
    0xed, 0x1, 0x0, 0x1e, 0x65, 0x60, 0x20, 0x20,
    0x67, 0x68, 0x3a, 0xf4, 0xb3, 0x2d, 0xa8, 0x56,
    0x56, 0x64, 0x16, 0xa0,

    /* U+04EE "Ӯ" */
    0x0, 0x17, 0x77, 0x0, 0x71, 0x7f, 0xf0, 0x7,
    0x84, 0x78, 0x2, 0x8f, 0x30, 0xf, 0x75, 0x40,
    0xc0, 0x7, 0x30, 0xc0, 0x4a, 0x10, 0x6, 0x86,
    0x20, 0x71, 0x80, 0x9, 0x86, 0xc0, 0x29, 0x52,
    0x0, 0x43, 0x10, 0x4, 0xe3, 0x0, 0xc3, 0x0,
    0x1d, 0x2a, 0x50, 0xc2, 0x1, 0xce, 0x38, 0x30,
    0x1, 0xf4, 0x8b, 0x88, 0x7, 0xda, 0x12, 0x1,
    0xc9, 0x16, 0xb2, 0x20, 0x1c, 0x6e, 0xd2, 0xc0,
    0x1e, 0x7f, 0xd6, 0x0, 0xf0,

    /* U+04EF "ӯ" */
    0x0, 0x27, 0xff, 0x0, 0x72, 0x7f, 0xf0, 0x7,
    0xff, 0xe, 0xf4, 0x3, 0xab, 0x40, 0x1e, 0x48,
    0x1, 0xa, 0xd8, 0x1, 0xb, 0xc0, 0x29, 0x6,
    0x0, 0xad, 0x8, 0x0, 0xce, 0x1, 0x98, 0x2c,
    0x14, 0x68, 0x3, 0x99, 0x81, 0x28, 0x40, 0x1d,
    0x61, 0x47, 0xe0, 0x1e, 0x24, 0x52, 0x40, 0xf,
    0xb8, 0x2c, 0x3, 0xf6, 0xb, 0x0, 0x75, 0xbc,
    0x34, 0x80, 0x78, 0x65, 0x9d, 0xc0, 0x1c,

    /* U+04F0 "Ӱ" */
    0x0, 0xaa, 0x2, 0xa0, 0x3, 0xdb, 0xa0, 0xdd,
    0x0, 0x79, 0xd4, 0x1d, 0x40, 0x28, 0xf3, 0x0,
    0xf7, 0x54, 0xc, 0x0, 0x73, 0xc, 0x4, 0xa1,
    0x0, 0x68, 0x62, 0x7, 0x18, 0x0, 0x98, 0x6c,
    0x2, 0x95, 0x20, 0x4, 0x31, 0x0, 0x4e, 0x30,
    0xc, 0x30, 0x1, 0xd2, 0xa5, 0xc, 0x20, 0x1c,
    0xe3, 0x83, 0x0, 0x1f, 0x48, 0xb8, 0x80, 0x7d,
    0xa1, 0x20, 0x1c, 0x91, 0x6b, 0x22, 0x1, 0xc6,
    0xed, 0x2c, 0x1, 0xe7, 0xfd, 0x60, 0xf, 0x0,

    /* U+04F1 "ӱ" */
    0x0, 0xad, 0xc3, 0x1c, 0x3, 0xd8, 0x61, 0x66,
    0x1, 0xe7, 0x40, 0x74, 0x0, 0xd7, 0xa0, 0x1d,
    0x5a, 0x0, 0xf2, 0x40, 0x8, 0x56, 0xc0, 0x8,
    0x5e, 0x1, 0x48, 0x30, 0x5, 0x68, 0x40, 0x6,
    0x70, 0xc, 0xc1, 0x60, 0xa3, 0x40, 0x1c, 0xcc,
    0x9, 0x42, 0x0, 0xeb, 0xa, 0x3f, 0x0, 0xf1,
    0x22, 0x92, 0x0, 0x7d, 0xc1, 0x60, 0x1f, 0xb0,
    0x58, 0x3, 0xad, 0xe1, 0xa4, 0x3, 0xc3, 0x2c,
    0xee, 0x0, 0xe0,

    /* U+04F2 "Ӳ" */
    0x0, 0xe3, 0x11, 0x18, 0x7, 0xab, 0x83, 0x24,
    0x3, 0x91, 0x7d, 0x82, 0x80, 0x39, 0x3c, 0x9f,
    0x40, 0x28, 0xf3, 0x0, 0xf7, 0x54, 0xc, 0x0,
    0x73, 0xc, 0x4, 0xa1, 0x0, 0x68, 0x62, 0x7,
    0x18, 0x0, 0x98, 0x6c, 0x2, 0x95, 0x20, 0x4,
    0x31, 0x0, 0x4e, 0x30, 0xc, 0x30, 0x1, 0xd2,
    0xa5, 0xc, 0x20, 0x1c, 0xe3, 0x83, 0x0, 0x1f,
    0x48, 0xb8, 0x80, 0x7d, 0xa1, 0x20, 0x1c, 0x91,
    0x6b, 0x22, 0x1, 0xc6, 0xed, 0x2c, 0x1, 0xe7,
    0xfd, 0x60, 0xf, 0x0,

    /* U+04F3 "ӳ" */
    0x0, 0xd3, 0xc3, 0x96, 0x1, 0xc8, 0xda, 0xc5,
    0x40, 0x1c, 0xba, 0x6b, 0xe2, 0x1, 0xc2, 0x40,
    0x42, 0x1, 0xaf, 0x40, 0x3a, 0xb4, 0x1, 0xe4,
    0x80, 0x10, 0xad, 0x80, 0x10, 0xbc, 0x2, 0x90,
    0x60, 0xa, 0xd0, 0x80, 0xc, 0xe0, 0x19, 0x82,
    0xc1, 0x46, 0x80, 0x39, 0x98, 0x12, 0x84, 0x1,
    0xd6, 0x14, 0x7e, 0x1, 0xe2, 0x45, 0x24, 0x0,
    0xfb, 0x82, 0xc0, 0x3f, 0x60, 0xb0, 0x7, 0x5b,
    0xc3, 0x48, 0x7, 0x86, 0x59, 0xdc, 0x1, 0xc0,

    /* U+04F4 "Ӵ" */
    0x0, 0xa4, 0x82, 0x48, 0x3, 0x9d, 0x81, 0xd8,
    0x3, 0xb9, 0x3, 0x90, 0x0, 0xde, 0x40, 0x1d,
    0xb6, 0x1, 0xff, 0xd4, 0x10, 0xf, 0x94, 0x2c,
    0x3, 0xe3, 0x27, 0x83, 0x32, 0xd1, 0x0, 0x3c,
    0xdf, 0x31, 0x4e, 0x1, 0x16, 0x6d, 0xdb, 0xb4,
    0x80, 0x31, 0x22, 0x4, 0x3, 0xff, 0x96,

    /* U+04F5 "ӵ" */
    0x0, 0x54, 0x5, 0xc0, 0x6, 0xdd, 0x6, 0x68,
    0x6, 0x75, 0x7, 0x50, 0x2, 0xf9, 0x80, 0x49,
    0xe8, 0x1, 0xff, 0xc6, 0x10, 0x70, 0xf, 0x28,
    0x41, 0x8a, 0x70, 0x0, 0x68, 0xb3, 0xad, 0x80,
    0x25, 0xed, 0xcf, 0x80, 0xe, 0x23, 0x0, 0xff,
    0xe0, 0x80,

    /* U+04F6 "Ӷ" */
    0x4f, 0xff, 0x84, 0x0, 0xd1, 0x1c, 0x20, 0xc,
    0x77, 0xe0, 0xf, 0xff, 0xa0, 0x84, 0xb8, 0x7,
    0x68, 0x1c, 0x0, 0x74, 0x7c, 0x0, 0x7f, 0xf1,
    0x51, 0xc0, 0x38,

    /* U+04F7 "ӷ" */
    0x8f, 0xfe, 0xb0, 0x4, 0xce, 0xf0, 0x3, 0x36,
    0x40, 0xf, 0xfe, 0x81, 0x83, 0x90, 0x4, 0x81,
    0xe, 0x1, 0x7f, 0x0, 0x7f, 0xf0, 0x0,

    /* U+04F8 "Ӹ" */
    0x0, 0xc3, 0x22, 0x29, 0x0, 0xfe, 0x27, 0x32,
    0x72, 0x0, 0xfc, 0x7c, 0x47, 0xc4, 0x1, 0x93,
    0xd4, 0x3, 0xf3, 0xf9, 0x0, 0x7f, 0xf4, 0xc4,
    0x40, 0x1f, 0xf5, 0x77, 0x3f, 0xd6, 0x60, 0x1f,
    0x45, 0xdd, 0xb, 0x84, 0x1, 0xe2, 0x44, 0x9f,
    0x2, 0xc0, 0x3f, 0xe2, 0x15, 0x0, 0xff, 0xe0,
    0xb8, 0x7, 0xfc, 0x82, 0x60, 0x1e, 0xd5, 0x5a,
    0x2c, 0x64, 0x3, 0xcf, 0x55, 0x33, 0x3c, 0x40,
    0x30,

    /* U+04F9 "ӹ" */
    0x0, 0x9f, 0x1, 0xec, 0x3, 0xc6, 0x80, 0x78,
    0x1, 0xe4, 0x80, 0x47, 0x0, 0xa3, 0xc0, 0x3c,
    0x5e, 0xc0, 0x1f, 0xfc, 0xcf, 0xfb, 0x54, 0x3,
    0xd9, 0x8b, 0x7a, 0x30, 0xe, 0x33, 0x25, 0x5,
    0x80, 0x7f, 0xf1, 0xc, 0xc9, 0x61, 0x60, 0x1d,
    0x98, 0xb7, 0xb3, 0x0, 0x80,

    /* U+04FA "Ӻ" */
    0x0, 0x6f, 0xff, 0xa0, 0x2, 0x28, 0x8e, 0xb0,
    0x8, 0x5d, 0xf8, 0xc0, 0x3f, 0xfa, 0x51, 0xe4,
    0x7f, 0xf9, 0xc2, 0x70, 0x8f, 0x33, 0x30, 0x9,
    0x80, 0xc, 0xf0, 0x80, 0x7f, 0xf0, 0x85, 0xc8,
    0x3, 0xe2, 0x87, 0x0, 0xf6, 0xe0, 0x7, 0xce,
    0xde, 0xe, 0x1, 0x87, 0x24, 0xa8, 0x80, 0x30,

    /* U+04FB "ӻ" */
    0x2, 0xff, 0xe7, 0x0, 0x96, 0x66, 0x40, 0xb,
    0x19, 0xa3, 0x0, 0xfc, 0xfa, 0x13, 0xfe, 0xc0,
    0x6b, 0x8, 0xdd, 0x80, 0x58, 0x4, 0x88, 0x20,
    0x1b, 0x14, 0x3, 0xcb, 0xc0, 0x18, 0xbc, 0x80,
    0x32, 0x33, 0x96, 0x0, 0x47, 0x12, 0xce, 0x1,
    0x0,

    /* U+04FC "Ӽ" */
    0x3f, 0xa0, 0xe, 0xdd, 0x1, 0xba, 0xa0, 0x5,
    0x5, 0xc0, 0x8, 0x2a, 0x10, 0x37, 0x71, 0x80,
    0x5e, 0x36, 0x1c, 0x50, 0x1, 0x8a, 0x17, 0xb,
    0x80, 0x3c, 0xe6, 0x66, 0x30, 0xf, 0x9, 0x2,
    0x0, 0x7d, 0x43, 0x25, 0x40, 0x1c, 0xc9, 0x2c,
    0xea, 0xc0, 0x11, 0x4a, 0x30, 0x42, 0x49, 0x0,
    0x24, 0x28, 0x2, 0x90, 0x90, 0x74, 0x91, 0x0,
    0x89, 0x50, 0x5f, 0xd8, 0x3, 0xb4, 0x8, 0x3,
    0xce, 0xd2, 0x4, 0x1, 0xc3, 0x72, 0x76, 0x20,

    /* U+04FD "ӽ" */
    0x4f, 0x60, 0xa, 0xb8, 0x51, 0xa4, 0x81, 0x96,
    0x84, 0x24, 0xbc, 0xe5, 0x90, 0x2, 0xf2, 0xc2,
    0x90, 0xc, 0x48, 0x14, 0x1, 0xca, 0x85, 0x6,
    0x1, 0xd, 0xa6, 0x9e, 0x88, 0x2, 0x82, 0x83,
    0x42, 0x81, 0xd2, 0x84, 0x6, 0xd0, 0xdf, 0xd0,
    0x2, 0x40, 0x40, 0xc, 0xad, 0x60, 0x60, 0x1b,
    0x25, 0x21, 0x0,

    /* U+04FE "Ӿ" */
    0x1e, 0xd0, 0xc, 0x3d, 0xa0, 0x34, 0x52, 0x1,
    0x58, 0xf0, 0x1, 0x19, 0x88, 0xa, 0xa7, 0x30,
    0xa, 0x4a, 0x8e, 0x8e, 0x0, 0x3a, 0x47, 0x3,
    0xc0, 0x34, 0x7d, 0x80, 0x59, 0xea, 0x0, 0x9c,
    0x90, 0xa, 0xb1, 0x0, 0x2, 0x74, 0x14, 0x12,
    0x62, 0x1, 0x31, 0xc2, 0xb9, 0xb0, 0x4, 0x30,
    0x4e, 0x10, 0x50, 0x20, 0xb, 0x1e, 0x0, 0xa4,
    0x6c, 0x11, 0x58, 0xc0, 0x24, 0x55, 0x20,

    /* U+04FF "ӿ" */
    0x2f, 0x90, 0x9, 0xfc, 0xca, 0x19, 0x0, 0xa1,
    0xcc, 0x1c, 0xe8, 0x78, 0xe0, 0x2, 0xe1, 0xf3,
    0xe0, 0xa, 0x74, 0x4, 0x36, 0xc0, 0x11, 0x60,
    0x21, 0x54, 0x0, 0xc, 0x17, 0x94, 0x8, 0x2,
    0xf, 0x87, 0xca, 0x81, 0x1e, 0x4c, 0xa, 0x55,
    0x40,

    /* U+2022 "•" */
    0x0, 0xa3, 0xe1, 0x81, 0xa4, 0x24,

    /* U+2026 "…" */
    0x3, 0x10, 0x1, 0x80, 0x4, 0xc0, 0xb3, 0x41,
    0xf1, 0xc2, 0xb0, 0xcc, 0x2a, 0x6, 0x4, 0x4,
    0x24
};


/*---------------------
 *  GLYPH DESCRIPTION
 *--------------------*/

static const lv_font_fmt_txt_glyph_dsc_t glyph_dsc[] = {
    {.bitmap_index = 0, .adv_w = 0, .box_w = 0, .box_h = 0, .ofs_x = 0, .ofs_y = 0} /* id = 0 reserved */,
    {.bitmap_index = 0, .adv_w = 69, .box_w = 0, .box_h = 0, .ofs_x = 0, .ofs_y = 0},
    {.bitmap_index = 0, .adv_w = 69, .box_w = 3, .box_h = 12, .ofs_x = 1, .ofs_y = 0},
    {.bitmap_index = 17, .adv_w = 100, .box_w = 5, .box_h = 5, .ofs_x = 1, .ofs_y = 7},
    {.bitmap_index = 27, .adv_w = 180, .box_w = 11, .box_h = 12, .ofs_x = 0, .ofs_y = 0},
    {.bitmap_index = 92, .adv_w = 159, .box_w = 10, .box_h = 16, .ofs_x = 0, .ofs_y = -2},
    {.bitmap_index = 159, .adv_w = 216, .box_w = 13, .box_h = 12, .ofs_x = 0, .ofs_y = 0},
    {.bitmap_index = 234, .adv_w = 176, .box_w = 11, .box_h = 13, .ofs_x = 0, .ofs_y = -1},
    {.bitmap_index = 301, .adv_w = 54, .box_w = 2, .box_h = 5, .ofs_x = 1, .ofs_y = 7},
    {.bitmap_index = 307, .adv_w = 86, .box_w = 4, .box_h = 15, .ofs_x = 1, .ofs_y = -3},
    {.bitmap_index = 338, .adv_w = 87, .box_w = 4, .box_h = 15, .ofs_x = 0, .ofs_y = -3},
    {.bitmap_index = 370, .adv_w = 102, .box_w = 7, .box_h = 7, .ofs_x = 0, .ofs_y = 5},
    {.bitmap_index = 395, .adv_w = 149, .box_w = 8, .box_h = 8, .ofs_x = 1, .ofs_y = 2},
    {.bitmap_index = 421, .adv_w = 58, .box_w = 3, .box_h = 5, .ofs_x = 0, .ofs_y = -2},
    {.bitmap_index = 429, .adv_w = 98, .box_w = 6, .box_h = 3, .ofs_x = 0, .ofs_y = 3},
    {.bitmap_index = 437, .adv_w = 58, .box_w = 3, .box_h = 3, .ofs_x = 0, .ofs_y = 0},
    {.bitmap_index = 442, .adv_w = 90, .box_w = 8, .box_h = 16, .ofs_x = -1, .ofs_y = -2},
    {.bitmap_index = 489, .adv_w = 171, .box_w = 10, .box_h = 12, .ofs_x = 0, .ofs_y = 0},
    {.bitmap_index = 543, .adv_w = 95, .box_w = 5, .box_h = 12, .ofs_x = 0, .ofs_y = 0},
    {.bitmap_index = 553, .adv_w = 147, .box_w = 9, .box_h = 12, .ofs_x = 0, .ofs_y = 0},
    {.bitmap_index = 601, .adv_w = 146, .box_w = 9, .box_h = 12, .ofs_x = 0, .ofs_y = 0},
    {.bitmap_index = 647, .adv_w = 171, .box_w = 11, .box_h = 12, .ofs_x = 0, .ofs_y = 0},
    {.bitmap_index = 698, .adv_w = 147, .box_w = 9, .box_h = 12, .ofs_x = 0, .ofs_y = 0},
    {.bitmap_index = 745, .adv_w = 158, .box_w = 10, .box_h = 12, .ofs_x = 0, .ofs_y = 0},
    {.bitmap_index = 802, .adv_w = 153, .box_w = 9, .box_h = 12, .ofs_x = 0, .ofs_y = 0},
    {.bitmap_index = 844, .adv_w = 165, .box_w = 10, .box_h = 12, .ofs_x = 0, .ofs_y = 0},
    {.bitmap_index = 903, .adv_w = 158, .box_w = 10, .box_h = 12, .ofs_x = 0, .ofs_y = 0},
    {.bitmap_index = 961, .adv_w = 58, .box_w = 3, .box_h = 9, .ofs_x = 0, .ofs_y = 0},
    {.bitmap_index = 973, .adv_w = 58, .box_w = 3, .box_h = 12, .ofs_x = 0, .ofs_y = -3},
    {.bitmap_index = 989, .adv_w = 149, .box_w = 8, .box_h = 8, .ofs_x = 1, .ofs_y = 2},
    {.bitmap_index = 1019, .adv_w = 149, .box_w = 8, .box_h = 6, .ofs_x = 1, .ofs_y = 3},
    {.bitmap_index = 1034, .adv_w = 149, .box_w = 8, .box_h = 8, .ofs_x = 1, .ofs_y = 2},
    {.bitmap_index = 1063, .adv_w = 147, .box_w = 9, .box_h = 12, .ofs_x = 0, .ofs_y = 0},
    {.bitmap_index = 1107, .adv_w = 265, .box_w = 16, .box_h = 15, .ofs_x = 0, .ofs_y = -3},
    {.bitmap_index = 1219, .adv_w = 187, .box_w = 13, .box_h = 12, .ofs_x = -1, .ofs_y = 0},
    {.bitmap_index = 1278, .adv_w = 194, .box_w = 11, .box_h = 12, .ofs_x = 1, .ofs_y = 0},
    {.bitmap_index = 1333, .adv_w = 183, .box_w = 11, .box_h = 12, .ofs_x = 0, .ofs_y = 0},
    {.bitmap_index = 1386, .adv_w = 211, .box_w = 12, .box_h = 12, .ofs_x = 1, .ofs_y = 0},
    {.bitmap_index = 1435, .adv_w = 172, .box_w = 9, .box_h = 12, .ofs_x = 1, .ofs_y = 0},
    {.bitmap_index = 1469, .adv_w = 163, .box_w = 9, .box_h = 12, .ofs_x = 1, .ofs_y = 0},
    {.bitmap_index = 1499, .adv_w = 198, .box_w = 12, .box_h = 12, .ofs_x = 0, .ofs_y = 0},
    {.bitmap_index = 1556, .adv_w = 208, .box_w = 11, .box_h = 12, .ofs_x = 1, .ofs_y = 0},
    {.bitmap_index = 1581, .adv_w = 79, .box_w = 3, .box_h = 12, .ofs_x = 1, .ofs_y = 0},
    {.bitmap_index = 1586, .adv_w = 131, .box_w = 8, .box_h = 12, .ofs_x = -1, .ofs_y = 0},
    {.bitmap_index = 1611, .adv_w = 184, .box_w = 11, .box_h = 12, .ofs_x = 1, .ofs_y = 0},
    {.bitmap_index = 1660, .adv_w = 152, .box_w = 9, .box_h = 12, .ofs_x = 1, .ofs_y = 0},
    {.bitmap_index = 1674, .adv_w = 244, .box_w = 13, .box_h = 12, .ofs_x = 1, .ofs_y = 0},
    {.bitmap_index = 1732, .adv_w = 208, .box_w = 11, .box_h = 12, .ofs_x = 1, .ofs_y = 0},
    {.bitmap_index = 1774, .adv_w = 215, .box_w = 13, .box_h = 12, .ofs_x = 0, .ofs_y = 0},
    {.bitmap_index = 1841, .adv_w = 185, .box_w = 10, .box_h = 12, .ofs_x = 1, .ofs_y = 0},
    {.bitmap_index = 1886, .adv_w = 215, .box_w = 14, .box_h = 15, .ofs_x = 0, .ofs_y = -3},
    {.bitmap_index = 1972, .adv_w = 186, .box_w = 10, .box_h = 12, .ofs_x = 1, .ofs_y = 0},
    {.bitmap_index = 2021, .adv_w = 159, .box_w = 10, .box_h = 12, .ofs_x = 0, .ofs_y = 0},
    {.bitmap_index = 2077, .adv_w = 150, .box_w = 10, .box_h = 12, .ofs_x = 0, .ofs_y = 0},
    {.bitmap_index = 2096, .adv_w = 202, .box_w = 11, .box_h = 12, .ofs_x = 1, .ofs_y = 0},
    {.bitmap_index = 2128, .adv_w = 182, .box_w = 13, .box_h = 12, .ofs_x = -1, .ofs_y = 0},
    {.bitmap_index = 2190, .adv_w = 288, .box_w = 18, .box_h = 12, .ofs_x = 0, .ofs_y = 0},
    {.bitmap_index = 2289, .adv_w = 172, .box_w = 11, .box_h = 12, .ofs_x = 0, .ofs_y = 0},
    {.bitmap_index = 2347, .adv_w = 166, .box_w = 12, .box_h = 12, .ofs_x = -1, .ofs_y = 0},
    {.bitmap_index = 2393, .adv_w = 168, .box_w = 11, .box_h = 12, .ofs_x = 0, .ofs_y = 0},
    {.bitmap_index = 2439, .adv_w = 85, .box_w = 5, .box_h = 15, .ofs_x = 1, .ofs_y = -3},
    {.bitmap_index = 2453, .adv_w = 90, .box_w = 8, .box_h = 16, .ofs_x = -1, .ofs_y = -2},
    {.bitmap_index = 2499, .adv_w = 85, .box_w = 4, .box_h = 15, .ofs_x = 0, .ofs_y = -3},
    {.bitmap_index = 2512, .adv_w = 149, .box_w = 8, .box_h = 7, .ofs_x = 1, .ofs_y = 2},
    {.bitmap_index = 2538, .adv_w = 128, .box_w = 8, .box_h = 2, .ofs_x = 0, .ofs_y = -2},
    {.bitmap_index = 2542, .adv_w = 154, .box_w = 5, .box_h = 2, .ofs_x = 1, .ofs_y = 10},
    {.bitmap_index = 2548, .adv_w = 153, .box_w = 9, .box_h = 9, .ofs_x = 0, .ofs_y = 0},
    {.bitmap_index = 2589, .adv_w = 175, .box_w = 10, .box_h = 12, .ofs_x = 1, .ofs_y = 0},
    {.bitmap_index = 2635, .adv_w = 146, .box_w = 9, .box_h = 9, .ofs_x = 0, .ofs_y = 0},
    {.bitmap_index = 2672, .adv_w = 175, .box_w = 10, .box_h = 12, .ofs_x = 0, .ofs_y = 0},
    {.bitmap_index = 2720, .adv_w = 157, .box_w = 10, .box_h = 9, .ofs_x = 0, .ofs_y = 0},
    {.bitmap_index = 2763, .adv_w = 90, .box_w = 7, .box_h = 12, .ofs_x = 0, .ofs_y = 0},
    {.bitmap_index = 2787, .adv_w = 177, .box_w = 10, .box_h = 12, .ofs_x = 0, .ofs_y = -3},
    {.bitmap_index = 2846, .adv_w = 174, .box_w = 9, .box_h = 12, .ofs_x = 1, .ofs_y = 0},
    {.bitmap_index = 2875, .adv_w = 71, .box_w = 3, .box_h = 12, .ofs_x = 1, .ofs_y = 0},
    {.bitmap_index = 2884, .adv_w = 73, .box_w = 6, .box_h = 15, .ofs_x = -2, .ofs_y = -3},
    {.bitmap_index = 2906, .adv_w = 157, .box_w = 9, .box_h = 12, .ofs_x = 1, .ofs_y = 0},
    {.bitmap_index = 2943, .adv_w = 71, .box_w = 2, .box_h = 12, .ofs_x = 1, .ofs_y = 0},
    {.bitmap_index = 2948, .adv_w = 271, .box_w = 15, .box_h = 9, .ofs_x = 1, .ofs_y = 0},
    {.bitmap_index = 2987, .adv_w = 174, .box_w = 9, .box_h = 9, .ofs_x = 1, .ofs_y = 0},
    {.bitmap_index = 3013, .adv_w = 163, .box_w = 10, .box_h = 9, .ofs_x = 0, .ofs_y = 0},
    {.bitmap_index = 3056, .adv_w = 175, .box_w = 10, .box_h = 12, .ofs_x = 1, .ofs_y = -3},
    {.bitmap_index = 3106, .adv_w = 175, .box_w = 10, .box_h = 12, .ofs_x = 0, .ofs_y = -3},
    {.bitmap_index = 3156, .adv_w = 105, .box_w = 6, .box_h = 9, .ofs_x = 1, .ofs_y = 0},
    {.bitmap_index = 3172, .adv_w = 128, .box_w = 8, .box_h = 9, .ofs_x = 0, .ofs_y = 0},
    {.bitmap_index = 3209, .adv_w = 106, .box_w = 7, .box_h = 11, .ofs_x = 0, .ofs_y = 0},
    {.bitmap_index = 3236, .adv_w = 173, .box_w = 9, .box_h = 9, .ofs_x = 1, .ofs_y = 0},
    {.bitmap_index = 3261, .adv_w = 143, .box_w = 10, .box_h = 9, .ofs_x = -1, .ofs_y = 0},
    {.bitmap_index = 3301, .adv_w = 230, .box_w = 15, .box_h = 9, .ofs_x = 0, .ofs_y = 0},
    {.bitmap_index = 3366, .adv_w = 141, .box_w = 9, .box_h = 9, .ofs_x = 0, .ofs_y = 0},
    {.bitmap_index = 3404, .adv_w = 143, .box_w = 10, .box_h = 12, .ofs_x = -1, .ofs_y = -3},
    {.bitmap_index = 3456, .adv_w = 133, .box_w = 8, .box_h = 9, .ofs_x = 0, .ofs_y = 0},
    {.bitmap_index = 3487, .adv_w = 90, .box_w = 6, .box_h = 15, .ofs_x = 0, .ofs_y = -3},
    {.bitmap_index = 3523, .adv_w = 77, .box_w = 3, .box_h = 15, .ofs_x = 1, .ofs_y = -3},
    {.bitmap_index = 3528, .adv_w = 90, .box_w = 5, .box_h = 15, .ofs_x = 0, .ofs_y = -3},
    {.bitmap_index = 3559, .adv_w = 149, .box_w = 9, .box_h = 5, .ofs_x = 0, .ofs_y = 4},
    {.bitmap_index = 3579, .adv_w = 107, .box_w = 6, .box_h = 6, .ofs_x = 0, .ofs_y = 6},
    {.bitmap_index = 3596, .adv_w = 170, .box_w = 9, .box_h = 15, .ofs_x = 1, .ofs_y = 0},
    {.bitmap_index = 3642, .adv_w = 170, .box_w = 9, .box_h = 15, .ofs_x = 1, .ofs_y = 0},
    {.bitmap_index = 3688, .adv_w = 213, .box_w = 13, .box_h = 13, .ofs_x = 0, .ofs_y = -1},
    {.bitmap_index = 3746, .adv_w = 148, .box_w = 9, .box_h = 15, .ofs_x = 1, .ofs_y = 0},
    {.bitmap_index = 3773, .adv_w = 181, .box_w = 11, .box_h = 12, .ofs_x = 0, .ofs_y = 0},
    {.bitmap_index = 3831, .adv_w = 163, .box_w = 10, .box_h = 12, .ofs_x = 0, .ofs_y = 0},
    {.bitmap_index = 3887, .adv_w = 81, .box_w = 3, .box_h = 12, .ofs_x = 1, .ofs_y = 0},
    {.bitmap_index = 3892, .adv_w = 79, .box_w = 5, .box_h = 15, .ofs_x = 0, .ofs_y = 0},
    {.bitmap_index = 3905, .adv_w = 138, .box_w = 8, .box_h = 12, .ofs_x = 0, .ofs_y = 0},
    {.bitmap_index = 3931, .adv_w = 304, .box_w = 19, .box_h = 12, .ofs_x = 0, .ofs_y = 0},
    {.bitmap_index = 4010, .adv_w = 302, .box_w = 18, .box_h = 12, .ofs_x = 1, .ofs_y = 0},
    {.bitmap_index = 4069, .adv_w = 215, .box_w = 13, .box_h = 12, .ofs_x = 0, .ofs_y = 0},
    {.bitmap_index = 4112, .adv_w = 182, .box_w = 11, .box_h = 15, .ofs_x = 1, .ofs_y = 0},
    {.bitmap_index = 4172, .adv_w = 211, .box_w = 11, .box_h = 15, .ofs_x = 1, .ofs_y = 0},
    {.bitmap_index = 4227, .adv_w = 177, .box_w = 11, .box_h = 16, .ofs_x = 0, .ofs_y = -1},
    {.bitmap_index = 4300, .adv_w = 207, .box_w = 11, .box_h = 15, .ofs_x = 1, .ofs_y = -3},
    {.bitmap_index = 4330, .adv_w = 194, .box_w = 12, .box_h = 12, .ofs_x = 0, .ofs_y = 0},
    {.bitmap_index = 4388, .adv_w = 187, .box_w = 10, .box_h = 12, .ofs_x = 1, .ofs_y = 0},
    {.bitmap_index = 4434, .adv_w = 191, .box_w = 11, .box_h = 12, .ofs_x = 1, .ofs_y = 0},
    {.bitmap_index = 4486, .adv_w = 148, .box_w = 9, .box_h = 12, .ofs_x = 1, .ofs_y = 0},
    {.bitmap_index = 4501, .adv_w = 206, .box_w = 13, .box_h = 15, .ofs_x = 0, .ofs_y = -3},
    {.bitmap_index = 4561, .adv_w = 170, .box_w = 9, .box_h = 12, .ofs_x = 1, .ofs_y = 0},
    {.bitmap_index = 4594, .adv_w = 263, .box_w = 17, .box_h = 12, .ofs_x = 0, .ofs_y = 0},
    {.bitmap_index = 4676, .adv_w = 162, .box_w = 10, .box_h = 12, .ofs_x = 0, .ofs_y = 0},
    {.bitmap_index = 4732, .adv_w = 211, .box_w = 11, .box_h = 12, .ofs_x = 1, .ofs_y = 0},
    {.bitmap_index = 4775, .adv_w = 211, .box_w = 11, .box_h = 15, .ofs_x = 1, .ofs_y = 0},
    {.bitmap_index = 4832, .adv_w = 182, .box_w = 11, .box_h = 12, .ofs_x = 1, .ofs_y = 0},
    {.bitmap_index = 4879, .adv_w = 202, .box_w = 11, .box_h = 12, .ofs_x = 0, .ofs_y = 0},
    {.bitmap_index = 4921, .adv_w = 247, .box_w = 13, .box_h = 12, .ofs_x = 1, .ofs_y = 0},
    {.bitmap_index = 4979, .adv_w = 210, .box_w = 11, .box_h = 12, .ofs_x = 1, .ofs_y = 0},
    {.bitmap_index = 5004, .adv_w = 217, .box_w = 13, .box_h = 12, .ofs_x = 0, .ofs_y = 0},
    {.bitmap_index = 5071, .adv_w = 210, .box_w = 11, .box_h = 12, .ofs_x = 1, .ofs_y = 0},
    {.bitmap_index = 5088, .adv_w = 183, .box_w = 10, .box_h = 12, .ofs_x = 1, .ofs_y = 0},
    {.bitmap_index = 5132, .adv_w = 184, .box_w = 12, .box_h = 12, .ofs_x = 0, .ofs_y = 0},
    {.bitmap_index = 5188, .adv_w = 154, .box_w = 10, .box_h = 12, .ofs_x = 0, .ofs_y = 0},
    {.bitmap_index = 5207, .adv_w = 177, .box_w = 11, .box_h = 13, .ofs_x = 0, .ofs_y = -1},
    {.bitmap_index = 5265, .adv_w = 237, .box_w = 15, .box_h = 13, .ofs_x = 0, .ofs_y = 0},
    {.bitmap_index = 5345, .adv_w = 171, .box_w = 11, .box_h = 12, .ofs_x = 0, .ofs_y = 0},
    {.bitmap_index = 5404, .adv_w = 212, .box_w = 12, .box_h = 15, .ofs_x = 1, .ofs_y = -3},
    {.bitmap_index = 5431, .adv_w = 184, .box_w = 10, .box_h = 12, .ofs_x = 0, .ofs_y = 0},
    {.bitmap_index = 5465, .adv_w = 280, .box_w = 15, .box_h = 12, .ofs_x = 1, .ofs_y = 0},
    {.bitmap_index = 5489, .adv_w = 287, .box_w = 17, .box_h = 15, .ofs_x = 1, .ofs_y = -3},
    {.bitmap_index = 5526, .adv_w = 212, .box_w = 13, .box_h = 12, .ofs_x = 0, .ofs_y = 0},
    {.bitmap_index = 5579, .adv_w = 254, .box_w = 14, .box_h = 12, .ofs_x = 1, .ofs_y = 0},
    {.bitmap_index = 5629, .adv_w = 183, .box_w = 10, .box_h = 12, .ofs_x = 1, .ofs_y = 0},
    {.bitmap_index = 5669, .adv_w = 181, .box_w = 11, .box_h = 12, .ofs_x = 0, .ofs_y = 0},
    {.bitmap_index = 5727, .adv_w = 281, .box_w = 16, .box_h = 12, .ofs_x = 1, .ofs_y = 0},
    {.bitmap_index = 5805, .adv_w = 187, .box_w = 10, .box_h = 12, .ofs_x = 0, .ofs_y = 0},
    {.bitmap_index = 5854, .adv_w = 151, .box_w = 9, .box_h = 9, .ofs_x = 0, .ofs_y = 0},
    {.bitmap_index = 5895, .adv_w = 169, .box_w = 10, .box_h = 13, .ofs_x = 0, .ofs_y = 0},
    {.bitmap_index = 5956, .adv_w = 157, .box_w = 8, .box_h = 9, .ofs_x = 1, .ofs_y = 0},
    {.bitmap_index = 5991, .adv_w = 125, .box_w = 7, .box_h = 9, .ofs_x = 1, .ofs_y = 0},
    {.bitmap_index = 6003, .adv_w = 170, .box_w = 11, .box_h = 12, .ofs_x = 0, .ofs_y = -3},
    {.bitmap_index = 6049, .adv_w = 161, .box_w = 10, .box_h = 9, .ofs_x = 0, .ofs_y = 0},
    {.bitmap_index = 6091, .adv_w = 217, .box_w = 14, .box_h = 9, .ofs_x = 0, .ofs_y = 0},
    {.bitmap_index = 6147, .adv_w = 139, .box_w = 8, .box_h = 9, .ofs_x = 0, .ofs_y = 0},
    {.bitmap_index = 6183, .adv_w = 178, .box_w = 9, .box_h = 9, .ofs_x = 1, .ofs_y = 0},
    {.bitmap_index = 6212, .adv_w = 178, .box_w = 9, .box_h = 13, .ofs_x = 1, .ofs_y = 0},
    {.bitmap_index = 6258, .adv_w = 153, .box_w = 9, .box_h = 9, .ofs_x = 1, .ofs_y = 0},
    {.bitmap_index = 6291, .adv_w = 164, .box_w = 9, .box_h = 9, .ofs_x = 0, .ofs_y = 0},
    {.bitmap_index = 6322, .adv_w = 204, .box_w = 11, .box_h = 9, .ofs_x = 1, .ofs_y = 0},
    {.bitmap_index = 6362, .adv_w = 174, .box_w = 9, .box_h = 9, .ofs_x = 1, .ofs_y = 0},
    {.bitmap_index = 6383, .adv_w = 164, .box_w = 10, .box_h = 9, .ofs_x = 0, .ofs_y = 0},
    {.bitmap_index = 6427, .adv_w = 173, .box_w = 9, .box_h = 9, .ofs_x = 1, .ofs_y = 0},
    {.bitmap_index = 6440, .adv_w = 176, .box_w = 10, .box_h = 12, .ofs_x = 1, .ofs_y = -3},
    {.bitmap_index = 6490, .adv_w = 146, .box_w = 9, .box_h = 9, .ofs_x = 0, .ofs_y = 0},
    {.bitmap_index = 6528, .adv_w = 126, .box_w = 8, .box_h = 9, .ofs_x = 0, .ofs_y = 0},
    {.bitmap_index = 6541, .adv_w = 146, .box_w = 11, .box_h = 12, .ofs_x = -1, .ofs_y = -3},
    {.bitmap_index = 6595, .adv_w = 206, .box_w = 13, .box_h = 16, .ofs_x = 0, .ofs_y = -3},
    {.bitmap_index = 6662, .adv_w = 138, .box_w = 9, .box_h = 9, .ofs_x = 0, .ofs_y = 0},
    {.bitmap_index = 6700, .adv_w = 177, .box_w = 10, .box_h = 12, .ofs_x = 1, .ofs_y = -3},
    {.bitmap_index = 6722, .adv_w = 156, .box_w = 9, .box_h = 9, .ofs_x = 0, .ofs_y = 0},
    {.bitmap_index = 6751, .adv_w = 241, .box_w = 13, .box_h = 9, .ofs_x = 1, .ofs_y = 0},
    {.bitmap_index = 6773, .adv_w = 241, .box_w = 14, .box_h = 11, .ofs_x = 1, .ofs_y = -2},
    {.bitmap_index = 6804, .adv_w = 164, .box_w = 10, .box_h = 9, .ofs_x = 0, .ofs_y = 0},
    {.bitmap_index = 6837, .adv_w = 207, .box_w = 11, .box_h = 9, .ofs_x = 1, .ofs_y = 0},
    {.bitmap_index = 6868, .adv_w = 147, .box_w = 8, .box_h = 9, .ofs_x = 1, .ofs_y = 0},
    {.bitmap_index = 6894, .adv_w = 147, .box_w = 9, .box_h = 9, .ofs_x = 0, .ofs_y = 0},
    {.bitmap_index = 6934, .adv_w = 224, .box_w = 13, .box_h = 9, .ofs_x = 1, .ofs_y = 0},
    {.bitmap_index = 6987, .adv_w = 157, .box_w = 9, .box_h = 9, .ofs_x = 0, .ofs_y = 0},
    {.bitmap_index = 7023, .adv_w = 162, .box_w = 10, .box_h = 13, .ofs_x = 0, .ofs_y = 0},
    {.bitmap_index = 7078, .adv_w = 161, .box_w = 10, .box_h = 12, .ofs_x = 0, .ofs_y = 0},
    {.bitmap_index = 7133, .adv_w = 173, .box_w = 11, .box_h = 16, .ofs_x = -1, .ofs_y = -3},
    {.bitmap_index = 7186, .adv_w = 125, .box_w = 7, .box_h = 13, .ofs_x = 1, .ofs_y = 0},
    {.bitmap_index = 7211, .adv_w = 148, .box_w = 9, .box_h = 9, .ofs_x = 0, .ofs_y = 0},
    {.bitmap_index = 7252, .adv_w = 137, .box_w = 8, .box_h = 9, .ofs_x = 0, .ofs_y = 0},
    {.bitmap_index = 7289, .adv_w = 72, .box_w = 3, .box_h = 13, .ofs_x = 1, .ofs_y = 0},
    {.bitmap_index = 7299, .adv_w = 71, .box_w = 5, .box_h = 12, .ofs_x = 0, .ofs_y = 0},
    {.bitmap_index = 7312, .adv_w = 73, .box_w = 6, .box_h = 17, .ofs_x = -2, .ofs_y = -3},
    {.bitmap_index = 7334, .adv_w = 239, .box_w = 15, .box_h = 9, .ofs_x = 0, .ofs_y = 0},
    {.bitmap_index = 7385, .adv_w = 244, .box_w = 14, .box_h = 9, .ofs_x = 1, .ofs_y = 0},
    {.bitmap_index = 7428, .adv_w = 173, .box_w = 11, .box_h = 13, .ofs_x = -1, .ofs_y = 0},
    {.bitmap_index = 7468, .adv_w = 153, .box_w = 9, .box_h = 13, .ofs_x = 1, .ofs_y = 0},
    {.bitmap_index = 7514, .adv_w = 178, .box_w = 9, .box_h = 13, .ofs_x = 1, .ofs_y = 0},
    {.bitmap_index = 7557, .adv_w = 146, .box_w = 11, .box_h = 16, .ofs_x = -1, .ofs_y = -3},
    {.bitmap_index = 7629, .adv_w = 165, .box_w = 8, .box_h = 11, .ofs_x = 1, .ofs_y = -2},
    {.bitmap_index = 7647, .adv_w = 208, .box_w = 13, .box_h = 13, .ofs_x = 0, .ofs_y = 0},
    {.bitmap_index = 7709, .adv_w = 157, .box_w = 10, .box_h = 13, .ofs_x = 0, .ofs_y = 0},
    {.bitmap_index = 7758, .adv_w = 230, .box_w = 15, .box_h = 12, .ofs_x = 0, .ofs_y = 0},
    {.bitmap_index = 7831, .adv_w = 180, .box_w = 12, .box_h = 9, .ofs_x = 0, .ofs_y = 0},
    {.bitmap_index = 7878, .adv_w = 217, .box_w = 13, .box_h = 12, .ofs_x = 0, .ofs_y = 0},
    {.bitmap_index = 7946, .adv_w = 166, .box_w = 10, .box_h = 9, .ofs_x = 0, .ofs_y = 0},
    {.bitmap_index = 7990, .adv_w = 195, .box_w = 12, .box_h = 13, .ofs_x = 0, .ofs_y = 0},
    {.bitmap_index = 8052, .adv_w = 153, .box_w = 10, .box_h = 10, .ofs_x = 0, .ofs_y = 0},
    {.bitmap_index = 8095, .adv_w = 215, .box_w = 13, .box_h = 18, .ofs_x = 1, .ofs_y = -3},
    {.bitmap_index = 8171, .adv_w = 183, .box_w = 10, .box_h = 15, .ofs_x = 1, .ofs_y = -2},
    {.bitmap_index = 8228, .adv_w = 189, .box_w = 12, .box_h = 13, .ofs_x = 0, .ofs_y = 0},
    {.bitmap_index = 8284, .adv_w = 155, .box_w = 10, .box_h = 9, .ofs_x = 0, .ofs_y = 0},
    {.bitmap_index = 8324, .adv_w = 188, .box_w = 10, .box_h = 12, .ofs_x = 1, .ofs_y = 0},
    {.bitmap_index = 8375, .adv_w = 179, .box_w = 10, .box_h = 12, .ofs_x = 1, .ofs_y = -3},
    {.bitmap_index = 8428, .adv_w = 149, .box_w = 9, .box_h = 14, .ofs_x = 1, .ofs_y = 0},
    {.bitmap_index = 8448, .adv_w = 119, .box_w = 7, .box_h = 11, .ofs_x = 1, .ofs_y = 0},
    {.bitmap_index = 8466, .adv_w = 158, .box_w = 10, .box_h = 12, .ofs_x = 0, .ofs_y = 0},
    {.bitmap_index = 8499, .adv_w = 132, .box_w = 8, .box_h = 9, .ofs_x = 0, .ofs_y = 0},
    {.bitmap_index = 8525, .adv_w = 180, .box_w = 10, .box_h = 15, .ofs_x = 1, .ofs_y = -3},
    {.bitmap_index = 8581, .adv_w = 154, .box_w = 9, .box_h = 13, .ofs_x = 1, .ofs_y = -4},
    {.bitmap_index = 8627, .adv_w = 273, .box_w = 17, .box_h = 15, .ofs_x = 0, .ofs_y = -3},
    {.bitmap_index = 8720, .adv_w = 226, .box_w = 15, .box_h = 11, .ofs_x = 0, .ofs_y = -2},
    {.bitmap_index = 8788, .adv_w = 162, .box_w = 10, .box_h = 15, .ofs_x = 0, .ofs_y = -3},
    {.bitmap_index = 8854, .adv_w = 139, .box_w = 8, .box_h = 11, .ofs_x = 0, .ofs_y = -2},
    {.bitmap_index = 8896, .adv_w = 193, .box_w = 11, .box_h = 15, .ofs_x = 1, .ofs_y = -3},
    {.bitmap_index = 8952, .adv_w = 153, .box_w = 10, .box_h = 11, .ofs_x = 1, .ofs_y = -2},
    {.bitmap_index = 8993, .adv_w = 189, .box_w = 11, .box_h = 12, .ofs_x = 1, .ofs_y = 0},
    {.bitmap_index = 9045, .adv_w = 157, .box_w = 9, .box_h = 9, .ofs_x = 1, .ofs_y = 0},
    {.bitmap_index = 9081, .adv_w = 188, .box_w = 12, .box_h = 12, .ofs_x = 0, .ofs_y = 0},
    {.bitmap_index = 9137, .adv_w = 153, .box_w = 10, .box_h = 13, .ofs_x = 0, .ofs_y = 0},
    {.bitmap_index = 9187, .adv_w = 212, .box_w = 13, .box_h = 12, .ofs_x = 0, .ofs_y = 0},
    {.bitmap_index = 9241, .adv_w = 172, .box_w = 11, .box_h = 9, .ofs_x = 0, .ofs_y = 0},
    {.bitmap_index = 9280, .adv_w = 217, .box_w = 13, .box_h = 15, .ofs_x = 1, .ofs_y = -3},
    {.bitmap_index = 9322, .adv_w = 179, .box_w = 10, .box_h = 11, .ofs_x = 1, .ofs_y = -2},
    {.bitmap_index = 9354, .adv_w = 278, .box_w = 17, .box_h = 12, .ofs_x = 1, .ofs_y = 0},
    {.bitmap_index = 9392, .adv_w = 227, .box_w = 14, .box_h = 9, .ofs_x = 1, .ofs_y = 0},
    {.bitmap_index = 9423, .adv_w = 306, .box_w = 18, .box_h = 15, .ofs_x = 1, .ofs_y = -3},
    {.bitmap_index = 9494, .adv_w = 250, .box_w = 15, .box_h = 13, .ofs_x = 1, .ofs_y = -4},
    {.bitmap_index = 9552, .adv_w = 249, .box_w = 15, .box_h = 12, .ofs_x = 0, .ofs_y = 0},
    {.bitmap_index = 9639, .adv_w = 203, .box_w = 12, .box_h = 9, .ofs_x = 0, .ofs_y = 0},
    {.bitmap_index = 9693, .adv_w = 184, .box_w = 12, .box_h = 15, .ofs_x = 0, .ofs_y = -3},
    {.bitmap_index = 9760, .adv_w = 146, .box_w = 9, .box_h = 11, .ofs_x = 0, .ofs_y = -2},
    {.bitmap_index = 9804, .adv_w = 154, .box_w = 10, .box_h = 15, .ofs_x = 0, .ofs_y = -3},
    {.bitmap_index = 9832, .adv_w = 126, .box_w = 8, .box_h = 11, .ofs_x = 0, .ofs_y = -2},
    {.bitmap_index = 9854, .adv_w = 171, .box_w = 11, .box_h = 12, .ofs_x = 0, .ofs_y = 0},
    {.bitmap_index = 9898, .adv_w = 147, .box_w = 10, .box_h = 12, .ofs_x = 0, .ofs_y = -3},
    {.bitmap_index = 9943, .adv_w = 171, .box_w = 11, .box_h = 12, .ofs_x = 0, .ofs_y = 0},
    {.bitmap_index = 9996, .adv_w = 147, .box_w = 10, .box_h = 12, .ofs_x = 0, .ofs_y = -3},
    {.bitmap_index = 10049, .adv_w = 180, .box_w = 12, .box_h = 15, .ofs_x = 0, .ofs_y = -3},
    {.bitmap_index = 10119, .adv_w = 138, .box_w = 10, .box_h = 11, .ofs_x = 0, .ofs_y = -2},
    {.bitmap_index = 10167, .adv_w = 249, .box_w = 16, .box_h = 15, .ofs_x = 0, .ofs_y = -3},
    {.bitmap_index = 10209, .adv_w = 197, .box_w = 12, .box_h = 11, .ofs_x = 0, .ofs_y = -2},
    {.bitmap_index = 10242, .adv_w = 191, .box_w = 12, .box_h = 15, .ofs_x = 0, .ofs_y = -3},
    {.bitmap_index = 10290, .adv_w = 162, .box_w = 10, .box_h = 11, .ofs_x = 0, .ofs_y = -2},
    {.bitmap_index = 10328, .adv_w = 188, .box_w = 10, .box_h = 12, .ofs_x = 0, .ofs_y = 0},
    {.bitmap_index = 10369, .adv_w = 156, .box_w = 9, .box_h = 9, .ofs_x = 0, .ofs_y = 0},
    {.bitmap_index = 10400, .adv_w = 188, .box_w = 10, .box_h = 12, .ofs_x = 1, .ofs_y = 0},
    {.bitmap_index = 10430, .adv_w = 173, .box_w = 9, .box_h = 13, .ofs_x = 1, .ofs_y = 0},
    {.bitmap_index = 10462, .adv_w = 253, .box_w = 16, .box_h = 12, .ofs_x = 0, .ofs_y = 0},
    {.bitmap_index = 10539, .adv_w = 197, .box_w = 12, .box_h = 9, .ofs_x = 0, .ofs_y = 0},
    {.bitmap_index = 10589, .adv_w = 253, .box_w = 16, .box_h = 15, .ofs_x = 0, .ofs_y = -3},
    {.bitmap_index = 10677, .adv_w = 197, .box_w = 12, .box_h = 11, .ofs_x = 0, .ofs_y = -2},
    {.bitmap_index = 10735, .adv_w = 81, .box_w = 3, .box_h = 12, .ofs_x = 1, .ofs_y = 0},
    {.bitmap_index = 10740, .adv_w = 263, .box_w = 17, .box_h = 15, .ofs_x = 0, .ofs_y = 0},
    {.bitmap_index = 10839, .adv_w = 217, .box_w = 14, .box_h = 13, .ofs_x = 0, .ofs_y = 0},
    {.bitmap_index = 10915, .adv_w = 183, .box_w = 11, .box_h = 15, .ofs_x = 1, .ofs_y = -3},
    {.bitmap_index = 10975, .adv_w = 153, .box_w = 9, .box_h = 12, .ofs_x = 1, .ofs_y = -3},
    {.bitmap_index = 11020, .adv_w = 206, .box_w = 13, .box_h = 15, .ofs_x = 0, .ofs_y = -3},
    {.bitmap_index = 11080, .adv_w = 170, .box_w = 11, .box_h = 11, .ofs_x = 0, .ofs_y = -2},
    {.bitmap_index = 11124, .adv_w = 210, .box_w = 11, .box_h = 16, .ofs_x = 1, .ofs_y = -4},
    {.bitmap_index = 11166, .adv_w = 176, .box_w = 9, .box_h = 12, .ofs_x = 1, .ofs_y = -3},
    {.bitmap_index = 11200, .adv_w = 215, .box_w = 13, .box_h = 15, .ofs_x = 1, .ofs_y = -3},
    {.bitmap_index = 11240, .adv_w = 180, .box_w = 10, .box_h = 11, .ofs_x = 1, .ofs_y = -2},
    {.bitmap_index = 11272, .adv_w = 187, .box_w = 10, .box_h = 15, .ofs_x = 0, .ofs_y = -3},
    {.bitmap_index = 11321, .adv_w = 155, .box_w = 9, .box_h = 11, .ofs_x = 0, .ofs_y = -2},
    {.bitmap_index = 11357, .adv_w = 253, .box_w = 15, .box_h = 15, .ofs_x = 1, .ofs_y = -3},
    {.bitmap_index = 11433, .adv_w = 212, .box_w = 12, .box_h = 11, .ofs_x = 1, .ofs_y = -2},
    {.bitmap_index = 11485, .adv_w = 72, .box_w = 3, .box_h = 13, .ofs_x = 1, .ofs_y = 0},
    {.bitmap_index = 11491, .adv_w = 194, .box_w = 12, .box_h = 15, .ofs_x = 0, .ofs_y = 0},
    {.bitmap_index = 11563, .adv_w = 151, .box_w = 9, .box_h = 13, .ofs_x = 0, .ofs_y = 0},
    {.bitmap_index = 11620, .adv_w = 194, .box_w = 12, .box_h = 15, .ofs_x = 0, .ofs_y = 0},
    {.bitmap_index = 11692, .adv_w = 151, .box_w = 9, .box_h = 12, .ofs_x = 0, .ofs_y = 0},
    {.bitmap_index = 11745, .adv_w = 268, .box_w = 16, .box_h = 12, .ofs_x = 0, .ofs_y = 0},
    {.bitmap_index = 11815, .adv_w = 255, .box_w = 16, .box_h = 9, .ofs_x = 0, .ofs_y = 0},
    {.bitmap_index = 11884, .adv_w = 170, .box_w = 9, .box_h = 15, .ofs_x = 1, .ofs_y = 0},
    {.bitmap_index = 11931, .adv_w = 162, .box_w = 10, .box_h = 13, .ofs_x = 0, .ofs_y = 0},
    {.bitmap_index = 11991, .adv_w = 211, .box_w = 13, .box_h = 12, .ofs_x = 0, .ofs_y = 0},
    {.bitmap_index = 12057, .adv_w = 157, .box_w = 10, .box_h = 9, .ofs_x = 0, .ofs_y = 0},
    {.bitmap_index = 12100, .adv_w = 211, .box_w = 13, .box_h = 15, .ofs_x = 0, .ofs_y = 0},
    {.bitmap_index = 12179, .adv_w = 157, .box_w = 10, .box_h = 12, .ofs_x = 0, .ofs_y = 0},
    {.bitmap_index = 12235, .adv_w = 263, .box_w = 17, .box_h = 15, .ofs_x = 0, .ofs_y = 0},
    {.bitmap_index = 12334, .adv_w = 217, .box_w = 14, .box_h = 12, .ofs_x = 0, .ofs_y = 0},
    {.bitmap_index = 12405, .adv_w = 162, .box_w = 10, .box_h = 15, .ofs_x = 0, .ofs_y = 0},
    {.bitmap_index = 12474, .adv_w = 139, .box_w = 8, .box_h = 12, .ofs_x = 0, .ofs_y = 0},
    {.bitmap_index = 12522, .adv_w = 160, .box_w = 10, .box_h = 12, .ofs_x = 0, .ofs_y = 0},
    {.bitmap_index = 12571, .adv_w = 135, .box_w = 9, .box_h = 12, .ofs_x = -1, .ofs_y = -3},
    {.bitmap_index = 12617, .adv_w = 211, .box_w = 11, .box_h = 14, .ofs_x = 1, .ofs_y = 0},
    {.bitmap_index = 12667, .adv_w = 178, .box_w = 9, .box_h = 12, .ofs_x = 1, .ofs_y = 0},
    {.bitmap_index = 12705, .adv_w = 211, .box_w = 11, .box_h = 15, .ofs_x = 1, .ofs_y = 0},
    {.bitmap_index = 12761, .adv_w = 178, .box_w = 9, .box_h = 12, .ofs_x = 1, .ofs_y = 0},
    {.bitmap_index = 12803, .adv_w = 217, .box_w = 13, .box_h = 15, .ofs_x = 0, .ofs_y = 0},
    {.bitmap_index = 12883, .adv_w = 164, .box_w = 10, .box_h = 12, .ofs_x = 0, .ofs_y = 0},
    {.bitmap_index = 12940, .adv_w = 217, .box_w = 13, .box_h = 12, .ofs_x = 0, .ofs_y = 0},
    {.bitmap_index = 13008, .adv_w = 164, .box_w = 10, .box_h = 9, .ofs_x = 0, .ofs_y = 0},
    {.bitmap_index = 13052, .adv_w = 217, .box_w = 13, .box_h = 15, .ofs_x = 0, .ofs_y = 0},
    {.bitmap_index = 13133, .adv_w = 164, .box_w = 10, .box_h = 12, .ofs_x = 0, .ofs_y = 0},
    {.bitmap_index = 13189, .adv_w = 181, .box_w = 11, .box_h = 15, .ofs_x = 0, .ofs_y = 0},
    {.bitmap_index = 13260, .adv_w = 147, .box_w = 9, .box_h = 12, .ofs_x = 0, .ofs_y = 0},
    {.bitmap_index = 13312, .adv_w = 177, .box_w = 11, .box_h = 16, .ofs_x = 0, .ofs_y = -1},
    {.bitmap_index = 13381, .adv_w = 146, .box_w = 11, .box_h = 15, .ofs_x = -1, .ofs_y = -3},
    {.bitmap_index = 13444, .adv_w = 177, .box_w = 11, .box_h = 16, .ofs_x = 0, .ofs_y = -1},
    {.bitmap_index = 13516, .adv_w = 146, .box_w = 11, .box_h = 15, .ofs_x = -1, .ofs_y = -3},
    {.bitmap_index = 13583, .adv_w = 177, .box_w = 11, .box_h = 17, .ofs_x = 0, .ofs_y = -1},
    {.bitmap_index = 13659, .adv_w = 146, .box_w = 11, .box_h = 16, .ofs_x = -1, .ofs_y = -3},
    {.bitmap_index = 13731, .adv_w = 184, .box_w = 10, .box_h = 15, .ofs_x = 0, .ofs_y = 0},
    {.bitmap_index = 13778, .adv_w = 156, .box_w = 9, .box_h = 12, .ofs_x = 0, .ofs_y = 0},
    {.bitmap_index = 13820, .adv_w = 148, .box_w = 9, .box_h = 15, .ofs_x = 1, .ofs_y = -3},
    {.bitmap_index = 13847, .adv_w = 125, .box_w = 7, .box_h = 11, .ofs_x = 1, .ofs_y = -2},
    {.bitmap_index = 13870, .adv_w = 254, .box_w = 14, .box_h = 15, .ofs_x = 1, .ofs_y = 0},
    {.bitmap_index = 13935, .adv_w = 207, .box_w = 11, .box_h = 12, .ofs_x = 1, .ofs_y = 0},
    {.bitmap_index = 13980, .adv_w = 158, .box_w = 10, .box_h = 15, .ofs_x = 0, .ofs_y = -3},
    {.bitmap_index = 14028, .adv_w = 126, .box_w = 8, .box_h = 12, .ofs_x = 0, .ofs_y = -3},
    {.bitmap_index = 14069, .adv_w = 172, .box_w = 11, .box_h = 15, .ofs_x = 0, .ofs_y = -3},
    {.bitmap_index = 14141, .adv_w = 138, .box_w = 9, .box_h = 12, .ofs_x = 0, .ofs_y = -3},
    {.bitmap_index = 14192, .adv_w = 175, .box_w = 11, .box_h = 12, .ofs_x = 0, .ofs_y = 0},
    {.bitmap_index = 14255, .adv_w = 146, .box_w = 9, .box_h = 9, .ofs_x = 0, .ofs_y = 0},
    {.bitmap_index = 14296, .adv_w = 80, .box_w = 3, .box_h = 4, .ofs_x = 1, .ofs_y = 3},
    {.bitmap_index = 14302, .adv_w = 177, .box_w = 11, .box_h = 3, .ofs_x = 0, .ofs_y = 0}
};

/*---------------------
 *  CHARACTER MAPPING
 *--------------------*/

static const uint16_t unicode_list_3[] = {
    0x0, 0x1, 0x8, 0x9, 0x10, 0x11, 0x12, 0x13
};

static const uint16_t unicode_list_5[] = {
    0x0, 0x4
};

/*Collect the unicode lists and glyph_id offsets*/
static const lv_font_fmt_txt_cmap_t cmaps[] =
{
    {
        .range_start = 32, .range_length = 95, .glyph_id_start = 1,
        .unicode_list = NULL, .glyph_id_ofs_list = NULL, .list_length = 0, .type = LV_FONT_FMT_TXT_CMAP_FORMAT0_TINY
    },
    {
        .range_start = 176, .range_length = 1, .glyph_id_start = 96,
        .unicode_list = NULL, .glyph_id_ofs_list = NULL, .list_length = 0, .type = LV_FONT_FMT_TXT_CMAP_FORMAT0_TINY
    },
    {
        .range_start = 1024, .range_length = 96, .glyph_id_start = 97,
        .unicode_list = NULL, .glyph_id_ofs_list = NULL, .list_length = 0, .type = LV_FONT_FMT_TXT_CMAP_FORMAT0_TINY
    },
    {
        .range_start = 1122, .range_length = 20, .glyph_id_start = 193,
        .unicode_list = unicode_list_3, .glyph_id_ofs_list = NULL, .list_length = 8, .type = LV_FONT_FMT_TXT_CMAP_SPARSE_TINY
    },
    {
        .range_start = 1162, .range_length = 118, .glyph_id_start = 201,
        .unicode_list = NULL, .glyph_id_ofs_list = NULL, .list_length = 0, .type = LV_FONT_FMT_TXT_CMAP_FORMAT0_TINY
    },
    {
        .range_start = 8226, .range_length = 5, .glyph_id_start = 319,
        .unicode_list = unicode_list_5, .glyph_id_ofs_list = NULL, .list_length = 2, .type = LV_FONT_FMT_TXT_CMAP_SPARSE_TINY
    }
};

/*-----------------
 *    KERNING
 *----------------*/


/*Map glyph_ids to kern left classes*/
static const uint8_t kern_left_class_mapping[] =
{
    0, 0, 1, 2, 0, 3, 4, 5,
    2, 6, 0, 7, 8, 9, 8, 9,
    10, 11, 0, 12, 13, 14, 15, 16,
    17, 18, 11, 19, 19, 0, 0, 0,
    20, 21, 0, 0, 0, 0, 0, 0,
    0, 0, 0, 0, 0, 0, 0, 0,
    0, 0, 0, 0, 0, 0, 0, 0,
    0, 0, 0, 0, 22, 23, 0, 0,
    24, 0, 0, 0, 0, 0, 0, 0,
    0, 0, 0, 0, 0, 0, 0, 0,
    0, 0, 0, 0, 0, 0, 0, 0,
    0, 0, 0, 0, 22, 0, 0, 8,
    25, 0, 0, 0, 0, 0, 0, 0,
    0, 0, 0, 0, 0, 0, 0, 0,
    0, 0, 0, 0, 0, 0, 0, 0,
    0, 0, 0, 0, 0, 0, 0, 0,
    0, 0, 0, 0, 0, 0, 0, 0,
    0, 0, 0, 0, 0, 0, 0, 0,
    0, 0, 0, 0, 0, 0, 0, 0,
    0, 0, 0, 0, 0, 0, 0, 0,
    0, 0, 0, 0, 0, 0, 0, 0,
    0, 0, 0, 0, 0, 0, 0, 0,
    0, 0, 0, 0, 0, 0, 0, 0,
    0, 0, 0, 0, 0, 0, 0, 0,
    0, 0, 0, 0, 0, 0, 0, 0,
    0, 0, 0, 0, 0, 0, 0, 0,
    0, 0, 0, 0, 0, 0, 0, 0,
    0, 0, 0, 0, 0, 0, 0, 0,
    0, 0, 0, 0, 0, 0, 0, 0,
    0, 0, 0, 0, 0, 0, 0, 0,
    0, 0, 0, 0, 0, 0, 0, 0,
    0, 0, 0, 0, 0, 0, 0, 0,
    0, 0, 0, 0, 0, 0, 0, 0,
    0, 0, 0, 0, 0, 0, 0, 0,
    0, 0, 0, 0, 0, 0, 0, 0,
    0, 0, 0, 0, 0, 0, 0, 0,
    0, 0, 0, 0, 0, 0, 0, 0,
    0, 0, 0, 0, 0, 0, 0, 0,
    0, 0, 0, 0, 0, 0, 0, 0,
    0, 0, 0, 0, 0, 0, 0, 8,
    9
};

/*Map glyph_ids to kern right classes*/
static const uint8_t kern_right_class_mapping[] =
{
    0, 0, 1, 2, 0, 3, 4, 5,
    2, 0, 6, 7, 8, 9, 8, 9,
    10, 11, 12, 13, 14, 15, 16, 11,
    17, 18, 19, 20, 20, 0, 0, 0,
    21, 22, 0, 0, 0, 0, 0, 0,
    0, 0, 0, 0, 0, 0, 0, 0,
    0, 0, 0, 0, 0, 0, 0, 0,
    0, 0, 0, 0, 23, 24, 25, 0,
    26, 0, 0, 0, 0, 0, 0, 0,
    0, 0, 0, 0, 0, 0, 0, 0,
    0, 0, 0, 0, 0, 0, 0, 0,
    0, 0, 0, 0, 0, 0, 25, 8,
    27, 0, 0, 0, 0, 0, 0, 0,
    0, 0, 0, 0, 0, 0, 0, 0,
    0, 0, 0, 0, 0, 0, 0, 0,
    0, 0, 0, 0, 0, 0, 0, 0,
    0, 0, 0, 0, 0, 0, 0, 0,
    0, 0, 0, 0, 0, 0, 0, 0,
    0, 0, 0, 0, 0, 0, 0, 0,
    0, 0, 0, 0, 0, 0, 0, 0,
    0, 0, 0, 0, 0, 0, 0, 0,
    0, 0, 0, 0, 0, 0, 0, 0,
    0, 0, 0, 0, 0, 0, 0, 0,
    0, 0, 0, 0, 0, 0, 0, 0,
    0, 0, 0, 0, 0, 0, 0, 0,
    0, 0, 0, 0, 0, 0, 0, 0,
    0, 0, 0, 0, 0, 0, 0, 0,
    0, 0, 0, 0, 0, 0, 0, 0,
    0, 0, 0, 0, 0, 0, 0, 0,
    0, 0, 0, 0, 0, 0, 0, 0,
    0, 0, 0, 0, 0, 0, 0, 0,
    0, 0, 0, 0, 0, 0, 0, 0,
    0, 0, 0, 0, 0, 0, 0, 0,
    0, 0, 0, 0, 0, 0, 0, 0,
    0, 0, 0, 0, 0, 0, 0, 0,
    0, 0, 0, 0, 0, 0, 0, 0,
    0, 0, 0, 0, 0, 0, 0, 0,
    0, 0, 0, 0, 0, 0, 0, 0,
    0, 0, 0, 0, 0, 0, 0, 0,
    0, 0, 0, 0, 0, 0, 0, 8,
    9
};

/*Kern values between classes*/
static const int8_t kern_class_values[] =
{
    0, 0, 0, 0, 0, 0, 2, 0,
    0, 0, 0, 3, 0, 0, 0, 0,
    2, 0, 0, 0, 0, 0, 0, 0,
    0, 0, 0, 0, 12, 0, 7, -6,
    0, 5, 0, -14, -15, 2, 12, 6,
    4, -10, 2, 13, 0, 11, 3, 8,
    -4, 0, 15, 2, -2, 5, 0, -8,
    0, 0, 0, 0, -5, 4, 5, 0,
    0, -3, 0, -2, 3, 0, -3, 0,
    -3, -1, -5, 0, 0, -3, 0, -5,
    -4, 0, -7, 0, -31, 0, -5, -13,
    5, 8, 0, 0, -5, 3, 3, 8,
    5, -4, 5, 0, 0, -15, 0, 0,
    -9, 0, 0, -7, -3, -13, 0, -10,
    -2, 0, -8, 0, 1, 10, 0, -8,
    -2, 0, 0, 0, -4, 0, 0, -2,
    -19, 0, 0, -20, -2, 10, -10, 0,
    0, 0, 0, 0, 0, 0, 0, 0,
    8, 0, 3, 0, 0, -5, 0, 0,
    0, 0, 0, 0, 0, 0, 10, 2,
    0, 0, 2, 5, 3, 8, -3, 0,
    5, -3, -8, -35, 2, 7, 5, 0,
    -3, 0, 9, 0, 8, 0, 8, 0,
    0, 0, 0, -3, 8, 0, 0, -4,
    -9, 0, 0, -3, 0, -2, 0, 2,
    -5, -3, -5, 2, 0, -3, 0, 0,
    0, -10, 2, 0, -17, 0, 0, 0,
    0, -14, 3, -16, 0, 0, -8, -2,
    0, 25, -3, -3, 3, 3, -2, 0,
    -3, 3, 0, 0, -14, -5, 0, -25,
    0, 3, -16, 0, 15, -5, 0, -9,
    8, 0, -17, -25, -17, -5, 8, 0,
    0, -17, 0, 3, -6, 0, -4, 0,
    -5, 0, 7, 8, -31, 12, 0, 2,
    0, 0, 0, 0, 2, 2, -3, -5,
    0, 0, 0, -3, 0, 0, -2, 0,
    0, 0, -5, 0, 0, -5, 0, -5,
    0, 0, 0, 0, 3, -2, 0, 0,
    -2, 3, 3, 0, 0, 0, 0, -5,
    0, 0, 0, 0, 0, 0, 0, 0,
    -2, 0, 8, 0, 0, -3, 0, -3,
    0, 0, 0, 0, 0, 0, 0, 0,
    -1, -1, 0, -3, -3, 0, 0, 0,
    0, 0, 0, 0, 0, 0, -4, 0,
    -8, -2, -8, 5, 0, -5, 3, 5,
    7, 0, -6, 0, -3, 0, 0, -12,
    3, -2, 2, -14, 3, 0, -13, 0,
    5, -8, 0, 0, 0, -3, 0, 0,
    -3, 0, 0, 0, 0, 0, -1, -1,
    0, -1, -3, 0, 0, 0, 0, 0,
    0, -3, 0, 0, -3, 0, -2, 0,
    -5, 3, 0, -3, 1, 3, 3, 0,
    0, 0, 0, 0, 0, -2, 0, 0,
    0, 0, 0, 0, 0, 0, 0, -5,
    0, 8, -2, 0, -8, 0, 7, -13,
    -13, -11, -5, 3, 0, -2, -17, -5,
    0, -5, 0, -5, 4, -5, 0, 3,
    -1, -8, 2, 0, 0, 0, -3, 0,
    0, 2, 0, 3, 0, 0, 0, 0,
    0, 0, 0, 0, 0, 0, 0, -3,
    0, 0, -8, 0, 0, 0, 0, 3,
    0, 0, 0, 0, 0, 0, 0, 12,
    0, 0, 0, 0, 0, 0, 2, 0,
    0, 0, -3, 0, 0, -5, 0, 3,
    0, -2, 0, 0, 0, -5, 0, 3,
    0, -13, -8, 0, 0, 0, -4, -13,
    0, 0, -3, 3, 0, -12, 0, -4,
    0, 0, -5, 3, 0, -4, 0, 0,
    0, 3, 0, 2, -5, -5, 0, -3,
    -3, -3, 0, 0, 0, 0, 0, 0,
    -8, 0, 0, -5, 2, -8, 3, 0,
    2, 0, 0, 0, 2, 0, -2, 0,
    10, 0, 5, 0, 0, -3, 0, 5,
    0, 0, 0, 2, 0, 0, 8, 0,
    7, 0, 0, -15, 0, -3, 4, 8,
    -35, 0, 25, 3, -5, -5, 3, 3,
    -2, 0, -13, 0, 0, 12, -15, -5,
    0, -17, 10, 36, -15, 0, -2, 5,
    -7, 0, 0, -3, 0, 3, 33, -5,
    -2, 8, 7, -7, 3, 0, 0, 3,
    3, -3, -8, 0, -33, 7, 0, 0,
    0, 5, 5, 6, 0, 0, 8, 0,
    -16, -15, 0, 11, 8, 4, -10, 2,
    11, 0, 9, 0, 5, 3, 0, 14,
    0, 0, 0
};


/*Collect the kern class' data in one place*/
static const lv_font_fmt_txt_kern_classes_t kern_classes =
{
    .class_pair_values   = kern_class_values,
    .left_class_mapping  = kern_left_class_mapping,
    .right_class_mapping = kern_right_class_mapping,
    .left_class_cnt      = 25,
    .right_class_cnt     = 27,
};

/*--------------------
 *  ALL CUSTOM DATA
 *--------------------*/

#if LVGL_VERSION_MAJOR == 8
/*Store all the custom data of the font*/
static  lv_font_fmt_txt_glyph_cache_t cache;
#endif

#if LVGL_VERSION_MAJOR >= 8
static const lv_font_fmt_txt_dsc_t font_dsc = {
#else
static lv_font_fmt_txt_dsc_t font_dsc = {
#endif
    .glyph_bitmap = glyph_bitmap,
    .glyph_dsc = glyph_dsc,
    .cmaps = cmaps,
    .kern_dsc = &kern_classes,
    .kern_scale = 16,
    .cmap_num = 6,
    .bpp = 4,
    .kern_classes = 1,
    .bitmap_format = 1,
#if LVGL_VERSION_MAJOR == 8
    .cache = &cache
#endif
};



/*-----------------
 *  PUBLIC FONT
 *----------------*/

/*Initialize a public general font descriptor*/
#if LVGL_VERSION_MAJOR >= 8
const lv_font_t lv_font_yora_montserrat_16_cyr = {
#else
lv_font_t lv_font_yora_montserrat_16_cyr = {
#endif
    .get_glyph_dsc = lv_font_get_glyph_dsc_fmt_txt,    /*Function pointer to get glyph's data*/
    .get_glyph_bitmap = lv_font_get_bitmap_fmt_txt,    /*Function pointer to get glyph's bitmap*/
    .line_height = 20,          /*The maximum line height required by the font*/
    .base_line = 4,             /*Baseline measured from the bottom of the line*/
#if !(LVGL_VERSION_MAJOR == 6 && LVGL_VERSION_MINOR == 0)
    .subpx = LV_FONT_SUBPX_NONE,
#endif
#if LV_VERSION_CHECK(7, 4, 0) || LVGL_VERSION_MAJOR >= 8
    .underline_position = -2,
    .underline_thickness = 1,
#endif
    .dsc = &font_dsc,          /*The custom font data. Will be accessed by `get_glyph_bitmap/dsc` */
#if LV_VERSION_CHECK(8, 2, 0) || LVGL_VERSION_MAJOR >= 9
    .fallback = NULL,
#endif
    .user_data = NULL,
};



#endif /*#if LV_FONT_YORA_MONTSERRAT_16_CYR*/

