/*******************************************************************************
 * Size: 14 px
 * Bpp: 4
 * Opts: --font g:\Github\Yoradio_RGB_Panel-1\tools\fonts\Montserrat-Medium.ttf -r 0x20-0x7F,0x400-0x4FF,0xB0,0x2026,0x2022 --size 14 --bpp 4 --format lvgl --lv-include lvgl.h --lv-font-name lv_font_yora_montserrat_14_cyr -o g:\Github\Yoradio_RGB_Panel-1\src\src\lvgl_ui\fonts\lv_font_yora_montserrat_14_cyr.c
 ******************************************************************************/

#ifdef LV_LVGL_H_INCLUDE_SIMPLE
#include "lvgl.h"
#else
#include "lvgl.h"
#endif

#ifndef LV_FONT_YORA_MONTSERRAT_14_CYR
#define LV_FONT_YORA_MONTSERRAT_14_CYR 1
#endif

#if LV_FONT_YORA_MONTSERRAT_14_CYR

/*-----------------
 *    BITMAPS
 *----------------*/

/*Store the image of the glyphs*/
static LV_ATTRIBUTE_LARGE_CONST const uint8_t glyph_bitmap[] = {
    /* U+0020 " " */

    /* U+0021 "!" */
    0xe, 0xa0, 0x33, 0x0, 0x61, 0x10, 0x6, 0x7f,
    0x1, 0x10, 0x5b, 0x85, 0x48, 0x38, 0x80,

    /* U+0022 "\"" */
    0x1f, 0x9, 0x90, 0x4, 0x22, 0x0, 0xe1, 0x0,
    0xef, 0x8, 0x80,

    /* U+0023 "#" */
    0x0, 0xb4, 0x80, 0xf0, 0x3, 0x88, 0x80, 0xaa,
    0x0, 0x17, 0xf8, 0x3f, 0xd2, 0xde, 0xe5, 0xd4,
    0x7d, 0xc5, 0x9e, 0x70, 0x13, 0x51, 0x13, 0x28,
    0x80, 0x5c, 0x20, 0x1, 0x10, 0x2, 0x7d, 0xdd,
    0xfe, 0x2d, 0xf0, 0x8d, 0x3a, 0xdc, 0x1d, 0xd0,
    0x9, 0xb, 0x90, 0x11, 0x40, 0x11, 0x10, 0x1d,
    0xc0, 0x10,

    /* U+0024 "$" */
    0x0, 0xce, 0x1, 0xfa, 0x40, 0x3f, 0xf8, 0x43,
    0x5c, 0x3d, 0x46, 0x0, 0xc7, 0x81, 0x80, 0x40,
    0x22, 0x4b, 0x3, 0x53, 0x81, 0x86, 0x0, 0x78,
    0x65, 0xf8, 0x54, 0x3, 0x37, 0x40, 0x57, 0x28,
    0x4, 0x2c, 0x3e, 0x94, 0x0, 0x10, 0xd, 0xe0,
    0x29, 0xd2, 0xa0, 0xd6, 0x82, 0x94, 0xb4, 0x30,
    0xf4, 0x0, 0x5c, 0xf1, 0xe9, 0x10, 0xe, 0x90,
    0xc,

    /* U+0025 "%" */
    0x8, 0xdd, 0x18, 0x5, 0x4e, 0x0, 0x43, 0xdf,
    0xe0, 0x2, 0x33, 0x80, 0xf, 0x0, 0x80, 0x3,
    0x3c, 0x1, 0x26, 0x1, 0x8, 0x5d, 0x10, 0x4,
    0x79, 0x89, 0xe4, 0x64, 0xcc, 0x18, 0x1, 0xf2,
    0xce, 0x7b, 0x9b, 0xae, 0x0, 0xeb, 0xb0, 0xb8,
    0x89, 0xcc, 0x2, 0x56, 0x60, 0x7, 0xe1, 0x8e,
    0x3, 0x71, 0x13, 0x98, 0x2, 0xec, 0x40, 0x9,
    0xcc, 0x48, 0x0,

    /* U+0026 "&" */
    0x0, 0x26, 0xfe, 0x18, 0x7, 0x5d, 0x72, 0x78,
    0x6, 0x10, 0x51, 0xc1, 0x0, 0xc2, 0x96, 0x53,
    0x20, 0xe, 0xe6, 0xde, 0x40, 0xc, 0xf7, 0x25,
    0x0, 0x70, 0x5, 0x1a, 0xd8, 0xd7, 0x24, 0xe,
    0x6, 0x3, 0x8c, 0xbc, 0x8, 0x16, 0x88, 0x92,
    0x18, 0x1, 0xc0, 0xbb, 0x25, 0xf3, 0x90, 0x1d,
    0xff, 0xb1, 0x2, 0xc8,

    /* U+0027 "'" */
    0x1f, 0x0, 0xf8, 0x40, 0x2f, 0x0,

    /* U+0028 "(" */
    0x3, 0xf1, 0x8, 0x61, 0x4, 0xd0, 0x40, 0x40,
    0x32, 0x0, 0x73, 0x0, 0xc, 0x40, 0x3c, 0x62,
    0x0, 0xe6, 0x0, 0x19, 0x0, 0x10, 0x10, 0x0,
    0x9a, 0x0, 0x86, 0x10,

    /* U+0029 ")" */
    0x5e, 0x0, 0x29, 0xb0, 0x1, 0x68, 0x1, 0x86,
    0x0, 0x50, 0x30, 0x10, 0x60, 0x0, 0x98, 0x7,
    0x84, 0xc0, 0x41, 0x81, 0x40, 0xc3, 0xc, 0x0,
    0xb4, 0xa, 0x6c, 0x0,

    /* U+002A "*" */
    0x0, 0x51, 0x80, 0x22, 0x0, 0xb8, 0x50, 0x2b,
    0x10, 0x24, 0x40, 0x9f, 0x88, 0x7b, 0xf7, 0x5,
    0xb, 0x5, 0x40,

    /* U+002B "+" */
    0x0, 0x91, 0x40, 0x3d, 0x9e, 0x1, 0xff, 0xf,
    0xf9, 0xd7, 0xfc, 0x63, 0x98, 0x64, 0xcc, 0x18,
    0x19, 0x84, 0x46, 0x60, 0xf, 0xe0,

    /* U+002C "," */
    0x1, 0x3, 0xe6, 0x21, 0x1, 0x7, 0x22, 0x8,

    /* U+002D "-" */
    0x0, 0xe3, 0xff, 0xa4, 0xf3, 0x28,

    /* U+002E "." */
    0x0, 0x8f, 0xd4, 0x46,

    /* U+002F "/" */
    0x0, 0xee, 0x40, 0xc, 0x80, 0x80, 0x1b, 0x50,
    0x3, 0x9f, 0x80, 0x32, 0xa, 0x0, 0x6d, 0x50,
    0xe, 0x7e, 0x0, 0xc6, 0x28, 0x1, 0xa9, 0x40,
    0x39, 0xfc, 0x3, 0x18, 0xa8, 0x6, 0xa5, 0x0,
    0xe7, 0xf0, 0xc, 0x62, 0xa0, 0x18,

    /* U+0030 "0" */
    0x0, 0x26, 0x7f, 0x38, 0x4, 0x96, 0xf2, 0xd1,
    0x20, 0x9, 0x4b, 0x68, 0xa6, 0x32, 0x27, 0x80,
    0x4a, 0x36, 0xc0, 0xc0, 0x18, 0x88, 0x1, 0xf8,
    0xd8, 0x18, 0x3, 0x10, 0x91, 0x3c, 0x2, 0x51,
    0xb0, 0x94, 0xb6, 0x8a, 0x63, 0x4, 0xb7, 0x96,
    0x89, 0x0,

    /* U+0031 "1" */
    0xef, 0xf5, 0xd5, 0x98, 0x22, 0x18, 0x3, 0xff,
    0xa2,

    /* U+0032 "2" */
    0x7, 0xdf, 0xea, 0x10, 0x89, 0x5a, 0x94, 0xd0,
    0x8f, 0x85, 0x78, 0x31, 0x1, 0x0, 0xe1, 0x0,
    0xeb, 0x60, 0xe, 0xc1, 0x90, 0x8, 0x70, 0x30,
    0x2, 0x1c, 0x7c, 0x0, 0x87, 0xf, 0x91, 0x22,
    0x62, 0x1a, 0xbb, 0xc0,

    /* U+0033 "3" */
    0x7f, 0xff, 0x2, 0xdd, 0xd4, 0xc, 0x4, 0x89,
    0x71, 0xc8, 0x6, 0x95, 0xd0, 0xc, 0x6c, 0x72,
    0x20, 0x11, 0xdd, 0x97, 0x0, 0x32, 0x37, 0x92,
    0x8, 0x7, 0xd5, 0xae, 0xaf, 0xe2, 0x94, 0x95,
    0x49, 0x7c, 0x0,

    /* U+0034 "4" */
    0x0, 0xed, 0xa0, 0xf, 0xa8, 0x28, 0x3, 0xce,
    0x9e, 0x1, 0xe4, 0x8a, 0x21, 0x0, 0xc5, 0x72,
    0x81, 0xca, 0x0, 0x1f, 0x56, 0x0, 0xf3, 0x12,
    0xff, 0xc1, 0x5e, 0x6d, 0x99, 0xc1, 0x18, 0x62,
    0x67, 0xc0, 0x46, 0x1, 0xff, 0x0,

    /* U+0035 "5" */
    0x9, 0xff, 0xe0, 0x1, 0xa5, 0xde, 0x0, 0x31,
    0xa2, 0x60, 0x1, 0x78, 0x7, 0x86, 0x3f, 0xd8,
    0x80, 0xc, 0xc5, 0xd3, 0xd9, 0x1, 0x99, 0x16,
    0xc5, 0x44, 0x3, 0x84, 0x27, 0xa1, 0x5b, 0x1,
    0xa1, 0x96, 0xa5, 0xf0, 0x40,

    /* U+0036 "6" */
    0x0, 0x15, 0x77, 0xea, 0x80, 0xf, 0x5e, 0x2a,
    0x82, 0x0, 0xf3, 0xd6, 0x57, 0x40, 0x23, 0x80,
    0xf, 0x30, 0xd, 0xff, 0xa8, 0x40, 0x2b, 0xcc,
    0x53, 0xe0, 0x38, 0x33, 0x9a, 0xf1, 0x19, 0x84,
    0x3, 0xc2, 0x10, 0xee, 0x45, 0xe3, 0x20, 0x6a,
    0xa5, 0xd9, 0x34, 0x0,

    /* U+0037 "7" */
    0x9f, 0xff, 0x68, 0x15, 0xde, 0x4, 0x1, 0x44,
    0x80, 0x17, 0x38, 0x1, 0x42, 0x10, 0x6, 0x33,
    0x78, 0x7, 0x49, 0x20, 0x6, 0x15, 0xb0, 0xe,
    0x91, 0x60, 0xe, 0x66, 0x0, 0x73, 0xc, 0x80,
    0x40,

    /* U+0038 "8" */
    0x1, 0x9e, 0xfe, 0x91, 0x0, 0x6b, 0xc6, 0x43,
    0xe8, 0x0, 0xe1, 0x8d, 0xa0, 0xc0, 0x7, 0x44,
    0x5, 0xa6, 0x0, 0xe3, 0xdf, 0xd5, 0xe0, 0x7,
    0x9d, 0xed, 0x97, 0x82, 0x97, 0x21, 0x26, 0x92,
    0x80, 0x78, 0xc0, 0xa, 0x3e, 0xa6, 0xbe, 0x2a,
    0x1e, 0x97, 0x96, 0xfe, 0x0,

    /* U+0039 "9" */
    0x3, 0xbf, 0xea, 0x20, 0x2c, 0x1b, 0xa1, 0xc1,
    0xa1, 0xa4, 0x45, 0x84, 0x9, 0x80, 0x63, 0x4d,
    0x27, 0x11, 0x41, 0x11, 0x22, 0x1d, 0xc4, 0x61,
    0x7, 0xfd, 0xec, 0x32, 0x0, 0x88, 0x49, 0x68,
    0x1d, 0x96, 0x34, 0xd8, 0x36, 0x29, 0x63, 0x0,

    /* U+003A ":" */
    0x3e, 0x50, 0x10, 0x3f, 0x50, 0xf, 0xe3, 0xf5,
    0x11, 0x80,

    /* U+003B ";" */
    0x3e, 0x50, 0x10, 0x3f, 0x50, 0xf, 0xe2, 0xe5,
    0x1, 0x32, 0x22, 0x8, 0x10, 0xe0, 0x0,

    /* U+003C "<" */
    0x0, 0xf1, 0x88, 0x6, 0x6c, 0xc1, 0x80, 0xc7,
    0x5d, 0x79, 0x7, 0x26, 0xe9, 0x80, 0x25, 0x38,
    0x40, 0xd, 0x5d, 0x95, 0xce, 0x1, 0xb, 0xf5,
    0xd8, 0xc0, 0x39, 0x70, 0xc0,

    /* U+003D "=" */
    0x1f, 0xff, 0x18, 0xe6, 0x78, 0xc0, 0xcf, 0xc0,
    0x1f, 0xc3, 0xff, 0xe3, 0x1c, 0xcf, 0x18,

    /* U+003E ">" */
    0x4, 0x0, 0xfa, 0xb5, 0xc4, 0x3, 0x74, 0x5f,
    0x49, 0x0, 0x4b, 0x9a, 0x7a, 0x40, 0x11, 0xc2,
    0xa1, 0x83, 0x6e, 0x8b, 0x6c, 0x45, 0x57, 0xd0,
    0x40, 0x1, 0xc6, 0x0, 0xe0,

    /* U+003F "?" */
    0x7, 0xdf, 0xea, 0x10, 0x99, 0x55, 0xc2, 0x68,
    0x4f, 0xba, 0x34, 0x18, 0x0, 0x40, 0x2c, 0x30,
    0xe, 0x84, 0xe0, 0xc, 0xcf, 0x84, 0x1, 0xb9,
    0xc8, 0x3, 0xa2, 0x0, 0x1e, 0xb8, 0x0, 0xf3,
    0x88, 0x4,

    /* U+0040 "@" */
    0x0, 0xcf, 0x9d, 0xfd, 0x48, 0x1, 0xc7, 0xdb,
    0x1f, 0xf6, 0x4d, 0x0, 0x43, 0xb7, 0x5b, 0xfd,
    0x1c, 0x21, 0x40, 0xb, 0x65, 0xb4, 0xad, 0x7,
    0xa, 0x73, 0x5, 0x93, 0x4f, 0x43, 0x93, 0x0,
    0x5d, 0x19, 0x85, 0x48, 0x80, 0x15, 0x80, 0x14,
    0x9d, 0xc0, 0x1f, 0xe1, 0x77, 0x81, 0x48, 0x80,
    0x15, 0x80, 0x19, 0x86, 0x61, 0x34, 0xf4, 0x39,
    0x22, 0x1c, 0x78, 0x2c, 0x85, 0xa5, 0x60, 0x79,
    0x62, 0xa8, 0x2d, 0x94, 0x27, 0xbe, 0x47, 0x3e,
    0x40, 0x3, 0xb7, 0x48, 0x20, 0x50, 0x1, 0xe3,
    0xed, 0x8e, 0xff, 0x8, 0x80, 0x20,

    /* U+0041 "A" */
    0x0, 0xec, 0xf1, 0x0, 0xfc, 0x66, 0x26, 0x0,
    0xfd, 0xd, 0x72, 0x1, 0xf1, 0x25, 0xb0, 0x28,
    0x7, 0xad, 0x48, 0x26, 0x0, 0x38, 0x5a, 0x40,
    0xe, 0x48, 0x1, 0x98, 0x33, 0xfe, 0xf, 0x0,
    0xd3, 0x19, 0x9a, 0xd0, 0x80, 0xa, 0x2e, 0x67,
    0x90, 0xec, 0x1, 0x2c, 0x1, 0xea, 0x61,

    /* U+0042 "B" */
    0x8f, 0xfd, 0xd8, 0x80, 0x1, 0xcc, 0xa9, 0xec,
    0x80, 0x6, 0x72, 0x50, 0x38, 0x7, 0xc, 0x82,
    0x0, 0xff, 0xdc, 0xf0, 0x20, 0x39, 0x9a, 0x20,
    0xc0, 0x3, 0x3c, 0xed, 0x40, 0x1f, 0x18, 0x80,
    0xc, 0xe4, 0x75, 0xa0, 0x1c, 0xca, 0xea, 0x1c,

    /* U+0043 "C" */
    0x0, 0x9f, 0x7f, 0xd6, 0x80, 0x1, 0xc8, 0x49,
    0x90, 0xda, 0x85, 0x96, 0xcb, 0x32, 0xb1, 0x45,
    0x60, 0x80, 0x31, 0x82, 0x82, 0x0, 0x7f, 0xf1,
    0x54, 0x10, 0x3, 0xe1, 0x58, 0x20, 0xc, 0x60,
    0xb, 0x2d, 0x96, 0x65, 0x62, 0x80, 0xe4, 0x24,
    0xc8, 0x6d, 0x40,

    /* U+0044 "D" */
    0x8f, 0xfd, 0xd4, 0x80, 0x10, 0xdd, 0xd0, 0x36,
    0xe0, 0x12, 0x24, 0xd7, 0x10, 0x30, 0xf, 0x9c,
    0xa4, 0x3, 0xf2, 0x38, 0x7, 0xff, 0x19, 0x1c,
    0x3, 0xe7, 0x29, 0x0, 0x22, 0x4d, 0x71, 0x3,
    0x1, 0xbb, 0xa0, 0x2d, 0xc0,

    /* U+0045 "E" */
    0x8f, 0xff, 0x30, 0xd, 0xdf, 0x38, 0x1, 0x13,
    0x84, 0x3, 0xf8, 0x7f, 0xf6, 0x0, 0x7, 0x33,
    0x70, 0x4, 0x67, 0x88, 0x3, 0xfe, 0x44, 0xe2,
    0x1, 0xbb, 0xf0,

    /* U+0046 "F" */
    0x8f, 0xff, 0x30, 0xd, 0xdf, 0x38, 0x1, 0x13,
    0x84, 0x3, 0xff, 0x8a, 0x3f, 0xfb, 0x0, 0x3,
    0x99, 0xb8, 0x2, 0x33, 0xc4, 0x1, 0xff, 0xc5,

    /* U+0047 "G" */
    0x0, 0x9f, 0x3f, 0xd8, 0xa0, 0x1, 0xc8, 0x59,
    0x93, 0x53, 0x5, 0x96, 0xcb, 0x32, 0xb1, 0x85,
    0x60, 0x80, 0x31, 0x82, 0x82, 0x0, 0x7f, 0xf0,
    0xee, 0x54, 0x10, 0x3, 0xe1, 0x58, 0x20, 0xf,
    0xac, 0xb6, 0x59, 0x94, 0x82, 0x3, 0x90, 0x93,
    0x26, 0x98,

    /* U+0048 "H" */
    0x8e, 0x0, 0xe8, 0xe0, 0xf, 0xfe, 0x80, 0xff,
    0xf3, 0x80, 0x7, 0x33, 0x98, 0x2, 0x33, 0xe1,
    0x0, 0xff, 0xe8, 0x0,

    /* U+0049 "I" */
    0x8e, 0x0, 0xff, 0xe3, 0x0,

    /* U+004A "J" */
    0x2, 0xff, 0xd8, 0x5, 0x77, 0x20, 0x4, 0x89,
    0x10, 0x7, 0xff, 0x48, 0x80, 0x22, 0x70, 0xcb,
    0x58, 0x4d, 0xd, 0x7a, 0x67, 0x60,

    /* U+004B "K" */
    0x8e, 0x0, 0xc9, 0xea, 0x1, 0xe4, 0xb9, 0x50,
    0xe, 0x3b, 0x86, 0x0, 0xe3, 0xc7, 0x70, 0x7,
    0x16, 0x9c, 0x0, 0x7b, 0xc, 0xcc, 0x1, 0xc2,
    0xba, 0xf2, 0x60, 0x18, 0x6c, 0x21, 0x34, 0x40,
    0x3e, 0xb2, 0xd0, 0xf, 0xda, 0x54, 0x0,

    /* U+004C "L" */
    0x8e, 0x0, 0xff, 0xfa, 0x22, 0x70, 0x0, 0x6e,
    0xf8, 0x80,

    /* U+004D "M" */
    0x8e, 0x0, 0xfa, 0x38, 0x5, 0xc0, 0x38, 0x9c,
    0x2, 0x81, 0x0, 0xd2, 0x1, 0x11, 0xd8, 0x4,
    0x88, 0x60, 0xb, 0x94, 0xc0, 0x13, 0x1c, 0x1,
    0x13, 0x78, 0x31, 0xb8, 0x7, 0x41, 0x3c, 0x58,
    0x7, 0x86, 0x20, 0x4a, 0x1, 0xf3, 0x2f, 0x0,
    0x7f, 0x51, 0x0, 0x60,

    /* U+004E "N" */
    0x8e, 0x10, 0xd, 0x1c, 0x3, 0xa0, 0x1f, 0x8e,
    0x40, 0x3c, 0x32, 0xcc, 0x0, 0xf3, 0x32, 0x4c,
    0x3, 0xd2, 0x7a, 0x20, 0x1e, 0xd0, 0xa0, 0xf,
    0xe, 0xa3, 0x0, 0x78, 0xe4, 0x40, 0x3e, 0x65,
    0x0,

    /* U+004F "O" */
    0x0, 0x9f, 0x3f, 0xd8, 0xa0, 0x18, 0x72, 0x16,
    0x64, 0xf5, 0x40, 0xa, 0xcb, 0x65, 0x99, 0x74,
    0xac, 0x2, 0xb0, 0x40, 0x19, 0x55, 0x60, 0xa0,
    0x80, 0x1e, 0xc2, 0x0, 0xff, 0xe0, 0xa8, 0x20,
    0x7, 0xb0, 0x80, 0x56, 0x8, 0x3, 0x2a, 0xac,
    0x1, 0x65, 0xb2, 0xcc, 0xba, 0x56, 0x0, 0xe,
    0x42, 0x4c, 0x9e, 0xa8, 0x0,

    /* U+0050 "P" */
    0x8f, 0xfd, 0xae, 0x1, 0xd, 0xda, 0x96, 0x2c,
    0x2, 0x44, 0x2c, 0x52, 0x18, 0x7, 0x90, 0x18,
    0x3, 0xc4, 0x2, 0x1, 0x85, 0x38, 0x90, 0x7,
    0xfd, 0xd6, 0xde, 0x0, 0x1c, 0xcb, 0xac, 0x80,
    0x23, 0x38, 0x40, 0x3f, 0xf8, 0x0,

    /* U+0051 "Q" */
    0x0, 0x9f, 0x3f, 0xd8, 0xa0, 0x1d, 0x90, 0xb3,
    0x27, 0xa9, 0x0, 0xa8, 0xb6, 0x59, 0x97, 0x4c,
    0xc0, 0x15, 0x82, 0x0, 0xca, 0xab, 0x5, 0x4,
    0x0, 0xf6, 0x10, 0x7, 0xf8, 0xc0, 0xa, 0x8,
    0x1, 0xef, 0x20, 0x15, 0x82, 0x0, 0xca, 0xab,
    0x0, 0x59, 0xec, 0x2a, 0xaa, 0x8a, 0xc0, 0x1,
    0xd7, 0x5a, 0xa3, 0x55, 0x0, 0x3a, 0x37, 0x84,
    0x1c, 0x64, 0xc0, 0x38, 0x7d, 0xf7, 0x90, 0x40,
    0x3c, 0x37, 0xdb, 0xa2,

    /* U+0052 "R" */
    0x8f, 0xfd, 0xae, 0x1, 0xd, 0xda, 0x96, 0x2c,
    0x2, 0x44, 0x2c, 0x52, 0x18, 0x7, 0x90, 0x18,
    0x3, 0xc4, 0x2, 0x1, 0x85, 0x38, 0x90, 0x7,
    0xfd, 0xd6, 0x3e, 0x0, 0x1c, 0xc8, 0x98, 0x80,
    0x23, 0x3b, 0xd5, 0x80, 0x3c, 0x55, 0x26,

    /* U+0053 "S" */
    0x1, 0x9e, 0xfd, 0xa2, 0x0, 0x6b, 0xc5, 0xd8,
    0x54, 0x8, 0xe9, 0x91, 0xad, 0xc0, 0xc3, 0x0,
    0x3c, 0x32, 0xfb, 0x28, 0x1, 0x9b, 0xac, 0xeb,
    0x90, 0x2, 0x16, 0xae, 0x7b, 0x0, 0x10, 0x6,
    0xc0, 0x13, 0xd9, 0x54, 0x7b, 0x41, 0x3a, 0x2b,
    0xb4, 0xbd, 0x80,

    /* U+0054 "T" */
    0xff, 0xfc, 0x57, 0x72, 0x15, 0xdc, 0x48, 0x91,
    0xa, 0x24, 0x1, 0xff, 0xf4,

    /* U+0055 "U" */
    0x9c, 0x0, 0xeb, 0xa0, 0xf, 0xff, 0x8, 0x90,
    0x7, 0x31, 0xe8, 0xa0, 0x4, 0x65, 0x8a, 0x77,
    0xd, 0x1a, 0x4a, 0x18, 0xcc, 0x96, 0x7c, 0x0,

    /* U+0056 "V" */
    0xc, 0xb0, 0xf, 0x56, 0x4, 0xa1, 0x0, 0x61,
    0x59, 0x5, 0x1b, 0x0, 0xd2, 0x2a, 0x0, 0x66,
    0x0, 0x66, 0x90, 0xa, 0x41, 0x80, 0xa, 0x2c,
    0x1, 0xa, 0xd8, 0x2, 0x58, 0x40, 0x34, 0x92,
    0x19, 0xa8, 0x3, 0x8c, 0xdf, 0x26, 0x60, 0xf,
    0x4a, 0x2c, 0x80, 0x7c, 0xa2, 0x25, 0x0, 0x80,

    /* U+0057 "W" */
    0x6f, 0x10, 0xd, 0xb6, 0x1, 0x8b, 0xc9, 0xc1,
    0xc0, 0x23, 0x24, 0x10, 0xa, 0x88, 0x82, 0x9a,
    0x1, 0x59, 0x8b, 0x80, 0x4b, 0x40, 0xd, 0x40,
    0x9, 0xa9, 0xf4, 0x0, 0x44, 0x50, 0x3, 0x82,
    0x81, 0x8b, 0xea, 0x8, 0x51, 0x10, 0x0, 0x27,
    0xe1, 0x48, 0x28, 0x2e, 0xa, 0xa0, 0xd, 0x4a,
    0xf, 0xa0, 0x7, 0xd2, 0x25, 0x80, 0x67, 0x9,
    0x17, 0x0, 0x6a, 0x59, 0x18, 0x6, 0x13, 0x64,
    0x10, 0x2, 0xb, 0x28, 0x7, 0xac, 0x34, 0x3,
    0x38, 0x58, 0x4,

    /* U+0058 "X" */
    0x4f, 0x50, 0xd, 0xb2, 0x8, 0xf4, 0x40, 0x9,
    0x9, 0x0, 0x41, 0xf0, 0x23, 0x70, 0x6, 0xe3,
    0x9a, 0x83, 0x0, 0xc5, 0x2c, 0x4e, 0x1, 0xef,
    0x2, 0x10, 0xe, 0x46, 0xb3, 0xa0, 0xc, 0x34,
    0xe9, 0xc8, 0xe0, 0x15, 0x1c, 0x1, 0xc4, 0x8,
    0x1d, 0x3c, 0x2, 0x74, 0xf0,

    /* U+0059 "Y" */
    0xc, 0xb0, 0xe, 0x9c, 0x0, 0x72, 0x28, 0x4,
    0x4d, 0xe0, 0x2, 0x6b, 0x0, 0xb9, 0x8c, 0x2,
    0x90, 0x80, 0x52, 0x80, 0xe, 0xb7, 0x3b, 0x81,
    0x0, 0xe5, 0x3c, 0x26, 0x0, 0xfb, 0xc2, 0x0,
    0x3f, 0x8, 0x38, 0x7, 0xff, 0x38,

    /* U+005A "Z" */
    0x4f, 0xff, 0xa5, 0x6e, 0xf9, 0x42, 0x85, 0x13,
    0x3a, 0xc9, 0x80, 0x61, 0xd6, 0x60, 0x7, 0x69,
    0x48, 0x7, 0x49, 0x68, 0x7, 0x33, 0x34, 0x40,
    0x31, 0xcc, 0x8c, 0x3, 0xe, 0x91, 0x11, 0x31,
    0xb8, 0x95, 0xdf, 0x78,

    /* U+005B "[" */
    0x8f, 0xf3, 0x1, 0x63, 0x80, 0xc, 0x40, 0x3f,
    0xfb, 0x46, 0x20, 0x58, 0xe0,

    /* U+005C "\\" */
    0x5d, 0x0, 0xe5, 0x22, 0x0, 0x72, 0x50, 0x7,
    0x6a, 0x80, 0x73, 0x91, 0x0, 0x30, 0xa5, 0x0,
    0x76, 0xa8, 0x7, 0x39, 0x10, 0x3, 0xa, 0x28,
    0x7, 0x6d, 0x0, 0x73, 0x91, 0x0, 0x30, 0xa2,
    0x80, 0x76, 0xd0, 0x7, 0x39, 0x10,

    /* U+005D "]" */
    0xbf, 0xf1, 0xcd, 0x0, 0x9, 0xc0, 0x3f, 0xfb,
    0x44, 0xe0, 0x9, 0xa0, 0x0,

    /* U+005E "^" */
    0x0, 0x56, 0x80, 0x61, 0x41, 0x40, 0xa, 0x5a,
    0x78, 0x2, 0x6a, 0x54, 0x10, 0x55, 0x10, 0x3b,
    0x7, 0x70, 0x1, 0x72, 0x0,

    /* U+005F "_" */
    0xee, 0xf8,

    /* U+0060 "`" */
    0xb, 0xc0, 0xa, 0xd6, 0xc0,

    /* U+0061 "a" */
    0x4, 0xcf, 0xea, 0x10, 0x7, 0xdd, 0xcf, 0xa0,
    0xb, 0x74, 0x59, 0x30, 0x2, 0x67, 0x72, 0x80,
    0x86, 0xd3, 0x3e, 0x80, 0xa, 0x12, 0x42, 0x1,
    0x28, 0x49, 0x24, 0x80, 0x6, 0xd7, 0x66, 0xc0,
    0x0,

    /* U+0062 "b" */
    0xba, 0x0, 0xff, 0xe6, 0x47, 0x7e, 0x18, 0x1,
    0x55, 0x76, 0x7c, 0x30, 0x1c, 0x54, 0xb3, 0x80,
    0x41, 0x0, 0xad, 0x40, 0x3f, 0x90, 0x40, 0x2b,
    0x40, 0x1c, 0x55, 0x59, 0xc8, 0x32, 0xdd, 0x3e,
    0x18,

    /* U+0063 "c" */
    0x0, 0x3e, 0xfe, 0xb0, 0x2, 0x62, 0xad, 0x65,
    0x9, 0xa9, 0xd2, 0x35, 0x1c, 0x14, 0x2, 0x20,
    0xf, 0xe7, 0x5, 0x0, 0x88, 0x9, 0xa9, 0xd2,
    0x35, 0x2, 0x62, 0xad, 0x65, 0x0,

    /* U+0064 "d" */
    0x0, 0xf0, 0xfa, 0x0, 0x7f, 0xf2, 0x23, 0xbf,
    0x14, 0x2, 0xa7, 0x9b, 0x4b, 0x0, 0x12, 0xd3,
    0xa4, 0x40, 0x0, 0xe0, 0xa0, 0x13, 0x0, 0x7e,
    0x30, 0x3, 0x82, 0x80, 0x4a, 0x0, 0x25, 0xa7,
    0x48, 0x90, 0xa, 0x9e, 0x6d, 0x34, 0x0,

    /* U+0065 "e" */
    0x0, 0x47, 0x7e, 0x28, 0x2, 0x96, 0xf2, 0xe9,
    0x49, 0x7d, 0x4d, 0xdd, 0x2e, 0x1b, 0xff, 0x39,
    0x80, 0x3b, 0xff, 0x9c, 0x18, 0x2, 0x10, 0x26,
    0x89, 0x46, 0xf4, 0x9, 0x84, 0xb8, 0x64,

    /* U+0066 "f" */
    0x0, 0x4f, 0x70, 0xc1, 0x5a, 0xa8, 0x41, 0xa6,
    0x88, 0x1c, 0x73, 0xff, 0x7, 0x31, 0x66, 0x81,
    0x8, 0x19, 0x0, 0x7f, 0xf4, 0xc0,

    /* U+0067 "g" */
    0x0, 0x3f, 0x7e, 0x27, 0x30, 0x54, 0x4d, 0xdc,
    0x20, 0x4b, 0x4e, 0x8f, 0x40, 0x7, 0x5, 0x0,
    0x94, 0x3, 0xfe, 0x70, 0x60, 0x9, 0x80, 0x4,
    0xd2, 0xe8, 0xf2, 0x6, 0x13, 0x13, 0x77, 0x0,
    0x67, 0xef, 0xc7, 0x7, 0xc, 0xb6, 0x46, 0xd4,
    0x20, 0xf1, 0x8b, 0xb3, 0x58, 0x0,

    /* U+0068 "h" */
    0xba, 0x0, 0xff, 0xe6, 0x4f, 0x7d, 0x90, 0x1,
    0x55, 0x72, 0xde, 0x0, 0x1c, 0x56, 0xe2, 0x30,
    0x40, 0x8, 0xc1, 0xc0, 0x3e, 0x10, 0xf, 0xfe,
    0x60,

    /* U+0069 "i" */
    0xba, 0x12, 0xa8, 0xba, 0x0, 0xff, 0xe1, 0x0,

    /* U+006A "j" */
    0x0, 0xaa, 0xc0, 0x23, 0x20, 0xa, 0x64, 0x1,
    0x55, 0x80, 0x7f, 0xf6, 0xc4, 0x19, 0x11, 0xa3,
    0x76, 0x47,

    /* U+006B "k" */
    0xba, 0x0, 0xff, 0xe7, 0xe6, 0x0, 0x30, 0xe0,
    0x60, 0x4, 0x3a, 0x3a, 0x1, 0xe, 0x9d, 0x88,
    0x4, 0x82, 0x90, 0x20, 0x11, 0x65, 0x9e, 0x80,
    0x4e, 0x21, 0xc6, 0xe0, 0x1c, 0x73, 0x6,

    /* U+006C "l" */
    0xba, 0x0, 0xff, 0xe4, 0x0,

    /* U+006D "m" */
    0xb9, 0x97, 0x7d, 0xa, 0xef, 0xea, 0x0, 0x18,
    0xaa, 0x53, 0x2a, 0xec, 0xf6, 0x40, 0x36, 0x8d,
    0x5, 0x2c, 0x94, 0x2a, 0x8, 0x1, 0x10, 0x20,
    0x4, 0x5c, 0x1, 0xce, 0x6, 0x1, 0xff, 0xe0,

    /* U+006E "n" */
    0xb9, 0x97, 0x7d, 0x90, 0x1, 0x8a, 0xa8, 0xde,
    0x0, 0x1b, 0x45, 0xe2, 0x30, 0x40, 0x8, 0xc1,
    0xc0, 0x3e, 0x10, 0xf, 0xfe, 0x60,

    /* U+006F "o" */
    0x0, 0x3e, 0xfe, 0xb0, 0x5, 0x31, 0x56, 0xb2,
    0xe0, 0x4d, 0x4e, 0x91, 0x10, 0x38, 0x28, 0x4,
    0xc0, 0x60, 0x1e, 0x30, 0x3, 0x82, 0x80, 0x4a,
    0x6, 0x4d, 0x4e, 0x91, 0x10, 0x2, 0x62, 0xad,
    0x65, 0xc0,

    /* U+0070 "p" */
    0xb9, 0x8e, 0xfc, 0x30, 0x3, 0x25, 0x63, 0x61,
    0x80, 0xe2, 0x1d, 0x1c, 0x2, 0x0, 0x6b, 0x50,
    0xf, 0xe5, 0x10, 0xa, 0x90, 0x1, 0x8a, 0xac,
    0x29, 0x5, 0x55, 0xd0, 0x61, 0x80, 0x23, 0xbf,
    0xc, 0x3, 0xff, 0x8a,

    /* U+0071 "q" */
    0x0, 0x47, 0x7e, 0x1f, 0xa0, 0x53, 0xcd, 0xa6,
    0x80, 0x9, 0x69, 0xd2, 0x24, 0x0, 0xe0, 0xa0,
    0x13, 0x0, 0x7f, 0xce, 0xa, 0x1, 0x30, 0x0,
    0x96, 0x9d, 0x22, 0x0, 0x15, 0x3c, 0xda, 0x58,
    0x6, 0x8e, 0xfc, 0x50, 0xf, 0xfe, 0x40,

    /* U+0072 "r" */
    0xb9, 0x97, 0x20, 0x32, 0x42, 0x80, 0xe3, 0x8,
    0x28, 0x80, 0x42, 0x1, 0xff, 0xc6,

    /* U+0073 "s" */
    0x5, 0xdf, 0xea, 0x13, 0xaa, 0x65, 0x80, 0xb0,
    0x39, 0xad, 0x2, 0xf, 0x4b, 0x8, 0xf, 0xc1,
    0xc7, 0x18, 0xb, 0x57, 0x15, 0x36, 0x32, 0x31,
    0x7a, 0x34, 0x5d, 0xa1, 0x80,

    /* U+0074 "t" */
    0x8, 0xd0, 0xf, 0xec, 0x72, 0xff, 0x7, 0x31,
    0x66, 0x81, 0x8, 0x19, 0x0, 0x7f, 0xf2, 0x34,
    0x95, 0x42, 0xa, 0xd5, 0x4,

    /* U+0075 "u" */
    0xc8, 0x0, 0x8b, 0xcc, 0x3, 0xff, 0x9a, 0x20,
    0x10, 0x80, 0x19, 0x40, 0x24, 0x0, 0x79, 0xca,
    0xc4, 0x0, 0xb, 0x29, 0x49, 0x60, 0x0,

    /* U+0076 "v" */
    0xd, 0x90, 0xd, 0x54, 0xb, 0x70, 0x8, 0x56,
    0x41, 0x85, 0x40, 0xc, 0x46, 0x0, 0x69, 0x0,
    0x4d, 0x80, 0x54, 0x64, 0x82, 0xc0, 0x11, 0x9a,
    0xbd, 0x80, 0x3a, 0x9d, 0x28, 0x3, 0x98, 0xc,
    0xc0, 0x0,

    /* U+0077 "w" */
    0xc8, 0x0, 0x9b, 0xc4, 0x2, 0xd5, 0xa5, 0x0,
    0xa8, 0x1c, 0x0, 0x64, 0xae, 0x46, 0x4, 0x6d,
    0x40, 0xa, 0x50, 0x14, 0xb0, 0x54, 0xb3, 0x10,
    0x7e, 0x0, 0x73, 0x5, 0x69, 0x1b, 0x20, 0x20,
    0x1, 0x45, 0x89, 0x82, 0xed, 0xae, 0x1, 0x96,
    0x54, 0x0, 0xc6, 0xda, 0x1, 0xbc, 0x38, 0x0,
    0x28, 0x28, 0x0,

    /* U+0078 "x" */
    0x4f, 0x30, 0x3, 0xf0, 0xa3, 0x70, 0x14, 0x50,
    0x84, 0x84, 0xfb, 0x20, 0x5, 0xcc, 0x12, 0x1,
    0x9c, 0xc, 0x40, 0x21, 0xa8, 0x2a, 0x0, 0xa9,
    0x5f, 0x51, 0xc1, 0xd6, 0x80, 0x6a, 0xc,

    /* U+0079 "y" */
    0xd, 0x90, 0xd, 0x54, 0xb, 0x60, 0x8, 0x56,
    0x41, 0x81, 0x80, 0xc, 0x46, 0x0, 0x6a, 0x0,
    0x4d, 0x80, 0x56, 0x66, 0x41, 0x60, 0x8, 0x8e,
    0xbd, 0x80, 0x3a, 0x59, 0x2c, 0x3, 0x94, 0x4c,
    0x80, 0x3e, 0x90, 0xd, 0x29, 0x46, 0xa0, 0x10,
    0x95, 0xb7, 0x80, 0x60,

    /* U+007A "z" */
    0x5f, 0xfe, 0xa4, 0xcc, 0xa0, 0x38, 0x4c, 0xc5,
    0x30, 0x80, 0x16, 0xab, 0x80, 0x50, 0x54, 0x1,
    0x23, 0xd0, 0x80, 0x6, 0x95, 0xcc, 0xc4, 0xe2,
    0xb9, 0x97, 0x0,

    /* U+007B "{" */
    0x0, 0x37, 0x50, 0x2, 0x52, 0x0, 0x43, 0x88,
    0x3, 0xfe, 0x20, 0x70, 0x3c, 0x33, 0x1, 0xc9,
    0x98, 0x0, 0xe0, 0xe0, 0x1f, 0xfc, 0x51, 0xe,
    0x20, 0x5, 0x24, 0x0,

    /* U+007C "|" */
    0x8b, 0x0, 0xff, 0xe7, 0x0,

    /* U+007D "}" */
    0xbe, 0x50, 0x4, 0xa5, 0x80, 0xb, 0xc4, 0x3,
    0xff, 0x82, 0x20, 0x20, 0x4, 0x2e, 0x10, 0x42,
    0xa1, 0x1, 0x5, 0x0, 0xff, 0xe2, 0x17, 0x88,
    0x2, 0x52, 0xc0, 0x0,

    /* U+007E "~" */
    0x7, 0xec, 0x40, 0xb4, 0x19, 0xf9, 0xaf, 0x74,
    0x1f, 0x15, 0xee, 0x60, 0x0,

    /* U+00B0 "°" */
    0x4, 0xcc, 0x18, 0x17, 0xe6, 0xf8, 0x3e, 0x0,
    0xa9, 0xbe, 0x0, 0xa9, 0x97, 0x66, 0xf8, 0x0,

    /* U+0400 "Ѐ" */
    0x2, 0x72, 0x0, 0xe2, 0x1c, 0x20, 0xe, 0x6a,
    0x40, 0xf, 0x23, 0x0, 0x4f, 0xff, 0xe7, 0x0,
    0x5d, 0xf2, 0x80, 0xa2, 0x71, 0x0, 0x7f, 0xf,
    0xfe, 0xd0, 0xb, 0x33, 0x78, 0x0, 0x4c, 0xf1,
    0x0, 0x7f, 0x85, 0x13, 0x8c, 0x1, 0x77, 0xd2,

    /* U+0401 "Ё" */
    0x0, 0x69, 0xa6, 0x0, 0x6b, 0x25, 0xa0, 0xc,
    0xc2, 0x26, 0x0, 0x3f, 0xff, 0x9c, 0x1, 0x77,
    0xca, 0x2, 0x89, 0xc4, 0x1, 0xfc, 0x3f, 0xfb,
    0x40, 0x2c, 0xcd, 0xe0, 0x1, 0x33, 0xc4, 0x1,
    0xfe, 0x14, 0x4e, 0x30, 0x5, 0xdf, 0x48,

    /* U+0402 "Ђ" */
    0xcf, 0xff, 0xa4, 0x2, 0xfb, 0xb3, 0x5, 0xde,
    0x0, 0x8d, 0x11, 0xc2, 0x89, 0x10, 0x7, 0xff,
    0x1c, 0x6b, 0xbf, 0xa4, 0x40, 0x3c, 0x5b, 0xab,
    0x7a, 0x0, 0xe1, 0x83, 0x25, 0xb4, 0x0, 0xff,
    0xe0, 0x8, 0x7, 0xc4, 0x90, 0x62, 0x1, 0xe3,
    0xdb, 0x6d, 0x0, 0xcf, 0xc0, 0x7f, 0xeb, 0x10,

    /* U+0403 "Ѓ" */
    0x0, 0xcc, 0xc0, 0xc, 0xf6, 0x80, 0x10, 0x86,
    0x10, 0x4, 0x2e, 0x20, 0x7, 0xff, 0xf0, 0xd,
    0xdf, 0x0, 0x11, 0x38, 0x3, 0xff, 0xca,

    /* U+0404 "Є" */
    0x0, 0x9f, 0x7f, 0xac, 0xc0, 0x3, 0xb2, 0xb3,
    0x21, 0xc3, 0x8, 0xf, 0x86, 0x7a, 0xe3, 0x6,
    0x81, 0x0, 0xc2, 0x6, 0x15, 0xff, 0x80, 0x3a,
    0x33, 0x30, 0x4, 0x61, 0xc6, 0x78, 0x3, 0x2b,
    0x20, 0x6, 0x60, 0x5, 0x95, 0xcb, 0x3e, 0x49,
    0x80, 0xeb, 0xa4, 0xc9, 0xb0, 0xc0,

    /* U+0405 "Ѕ" */
    0x0, 0x46, 0xff, 0x51, 0x80, 0x2d, 0xaa, 0xe0,
    0x28, 0x0, 0x90, 0xe8, 0xd5, 0x20, 0x17, 0x80,
    0x7d, 0x6f, 0xd2, 0xa0, 0x19, 0x3a, 0xc2, 0xfd,
    0x40, 0x32, 0xcf, 0x3d, 0x8, 0x10, 0x6, 0xb0,
    0x22, 0x6d, 0x32, 0x37, 0x11, 0x96, 0x4, 0x5c,
    0x26, 0x0,

    /* U+0406 "І" */
    0x7e, 0x0, 0xff, 0xe3, 0x0,

    /* U+0407 "Ї" */
    0xa6, 0x2e, 0x1e, 0x42, 0x91, 0x42, 0x7, 0x0,
    0x47, 0x0, 0x7f, 0xf8, 0xc0,

    /* U+0408 "Ј" */
    0xc, 0xff, 0xc4, 0x1f, 0x76, 0x80, 0x8, 0xd1,
    0x20, 0xf, 0xfe, 0x98, 0x80, 0x18, 0xe, 0x3d,
    0x96, 0xc, 0x61, 0xe2, 0x9b, 0x80,

    /* U+0409 "Љ" */
    0x0, 0x37, 0xff, 0xc0, 0x1f, 0xe2, 0xbb, 0xc0,
    0x1f, 0xf0, 0x89, 0x13, 0x0, 0x7f, 0xf0, 0x1c,
    0x3, 0xdf, 0xf6, 0xb8, 0x6, 0xf0, 0xf, 0xb3,
    0x2a, 0x88, 0x0, 0x42, 0x20, 0xf, 0x19, 0xce,
    0xe6, 0x0, 0x88, 0x80, 0x1f, 0xee, 0x10, 0x9,
    0x34, 0x3, 0xfd, 0x82, 0x9, 0x60, 0x80, 0x1e,
    0x66, 0x3d, 0xac, 0x87, 0xac, 0x88, 0x7, 0xa6,
    0x50, 0xd2, 0xe0,

    /* U+040A "Њ" */
    0x7e, 0x0, 0xea, 0xb0, 0xf, 0xff, 0x60, 0xff,
    0xf2, 0xa7, 0xfd, 0xd2, 0x20, 0x1, 0xcc, 0xe4,
    0x3c, 0xc5, 0xcb, 0x58, 0x4, 0x67, 0xc2, 0xe6,
    0x64, 0x77, 0x28, 0x7, 0xff, 0xc, 0x40, 0x3f,
    0x9c, 0xce, 0x67, 0x60, 0xf, 0xe3, 0xcc, 0xae,
    0x20, 0x0,

    /* U+040B "Ћ" */
    0xdf, 0xff, 0xa0, 0x2, 0xeb, 0xb2, 0x8d, 0xdd,
    0x40, 0x11, 0xa2, 0x34, 0x11, 0x22, 0x0, 0xff,
    0xe3, 0x8d, 0x77, 0xfa, 0x40, 0x3f, 0x5d, 0x9d,
    0xa8, 0x3, 0x86, 0x95, 0x21, 0xd4, 0x3, 0xfd,
    0x80, 0x20, 0x1f, 0xfc, 0xc0,

    /* U+040C "Ќ" */
    0x0, 0xc5, 0x4, 0x1, 0xc5, 0x9c, 0x40, 0x1c,
    0x94, 0xc0, 0x1e, 0x64, 0x0, 0xcf, 0xc0, 0x19,
    0x7c, 0xc0, 0x38, 0xaa, 0x86, 0x1, 0xde, 0xca,
    0x1, 0x8, 0xa8, 0x64, 0x2, 0x1e, 0xe2, 0xf8,
    0x6, 0x1b, 0xb1, 0x40, 0x7, 0x22, 0x39, 0x18,
    0x3, 0xc6, 0xf2, 0x20, 0x1e, 0x82, 0xa0, 0xf,
    0xb9, 0x18,

    /* U+040D "Ѝ" */
    0x0, 0x23, 0x88, 0x7, 0x93, 0x74, 0x1, 0xf5,
    0x51, 0x0, 0x3e, 0x64, 0x0, 0x9f, 0x80, 0x3a,
    0xbc, 0x3, 0xcc, 0xa0, 0x1e, 0x39, 0x20, 0xf,
    0x72, 0x58, 0x7, 0x51, 0xd0, 0x7, 0x32, 0xe8,
    0x80, 0x63, 0x98, 0x30, 0xc, 0x3c, 0x8e, 0x1,
    0xe3, 0xa0, 0xf, 0xb4, 0x40, 0x38,

    /* U+040E "Ў" */
    0x0, 0x44, 0x80, 0xf0, 0x80, 0x69, 0x3d, 0xd5,
    0x88, 0x6, 0x1a, 0xdc, 0x50, 0xa, 0x38, 0x3,
    0x87, 0xd2, 0x45, 0x80, 0x34, 0x1a, 0xb, 0xc0,
    0x4, 0x2d, 0x0, 0x9, 0x16, 0x0, 0x49, 0xa0,
    0x0, 0x5e, 0xc0, 0x5e, 0x0, 0x34, 0x92, 0xc9,
    0xa0, 0x6, 0x17, 0x87, 0x80, 0xf, 0x49, 0x22,
    0x0, 0x3c, 0x41, 0x0, 0x1c, 0xf7, 0x8c, 0x60,
    0x1c, 0x25, 0x32, 0x0, 0xe0,

    /* U+040F "Џ" */
    0x7e, 0x0, 0xea, 0xc0, 0xf, 0xff, 0xaa, 0x27,
    0x8, 0x0, 0x6e, 0xf9, 0x1, 0xff, 0xe0, 0xbf,
    0xf6, 0x0, 0x7f, 0xf0, 0x5d, 0x80, 0x20,

    /* U+0410 "А" */
    0x0, 0xd3, 0xe6, 0x1, 0xf0, 0xb1, 0x48, 0x7,
    0xd2, 0x7c, 0xa2, 0x1, 0xe6, 0x93, 0x49, 0x0,
    0xe6, 0x35, 0xf, 0x60, 0xe, 0xbb, 0x0, 0x10,
    0xd8, 0x2, 0x42, 0x9f, 0xf8, 0xac, 0x2, 0xf6,
    0xcc, 0xe2, 0x50, 0x24, 0xb3, 0x3e, 0x69, 0xb,
    0x32, 0x0, 0xea, 0x33, 0x0,

    /* U+0411 "Б" */
    0x7f, 0xff, 0x70, 0x0, 0x6e, 0xfb, 0x40, 0x24,
    0x4e, 0x30, 0xf, 0xf8, 0x7f, 0xee, 0xc4, 0x0,
    0xe, 0xed, 0x4d, 0x64, 0x0, 0x22, 0x92, 0x81,
    0x40, 0x3f, 0x8, 0x0, 0xce, 0x4b, 0x4, 0x1,
    0xcc, 0xa8, 0x30, 0x80,

    /* U+0412 "В" */
    0x7f, 0xfd, 0xd6, 0x40, 0x1, 0xdd, 0xa9, 0xb0,
    0x2, 0x22, 0x92, 0x4, 0x40, 0x1c, 0x3e, 0x62,
    0x3, 0xff, 0x72, 0x78, 0x0, 0x77, 0x6c, 0x7c,
    0x20, 0x1, 0x14, 0x72, 0x54, 0x1, 0xff, 0x19,
    0xe9, 0x2b, 0x1, 0xcc, 0xcb, 0x46,

    /* U+0413 "Г" */
    0x7f, 0xff, 0x0, 0xdd, 0xf0, 0x1, 0x13, 0x80,
    0x3f, 0xfc, 0xa0,

    /* U+0414 "Д" */
    0x0, 0x3f, 0xff, 0x98, 0x2, 0xf3, 0xbb, 0xc0,
    0x1e, 0x74, 0x4c, 0x1, 0xc2, 0x20, 0xf, 0xe3,
    0x30, 0x7, 0xf0, 0x88, 0x3, 0xf9, 0x78, 0x3,
    0xf1, 0xa, 0x0, 0x7c, 0x9c, 0x4e, 0xab, 0x83,
    0xd2, 0xc, 0xaa, 0xb8, 0x1a, 0x42, 0x3f, 0xfe,
    0x80, 0xf, 0xfe, 0x7, 0xa8, 0x7, 0xcb, 0x20,

    /* U+0415 "Е" */
    0x7f, 0xff, 0x38, 0x2, 0xef, 0x94, 0x5, 0x13,
    0x88, 0x3, 0xf8, 0x7f, 0xf6, 0x80, 0x59, 0x9b,
    0xc0, 0x2, 0x67, 0x88, 0x3, 0xfc, 0x28, 0x9c,
    0x60, 0xb, 0xbe, 0x90,

    /* U+0416 "Ж" */
    0x2f, 0x50, 0x9, 0xf8, 0x3, 0x74, 0x81, 0x45,
    0x88, 0x7, 0xd2, 0x72, 0x0, 0x72, 0xb0, 0xf,
    0x23, 0x70, 0x6, 0xe5, 0x50, 0xf8, 0x8, 0xa9,
    0xcc, 0x3, 0x12, 0xd7, 0x38, 0xf7, 0x6, 0x40,
    0x38, 0x95, 0xad, 0x86, 0xec, 0x12, 0x1, 0xd2,
    0x32, 0x9c, 0x8, 0x87, 0x71, 0x0, 0x48, 0x8b,
    0x0, 0xf4, 0xc, 0x0, 0x52, 0x6a, 0x1, 0xf5,
    0xaa, 0x3, 0x97, 0x80, 0x7e, 0x53, 0x90,

    /* U+0417 "З" */
    0x18, 0xcf, 0xf6, 0x28, 0x1, 0x52, 0xea, 0x8d,
    0x4a, 0x9, 0x8e, 0xaa, 0xa2, 0xc0, 0xf, 0x21,
    0x78, 0x5, 0xff, 0x5a, 0x30, 0x5, 0x99, 0x4a,
    0xc0, 0x4, 0x67, 0x34, 0xb8, 0x8, 0x7, 0x78,
    0x3, 0x2d, 0xd5, 0x52, 0xee, 0xf, 0x2a, 0xa9,
    0x66, 0x0,

    /* U+0418 "И" */
    0x7e, 0x0, 0xea, 0xf0, 0xf, 0x32, 0x80, 0x78,
    0xe4, 0x80, 0x3d, 0xc9, 0x60, 0x1d, 0x47, 0x40,
    0x1c, 0xcb, 0xa2, 0x1, 0x8e, 0x60, 0xc0, 0x30,
    0xf2, 0x38, 0x7, 0x8e, 0x80, 0x3e, 0xd1, 0x0,
    0xe0,

    /* U+0419 "Й" */
    0x0, 0x29, 0x0, 0x1c, 0x3, 0x14, 0x1, 0xc8,
    0x6, 0x73, 0xdf, 0xd0, 0xe, 0x9d, 0xc3, 0x0,
    0x3f, 0x0, 0x75, 0x78, 0x7, 0x99, 0x40, 0x3c,
    0x72, 0x40, 0x1e, 0xe4, 0xb0, 0xe, 0xa3, 0xa0,
    0xe, 0x65, 0xd1, 0x0, 0xc7, 0x30, 0x60, 0x18,
    0x79, 0x1c, 0x3, 0xc7, 0x40, 0x1f, 0x68, 0x80,
    0x70,

    /* U+041A "К" */
    0x7e, 0x0, 0xcb, 0xe6, 0x1, 0xc5, 0x54, 0x30,
    0xe, 0xf6, 0x50, 0x8, 0x45, 0x43, 0x20, 0x10,
    0xf7, 0x17, 0xc0, 0x30, 0xdd, 0x8a, 0x0, 0x39,
    0x11, 0xc8, 0xc0, 0x1e, 0x37, 0x91, 0x0, 0xf4,
    0x15, 0x0, 0x7d, 0xc8, 0xc0,

    /* U+041B "Л" */
    0x0, 0x37, 0xff, 0xa0, 0x2, 0x2b, 0xbc, 0x20,
    0x10, 0x89, 0x13, 0x18, 0x6, 0x70, 0xf, 0xde,
    0x1, 0xfc, 0x22, 0x0, 0xfc, 0x44, 0x0, 0xfc,
    0x9a, 0x1, 0xe4, 0xb0, 0x40, 0xf, 0x7a, 0xc8,
    0x80, 0x78,

    /* U+041C "М" */
    0x7e, 0x0, 0xf9, 0xf8, 0x6, 0x0, 0x38, 0x60,
    0x40, 0xe, 0x40, 0x1a, 0xc0, 0x21, 0x49, 0x0,
    0x8d, 0x5c, 0x2, 0x94, 0x40, 0x3, 0xdf, 0x80,
    0x22, 0x79, 0x5, 0x28, 0x0, 0xe8, 0x37, 0xb8,
    0x0, 0xfa, 0xe0, 0x98, 0x3, 0xe5, 0x57, 0x80,
    0x7f, 0x51, 0x80, 0x60,

    /* U+041D "Н" */
    0x7e, 0x0, 0xe7, 0xf0, 0xf, 0xfe, 0x80, 0xff,
    0xf4, 0x0, 0x59, 0x9c, 0xc0, 0x1, 0x33, 0xee,
    0x0, 0xff, 0xe8, 0x0,

    /* U+041E "О" */
    0x0, 0x9b, 0x3f, 0xd8, 0xa0, 0x1d, 0x92, 0xb3,
    0x26, 0xaa, 0x0, 0x52, 0x79, 0x2c, 0xca, 0xb5,
    0x70, 0x3, 0x41, 0x80, 0x64, 0x69, 0x3, 0x5,
    0x0, 0xf6, 0x8, 0x80, 0x3f, 0xf8, 0x4, 0xa,
    0x1, 0xec, 0x11, 0x9a, 0xc, 0x3, 0x2b, 0x48,
    0x2, 0x4f, 0x25, 0x99, 0x54, 0x57, 0x0, 0xb2,
    0x16, 0x64, 0xd5, 0x40, 0x0,

    /* U+041F "П" */
    0x7f, 0xff, 0xc0, 0x37, 0x7c, 0xc0, 0x12, 0x27,
    0x78, 0x7, 0xff, 0xd0,

    /* U+0420 "Р" */
    0x7f, 0xfd, 0xb0, 0x1, 0xae, 0xd4, 0xad, 0x80,
    0x1, 0x44, 0x2c, 0x51, 0xa0, 0x7, 0x90, 0x8,
    0x3, 0xc4, 0x6, 0x1, 0x85, 0x38, 0x54, 0x7,
    0xfd, 0xd6, 0xf8, 0x1, 0x66, 0x5d, 0x64, 0x0,
    0x13, 0x38, 0x40, 0x3f, 0xf8, 0x0,

    /* U+0421 "С" */
    0x0, 0x9f, 0x3f, 0xd8, 0xa0, 0x16, 0x42, 0xcc,
    0x9a, 0x94, 0x24, 0xf2, 0x59, 0x95, 0x8a, 0xd,
    0x6, 0x1, 0x8c, 0xc, 0x14, 0x3, 0xff, 0x8a,
    0x60, 0xa0, 0x1f, 0x9a, 0xc, 0x3, 0x18, 0x2,
    0x4f, 0x25, 0x99, 0x58, 0xa0, 0xc, 0x85, 0x99,
    0x35, 0xa8,

    /* U+0422 "Т" */
    0xdf, 0xff, 0x93, 0xae, 0xca, 0x37, 0x72, 0x9a,
    0x23, 0x41, 0x12, 0x10, 0xf, 0xff, 0x98,

    /* U+0423 "У" */
    0x8e, 0x0, 0xe1, 0xf4, 0x91, 0x60, 0xd, 0x6,
    0x82, 0xf0, 0x1, 0xb, 0x40, 0x2, 0x45, 0x80,
    0x12, 0x68, 0x0, 0x17, 0xb0, 0x17, 0x80, 0xd,
    0x24, 0xb2, 0x68, 0x1, 0x85, 0xe1, 0xe0, 0x3,
    0xd2, 0x48, 0x80, 0xf, 0x10, 0x40, 0x7, 0x3d,
    0xe3, 0x18, 0x7, 0x9, 0x4c, 0x80, 0x38,

    /* U+0424 "Ф" */
    0x0, 0xf2, 0x0, 0x7f, 0xc5, 0x64, 0x1, 0xf1,
    0x4e, 0xe8, 0x37, 0x52, 0x40, 0x12, 0x6a, 0xc5,
    0x5, 0x42, 0xe9, 0x80, 0x29, 0x71, 0x5c, 0x1d,
    0x71, 0x78, 0xc, 0x60, 0x3, 0xe8, 0x23, 0x60,
    0x20, 0xf, 0x88, 0x1c, 0x40, 0x40, 0x3e, 0x20,
    0x74, 0x9, 0x0, 0xfa, 0xc4, 0xc2, 0x5e, 0x4c,
    0x40, 0x4e, 0x5a, 0xc0, 0xd, 0x49, 0x98, 0xc,
    0xc2, 0xda, 0x80, 0x4b, 0xbd, 0x61, 0x7d, 0x88,
    0x0,

    /* U+0425 "Х" */
    0x3f, 0x70, 0x8, 0xbd, 0xc0, 0xde, 0x8, 0x1,
    0xe6, 0xe0, 0x8, 0x3e, 0x8, 0x2e, 0x0, 0xdc,
    0x76, 0xf2, 0x40, 0x18, 0xa1, 0xd, 0x80, 0x3d,
    0xa0, 0x42, 0x1, 0xca, 0xa9, 0xa, 0x0, 0xc3,
    0x6c, 0xca, 0x46, 0x0, 0xa8, 0xe4, 0x11, 0xa4,
    0x81, 0x93, 0x80, 0x29, 0x2e, 0x0,

    /* U+0426 "Ц" */
    0x7e, 0x0, 0xea, 0xc0, 0xf, 0xff, 0xf8, 0x7,
    0x91, 0x38, 0x44, 0x82, 0x3, 0x77, 0xc8, 0x56,
    0xaf, 0xff, 0xf8, 0x3, 0xff, 0x94, 0xec,

    /* U+0427 "Ч" */
    0x8e, 0x0, 0xed, 0x80, 0xf, 0xfe, 0x37, 0x8,
    0x7, 0xc8, 0x16, 0x62, 0x4c, 0x40, 0x54, 0xb9,
    0xdb, 0x40, 0x12, 0xf6, 0xe7, 0x61, 0x0, 0x62,
    0x31, 0x0, 0xff, 0xe4, 0x80,

    /* U+0428 "Ш" */
    0x7e, 0x0, 0xde, 0xa0, 0x14, 0xe0, 0x7, 0xff,
    0xfc, 0x3, 0xff, 0x8c, 0x89, 0x83, 0x51, 0x22,
    0x0, 0xd, 0xde, 0x7, 0xbb, 0x90, 0x0,

    /* U+0429 "Щ" */
    0x7e, 0x0, 0xde, 0xa0, 0x14, 0xe0, 0x7, 0xff,
    0xfc, 0x3, 0xff, 0xac, 0x89, 0x83, 0x51, 0x31,
    0xa0, 0x80, 0xdd, 0xe0, 0x7b, 0xb8, 0x82, 0xd5,
    0xff, 0xff, 0xf8, 0x0, 0x1f, 0xfd, 0x27, 0x60,

    /* U+042A "Ъ" */
    0xdf, 0xfa, 0x0, 0x3e, 0xeb, 0xb0, 0x80, 0x7e,
    0x34, 0x41, 0x80, 0x7f, 0xf0, 0x1f, 0xfe, 0xd7,
    0x0, 0xf3, 0x66, 0x55, 0x10, 0x0, 0xe1, 0x33,
    0x9d, 0x98, 0x1, 0xfe, 0xf1, 0x0, 0xff, 0x78,
    0x80, 0x70, 0x99, 0xd0, 0xd2, 0x1, 0xcd, 0x99,
    0x24, 0xb8, 0x0,

    /* U+042B "Ы" */
    0x7e, 0x0, 0xfd, 0xec, 0x1, 0xff, 0xcd, 0x1f,
    0xfb, 0xa8, 0x80, 0x38, 0x73, 0x2b, 0x7f, 0x0,
    0xf1, 0x9c, 0xbe, 0x48, 0x1, 0xfc, 0x40, 0x40,
    0x1f, 0xc6, 0x4, 0x1, 0xc6, 0x72, 0xf1, 0x20,
    0x6, 0x1c, 0xca, 0x13, 0x0, 0x30,

    /* U+042C "Ь" */
    0x7e, 0x0, 0xff, 0xe7, 0xf, 0xfd, 0xd4, 0x40,
    0x1, 0xcc, 0xad, 0xfc, 0x2, 0x33, 0x97, 0xc9,
    0x0, 0x3c, 0x40, 0x40, 0x1e, 0x30, 0x20, 0x1,
    0x9c, 0xbc, 0x48, 0x3, 0x99, 0x42, 0x60, 0x0,

    /* U+042D "Э" */
    0x4, 0xbe, 0xfd, 0x70, 0x9, 0x2c, 0x66, 0x49,
    0x16, 0x0, 0x4d, 0xa7, 0x69, 0xd5, 0x80, 0x1,
    0x0, 0x62, 0x96, 0x0, 0xdf, 0xfa, 0x4, 0x40,
    0x16, 0x66, 0x80, 0xe, 0x33, 0xda, 0x22, 0x4,
    0x0, 0xc8, 0xac, 0xb, 0x76, 0x66, 0x55, 0xa4,
    0x2, 0xd8, 0x44, 0xbc, 0x58, 0x0,

    /* U+042E "Ю" */
    0x7e, 0x0, 0x86, 0x37, 0xfa, 0x88, 0x3, 0xc5,
    0xed, 0x77, 0xe, 0xa0, 0x7, 0x71, 0xfb, 0x22,
    0xda, 0xd0, 0x4, 0x26, 0x68, 0x10, 0xd, 0x62,
    0xc0, 0x3d, 0x80, 0xe0, 0x1c, 0x25, 0xe0, 0x37,
    0x20, 0x1f, 0xfc, 0x4, 0x60, 0x40, 0xe, 0x12,
    0xf0, 0xc, 0xd0, 0x40, 0x1a, 0x85, 0x80, 0x34,
    0x96, 0xcb, 0x3e, 0xa5, 0x0, 0x7b, 0x21, 0x26,
    0x4f, 0xa8, 0x0,

    /* U+042F "Я" */
    0x0, 0x36, 0xff, 0xeb, 0x8, 0x94, 0xab, 0xb1,
    0x80, 0x1d, 0xd2, 0xa8, 0x86, 0x2, 0xc, 0x0,
    0xf1, 0x81, 0x0, 0x78, 0x52, 0x10, 0x40, 0x3a,
    0x96, 0xfb, 0xfc, 0xa0, 0x1, 0xd1, 0xbc, 0xc2,
    0x0, 0xa, 0x6d, 0xc, 0xc2, 0x0, 0xe5, 0x50,
    0x7, 0x0,

    /* U+0430 "а" */
    0x5, 0xcf, 0xea, 0x10, 0x7, 0x5d, 0xcf, 0x40,
    0xb, 0x74, 0x59, 0x40, 0x2, 0x67, 0x72, 0xc0,
    0x45, 0x76, 0xcf, 0xb0, 0x35, 0x7, 0x21, 0x10,
    0x1, 0x42, 0x9, 0x2c, 0x0, 0x34, 0xbb, 0x30,
    0x0,

    /* U+0431 "б" */
    0x0, 0xff, 0xe0, 0x93, 0x57, 0x10, 0x0, 0xb3,
    0x64, 0x64, 0xc0, 0xb5, 0xf3, 0xed, 0xc4, 0x24,
    0xec, 0xc0, 0x39, 0x2a, 0x9f, 0xec, 0x30, 0x10,
    0x83, 0xba, 0x1c, 0x10, 0x2, 0x4a, 0x2e, 0xc,
    0x88, 0x60, 0x4, 0x24, 0x20, 0x78, 0x1, 0x9,
    0x70, 0x42, 0xd1, 0xa6, 0x3, 0x2, 0x53, 0x65,
    0x3f, 0x88,

    /* U+0432 "в" */
    0xbf, 0xfb, 0xa4, 0x0, 0xbd, 0xca, 0x67, 0x0,
    0x8, 0x94, 0x44, 0xb, 0xdd, 0x13, 0x2, 0xff,
    0xb0, 0x60, 0x0, 0x22, 0x34, 0x40, 0x0, 0x44,
    0x6e, 0xa0, 0xbd, 0xcd, 0x48,

    /* U+0433 "г" */
    0xbf, 0xfd, 0x80, 0x97, 0x77, 0x80, 0xa2, 0x46,
    0x1, 0xff, 0xd2,

    /* U+0434 "д" */
    0x1, 0xff, 0xeb, 0x0, 0xd5, 0x76, 0x40, 0x8,
    0xc1, 0x12, 0x10, 0x8, 0x40, 0x40, 0x3c, 0xe0,
    0x1f, 0x8c, 0xc0, 0x1e, 0x49, 0x54, 0x48, 0x5c,
    0xe8, 0x5a, 0xee, 0x43, 0xe0, 0x9f, 0xfe, 0x90,
    0x23, 0x0, 0xe3, 0x60,

    /* U+0435 "е" */
    0x0, 0x3e, 0xfe, 0x28, 0x5, 0x35, 0x19, 0x74,
    0xa0, 0x4d, 0xea, 0x6f, 0x10, 0x7, 0xd, 0xff,
    0xa0, 0x80, 0x2e, 0xff, 0xe0, 0x40, 0x60, 0x8,
    0x40, 0x2, 0xf1, 0x28, 0xde, 0xa0, 0x8, 0x94,
    0xb8, 0x65, 0x0,

    /* U+0436 "ж" */
    0x4f, 0x20, 0x5, 0xc8, 0x1, 0x3c, 0xd1, 0xb8,
    0x3, 0xd5, 0x6, 0x12, 0x2e, 0x1, 0xa4, 0x9c,
    0x2, 0xb8, 0xf4, 0x6f, 0x68, 0x0, 0xd6, 0x98,
    0x69, 0x87, 0xe0, 0x13, 0x14, 0x9b, 0x91, 0xc2,
    0x20, 0x1, 0xc, 0x40, 0x19, 0x11, 0x21, 0x3,
    0x0, 0x1e, 0x92, 0x60,

    /* U+0437 "з" */
    0x19, 0xef, 0xd8, 0x0, 0xaf, 0x2d, 0xe0, 0x65,
    0x4d, 0xc8, 0x2, 0xce, 0xe3, 0x40, 0x3, 0x7f,
    0x1a, 0x40, 0x2, 0x23, 0x44, 0x35, 0xb2, 0x3b,
    0x2a, 0x15, 0xda, 0x9e, 0x0,

    /* U+0438 "и" */
    0xba, 0x0, 0x8f, 0xd8, 0x3, 0xe, 0x80, 0x7a,
    0x88, 0x3, 0xa1, 0x74, 0x3, 0x2b, 0xd0, 0x80,
    0x4d, 0x50, 0x80, 0x18, 0xd1, 0xc0, 0x38, 0xac,
    0x3, 0x80,

    /* U+0439 "й" */
    0x5, 0xa0, 0x2d, 0x0, 0x94, 0xf7, 0xa4, 0x3,
    0x4e, 0xe2, 0x0, 0x2e, 0x80, 0x23, 0xf6, 0x0,
    0xc3, 0xa0, 0x1e, 0xa2, 0x0, 0xe8, 0x5d, 0x0,
    0xca, 0xf4, 0x20, 0x13, 0x54, 0x20, 0x6, 0x34,
    0x70, 0xe, 0x2b, 0x0, 0xe0,

    /* U+043A "к" */
    0xba, 0x0, 0xb2, 0x80, 0x3a, 0x42, 0x80, 0x33,
    0x3e, 0x80, 0x4b, 0xf3, 0x21, 0x0, 0x93, 0x16,
    0x44, 0x2, 0x13, 0xb0, 0x80, 0xe, 0x1b, 0x64,
    0x0, 0xe5, 0x55, 0x0,

    /* U+043B "л" */
    0x0, 0x7f, 0xf5, 0x0, 0x85, 0x5d, 0x8c, 0x0,
    0x60, 0x89, 0x30, 0x0, 0x40, 0x40, 0x39, 0xc4,
    0x3, 0xc6, 0x40, 0x1c, 0x92, 0x80, 0x1d, 0x27,
    0x20, 0x1c,

    /* U+043C "м" */
    0xbe, 0x0, 0xea, 0xd0, 0x17, 0x0, 0x8d, 0x40,
    0x7, 0x2, 0x0, 0xf3, 0x0, 0x22, 0x24, 0x14,
    0x68, 0x2, 0x97, 0x28, 0x81, 0x80, 0x44, 0xd8,
    0x2a, 0x1, 0xd0, 0x3e, 0x1, 0xe1, 0xe3, 0x0,
    0x80,

    /* U+043D "н" */
    0xba, 0x0, 0x8b, 0xcc, 0x3, 0xff, 0x8a, 0xbf,
    0xf6, 0x80, 0x49, 0x99, 0x58, 0x4, 0x26, 0x73,
    0x0, 0x7f, 0xf1, 0x80,

    /* U+043E "о" */
    0x0, 0x3e, 0xfe, 0xb0, 0x5, 0x31, 0x56, 0xb3,
    0x0, 0x2d, 0x4e, 0x91, 0x2e, 0x28, 0xa, 0x1,
    0x38, 0x28, 0x7, 0xf2, 0x2, 0x80, 0x4e, 0xa,
    0x2f, 0x4e, 0x91, 0x2e, 0x21, 0x10, 0xab, 0x59,
    0x80,

    /* U+043F "п" */
    0xbf, 0xff, 0x10, 0x25, 0xdd, 0x20, 0x10, 0xa2,
    0x60, 0xf, 0xfe, 0xf0,

    /* U+0440 "р" */
    0xb9, 0x8e, 0xfc, 0x30, 0x3, 0x25, 0x63, 0x61,
    0x80, 0xea, 0x1d, 0x24, 0x2, 0x8, 0x5, 0xaa,
    0x2, 0x1, 0x84, 0x0, 0x84, 0x1, 0x5a, 0x80,
    0x3d, 0x96, 0xce, 0x1, 0x6a, 0x29, 0xf0, 0xc0,
    0xf, 0xdf, 0x86, 0x1, 0xff, 0xc5,

    /* U+0441 "с" */
    0x0, 0x3e, 0xfe, 0xb0, 0x2, 0x62, 0xae, 0xa5,
    0x45, 0xa9, 0xd1, 0xf5, 0x50, 0x14, 0x2, 0x20,
    0xf, 0xe4, 0x5, 0x0, 0x88, 0x5, 0xe9, 0xd2,
    0x35, 0x42, 0x21, 0x56, 0xb2, 0xa0,

    /* U+0442 "т" */
    0xff, 0xf6, 0xe5, 0xc0, 0x55, 0xf1, 0xa2, 0x1,
    0x10, 0x60, 0x1f, 0xfd, 0x70,

    /* U+0443 "у" */
    0xb, 0xa0, 0xd, 0x36, 0x1c, 0xa2, 0x1, 0x37,
    0x82, 0x8b, 0x0, 0x18, 0x50, 0x0, 0xd4, 0x0,
    0xa9, 0x0, 0xa4, 0x90, 0xcc, 0xc0, 0x10, 0xa7,
    0x52, 0x88, 0x6, 0xf5, 0x6e, 0x0, 0xe4, 0x22,
    0x20, 0x7, 0x8e, 0x80, 0x34, 0x24, 0x83, 0x80,
    0x63, 0xb4, 0xd0, 0xc,

    /* U+0444 "ф" */
    0x0, 0xef, 0x40, 0xf, 0xfe, 0x83, 0xef, 0x85,
    0xec, 0x88, 0x2, 0x61, 0xe4, 0x1d, 0x5f, 0x0,
    0x9a, 0x69, 0x83, 0x23, 0xc9, 0x9c, 0x18, 0x3,
    0x85, 0x30, 0x3, 0xf9, 0xc1, 0xc1, 0x80, 0x38,
    0x8f, 0x9, 0xa6, 0x4a, 0x6, 0xf8, 0x4c, 0x13,
    0x24, 0xa0, 0x8a, 0x7c, 0x0, 0x9b, 0x7c, 0x2f,
    0x64, 0x40, 0x3f, 0xf9, 0x60,

    /* U+0445 "х" */
    0x6f, 0x20, 0x4, 0x70, 0xb2, 0xf0, 0x1b, 0xe8,
    0x85, 0x94, 0xf3, 0x98, 0x0, 0x69, 0x86, 0x0,
    0x31, 0x1, 0x8, 0x4, 0x53, 0x22, 0xb0, 0xb,
    0x95, 0xb9, 0x58, 0x20, 0xac, 0xa, 0x64, 0x40,

    /* U+0446 "ц" */
    0xba, 0x0, 0x93, 0xc0, 0x3f, 0xfc, 0x82, 0x89,
    0x18, 0x20, 0x1, 0x2e, 0xe8, 0xb, 0x3b, 0xff,
    0xf0, 0x7, 0xf1, 0x8,

    /* U+0447 "ч" */
    0x6f, 0x0, 0x8b, 0xcc, 0x3, 0xff, 0x88, 0xa0,
    0xc0, 0x28, 0x0, 0x37, 0x9f, 0xea, 0x0, 0xa3,
    0xf7, 0xf8, 0x3, 0x88, 0x3, 0xff, 0x80,

    /* U+0448 "ш" */
    0xba, 0x0, 0xf, 0xa0, 0x1, 0xf8, 0x3, 0xff,
    0xd8, 0x28, 0x85, 0x3, 0x44, 0x70, 0x1, 0x2e,
    0xe0, 0x8b, 0xb3, 0x0,

    /* U+0449 "щ" */
    0xba, 0x0, 0xf, 0xa0, 0x1, 0xf8, 0x3, 0xff,
    0xe4, 0x28, 0x85, 0x3, 0x44, 0x60, 0x98, 0x25,
    0xdc, 0x11, 0x76, 0x40, 0xcb, 0xff, 0xfe, 0xb0,
    0xf, 0xf9, 0xa0,

    /* U+044A "ъ" */
    0xff, 0xa8, 0x3, 0xb2, 0xcc, 0x3, 0xc6, 0x8c,
    0x1, 0xfc, 0xbf, 0xda, 0xe0, 0x19, 0x37, 0x2e,
    0x10, 0x2, 0x12, 0x23, 0x9, 0x80, 0x42, 0x33,
    0x9, 0x80, 0x49, 0xdc, 0xb9, 0x40,

    /* U+044B "ы" */
    0xba, 0x0, 0xe5, 0xf0, 0xf, 0xfe, 0x3a, 0xff,
    0x6b, 0x0, 0x65, 0xdc, 0xb9, 0x40, 0xc, 0x44,
    0x61, 0x30, 0xc, 0x22, 0x61, 0x30, 0x9, 0x7b,
    0x97, 0x28, 0x0,

    /* U+044C "ь" */
    0xba, 0x0, 0xff, 0xe4, 0x2f, 0xf6, 0xb8, 0x1,
    0x77, 0x22, 0xc, 0x0, 0x22, 0x29, 0xf8, 0x0,
    0x44, 0xa7, 0x80, 0xbd, 0xc8, 0x82, 0x80,

    /* U+044D "э" */
    0x9, 0xef, 0xd6, 0x0, 0x29, 0x56, 0x44, 0x24,
    0x16, 0xd0, 0xd7, 0x18, 0x80, 0x11, 0xfe, 0xd0,
    0x40, 0x4, 0xee, 0xc0, 0x18, 0x48, 0x8e, 0x8,
    0xda, 0xa6, 0xf4, 0xc4, 0xc9, 0x79, 0x53, 0x20,

    /* U+044E "ю" */
    0xba, 0x0, 0x26, 0x7f, 0x48, 0x80, 0x63, 0xb6,
    0xca, 0x4d, 0x0, 0x86, 0xe, 0x8d, 0x30, 0xd4,
    0x17, 0x92, 0xc0, 0x21, 0x3c, 0x4, 0xb2, 0x0,
    0xfc, 0x28, 0xb4, 0x1, 0x11, 0xe0, 0x5, 0x27,
    0x6a, 0xde, 0x6a, 0x1, 0xe, 0x5, 0x42, 0x68,
    0x0,

    /* U+044F "я" */
    0x3, 0xbe, 0xff, 0x90, 0x34, 0x2e, 0xe0, 0x1,
    0x8c, 0xaa, 0x20, 0x0, 0x40, 0xa0, 0x1c, 0x35,
    0x3f, 0xdc, 0x0, 0x94, 0xdf, 0xfc, 0x1, 0x39,
    0xc0, 0x88, 0x0, 0x31, 0x0, 0xe,

    /* U+0450 "ѐ" */
    0x0, 0x56, 0x88, 0x7, 0xaa, 0x98, 0x20, 0x1e,
    0x7d, 0x10, 0xe, 0x7d, 0xfc, 0x50, 0xa, 0x6a,
    0x32, 0xe9, 0x40, 0x9b, 0xd4, 0xde, 0x20, 0xe,
    0x1b, 0xff, 0x41, 0x0, 0x5d, 0xff, 0xc0, 0x80,
    0xc0, 0x10, 0x80, 0x5, 0xe2, 0x51, 0xbd, 0x40,
    0x11, 0x29, 0x70, 0xca, 0x0,

    /* U+0451 "ё" */
    0x0, 0x44, 0x3, 0x4c, 0x3, 0x5d, 0x82, 0xc8,
    0x3, 0x27, 0x7d, 0x20, 0x5, 0x35, 0x19, 0x74,
    0xa0, 0x4d, 0xea, 0x6f, 0x10, 0x7, 0xd, 0xff,
    0xa0, 0x80, 0x2e, 0xff, 0xe0, 0x40, 0x60, 0x8,
    0x40, 0x2, 0xf1, 0x28, 0xde, 0xa0, 0x8, 0x94,
    0xb8, 0x65, 0x0,

    /* U+0452 "ђ" */
    0x0, 0x5c, 0x80, 0x78, 0xb9, 0x1b, 0xb9, 0xa0,
    0x11, 0x7a, 0x2f, 0xfb, 0x0, 0x30, 0x81, 0xcf,
    0xf6, 0x10, 0x6, 0x64, 0xba, 0x1c, 0x0, 0xc3,
    0xaa, 0xae, 0x14, 0x0, 0x94, 0x40, 0x6, 0x2,
    0x1, 0x8, 0x7, 0xff, 0x6a, 0xe8, 0x3, 0xfe,
    0x24, 0x70, 0x70, 0xe, 0x7a, 0x99, 0x10,

    /* U+0453 "ѓ" */
    0x0, 0xa3, 0x88, 0x0, 0xe9, 0xe4, 0x0, 0x7c,
    0x10, 0xbf, 0xfd, 0x80, 0x97, 0x77, 0x80, 0xa2,
    0x46, 0x1, 0xff, 0xd2,

    /* U+0454 "є" */
    0x0, 0x36, 0xff, 0x48, 0x84, 0x42, 0xf2, 0x8d,
    0x5, 0xf1, 0x8d, 0x29, 0x50, 0x37, 0xfd, 0x20,
    0x1b, 0x76, 0x80, 0x2, 0x2, 0x91, 0x4, 0x0,
    0x2f, 0x10, 0x35, 0xd7, 0x8, 0x95, 0xcb, 0x46,

    /* U+0455 "ѕ" */
    0x3, 0xbf, 0xec, 0x40, 0xd1, 0xba, 0x57, 0x11,
    0x72, 0x22, 0x4c, 0x4e, 0xe9, 0xc8, 0x1, 0x94,
    0x77, 0xac, 0x0, 0x59, 0xc6, 0xb2, 0xd7, 0x45,
    0x47, 0x35, 0xab, 0xb2, 0x58,

    /* U+0456 "і" */
    0xbb, 0x11, 0x26, 0x57, 0x40, 0x1f, 0xfc, 0x20,

    /* U+0457 "ї" */
    0x97, 0x97, 0xa5, 0xa5, 0x39, 0x91, 0x0, 0x7f,
    0xf4, 0x0,

    /* U+0458 "ј" */
    0x0, 0xae, 0xc0, 0x11, 0x10, 0x2, 0x99, 0x0,
    0x57, 0x40, 0x1f, 0xfd, 0xd6, 0x44, 0x61, 0x5d,
    0x95, 0x80,

    /* U+0459 "љ" */
    0x0, 0x7f, 0xf8, 0x3, 0xc2, 0x15, 0x76, 0x0,
    0xfc, 0x60, 0x89, 0x0, 0x7e, 0x10, 0x10, 0xd,
    0xfd, 0xae, 0x0, 0x71, 0x0, 0xed, 0xc8, 0x83,
    0x1, 0x90, 0x7, 0x11, 0x14, 0xfd, 0x25, 0x0,
    0x39, 0x55, 0x7, 0xf2, 0x72, 0x1, 0xd5, 0x46,
    0x86,

    /* U+045A "њ" */
    0xba, 0x0, 0x93, 0xc4, 0x3, 0xff, 0xa2, 0xbf,
    0xf5, 0x87, 0x7f, 0xb0, 0x81, 0x33, 0x29, 0xb,
    0xcb, 0x1e, 0x1, 0x33, 0x88, 0x14, 0xd2, 0x88,
    0x3, 0xe3, 0x12, 0xb5, 0x0, 0xfb, 0x7b, 0x1a,
    0x80,

    /* U+045B "ћ" */
    0x0, 0x8, 0x80, 0x3f, 0x55, 0x80, 0x79, 0xb5,
    0x17, 0x76, 0x0, 0x9b, 0x51, 0x77, 0x60, 0xf,
    0xa3, 0xbf, 0x8, 0x3, 0x2a, 0x5d, 0xe, 0x0,
    0x61, 0xd5, 0x57, 0xa, 0x0, 0x4a, 0x20, 0x3,
    0x1, 0x0, 0x84, 0x3, 0xff, 0xb0,

    /* U+045C "ќ" */
    0x0, 0x97, 0xd4, 0x3, 0x25, 0xe2, 0x80, 0x64,
    0xe3, 0x0, 0xae, 0x80, 0x2c, 0xa0, 0xe, 0x90,
    0xa0, 0xc, 0xcf, 0xa0, 0x12, 0xfc, 0xc8, 0x40,
    0x24, 0xc5, 0x91, 0x0, 0x84, 0xec, 0x20, 0x3,
    0x86, 0xd9, 0x0, 0x39, 0x55, 0x40,

    /* U+045D "ѝ" */
    0x4, 0xe6, 0x0, 0xe4, 0xcb, 0x50, 0xe, 0x2d,
    0x50, 0xa, 0xe8, 0x2, 0x3f, 0x60, 0xc, 0x3a,
    0x1, 0xea, 0x20, 0xe, 0x85, 0xd0, 0xc, 0xaf,
    0x42, 0x1, 0x35, 0x42, 0x0, 0x63, 0x47, 0x0,
    0xe2, 0xb0, 0xe,

    /* U+045E "ў" */
    0x0, 0x25, 0x81, 0x70, 0x6, 0x43, 0xde, 0xa0,
    0xe, 0x8d, 0xc4, 0x0, 0xae, 0x80, 0x34, 0xd8,
    0x72, 0x88, 0x4, 0xde, 0xa, 0x2c, 0x0, 0x61,
    0x40, 0x3, 0x50, 0x2, 0xa4, 0x2, 0x92, 0x43,
    0x33, 0x0, 0x42, 0x9d, 0x4a, 0x20, 0x1b, 0xd5,
    0xb8, 0x3, 0x90, 0x88, 0x80, 0x1e, 0x3a, 0x0,
    0xd0, 0x92, 0xe, 0x1, 0x8e, 0xd3, 0x40, 0x30,

    /* U+045F "џ" */
    0xba, 0x0, 0xa6, 0xc0, 0x3f, 0xfb, 0x2, 0x89,
    0x10, 0x1, 0x2e, 0xe4, 0xb, 0xfe, 0xd, 0xfb,
    0x0, 0xf8,

    /* U+0462 "Ѣ" */
    0x0, 0xf, 0xa0, 0x7, 0xff, 0x16, 0xff, 0x82,
    0xff, 0xc6, 0x1, 0x56, 0xe0, 0x56, 0xe8, 0xc0,
    0x21, 0x22, 0x5, 0x6e, 0xbf, 0x14, 0x3, 0xa7,
    0x31, 0x6d, 0x48, 0x1, 0x88, 0xcc, 0x94, 0x5c,
    0x1, 0xfc, 0xec, 0x1, 0xfc, 0xea, 0x1, 0x88,
    0xcc, 0x94, 0x54, 0x1, 0xa7, 0x31, 0x43, 0x86,

    /* U+0463 "ѣ" */
    0x2, 0xf2, 0x0, 0xff, 0xe5, 0xfe, 0x86, 0xff,
    0x0, 0x5f, 0x81, 0x9f, 0xc0, 0x18, 0x40, 0x40,
    0x3f, 0x6f, 0xf5, 0x98, 0x6, 0xbd, 0xd0, 0xe8,
    0x6, 0x62, 0x3e, 0x11, 0x0, 0x42, 0x22, 0xe1,
    0x10, 0x5, 0x9d, 0xa3, 0xa0,

    /* U+046A "Ѫ" */
    0x9, 0xff, 0xfe, 0x30, 0x5, 0x94, 0x6e, 0xf1,
    0xb1, 0x80, 0xb, 0x2c, 0x48, 0xab, 0xb4, 0x80,
    0x61, 0xc9, 0x20, 0x7c, 0x70, 0xf, 0x4a, 0x7b,
    0xc4, 0x14, 0x3, 0xad, 0x2a, 0x91, 0xb5, 0x45,
    0x0, 0x95, 0x3d, 0x8, 0x9, 0xdd, 0x60, 0x14,
    0xb1, 0x0, 0x74, 0xb, 0x1, 0x1d, 0x0, 0x7c,
    0xb4, 0x14, 0x46, 0x1, 0xf7, 0x19, 0x0,

    /* U+046B "ѫ" */
    0xe, 0xff, 0xf5, 0x80, 0x24, 0xbb, 0xfd, 0x83,
    0xe0, 0x7, 0x76, 0x81, 0x6c, 0xa0, 0x5, 0x43,
    0x7e, 0x8e, 0x1, 0xd, 0x92, 0x12, 0xc8, 0x5,
    0x61, 0xcb, 0x1a, 0x90, 0x4, 0xb2, 0x20, 0x2,
    0x97, 0xb, 0x42, 0x0, 0xc8, 0x4c,

    /* U+0472 "Ѳ" */
    0x0, 0x9b, 0x3f, 0xd8, 0xa0, 0x1d, 0x92, 0xb5,
    0x2d, 0x54, 0x0, 0xa4, 0xba, 0x55, 0xab, 0x15,
    0xc0, 0xd, 0x62, 0x1, 0x8d, 0xe4, 0xc, 0x2b,
    0xff, 0xce, 0x22, 0x0, 0x56, 0xef, 0xa0, 0x0,
    0x41, 0xa4, 0x5e, 0xc1, 0x19, 0x9c, 0xc0, 0x33,
    0x24, 0x80, 0x24, 0xf2, 0x59, 0x97, 0x2a, 0xe0,
    0x16, 0x42, 0xcc, 0x9e, 0xa8, 0x0,

    /* U+0473 "ѳ" */
    0x0, 0x3e, 0xfe, 0xb0, 0x5, 0x32, 0xab, 0xa9,
    0x80, 0x16, 0xa7, 0x47, 0xa7, 0x14, 0xa, 0xee,
    0xac, 0x14, 0x1, 0xbf, 0xf6, 0x80, 0x10, 0x10,
    0x46, 0xb0, 0x51, 0x78, 0x82, 0xc3, 0xb8, 0x42,
    0x20, 0xb4, 0xb3, 0x0,

    /* U+0474 "Ѵ" */
    0x0, 0xfe, 0x10, 0x9e, 0x0, 0xe1, 0xde, 0x6a,
    0x15, 0x0, 0xd4, 0x72, 0x86, 0x6e, 0x0, 0x89,
    0x2d, 0x88, 0x29, 0x8, 0x0, 0xa2, 0xa0, 0x13,
    0x5, 0x0, 0x29, 0xc0, 0x39, 0x98, 0x6, 0x54,
    0x1, 0xd6, 0x2b, 0x44, 0x60, 0x1c, 0x47, 0x2f,
    0x40, 0x1f, 0x49, 0x8a, 0x80, 0x7c, 0xa2, 0x64,
    0x1, 0x80,

    /* U+0475 "ѵ" */
    0x0, 0xfe, 0xbb, 0x0, 0x6b, 0xf3, 0xe4, 0x20,
    0x2, 0xa4, 0x12, 0x8d, 0x0, 0x39, 0x5c, 0x41,
    0x98, 0x2, 0x9c, 0x1, 0x48, 0xab, 0xa, 0x0,
    0x42, 0x9d, 0x6e, 0x1, 0xde, 0x87, 0x40, 0x1c,
    0x82, 0x46, 0x1, 0x0,

    /* U+048A "Ҋ" */
    0x0, 0x29, 0x80, 0x1c, 0x3, 0xc5, 0x20, 0x72,
    0x1, 0xe7, 0x3d, 0xfd, 0x0, 0xfa, 0x77, 0xc,
    0x3, 0x3f, 0x0, 0x75, 0x78, 0x7, 0xe6, 0x50,
    0xf, 0xc5, 0x24, 0x1, 0xfb, 0xd2, 0xc0, 0x3e,
    0x93, 0xa0, 0xf, 0x95, 0xb4, 0x40, 0x3c, 0x37,
    0x6, 0x1, 0xf6, 0xab, 0x80, 0x7c, 0x25, 0x40,
    0x1f, 0xda, 0x20, 0x1d, 0xe8, 0xfe, 0x60, 0x19,
    0xac, 0x10, 0x3, 0xf1, 0xa0, 0x7, 0xf0, 0xf8,
    0x0,

    /* U+048B "ҋ" */
    0x5, 0xa0, 0x2e, 0x0, 0xca, 0x59, 0xda, 0x1,
    0xd1, 0x98, 0x30, 0xa, 0xe8, 0x2, 0x3f, 0x60,
    0xf, 0x70, 0x7, 0xd4, 0x1, 0xf3, 0x2f, 0x80,
    0x71, 0xcd, 0x90, 0x6, 0x1e, 0x74, 0x0, 0xe4,
    0x68, 0x0, 0xf1, 0x50, 0x6, 0x97, 0xbd, 0x10,
    0xb, 0xc1, 0x40, 0x3c, 0x64, 0x40,

    /* U+048C "Ҍ" */
    0x2, 0xf4, 0x0, 0xff, 0xe2, 0x46, 0x85, 0xff,
    0x90, 0x2, 0x9c, 0xa, 0xdd, 0x20, 0x4, 0x22,
    0xa, 0xdd, 0x7e, 0x28, 0x6, 0x9c, 0xc5, 0xb5,
    0x20, 0x4, 0x46, 0x64, 0xa2, 0xe0, 0xf, 0xce,
    0x20, 0x1f, 0x9c, 0x80, 0x22, 0x33, 0x25, 0x15,
    0x0, 0x53, 0x98, 0xa1, 0xc3,

    /* U+048D "ҍ" */
    0x4, 0xf1, 0x0, 0xea, 0xb0, 0xef, 0xc0, 0xa,
    0xe8, 0x33, 0x74, 0x1, 0x8, 0x83, 0x73, 0xec,
    0x80, 0x36, 0xfe, 0x7, 0x80, 0x62, 0x12, 0xe2,
    0x0, 0xc6, 0x25, 0xc4, 0x1, 0xb7, 0xb0, 0x3c,
    0x0,

    /* U+048E "Ҏ" */
    0x7f, 0xfd, 0xb0, 0x1, 0xae, 0xd5, 0x46, 0xc0,
    0x0, 0xa2, 0x15, 0xe8, 0xd0, 0x3, 0x30, 0x20,
    0x10, 0x6, 0xa7, 0x20, 0x30, 0xd, 0xf1, 0xe2,
    0xa0, 0x3f, 0xec, 0x2, 0xd0, 0xb, 0x32, 0xe6,
    0x90, 0x0, 0x99, 0xc3, 0x26, 0x20, 0x1f, 0x48,
    0x80,

    /* U+048F "ҏ" */
    0xb9, 0x6d, 0xfc, 0x40, 0x9, 0x2a, 0x71, 0x6d,
    0x0, 0x5, 0xa8, 0x72, 0xbe, 0x0, 0x41, 0x0,
    0xbd, 0x0, 0x38, 0x88, 0x60, 0x12, 0x8, 0x27,
    0x6a, 0x0, 0xb, 0x18, 0x88, 0x90, 0x0, 0x78,
    0xbb, 0x11, 0x18, 0x2, 0x5d, 0xfc, 0xe2, 0x0,
    0xf8, 0xdc, 0x3, 0xfc,

    /* U+0490 "Ґ" */
    0x0, 0xe2, 0x70, 0xe, 0x78, 0x0, 0xf9, 0xff,
    0xf5, 0x0, 0x6, 0xef, 0x80, 0x8, 0x9c, 0x1,
    0xff, 0xe5,

    /* U+0491 "ґ" */
    0x0, 0xcc, 0x60, 0x1a, 0xd2, 0xff, 0xe2, 0x0,
    0x25, 0xdc, 0xc0, 0x28, 0x90, 0x80, 0x7f, 0xf4,
    0x80,

    /* U+0492 "Ғ" */
    0x1, 0xff, 0xf2, 0x80, 0x51, 0x77, 0x90, 0x2,
    0x34, 0x4c, 0x20, 0x1f, 0xfc, 0x68, 0xe0, 0xbf,
    0xf9, 0x42, 0x70, 0x27, 0x76, 0x50, 0x12, 0x2,
    0x2c, 0x1, 0xff, 0xc8,

    /* U+0493 "ғ" */
    0x7, 0xff, 0xe0, 0x0, 0xdd, 0xe0, 0x9, 0x13,
    0x0, 0x7c, 0xb0, 0x3d, 0xd0, 0x2b, 0x8f, 0xfc,
    0x0, 0xf0, 0x11, 0x80, 0x3f, 0x0,

    /* U+0494 "Ҕ" */
    0x7f, 0xff, 0x18, 0x0, 0x6e, 0xf8, 0x80, 0x24,
    0x4e, 0x10, 0xf, 0xfe, 0x1, 0xc4, 0xb0, 0x80,
    0x43, 0xa2, 0x2b, 0xf3, 0x0, 0xf, 0x4c, 0x6a,
    0xf0, 0x7, 0xde, 0x42, 0x1, 0xe7, 0x3, 0x0,
    0xf5, 0x89, 0x3f, 0x0, 0x9, 0xdd, 0x20, 0x19,
    0xb6, 0x1d, 0xc0, 0x19, 0xb7, 0xe0, 0x0,

    /* U+0495 "ҕ" */
    0xbf, 0xfd, 0x20, 0x12, 0x5d, 0xe0, 0x8, 0x51,
    0x22, 0x0, 0xc2, 0x86, 0x1, 0x97, 0xaf, 0x30,
    0x20, 0x3, 0xef, 0xd1, 0xa0, 0x3, 0x8, 0x15,
    0xa0, 0x7, 0x8c, 0x1, 0x74, 0x1, 0x60, 0x80,
    0x42, 0xb2, 0xd0, 0x1, 0x3d, 0x24, 0xb0, 0x4,
    0xdf, 0xac, 0x0,

    /* U+0496 "Җ" */
    0x2f, 0x50, 0x9, 0xf8, 0x3, 0x74, 0x81, 0x45,
    0x88, 0x7, 0xd2, 0x72, 0x0, 0x72, 0xb0, 0xf,
    0x23, 0x70, 0x6, 0xe5, 0x50, 0xf8, 0x8, 0xa9,
    0xcc, 0x3, 0x12, 0xd7, 0x38, 0xf7, 0x6, 0x40,
    0x38, 0x95, 0xad, 0x86, 0xec, 0x12, 0x1, 0xd2,
    0x32, 0x9c, 0x8, 0x87, 0x71, 0x0, 0x48, 0x8b,
    0x0, 0xf4, 0xc, 0x0, 0x52, 0x6a, 0x1, 0xf5,
    0xac, 0x9b, 0x97, 0x80, 0x7e, 0x50, 0x6f, 0x7f,
    0x30, 0x9, 0xf8, 0x3, 0x7b, 0x80, 0x7f, 0xf4,
    0x72, 0x80,

    /* U+0497 "җ" */
    0x4f, 0x20, 0x5, 0xc8, 0x1, 0x3c, 0xc1, 0x1b,
    0x80, 0x3d, 0x50, 0x60, 0x9, 0x17, 0x0, 0xd2,
    0x4e, 0x1, 0xae, 0x3d, 0x1b, 0xda, 0x0, 0x3a,
    0xd3, 0xd, 0x30, 0xfc, 0x3, 0x31, 0x49, 0xb9,
    0x1c, 0x22, 0x0, 0x28, 0x62, 0x0, 0xc8, 0x8b,
    0x40, 0x81, 0x80, 0xf, 0x48, 0x5a, 0x47, 0x88,
    0x2, 0xe4, 0x0, 0x5e, 0x1, 0xff, 0xc1, 0x86,

    /* U+0498 "Ҙ" */
    0x18, 0xcf, 0xf6, 0x28, 0x1, 0x52, 0xea, 0x8d,
    0x4a, 0x9, 0x8e, 0xaa, 0xa2, 0xc0, 0xf, 0x21,
    0x78, 0x5, 0xff, 0x5a, 0x30, 0x5, 0x99, 0x4a,
    0xc0, 0x4, 0x67, 0x34, 0xb8, 0x8, 0x7, 0x78,
    0x3, 0x2d, 0xd5, 0x52, 0xee, 0xf, 0x2a, 0xa9,
    0x66, 0x0, 0xa7, 0x42, 0xb1, 0x80, 0x3f, 0xe0,

    /* U+0499 "ҙ" */
    0x19, 0xef, 0xd8, 0x0, 0xaf, 0x2d, 0xe0, 0x65,
    0x4d, 0xc8, 0x2, 0xce, 0xe3, 0x40, 0x3, 0x7f,
    0x1a, 0x40, 0x2, 0x23, 0x44, 0x35, 0xb2, 0x3b,
    0x2a, 0x14, 0x5c, 0x3c, 0x14, 0xf8, 0x6c, 0x0,
    0x42, 0xe6, 0x0,

    /* U+049A "Қ" */
    0x7e, 0x0, 0xcb, 0xe6, 0x1, 0xe2, 0xaa, 0x18,
    0x7, 0xbd, 0x94, 0x3, 0x8, 0xa8, 0x64, 0x3,
    0xf, 0x71, 0x7c, 0x3, 0x86, 0xec, 0x50, 0x1,
    0xe4, 0x47, 0x23, 0x0, 0x7c, 0x6f, 0x22, 0x1,
    0xf4, 0x17, 0x20, 0x80, 0x7b, 0x82, 0xdd, 0xdc,
    0x1, 0x8f, 0xc4, 0x3, 0xff, 0x8f, 0x2a,

    /* U+049B "қ" */
    0xba, 0x0, 0xb2, 0x80, 0x3a, 0x42, 0x80, 0x33,
    0x3e, 0x80, 0x4b, 0xf3, 0x21, 0x0, 0x93, 0x16,
    0x44, 0x2, 0x13, 0xb0, 0x80, 0xe, 0x1b, 0x68,
    0x30, 0xc, 0xa0, 0xfb, 0x74, 0x1, 0x7c, 0x98,
    0x7, 0x96, 0xc0,

    /* U+049C "Ҝ" */
    0x7e, 0x0, 0xc3, 0xce, 0x1, 0xf5, 0x13, 0x80,
    0x45, 0xc0, 0xc9, 0xc0, 0x1e, 0x29, 0xa2, 0x0,
    0x87, 0x47, 0x49, 0x40, 0x30, 0xd0, 0x49, 0x28,
    0x7, 0x38, 0xb2, 0xd8, 0x7, 0x1c, 0x85, 0x8c,
    0x80, 0x61, 0x70, 0x18, 0x63, 0x0, 0xf9, 0xcb,
    0xc0,

    /* U+049D "ҝ" */
    0xba, 0x0, 0xa3, 0x40, 0x38, 0xdf, 0x80, 0x2a,
    0x5e, 0x83, 0x0, 0x2a, 0xa8, 0xdc, 0x2, 0x44,
    0x38, 0xb0, 0x4, 0x22, 0xd7, 0x80, 0xd, 0xb,
    0x21, 0x0, 0x11, 0x0, 0xc3, 0x90,

    /* U+049E "Ҟ" */
    0x2, 0xf3, 0x0, 0x87, 0x9c, 0x1f, 0x43, 0x3e,
    0x3, 0x51, 0xc1, 0xac, 0x2f, 0x66, 0x43, 0x40,
    0x1, 0x60, 0x1, 0xbb, 0x78, 0x7, 0xaf, 0xa5,
    0xc8, 0x3, 0xd3, 0x6a, 0xe2, 0x1, 0xe5, 0x4a,
    0x2a, 0x0, 0xfe, 0x94, 0x60, 0xf, 0xc8, 0xd0,
    0x20, 0x1f, 0xa4, 0xe8, 0x0,

    /* U+049F "ҟ" */
    0x1, 0x10, 0x7, 0xd5, 0x60, 0x1e, 0xe4, 0x5e,
    0xb0, 0xd, 0xe8, 0x8f, 0xa0, 0xc, 0x20, 0x23,
    0x6, 0x50, 0x7, 0xa4, 0x28, 0x3, 0x99, 0xf4,
    0x3, 0x2f, 0xcc, 0x8, 0x6, 0x4c, 0x58, 0x0,
    0xe1, 0x3b, 0x9, 0x0, 0xf0, 0xdb, 0x20, 0x7,
    0x95, 0x54, 0x0,

    /* U+04A0 "Ҡ" */
    0xdf, 0xfa, 0x0, 0x35, 0xe0, 0x75, 0xd8, 0x40,
    0x33, 0xae, 0x81, 0xa2, 0xc, 0x2, 0x48, 0xd1,
    0x0, 0xf0, 0x95, 0x49, 0x80, 0x79, 0xfb, 0x4d,
    0x80, 0x3e, 0x5b, 0x92, 0x50, 0xf, 0x89, 0x19,
    0x96, 0x20, 0x1f, 0xd2, 0x76, 0x1, 0xfe, 0x95,
    0x50, 0x7, 0xf2, 0x35, 0x88,

    /* U+04A1 "ҡ" */
    0xff, 0xa8, 0x2, 0xca, 0xc, 0xb3, 0x0, 0xa4,
    0x68, 0xd, 0x18, 0x0, 0xcf, 0x80, 0x1c, 0xbf,
    0x32, 0x10, 0xe, 0x4c, 0x59, 0x10, 0xe, 0x13,
    0xa0, 0xb0, 0xf, 0xd4, 0xa8, 0x1, 0xf2, 0x2d,
    0x0,

    /* U+04A2 "Ң" */
    0x7e, 0x0, 0xe7, 0xf0, 0xf, 0xfe, 0xc0, 0xff,
    0xf4, 0x0, 0x76, 0x67, 0x30, 0x6, 0x13, 0x3e,
    0xe0, 0xf, 0xfe, 0x4f, 0x2, 0x10, 0x7, 0xc8,
    0x16, 0xaf, 0xc0, 0x1d, 0xbe, 0x40, 0x1f, 0xfc,
    0x9b, 0x40,

    /* U+04A3 "ң" */
    0xba, 0x0, 0x8b, 0xcc, 0x3, 0xff, 0x90, 0xbf,
    0xf6, 0x80, 0x64, 0xcc, 0xac, 0x3, 0x9, 0x9c,
    0xc0, 0x1f, 0xe4, 0x10, 0xe, 0x60, 0x87, 0xba,
    0x0, 0x93, 0xc4, 0x3, 0xf4, 0xa8,

    /* U+04A4 "Ҥ" */
    0x7e, 0x0, 0xed, 0xff, 0xf0, 0x7, 0xfa, 0xef,
    0x80, 0x3f, 0xc8, 0x9c, 0x1, 0xff, 0xc5, 0x1f,
    0xfe, 0x20, 0xf, 0xec, 0xce, 0x0, 0xfe, 0x13,
    0x3e, 0x20, 0xf, 0xff, 0x40,

    /* U+04A5 "ҥ" */
    0xba, 0x0, 0x93, 0xff, 0x94, 0x3, 0xe5, 0xbb,
    0x90, 0x3, 0xed, 0x44, 0x84, 0x17, 0xfe, 0xb0,
    0xf, 0x93, 0x32, 0x90, 0xf, 0x84, 0xce, 0x20,
    0xf, 0xfe, 0x90,

    /* U+04A6 "Ҧ" */
    0x7f, 0xff, 0xc0, 0x1f, 0x86, 0xef, 0x98, 0x3,
    0xfc, 0x89, 0xde, 0x1, 0xff, 0xd5, 0x38, 0x97,
    0x10, 0xf, 0xfb, 0x44, 0x57, 0xc6, 0x1, 0xfe,
    0xe9, 0x8c, 0x4e, 0x0, 0xff, 0xe1, 0x79, 0x10,
    0x3, 0xff, 0x82, 0xe0, 0x1f, 0xfc, 0x3b, 0x2,
    0x7e, 0x0, 0xe6, 0xf0, 0x1, 0x33, 0xc0, 0x7,
    0xfc, 0xdb, 0x2e, 0xe0, 0xf, 0xf9, 0xb7, 0xe0,
    0x0,

    /* U+04A7 "ҧ" */
    0xbf, 0xff, 0x0, 0x7c, 0x97, 0x73, 0x80, 0x7e,
    0x14, 0x4b, 0x40, 0x3f, 0xf8, 0x68, 0x60, 0x1f,
    0xef, 0xbc, 0xe4, 0x0, 0xfd, 0x9f, 0xe4, 0xb0,
    0xf, 0xc6, 0x0, 0xb0, 0x40, 0xf, 0xf0, 0x80,
    0xdd, 0x0, 0x4b, 0xe0, 0x12, 0x3, 0x80, 0x7e,
    0x57, 0xa5, 0x20, 0xf, 0x8a, 0xa5, 0xa8, 0x3,
    0xf1, 0x7f, 0x40, 0x0,

    /* U+04A8 "Ҩ" */
    0x0, 0x2e, 0x8, 0x1e, 0x7f, 0x48, 0x4, 0x74,
    0x82, 0x78, 0x12, 0xcc, 0xc0, 0x4, 0x1c, 0x7,
    0x96, 0x34, 0x49, 0xa0, 0x25, 0x0, 0xe, 0x80,
    0x26, 0x3, 0x20, 0x50, 0x8, 0x80, 0x30, 0x81,
    0x83, 0x80, 0x46, 0x1, 0x84, 0x84, 0x5a, 0x0,
    0x6c, 0x0, 0x8c, 0x54, 0x25, 0x8c, 0x21, 0x8,
    0x1, 0x34, 0x0, 0x75, 0xc8, 0x28, 0xe2, 0x82,
    0x62, 0x0, 0x55, 0xf, 0x64, 0x61, 0x5f, 0x28,

    /* U+04A9 "ҩ" */
    0x1, 0xc4, 0x7, 0xef, 0xb2, 0x0, 0x50, 0x23,
    0x44, 0xdb, 0xf8, 0x12, 0x40, 0x53, 0x3a, 0x71,
    0x1b, 0x2, 0x1, 0x78, 0x0, 0x81, 0xc0, 0x2,
    0x5, 0xc0, 0x2, 0x5, 0x41, 0x60, 0xa6, 0x10,
    0xb5, 0x10, 0xb8, 0x82, 0xab, 0x65, 0xe4, 0x41,
    0x6c, 0xf5, 0x5, 0x7, 0x50,

    /* U+04AA "Ҫ" */
    0x0, 0x9f, 0x3f, 0xd8, 0xa0, 0x16, 0x42, 0xcc,
    0x9a, 0x94, 0x24, 0xf2, 0x59, 0x95, 0x8a, 0xd,
    0x6, 0x1, 0x8c, 0xc, 0x14, 0x3, 0xff, 0x8a,
    0x60, 0xa0, 0x1f, 0x9a, 0xc, 0x3, 0x18, 0x2,
    0x4f, 0x25, 0x99, 0x58, 0xa0, 0xc, 0x85, 0x99,
    0x35, 0xa8, 0x4, 0xf8, 0x51, 0x88, 0x1, 0xff,
    0x0,

    /* U+04AB "ҫ" */
    0x0, 0x3e, 0xfe, 0xb0, 0x2, 0x62, 0xae, 0xa5,
    0x45, 0xa9, 0xd1, 0xf5, 0x50, 0x14, 0x2, 0x20,
    0xf, 0xe4, 0x5, 0x0, 0x88, 0x5, 0xe9, 0xd2,
    0x35, 0x42, 0x21, 0x36, 0xb2, 0xa0, 0x7, 0xd0,
    0xd6, 0x0, 0xc4, 0xe0, 0x10,

    /* U+04AC "Ҭ" */
    0xdf, 0xff, 0x93, 0xae, 0xca, 0x37, 0x72, 0x9a,
    0x23, 0x41, 0x12, 0x10, 0xf, 0xff, 0x27, 0xa,
    0x8, 0x7, 0x30, 0x5b, 0x80, 0x77, 0xf8, 0x40,
    0x3f, 0xf8, 0xb2, 0xa0, 0x0,

    /* U+04AD "ҭ" */
    0xff, 0xf6, 0xe5, 0xc0, 0x55, 0xf1, 0xa2, 0x1,
    0x10, 0x60, 0x1f, 0xfd, 0x4e, 0x40, 0x8, 0xfc,
    0x3, 0xe1, 0x0, 0x0,

    /* U+04AE "Ү" */
    0x9d, 0x0, 0xe6, 0xe0, 0x83, 0x70, 0x8, 0x66,
    0xc0, 0x62, 0x2, 0x0, 0xb3, 0x50, 0x3, 0x15,
    0x81, 0xaf, 0x0, 0x6e, 0x54, 0xe7, 0x20, 0xc,
    0x6b, 0x67, 0x0, 0x1e, 0xb0, 0x90, 0xf, 0x84,
    0x8, 0x3, 0xff, 0x98,

    /* U+04AF "ү" */
    0xbb, 0x0, 0x68, 0xbe, 0x41, 0x0, 0x9b, 0x94,
    0x58, 0x0, 0xa0, 0xa0, 0xd4, 0x0, 0x96, 0x0,
    0x51, 0x21, 0x1d, 0x0, 0x9, 0x3a, 0xd0, 0x80,
    0x2e, 0x56, 0xe0, 0xc, 0xa2, 0x25, 0x0, 0xe4,
    0x50, 0xf, 0xfe, 0x38,

    /* U+04B0 "Ұ" */
    0x9d, 0x0, 0xe6, 0xe0, 0x82, 0x70, 0x8, 0x62,
    0x0, 0x31, 0x1, 0x0, 0x41, 0x30, 0x1, 0xca,
    0x0, 0x9b, 0xc0, 0x34, 0xb1, 0xf2, 0x98, 0x6,
    0x44, 0x69, 0xd8, 0x6, 0x5e, 0x41, 0xf, 0x90,
    0x9, 0x7f, 0x82, 0x7e, 0x40, 0x30, 0x88, 0xc,
    0x40, 0x3f, 0xf8, 0x20,

    /* U+04B1 "ұ" */
    0xba, 0x0, 0xd1, 0x9c, 0xa2, 0x1, 0x35, 0x28,
    0x38, 0x1, 0x5, 0x81, 0xa8, 0x1, 0xca, 0x0,
    0xa3, 0x21, 0x5e, 0x0, 0x19, 0x53, 0x8a, 0x0,
    0x4a, 0xd4, 0xc0, 0x1a, 0x84, 0xe8, 0x2, 0xfd,
    0x0, 0x6f, 0x80, 0x3f, 0xca, 0x9f, 0xe0, 0xf,
    0xe0,

    /* U+04B2 "Ҳ" */
    0x3f, 0x70, 0x8, 0xbd, 0xc0, 0xe2, 0x4, 0x0,
    0xf3, 0x70, 0x3, 0x9f, 0x84, 0x17, 0x0, 0x6e,
    0x2b, 0x79, 0x20, 0xc, 0x52, 0x86, 0xc0, 0x1e,
    0xc0, 0x21, 0x0, 0xe5, 0x55, 0x5, 0x0, 0x61,
    0xb6, 0x5a, 0x46, 0x0, 0xa8, 0xe4, 0x11, 0xa5,
    0x8d, 0x93, 0x80, 0x29, 0x9, 0x86, 0xf3, 0x0,
    0xde, 0xc0, 0x1f, 0xfc, 0x7d, 0xe0,

    /* U+04B3 "ҳ" */
    0x6f, 0x20, 0x4, 0x70, 0x83, 0x2f, 0x1, 0xbe,
    0x88, 0x2, 0xca, 0x79, 0xcc, 0x2, 0x1a, 0x61,
    0x80, 0xe, 0x20, 0x21, 0x0, 0xc5, 0x32, 0x2b,
    0x0, 0xdc, 0xad, 0xcb, 0x26, 0x10, 0x56, 0x5,
    0xd, 0x83, 0x1c, 0x20, 0x7, 0xd0, 0xf, 0xc6,
    0xe2,

    /* U+04B4 "Ҵ" */
    0xcf, 0xff, 0x70, 0x2, 0x70, 0x1, 0xf7, 0x66,
    0xb, 0xb5, 0x0, 0x78, 0xd1, 0x1c, 0x28, 0x90,
    0x7, 0xff, 0xfc, 0x3, 0x85, 0x13, 0x88, 0x50,
    0x40, 0x3a, 0xef, 0x90, 0xad, 0x40, 0x27, 0xff,
    0xfc, 0x1, 0xff, 0xd0, 0x76,

    /* U+04B5 "ҵ" */
    0xff, 0xf2, 0x17, 0x98, 0x65, 0xc8, 0x55, 0xa8,
    0x6, 0x34, 0x50, 0x74, 0x10, 0xf, 0xfe, 0xeb,
    0xa2, 0x1c, 0x14, 0x40, 0x35, 0x5d, 0xa8, 0x25,
    0x40, 0x7, 0xff, 0xe0, 0xf, 0xf9, 0x5c,

    /* U+04B6 "Ҷ" */
    0x8e, 0x0, 0xed, 0x80, 0xf, 0xfe, 0x67, 0x8,
    0x7, 0xf2, 0x5, 0x98, 0x93, 0x10, 0x4, 0x54,
    0xb9, 0xdb, 0x40, 0x1c, 0xbd, 0xb9, 0xd8, 0x40,
    0x1e, 0x23, 0x10, 0xf, 0xfe, 0x1, 0x2a, 0x0,
    0x7f, 0x15, 0x80, 0x7e, 0xfb, 0x0, 0xff, 0xe4,
    0xb3, 0x80,

    /* U+04B7 "ҷ" */
    0x6f, 0x0, 0x8b, 0xcc, 0x3, 0xff, 0x8e, 0xa0,
    0xc0, 0x28, 0x1, 0x1b, 0xcf, 0xf5, 0x0, 0x68,
    0xfd, 0xfe, 0x0, 0xf1, 0x0, 0x48, 0x20, 0x1c,
    0xc1, 0xe, 0x1, 0xc9, 0xe2, 0x1, 0xfa, 0x54,

    /* U+04B8 "Ҹ" */
    0x8d, 0x0, 0xee, 0x80, 0xf, 0xfe, 0x37, 0x90,
    0x3, 0xc0, 0x32, 0x4, 0x0, 0x5, 0x4, 0xd,
    0xdd, 0xe1, 0xd6, 0x1, 0x46, 0xd0, 0x5f, 0x88,
    0x4, 0x4a, 0x8, 0x1, 0xf3, 0x80, 0x7e, 0x80,
    0xc,

    /* U+04B9 "ҹ" */
    0x6e, 0x0, 0x8b, 0xcc, 0x3, 0xfe, 0x21, 0x0,
    0x88, 0x4a, 0xdc, 0x40, 0x8, 0x5a, 0xf1, 0x80,
    0x16, 0xd1, 0x3e, 0x0, 0x65, 0x57, 0x88, 0x7,
    0x4b, 0x0, 0x40,

    /* U+04BA "Һ" */
    0x7e, 0x0, 0xff, 0xe7, 0xc, 0xf7, 0xfa, 0xc8,
    0x2, 0x28, 0xb9, 0x6c, 0x10, 0x1b, 0x64, 0x6f,
    0x17, 0x0, 0xf1, 0x13, 0x80, 0x3f, 0xf9, 0xe0,

    /* U+04BB "һ" */
    0x11, 0x0, 0x7a, 0xac, 0x3, 0xff, 0x99, 0x1d,
    0xf8, 0x40, 0x5, 0x4b, 0xa1, 0xc0, 0x0, 0xe2,
    0xab, 0x84, 0xc1, 0x40, 0x23, 0x6, 0x1, 0x0,
    0xff, 0xe9, 0x0,

    /* U+04BC "Ҽ" */
    0x0, 0xe3, 0xbe, 0xfd, 0x81, 0x0, 0x84, 0x1,
    0x18, 0x11, 0x4a, 0xde, 0x20, 0xde, 0x8, 0xf3,
    0x6c, 0xb1, 0xe7, 0x41, 0xc0, 0x5c, 0x6c, 0x1,
    0x86, 0x10, 0x68, 0x35, 0x4f, 0xff, 0xd4, 0x4,
    0x4e, 0xc3, 0x2c, 0xcf, 0xc6, 0x0, 0x3b, 0x22,
    0x19, 0xfc, 0x1, 0x98, 0x68, 0x3, 0xb, 0x0,
    0x70, 0xea, 0x6b, 0xac, 0x74, 0x8, 0x7, 0x1e,
    0xbc, 0xd2, 0xbf, 0x88, 0x0,

    /* U+04BD "ҽ" */
    0x0, 0xd1, 0xdf, 0xac, 0x0, 0x34, 0xb, 0x68,
    0xca, 0x88, 0x4, 0xe9, 0xa6, 0xb1, 0xbd, 0xb8,
    0x7b, 0x60, 0x6f, 0x75, 0x60, 0x4b, 0xf4, 0x1b,
    0xff, 0xb8, 0x80, 0x8, 0x8, 0x23, 0x0, 0x80,
    0x43, 0x10, 0x95, 0x6c, 0x70, 0xc, 0xf4, 0xb5,
    0x8, 0xc0,

    /* U+04BE "Ҿ" */
    0x0, 0xe3, 0xbe, 0xfd, 0x81, 0x0, 0x84, 0x1,
    0x18, 0x11, 0x4a, 0xde, 0x20, 0xde, 0x8, 0xf3,
    0x6c, 0xb1, 0xe7, 0x41, 0xc0, 0x5c, 0x6c, 0x1,
    0x86, 0x10, 0x68, 0x35, 0x4f, 0xff, 0xd4, 0x4,
    0x4e, 0xc3, 0x2c, 0xcf, 0xc6, 0x0, 0x3b, 0x22,
    0x19, 0xfc, 0x1, 0x98, 0x68, 0x3, 0xb, 0x0,
    0x70, 0xea, 0x6b, 0xac, 0x74, 0x8, 0x7, 0x1e,
    0xbc, 0x52, 0xbf, 0x88, 0x7, 0x8a, 0xac, 0x36,
    0x4, 0x3, 0xff, 0x88,

    /* U+04BF "ҿ" */
    0x0, 0xd1, 0xdf, 0xac, 0x0, 0x34, 0xb, 0x68,
    0xca, 0x88, 0x4, 0xe9, 0xa6, 0xb1, 0xbd, 0xb8,
    0x7b, 0x60, 0x6f, 0x75, 0x60, 0x4b, 0xf4, 0x1b,
    0xff, 0xb8, 0x80, 0x8, 0x8, 0x23, 0x0, 0x80,
    0x43, 0x10, 0x95, 0x6c, 0x70, 0xc, 0xf4, 0x95,
    0x28, 0xc0, 0x1c, 0xbe, 0x1b, 0x22, 0x1, 0xe3,
    0x73, 0x0, 0x80,

    /* U+04C0 "Ӏ" */
    0x7e, 0x0, 0xff, 0xe3, 0x0,

    /* U+04C1 "Ӂ" */
    0x0, 0xc2, 0xc0, 0x3, 0x40, 0xf, 0xe1, 0x82,
    0x8, 0x20, 0xf, 0xf5, 0x76, 0x93, 0x0, 0x7f,
    0x93, 0x36, 0x40, 0x3c, 0x5e, 0xa0, 0x13, 0xf0,
    0x6, 0xe9, 0x2, 0x8b, 0x10, 0xf, 0xa4, 0xe4,
    0x0, 0xe5, 0x60, 0x1e, 0x46, 0xe0, 0xd, 0xca,
    0xa1, 0xf0, 0x11, 0x53, 0x98, 0x6, 0x25, 0xae,
    0x71, 0xee, 0xc, 0x80, 0x71, 0x2b, 0x5b, 0xd,
    0xd8, 0x24, 0x3, 0xa4, 0x65, 0x38, 0x11, 0xe,
    0xe2, 0x0, 0x91, 0x16, 0x1, 0xe8, 0x18, 0x0,
    0xa4, 0xd4, 0x3, 0xeb, 0x54, 0x7, 0x2f, 0x0,
    0xfc, 0xa7, 0x20,

    /* U+04C2 "ӂ" */
    0x0, 0x8b, 0x0, 0x78, 0x3, 0xe2, 0xbc, 0xdb,
    0x0, 0xfc, 0xf9, 0x85, 0x0, 0xc9, 0xe4, 0x0,
    0xb9, 0x0, 0x27, 0x9a, 0x37, 0x0, 0x7a, 0xa0,
    0xc2, 0x45, 0xc0, 0x34, 0x93, 0x80, 0x57, 0x1e,
    0x8d, 0xed, 0x0, 0x1a, 0xd3, 0xd, 0x30, 0xfc,
    0x2, 0x62, 0x93, 0x72, 0x38, 0x44, 0x0, 0x21,
    0x88, 0x3, 0x22, 0x24, 0x20, 0x60, 0x3, 0xd2,
    0x4c,

    /* U+04C3 "Ӄ" */
    0x7e, 0x0, 0xcb, 0xe4, 0x1, 0xc5, 0x54, 0x20,
    0xe, 0xf6, 0x50, 0x8, 0x45, 0x43, 0x20, 0x10,
    0xf7, 0x16, 0x0, 0x30, 0xdd, 0x8e, 0x44, 0x3,
    0x22, 0x34, 0x34, 0x3, 0xc3, 0xe7, 0x0, 0x1e,
    0x27, 0x70, 0x80, 0x7a, 0x41, 0x9f, 0x80, 0x30,
    0x8b, 0x40, 0x39, 0x98, 0x3a, 0x1, 0x8a, 0xe5,
    0x5c,

    /* U+04C4 "ӄ" */
    0xba, 0x0, 0xb2, 0x80, 0x3a, 0x42, 0x80, 0x33,
    0x3e, 0x80, 0x4b, 0xf2, 0xe2, 0x1, 0x26, 0x4b,
    0x28, 0x4, 0x26, 0xcf, 0x62, 0x1, 0xd0, 0x12,
    0x1, 0xe6, 0x50, 0xba, 0x0, 0xb8, 0x80, 0x32,
    0x1d, 0x18, 0x6, 0xdc, 0x1f, 0x0,

    /* U+04C5 "Ӆ" */
    0x0, 0x37, 0xff, 0xa0, 0x3, 0x15, 0xde, 0x10,
    0xc, 0x22, 0x44, 0xc6, 0x1, 0xce, 0x1, 0xfd,
    0xe0, 0x1f, 0xe1, 0x10, 0x7, 0xf1, 0x10, 0x3,
    0xf9, 0x34, 0x3, 0xe3, 0x90, 0x40, 0xe, 0x23,
    0xf7, 0x91, 0x0, 0xe5, 0x8c, 0xe6, 0x0, 0xed,
    0x3c, 0x0, 0xfe, 0x35, 0x0, 0xfe, 0xb2,

    /* U+04C6 "ӆ" */
    0x0, 0x7f, 0xf5, 0x0, 0x4, 0x2a, 0xec, 0x60,
    0x11, 0x82, 0x24, 0xc0, 0x10, 0x80, 0x80, 0x79,
    0xc4, 0x3, 0xe2, 0x20, 0x7, 0x8e, 0xd0, 0x3,
    0x9, 0x68, 0x48, 0x6, 0x48, 0xed, 0x10, 0xa,
    0x8f, 0xc0, 0x3e, 0x64,

    /* U+04C7 "Ӈ" */
    0x7e, 0x0, 0xe7, 0xf0, 0xf, 0xfe, 0x80, 0xff,
    0xf4, 0x0, 0x59, 0x9c, 0xc0, 0x1, 0x33, 0xee,
    0x0, 0xff, 0xe8, 0x3f, 0x0, 0x78, 0x40, 0x38,
    0x83, 0xc, 0x3, 0xbf, 0xc9, 0x20, 0x1d, 0xba,
    0xf4,

    /* U+04C8 "ӈ" */
    0xba, 0x0, 0xde, 0x80, 0x1f, 0xfc, 0x55, 0xff,
    0xc0, 0x12, 0x66, 0x60, 0x8, 0x4c, 0xf0, 0x7,
    0xff, 0x1a, 0xe8, 0x2, 0x10, 0xe, 0x24, 0x90,
    0x50, 0x9, 0x29, 0xa4, 0x40,

    /* U+04C9 "Ӊ" */
    0x7e, 0x0, 0xe7, 0xf0, 0xf, 0xfe, 0xc0, 0xff,
    0xf4, 0x0, 0x76, 0x67, 0x30, 0x6, 0x13, 0x3e,
    0xe0, 0xf, 0xfe, 0xb7, 0xa3, 0xf0, 0x7, 0x3d,
    0x82, 0x0, 0x7e, 0xc4, 0x0, 0xfe, 0xef, 0x0,

    /* U+04CA "ӊ" */
    0xba, 0x0, 0x8b, 0xcc, 0x3, 0xff, 0x90, 0xbf,
    0xf6, 0x80, 0x64, 0xcc, 0xac, 0x3, 0x9, 0x9c,
    0xc0, 0x1f, 0xfc, 0x7c, 0x4b, 0xa0, 0x8, 0xb0,
    0x10, 0x3, 0xca, 0xa0,

    /* U+04CB "Ӌ" */
    0x4f, 0x10, 0xd, 0x56, 0x1, 0xff, 0xc6, 0x70,
    0x20, 0xf, 0x18, 0xf2, 0x9, 0x33, 0x80, 0x34,
    0x2f, 0xb6, 0xc, 0x0, 0x7b, 0xd9, 0xbc, 0x80,
    0x18, 0x4c, 0x80, 0x3f, 0xa, 0x30, 0x7, 0x92,
    0xcc, 0x3, 0xf7, 0xd8, 0x7, 0xff, 0x9, 0xe0,
    0x0,

    /* U+04CC "ӌ" */
    0x7e, 0x0, 0x8b, 0xcc, 0x3, 0xf0, 0x80, 0x7c,
    0x42, 0xc0, 0x2a, 0x0, 0x46, 0x9f, 0xeb, 0x0,
    0xa7, 0xf7, 0xf8, 0x3, 0x88, 0x3, 0xf3, 0xe8,
    0x7, 0xc5, 0xe6, 0x1, 0x85, 0x80, 0x0,

    /* U+04CD "Ӎ" */
    0x7e, 0x0, 0xf9, 0xf8, 0x2, 0x18, 0x0, 0xe1,
    0x81, 0x0, 0xce, 0x20, 0x1a, 0x0, 0x38, 0x52,
    0xc0, 0x22, 0x66, 0x0, 0x74, 0xa9, 0x80, 0x25,
    0xbc, 0x3, 0x89, 0xbc, 0x11, 0x10, 0x1, 0xf4,
    0x1a, 0xcc, 0x8, 0x7, 0xc3, 0x14, 0x6e, 0x1,
    0xfc, 0xe5, 0x60, 0x1f, 0xf6, 0xa8, 0x6, 0xf5,
    0x7e, 0x0, 0xf9, 0xb0, 0x10, 0x3, 0xfc, 0xa6,
    0x20, 0x1f, 0xe3, 0x90,

    /* U+04CE "ӎ" */
    0xbe, 0x0, 0xea, 0xd0, 0x8, 0x5c, 0x2, 0x35,
    0x0, 0xc5, 0x20, 0x14, 0x10, 0x6, 0x52, 0x70,
    0x45, 0xb0, 0xe, 0xf8, 0x18, 0x81, 0x80, 0x71,
    0xa6, 0x8b, 0x0, 0x7d, 0x27, 0x20, 0x1f, 0x8b,
    0x10, 0x0, 0x5e, 0x17, 0x0, 0x3, 0x0, 0x2c,
    0x20, 0x7, 0xf7, 0x60, 0x0,

    /* U+04CF "ӏ" */
    0x11, 0x55, 0x80, 0x7f, 0xf2, 0x0,

    /* U+04D0 "Ӑ" */
    0x0, 0x9c, 0x0, 0x4a, 0x1, 0xe9, 0x30, 0xbd,
    0x0, 0xf6, 0xfe, 0x84, 0x0, 0x78, 0xf3, 0x64,
    0x3, 0xf4, 0xf9, 0x80, 0x7c, 0x2c, 0x52, 0x1,
    0xf4, 0x9f, 0x28, 0x80, 0x79, 0xa4, 0xd2, 0x40,
    0x39, 0x8d, 0x43, 0xd8, 0x3, 0xae, 0xc0, 0x4,
    0x36, 0x0, 0x90, 0xa7, 0xfe, 0x2b, 0x0, 0xbd,
    0xb3, 0x38, 0x94, 0x9, 0x2c, 0xcf, 0x9a, 0x42,
    0xcc, 0x80, 0x3a, 0x8c, 0xc0,

    /* U+04D1 "ӑ" */
    0x1, 0xe0, 0x6, 0x90, 0x0, 0x63, 0x31, 0x44,
    0x1, 0x36, 0x61, 0xc0, 0x25, 0xcf, 0xea, 0x10,
    0x7, 0x5d, 0xcf, 0x40, 0xb, 0x74, 0x59, 0x40,
    0x2, 0x67, 0x72, 0xc0, 0x45, 0x76, 0xcf, 0xb0,
    0x35, 0x7, 0x21, 0x10, 0x1, 0x42, 0x9, 0x2c,
    0x0, 0x34, 0xbb, 0x30, 0x0,

    /* U+04D2 "Ӓ" */
    0x0, 0xa2, 0x1, 0xc6, 0x1, 0xeb, 0xb0, 0x41,
    0x80, 0x78, 0xcc, 0xc, 0x1, 0xfa, 0x7c, 0xc0,
    0x3e, 0x16, 0x29, 0x0, 0xfa, 0x4f, 0x94, 0x40,
    0x3c, 0xd2, 0x69, 0x20, 0x1c, 0xc6, 0xa1, 0xec,
    0x1, 0xd7, 0x60, 0x2, 0x1b, 0x0, 0x48, 0x53,
    0xff, 0x15, 0x80, 0x5e, 0xd9, 0x9c, 0x4a, 0x4,
    0x96, 0x67, 0xcd, 0x21, 0x66, 0x40, 0x1d, 0x46,
    0x60,

    /* U+04D3 "ӓ" */
    0x0, 0x62, 0x1e, 0x80, 0x69, 0x52, 0xb0, 0x9,
    0x67, 0xbf, 0x4, 0x1, 0xd7, 0x73, 0xd0, 0x2,
    0xdd, 0x16, 0x50, 0x0, 0x99, 0xdc, 0xb0, 0x11,
    0x5d, 0xb3, 0xec, 0xd, 0x41, 0xc8, 0x44, 0x0,
    0x50, 0x82, 0x4b, 0x0, 0xd, 0x2e, 0xcc, 0x0,
    0x0,

    /* U+04D4 "Ӕ" */
    0x0, 0xe5, 0xff, 0xfb, 0x0, 0x3a, 0xd4, 0x22,
    0xef, 0x78, 0x6, 0x83, 0x80, 0x34, 0x4c, 0x60,
    0x11, 0x3f, 0x0, 0x7f, 0xd2, 0xc6, 0x0, 0xbf,
    0xfc, 0x40, 0x4, 0x59, 0x0, 0xa7, 0x33, 0x10,
    0x2, 0x47, 0xfd, 0xa0, 0x46, 0x78, 0x0, 0xe1,
    0x99, 0x58, 0x7, 0xc3, 0x12, 0x67, 0x30, 0x1a,
    0x27, 0x41, 0xa0, 0x7, 0x45, 0xdf, 0x0,

    /* U+04D5 "ӕ" */
    0x5, 0xcf, 0xf5, 0xa, 0xef, 0xeb, 0x80, 0x5d,
    0x76, 0xa7, 0xfa, 0xa5, 0xd4, 0x40, 0x1, 0x6e,
    0x8b, 0x23, 0x2e, 0x8f, 0x6e, 0x0, 0x4c, 0xee,
    0x58, 0x47, 0x75, 0x40, 0x65, 0x76, 0xcf, 0xa0,
    0xbf, 0xfd, 0xc6, 0xc0, 0xe4, 0x26, 0x1e, 0x23,
    0xc0, 0xa1, 0x48, 0xf2, 0xaa, 0xa5, 0x56, 0xb8,
    0xd, 0xbd, 0xd4, 0x55, 0x1a, 0xad, 0x18, 0x0,

    /* U+04D6 "Ӗ" */
    0x2, 0x40, 0x2, 0x90, 0x0, 0x64, 0x6, 0x0,
    0x23, 0xbc, 0xdb, 0x20, 0x9, 0xb3, 0xc, 0x0,
    0x7f, 0xff, 0x38, 0x2, 0xef, 0x94, 0x5, 0x13,
    0x88, 0x3, 0xf8, 0x7f, 0xf6, 0x80, 0x59, 0x9b,
    0xc0, 0x2, 0x67, 0x88, 0x3, 0xfc, 0x28, 0x9c,
    0x60, 0xb, 0xbe, 0x90,

    /* U+04D7 "ӗ" */
    0x0, 0x61, 0x84, 0xb0, 0x6, 0xff, 0x69, 0xb0,
    0x6, 0x3c, 0xda, 0x0, 0xe7, 0xdf, 0xc5, 0x0,
    0xa6, 0xa3, 0x2e, 0x94, 0x9, 0xbd, 0x4d, 0xe2,
    0x0, 0xe1, 0xbf, 0xf4, 0x10, 0x5, 0xdf, 0xfc,
    0x8, 0xc, 0x1, 0x8, 0x0, 0x5e, 0x25, 0x1b,
    0xd4, 0x1, 0x12, 0x97, 0xc, 0xa0,

    /* U+04D8 "Ә" */
    0x0, 0x14, 0xef, 0xf5, 0x18, 0x4, 0x5a, 0xaa,
    0xa9, 0x6c, 0x60, 0x1, 0x6e, 0x42, 0xbe, 0x44,
    0x90, 0x0, 0x80, 0x39, 0xca, 0xdb, 0xff, 0xf1,
    0x29, 0x86, 0x6e, 0xf8, 0xdd, 0xc0, 0xc4, 0x5c,
    0x67, 0x12, 0x58, 0x80, 0x6b, 0xa, 0xa, 0x3f,
    0x85, 0x7d, 0x5a, 0x20, 0x1d, 0x65, 0xa9, 0x7c,
    0x50,

    /* U+04D9 "ә" */
    0x2, 0xbf, 0xf5, 0x98, 0x2, 0x42, 0xa8, 0xf8,
    0x61, 0x56, 0xaa, 0xc2, 0x80, 0x10, 0xd, 0x4a,
    0xdf, 0xfd, 0x0, 0xa1, 0xdf, 0xf3, 0xa9, 0xa6,
    0x2a, 0x43, 0xc0, 0x5a, 0x5d, 0x93, 0xc,

    /* U+04DA "Ӛ" */
    0x0, 0x87, 0x85, 0xe4, 0x3, 0xc3, 0x22, 0x9a,
    0x1, 0xf3, 0x81, 0xa0, 0x7, 0x14, 0xef, 0xf5,
    0x18, 0x4, 0x5a, 0xaa, 0xa9, 0x6c, 0x60, 0x1,
    0x6e, 0x42, 0xbe, 0x44, 0x90, 0x0, 0x80, 0x39,
    0xca, 0xdb, 0xff, 0xf1, 0x29, 0x86, 0x6e, 0xf8,
    0xdd, 0xc0, 0xc4, 0x5c, 0x67, 0x12, 0x58, 0x80,
    0x6b, 0xa, 0xa, 0x3f, 0x85, 0x7d, 0x5a, 0x20,
    0x1d, 0x65, 0xa9, 0x7c, 0x50,

    /* U+04DB "ӛ" */
    0x0, 0x4c, 0x7, 0x10, 0x5, 0xb6, 0x10, 0x40,
    0x2, 0xfc, 0xfd, 0x30, 0x4, 0x85, 0x51, 0xf0,
    0xc2, 0xad, 0x55, 0x85, 0x0, 0x20, 0x1a, 0x95,
    0xbf, 0xfa, 0x1, 0x43, 0xbf, 0xe7, 0x53, 0x4c,
    0x54, 0x87, 0x80, 0xb4, 0xbb, 0x26, 0x18,

    /* U+04DC "Ӝ" */
    0x0, 0xea, 0x71, 0xe1, 0x0, 0xff, 0x72, 0xc,
    0x8, 0x7, 0xf9, 0xc, 0x18, 0x3, 0xc5, 0xea,
    0x1, 0x3f, 0x0, 0x6e, 0x90, 0x28, 0xb1, 0x0,
    0xfa, 0x4e, 0x40, 0xe, 0x56, 0x1, 0xe4, 0x6e,
    0x0, 0xdc, 0xaa, 0x1f, 0x1, 0x15, 0x39, 0x80,
    0x62, 0x5a, 0xe7, 0x1e, 0xe0, 0xc8, 0x7, 0x12,
    0xb5, 0xb0, 0xdd, 0x82, 0x40, 0x3a, 0x46, 0x53,
    0x81, 0x10, 0xee, 0x20, 0x9, 0x11, 0x60, 0x1e,
    0x81, 0x80, 0xa, 0x4d, 0x40, 0x3e, 0xb5, 0x40,
    0x72, 0xf0, 0xf, 0xca, 0x72, 0x0,

    /* U+04DD "ӝ" */
    0x0, 0xda, 0x6b, 0x80, 0x1f, 0xac, 0x92, 0x40,
    0x32, 0x79, 0x3, 0x54, 0x28, 0x27, 0x9a, 0x37,
    0x0, 0x7a, 0xa0, 0xc2, 0x45, 0xc0, 0x34, 0x93,
    0x80, 0x57, 0x1e, 0x8d, 0xed, 0x0, 0x1a, 0xd3,
    0xd, 0x30, 0xfc, 0x2, 0x62, 0x93, 0x72, 0x38,
    0x44, 0x0, 0x21, 0x88, 0x3, 0x22, 0x24, 0x20,
    0x60, 0x3, 0xd2, 0x4c,

    /* U+04DE "Ӟ" */
    0x2, 0xd0, 0x88, 0x0, 0x62, 0xb0, 0xbb, 0x0,
    0x73, 0x1, 0x98, 0x2, 0x18, 0xcf, 0xf6, 0x28,
    0x1, 0x52, 0xea, 0x8d, 0x4a, 0x9, 0x8e, 0xaa,
    0xa2, 0xc0, 0xf, 0x21, 0x78, 0x5, 0xff, 0x5a,
    0x30, 0x5, 0x99, 0x4a, 0xc0, 0x4, 0x67, 0x34,
    0xb8, 0x8, 0x7, 0x78, 0x3, 0x2d, 0xd5, 0x52,
    0xee, 0xf, 0x2a, 0xa9, 0x66, 0x0,

    /* U+04DF "ӟ" */
    0x3, 0xd0, 0x98, 0x0, 0x15, 0x86, 0xd8, 0xc,
    0x43, 0xe6, 0xc0, 0x2b, 0xcb, 0x78, 0x19, 0x53,
    0x72, 0x0, 0xb3, 0xb8, 0xd0, 0x0, 0xdf, 0xc6,
    0x90, 0x0, 0x88, 0xd1, 0xd, 0x6c, 0x8e, 0xca,
    0x85, 0x76, 0xa7, 0x80,

    /* U+04E0 "Ӡ" */
    0x3f, 0xff, 0x48, 0x1d, 0xde, 0x50, 0xa0, 0x2,
    0x24, 0x2b, 0x66, 0x1, 0x92, 0xad, 0x0, 0x3a,
    0x2, 0x64, 0x1, 0xdb, 0x96, 0xf4, 0x1, 0x84,
    0xda, 0x54, 0x0, 0x20, 0x1b, 0xc4, 0x1b, 0xe5,
    0x55, 0x2e, 0xc0, 0xd0, 0xb5, 0x44, 0x88, 0x0,

    /* U+04E1 "ӡ" */
    0xf, 0xff, 0x40, 0x5d, 0xe6, 0xb, 0x4, 0x49,
    0x99, 0x26, 0x1, 0xb9, 0x18, 0x3, 0x41, 0xf8,
    0x7, 0x9, 0x5e, 0x90, 0x5, 0x3b, 0xc1, 0x0,
    0x1c, 0x34, 0x80, 0x60, 0x1b, 0x48, 0x72, 0x95,
    0x25, 0x68, 0x6c, 0x6e, 0xc9, 0x2c,

    /* U+04E2 "Ӣ" */
    0x0, 0x3f, 0x76, 0x0, 0xcf, 0xdd, 0x80, 0x3f,
    0xe7, 0xe0, 0xe, 0xaf, 0x0, 0xf3, 0x28, 0x7,
    0x8e, 0x48, 0x3, 0xdc, 0x96, 0x1, 0xd4, 0x74,
    0x1, 0xcc, 0xba, 0x20, 0x18, 0xe6, 0xc, 0x3,
    0xf, 0x23, 0x80, 0x78, 0xe8, 0x3, 0xed, 0x10,
    0xe,

    /* U+04E3 "ӣ" */
    0x7, 0xee, 0xc0, 0x13, 0xf7, 0x60, 0x5, 0xd0,
    0x4, 0x7e, 0xc0, 0x18, 0x74, 0x3, 0xd4, 0x40,
    0x1d, 0xb, 0xa0, 0x19, 0x5e, 0x84, 0x2, 0x6a,
    0x84, 0x0, 0xc6, 0x8e, 0x1, 0xc5, 0x60, 0x1c,

    /* U+04E4 "Ӥ" */
    0x0, 0x17, 0x4, 0x48, 0x6, 0x28, 0xb, 0xd0,
    0xe, 0x60, 0x34, 0x0, 0x3f, 0x0, 0x75, 0x78,
    0x7, 0x99, 0x40, 0x3c, 0x72, 0x40, 0x1e, 0xe4,
    0xb0, 0xe, 0xa3, 0xa0, 0xe, 0x65, 0xd1, 0x0,
    0xc7, 0x30, 0x60, 0x18, 0x79, 0x1c, 0x3, 0xc7,
    0x40, 0x1f, 0x68, 0x80, 0x70,

    /* U+04E5 "ӥ" */
    0x1, 0xe1, 0x79, 0x0, 0x86, 0x5, 0x34, 0x1,
    0x74, 0xc0, 0x6f, 0xec, 0x1, 0x87, 0x40, 0x3d,
    0x44, 0x1, 0xd0, 0xba, 0x1, 0x95, 0xe8, 0x40,
    0x26, 0xa8, 0x40, 0xc, 0x68, 0xe0, 0x1c, 0x56,
    0x1, 0xc0,

    /* U+04E6 "Ӧ" */
    0x0, 0xda, 0x6b, 0x80, 0x1f, 0xac, 0x92, 0x40,
    0x3f, 0x30, 0x89, 0x40, 0x3e, 0x6c, 0xff, 0x62,
    0x80, 0x76, 0x4a, 0xcc, 0x9a, 0xa8, 0x1, 0x49,
    0xe4, 0xb3, 0x2a, 0xd5, 0xc0, 0xd, 0x6, 0x1,
    0x91, 0xa4, 0xc, 0x14, 0x3, 0xd8, 0x22, 0x0,
    0xff, 0xe0, 0x10, 0x28, 0x7, 0xb0, 0x46, 0x68,
    0x30, 0xc, 0xad, 0x20, 0x9, 0x3c, 0x96, 0x65,
    0x51, 0x5c, 0x2, 0xc8, 0x59, 0x93, 0x55, 0x0,
    0x0,

    /* U+04E7 "ӧ" */
    0x0, 0x35, 0x86, 0x28, 0x6, 0x4e, 0x9, 0x40,
    0xc, 0xb1, 0xf0, 0xe0, 0x14, 0xc5, 0x5a, 0xcc,
    0x0, 0xb5, 0x3a, 0x44, 0xb8, 0xa0, 0x28, 0x4,
    0xe0, 0xa0, 0x1f, 0xc8, 0xa, 0x1, 0x38, 0x28,
    0xbd, 0x3a, 0x44, 0xb8, 0x84, 0x42, 0xad, 0x66,
    0x0,

    /* U+04E8 "Ө" */
    0x0, 0x9b, 0x3f, 0xd8, 0xa0, 0x1d, 0x92, 0xb5,
    0x2d, 0x54, 0x0, 0xa4, 0xba, 0x55, 0xab, 0x15,
    0xc0, 0xd, 0x62, 0x1, 0x8d, 0xe4, 0xc, 0x2b,
    0xff, 0xce, 0x22, 0x0, 0x56, 0xef, 0xa0, 0x0,
    0x41, 0xa4, 0x5e, 0xc1, 0x19, 0x9c, 0xc0, 0x33,
    0x24, 0x80, 0x24, 0xf2, 0x59, 0x97, 0x2a, 0xe0,
    0x16, 0x42, 0xcc, 0x9e, 0xa8, 0x0,

    /* U+04E9 "ө" */
    0x0, 0x3e, 0xfe, 0xb0, 0x5, 0x32, 0xab, 0xa9,
    0x80, 0x16, 0xa7, 0x47, 0xa7, 0x14, 0xa, 0xee,
    0xac, 0x14, 0x1, 0xbf, 0xf6, 0x80, 0x10, 0x10,
    0x46, 0xb0, 0x51, 0x78, 0x82, 0xc3, 0xb8, 0x42,
    0x20, 0xb4, 0xb3, 0x0,

    /* U+04EA "Ӫ" */
    0x0, 0xda, 0x6b, 0x80, 0x1f, 0xac, 0x92, 0x40,
    0x3f, 0x30, 0x89, 0x40, 0x3e, 0x6c, 0xff, 0x62,
    0x80, 0x76, 0x4a, 0xd4, 0xb5, 0x50, 0x2, 0x92,
    0xe9, 0x56, 0xac, 0x57, 0x0, 0x35, 0x88, 0x6,
    0x37, 0x90, 0x30, 0xaf, 0xff, 0x38, 0x88, 0x1,
    0x5b, 0xbe, 0x80, 0x1, 0x6, 0x91, 0x7b, 0x4,
    0x66, 0x73, 0x0, 0xcc, 0x92, 0x0, 0x93, 0xc9,
    0x66, 0x5c, 0xab, 0x80, 0x59, 0xb, 0x32, 0x7a,
    0xa0, 0x0,

    /* U+04EB "ӫ" */
    0x0, 0x35, 0x86, 0x28, 0x6, 0x4e, 0x9, 0x40,
    0xc, 0xb1, 0xf0, 0xe0, 0x14, 0xca, 0xae, 0xa6,
    0x0, 0x5a, 0x9d, 0x1e, 0x9c, 0x50, 0x2b, 0xba,
    0xb0, 0x50, 0x6, 0xff, 0xda, 0x0, 0x40, 0x41,
    0x1a, 0xc1, 0x45, 0xe2, 0xb, 0xe, 0xe1, 0x8,
    0x82, 0xd2, 0xcc, 0x0,

    /* U+04EC "Ӭ" */
    0x0, 0x2d, 0x86, 0x28, 0x7, 0x3f, 0x4, 0xb8,
    0x7, 0x12, 0x82, 0x90, 0x6, 0x4b, 0xef, 0xd7,
    0x0, 0x92, 0xc6, 0x64, 0x91, 0x60, 0x4, 0xda,
    0x76, 0x9d, 0x58, 0x0, 0x10, 0x6, 0x29, 0x60,
    0xd, 0xff, 0xa0, 0x44, 0x1, 0x66, 0x68, 0x0,
    0xe3, 0x3d, 0xa2, 0x20, 0x40, 0xc, 0x8a, 0xc0,
    0xb7, 0x66, 0x65, 0x5a, 0x40, 0x2d, 0x84, 0x4b,
    0xc5, 0x80, 0x0,

    /* U+04ED "ӭ" */
    0x3, 0xd0, 0x98, 0x0, 0x8a, 0xc3, 0x6c, 0x2,
    0x88, 0x7c, 0xa8, 0x1, 0x4a, 0xb2, 0x21, 0x20,
    0xb6, 0x86, 0xb8, 0xc4, 0x0, 0x8f, 0xf6, 0x82,
    0x0, 0x27, 0x76, 0x0, 0xc2, 0x44, 0x70, 0x46,
    0xd5, 0x37, 0xa6, 0x26, 0x4b, 0xca, 0x99, 0x0,

    /* U+04EE "Ӯ" */
    0x0, 0x3f, 0x76, 0x0, 0xe7, 0xee, 0xc0, 0x14,
    0x70, 0x7, 0xf, 0xa4, 0x8b, 0x0, 0x68, 0x34,
    0x17, 0x80, 0x8, 0x5a, 0x0, 0x12, 0x2c, 0x0,
    0x93, 0x40, 0x0, 0xbd, 0x80, 0xbc, 0x0, 0x69,
    0x25, 0x93, 0x40, 0xc, 0x2f, 0xf, 0x0, 0x1e,
    0x92, 0x44, 0x0, 0x78, 0x82, 0x0, 0x39, 0xef,
    0x18, 0xc0, 0x38, 0x4a, 0x64, 0x1, 0xc0,

    /* U+04EF "ӯ" */
    0x0, 0x37, 0x76, 0x10, 0x9, 0xbb, 0xb0, 0x80,
    0x2e, 0x80, 0x34, 0xd8, 0x72, 0x88, 0x4, 0xde,
    0xa, 0x2c, 0x0, 0x61, 0x40, 0x3, 0x50, 0x2,
    0xa4, 0x2, 0x92, 0x43, 0x33, 0x0, 0x42, 0x9d,
    0x4a, 0x20, 0x1b, 0xd5, 0xb8, 0x3, 0x90, 0x88,
    0x80, 0x1e, 0x3a, 0x0, 0xd0, 0x92, 0xe, 0x1,
    0x8e, 0xd3, 0x40, 0x30,

    /* U+04F0 "Ӱ" */
    0x0, 0x98, 0xd, 0x0, 0x38, 0xa0, 0x53, 0x40,
    0x38, 0xb8, 0x5e, 0x40, 0x28, 0xe0, 0xe, 0x1f,
    0x49, 0x16, 0x0, 0xd0, 0x68, 0x2f, 0x0, 0x10,
    0xb4, 0x0, 0x24, 0x58, 0x1, 0x26, 0x80, 0x1,
    0x7b, 0x1, 0x78, 0x0, 0xd2, 0x4b, 0x26, 0x80,
    0x18, 0x5e, 0x1e, 0x0, 0x3d, 0x24, 0x88, 0x0,
    0xf1, 0x4, 0x0, 0x73, 0xde, 0x31, 0x80, 0x70,
    0x94, 0xc8, 0x3, 0x80,

    /* U+04F1 "ӱ" */
    0x0, 0xf, 0xb, 0xd0, 0x6, 0x18, 0x15, 0xe0,
    0xa, 0xe9, 0x80, 0x92, 0x6c, 0x39, 0x44, 0x2,
    0x6f, 0x5, 0x16, 0x0, 0x30, 0xa0, 0x1, 0xa8,
    0x1, 0x52, 0x1, 0x49, 0x21, 0x99, 0x80, 0x21,
    0x4e, 0xa5, 0x10, 0xd, 0xea, 0xdc, 0x1, 0xc8,
    0x44, 0x40, 0xf, 0x1d, 0x0, 0x68, 0x49, 0x7,
    0x0, 0xc7, 0x69, 0xa0, 0x18,

    /* U+04F2 "Ӳ" */
    0x0, 0x87, 0x92, 0x68, 0x3, 0xa9, 0x81, 0x2c,
    0x3, 0xae, 0x13, 0x44, 0x1, 0x1c, 0x1, 0xc3,
    0xe9, 0x22, 0xc0, 0x1a, 0xd, 0x5, 0xe0, 0x2,
    0x16, 0x80, 0x4, 0x8b, 0x0, 0x24, 0xd0, 0x0,
    0x2f, 0x60, 0x2f, 0x0, 0x1a, 0x49, 0x64, 0xd0,
    0x3, 0xb, 0xc3, 0xc0, 0x7, 0xa4, 0x91, 0x0,
    0x1e, 0x20, 0x80, 0xe, 0x7b, 0xc6, 0x30, 0xe,
    0x12, 0x99, 0x0, 0x70,

    /* U+04F3 "ӳ" */
    0x0, 0x87, 0x92, 0x6c, 0x3, 0x5b, 0x3a, 0x50,
    0x6, 0xa8, 0x3d, 0x10, 0x5, 0xd0, 0x6, 0x9b,
    0xe, 0x51, 0x0, 0x9b, 0xc1, 0x45, 0x80, 0xc,
    0x28, 0x0, 0x6a, 0x0, 0x54, 0x80, 0x52, 0x48,
    0x66, 0x60, 0x8, 0x53, 0xa9, 0x44, 0x3, 0x7a,
    0xb7, 0x0, 0x72, 0x11, 0x10, 0x3, 0xc7, 0x40,
    0x1a, 0x12, 0x41, 0xc0, 0x31, 0xda, 0x68, 0x6,

    /* U+04F4 "Ӵ" */
    0x0, 0x2d, 0x85, 0xa8, 0x6, 0x7e, 0xe, 0x70,
    0xc, 0x4a, 0xa, 0x40, 0x8, 0xe0, 0xe, 0xd8,
    0x0, 0xff, 0xe3, 0x70, 0x80, 0x7c, 0x81, 0x66,
    0x24, 0xc4, 0x5, 0x4b, 0x9d, 0xb4, 0x1, 0x2f,
    0x6e, 0x76, 0x10, 0x6, 0x23, 0x10, 0xf, 0xfe,
    0x48,

    /* U+04F5 "ӵ" */
    0x0, 0x71, 0x35, 0x80, 0x68, 0x24, 0xe0, 0x3,
    0x7b, 0x1, 0x3f, 0x98, 0x7, 0xff, 0x11, 0x41,
    0x80, 0x50, 0x0, 0x6f, 0x3f, 0xd4, 0x1, 0x47,
    0xef, 0xf0, 0x7, 0x10, 0x7, 0xff, 0x0,

    /* U+04F6 "Ӷ" */
    0x7f, 0xff, 0x0, 0xdd, 0xf0, 0x1, 0x13, 0x80,
    0x3f, 0xfa, 0xfc, 0x28, 0x20, 0x13, 0x5, 0xb8,
    0x5, 0xfe, 0x10, 0xf, 0xfe, 0xc, 0xa8, 0x4,

    /* U+04F7 "ӷ" */
    0xbf, 0xfd, 0x80, 0x97, 0x77, 0x80, 0xa2, 0x46,
    0x1, 0xff, 0xc6, 0x54, 0x30, 0x8, 0x45, 0xc0,
    0x17, 0xc0, 0x7, 0x25, 0x80, 0x40,

    /* U+04F8 "Ӹ" */
    0x0, 0xda, 0x69, 0x80, 0x1f, 0xac, 0x96, 0x40,
    0x3f, 0x30, 0x89, 0x40, 0x33, 0xf0, 0x7, 0xef,
    0x60, 0xf, 0xfe, 0x68, 0xff, 0xdd, 0x44, 0x1,
    0xc3, 0x99, 0x5b, 0xf8, 0x7, 0x8c, 0xe5, 0xf2,
    0x40, 0xf, 0xe2, 0x2, 0x0, 0xfe, 0x30, 0x20,
    0xe, 0x33, 0x97, 0x89, 0x0, 0x30, 0xe6, 0x50,
    0x98, 0x1, 0x80,

    /* U+04F9 "ӹ" */
    0x0, 0xf, 0xb, 0x50, 0x6, 0x18, 0x14, 0xe0,
    0x5, 0xd0, 0x30, 0x12, 0x2f, 0x80, 0x7f, 0xf1,
    0xd7, 0xfb, 0x58, 0x3, 0x2e, 0xe5, 0xca, 0x0,
    0x62, 0x23, 0x9, 0x80, 0x61, 0x13, 0x9, 0x80,
    0x4b, 0xdc, 0xb9, 0x40, 0x0,

    /* U+04FA "Ӻ" */
    0x1, 0xff, 0xf2, 0x80, 0x51, 0x77, 0x90, 0x2,
    0x34, 0x4c, 0x20, 0x1f, 0xfc, 0x69, 0xe0, 0xbf,
    0xf9, 0x42, 0x30, 0x27, 0x76, 0x50, 0x12, 0x2,
    0x2c, 0x1, 0xc6, 0x60, 0xf, 0xa2, 0x40, 0x38,
    0x7d, 0x0, 0x3c, 0xca, 0x84, 0x1, 0x8a, 0xe9,
    0x60, 0x3, 0x0,

    /* U+04FB "ӻ" */
    0x5, 0xff, 0xd0, 0x1, 0x5d, 0xd4, 0x1, 0x22,
    0x44, 0x1, 0xf3, 0xd0, 0x77, 0x34, 0x1e, 0x43,
    0xfd, 0x80, 0x3, 0x0, 0x8, 0x80, 0x37, 0x10,
    0x4, 0xb8, 0x6, 0x0, 0x43, 0x91, 0x10, 0x3,
    0x30, 0xf4, 0x1, 0x0,

    /* U+04FC "Ӽ" */
    0x4f, 0x50, 0xd, 0xb2, 0x8f, 0x44, 0x0, 0xa0,
    0x90, 0x83, 0xe0, 0x55, 0x70, 0x5, 0xc7, 0x37,
    0x6, 0x1, 0x14, 0xb1, 0x38, 0x7, 0x78, 0x11,
    0x0, 0x32, 0x35, 0x97, 0x0, 0x43, 0x4e, 0x9c,
    0x70, 0x0, 0xa3, 0x80, 0x29, 0x73, 0x74, 0xf0,
    0x9, 0x8a, 0x1f, 0xc8, 0x3, 0x2a, 0x0, 0x72,
    0x1a, 0x90, 0x7, 0x76, 0x7, 0x80,

    /* U+04FD "ӽ" */
    0x5f, 0x30, 0x4, 0x70, 0xaa, 0xb8, 0xd, 0xe8,
    0x42, 0xce, 0x79, 0xd0, 0x0, 0x3a, 0xc1, 0x0,
    0x19, 0x80, 0x88, 0x1, 0x15, 0x42, 0x78, 0x5,
    0xc8, 0xf6, 0x72, 0xe, 0x54, 0x0, 0xa6, 0x27,
    0xe1, 0x0, 0x20, 0x20, 0x4, 0x28, 0xc0, 0x40,
    0x11, 0x54, 0xba, 0x0,

    /* U+04FE "Ӿ" */
    0x1e, 0x90, 0x8, 0x7a, 0x40, 0x69, 0x94, 0x1,
    0xa7, 0x20, 0x4, 0x7a, 0x28, 0x3f, 0x0, 0xd0,
    0x78, 0xf4, 0x40, 0x15, 0x79, 0x88, 0x57, 0x90,
    0x2, 0xf4, 0xc0, 0x11, 0xa4, 0x0, 0x17, 0x3b,
    0x49, 0x30, 0x8, 0x6d, 0x52, 0x86, 0xc0, 0x2b,
    0xb, 0x1, 0x95, 0x40, 0x55, 0x58, 0x80, 0x19,
    0x28, 0x0,

    /* U+04FF "ӿ" */
    0x3f, 0x60, 0x2, 0xf9, 0x1c, 0xc8, 0xcd, 0x56,
    0x40, 0xcc, 0xee, 0x3a, 0x0, 0x2d, 0xc8, 0x8d,
    0x60, 0xa, 0x61, 0x6, 0xa0, 0x1, 0xbc, 0x41,
    0xc0, 0x29, 0x36, 0x72, 0xa0, 0x54, 0xe0, 0x7,
    0x22, 0x80,

    /* U+2022 "•" */
    0x6, 0xa1, 0x9, 0x57, 0x4, 0x14,

    /* U+2026 "…" */
    0x0, 0xff, 0x1f, 0xa8, 0x74, 0x85, 0x68, 0x8,
    0xc0, 0x62, 0x0, 0x10
};


/*---------------------
 *  GLYPH DESCRIPTION
 *--------------------*/

static const lv_font_fmt_txt_glyph_dsc_t glyph_dsc[] = {
    {.bitmap_index = 0, .adv_w = 0, .box_w = 0, .box_h = 0, .ofs_x = 0, .ofs_y = 0} /* id = 0 reserved */,
    {.bitmap_index = 0, .adv_w = 60, .box_w = 0, .box_h = 0, .ofs_x = 0, .ofs_y = 0},
    {.bitmap_index = 0, .adv_w = 60, .box_w = 3, .box_h = 10, .ofs_x = 0, .ofs_y = 0},
    {.bitmap_index = 15, .adv_w = 88, .box_w = 5, .box_h = 5, .ofs_x = 0, .ofs_y = 5},
    {.bitmap_index = 26, .adv_w = 157, .box_w = 10, .box_h = 10, .ofs_x = 0, .ofs_y = 0},
    {.bitmap_index = 76, .adv_w = 139, .box_w = 9, .box_h = 15, .ofs_x = 0, .ofs_y = -2},
    {.bitmap_index = 133, .adv_w = 189, .box_w = 12, .box_h = 10, .ofs_x = 0, .ofs_y = 0},
    {.bitmap_index = 192, .adv_w = 154, .box_w = 10, .box_h = 11, .ofs_x = 0, .ofs_y = -1},
    {.bitmap_index = 244, .adv_w = 47, .box_w = 3, .box_h = 5, .ofs_x = 0, .ofs_y = 5},
    {.bitmap_index = 250, .adv_w = 75, .box_w = 4, .box_h = 14, .ofs_x = 1, .ofs_y = -3},
    {.bitmap_index = 278, .adv_w = 76, .box_w = 4, .box_h = 14, .ofs_x = 0, .ofs_y = -3},
    {.bitmap_index = 306, .adv_w = 90, .box_w = 6, .box_h = 6, .ofs_x = 0, .ofs_y = 5},
    {.bitmap_index = 325, .adv_w = 130, .box_w = 8, .box_h = 7, .ofs_x = 0, .ofs_y = 2},
    {.bitmap_index = 347, .adv_w = 51, .box_w = 3, .box_h = 5, .ofs_x = 0, .ofs_y = -2},
    {.bitmap_index = 355, .adv_w = 86, .box_w = 5, .box_h = 3, .ofs_x = 0, .ofs_y = 3},
    {.bitmap_index = 361, .adv_w = 51, .box_w = 3, .box_h = 3, .ofs_x = 0, .ofs_y = 0},
    {.bitmap_index = 365, .adv_w = 79, .box_w = 7, .box_h = 14, .ofs_x = -1, .ofs_y = -1},
    {.bitmap_index = 403, .adv_w = 149, .box_w = 9, .box_h = 10, .ofs_x = 0, .ofs_y = 0},
    {.bitmap_index = 445, .adv_w = 83, .box_w = 4, .box_h = 10, .ofs_x = 0, .ofs_y = 0},
    {.bitmap_index = 454, .adv_w = 129, .box_w = 8, .box_h = 10, .ofs_x = 0, .ofs_y = 0},
    {.bitmap_index = 490, .adv_w = 128, .box_w = 8, .box_h = 10, .ofs_x = 0, .ofs_y = 0},
    {.bitmap_index = 525, .adv_w = 150, .box_w = 10, .box_h = 10, .ofs_x = 0, .ofs_y = 0},
    {.bitmap_index = 563, .adv_w = 129, .box_w = 8, .box_h = 10, .ofs_x = 0, .ofs_y = 0},
    {.bitmap_index = 600, .adv_w = 138, .box_w = 9, .box_h = 10, .ofs_x = 0, .ofs_y = 0},
    {.bitmap_index = 644, .adv_w = 134, .box_w = 8, .box_h = 10, .ofs_x = 0, .ofs_y = 0},
    {.bitmap_index = 677, .adv_w = 144, .box_w = 9, .box_h = 10, .ofs_x = 0, .ofs_y = 0},
    {.bitmap_index = 722, .adv_w = 138, .box_w = 8, .box_h = 10, .ofs_x = 0, .ofs_y = 0},
    {.bitmap_index = 762, .adv_w = 51, .box_w = 3, .box_h = 8, .ofs_x = 0, .ofs_y = 0},
    {.bitmap_index = 772, .adv_w = 51, .box_w = 3, .box_h = 11, .ofs_x = 0, .ofs_y = -3},
    {.bitmap_index = 787, .adv_w = 130, .box_w = 8, .box_h = 8, .ofs_x = 0, .ofs_y = 1},
    {.bitmap_index = 816, .adv_w = 130, .box_w = 8, .box_h = 6, .ofs_x = 0, .ofs_y = 2},
    {.bitmap_index = 831, .adv_w = 130, .box_w = 8, .box_h = 8, .ofs_x = 0, .ofs_y = 1},
    {.bitmap_index = 860, .adv_w = 128, .box_w = 8, .box_h = 10, .ofs_x = 0, .ofs_y = 0},
    {.bitmap_index = 894, .adv_w = 232, .box_w = 14, .box_h = 13, .ofs_x = 0, .ofs_y = -3},
    {.bitmap_index = 980, .adv_w = 164, .box_w = 12, .box_h = 10, .ofs_x = -1, .ofs_y = 0},
    {.bitmap_index = 1027, .adv_w = 170, .box_w = 9, .box_h = 10, .ofs_x = 1, .ofs_y = 0},
    {.bitmap_index = 1067, .adv_w = 160, .box_w = 10, .box_h = 10, .ofs_x = 0, .ofs_y = 0},
    {.bitmap_index = 1110, .adv_w = 185, .box_w = 10, .box_h = 10, .ofs_x = 1, .ofs_y = 0},
    {.bitmap_index = 1147, .adv_w = 150, .box_w = 8, .box_h = 10, .ofs_x = 1, .ofs_y = 0},
    {.bitmap_index = 1174, .adv_w = 142, .box_w = 8, .box_h = 10, .ofs_x = 1, .ofs_y = 0},
    {.bitmap_index = 1198, .adv_w = 173, .box_w = 10, .box_h = 10, .ofs_x = 0, .ofs_y = 0},
    {.bitmap_index = 1240, .adv_w = 182, .box_w = 9, .box_h = 10, .ofs_x = 1, .ofs_y = 0},
    {.bitmap_index = 1260, .adv_w = 69, .box_w = 2, .box_h = 10, .ofs_x = 1, .ofs_y = 0},
    {.bitmap_index = 1265, .adv_w = 115, .box_w = 7, .box_h = 10, .ofs_x = -1, .ofs_y = 0},
    {.bitmap_index = 1287, .adv_w = 161, .box_w = 10, .box_h = 10, .ofs_x = 1, .ofs_y = 0},
    {.bitmap_index = 1326, .adv_w = 133, .box_w = 8, .box_h = 10, .ofs_x = 1, .ofs_y = 0},
    {.bitmap_index = 1336, .adv_w = 214, .box_w = 11, .box_h = 10, .ofs_x = 1, .ofs_y = 0},
    {.bitmap_index = 1380, .adv_w = 182, .box_w = 9, .box_h = 10, .ofs_x = 1, .ofs_y = 0},
    {.bitmap_index = 1413, .adv_w = 188, .box_w = 12, .box_h = 10, .ofs_x = 0, .ofs_y = 0},
    {.bitmap_index = 1466, .adv_w = 162, .box_w = 9, .box_h = 10, .ofs_x = 1, .ofs_y = 0},
    {.bitmap_index = 1504, .adv_w = 188, .box_w = 12, .box_h = 13, .ofs_x = 0, .ofs_y = -3},
    {.bitmap_index = 1572, .adv_w = 163, .box_w = 9, .box_h = 10, .ofs_x = 1, .ofs_y = 0},
    {.bitmap_index = 1611, .adv_w = 139, .box_w = 9, .box_h = 10, .ofs_x = 0, .ofs_y = 0},
    {.bitmap_index = 1654, .adv_w = 131, .box_w = 9, .box_h = 10, .ofs_x = 0, .ofs_y = 0},
    {.bitmap_index = 1667, .adv_w = 177, .box_w = 9, .box_h = 10, .ofs_x = 1, .ofs_y = 0},
    {.bitmap_index = 1691, .adv_w = 159, .box_w = 11, .box_h = 10, .ofs_x = -1, .ofs_y = 0},
    {.bitmap_index = 1739, .adv_w = 252, .box_w = 16, .box_h = 10, .ofs_x = 0, .ofs_y = 0},
    {.bitmap_index = 1814, .adv_w = 151, .box_w = 10, .box_h = 10, .ofs_x = 0, .ofs_y = 0},
    {.bitmap_index = 1859, .adv_w = 145, .box_w = 11, .box_h = 10, .ofs_x = -1, .ofs_y = 0},
    {.bitmap_index = 1897, .adv_w = 147, .box_w = 9, .box_h = 10, .ofs_x = 0, .ofs_y = 0},
    {.bitmap_index = 1933, .adv_w = 75, .box_w = 4, .box_h = 14, .ofs_x = 1, .ofs_y = -3},
    {.bitmap_index = 1946, .adv_w = 79, .box_w = 7, .box_h = 14, .ofs_x = -1, .ofs_y = -1},
    {.bitmap_index = 1984, .adv_w = 75, .box_w = 4, .box_h = 14, .ofs_x = 0, .ofs_y = -3},
    {.bitmap_index = 1997, .adv_w = 131, .box_w = 7, .box_h = 6, .ofs_x = 1, .ofs_y = 2},
    {.bitmap_index = 2018, .adv_w = 112, .box_w = 7, .box_h = 1, .ofs_x = 0, .ofs_y = -1},
    {.bitmap_index = 2020, .adv_w = 134, .box_w = 5, .box_h = 2, .ofs_x = 1, .ofs_y = 9},
    {.bitmap_index = 2025, .adv_w = 134, .box_w = 8, .box_h = 8, .ofs_x = 0, .ofs_y = 0},
    {.bitmap_index = 2058, .adv_w = 153, .box_w = 8, .box_h = 11, .ofs_x = 1, .ofs_y = 0},
    {.bitmap_index = 2091, .adv_w = 128, .box_w = 8, .box_h = 8, .ofs_x = 0, .ofs_y = 0},
    {.bitmap_index = 2121, .adv_w = 153, .box_w = 9, .box_h = 11, .ofs_x = 0, .ofs_y = 0},
    {.bitmap_index = 2160, .adv_w = 137, .box_w = 8, .box_h = 8, .ofs_x = 0, .ofs_y = 0},
    {.bitmap_index = 2191, .adv_w = 79, .box_w = 6, .box_h = 11, .ofs_x = 0, .ofs_y = 0},
    {.bitmap_index = 2213, .adv_w = 155, .box_w = 9, .box_h = 11, .ofs_x = 0, .ofs_y = -3},
    {.bitmap_index = 2259, .adv_w = 153, .box_w = 8, .box_h = 11, .ofs_x = 1, .ofs_y = 0},
    {.bitmap_index = 2284, .adv_w = 62, .box_w = 2, .box_h = 11, .ofs_x = 1, .ofs_y = 0},
    {.bitmap_index = 2292, .adv_w = 64, .box_w = 5, .box_h = 14, .ofs_x = -2, .ofs_y = -3},
    {.bitmap_index = 2310, .adv_w = 138, .box_w = 8, .box_h = 11, .ofs_x = 1, .ofs_y = 0},
    {.bitmap_index = 2341, .adv_w = 62, .box_w = 2, .box_h = 11, .ofs_x = 1, .ofs_y = 0},
    {.bitmap_index = 2346, .adv_w = 237, .box_w = 13, .box_h = 8, .ofs_x = 1, .ofs_y = 0},
    {.bitmap_index = 2378, .adv_w = 153, .box_w = 8, .box_h = 8, .ofs_x = 1, .ofs_y = 0},
    {.bitmap_index = 2400, .adv_w = 142, .box_w = 9, .box_h = 8, .ofs_x = 0, .ofs_y = 0},
    {.bitmap_index = 2434, .adv_w = 153, .box_w = 8, .box_h = 11, .ofs_x = 1, .ofs_y = -3},
    {.bitmap_index = 2470, .adv_w = 153, .box_w = 9, .box_h = 11, .ofs_x = 0, .ofs_y = -3},
    {.bitmap_index = 2509, .adv_w = 92, .box_w = 5, .box_h = 8, .ofs_x = 1, .ofs_y = 0},
    {.bitmap_index = 2523, .adv_w = 112, .box_w = 7, .box_h = 8, .ofs_x = 0, .ofs_y = 0},
    {.bitmap_index = 2552, .adv_w = 93, .box_w = 6, .box_h = 10, .ofs_x = 0, .ofs_y = 0},
    {.bitmap_index = 2573, .adv_w = 152, .box_w = 8, .box_h = 8, .ofs_x = 1, .ofs_y = 0},
    {.bitmap_index = 2596, .adv_w = 125, .box_w = 9, .box_h = 8, .ofs_x = -1, .ofs_y = 0},
    {.bitmap_index = 2630, .adv_w = 201, .box_w = 13, .box_h = 8, .ofs_x = 0, .ofs_y = 0},
    {.bitmap_index = 2681, .adv_w = 124, .box_w = 8, .box_h = 8, .ofs_x = 0, .ofs_y = 0},
    {.bitmap_index = 2712, .adv_w = 125, .box_w = 9, .box_h = 11, .ofs_x = -1, .ofs_y = -3},
    {.bitmap_index = 2756, .adv_w = 117, .box_w = 7, .box_h = 8, .ofs_x = 0, .ofs_y = 0},
    {.bitmap_index = 2783, .adv_w = 79, .box_w = 5, .box_h = 14, .ofs_x = 0, .ofs_y = -3},
    {.bitmap_index = 2811, .adv_w = 67, .box_w = 2, .box_h = 14, .ofs_x = 1, .ofs_y = -3},
    {.bitmap_index = 2816, .adv_w = 79, .box_w = 5, .box_h = 14, .ofs_x = 0, .ofs_y = -3},
    {.bitmap_index = 2844, .adv_w = 130, .box_w = 8, .box_h = 3, .ofs_x = 0, .ofs_y = 3},
    {.bitmap_index = 2857, .adv_w = 94, .box_w = 6, .box_h = 5, .ofs_x = 0, .ofs_y = 6},
    {.bitmap_index = 2873, .adv_w = 149, .box_w = 8, .box_h = 14, .ofs_x = 1, .ofs_y = 0},
    {.bitmap_index = 2913, .adv_w = 149, .box_w = 8, .box_h = 13, .ofs_x = 1, .ofs_y = 0},
    {.bitmap_index = 2952, .adv_w = 187, .box_w = 12, .box_h = 11, .ofs_x = 0, .ofs_y = -1},
    {.bitmap_index = 3000, .adv_w = 129, .box_w = 7, .box_h = 14, .ofs_x = 1, .ofs_y = 0},
    {.bitmap_index = 3023, .adv_w = 159, .box_w = 10, .box_h = 10, .ofs_x = 0, .ofs_y = 0},
    {.bitmap_index = 3069, .adv_w = 142, .box_w = 9, .box_h = 10, .ofs_x = 0, .ofs_y = 0},
    {.bitmap_index = 3111, .adv_w = 71, .box_w = 2, .box_h = 10, .ofs_x = 1, .ofs_y = 0},
    {.bitmap_index = 3116, .adv_w = 69, .box_w = 5, .box_h = 13, .ofs_x = 0, .ofs_y = 0},
    {.bitmap_index = 3129, .adv_w = 121, .box_w = 7, .box_h = 10, .ofs_x = 0, .ofs_y = 0},
    {.bitmap_index = 3151, .adv_w = 266, .box_w = 17, .box_h = 10, .ofs_x = 0, .ofs_y = 0},
    {.bitmap_index = 3210, .adv_w = 264, .box_w = 16, .box_h = 10, .ofs_x = 1, .ofs_y = 0},
    {.bitmap_index = 3252, .adv_w = 188, .box_w = 12, .box_h = 10, .ofs_x = 0, .ofs_y = 0},
    {.bitmap_index = 3289, .adv_w = 159, .box_w = 9, .box_h = 14, .ofs_x = 1, .ofs_y = 0},
    {.bitmap_index = 3339, .adv_w = 184, .box_w = 9, .box_h = 14, .ofs_x = 1, .ofs_y = 0},
    {.bitmap_index = 3385, .adv_w = 155, .box_w = 10, .box_h = 14, .ofs_x = 0, .ofs_y = -1},
    {.bitmap_index = 3446, .adv_w = 181, .box_w = 9, .box_h = 13, .ofs_x = 1, .ofs_y = -3},
    {.bitmap_index = 3469, .adv_w = 170, .box_w = 11, .box_h = 10, .ofs_x = 0, .ofs_y = 0},
    {.bitmap_index = 3514, .adv_w = 164, .box_w = 9, .box_h = 10, .ofs_x = 1, .ofs_y = 0},
    {.bitmap_index = 3550, .adv_w = 167, .box_w = 9, .box_h = 10, .ofs_x = 1, .ofs_y = 0},
    {.bitmap_index = 3588, .adv_w = 129, .box_w = 7, .box_h = 10, .ofs_x = 1, .ofs_y = 0},
    {.bitmap_index = 3599, .adv_w = 180, .box_w = 11, .box_h = 13, .ofs_x = 0, .ofs_y = -3},
    {.bitmap_index = 3647, .adv_w = 149, .box_w = 8, .box_h = 10, .ofs_x = 1, .ofs_y = 0},
    {.bitmap_index = 3675, .adv_w = 230, .box_w = 15, .box_h = 10, .ofs_x = 0, .ofs_y = 0},
    {.bitmap_index = 3738, .adv_w = 142, .box_w = 9, .box_h = 10, .ofs_x = 0, .ofs_y = 0},
    {.bitmap_index = 3780, .adv_w = 184, .box_w = 9, .box_h = 10, .ofs_x = 1, .ofs_y = 0},
    {.bitmap_index = 3813, .adv_w = 184, .box_w = 9, .box_h = 14, .ofs_x = 1, .ofs_y = 0},
    {.bitmap_index = 3862, .adv_w = 159, .box_w = 9, .box_h = 10, .ofs_x = 1, .ofs_y = 0},
    {.bitmap_index = 3899, .adv_w = 177, .box_w = 10, .box_h = 10, .ofs_x = 0, .ofs_y = 0},
    {.bitmap_index = 3933, .adv_w = 216, .box_w = 11, .box_h = 10, .ofs_x = 1, .ofs_y = 0},
    {.bitmap_index = 3977, .adv_w = 184, .box_w = 9, .box_h = 10, .ofs_x = 1, .ofs_y = 0},
    {.bitmap_index = 3997, .adv_w = 190, .box_w = 12, .box_h = 10, .ofs_x = 0, .ofs_y = 0},
    {.bitmap_index = 4050, .adv_w = 184, .box_w = 9, .box_h = 10, .ofs_x = 1, .ofs_y = 0},
    {.bitmap_index = 4062, .adv_w = 160, .box_w = 9, .box_h = 10, .ofs_x = 1, .ofs_y = 0},
    {.bitmap_index = 4100, .adv_w = 161, .box_w = 10, .box_h = 10, .ofs_x = 0, .ofs_y = 0},
    {.bitmap_index = 4142, .adv_w = 135, .box_w = 9, .box_h = 10, .ofs_x = 0, .ofs_y = 0},
    {.bitmap_index = 4157, .adv_w = 155, .box_w = 10, .box_h = 11, .ofs_x = 0, .ofs_y = -1},
    {.bitmap_index = 4204, .adv_w = 207, .box_w = 13, .box_h = 12, .ofs_x = 0, .ofs_y = 0},
    {.bitmap_index = 4269, .adv_w = 150, .box_w = 10, .box_h = 10, .ofs_x = 0, .ofs_y = 0},
    {.bitmap_index = 4315, .adv_w = 186, .box_w = 11, .box_h = 13, .ofs_x = 1, .ofs_y = -3},
    {.bitmap_index = 4338, .adv_w = 161, .box_w = 9, .box_h = 10, .ofs_x = 0, .ofs_y = 0},
    {.bitmap_index = 4367, .adv_w = 245, .box_w = 13, .box_h = 10, .ofs_x = 1, .ofs_y = 0},
    {.bitmap_index = 4390, .adv_w = 251, .box_w = 15, .box_h = 13, .ofs_x = 1, .ofs_y = -3},
    {.bitmap_index = 4422, .adv_w = 185, .box_w = 12, .box_h = 10, .ofs_x = 0, .ofs_y = 0},
    {.bitmap_index = 4465, .adv_w = 222, .box_w = 12, .box_h = 10, .ofs_x = 1, .ofs_y = 0},
    {.bitmap_index = 4503, .adv_w = 160, .box_w = 9, .box_h = 10, .ofs_x = 1, .ofs_y = 0},
    {.bitmap_index = 4535, .adv_w = 158, .box_w = 10, .box_h = 10, .ofs_x = 0, .ofs_y = 0},
    {.bitmap_index = 4581, .adv_w = 246, .box_w = 14, .box_h = 10, .ofs_x = 1, .ofs_y = 0},
    {.bitmap_index = 4640, .adv_w = 164, .box_w = 9, .box_h = 10, .ofs_x = 0, .ofs_y = 0},
    {.bitmap_index = 4682, .adv_w = 132, .box_w = 8, .box_h = 8, .ofs_x = 0, .ofs_y = 0},
    {.bitmap_index = 4715, .adv_w = 148, .box_w = 9, .box_h = 12, .ofs_x = 0, .ofs_y = 0},
    {.bitmap_index = 4765, .adv_w = 138, .box_w = 7, .box_h = 8, .ofs_x = 1, .ofs_y = 0},
    {.bitmap_index = 4794, .adv_w = 109, .box_w = 6, .box_h = 8, .ofs_x = 1, .ofs_y = 0},
    {.bitmap_index = 4805, .adv_w = 149, .box_w = 9, .box_h = 10, .ofs_x = 0, .ofs_y = -2},
    {.bitmap_index = 4841, .adv_w = 141, .box_w = 9, .box_h = 8, .ofs_x = 0, .ofs_y = 0},
    {.bitmap_index = 4876, .adv_w = 190, .box_w = 12, .box_h = 8, .ofs_x = 0, .ofs_y = 0},
    {.bitmap_index = 4920, .adv_w = 122, .box_w = 7, .box_h = 8, .ofs_x = 0, .ofs_y = 0},
    {.bitmap_index = 4949, .adv_w = 155, .box_w = 8, .box_h = 8, .ofs_x = 1, .ofs_y = 0},
    {.bitmap_index = 4975, .adv_w = 155, .box_w = 8, .box_h = 11, .ofs_x = 1, .ofs_y = 0},
    {.bitmap_index = 5012, .adv_w = 134, .box_w = 8, .box_h = 8, .ofs_x = 1, .ofs_y = 0},
    {.bitmap_index = 5040, .adv_w = 144, .box_w = 8, .box_h = 8, .ofs_x = 0, .ofs_y = 0},
    {.bitmap_index = 5066, .adv_w = 179, .box_w = 9, .box_h = 8, .ofs_x = 1, .ofs_y = 0},
    {.bitmap_index = 5099, .adv_w = 153, .box_w = 8, .box_h = 8, .ofs_x = 1, .ofs_y = 0},
    {.bitmap_index = 5119, .adv_w = 144, .box_w = 9, .box_h = 8, .ofs_x = 0, .ofs_y = 0},
    {.bitmap_index = 5152, .adv_w = 152, .box_w = 8, .box_h = 8, .ofs_x = 1, .ofs_y = 0},
    {.bitmap_index = 5164, .adv_w = 154, .box_w = 8, .box_h = 11, .ofs_x = 1, .ofs_y = -3},
    {.bitmap_index = 5202, .adv_w = 128, .box_w = 8, .box_h = 8, .ofs_x = 0, .ofs_y = 0},
    {.bitmap_index = 5232, .adv_w = 110, .box_w = 7, .box_h = 8, .ofs_x = 0, .ofs_y = 0},
    {.bitmap_index = 5245, .adv_w = 128, .box_w = 9, .box_h = 11, .ofs_x = -1, .ofs_y = -3},
    {.bitmap_index = 5289, .adv_w = 180, .box_w = 11, .box_h = 14, .ofs_x = 0, .ofs_y = -3},
    {.bitmap_index = 5342, .adv_w = 121, .box_w = 8, .box_h = 8, .ofs_x = 0, .ofs_y = 0},
    {.bitmap_index = 5374, .adv_w = 155, .box_w = 9, .box_h = 10, .ofs_x = 1, .ofs_y = -2},
    {.bitmap_index = 5394, .adv_w = 136, .box_w = 8, .box_h = 8, .ofs_x = 0, .ofs_y = 0},
    {.bitmap_index = 5417, .adv_w = 211, .box_w = 11, .box_h = 8, .ofs_x = 1, .ofs_y = 0},
    {.bitmap_index = 5437, .adv_w = 211, .box_w = 12, .box_h = 10, .ofs_x = 1, .ofs_y = -2},
    {.bitmap_index = 5464, .adv_w = 143, .box_w = 9, .box_h = 8, .ofs_x = 0, .ofs_y = 0},
    {.bitmap_index = 5494, .adv_w = 181, .box_w = 9, .box_h = 8, .ofs_x = 1, .ofs_y = 0},
    {.bitmap_index = 5521, .adv_w = 129, .box_w = 7, .box_h = 8, .ofs_x = 1, .ofs_y = 0},
    {.bitmap_index = 5544, .adv_w = 129, .box_w = 8, .box_h = 8, .ofs_x = 0, .ofs_y = 0},
    {.bitmap_index = 5576, .adv_w = 196, .box_w = 11, .box_h = 8, .ofs_x = 1, .ofs_y = 0},
    {.bitmap_index = 5617, .adv_w = 137, .box_w = 8, .box_h = 8, .ofs_x = 0, .ofs_y = 0},
    {.bitmap_index = 5647, .adv_w = 141, .box_w = 9, .box_h = 11, .ofs_x = 0, .ofs_y = 0},
    {.bitmap_index = 5692, .adv_w = 141, .box_w = 9, .box_h = 10, .ofs_x = 0, .ofs_y = 0},
    {.bitmap_index = 5735, .adv_w = 151, .box_w = 10, .box_h = 14, .ofs_x = -1, .ofs_y = -3},
    {.bitmap_index = 5782, .adv_w = 109, .box_w = 6, .box_h = 11, .ofs_x = 1, .ofs_y = 0},
    {.bitmap_index = 5802, .adv_w = 129, .box_w = 8, .box_h = 8, .ofs_x = 0, .ofs_y = 0},
    {.bitmap_index = 5834, .adv_w = 120, .box_w = 7, .box_h = 8, .ofs_x = 0, .ofs_y = 0},
    {.bitmap_index = 5863, .adv_w = 63, .box_w = 2, .box_h = 11, .ofs_x = 1, .ofs_y = 0},
    {.bitmap_index = 5871, .adv_w = 62, .box_w = 4, .box_h = 10, .ofs_x = 0, .ofs_y = 0},
    {.bitmap_index = 5881, .adv_w = 64, .box_w = 5, .box_h = 14, .ofs_x = -2, .ofs_y = -3},
    {.bitmap_index = 5899, .adv_w = 209, .box_w = 13, .box_h = 8, .ofs_x = 0, .ofs_y = 0},
    {.bitmap_index = 5940, .adv_w = 213, .box_w = 12, .box_h = 8, .ofs_x = 1, .ofs_y = 0},
    {.bitmap_index = 5973, .adv_w = 151, .box_w = 10, .box_h = 12, .ofs_x = -1, .ofs_y = 0},
    {.bitmap_index = 6011, .adv_w = 134, .box_w = 8, .box_h = 11, .ofs_x = 1, .ofs_y = 0},
    {.bitmap_index = 6049, .adv_w = 155, .box_w = 8, .box_h = 11, .ofs_x = 1, .ofs_y = 0},
    {.bitmap_index = 6084, .adv_w = 128, .box_w = 9, .box_h = 14, .ofs_x = -1, .ofs_y = -3},
    {.bitmap_index = 6140, .adv_w = 145, .box_w = 7, .box_h = 10, .ofs_x = 1, .ofs_y = -2},
    {.bitmap_index = 6158, .adv_w = 182, .box_w = 11, .box_h = 11, .ofs_x = 0, .ofs_y = 0},
    {.bitmap_index = 6206, .adv_w = 137, .box_w = 9, .box_h = 11, .ofs_x = 0, .ofs_y = 0},
    {.bitmap_index = 6243, .adv_w = 202, .box_w = 13, .box_h = 10, .ofs_x = 0, .ofs_y = 0},
    {.bitmap_index = 6298, .adv_w = 158, .box_w = 10, .box_h = 8, .ofs_x = 0, .ofs_y = 0},
    {.bitmap_index = 6336, .adv_w = 190, .box_w = 12, .box_h = 10, .ofs_x = 0, .ofs_y = 0},
    {.bitmap_index = 6390, .adv_w = 146, .box_w = 9, .box_h = 8, .ofs_x = 0, .ofs_y = 0},
    {.bitmap_index = 6426, .adv_w = 170, .box_w = 11, .box_h = 11, .ofs_x = 0, .ofs_y = 0},
    {.bitmap_index = 6476, .adv_w = 134, .box_w = 9, .box_h = 9, .ofs_x = 0, .ofs_y = 0},
    {.bitmap_index = 6512, .adv_w = 188, .box_w = 11, .box_h = 17, .ofs_x = 1, .ofs_y = -3},
    {.bitmap_index = 6577, .adv_w = 160, .box_w = 9, .box_h = 13, .ofs_x = 1, .ofs_y = -2},
    {.bitmap_index = 6623, .adv_w = 166, .box_w = 10, .box_h = 11, .ofs_x = 0, .ofs_y = 0},
    {.bitmap_index = 6668, .adv_w = 136, .box_w = 9, .box_h = 8, .ofs_x = 0, .ofs_y = 0},
    {.bitmap_index = 6701, .adv_w = 164, .box_w = 9, .box_h = 10, .ofs_x = 1, .ofs_y = 0},
    {.bitmap_index = 6742, .adv_w = 157, .box_w = 9, .box_h = 11, .ofs_x = 1, .ofs_y = -3},
    {.bitmap_index = 6786, .adv_w = 130, .box_w = 7, .box_h = 13, .ofs_x = 1, .ofs_y = 0},
    {.bitmap_index = 6804, .adv_w = 104, .box_w = 6, .box_h = 10, .ofs_x = 1, .ofs_y = 0},
    {.bitmap_index = 6821, .adv_w = 138, .box_w = 9, .box_h = 10, .ofs_x = 0, .ofs_y = 0},
    {.bitmap_index = 6849, .adv_w = 116, .box_w = 7, .box_h = 8, .ofs_x = 0, .ofs_y = 0},
    {.bitmap_index = 6871, .adv_w = 157, .box_w = 9, .box_h = 13, .ofs_x = 1, .ofs_y = -3},
    {.bitmap_index = 6918, .adv_w = 135, .box_w = 8, .box_h = 12, .ofs_x = 1, .ofs_y = -4},
    {.bitmap_index = 6961, .adv_w = 239, .box_w = 15, .box_h = 13, .ofs_x = 0, .ofs_y = -3},
    {.bitmap_index = 7035, .adv_w = 198, .box_w = 13, .box_h = 10, .ofs_x = 0, .ofs_y = -2},
    {.bitmap_index = 7091, .adv_w = 142, .box_w = 9, .box_h = 12, .ofs_x = 0, .ofs_y = -2},
    {.bitmap_index = 7139, .adv_w = 122, .box_w = 7, .box_h = 10, .ofs_x = 0, .ofs_y = -2},
    {.bitmap_index = 7174, .adv_w = 169, .box_w = 10, .box_h = 13, .ofs_x = 1, .ofs_y = -3},
    {.bitmap_index = 7221, .adv_w = 134, .box_w = 8, .box_h = 10, .ofs_x = 1, .ofs_y = -2},
    {.bitmap_index = 7256, .adv_w = 166, .box_w = 10, .box_h = 10, .ofs_x = 1, .ofs_y = 0},
    {.bitmap_index = 7297, .adv_w = 138, .box_w = 8, .box_h = 8, .ofs_x = 1, .ofs_y = 0},
    {.bitmap_index = 7327, .adv_w = 164, .box_w = 11, .box_h = 10, .ofs_x = 0, .ofs_y = 0},
    {.bitmap_index = 7372, .adv_w = 134, .box_w = 9, .box_h = 12, .ofs_x = 0, .ofs_y = 0},
    {.bitmap_index = 7415, .adv_w = 185, .box_w = 12, .box_h = 10, .ofs_x = 0, .ofs_y = 0},
    {.bitmap_index = 7460, .adv_w = 150, .box_w = 10, .box_h = 8, .ofs_x = 0, .ofs_y = 0},
    {.bitmap_index = 7493, .adv_w = 190, .box_w = 11, .box_h = 13, .ofs_x = 1, .ofs_y = -3},
    {.bitmap_index = 7527, .adv_w = 157, .box_w = 9, .box_h = 10, .ofs_x = 1, .ofs_y = -2},
    {.bitmap_index = 7557, .adv_w = 243, .box_w = 15, .box_h = 10, .ofs_x = 1, .ofs_y = 0},
    {.bitmap_index = 7586, .adv_w = 198, .box_w = 12, .box_h = 8, .ofs_x = 1, .ofs_y = 0},
    {.bitmap_index = 7613, .adv_w = 268, .box_w = 16, .box_h = 13, .ofs_x = 1, .ofs_y = -3},
    {.bitmap_index = 7670, .adv_w = 219, .box_w = 13, .box_h = 12, .ofs_x = 1, .ofs_y = -4},
    {.bitmap_index = 7722, .adv_w = 218, .box_w = 13, .box_h = 10, .ofs_x = 0, .ofs_y = 0},
    {.bitmap_index = 7786, .adv_w = 178, .box_w = 11, .box_h = 8, .ofs_x = 0, .ofs_y = 0},
    {.bitmap_index = 7831, .adv_w = 161, .box_w = 10, .box_h = 12, .ofs_x = 0, .ofs_y = -2},
    {.bitmap_index = 7880, .adv_w = 128, .box_w = 8, .box_h = 10, .ofs_x = 0, .ofs_y = -2},
    {.bitmap_index = 7917, .adv_w = 135, .box_w = 9, .box_h = 13, .ofs_x = 0, .ofs_y = -3},
    {.bitmap_index = 7946, .adv_w = 110, .box_w = 7, .box_h = 10, .ofs_x = 0, .ofs_y = -2},
    {.bitmap_index = 7966, .adv_w = 149, .box_w = 10, .box_h = 10, .ofs_x = 0, .ofs_y = 0},
    {.bitmap_index = 8002, .adv_w = 129, .box_w = 8, .box_h = 11, .ofs_x = 0, .ofs_y = -3},
    {.bitmap_index = 8038, .adv_w = 149, .box_w = 10, .box_h = 10, .ofs_x = 0, .ofs_y = 0},
    {.bitmap_index = 8082, .adv_w = 129, .box_w = 8, .box_h = 11, .ofs_x = 0, .ofs_y = -3},
    {.bitmap_index = 8123, .adv_w = 158, .box_w = 10, .box_h = 13, .ofs_x = 0, .ofs_y = -3},
    {.bitmap_index = 8177, .adv_w = 121, .box_w = 9, .box_h = 10, .ofs_x = 0, .ofs_y = -2},
    {.bitmap_index = 8218, .adv_w = 218, .box_w = 14, .box_h = 13, .ofs_x = 0, .ofs_y = -3},
    {.bitmap_index = 8255, .adv_w = 173, .box_w = 11, .box_h = 10, .ofs_x = 0, .ofs_y = -2},
    {.bitmap_index = 8286, .adv_w = 167, .box_w = 11, .box_h = 13, .ofs_x = 0, .ofs_y = -3},
    {.bitmap_index = 8328, .adv_w = 142, .box_w = 9, .box_h = 10, .ofs_x = 0, .ofs_y = -2},
    {.bitmap_index = 8360, .adv_w = 165, .box_w = 9, .box_h = 10, .ofs_x = 0, .ofs_y = 0},
    {.bitmap_index = 8393, .adv_w = 136, .box_w = 8, .box_h = 8, .ofs_x = 0, .ofs_y = 0},
    {.bitmap_index = 8420, .adv_w = 165, .box_w = 9, .box_h = 10, .ofs_x = 1, .ofs_y = 0},
    {.bitmap_index = 8444, .adv_w = 151, .box_w = 8, .box_h = 12, .ofs_x = 1, .ofs_y = 0},
    {.bitmap_index = 8471, .adv_w = 222, .box_w = 14, .box_h = 10, .ofs_x = 0, .ofs_y = 0},
    {.bitmap_index = 8532, .adv_w = 173, .box_w = 11, .box_h = 8, .ofs_x = 0, .ofs_y = 0},
    {.bitmap_index = 8574, .adv_w = 222, .box_w = 14, .box_h = 12, .ofs_x = 0, .ofs_y = -2},
    {.bitmap_index = 8642, .adv_w = 173, .box_w = 11, .box_h = 10, .ofs_x = 0, .ofs_y = -2},
    {.bitmap_index = 8693, .adv_w = 71, .box_w = 2, .box_h = 10, .ofs_x = 1, .ofs_y = 0},
    {.bitmap_index = 8698, .adv_w = 230, .box_w = 15, .box_h = 14, .ofs_x = 0, .ofs_y = 0},
    {.bitmap_index = 8781, .adv_w = 190, .box_w = 12, .box_h = 11, .ofs_x = 0, .ofs_y = 0},
    {.bitmap_index = 8838, .adv_w = 160, .box_w = 9, .box_h = 13, .ofs_x = 1, .ofs_y = -3},
    {.bitmap_index = 8887, .adv_w = 134, .box_w = 8, .box_h = 11, .ofs_x = 1, .ofs_y = -3},
    {.bitmap_index = 8925, .adv_w = 181, .box_w = 11, .box_h = 13, .ofs_x = 0, .ofs_y = -3},
    {.bitmap_index = 8972, .adv_w = 149, .box_w = 9, .box_h = 10, .ofs_x = 0, .ofs_y = -2},
    {.bitmap_index = 9008, .adv_w = 183, .box_w = 9, .box_h = 14, .ofs_x = 1, .ofs_y = -4},
    {.bitmap_index = 9041, .adv_w = 154, .box_w = 8, .box_h = 11, .ofs_x = 1, .ofs_y = -3},
    {.bitmap_index = 9070, .adv_w = 188, .box_w = 11, .box_h = 13, .ofs_x = 1, .ofs_y = -3},
    {.bitmap_index = 9102, .adv_w = 157, .box_w = 9, .box_h = 10, .ofs_x = 1, .ofs_y = -2},
    {.bitmap_index = 9130, .adv_w = 164, .box_w = 9, .box_h = 13, .ofs_x = 0, .ofs_y = -3},
    {.bitmap_index = 9171, .adv_w = 136, .box_w = 8, .box_h = 10, .ofs_x = 0, .ofs_y = -2},
    {.bitmap_index = 9202, .adv_w = 222, .box_w = 13, .box_h = 13, .ofs_x = 1, .ofs_y = -3},
    {.bitmap_index = 9262, .adv_w = 185, .box_w = 11, .box_h = 10, .ofs_x = 1, .ofs_y = -2},
    {.bitmap_index = 9307, .adv_w = 63, .box_w = 2, .box_h = 12, .ofs_x = 1, .ofs_y = 0},
    {.bitmap_index = 9313, .adv_w = 170, .box_w = 11, .box_h = 14, .ofs_x = 0, .ofs_y = 0},
    {.bitmap_index = 9374, .adv_w = 132, .box_w = 8, .box_h = 11, .ofs_x = 0, .ofs_y = 0},
    {.bitmap_index = 9419, .adv_w = 170, .box_w = 11, .box_h = 13, .ofs_x = 0, .ofs_y = 0},
    {.bitmap_index = 9476, .adv_w = 132, .box_w = 8, .box_h = 10, .ofs_x = 0, .ofs_y = 0},
    {.bitmap_index = 9517, .adv_w = 234, .box_w = 14, .box_h = 10, .ofs_x = 0, .ofs_y = 0},
    {.bitmap_index = 9572, .adv_w = 223, .box_w = 14, .box_h = 8, .ofs_x = 0, .ofs_y = 0},
    {.bitmap_index = 9628, .adv_w = 149, .box_w = 8, .box_h = 14, .ofs_x = 1, .ofs_y = 0},
    {.bitmap_index = 9672, .adv_w = 141, .box_w = 9, .box_h = 11, .ofs_x = 0, .ofs_y = 0},
    {.bitmap_index = 9718, .adv_w = 184, .box_w = 11, .box_h = 10, .ofs_x = 0, .ofs_y = 0},
    {.bitmap_index = 9767, .adv_w = 137, .box_w = 8, .box_h = 8, .ofs_x = 0, .ofs_y = 0},
    {.bitmap_index = 9798, .adv_w = 184, .box_w = 11, .box_h = 13, .ofs_x = 0, .ofs_y = 0},
    {.bitmap_index = 9859, .adv_w = 138, .box_w = 8, .box_h = 10, .ofs_x = 0, .ofs_y = 0},
    {.bitmap_index = 9898, .adv_w = 230, .box_w = 15, .box_h = 13, .ofs_x = 0, .ofs_y = 0},
    {.bitmap_index = 9976, .adv_w = 190, .box_w = 12, .box_h = 10, .ofs_x = 0, .ofs_y = 0},
    {.bitmap_index = 10028, .adv_w = 142, .box_w = 9, .box_h = 13, .ofs_x = 0, .ofs_y = 0},
    {.bitmap_index = 10082, .adv_w = 122, .box_w = 7, .box_h = 10, .ofs_x = 0, .ofs_y = 0},
    {.bitmap_index = 10118, .adv_w = 140, .box_w = 9, .box_h = 10, .ofs_x = 0, .ofs_y = 0},
    {.bitmap_index = 10158, .adv_w = 118, .box_w = 8, .box_h = 11, .ofs_x = -1, .ofs_y = -3},
    {.bitmap_index = 10196, .adv_w = 184, .box_w = 9, .box_h = 13, .ofs_x = 1, .ofs_y = 0},
    {.bitmap_index = 10237, .adv_w = 155, .box_w = 8, .box_h = 10, .ofs_x = 1, .ofs_y = 0},
    {.bitmap_index = 10269, .adv_w = 184, .box_w = 9, .box_h = 13, .ofs_x = 1, .ofs_y = 0},
    {.bitmap_index = 10314, .adv_w = 155, .box_w = 8, .box_h = 10, .ofs_x = 1, .ofs_y = 0},
    {.bitmap_index = 10348, .adv_w = 190, .box_w = 12, .box_h = 13, .ofs_x = 0, .ofs_y = 0},
    {.bitmap_index = 10413, .adv_w = 144, .box_w = 9, .box_h = 10, .ofs_x = 0, .ofs_y = 0},
    {.bitmap_index = 10454, .adv_w = 190, .box_w = 12, .box_h = 10, .ofs_x = 0, .ofs_y = 0},
    {.bitmap_index = 10508, .adv_w = 144, .box_w = 9, .box_h = 8, .ofs_x = 0, .ofs_y = 0},
    {.bitmap_index = 10544, .adv_w = 190, .box_w = 12, .box_h = 13, .ofs_x = 0, .ofs_y = 0},
    {.bitmap_index = 10610, .adv_w = 144, .box_w = 9, .box_h = 10, .ofs_x = 0, .ofs_y = 0},
    {.bitmap_index = 10654, .adv_w = 158, .box_w = 10, .box_h = 13, .ofs_x = 0, .ofs_y = 0},
    {.bitmap_index = 10713, .adv_w = 129, .box_w = 8, .box_h = 10, .ofs_x = 0, .ofs_y = 0},
    {.bitmap_index = 10753, .adv_w = 155, .box_w = 10, .box_h = 13, .ofs_x = 0, .ofs_y = -1},
    {.bitmap_index = 10808, .adv_w = 128, .box_w = 9, .box_h = 13, .ofs_x = -1, .ofs_y = -3},
    {.bitmap_index = 10860, .adv_w = 155, .box_w = 10, .box_h = 14, .ofs_x = 0, .ofs_y = -1},
    {.bitmap_index = 10920, .adv_w = 128, .box_w = 9, .box_h = 13, .ofs_x = -1, .ofs_y = -3},
    {.bitmap_index = 10973, .adv_w = 155, .box_w = 10, .box_h = 14, .ofs_x = 0, .ofs_y = -1},
    {.bitmap_index = 11033, .adv_w = 128, .box_w = 9, .box_h = 14, .ofs_x = -1, .ofs_y = -3},
    {.bitmap_index = 11089, .adv_w = 161, .box_w = 9, .box_h = 13, .ofs_x = 0, .ofs_y = 0},
    {.bitmap_index = 11130, .adv_w = 136, .box_w = 8, .box_h = 10, .ofs_x = 0, .ofs_y = 0},
    {.bitmap_index = 11161, .adv_w = 129, .box_w = 7, .box_h = 13, .ofs_x = 1, .ofs_y = -3},
    {.bitmap_index = 11185, .adv_w = 109, .box_w = 6, .box_h = 10, .ofs_x = 1, .ofs_y = -2},
    {.bitmap_index = 11207, .adv_w = 222, .box_w = 12, .box_h = 13, .ofs_x = 1, .ofs_y = 0},
    {.bitmap_index = 11258, .adv_w = 181, .box_w = 9, .box_h = 10, .ofs_x = 1, .ofs_y = 0},
    {.bitmap_index = 11295, .adv_w = 139, .box_w = 9, .box_h = 13, .ofs_x = 0, .ofs_y = -3},
    {.bitmap_index = 11338, .adv_w = 110, .box_w = 7, .box_h = 11, .ofs_x = 0, .ofs_y = -3},
    {.bitmap_index = 11374, .adv_w = 151, .box_w = 9, .box_h = 13, .ofs_x = 0, .ofs_y = -3},
    {.bitmap_index = 11428, .adv_w = 121, .box_w = 8, .box_h = 11, .ofs_x = 0, .ofs_y = -3},
    {.bitmap_index = 11472, .adv_w = 153, .box_w = 10, .box_h = 10, .ofs_x = 0, .ofs_y = 0},
    {.bitmap_index = 11522, .adv_w = 127, .box_w = 8, .box_h = 8, .ofs_x = 0, .ofs_y = 0},
    {.bitmap_index = 11556, .adv_w = 70, .box_w = 4, .box_h = 3, .ofs_x = 0, .ofs_y = 3},
    {.bitmap_index = 11562, .adv_w = 155, .box_w = 10, .box_h = 3, .ofs_x = 0, .ofs_y = 0}
};

/*---------------------
 *  CHARACTER MAPPING
 *--------------------*/

static const uint16_t unicode_list_3[] = {
    0x0, 0x1, 0x8, 0x9, 0x10, 0x11, 0x12, 0x13
};

static const uint16_t unicode_list_5[] = {
    0x0, 0x4
};

/*Collect the unicode lists and glyph_id offsets*/
static const lv_font_fmt_txt_cmap_t cmaps[] =
{
    {
        .range_start = 32, .range_length = 95, .glyph_id_start = 1,
        .unicode_list = NULL, .glyph_id_ofs_list = NULL, .list_length = 0, .type = LV_FONT_FMT_TXT_CMAP_FORMAT0_TINY
    },
    {
        .range_start = 176, .range_length = 1, .glyph_id_start = 96,
        .unicode_list = NULL, .glyph_id_ofs_list = NULL, .list_length = 0, .type = LV_FONT_FMT_TXT_CMAP_FORMAT0_TINY
    },
    {
        .range_start = 1024, .range_length = 96, .glyph_id_start = 97,
        .unicode_list = NULL, .glyph_id_ofs_list = NULL, .list_length = 0, .type = LV_FONT_FMT_TXT_CMAP_FORMAT0_TINY
    },
    {
        .range_start = 1122, .range_length = 20, .glyph_id_start = 193,
        .unicode_list = unicode_list_3, .glyph_id_ofs_list = NULL, .list_length = 8, .type = LV_FONT_FMT_TXT_CMAP_SPARSE_TINY
    },
    {
        .range_start = 1162, .range_length = 118, .glyph_id_start = 201,
        .unicode_list = NULL, .glyph_id_ofs_list = NULL, .list_length = 0, .type = LV_FONT_FMT_TXT_CMAP_FORMAT0_TINY
    },
    {
        .range_start = 8226, .range_length = 5, .glyph_id_start = 319,
        .unicode_list = unicode_list_5, .glyph_id_ofs_list = NULL, .list_length = 2, .type = LV_FONT_FMT_TXT_CMAP_SPARSE_TINY
    }
};

/*-----------------
 *    KERNING
 *----------------*/


/*Map glyph_ids to kern left classes*/
static const uint8_t kern_left_class_mapping[] =
{
    0, 0, 1, 2, 0, 3, 4, 5,
    2, 6, 0, 7, 8, 9, 8, 9,
    10, 11, 0, 12, 13, 14, 15, 16,
    17, 18, 11, 19, 19, 0, 0, 0,
    20, 21, 0, 0, 0, 0, 0, 0,
    0, 0, 0, 0, 0, 0, 0, 0,
    0, 0, 0, 0, 0, 0, 0, 0,
    0, 0, 0, 0, 22, 23, 0, 0,
    24, 0, 0, 0, 0, 0, 0, 0,
    0, 0, 0, 0, 0, 0, 0, 0,
    0, 0, 0, 0, 0, 0, 0, 0,
    0, 0, 0, 0, 22, 0, 0, 8,
    25, 0, 0, 0, 0, 0, 0, 0,
    0, 0, 0, 0, 0, 0, 0, 0,
    0, 0, 0, 0, 0, 0, 0, 0,
    0, 0, 0, 0, 0, 0, 0, 0,
    0, 0, 0, 0, 0, 0, 0, 0,
    0, 0, 0, 0, 0, 0, 0, 0,
    0, 0, 0, 0, 0, 0, 0, 0,
    0, 0, 0, 0, 0, 0, 0, 0,
    0, 0, 0, 0, 0, 0, 0, 0,
    0, 0, 0, 0, 0, 0, 0, 0,
    0, 0, 0, 0, 0, 0, 0, 0,
    0, 0, 0, 0, 0, 0, 0, 0,
    0, 0, 0, 0, 0, 0, 0, 0,
    0, 0, 0, 0, 0, 0, 0, 0,
    0, 0, 0, 0, 0, 0, 0, 0,
    0, 0, 0, 0, 0, 0, 0, 0,
    0, 0, 0, 0, 0, 0, 0, 0,
    0, 0, 0, 0, 0, 0, 0, 0,
    0, 0, 0, 0, 0, 0, 0, 0,
    0, 0, 0, 0, 0, 0, 0, 0,
    0, 0, 0, 0, 0, 0, 0, 0,
    0, 0, 0, 0, 0, 0, 0, 0,
    0, 0, 0, 0, 0, 0, 0, 0,
    0, 0, 0, 0, 0, 0, 0, 0,
    0, 0, 0, 0, 0, 0, 0, 0,
    0, 0, 0, 0, 0, 0, 0, 0,
    0, 0, 0, 0, 0, 0, 0, 0,
    0, 0, 0, 0, 0, 0, 0, 8,
    9
};

/*Map glyph_ids to kern right classes*/
static const uint8_t kern_right_class_mapping[] =
{
    0, 0, 1, 2, 0, 3, 4, 5,
    2, 0, 6, 7, 8, 9, 8, 9,
    10, 11, 12, 13, 14, 15, 16, 11,
    17, 18, 19, 20, 20, 0, 0, 0,
    21, 22, 0, 0, 0, 0, 0, 0,
    0, 0, 0, 0, 0, 0, 0, 0,
    0, 0, 0, 0, 0, 0, 0, 0,
    0, 0, 0, 0, 23, 24, 25, 0,
    26, 0, 0, 0, 0, 0, 0, 0,
    0, 0, 0, 0, 0, 0, 0, 0,
    0, 0, 0, 0, 0, 0, 0, 0,
    0, 0, 0, 0, 0, 0, 25, 8,
    27, 0, 0, 0, 0, 0, 0, 0,
    0, 0, 0, 0, 0, 0, 0, 0,
    0, 0, 0, 0, 0, 0, 0, 0,
    0, 0, 0, 0, 0, 0, 0, 0,
    0, 0, 0, 0, 0, 0, 0, 0,
    0, 0, 0, 0, 0, 0, 0, 0,
    0, 0, 0, 0, 0, 0, 0, 0,
    0, 0, 0, 0, 0, 0, 0, 0,
    0, 0, 0, 0, 0, 0, 0, 0,
    0, 0, 0, 0, 0, 0, 0, 0,
    0, 0, 0, 0, 0, 0, 0, 0,
    0, 0, 0, 0, 0, 0, 0, 0,
    0, 0, 0, 0, 0, 0, 0, 0,
    0, 0, 0, 0, 0, 0, 0, 0,
    0, 0, 0, 0, 0, 0, 0, 0,
    0, 0, 0, 0, 0, 0, 0, 0,
    0, 0, 0, 0, 0, 0, 0, 0,
    0, 0, 0, 0, 0, 0, 0, 0,
    0, 0, 0, 0, 0, 0, 0, 0,
    0, 0, 0, 0, 0, 0, 0, 0,
    0, 0, 0, 0, 0, 0, 0, 0,
    0, 0, 0, 0, 0, 0, 0, 0,
    0, 0, 0, 0, 0, 0, 0, 0,
    0, 0, 0, 0, 0, 0, 0, 0,
    0, 0, 0, 0, 0, 0, 0, 0,
    0, 0, 0, 0, 0, 0, 0, 0,
    0, 0, 0, 0, 0, 0, 0, 0,
    0, 0, 0, 0, 0, 0, 0, 8,
    9
};

/*Kern values between classes*/
static const int8_t kern_class_values[] =
{
    0, 0, 0, 0, 0, 0, 2, 0,
    0, 0, 0, 2, 0, 0, 0, 0,
    2, 0, 0, 0, 0, 0, 0, 0,
    0, 0, 0, 0, 10, 0, 6, -5,
    0, 4, 0, -12, -13, 2, 11, 5,
    4, -9, 2, 11, 0, 9, 2, 7,
    -4, 0, 13, 2, -2, 4, 0, -7,
    0, 0, 0, 0, -4, 4, 4, 0,
    0, -2, 0, -2, 2, 0, -2, 0,
    -2, -1, -4, 0, 0, -2, 0, -4,
    -3, 0, -6, 0, -27, 0, -4, -11,
    4, 7, 0, 0, -4, 2, 2, 7,
    4, -4, 4, 0, 0, -13, 0, 0,
    -8, 0, 0, -6, -3, -11, 0, -9,
    -2, 0, -7, 0, 0, 9, 0, -7,
    -2, 0, 0, 0, -4, 0, 0, -2,
    -17, 0, 0, -18, -2, 9, -9, 0,
    0, 0, 0, 0, 0, 0, 0, 0,
    7, 0, 2, 0, 0, -4, 0, 0,
    0, 0, 0, 0, 0, 0, 9, 2,
    0, 0, 2, 4, 2, 7, -2, 0,
    4, -2, -7, -31, 2, 6, 4, 0,
    -3, 0, 8, 0, 7, 0, 7, 0,
    0, 0, 0, -2, 7, 0, 0, -4,
    -8, 0, 0, -2, 0, -2, 0, 2,
    -4, -3, -4, 2, 0, -2, 0, 0,
    0, -9, 2, 0, -15, 0, 0, 0,
    0, -12, 2, -14, 0, 0, -7, -2,
    0, 22, -3, -3, 2, 2, -2, 0,
    -3, 2, 0, 0, -12, -4, 0, -22,
    0, 2, -14, 0, 13, -4, 0, -8,
    7, 0, -15, -22, -15, -4, 7, 0,
    0, -15, 0, 3, -5, 0, -3, 0,
    -4, 0, 6, 7, -27, 11, 0, 2,
    0, 0, 0, 0, 2, 2, -3, -4,
    0, 0, 0, -2, 0, 0, -2, 0,
    0, 0, -4, 0, 0, -4, 0, -4,
    0, 0, 0, 0, 2, -2, 0, 0,
    -2, 2, 2, 0, 0, 0, 0, -4,
    0, 0, 0, 0, 0, 0, 0, 0,
    -2, 0, 7, 0, 0, -2, 0, -2,
    0, 0, 0, 0, 0, 0, 0, 0,
    -1, -1, 0, -2, -3, 0, 0, 0,
    0, 0, 0, 0, 0, 0, -3, 0,
    -7, -2, -7, 4, 0, -4, 2, 4,
    6, 0, -6, 0, -3, 0, 0, -11,
    2, -2, 2, -12, 2, 0, -11, 0,
    4, -7, 0, 0, 0, -2, 0, 0,
    -2, 0, 0, 0, 0, 0, -1, -1,
    0, -1, -3, 0, 0, 0, 0, 0,
    0, -2, 0, 0, -3, 0, -2, 0,
    -4, 2, 0, -3, 1, 2, 2, 0,
    0, 0, 0, 0, 0, -2, 0, 0,
    0, 0, 0, 0, 0, 0, 0, -4,
    0, 7, -2, 0, -7, 0, 6, -11,
    -12, -9, -4, 2, 0, -2, -15, -4,
    0, -4, 0, -4, 3, -4, 0, 2,
    0, -7, 1, 0, 0, 0, -2, 0,
    0, 2, 0, 2, 0, 0, 0, 0,
    0, 0, 0, 0, 0, 0, 0, -2,
    0, 0, -7, 0, 0, 0, 0, 2,
    0, 0, 0, 0, 0, 0, 0, 11,
    0, 0, 0, 0, 0, 0, 2, 0,
    0, 0, -2, 0, 0, -4, 0, 2,
    0, -2, 0, 0, 0, -4, 0, 3,
    0, -11, -7, 0, 0, 0, -3, -11,
    0, 0, -2, 2, 0, -10, 0, -4,
    0, 0, -4, 2, 0, -4, 0, 0,
    0, 3, 0, 2, -4, -4, 0, -2,
    -2, -3, 0, 0, 0, 0, 0, 0,
    -7, 0, 0, -4, 2, -7, 2, 0,
    2, 0, 0, 0, 2, 0, -2, 0,
    9, 0, 4, 0, 0, -3, 0, 4,
    0, 0, 0, 2, 0, 0, 7, 0,
    6, 0, 0, -13, 0, -2, 4, 7,
    -31, 0, 22, 3, -4, -4, 2, 2,
    -2, 0, -11, 0, 0, 11, -13, -4,
    0, -15, 9, 31, -13, 0, -2, 4,
    -6, 0, 0, -2, 0, 2, 29, -4,
    -2, 7, 6, -6, 2, 0, 0, 2,
    2, -3, -7, 0, -29, 6, 0, 0,
    0, 4, 4, 5, 0, 0, 7, 0,
    -14, -13, 0, 10, 7, 4, -9, 2,
    9, 0, 8, 0, 4, 2, 0, 12,
    0, 0, 0
};


/*Collect the kern class' data in one place*/
static const lv_font_fmt_txt_kern_classes_t kern_classes =
{
    .class_pair_values   = kern_class_values,
    .left_class_mapping  = kern_left_class_mapping,
    .right_class_mapping = kern_right_class_mapping,
    .left_class_cnt      = 25,
    .right_class_cnt     = 27,
};

/*--------------------
 *  ALL CUSTOM DATA
 *--------------------*/

#if LVGL_VERSION_MAJOR == 8
/*Store all the custom data of the font*/
static  lv_font_fmt_txt_glyph_cache_t cache;
#endif

#if LVGL_VERSION_MAJOR >= 8
static const lv_font_fmt_txt_dsc_t font_dsc = {
#else
static lv_font_fmt_txt_dsc_t font_dsc = {
#endif
    .glyph_bitmap = glyph_bitmap,
    .glyph_dsc = glyph_dsc,
    .cmaps = cmaps,
    .kern_dsc = &kern_classes,
    .kern_scale = 16,
    .cmap_num = 6,
    .bpp = 4,
    .kern_classes = 1,
    .bitmap_format = 1,
#if LVGL_VERSION_MAJOR == 8
    .cache = &cache
#endif
};



/*-----------------
 *  PUBLIC FONT
 *----------------*/

/*Initialize a public general font descriptor*/
#if LVGL_VERSION_MAJOR >= 8
const lv_font_t lv_font_yora_montserrat_14_cyr = {
#else
lv_font_t lv_font_yora_montserrat_14_cyr = {
#endif
    .get_glyph_dsc = lv_font_get_glyph_dsc_fmt_txt,    /*Function pointer to get glyph's data*/
    .get_glyph_bitmap = lv_font_get_bitmap_fmt_txt,    /*Function pointer to get glyph's bitmap*/
    .line_height = 18,          /*The maximum line height required by the font*/
    .base_line = 4,             /*Baseline measured from the bottom of the line*/
#if !(LVGL_VERSION_MAJOR == 6 && LVGL_VERSION_MINOR == 0)
    .subpx = LV_FONT_SUBPX_NONE,
#endif
#if LV_VERSION_CHECK(7, 4, 0) || LVGL_VERSION_MAJOR >= 8
    .underline_position = -1,
    .underline_thickness = 1,
#endif
    .dsc = &font_dsc,          /*The custom font data. Will be accessed by `get_glyph_bitmap/dsc` */
#if LV_VERSION_CHECK(8, 2, 0) || LVGL_VERSION_MAJOR >= 9
    .fallback = NULL,
#endif
    .user_data = NULL,
};



#endif /*#if LV_FONT_YORA_MONTSERRAT_14_CYR*/

