/*******************************************************************************
 * Size: 40 px
 * Bpp: 4
 * Opts: --font g:\Github\Yoradio_RGB_Panel-1\tools\fonts\Montserrat-Medium.ttf -r 0x20-0x7F,0x400-0x4FF,0xB0,0x2022,0x2026 --symbols ĄąĆćĘęŁłŃńÓóŚśŹźŻż --size 40 --bpp 4 --format lvgl --lv-include lvgl.h -o C:\Users\plaks\AppData\Local\Temp\plfont-impl-20260719\lv_font_yora_montserrat_40_cyr.c
 ******************************************************************************/

#ifdef LV_LVGL_H_INCLUDE_SIMPLE
#include "lvgl.h"
#else
#include "lvgl.h"
#endif

#ifndef LV_FONT_YORA_MONTSERRAT_40_CYR
#define LV_FONT_YORA_MONTSERRAT_40_CYR 1
#endif

#if LV_FONT_YORA_MONTSERRAT_40_CYR

/*-----------------
 *    BITMAPS
 *----------------*/

/*Store the image of the glyphs*/
static LV_ATTRIBUTE_LARGE_CONST const uint8_t glyph_bitmap[] = {
    /* U+0020 " " */

    /* U+0021 "!" */
    0xd, 0xff, 0xa4, 0x3, 0xe1, 0x0, 0x84, 0x1c,
    0x3, 0xfb, 0xc0, 0x40, 0x21, 0x0, 0xf8, 0xc0,
    0x23, 0x0, 0xe1, 0x1, 0x0, 0xef, 0x0, 0x9c,
    0x3, 0xe1, 0x0, 0x84, 0x3, 0x8c, 0xc, 0x3,
    0x84, 0x2, 0x10, 0xf, 0x9c, 0x3, 0xf0, 0x80,
    0x9, 0x10, 0xe0, 0x1, 0xbb, 0x48, 0x7, 0xff,
    0xc, 0x4c, 0x2, 0x6e, 0xce, 0x31, 0x90, 0x0,
    0xf9, 0x80, 0x62, 0x20, 0x80, 0x48, 0x1a, 0x60,
    0x96,

    /* U+0022 "\"" */
    0x7f, 0xf6, 0x80, 0x47, 0xff, 0x8, 0x7, 0xff,
    0x0, 0x40, 0x2, 0x1, 0x8, 0x4, 0x20, 0x1f,
    0xfc, 0xc3, 0x0, 0x38, 0x4, 0x60, 0x1f, 0xfc,
    0x71, 0x0, 0xf0, 0x80, 0x80, 0x78, 0x40, 0x3f,
    0xf8, 0xe6, 0x1, 0xe3, 0x4, 0xee, 0x40, 0x6,
    0xee, 0x60, 0x0,

    /* U+0023 "#" */
    0x0, 0xfd, 0xbf, 0xe0, 0xf, 0xa3, 0xfc, 0xa0,
    0x1f, 0xfc, 0x12, 0x2, 0x0, 0xf8, 0x80, 0xc,
    0x1, 0xff, 0xc0, 0x20, 0x3, 0x0, 0x7c, 0xc0,
    0x2, 0x0, 0xff, 0xe0, 0x30, 0x0, 0x80, 0x3e,
    0x20, 0x0, 0x80, 0x7f, 0xf0, 0x8, 0x1, 0xc0,
    0x1f, 0x8, 0x10, 0x7, 0xff, 0x7, 0x80, 0x4,
    0x1, 0xe2, 0x0, 0x30, 0x7, 0xff, 0x4, 0x80,
    0xc, 0x1, 0xe6, 0x0, 0x10, 0x7, 0xd5, 0xff,
    0xca, 0x0, 0xcf, 0xff, 0x58, 0x1, 0xbf, 0xf8,
    0x3, 0xff, 0xd9, 0x5f, 0xfb, 0x40, 0x9, 0xff,
    0xf2, 0x0, 0x3b, 0xff, 0x80, 0x3e, 0x10, 0x0,
    0x80, 0x7c, 0xc0, 0x1, 0x0, 0xff, 0xe0, 0x30,
    0x0, 0x80, 0x3e, 0x20, 0x10, 0xf, 0xfe, 0x9,
    0x0, 0x38, 0x3, 0xf8, 0x80, 0x3f, 0xf8, 0x3c,
    0x0, 0x30, 0xf, 0x10, 0x1, 0x80, 0x3f, 0xf8,
    0x26, 0x0, 0x60, 0xf, 0x30, 0x0, 0xc0, 0x3f,
    0xf8, 0x2c, 0x0, 0x20, 0xf, 0x10, 0x3, 0x80,
    0x3f, 0xf8, 0x24, 0x0, 0x10, 0xf, 0x8, 0x0,
    0x80, 0x3f, 0xf8, 0x22, 0x2, 0x1, 0xf7, 0x0,
    0x4, 0x3, 0xee, 0xff, 0xe0, 0x0, 0xff, 0xfc,
    0xc0, 0xb, 0xff, 0xd8, 0x1, 0xff, 0xec, 0xef,
    0xfd, 0x0, 0x9, 0xff, 0xf7, 0x0, 0xf, 0xff,
    0xb0, 0x3, 0xee, 0x0, 0x10, 0x7, 0x88, 0x0,
    0xc0, 0x1f, 0xfc, 0x12, 0x0, 0x30, 0x7, 0x98,
    0x0, 0x40, 0x1f, 0xfc, 0x16, 0x0, 0x10, 0x7,
    0x88, 0x1, 0xc0, 0x1f, 0xfc, 0x12, 0x1, 0x0,
    0xfb, 0x80, 0x4, 0x1, 0xff, 0xc0, 0x10, 0x1,
    0x0, 0x7c, 0x40, 0x6, 0x0, 0xff, 0xe0, 0x10,
    0x1, 0x80, 0x3e, 0x60, 0x1, 0x0, 0x7e,

    /* U+0024 "$" */
    0x0, 0xff, 0x57, 0xf0, 0x7, 0xff, 0xfc, 0x3,
    0xff, 0xaa, 0x51, 0x7c, 0xa0, 0x3f, 0xd7, 0x6,
    0x1, 0xfc, 0x57, 0xae, 0x82, 0x1, 0x85, 0x1f,
    0x35, 0x80, 0x3c, 0x9a, 0x80, 0x1f, 0xfc, 0x2,
    0x9c, 0x0, 0xc7, 0x60, 0x18, 0x54, 0x80, 0xe,
    0xa4, 0x1, 0x94, 0x3, 0x78, 0x4, 0x35, 0xd4,
    0xe0, 0x31, 0x5b, 0xa7, 0x10, 0xa0, 0x8, 0xcc,
    0x1, 0x62, 0x80, 0x7e, 0x28, 0xf8, 0x30, 0x9,
    0x0, 0x27, 0x20, 0xf, 0xf8, 0x5c, 0x3, 0x70,
    0x5, 0x80, 0x1f, 0xfc, 0x63, 0x0, 0xff, 0xe5,
    0x10, 0x5, 0xa0, 0x1f, 0xfc, 0x6c, 0x0, 0x99,
    0x80, 0x1f, 0xfc, 0x54, 0x20, 0xa, 0x75, 0x40,
    0x3f, 0xf8, 0x9c, 0x1, 0x8a, 0xbd, 0x0, 0x3f,
    0xf8, 0x47, 0x82, 0x1, 0xc2, 0x3, 0xd2, 0xa0,
    0x1f, 0xe3, 0xe7, 0x10, 0xf, 0xb, 0x57, 0xc9,
    0x0, 0x7f, 0x47, 0x5b, 0x8, 0x7, 0xcd, 0xb0,
    0x1, 0xfe, 0x49, 0xe5, 0x0, 0x8, 0x7, 0x3c,
    0x80, 0x7f, 0xf0, 0x87, 0xad, 0x40, 0x33, 0x28,
    0x7, 0xff, 0xd, 0x2b, 0x4, 0x2, 0x90, 0xf,
    0xfe, 0x29, 0xe8, 0x4, 0x60, 0x1f, 0xfc, 0x63,
    0x20, 0x8, 0x80, 0x3f, 0xf8, 0xc2, 0x1, 0xe6,
    0x0, 0xff, 0xe1, 0x90, 0x4, 0x40, 0xf3, 0x42,
    0x1, 0xff, 0xc0, 0x81, 0x0, 0x20, 0x2, 0x41,
    0x7a, 0x4c, 0x3, 0xf0, 0xcb, 0x80, 0x5e, 0x4,
    0x20, 0x13, 0x67, 0x5c, 0xb8, 0xc, 0xe7, 0x30,
    0x4, 0xa8, 0x5, 0x84, 0x1, 0x85, 0x18, 0x80,
    0xc, 0x60, 0x19, 0x28, 0x2, 0x3d, 0x92, 0x0,
    0xff, 0xe0, 0xc, 0xd8, 0x7, 0x9b, 0x71, 0xd0,
    0x40, 0x38, 0x96, 0xb9, 0x80, 0x3f, 0x8e, 0x2f,
    0xbd, 0x40, 0x7f, 0x69, 0x40, 0x3f, 0xff, 0xe0,
    0x1f, 0xef, 0x79, 0x0, 0xff, 0x0,

    /* U+0025 "%" */
    0x0, 0xd1, 0xbf, 0xed, 0x80, 0xf, 0xfe, 0xb,
    0xff, 0xa4, 0x3, 0xe3, 0xe7, 0x20, 0x1, 0x3f,
    0x10, 0x7, 0xf8, 0xa0, 0x6, 0x0, 0x3c, 0x3a,
    0x20, 0xb3, 0x25, 0x1, 0xc1, 0x0, 0xfe, 0xe0,
    0x5, 0x8, 0x7, 0xac, 0x42, 0x69, 0x99, 0x52,
    0x3, 0x0, 0x1f, 0x98, 0xc1, 0x50, 0x3, 0xc2,
    0xa0, 0x8c, 0x1, 0x99, 0x1, 0x80, 0x3e, 0x29,
    0x1, 0xb0, 0xf, 0x94, 0x1, 0xc0, 0x1e, 0xe0,
    0x2, 0x0, 0x7a, 0x40, 0x16, 0x20, 0x1f, 0x18,
    0x1, 0xc0, 0x3c, 0xe0, 0x2, 0x0, 0xe6, 0x40,
    0x55, 0x0, 0x7f, 0xc6, 0x1, 0xe3, 0x0, 0x8,
    0x6, 0x19, 0x1, 0xb0, 0xf, 0xfe, 0x1, 0x80,
    0x78, 0xc0, 0x2, 0x1, 0xa8, 0x1, 0x62, 0x1,
    0xfc, 0x40, 0x6, 0x0, 0xf3, 0x0, 0x8, 0x2,
    0x64, 0x4, 0x50, 0xf, 0xf2, 0x0, 0x34, 0x3,
    0xda, 0x0, 0x50, 0x0, 0xc8, 0xd, 0x0, 0x7f,
    0xc2, 0xa0, 0xc4, 0x1, 0x89, 0x81, 0x44, 0x1,
    0x40, 0xb, 0x10, 0xf, 0xfe, 0x4, 0x0, 0x31,
    0x40, 0xb, 0x80, 0x8, 0x0, 0x2a, 0x2, 0x28,
    0x7, 0xff, 0x4, 0xac, 0x6, 0xbf, 0xd4, 0x21,
    0x64, 0x3, 0x60, 0xa, 0x0, 0x14, 0xef, 0xf5,
    0xa8, 0x7, 0x93, 0x54, 0x3, 0x2e, 0xa0, 0x2,
    0xc4, 0x24, 0x41, 0x35, 0x88, 0x5, 0x2a, 0x80,
    0x1e, 0x2a, 0xfe, 0xe7, 0xd1, 0x0, 0x15, 0x40,
    0x8c, 0x7, 0x60, 0x33, 0xb6, 0xa0, 0xb4, 0x1,
    0xf8, 0x44, 0x1, 0x86, 0xc0, 0x12, 0x0, 0xf0,
    0x1f, 0x62, 0x4a, 0x60, 0x54, 0x0, 0xff, 0xe0,
    0xd8, 0x84, 0x90, 0x19, 0x82, 0x4, 0x3, 0x48,
    0x3, 0x80, 0x3f, 0xf8, 0xa, 0xa0, 0x36, 0x0,
    0x20, 0x1, 0xc0, 0x3c, 0xa0, 0xa0, 0x1f, 0xf0,
    0xd8, 0x3, 0x80, 0x2d, 0x1, 0x10, 0x7, 0xb4,
    0x0, 0x40, 0x1f, 0xeb, 0x10, 0x82, 0x0, 0x84,
    0xc, 0x3, 0xe1, 0x0, 0x8, 0x7, 0xf2, 0x28,
    0x1b, 0x80, 0x7f, 0xf3, 0xe8, 0x1, 0xc0, 0x1c,
    0x20, 0x60, 0x1f, 0x8, 0x0, 0x40, 0x3f, 0x48,
    0x84, 0x10, 0x7, 0x68, 0x9, 0x0, 0x7b, 0x0,
    0x48, 0x3, 0xe4, 0x60, 0x37, 0x0, 0xf2, 0x0,
    0x28, 0x3, 0x85, 0x1, 0x0, 0x3f, 0x50, 0x3,
    0x80, 0x3e, 0x33, 0x3, 0x98, 0x6, 0xa0, 0x4,
    0x80, 0x7d, 0x22, 0x10, 0x40, 0x1f, 0xbc, 0x1,
    0x92, 0xcf, 0xa8, 0xc, 0x60, 0x1e, 0x46, 0x3,
    0x70, 0xf, 0xe3, 0xb0, 0x3, 0x4c, 0x10, 0x2c,
    0x80, 0x7d, 0x20, 0xf, 0x0, 0xff, 0x93, 0x98,
    0x80, 0x52, 0xa8, 0x1, 0x0,

    /* U+0026 "&" */
    0x0, 0xf8, 0x5e, 0xfb, 0xfd, 0xb2, 0x60, 0x1f,
    0xfc, 0x45, 0xe8, 0x41, 0x0, 0x13, 0x65, 0x0,
    0x7f, 0xf0, 0x9a, 0x80, 0x30, 0x80, 0x65, 0xa0,
    0xf, 0xfe, 0x0, 0xc8, 0x5, 0x1d, 0xcf, 0xc3,
    0x0, 0x2a, 0x0, 0x7f, 0xcc, 0x1, 0x53, 0x88,
    0x0, 0xf0, 0x40, 0x1a, 0x1, 0xff, 0x68, 0x0,
    0x54, 0x3, 0xce, 0x0, 0x20, 0xf, 0xf8, 0x40,
    0x6, 0x1, 0xf0, 0x80, 0x7f, 0xf0, 0x84, 0x0,
    0x40, 0x1f, 0x28, 0x0, 0xc0, 0x3f, 0xec, 0x0,
    0x98, 0x3, 0xa0, 0x80, 0x14, 0x1, 0xff, 0x30,
    0x80, 0x20, 0x40, 0x29, 0x70, 0x3, 0x10, 0x7,
    0xff, 0x2, 0x0, 0x3, 0x82, 0x7a, 0xc0, 0x4,
    0x90, 0xf, 0xfe, 0xb, 0x30, 0x0, 0x5f, 0x84,
    0x0, 0x6b, 0x0, 0xff, 0xe1, 0xca, 0x0, 0x4,
    0x0, 0x37, 0x20, 0x1f, 0xfc, 0x47, 0x40, 0xe,
    0xc4, 0x0, 0xff, 0xe1, 0x96, 0x40, 0x7, 0xbc,
    0x40, 0x3f, 0xf8, 0x49, 0x86, 0x0, 0x3c, 0x30,
    0x1, 0x60, 0x80, 0x73, 0xb8, 0x80, 0x31, 0xd8,
    0x80, 0x23, 0xf, 0xc, 0x0, 0x58, 0x20, 0x1a,
    0x63, 0x54, 0x0, 0x3a, 0x1, 0x5b, 0x80, 0x58,
    0x60, 0x2, 0xc1, 0x0, 0x10, 0x80, 0x1c, 0x1,
    0x22, 0x0, 0x94, 0x0, 0xec, 0x30, 0x1, 0x68,
    0x85, 0x0, 0x4, 0x80, 0xc, 0x0, 0x26, 0x0,
    0xfb, 0xc, 0x0, 0x7a, 0x2c, 0x0, 0x70, 0x0,
    0x88, 0x0, 0xe0, 0x1f, 0xd8, 0x60, 0x3, 0xf1,
    0x0, 0x58, 0x0, 0xc0, 0x23, 0x0, 0xff, 0x61,
    0x80, 0x4, 0x0, 0xa4, 0x1, 0xe5, 0x0, 0xff,
    0xb4, 0xc0, 0x34, 0x80, 0x44, 0x20, 0x3, 0x50,
    0xf, 0xfe, 0x27, 0x88, 0x4, 0xc0, 0x15, 0x30,
    0x7, 0xe6, 0xf3, 0x0, 0xc7, 0xa2, 0x0, 0x82,
    0x0, 0xa7, 0x61, 0x51, 0x5a, 0xba, 0x44, 0x0,
    0xa6, 0x0, 0x3d, 0x0, 0xb0, 0x80, 0x22, 0x7a,
    0xba, 0x95, 0x10, 0xa, 0x2b, 0x48, 0x0, 0x72,
    0x0, 0x1d, 0x80, 0xf, 0xf9, 0x35, 0xc0, 0x70,
    0x80, 0x60, 0x3, 0x3f, 0x52, 0x90, 0x80, 0x92,
    0x4e, 0xd9, 0x0, 0x43, 0x85, 0xa2, 0x1, 0xc2,
    0xb5, 0xbd, 0xfd, 0xb6, 0xc4, 0x1, 0xe1, 0xd3,
    0x0,

    /* U+0027 "'" */
    0x7f, 0xf6, 0x80, 0x61, 0x0, 0x8, 0x7, 0xe3,
    0x0, 0x38, 0x7, 0xc2, 0x20, 0xf, 0xf1, 0xa7,
    0x72, 0x0,

    /* U+0028 "(" */
    0x0, 0xeb, 0xff, 0x70, 0x7, 0x22, 0x0, 0x12,
    0x1, 0xd0, 0x0, 0x17, 0x0, 0xc6, 0x60, 0x3,
    0x0, 0x74, 0x80, 0x54, 0x1, 0xca, 0x0, 0x32,
    0x0, 0xca, 0x1, 0x50, 0x7, 0x60, 0x4, 0x80,
    0x1c, 0xe0, 0x2, 0x20, 0x6, 0x21, 0x0, 0x20,
    0x7, 0x38, 0x5, 0xe0, 0x1d, 0xa0, 0x12, 0x80,
    0x71, 0x80, 0x44, 0x1, 0xcc, 0x0, 0x11, 0x0,
    0x71, 0x0, 0xc, 0x3, 0xf9, 0x80, 0x38, 0x40,
    0x21, 0x0, 0xe3, 0x0, 0x8c, 0x3, 0xff, 0x86,
    0x20, 0x1f, 0xc2, 0x1, 0xff, 0xc7, 0x30, 0x8,
    0xc0, 0x38, 0x40, 0x21, 0x0, 0xfe, 0x60, 0xf,
    0x10, 0x0, 0xc0, 0x3c, 0xc0, 0x1, 0x10, 0x7,
    0x18, 0x4, 0x40, 0x1d, 0xa0, 0x12, 0x80, 0x73,
    0x80, 0x5e, 0x1, 0xc4, 0x20, 0x4, 0x0, 0xf3,
    0x80, 0x8, 0x80, 0x1d, 0x80, 0x12, 0x0, 0x72,
    0x80, 0x54, 0x1, 0xe6, 0x0, 0x19, 0x0, 0x75,
    0x0, 0x54, 0x1, 0xc6, 0x60, 0x3, 0x0, 0x7a,
    0x0, 0x2, 0xe0, 0x1c, 0x88, 0x0, 0x48, 0x0,

    /* U+0029 ")" */
    0x7f, 0xf8, 0xc0, 0x33, 0x88, 0x3, 0xc0, 0x3a,
    0x40, 0x6, 0x80, 0x19, 0x80, 0x2f, 0x0, 0xc2,
    0xa0, 0x4, 0x20, 0xd, 0xc0, 0x12, 0x80, 0x64,
    0x10, 0x5, 0x0, 0x72, 0x0, 0x8, 0x40, 0x37,
    0x80, 0x4e, 0x1, 0x90, 0x2, 0xc0, 0xc, 0x22,
    0x0, 0x38, 0x7, 0x28, 0x0, 0x80, 0x38, 0x80,
    0x23, 0x0, 0xde, 0x1, 0x30, 0x6, 0x20, 0x8,
    0x80, 0x33, 0x80, 0x5e, 0x1, 0x84, 0x2, 0x10,
    0xc, 0x60, 0x11, 0x80, 0x7e, 0x10, 0xc, 0x20,
    0x1f, 0x84, 0x3, 0xff, 0x80, 0x20, 0x18, 0xc0,
    0x23, 0x0, 0xc2, 0x1, 0x8, 0x6, 0x70, 0xb,
    0xc0, 0x31, 0x0, 0x44, 0x1, 0xbc, 0x2, 0x60,
    0xc, 0x40, 0x11, 0x80, 0x65, 0x0, 0x10, 0x6,
    0x11, 0x0, 0x1c, 0x3, 0x20, 0x5, 0x80, 0x1b,
    0xc0, 0x27, 0x0, 0xc8, 0x0, 0x21, 0x0, 0x90,
    0x40, 0x14, 0x1, 0xb8, 0x2, 0x60, 0x8, 0x54,
    0x0, 0x82, 0x1, 0x30, 0x5, 0x0, 0x1a, 0x40,
    0x8, 0x60, 0x13, 0x88, 0x2, 0x0, 0x30,

    /* U+002A "*" */
    0x0, 0xf1, 0xff, 0x8c, 0x3, 0xff, 0x98, 0x20,
    0x10, 0x80, 0x4, 0x2, 0x10, 0x9, 0xf9, 0xc0,
    0x3f, 0x3f, 0x38, 0xc, 0x84, 0x6a, 0x0, 0x64,
    0xd8, 0x9, 0x1, 0xb1, 0x2, 0xbe, 0x0, 0x75,
    0x90, 0xd, 0x80, 0x17, 0xa0, 0x0, 0x60, 0x3,
    0x0, 0x47, 0x28, 0x6, 0x7e, 0x20, 0xc, 0x5c,
    0xe0, 0x1e, 0x3d, 0x20, 0xc, 0x5a, 0x60, 0x18,
    0x67, 0xc, 0x3, 0xc7, 0x92, 0x20, 0x3e, 0xc0,
    0x6, 0xc0, 0x6, 0x30, 0x1, 0xbc, 0x44, 0x80,
    0x7b, 0x22, 0x0, 0x19, 0xd3, 0x4, 0x10, 0xba,
    0xc2, 0x0, 0xf1, 0x65, 0x58, 0x0, 0x54, 0x2,
    0x10, 0xf, 0x28, 0x80, 0x7f, 0x84, 0x3, 0xff,
    0x80, 0x55, 0x42, 0x0, 0xf0,

    /* U+002B "+" */
    0x0, 0xfd, 0xff, 0x28, 0x7, 0xff, 0xfc, 0x3,
    0xff, 0xc4, 0x26, 0x7e, 0x40, 0x8, 0x8c, 0xfc,
    0x49, 0x99, 0xeb, 0x0, 0xa3, 0x33, 0xd6, 0x1,
    0xff, 0xda, 0x5f, 0xff, 0x80, 0x2a, 0xff, 0xf4,
    0x80, 0x7f, 0xff, 0xc0, 0x3f, 0xfb, 0x60,

    /* U+002C "," */
    0x0, 0x1b, 0x20, 0x4, 0xd9, 0x37, 0x0, 0x8,
    0x0, 0x9c, 0x0, 0x20, 0x18, 0x80, 0x80, 0x31,
    0x7, 0x90, 0x0, 0xc0, 0x4, 0xa0, 0xb, 0x0,
    0x90, 0x0, 0xc0, 0x11, 0x81, 0x88, 0x1, 0x0,
    0x16, 0x1, 0x60, 0x1, 0x40, 0x24, 0x3, 0x20,
    0x0,

    /* U+002D "-" */
    0x46, 0x6f, 0xf0, 0x7c, 0xcf, 0xf8, 0x3, 0xff,
    0x9a,

    /* U+002E "." */
    0x0, 0x34, 0xb0, 0x5, 0x32, 0x69, 0xa0, 0x3,
    0x0, 0x4a, 0x22, 0x0, 0xe3, 0x13, 0x0, 0x88,
    0x81, 0xc8, 0x7, 0xe0,

    /* U+002F "/" */
    0x0, 0xff, 0xe1, 0x3c, 0x40, 0xc0, 0x3f, 0xf8,
    0x29, 0xe, 0xe0, 0xf, 0xfe, 0x16, 0x80, 0x8,
    0xc0, 0x3f, 0xf8, 0x2e, 0x0, 0x50, 0xf, 0xfe,
    0xa, 0x8, 0x2, 0xc0, 0x3f, 0xf8, 0x3c, 0x0,
    0x23, 0x0, 0xff, 0xe0, 0xa8, 0x1, 0x40, 0x3f,
    0xf8, 0x2a, 0x1, 0x50, 0x7, 0xff, 0x7, 0xc0,
    0x4, 0x40, 0xf, 0xfe, 0xa, 0x80, 0x28, 0x3,
    0xff, 0x82, 0xa0, 0x12, 0x80, 0x7f, 0xf0, 0x78,
    0x0, 0x64, 0x1, 0xff, 0xc0, 0x14, 0x0, 0x58,
    0x7, 0xff, 0x5, 0xc0, 0x26, 0x0, 0xff, 0xe0,
    0xe8, 0x0, 0xc4, 0x3, 0xff, 0x80, 0x28, 0x0,
    0xa0, 0xf, 0xfe, 0xb, 0x80, 0x4e, 0x1, 0xff,
    0xc1, 0xa0, 0x2, 0x8, 0x7, 0xff, 0x0, 0x4c,
    0x1, 0xa0, 0x1f, 0xfc, 0x16, 0x0, 0x9c, 0x3,
    0xff, 0x83, 0x60, 0x4, 0x10, 0xf, 0xfe, 0x1,
    0x18, 0x3, 0x80, 0x3f, 0xf8, 0x2a, 0x1, 0x28,
    0x7, 0xff, 0x6, 0x80, 0xa, 0x1, 0xff, 0xc1,
    0x22, 0x0, 0x3c, 0x3, 0xff, 0x82, 0xa0, 0x12,
    0x80, 0x7f, 0xf0, 0x68, 0x0, 0xa0, 0x1f, 0xfc,
    0x12, 0x20, 0x3, 0x80, 0x3f, 0xf8, 0x34, 0x0,
    0x14, 0x0, 0xff, 0xe0, 0xa8, 0x1, 0xc0, 0x3f,
    0xf8, 0x26, 0x40, 0xd, 0x0, 0xff, 0xe0, 0xd8,
    0x0, 0x50, 0x3, 0xff, 0x82, 0xc0, 0x7, 0x0,
    0xff, 0xe0, 0x98, 0x80, 0x28, 0x3, 0xff, 0x83,
    0x40, 0x1, 0x30, 0xf, 0xfe, 0xb, 0x80, 0x18,
    0x3, 0xff, 0x82, 0x82, 0x0, 0xb0, 0xf, 0xfe,
    0xe, 0x80, 0x8, 0xc0, 0x3f, 0xf8, 0x2e, 0x0,
    0x50, 0xf, 0xfe, 0x8,

    /* U+0030 "0" */
    0x0, 0xfc, 0x93, 0xbf, 0xee, 0xc8, 0x20, 0xf,
    0xfe, 0xa, 0x6d, 0xb1, 0x0, 0x4, 0xdf, 0x68,
    0x40, 0x3f, 0xd1, 0x64, 0x1, 0xfc, 0xbe, 0x80,
    0x1f, 0xa1, 0xc0, 0x30, 0x9a, 0x18, 0x6, 0x1b,
    0x30, 0xf, 0x2b, 0x80, 0x45, 0x7d, 0x97, 0x9d,
    0x0, 0x1b, 0x44, 0x3, 0xac, 0x2, 0x3d, 0x40,
    0xc, 0x2f, 0x80, 0x10, 0xd8, 0x6, 0x71, 0x0,
    0xe, 0x80, 0x7e, 0x3b, 0x0, 0x94, 0x80, 0x29,
    0x0, 0xac, 0x40, 0x3f, 0x91, 0x40, 0x2b, 0x0,
    0x20, 0x80, 0x9, 0x40, 0x3f, 0xe9, 0x0, 0x9c,
    0x1, 0x80, 0x12, 0x80, 0x7f, 0xf0, 0xc, 0x80,
    0x2, 0x60, 0x60, 0x16, 0x0, 0x7f, 0xf0, 0x50,
    0x2, 0x50, 0x50, 0x9, 0x80, 0x3f, 0xf8, 0x3c,
    0x1, 0x78, 0x8, 0x4, 0x40, 0x1f, 0xfc, 0x12,
    0x0, 0x8c, 0x3, 0xff, 0x8e, 0x20, 0x10, 0x88,
    0x2, 0x10, 0xf, 0xfe, 0x13, 0x80, 0x4e, 0x20,
    0x10, 0x80, 0x7f, 0xf0, 0x9c, 0x2, 0x70, 0xf,
    0xfe, 0x38, 0x80, 0x42, 0x2, 0x1, 0x10, 0x7,
    0xff, 0x4, 0x80, 0x23, 0x5, 0x0, 0x98, 0x3,
    0xff, 0x83, 0xc0, 0x17, 0x81, 0x80, 0x58, 0x1,
    0xff, 0xc1, 0x40, 0x9, 0x43, 0x0, 0x25, 0x0,
    0xff, 0xe0, 0x19, 0x0, 0x46, 0x8, 0x20, 0x2,
    0x50, 0xf, 0xfa, 0x40, 0x26, 0x0, 0xa4, 0x2,
    0x80, 0xf, 0xf2, 0x28, 0x5, 0x60, 0x13, 0x88,
    0x0, 0xb0, 0x3, 0xf1, 0xd0, 0x4, 0xa4, 0x1,
    0xac, 0x2, 0x3d, 0x40, 0xc, 0x2f, 0x82, 0x0,
    0x1b, 0x0, 0xe5, 0x70, 0x8, 0xaf, 0xae, 0xb3,
    0xa0, 0x3, 0x68, 0x80, 0x7a, 0x1c, 0x3, 0xa,
    0x29, 0x80, 0x61, 0xb3, 0x0, 0xfd, 0x16, 0x40,
    0x1f, 0xcb, 0xe8, 0x1, 0xfe, 0x4d, 0xb6, 0x20,
    0x0, 0x9b, 0xed, 0x8, 0x7, 0x0,

    /* U+0031 "1" */
    0xbf, 0xff, 0xe9, 0x0, 0xff, 0xe5, 0x6b, 0x37,
    0x20, 0x6, 0x69, 0x9e, 0xe0, 0xf, 0xff, 0xf8,
    0x7, 0xff, 0xfc, 0x3, 0xff, 0xfe, 0x1, 0xff,
    0xdf,

    /* U+0032 "2" */
    0x0, 0xe1, 0x6a, 0xde, 0xff, 0x75, 0xc1, 0x0,
    0x7f, 0x15, 0x74, 0xa9, 0x8, 0x0, 0x51, 0xf6,
    0xc4, 0x3, 0xcf, 0xaa, 0x1, 0xff, 0x27, 0x98,
    0x6, 0x98, 0x0, 0xe2, 0x45, 0x41, 0x0, 0xc3,
    0xa2, 0x0, 0x26, 0x0, 0x86, 0x7b, 0x6e, 0xaf,
    0xb5, 0x0, 0x21, 0xb0, 0x1, 0x60, 0x83, 0x73,
    0x8, 0x7, 0x15, 0xb0, 0x4, 0xa0, 0x11, 0xe4,
    0x48, 0x7, 0xfa, 0x40, 0x32, 0x0, 0x44, 0xe0,
    0x1f, 0xfc, 0x4, 0x0, 0x84, 0x3, 0xff, 0x8a,
    0x40, 0x1f, 0xfc, 0x92, 0x0, 0x84, 0x3, 0xff,
    0x8a, 0x80, 0x12, 0x80, 0x7f, 0xf1, 0x18, 0x2,
    0x31, 0x0, 0xff, 0xe1, 0x8c, 0x0, 0x50, 0x1,
    0xff, 0xc4, 0xa1, 0x0, 0x22, 0x0, 0x3f, 0xf8,
    0x74, 0x80, 0x1, 0xa0, 0xf, 0xfe, 0x1d, 0x28,
    0x5, 0xa2, 0x1, 0xff, 0xc2, 0xa5, 0x0, 0xac,
    0xc0, 0x3f, 0xf8, 0x54, 0xa0, 0x15, 0xa0, 0x7,
    0xff, 0xa, 0xd4, 0x2, 0xb4, 0x0, 0xff, 0xe1,
    0x5a, 0x0, 0x56, 0x80, 0x1f, 0xfc, 0x2b, 0x40,
    0xa, 0xd0, 0x3, 0xff, 0x85, 0x68, 0x1, 0x5a,
    0x0, 0x7f, 0xf0, 0xad, 0x0, 0x2c, 0x40, 0xf,
    0xfe, 0x15, 0xa0, 0x5, 0x86, 0x1, 0xff, 0xc2,
    0xb4, 0x0, 0xb0, 0xc0, 0x3f, 0xf8, 0x58, 0x80,
    0x11, 0xd4, 0xcf, 0xff, 0x1, 0x41, 0xcc, 0x3,
    0x1b, 0x37, 0xff, 0x7, 0x3, 0xc0, 0x3f, 0xfb,
    0xc0,

    /* U+0033 "3" */
    0x8, 0xff, 0xff, 0xe3, 0x0, 0x7f, 0xf7, 0xc4,
    0x2, 0xc6, 0x6f, 0xfe, 0x2, 0x80, 0x68, 0x0,
    0x92, 0x67, 0xff, 0x80, 0xc0, 0x13, 0x30, 0x3,
    0xff, 0x87, 0x26, 0x0, 0x39, 0x0, 0xff, 0xe1,
    0xab, 0x0, 0x7, 0x40, 0x3f, 0xf8, 0x67, 0x40,
    0x15, 0x8, 0x7, 0xff, 0x8, 0x74, 0x2, 0x84,
    0x0, 0xff, 0xe1, 0xd0, 0x80, 0x15, 0xc0, 0x3f,
    0xf8, 0x70, 0x80, 0x2, 0xa0, 0xf, 0xfe, 0x1a,
    0xb8, 0x0, 0x7c, 0x3, 0xff, 0x89, 0x40, 0x10,
    0xfd, 0x28, 0x7, 0xff, 0x4, 0x40, 0x38, 0x96,
    0xb9, 0xc0, 0x3f, 0xf9, 0x3, 0x14, 0x1, 0xfe,
    0x1b, 0xba, 0xa1, 0x0, 0x32, 0xc8, 0x7, 0xf9,
    0x12, 0x57, 0xbe, 0x40, 0x9, 0x8c, 0x3, 0xff,
    0x86, 0x36, 0x60, 0x14, 0x80, 0x7f, 0xf1, 0x60,
    0x2, 0x40, 0xf, 0xfe, 0x2a, 0x0, 0x42, 0x1,
    0xff, 0xdb, 0x10, 0xf, 0xa, 0x80, 0x7f, 0xf0,
    0x58, 0x2, 0x30, 0x5, 0xd5, 0x4, 0x3, 0xfc,
    0x70, 0x1, 0x58, 0x1a, 0x82, 0xf4, 0xa0, 0x7,
    0x86, 0x30, 0x2, 0x17, 0xa, 0x0, 0xcd, 0x7f,
    0xb7, 0x57, 0xbc, 0xe0, 0x1a, 0x80, 0x12, 0xe0,
    0x1e, 0x24, 0x54, 0x20, 0xe, 0xa4, 0x0, 0xa3,
    0x58, 0x3, 0xff, 0x80, 0x9a, 0xa0, 0x1c, 0x53,
    0xf6, 0xe8, 0x42, 0x0, 0x14, 0x7d, 0xb2, 0x0,
    0xc0,

    /* U+0034 "4" */
    0x0, 0xff, 0xe1, 0x47, 0xfd, 0x80, 0x1f, 0xfc,
    0x84, 0x70, 0x0, 0xe8, 0x7, 0xff, 0x1c, 0x68,
    0x2, 0xa1, 0x0, 0xff, 0xe3, 0xe8, 0x80, 0x19,
    0x0, 0x3f, 0xf8, 0xf0, 0x60, 0x3, 0x90, 0xf,
    0xfe, 0x3a, 0x38, 0x5, 0xc0, 0x1f, 0xfc, 0x71,
    0xa0, 0xa, 0x88, 0x3, 0xff, 0x8f, 0xa2, 0x0,
    0x65, 0x0, 0xff, 0xe3, 0xc1, 0x80, 0xa, 0x40,
    0x3f, 0xf8, 0xe8, 0xe0, 0x17, 0x80, 0x7f, 0xf1,
    0xc6, 0x80, 0x29, 0x20, 0xf, 0xfe, 0x3e, 0x88,
    0x1, 0x58, 0x3, 0xff, 0x8f, 0x6, 0x0, 0x2a,
    0x0, 0xeb, 0xee, 0x68, 0x7, 0xf9, 0x1c, 0x2,
    0xe0, 0xf, 0x38, 0x88, 0x80, 0x3f, 0x86, 0x80,
    0x29, 0x30, 0xf, 0xfe, 0x3e, 0x88, 0x1, 0x58,
    0x3, 0xff, 0x8f, 0x6, 0x0, 0x1b, 0x0, 0xff,
    0xe3, 0xa3, 0x80, 0x5a, 0x20, 0x1f, 0xfc, 0x61,
    0xa0, 0x8, 0xae, 0x23, 0xf8, 0x80, 0x28, 0x8e,
    0x26, 0x10, 0x8, 0x9d, 0xff, 0xc2, 0x1, 0x3b,
    0xf3, 0x0, 0x7f, 0xfa, 0x1f, 0xff, 0xff, 0x86,
    0x20, 0x17, 0xff, 0x20, 0x7, 0xff, 0xfc, 0x3,
    0xff, 0xfe, 0x1, 0xe0,

    /* U+0035 "5" */
    0x0, 0xdb, 0xff, 0xff, 0xc3, 0x0, 0xf1, 0x0,
    0x7f, 0xf7, 0x88, 0x2, 0x36, 0x6f, 0xfe, 0x0,
    0x7, 0x8, 0x5, 0x73, 0x3f, 0xfc, 0x0, 0xe,
    0x60, 0x8, 0x80, 0x3f, 0xf8, 0xa4, 0x1, 0x8,
    0x7, 0xff, 0x17, 0xc0, 0x26, 0x0, 0xff, 0xe2,
    0x90, 0x4, 0x60, 0x1f, 0xfc, 0x51, 0x0, 0x84,
    0x3, 0xff, 0x8a, 0xc0, 0x1, 0x0, 0xff, 0xe3,
    0x18, 0x5, 0x33, 0x44, 0x1d, 0x48, 0x3, 0xfc,
    0x20, 0x1, 0x66, 0x9d, 0xd1, 0x5b, 0xa8, 0x10,
    0xf, 0x10, 0x7, 0xff, 0x0, 0x9f, 0x98, 0x3,
    0x84, 0x3, 0xff, 0x87, 0x30, 0x1, 0x8f, 0xff,
    0xf7, 0x5c, 0x18, 0x6, 0x75, 0x0, 0xff, 0xe0,
    0xa, 0x3e, 0x58, 0x80, 0x50, 0x1, 0xff, 0xc4,
    0x4d, 0x0, 0x88, 0xc0, 0x3f, 0xf8, 0x86, 0x60,
    0x9, 0x40, 0x3f, 0xf8, 0xa8, 0x1, 0x70, 0x7,
    0xff, 0x17, 0xc0, 0x3f, 0xf9, 0x3c, 0x1, 0x78,
    0x1, 0x84, 0x3, 0xff, 0x80, 0x2e, 0x1, 0x20,
    0x14, 0xfa, 0x80, 0x7f, 0xd4, 0x20, 0x1, 0x30,
    0x90, 0x1a, 0xd6, 0x20, 0xf, 0x26, 0x20, 0x5,
    0x0, 0x28, 0x1, 0x14, 0xef, 0x65, 0xdb, 0x3e,
    0xcc, 0x2, 0x46, 0x1, 0xd3, 0x0, 0xe1, 0x34,
    0x41, 0x80, 0x72, 0x58, 0x4, 0x59, 0x68, 0x1,
    0xff, 0xc, 0xd8, 0x7, 0x92, 0xf6, 0x54, 0xc4,
    0x0, 0x26, 0xb5, 0xcc, 0x1, 0x80,

    /* U+0036 "6" */
    0x0, 0xfe, 0x49, 0xce, 0xff, 0x76, 0xd3, 0x8,
    0x7, 0xf9, 0xba, 0xd8, 0xc4, 0x0, 0x24, 0xb3,
    0xd4, 0x1, 0xf1, 0x64, 0x88, 0x7, 0xfc, 0x20,
    0x1e, 0x2c, 0x30, 0xc, 0x28, 0xcd, 0x20, 0x80,
    0x20, 0x3, 0x87, 0xc4, 0x2, 0x6d, 0xeb, 0x99,
    0xaf, 0xad, 0xcc, 0x3, 0xac, 0x80, 0x3, 0x92,
    0x40, 0x1f, 0x24, 0x0, 0x72, 0x28, 0x5, 0x86,
    0x1, 0xff, 0xc4, 0xf0, 0xa, 0x88, 0x3, 0xff,
    0x88, 0x48, 0x0, 0x25, 0x0, 0xff, 0xe2, 0xa0,
    0x5, 0x40, 0x1f, 0xfc, 0x6c, 0x0, 0x8c, 0x3,
    0xff, 0x8c, 0xe0, 0x12, 0x80, 0x5, 0xaf, 0x7f,
    0xdd, 0x6e, 0x20, 0x1e, 0x20, 0x8, 0x42, 0x3a,
    0x50, 0x80, 0x2, 0x91, 0xd0, 0x1, 0xfc, 0x3a,
    0xe0, 0x1f, 0xe7, 0xd1, 0x0, 0x8, 0x6, 0xd2,
    0x0, 0x13, 0xcd, 0x4b, 0x8, 0x4, 0x5a, 0x0,
    0x10, 0xc, 0x60, 0x9, 0xd8, 0x65, 0x69, 0xe7,
    0x0, 0x8e, 0x0, 0x3f, 0x63, 0x0, 0x7d, 0x12,
    0x1, 0x38, 0x0, 0x40, 0x33, 0x98, 0x7, 0xf3,
    0x18, 0x4, 0xa0, 0x40, 0x1a, 0x40, 0x3f, 0xeb,
    0x0, 0x88, 0x14, 0x2, 0x11, 0x0, 0x7f, 0xc4,
    0x1, 0x70, 0x78, 0x7, 0xff, 0x20, 0x41, 0xc0,
    0x21, 0x10, 0x7, 0xfc, 0x40, 0x17, 0x80, 0xa8,
    0x4, 0xc0, 0x1f, 0xf5, 0x0, 0x48, 0x0, 0x90,
    0xa, 0xc, 0x3, 0xf9, 0xc8, 0x0, 0x46, 0x0,
    0x37, 0x0, 0xb5, 0x40, 0x3e, 0x88, 0x0, 0x50,
    0x1, 0xa0, 0xc0, 0x3, 0x5b, 0xc, 0xad, 0x3c,
    0xe0, 0x13, 0x28, 0x7, 0x62, 0x0, 0x44, 0xf3,
    0x52, 0xc2, 0x1, 0x2c, 0x80, 0x7d, 0x72, 0x20,
    0x1f, 0xc3, 0x54, 0x0, 0xfe, 0x6e, 0xa6, 0x31,
    0x0, 0x12, 0xd7, 0x28, 0x6,

    /* U+0037 "7" */
    0xcf, 0xff, 0xfe, 0x42, 0x80, 0x7f, 0xf7, 0xc4,
    0x3, 0x33, 0x7f, 0xf0, 0x10, 0x3, 0x20, 0x6,
    0x99, 0xff, 0xe0, 0x10, 0x4, 0xc0, 0x1f, 0xfc,
    0x41, 0x60, 0xa, 0xc0, 0x3f, 0xf8, 0x8c, 0x1,
    0x21, 0x0, 0x7f, 0xf1, 0x24, 0x2, 0xf0, 0x2,
    0x99, 0xc0, 0x1f, 0xe5, 0x10, 0x1, 0x20, 0x2,
    0x73, 0x20, 0xf, 0xf4, 0x80, 0x56, 0x1, 0xff,
    0xc4, 0x33, 0x0, 0x4c, 0x1, 0xff, 0xc4, 0x90,
    0x9, 0xc0, 0x3f, 0xf8, 0x82, 0xa0, 0x15, 0x0,
    0x7f, 0xf1, 0x24, 0x2, 0x42, 0x0, 0xff, 0xe2,
    0x30, 0x5, 0xe0, 0x1f, 0xfc, 0x46, 0x10, 0x1,
    0x20, 0x7, 0xff, 0x12, 0x80, 0x2b, 0x0, 0xff,
    0xe2, 0x19, 0x80, 0x2, 0xc0, 0x1f, 0xfc, 0x49,
    0x0, 0x98, 0x3, 0xff, 0x88, 0x4a, 0x1, 0x48,
    0x7, 0xff, 0x12, 0x80, 0x25, 0x10, 0xf, 0xfe,
    0x23, 0x0, 0x52, 0x1, 0xff, 0xc4, 0x61, 0x0,
    0x19, 0x80, 0x3f, 0xf8, 0x96, 0x1, 0x48, 0x7,
    0xff, 0x11, 0x8, 0x0, 0x2a, 0x1, 0xff, 0xc4,
    0xf0, 0x9, 0x80, 0x3f, 0xf8, 0x84, 0x80, 0x14,
    0x80, 0x7f, 0xf1, 0x2c, 0x2, 0x51, 0x0, 0xff,
    0xe1, 0x8b, 0x0, 0x52, 0x1, 0xff, 0x0,

    /* U+0038 "8" */
    0x0, 0xf0, 0xad, 0x67, 0x7f, 0xb7, 0x21, 0x0,
    0x3f, 0xc3, 0x3d, 0x4a, 0x62, 0x0, 0x23, 0x7b,
    0xe6, 0x0, 0xf8, 0xb1, 0x80, 0x3f, 0xe1, 0x9b,
    0x0, 0xe1, 0xc2, 0x0, 0x85, 0xa6, 0xa9, 0xa,
    0x1, 0x92, 0xc0, 0x34, 0x8, 0x5, 0x1d, 0x2c,
    0xaa, 0x7a, 0xe6, 0x0, 0x91, 0x40, 0x26, 0x0,
    0xa5, 0xc0, 0x3e, 0x19, 0x60, 0xb, 0x80, 0x4,
    0x1, 0xb, 0x0, 0x7f, 0xa0, 0x2, 0x50, 0x0,
    0x80, 0x4a, 0x1, 0xff, 0x8, 0x4, 0x20, 0x2,
    0x0, 0x98, 0x3, 0xff, 0x86, 0x20, 0x1, 0x10,
    0x0, 0x88, 0x1, 0xfe, 0x60, 0x9, 0x40, 0x26,
    0x0, 0xbc, 0x40, 0x3f, 0x24, 0x80, 0x5e, 0x1,
    0x41, 0x80, 0xb, 0xa1, 0x4, 0x0, 0x2b, 0x56,
    0x1, 0x3a, 0x0, 0x6d, 0x40, 0x9, 0xef, 0xbf,
    0xdd, 0x4a, 0x1, 0x3c, 0x0, 0x70, 0xd1, 0x80,
    0x7f, 0xf0, 0x1e, 0x0, 0x3c, 0xbe, 0x60, 0x1f,
    0xfc, 0x7, 0xc2, 0x0, 0xcd, 0x42, 0x1, 0x35,
    0x66, 0xeb, 0x25, 0x0, 0x23, 0xc2, 0x0, 0x14,
    0x80, 0x4b, 0xd2, 0xa6, 0x44, 0x36, 0xbc, 0x20,
    0x0, 0xf8, 0x2, 0x0, 0x24, 0xa1, 0x0, 0xfc,
    0x78, 0x20, 0x2, 0x60, 0x50, 0xa, 0x40, 0x3f,
    0xe1, 0xb0, 0xa, 0x88, 0x2, 0x22, 0x0, 0x7f,
    0xf0, 0x10, 0x2, 0x21, 0x0, 0x84, 0x3, 0xff,
    0x82, 0x20, 0x10, 0x88, 0x2, 0x20, 0xf, 0xfe,
    0x9, 0x0, 0x42, 0x40, 0x10, 0x98, 0x7, 0xff,
    0x1, 0x40, 0x25, 0x5, 0x0, 0xb8, 0x3, 0xfe,
    0x38, 0x0, 0xb4, 0x20, 0x2, 0x2d, 0x30, 0xf,
    0xcd, 0x80, 0x10, 0xb0, 0x14, 0x0, 0x45, 0x9b,
    0xc, 0xaa, 0x79, 0xe9, 0x0, 0xd4, 0x1, 0x3c,
    0x0, 0x62, 0x79, 0xaa, 0x43, 0x8, 0x4, 0x36,
    0x80, 0x19, 0xf1, 0x0, 0x3f, 0xf8, 0xd, 0xe8,
    0x1, 0xe3, 0xbd, 0x85, 0x21, 0x0, 0x9, 0xac,
    0xf4, 0x88, 0x4,

    /* U+0039 "9" */
    0x0, 0xe2, 0x7b, 0xef, 0xf6, 0xe4, 0x18, 0x7,
    0xf8, 0x67, 0x61, 0x4, 0x0, 0x46, 0xf9, 0x83,
    0x0, 0xf8, 0xfd, 0x80, 0x3f, 0xc7, 0x8e, 0x1,
    0xc3, 0xa2, 0x1, 0x1b, 0xcd, 0x4b, 0x8, 0x5,
    0xe, 0x1, 0xb4, 0x40, 0x3, 0x79, 0xc, 0xad,
    0x3d, 0x0, 0x14, 0x18, 0x1, 0xc, 0x0, 0x38,
    0x80, 0x1f, 0x3d, 0x0, 0x5c, 0x0, 0xd0, 0xa,
    0x48, 0x3, 0xf9, 0x50, 0x0, 0x4a, 0xa, 0x1,
    0x28, 0x7, 0xfd, 0xc0, 0x17, 0x0, 0x80, 0x44,
    0x1, 0xff, 0x38, 0x4, 0x82, 0x1, 0x84, 0x3,
    0xfe, 0x60, 0xc, 0xac, 0x1, 0x28, 0x7, 0xfd,
    0x80, 0x18, 0xf0, 0x2, 0x80, 0xf, 0xf1, 0x38,
    0x6, 0xe5, 0x0, 0x8e, 0x80, 0x3f, 0x16, 0x0,
    0x71, 0x93, 0x80, 0x4b, 0xae, 0x60, 0x1, 0x49,
    0xd1, 0x1, 0x0, 0x84, 0x21, 0x40, 0x22, 0x8c,
    0xff, 0x75, 0xb0, 0x0, 0xa8, 0x3, 0xd4, 0xe0,
    0x1f, 0xf2, 0xe0, 0x7, 0xe8, 0xd6, 0x10, 0xf,
    0x2d, 0xd0, 0x88, 0x2, 0x10, 0xc, 0x53, 0xdb,
    0x75, 0x7b, 0xf4, 0x80, 0x2, 0x0, 0x88, 0x3,
    0xe2, 0x45, 0x42, 0x0, 0xec, 0x0, 0xb4, 0x3,
    0xff, 0x8a, 0xa0, 0x12, 0x0, 0x7f, 0xf1, 0x14,
    0x40, 0x6, 0x20, 0x1f, 0xfc, 0x48, 0x0, 0xa8,
    0x3, 0xff, 0x89, 0x24, 0x0, 0x16, 0x0, 0xff,
    0xe1, 0xcb, 0x0, 0x56, 0x1, 0x86, 0x88, 0x3,
    0xe5, 0xd6, 0x0, 0x95, 0x40, 0x1a, 0x17, 0x75,
    0x73, 0x13, 0x7f, 0x44, 0x1, 0x25, 0x0, 0x61,
    0x60, 0x1, 0x23, 0x3b, 0x20, 0x7, 0x35, 0x80,
    0x71, 0x98, 0x3, 0xfe, 0x4c, 0x90, 0xf, 0x16,
    0x61, 0xd0, 0x40, 0x22, 0x48, 0xdb, 0x30, 0xf,
    0x0,

    /* U+003A ":" */
    0x2, 0xbf, 0xc2, 0x0, 0x7a, 0x1, 0xf8, 0x9,
    0x0, 0x44, 0x41, 0x0, 0xe3, 0x6, 0x0, 0x94,
    0x42, 0x69, 0xa6, 0x80, 0x25, 0x96, 0x0, 0xff,
    0xfb, 0xb4, 0xb0, 0x5, 0x32, 0x69, 0xa0, 0x3,
    0x0, 0x4a, 0x22, 0x0, 0xe3, 0x13, 0x0, 0x88,
    0x81, 0xc8, 0x7, 0xe0,

    /* U+003B ";" */
    0x2, 0xbf, 0xc2, 0x0, 0x7a, 0x1, 0xf8, 0x9,
    0x0, 0x44, 0x41, 0x0, 0xe3, 0x6, 0x0, 0x94,
    0x42, 0x69, 0xa6, 0x80, 0x25, 0x96, 0x0, 0xff,
    0xfb, 0x9b, 0x20, 0x4, 0xd9, 0x37, 0x0, 0x8,
    0x0, 0x9c, 0x0, 0x20, 0x18, 0x80, 0x80, 0x31,
    0x7, 0x90, 0x0, 0xc0, 0x4, 0xa0, 0xb, 0x0,
    0x90, 0x0, 0xc0, 0x11, 0x81, 0x88, 0x1, 0x0,
    0x16, 0x1, 0x60, 0x1, 0x40, 0x24, 0x3, 0x20,
    0x0,

    /* U+003C "<" */
    0x0, 0xff, 0xe3, 0x18, 0x7, 0xff, 0xc, 0xa7,
    0xe8, 0x3, 0xff, 0x82, 0xb9, 0xac, 0x1, 0xff,
    0xc0, 0x28, 0xea, 0x30, 0xf, 0xfe, 0x2, 0xde,
    0xb8, 0x80, 0x47, 0x32, 0x0, 0xe1, 0x8e, 0xa4,
    0x0, 0xcd, 0x98, 0x60, 0xc, 0x97, 0xce, 0x20,
    0x11, 0xcf, 0xc9, 0x80, 0x42, 0xfd, 0x68, 0x1,
    0xb, 0x6e, 0x30, 0x7, 0x92, 0x4, 0x2, 0x4a,
    0xe9, 0x20, 0xf, 0xfe, 0x1, 0x6d, 0xa8, 0x7,
    0xff, 0xc, 0xb2, 0x8, 0x3, 0xfe, 0x74, 0x0,
    0x85, 0xf6, 0xd4, 0x3, 0xf8, 0xaf, 0x9c, 0x40,
    0x24, 0xae, 0x82, 0x0, 0xfc, 0x31, 0xd4, 0x80,
    0x10, 0xbe, 0xe2, 0x80, 0x7f, 0x2d, 0xeb, 0x88,
    0x4, 0x75, 0xd2, 0x40, 0x1f, 0x8a, 0x3a, 0x8c,
    0x2, 0x16, 0xd8, 0x0, 0xff, 0x2e, 0x6b, 0x0,
    0x61, 0x0, 0xff, 0xe0, 0x14, 0xfc, 0x98, 0x7,
    0xff, 0x15, 0xb3, 0x20,

    /* U+003D "=" */
    0x5f, 0xff, 0xfe, 0x2c, 0x80, 0x7f, 0xf6, 0x92,
    0xef, 0xff, 0x8c, 0x28, 0x9f, 0xfc, 0x52, 0x0,
    0xff, 0xff, 0x80, 0xa2, 0x7f, 0xf1, 0x49, 0x2e,
    0xff, 0xf8, 0xc0, 0x1f, 0xfd, 0xa0,

    /* U+003E ">" */
    0x11, 0x0, 0x7f, 0xf1, 0x53, 0xad, 0x0, 0x3f,
    0xf8, 0xa9, 0x7a, 0xe2, 0x1, 0xff, 0xc0, 0x10,
    0x8, 0xa3, 0xa9, 0x0, 0x3f, 0xc9, 0x68, 0x1,
    0x96, 0xf5, 0xc4, 0x3, 0xf2, 0x5f, 0x40, 0x80,
    0x45, 0x1d, 0x46, 0x1, 0xf8, 0x5f, 0xad, 0x40,
    0x32, 0xe6, 0xb0, 0x7, 0xf2, 0x57, 0x41, 0x0,
    0x45, 0x3f, 0x24, 0x1, 0xf8, 0x5f, 0x6d, 0x40,
    0x33, 0x58, 0x7, 0xfc, 0x95, 0xca, 0x1, 0xff,
    0xc3, 0x16, 0xc5, 0x0, 0xff, 0xe0, 0x9d, 0x74,
    0x90, 0x4, 0x5a, 0x1, 0xe1, 0x7d, 0xc5, 0x0,
    0xcb, 0x9a, 0x80, 0x19, 0x2b, 0xa0, 0x80, 0x22,
    0x8e, 0xa3, 0x0, 0x85, 0xf6, 0xd4, 0x3, 0x2d,
    0xeb, 0x88, 0x6, 0x4e, 0x82, 0x0, 0x86, 0x3a,
    0x90, 0x3, 0xe1, 0x0, 0xc9, 0x7c, 0xe2, 0x1,
    0xff, 0xb, 0xf5, 0xa0, 0x7, 0xff, 0x1, 0xeb,
    0xa0, 0x40, 0x3f, 0xf8, 0x40,

    /* U+003F "?" */
    0x0, 0xe2, 0x7b, 0xdf, 0xfb, 0xae, 0x8, 0x3,
    0xf1, 0x5e, 0xc2, 0x10, 0x4, 0x28, 0xfb, 0x64,
    0x1, 0xcf, 0xa8, 0x1, 0xff, 0x26, 0xa0, 0x5,
    0x30, 0x1, 0x85, 0x59, 0xd9, 0x0, 0x3a, 0xc8,
    0x15, 0x80, 0x23, 0xbe, 0xa9, 0x89, 0xbe, 0x50,
    0xd, 0x0, 0xb2, 0x0, 0x8c, 0x40, 0xf, 0xd,
    0x28, 0x4, 0xa0, 0x6, 0xd9, 0x70, 0xf, 0xf5,
    0x80, 0x62, 0x0, 0x13, 0x0, 0x7f, 0xc2, 0x20,
    0xf, 0xfe, 0x61, 0x80, 0x7f, 0xf0, 0xc8, 0x40,
    0x4, 0x20, 0x1f, 0xfc, 0x39, 0x0, 0x94, 0x3,
    0xff, 0x87, 0x8, 0x0, 0x18, 0x0, 0xff, 0xe1,
    0x4b, 0x80, 0x5a, 0x1, 0xff, 0xc2, 0xa6, 0x0,
    0xac, 0xc0, 0x3f, 0xf8, 0x34, 0xa0, 0x1, 0xc4,
    0x0, 0xff, 0xe0, 0xc2, 0x80, 0x7, 0xc, 0x3,
    0xff, 0x82, 0x4e, 0x1, 0x51, 0x0, 0x7f, 0xf0,
    0xa8, 0x2, 0x54, 0x0, 0xff, 0xe1, 0xa0, 0x5,
    0xc0, 0x1f, 0xfc, 0x46, 0x33, 0x98, 0x3, 0xff,
    0x89, 0x59, 0x91, 0x0, 0x7f, 0xfb, 0xc8, 0xc0,
    0x3f, 0xf8, 0xd3, 0xb9, 0xa2, 0x1, 0xff, 0xc3,
    0x46, 0x0, 0x14, 0x80, 0x7f, 0xf0, 0xc8, 0x3,
    0x10, 0x7, 0xff, 0xd, 0x0, 0x36, 0x0, 0x7f,
    0xf0, 0xca, 0x84, 0x4c, 0xc0, 0xf, 0x80,

    /* U+0040 "@" */
    0x0, 0xff, 0xe0, 0x8a, 0xce, 0x77, 0xfd, 0xdb,
    0x70, 0x80, 0x1f, 0xfc, 0xc5, 0xce, 0xa6, 0x31,
    0x0, 0x84, 0x91, 0xef, 0xe4, 0x80, 0x3f, 0xf8,
    0xeb, 0xb4, 0x60, 0x18, 0x8d, 0xc, 0xc2, 0x1,
    0x9b, 0x68, 0x80, 0x3f, 0xf8, 0x63, 0x74, 0x40,
    0x3, 0x8c, 0xfd, 0xcb, 0xcc, 0x77, 0x2d, 0x84,
    0x0, 0xba, 0xc0, 0x1f, 0xfc, 0x12, 0xf4, 0x0,
    0x26, 0x61, 0xcc, 0x3, 0xe1, 0x49, 0xea, 0x20,
    0x4, 0xd0, 0x7, 0xfc, 0x7a, 0x20, 0x35, 0x66,
    0x1, 0xff, 0xc2, 0x5d, 0x80, 0x2, 0xd0, 0x7,
    0xf0, 0xe8, 0x0, 0xb1, 0x40, 0x3f, 0xf8, 0xcf,
    0x62, 0xb, 0x20, 0x1f, 0xb4, 0x40, 0xb0, 0x80,
    0x3f, 0x10, 0x80, 0x78, 0x48, 0x82, 0x9a, 0x0,
    0x65, 0x0, 0xf3, 0x98, 0xf, 0x88, 0x7, 0x14,
    0xef, 0xef, 0x7e, 0x38, 0x80, 0x37, 0x6a, 0x3,
    0xb0, 0x5, 0x88, 0x6, 0x18, 0x0, 0x59, 0x0,
    0x74, 0x6b, 0x10, 0x6, 0x38, 0xf6, 0x0, 0xf9,
    0x18, 0x6, 0x40, 0x33, 0x0, 0x11, 0x40, 0x3a,
    0xdc, 0x3, 0xf8, 0x65, 0xc0, 0x3e, 0x80, 0x3,
    0x80, 0x69, 0x0, 0x78, 0x7, 0x52, 0x0, 0x4b,
    0x7d, 0xfd, 0x68, 0x0, 0x83, 0x0, 0xf0, 0xb8,
    0x1, 0x80, 0x6, 0x20, 0x48, 0x1, 0x95, 0x40,
    0x1, 0xca, 0x41, 0x1, 0x4b, 0xb0, 0x80, 0x7f,
    0x50, 0x3, 0x40, 0x8, 0x0, 0x50, 0xe, 0x80,
    0xb, 0x4c, 0x3, 0xe4, 0xa0, 0xf, 0xe2, 0x20,
    0x20, 0x3, 0x0, 0x18, 0x1, 0x90, 0x80, 0xe,
    0x60, 0x1f, 0xc8, 0xc0, 0x1f, 0xce, 0x0, 0x20,
    0x60, 0x2, 0x80, 0x6c, 0x0, 0xa8, 0x3, 0xfe,
    0xa0, 0xf, 0xed, 0x0, 0x30, 0x10, 0x0, 0x40,
    0x31, 0x80, 0x4, 0x80, 0x3f, 0xe3, 0x10, 0xf,
    0xc4, 0x0, 0x20, 0x8, 0x40, 0x39, 0x80, 0x4,
    0x1, 0xff, 0xc1, 0x20, 0xf, 0xc2, 0x1, 0x8,
    0x0, 0xc0, 0x3f, 0x38, 0x7, 0xff, 0x5, 0xc0,
    0x3f, 0xf8, 0x2, 0x0, 0x30, 0xf, 0xce, 0x1,
    0xff, 0xc1, 0x70, 0xf, 0xc2, 0x0, 0x30, 0x8,
    0x40, 0x39, 0x80, 0x4, 0x1, 0xff, 0xc1, 0x20,
    0xf, 0xc4, 0x0, 0x10, 0x20, 0x0, 0x80, 0x6c,
    0x0, 0x9, 0x80, 0x7f, 0xc8, 0x20, 0x1f, 0xb8,
    0x0, 0xc0, 0xc0, 0x5, 0x0, 0xca, 0x1, 0x48,
    0x7, 0xfd, 0xe0, 0x1f, 0xc8, 0x0, 0x20, 0xc0,
    0x6, 0x0, 0x62, 0x40, 0x2, 0xa8, 0x3, 0xf9,
    0x90, 0x2, 0x70, 0xc, 0x44, 0x5, 0x0, 0x20,
    0x1, 0x40, 0x3a, 0x0, 0x2a, 0x60, 0xf, 0x9e,
    0x40, 0x31, 0x80, 0x69, 0x0, 0x78, 0x0, 0xc8,
    0x9, 0x0, 0x31, 0xc0, 0x5, 0x38, 0xc6, 0x46,
    0xdb, 0x0, 0x7, 0x0, 0xac, 0xcd, 0x48, 0x4,
    0xa0, 0x15, 0x0, 0x3c, 0x3, 0x9d, 0xc0, 0x11,
    0xce, 0x6e, 0x49, 0x0, 0x2a, 0x0, 0x24, 0xcc,
    0x28, 0x3, 0x80, 0x33, 0x0, 0x11, 0x40, 0x3a,
    0x28, 0x40, 0x3f, 0xe, 0x28, 0x58, 0x7, 0xd4,
    0x60, 0x18, 0x60, 0x1, 0x62, 0x1, 0xcb, 0xd2,
    0x82, 0x0, 0x25, 0xae, 0x30, 0x2, 0x62, 0x88,
    0x13, 0x6a, 0x80, 0x79, 0xcc, 0x7, 0x4, 0x3,
    0xcd, 0x7d, 0xfe, 0xda, 0x50, 0xe, 0x3a, 0xef,
    0xd9, 0x20, 0xf, 0xdc, 0x20, 0x58, 0x20, 0x1f,
    0xfd, 0x52, 0xd0, 0x1, 0x7a, 0x80, 0x7f, 0xf5,
    0x4f, 0x4, 0x6, 0xac, 0xc0, 0x3f, 0xf8, 0x24,
    0x60, 0x1f, 0xfc, 0x53, 0xf4, 0x0, 0x26, 0x61,
    0xcc, 0x3, 0xe2, 0x7c, 0xd8, 0x0, 0xff, 0xe3,
    0xd, 0xc8, 0x80, 0xe, 0x33, 0xf7, 0x32, 0xdf,
    0xd8, 0x30, 0x41, 0x0, 0xff, 0xe3, 0xb7, 0x49,
    0x80, 0x62, 0x33, 0x88, 0x3, 0x14, 0x88, 0x7,
    0xff, 0x25, 0xb3, 0x65, 0x8c, 0x40, 0x21, 0x35,
    0x9d, 0xd3, 0x0, 0x7f, 0xc0,

    /* U+0041 "A" */
    0x0, 0xff, 0xe0, 0xcf, 0xfd, 0x80, 0x1f, 0xfc,
    0xd1, 0x60, 0x8, 0xd0, 0x3, 0xff, 0x98, 0xc0,
    0x1d, 0xe0, 0x1f, 0xfc, 0xc9, 0x0, 0xe4, 0x20,
    0xf, 0xfe, 0x52, 0x88, 0x0, 0xc0, 0x2b, 0x0,
    0xff, 0xe5, 0x48, 0x5, 0xa2, 0x0, 0x60, 0xf,
    0xfe, 0x49, 0x98, 0x0, 0xa3, 0x20, 0x13, 0x80,
    0x7f, 0xf2, 0x24, 0x2, 0x90, 0x60, 0xa, 0x80,
    0x3f, 0xf8, 0xe2, 0xa0, 0x2, 0x30, 0x15, 0x0,
    0x12, 0x80, 0x7f, 0xf1, 0xa4, 0x2, 0xb0, 0xa,
    0x40, 0x29, 0x0, 0xff, 0xe3, 0x30, 0x4, 0xc0,
    0x11, 0x98, 0x0, 0x66, 0x0, 0xff, 0xe2, 0x30,
    0x80, 0x18, 0x3, 0xa8, 0x2, 0x90, 0xf, 0xfe,
    0x25, 0x80, 0x56, 0x1, 0xcc, 0x20, 0x5, 0x10,
    0xf, 0xfe, 0x12, 0x10, 0x1, 0x8, 0x3, 0xcc,
    0x1, 0x48, 0x7, 0xff, 0xb, 0xc0, 0x2e, 0x0,
    0xfa, 0x80, 0x26, 0x0, 0xff, 0xe0, 0x92, 0x0,
    0x5, 0x40, 0x3e, 0x24, 0x0, 0xb, 0x0, 0x7f,
    0xf0, 0x2c, 0x2, 0x90, 0xf, 0xef, 0x0, 0xac,
    0x3, 0xfe, 0x16, 0x0, 0x98, 0x3, 0xf9, 0x8,
    0x0, 0x48, 0x1, 0xfe, 0x60, 0x8, 0xd5, 0x13,
    0xfc, 0xe0, 0x17, 0x80, 0x7f, 0xa4, 0x2, 0x3b,
    0xbf, 0xf9, 0x40, 0x24, 0x20, 0xf, 0xca, 0x20,
    0x1f, 0xfc, 0x8b, 0x0, 0xfd, 0x20, 0x1f, 0xfc,
    0x96, 0x10, 0xf, 0x19, 0x80, 0x3, 0xff, 0xff,
    0xc3, 0x40, 0x9, 0x80, 0x3d, 0x20, 0x14, 0x80,
    0x7f, 0xf0, 0xfc, 0x2, 0x90, 0xe, 0x15, 0x0,
    0x98, 0x3, 0xff, 0x86, 0x84, 0x0, 0x15, 0x0,
    0xd2, 0x1, 0x30, 0x80, 0x7f, 0xf1, 0x2c, 0x2,
    0x90, 0xc, 0xc0, 0x15, 0x80, 0x7f, 0xf1, 0x58,
    0x40, 0x6, 0x60, 0x3, 0x8, 0x1, 0x8, 0x3,
    0xff, 0x8c, 0xc0, 0x14, 0x80, 0x2c, 0x2, 0xf0,
    0xf, 0xfe, 0x3c, 0x80, 0x4a, 0x20,

    /* U+0042 "B" */
    0xcf, 0xff, 0xfe, 0xf, 0x64, 0xa8, 0x7, 0xff,
    0x24, 0x4d, 0xab, 0x98, 0x3, 0xff, 0x96, 0x33,
    0x40, 0x1f, 0xa2, 0xab, 0xf4, 0xb9, 0x80, 0x65,
    0x90, 0xf, 0x91, 0x57, 0xf3, 0x46, 0x69, 0x80,
    0x4c, 0x40, 0x1f, 0xfc, 0x62, 0xc1, 0x0, 0xa8,
    0x3, 0xff, 0x91, 0x20, 0x11, 0x80, 0x7f, 0xf2,
    0xc, 0x2, 0x70, 0xf, 0xfe, 0x63, 0x80, 0x7f,
    0xf2, 0xc, 0x2, 0x30, 0xf, 0xfe, 0x44, 0x80,
    0x56, 0x1, 0xff, 0xc6, 0x2c, 0x10, 0x2, 0x18,
    0x7, 0x91, 0x57, 0xf3, 0x46, 0x69, 0x80, 0xa,
    0x80, 0x3e, 0x8a, 0xaf, 0xd2, 0xe6, 0x1, 0x2e,
    0x8, 0x7, 0xff, 0x29, 0xdc, 0x1, 0xff, 0xcb,
    0x29, 0xc1, 0x0, 0xf6, 0x7f, 0xff, 0xb6, 0x94,
    0x2, 0x3d, 0x0, 0xff, 0xe2, 0x92, 0xd6, 0x8,
    0x0, 0xdc, 0x3, 0xff, 0x8e, 0x76, 0x1, 0x50,
    0x7, 0xff, 0x21, 0x44, 0x0, 0x42, 0x1, 0xff,
    0xc8, 0x20, 0x8, 0x80, 0x3f, 0xf9, 0x2, 0x1,
    0xff, 0xcc, 0x20, 0x8, 0x40, 0x3f, 0xf8, 0xf0,
    0x1, 0x9, 0x0, 0x7f, 0xf1, 0xa1, 0xc0, 0x26,
    0x0, 0xe4, 0x55, 0xfe, 0x67, 0xaf, 0x70, 0x8,
    0x64, 0x3, 0xa2, 0xab, 0xfa, 0x61, 0x40, 0x30,
    0xe0, 0x80, 0x7f, 0xf2, 0x5b, 0xc8, 0x3, 0xff,
    0x8a, 0x26, 0xd3, 0xd2, 0x20, 0x10,

    /* U+0043 "C" */
    0x0, 0xff, 0x13, 0xd6, 0xff, 0xdd, 0x92, 0x80,
    0x1f, 0xfc, 0x23, 0xbd, 0x85, 0x20, 0x8, 0x4d,
    0xaf, 0xa0, 0x3, 0xfc, 0x37, 0x88, 0x1, 0xff,
    0xb, 0xf2, 0x0, 0x7c, 0x7e, 0x80, 0x1c, 0x28,
    0xa8, 0x60, 0x1c, 0x36, 0xe0, 0x1c, 0x78, 0x20,
    0x10, 0xbe, 0xf5, 0xd5, 0xe7, 0xda, 0x80, 0x68,
    0x20, 0x8, 0x74, 0x3, 0x37, 0x41, 0x0, 0x79,
    0x2b, 0x8, 0x1, 0x44, 0x1, 0x68, 0x80, 0x55,
    0x20, 0x1f, 0xf1, 0xea, 0x52, 0x80, 0x48, 0x60,
    0x14, 0xa8, 0x7, 0xff, 0xa, 0xd4, 0x3, 0x48,
    0x4, 0xac, 0x1, 0xff, 0xc8, 0x42, 0x0, 0xac,
    0x3, 0xff, 0x93, 0xa0, 0x12, 0x88, 0x7, 0xff,
    0x25, 0x40, 0x2e, 0x0, 0xff, 0xe5, 0x18, 0x4,
    0xa0, 0x1f, 0xfc, 0xe1, 0x0, 0xff, 0xe4, 0x88,
    0x4, 0x20, 0x1f, 0xfc, 0xa1, 0x0, 0x84, 0x3,
    0xff, 0x9e, 0x20, 0x1f, 0xfc, 0xa3, 0x0, 0x94,
    0x3, 0xff, 0x94, 0xa0, 0x17, 0x0, 0x7f, 0xf2,
    0xb4, 0x2, 0x51, 0x0, 0xff, 0xe4, 0xa1, 0x0,
    0x56, 0x1, 0xff, 0xca, 0x80, 0x9, 0x54, 0x1,
    0xff, 0xc9, 0x53, 0x0, 0xa9, 0x40, 0x3f, 0xf8,
    0x23, 0x6a, 0x1, 0xda, 0x20, 0x15, 0x48, 0x7,
    0xfc, 0x78, 0x94, 0xc0, 0x18, 0x74, 0x3, 0x37,
    0x39, 0x0, 0x79, 0x2b, 0x8, 0x1, 0x24, 0x1,
    0x8f, 0x4, 0x2, 0x18, 0xde, 0xba, 0xbc, 0xfb,
    0x50, 0xd, 0x24, 0x1, 0xc7, 0xe8, 0x1, 0xc2,
    0x8a, 0x86, 0x1, 0xc3, 0x6c, 0x1, 0xf0, 0xde,
    0x18, 0x7, 0xfc, 0x31, 0xc8, 0x1, 0xfe, 0x3c,
    0xd8, 0x42, 0x0, 0x84, 0xda, 0xf9, 0xc0, 0x30,

    /* U+0044 "D" */
    0xcf, 0xff, 0xfe, 0x7, 0x6d, 0x39, 0x0, 0x7f,
    0xf2, 0xc4, 0x96, 0x37, 0x14, 0x3, 0xff, 0x9c,
    0x75, 0x84, 0x1, 0xfe, 0x56, 0x6f, 0xca, 0x40,
    0x1c, 0x7a, 0xa0, 0x1f, 0xd3, 0x3f, 0xd5, 0xbd,
    0x24, 0x1, 0xa9, 0x40, 0x3f, 0xf8, 0xe2, 0xdb,
    0x20, 0x1a, 0x8c, 0x3, 0xff, 0x92, 0xd8, 0x20,
    0x17, 0x0, 0x7f, 0xf2, 0x8f, 0x40, 0x22, 0x70,
    0xf, 0xfe, 0x51, 0xc0, 0x5, 0x20, 0x1f, 0xfc,
    0xb7, 0x10, 0x0, 0xa8, 0x7, 0xff, 0x2d, 0x80,
    0x2f, 0x0, 0xff, 0xe5, 0xd8, 0x4, 0xe0, 0x1f,
    0xfc, 0xb3, 0x0, 0x88, 0x3, 0xff, 0x98, 0x20,
    0x10, 0x80, 0x7f, 0xff, 0xc0, 0x30, 0x80, 0x42,
    0x1, 0xff, 0xca, 0x30, 0x8, 0x80, 0x3f, 0xf9,
    0x76, 0x1, 0x38, 0x7, 0xff, 0x2d, 0x80, 0x2f,
    0x0, 0xff, 0xe5, 0x38, 0x80, 0x5, 0x40, 0x3f,
    0xf9, 0x27, 0x0, 0x13, 0x0, 0x7f, 0xf2, 0x4f,
    0x40, 0x21, 0x80, 0xf, 0xfe, 0x43, 0x60, 0x80,
    0x54, 0x1, 0xff, 0xc6, 0x16, 0xd9, 0x0, 0xd2,
    0x80, 0x1f, 0x4c, 0xff, 0x56, 0xf4, 0x90, 0x6,
    0xa6, 0x0, 0xfc, 0xac, 0xdf, 0x94, 0x80, 0x38,
    0xf5, 0x40, 0x3f, 0xf9, 0x67, 0x58, 0x40, 0x1f,
    0xfc, 0x71, 0x25, 0x8d, 0xc5, 0x0, 0xfc,

    /* U+0045 "E" */
    0xcf, 0xff, 0xfe, 0x38, 0x7, 0xff, 0x8d, 0x59,
    0xbf, 0xf8, 0x4e, 0x1, 0xd3, 0x3f, 0xfc, 0x38,
    0x0, 0xff, 0xff, 0x80, 0x7f, 0xff, 0xc0, 0x14,
    0xef, 0xff, 0xc1, 0x10, 0xf, 0x34, 0x47, 0xff,
    0x4, 0x80, 0x3f, 0xfc, 0x99, 0xff, 0xff, 0xc1,
    0x30, 0xf, 0xff, 0xf8, 0x7, 0xff, 0xfc, 0x3,
    0xff, 0x99, 0x33, 0xff, 0xc4, 0x40, 0xc, 0xac,
    0xdf, 0xfc, 0x3c, 0x0, 0xff, 0xef, 0x0,

    /* U+0046 "F" */
    0xcf, 0xff, 0xfe, 0x38, 0x7, 0xff, 0x81, 0x59,
    0xbf, 0xf8, 0x4e, 0x1, 0xa6, 0x7f, 0xf8, 0x70,
    0x1, 0xff, 0xff, 0x0, 0xff, 0xff, 0x80, 0x7f,
    0xf5, 0xb3, 0xff, 0xff, 0x82, 0x60, 0x1f, 0xfe,
    0x15, 0x77, 0xff, 0xe0, 0x90, 0x7, 0x4c, 0x47,
    0xff, 0x4, 0x40, 0x3f, 0xff, 0xe0, 0x1f, 0xff,
    0xf0, 0xf, 0xff, 0x38,

    /* U+0047 "G" */
    0x0, 0xff, 0xb, 0x56, 0xf7, 0xfb, 0xb2, 0x98,
    0x40, 0x3f, 0xf8, 0x27, 0x7d, 0x2a, 0x42, 0x0,
    0x13, 0x59, 0xea, 0x20, 0xf, 0xe1, 0xac, 0x40,
    0xf, 0xfe, 0x2, 0xec, 0x0, 0x7c, 0x58, 0xa0,
    0x1c, 0x26, 0x88, 0x31, 0x0, 0xe7, 0xb0, 0xe,
    0x3d, 0x20, 0x8, 0x5f, 0x7b, 0x2e, 0xd9, 0xda,
    0xe2, 0x1, 0x23, 0x0, 0x43, 0xa0, 0x19, 0xba,
    0x8, 0x3, 0xc5, 0x1c, 0xc0, 0x6, 0x60, 0x5,
    0x42, 0x1, 0x54, 0x80, 0x7f, 0xf0, 0x26, 0x9a,
    0x40, 0x24, 0x40, 0x5, 0x4a, 0x1, 0xff, 0xc2,
    0x59, 0x0, 0xd2, 0x1, 0x2a, 0x80, 0x3f, 0xf9,
    0x8, 0x40, 0x15, 0x80, 0x7f, 0xf2, 0x74, 0x2,
    0x51, 0x0, 0xff, 0xe4, 0xa8, 0x5, 0xc0, 0x1f,
    0xfc, 0xa3, 0x0, 0x94, 0x3, 0xff, 0x9c, 0x20,
    0x1f, 0xfc, 0x91, 0x0, 0x84, 0x3, 0xff, 0x8a,
    0x95, 0x52, 0x8, 0x4, 0x20, 0x1f, 0xfc, 0x52,
    0x55, 0x8c, 0x3, 0x84, 0x3, 0xff, 0x94, 0x60,
    0x12, 0x80, 0x7f, 0xf2, 0x94, 0x2, 0xe0, 0xf,
    0xfe, 0x56, 0x80, 0x4a, 0x20, 0x1f, 0xfc, 0x94,
    0x20, 0xa, 0xc0, 0x3f, 0xf9, 0x50, 0x1, 0x2b,
    0x0, 0x7f, 0xf2, 0x54, 0xc0, 0x29, 0x50, 0xf,
    0xfe, 0x4e, 0x88, 0x5, 0x52, 0x1, 0xff, 0xc0,
    0xf0, 0xf, 0x87, 0x40, 0x33, 0x74, 0x10, 0x7,
    0x85, 0xf5, 0x80, 0x3f, 0x1e, 0x8, 0x4, 0x2f,
    0xbd, 0x95, 0x4b, 0xee, 0x41, 0x0, 0x42, 0x80,
    0x1c, 0x7e, 0x80, 0x1c, 0x26, 0xaa, 0x41, 0x0,
    0xe4, 0xf3, 0x0, 0xf0, 0xde, 0x20, 0x7, 0xff,
    0x1, 0x72, 0xc4, 0x3, 0xf8, 0xef, 0x61, 0x48,
    0x2, 0x23, 0x6a, 0xea, 0x30, 0x8,

    /* U+0048 "H" */
    0xcf, 0xf8, 0xc0, 0x3f, 0xf8, 0x77, 0xff, 0x20,
    0x7, 0xff, 0xfc, 0x3, 0xff, 0xfe, 0x1, 0xff,
    0xff, 0x0, 0xff, 0xf5, 0x4c, 0xff, 0xf1, 0x14,
    0x3, 0xf2, 0xb3, 0x7f, 0xf0, 0xc4, 0x3, 0xff,
    0xdd, 0x9f, 0xff, 0xfc, 0x34, 0x0, 0xff, 0xff,
    0x80, 0x7f, 0xff, 0xc0, 0x3f, 0xff, 0xe0, 0x1f,
    0xff, 0xf0, 0xc,

    /* U+0049 "I" */
    0xcf, 0xf8, 0xc0, 0x3f, 0xff, 0xe0, 0x1f, 0xff,
    0x50,

    /* U+004A "J" */
    0x0, 0xa3, 0xff, 0xff, 0x83, 0x20, 0x1f, 0xfd,
    0xbc, 0x66, 0xfe, 0x40, 0xf, 0x92, 0x67, 0xfb,
    0x40, 0x3f, 0xff, 0xe0, 0x1f, 0xff, 0xf0, 0xf,
    0xff, 0xf8, 0x7, 0xff, 0x90, 0x40, 0x3f, 0xf8,
    0x22, 0x1, 0x78, 0x7, 0xff, 0x7, 0x80, 0x21,
    0x0, 0x32, 0x80, 0x7f, 0x20, 0x4, 0x40, 0x93,
    0x46, 0x1, 0xf2, 0x10, 0x4, 0x83, 0x40, 0xc,
    0x70, 0xe, 0x3a, 0x0, 0x94, 0x4, 0x80, 0x28,
    0xfb, 0x99, 0x66, 0x4, 0x2, 0x80, 0x6, 0x98,
    0x6, 0x46, 0x61, 0x80, 0x69, 0x20, 0x0, 0xe3,
    0x80, 0x7f, 0xd, 0x30, 0x7, 0x47, 0x42, 0x8,
    0x0, 0x96, 0x79, 0x40, 0x20,

    /* U+004B "K" */
    0xcf, 0xf8, 0xc0, 0x3f, 0xf8, 0x25, 0xdf, 0xf3,
    0x80, 0x7f, 0xf1, 0x87, 0x4, 0x0, 0xce, 0x1,
    0xff, 0xc5, 0x1c, 0x10, 0x2, 0xc8, 0x7, 0xff,
    0x1b, 0x48, 0x0, 0x94, 0x1, 0xff, 0xc6, 0xc3,
    0x0, 0x1d, 0x80, 0x7f, 0xf1, 0xac, 0xc0, 0x5,
    0xa0, 0x1f, 0xfc, 0x6a, 0x40, 0x0, 0xe0, 0x80,
    0x7f, 0xf1, 0x65, 0x40, 0x3, 0x82, 0x1, 0xff,
    0xc5, 0x86, 0x0, 0xb4, 0x80, 0x3f, 0xf8, 0xae,
    0xe0, 0xa, 0xcc, 0x3, 0xff, 0x8a, 0xd0, 0x1,
    0x52, 0x0, 0x7f, 0xf1, 0x56, 0x40, 0x29, 0x50,
    0xf, 0xfe, 0x2a, 0xd0, 0x5, 0xc, 0x1, 0xff,
    0xc5, 0x4a, 0x0, 0xc4, 0x1, 0xff, 0xc5, 0x3b,
    0x0, 0xea, 0x30, 0xf, 0xfe, 0x1a, 0xe8, 0x7,
    0xdc, 0x20, 0x1f, 0xfc, 0x29, 0x10, 0x1, 0x48,
    0x4, 0x54, 0x1, 0xff, 0xc5, 0x2c, 0x67, 0x0,
    0x92, 0x0, 0x3f, 0xf8, 0x63, 0xe2, 0x10, 0xa0,
    0x13, 0xa8, 0x7, 0xff, 0x4, 0x70, 0x80, 0x2a,
    0x30, 0xa, 0x88, 0x3, 0xff, 0x81, 0xa4, 0x1,
    0xda, 0x20, 0x17, 0x88, 0x7, 0xfa, 0x8c, 0x3,
    0xc3, 0xa0, 0x11, 0x50, 0x7, 0xf9, 0x80, 0x3f,
    0x1d, 0x0, 0x49, 0x0, 0x1f, 0xfc, 0x75, 0x70,
    0x9, 0xd4, 0x3, 0xff, 0x8f, 0xa, 0x1, 0x51,
    0x0, 0x7f, 0xf1, 0xe8, 0x80, 0x2f, 0x10, 0xf,
    0xfe, 0x3e, 0x8, 0x0, 0xa8, 0x3, 0xff, 0x8e,
    0x3a, 0x1, 0x24, 0x0, 0x7f, 0xf1, 0xce, 0x80,
    0x27, 0x50,

    /* U+004C "L" */
    0xcf, 0xf8, 0xc0, 0x3f, 0xff, 0xe0, 0x1f, 0xff,
    0xf0, 0xf, 0xff, 0xf8, 0x7, 0xff, 0xfc, 0x3,
    0xff, 0xfe, 0x1, 0xff, 0xff, 0x0, 0xff, 0xf2,
    0xcc, 0xff, 0xf0, 0xcc, 0x3, 0x2b, 0x37, 0xff,
    0xc, 0x3, 0xff, 0xb8,

    /* U+004D "M" */
    0xcf, 0xf6, 0x0, 0x7f, 0xf2, 0xa7, 0xfe, 0x0,
    0x8d, 0x40, 0x3f, 0xf9, 0x4, 0xc0, 0x1f, 0x58,
    0x7, 0xff, 0x22, 0x40, 0x3f, 0xb, 0x80, 0x7f,
    0xf1, 0x91, 0x0, 0x1f, 0xd0, 0x20, 0x1f, 0xfc,
    0x59, 0x0, 0xff, 0xac, 0x3, 0xff, 0x88, 0xc4,
    0x1, 0xff, 0x29, 0x80, 0x7f, 0xf0, 0x86, 0x0,
    0x3f, 0xf8, 0x3e, 0x1, 0xff, 0xc2, 0x91, 0x0,
    0xff, 0x20, 0x0, 0xd4, 0x3, 0xff, 0x80, 0x4e,
    0x0, 0x41, 0x0, 0xfa, 0x40, 0x2b, 0x0, 0xff,
    0xe0, 0x48, 0x5, 0x20, 0x1f, 0x89, 0xc0, 0x2,
    0xe0, 0x1f, 0xe4, 0x40, 0x1, 0x88, 0xc0, 0x3f,
    0x40, 0x80, 0x20, 0x40, 0x3f, 0xa0, 0x0, 0x30,
    0x1, 0xff, 0x58, 0x5, 0x60, 0x1f, 0x98, 0xc0,
    0x12, 0x20, 0x1f, 0xf2, 0x98, 0x1, 0x4c, 0x3,
    0xe8, 0x0, 0x13, 0x80, 0x7f, 0xf0, 0x7c, 0x2,
    0xf0, 0xf, 0x40, 0x80, 0x24, 0x3, 0xff, 0x84,
    0x6c, 0x0, 0x35, 0x0, 0xc2, 0xe0, 0x4, 0x40,
    0x7, 0xff, 0xe, 0x0, 0x2b, 0x0, 0xd6, 0x1,
    0x48, 0x7, 0xff, 0x10, 0x60, 0x0, 0x30, 0x0,
    0x35, 0x0, 0x31, 0x0, 0x7f, 0xf1, 0x5c, 0x80,
    0xe, 0x21, 0xe0, 0x1, 0x80, 0xf, 0xfe, 0x3c,
    0x80, 0x56, 0xa6, 0x0, 0x81, 0x0, 0xff, 0xe3,
    0xa2, 0x0, 0xb, 0x60, 0x2, 0x60, 0xf, 0xfe,
    0x4c, 0x80, 0x42, 0x0, 0x90, 0xf, 0xfe, 0x51,
    0x30, 0x6, 0x44, 0x0, 0x7f, 0xf2, 0xe0, 0x40,
    0x29, 0x0, 0xff, 0xe6, 0xc, 0x0, 0x1c, 0x80,
    0x3f, 0xf9, 0xad, 0x11, 0x0, 0x7f, 0xf3, 0xdd,
    0xc0, 0x1f, 0xff, 0xe0,

    /* U+004E "N" */
    0xcf, 0xf6, 0x80, 0x7f, 0xf1, 0x2f, 0xfe, 0x40,
    0x8, 0xa8, 0x3, 0xff, 0x98, 0xac, 0x1, 0xff,
    0xcc, 0x93, 0x0, 0xff, 0xe6, 0x68, 0x80, 0x7f,
    0xf2, 0xc6, 0x80, 0x3f, 0xf9, 0x89, 0x0, 0x1f,
    0xfc, 0x82, 0x0, 0x9d, 0x0, 0x3f, 0xf8, 0xf2,
    0x40, 0x15, 0x90, 0x7, 0xff, 0x19, 0xfc, 0x3,
    0x78, 0x7, 0xff, 0x1c, 0xa8, 0x2, 0x2a, 0x0,
    0xff, 0xe3, 0xab, 0x0, 0x4a, 0xc0, 0x1f, 0xfc,
    0x79, 0x30, 0xa, 0x4c, 0x3, 0xff, 0x8f, 0xa2,
    0x1, 0x68, 0x80, 0x7f, 0xf1, 0x86, 0x80, 0x21,
    0xa0, 0xf, 0xfe, 0x3a, 0x40, 0x4, 0x90, 0x1,
    0xff, 0xc7, 0x74, 0x0, 0x9d, 0x0, 0x3f, 0xf8,
    0xf4, 0x40, 0x15, 0x10, 0x7, 0xff, 0x18, 0x78,
    0x2, 0x1f, 0x0, 0xff, 0xe3, 0x9c, 0x80, 0x45,
    0x40, 0x1f, 0xfc, 0x76, 0x60, 0x4, 0xac, 0x1,
    0xff, 0xc7, 0x93, 0x0, 0xa5, 0x80, 0x3f, 0xf8,
    0xfa, 0x20, 0x11, 0x0, 0x7f, 0xf1, 0xc6, 0x80,
    0x3f, 0xf9, 0x89, 0x0, 0x1f, 0xfc, 0xc7, 0x40,
    0xf, 0xfe, 0x65, 0x10, 0x7, 0xff, 0x2c, 0x78,
    0x3, 0xff, 0x98, 0x72, 0x1, 0x80,

    /* U+004F "O" */
    0x0, 0xff, 0xb, 0x56, 0xf7, 0xfb, 0xb2, 0x54,
    0x3, 0xff, 0x8c, 0x77, 0xd2, 0xa4, 0x20, 0x1,
    0x36, 0xaf, 0x81, 0x0, 0xff, 0xe0, 0x8d, 0x62,
    0x0, 0x7f, 0xf0, 0x1f, 0x98, 0x3, 0xfe, 0x2c,
    0x50, 0xe, 0x14, 0x54, 0x30, 0xf, 0x4d, 0x0,
    0x7f, 0x1e, 0x90, 0x4, 0x31, 0xbd, 0x75, 0x79,
    0xf6, 0xa0, 0x19, 0x6c, 0x3, 0xe1, 0xd0, 0xc,
    0xfc, 0xe4, 0x1, 0xe4, 0xad, 0x30, 0x9, 0x24,
    0x3, 0xd4, 0x20, 0x15, 0x40, 0x7, 0xfc, 0x58,
    0xa0, 0x13, 0x28, 0x6, 0x44, 0x0, 0x54, 0xa0,
    0x1f, 0xfc, 0x2a, 0x40, 0xa, 0xc0, 0x34, 0x80,
    0x4a, 0xa0, 0xf, 0xfe, 0x25, 0x8, 0x0, 0x5c,
    0x0, 0x64, 0x1, 0x58, 0x7, 0xff, 0x14, 0x64,
    0x2, 0xa0, 0x5, 0x80, 0x4a, 0x20, 0x1f, 0xfc,
    0x67, 0x0, 0x88, 0x80, 0x80, 0x17, 0x0, 0x7f,
    0xf2, 0x10, 0x2, 0x40, 0x30, 0x9, 0x40, 0x3f,
    0xf9, 0x18, 0x1, 0x70, 0x7, 0x8, 0x7, 0xff,
    0x20, 0x80, 0x22, 0x10, 0x8, 0x40, 0x3f, 0xf9,
    0xc2, 0x1, 0x8, 0x7, 0xff, 0x4c, 0x40, 0x3f,
    0xf9, 0x4, 0x1, 0x10, 0x18, 0x4, 0xa0, 0x1f,
    0xfc, 0x8c, 0x0, 0xb8, 0x10, 0x2, 0xd0, 0xf,
    0xfe, 0x42, 0x0, 0x48, 0x18, 0x1, 0x30, 0x80,
    0x7f, 0xf1, 0x9c, 0x2, 0x22, 0x2, 0x10, 0x5,
    0x0, 0x1f, 0xfc, 0x51, 0x90, 0xa, 0x80, 0x29,
    0x0, 0x99, 0x40, 0x3f, 0xf8, 0x94, 0x20, 0x1,
    0x70, 0x9, 0xc, 0x2, 0xa5, 0x0, 0xff, 0xe1,
    0x52, 0x0, 0x50, 0x1, 0xda, 0x20, 0x15, 0x40,
    0x7, 0xfc, 0x58, 0xa0, 0x13, 0x30, 0x3, 0x87,
    0x40, 0x33, 0xf3, 0x88, 0x7, 0x8e, 0xb4, 0xc0,
    0x23, 0x90, 0xf, 0x8f, 0x8, 0x2, 0x18, 0xee,
    0x5d, 0x5e, 0x7e, 0x28, 0x6, 0x5c, 0x0, 0xfe,
    0x3c, 0x50, 0xe, 0x14, 0x54, 0x30, 0xf, 0x45,
    0x0, 0x7f, 0xc3, 0x58, 0x80, 0x1f, 0xfc, 0x7,
    0xe7, 0x0, 0xff, 0xe1, 0x1d, 0xec, 0x29, 0x0,
    0x42, 0x6d, 0x5f, 0x2, 0x1, 0xf0,

    /* U+0050 "P" */
    0xcf, 0xff, 0xfb, 0xb6, 0x98, 0x40, 0x3f, 0xf8,
    0xc2, 0x4b, 0x3d, 0x64, 0x1, 0xff, 0xc9, 0x4d,
    0x60, 0xf, 0x95, 0x9b, 0xe5, 0x20, 0xe, 0x97,
    0x0, 0xf4, 0xcf, 0xea, 0xde, 0x80, 0xd, 0x8,
    0x1, 0xff, 0xc3, 0x17, 0xe2, 0x0, 0xa0, 0x3,
    0xff, 0x8a, 0x3e, 0x1, 0x19, 0x80, 0x3f, 0xf8,
    0xa4, 0xa0, 0x15, 0x80, 0x7f, 0xf1, 0xbc, 0x2,
    0x20, 0xf, 0xfe, 0x33, 0x0, 0x4c, 0x1, 0xff,
    0xdd, 0x60, 0x9, 0x80, 0x3f, 0xf8, 0xde, 0x1,
    0x10, 0x7, 0xff, 0x14, 0x94, 0x2, 0xb0, 0xf,
    0xfe, 0x20, 0xf8, 0x4, 0x46, 0x1, 0xff, 0xc2,
    0x17, 0xf2, 0x0, 0xa4, 0x3, 0xa6, 0x7f, 0x56,
    0xf4, 0x8, 0x5, 0x8, 0x1, 0xca, 0xcd, 0xf2,
    0x90, 0x7, 0x43, 0x80, 0x7f, 0xf1, 0xd3, 0x5c,
    0x3, 0xff, 0x86, 0x24, 0xb1, 0xb6, 0x40, 0x1f,
    0xb3, 0xff, 0xee, 0xda, 0x72, 0x0, 0xff, 0xff,
    0x80, 0x7f, 0xff, 0xc0, 0x3f, 0xfb, 0x80,

    /* U+0051 "Q" */
    0x0, 0xff, 0xb, 0x56, 0xf7, 0xfb, 0xb2, 0x54,
    0x3, 0xff, 0x90, 0x57, 0xd2, 0xa4, 0x20, 0x1,
    0x36, 0xaf, 0x81, 0x0, 0xff, 0xe2, 0x56, 0xa0,
    0x7, 0xff, 0x1, 0xfd, 0x80, 0x3f, 0xf8, 0x25,
    0xaa, 0x1, 0xc2, 0x8a, 0x86, 0x1, 0xc3, 0x32,
    0x0, 0xff, 0x8b, 0x48, 0x2, 0x18, 0xde, 0xba,
    0xbc, 0xfb, 0x50, 0xc, 0xd6, 0x1, 0xfc, 0x3e,
    0x1, 0x9f, 0x9c, 0x80, 0x3c, 0x95, 0xa6, 0x1,
    0x24, 0x80, 0x7e, 0xa2, 0x0, 0xaa, 0x0, 0x3f,
    0xe2, 0xc4, 0x0, 0x99, 0x40, 0x3c, 0x88, 0x0,
    0xa5, 0x40, 0x3f, 0xf8, 0x56, 0x60, 0x14, 0x0,
    0x7a, 0x0, 0x25, 0x60, 0xf, 0xfe, 0x26, 0x80,
    0x44, 0xc0, 0x18, 0xcc, 0x1, 0x58, 0x7, 0xff,
    0x14, 0x60, 0x2, 0xb0, 0xd, 0x60, 0x12, 0x88,
    0x7, 0xff, 0x19, 0x80, 0x22, 0x20, 0x4, 0x80,
    0x17, 0x80, 0x7f, 0xf1, 0xc5, 0x0, 0x24, 0x0,
    0x88, 0x2, 0x40, 0xf, 0xfe, 0x41, 0x80, 0x5c,
    0x1, 0x8, 0x4, 0x20, 0x1f, 0xfc, 0x8e, 0x0,
    0x88, 0x0, 0x20, 0x10, 0x80, 0x7f, 0xf2, 0x4c,
    0x3, 0xc2, 0x1, 0x8, 0x7, 0xff, 0x54, 0x40,
    0x3f, 0xf9, 0x4, 0x1, 0x10, 0x4, 0x60, 0x12,
    0x80, 0x7f, 0xf2, 0x34, 0x2, 0xe0, 0x9, 0x40,
    0x2d, 0x0, 0xff, 0xe4, 0x28, 0x4, 0x80, 0x16,
    0x80, 0x4c, 0x20, 0x1f, 0xfc, 0x66, 0x0, 0x84,
    0x80, 0x24, 0x10, 0xa, 0x40, 0x3f, 0xf8, 0xd0,
    0x1, 0x48, 0x7, 0x48, 0x4, 0xe8, 0x1, 0xff,
    0xc4, 0xa1, 0x0, 0xb, 0x0, 0x73, 0x90, 0x5,
    0x66, 0x1, 0xff, 0xc2, 0x95, 0x0, 0xa0, 0x40,
    0x3d, 0xc0, 0x1b, 0x18, 0x3, 0xfe, 0x1b, 0x60,
    0x9, 0x18, 0x3, 0xe3, 0x90, 0xd, 0x38, 0xa0,
    0x1f, 0xc, 0x72, 0x0, 0x45, 0x60, 0x1f, 0xcd,
    0x20, 0x18, 0xeb, 0xf2, 0x62, 0x6b, 0x79, 0xc0,
    0x31, 0xe0, 0x7, 0xfc, 0xd8, 0x20, 0x1c, 0x6c,
    0xec, 0xa4, 0x1, 0xcf, 0x82, 0x1, 0xff, 0xc0,
    0x3e, 0x80, 0xf, 0xfe, 0xa, 0x6c, 0x0, 0x7f,
    0xf1, 0x1f, 0xe9, 0x8c, 0x40, 0x38, 0x67, 0xac,
    0x80, 0x3f, 0xf8, 0xeb, 0x39, 0xde, 0x80, 0x10,
    0x8c, 0x1, 0xf2, 0x30, 0x7, 0xff, 0x16, 0xcc,
    0x2, 0x89, 0x0, 0xf3, 0x5c, 0x98, 0x7, 0xff,
    0x17, 0x10, 0x2, 0x6e, 0x85, 0x47, 0xc9, 0x0,
    0x70, 0x7, 0xff, 0x1a, 0xd8, 0x2, 0x17, 0xab,
    0x83, 0x0, 0xb8, 0x3, 0xff, 0x8f, 0x36, 0x40,
    0x1f, 0x8f, 0x4c, 0x3, 0xff, 0x90, 0x9b, 0x4a,
    0x40, 0x2, 0x5b, 0xc2, 0x0, 0x0,

    /* U+0052 "R" */
    0xcf, 0xff, 0xfb, 0xb6, 0x98, 0x40, 0x3f, 0xf8,
    0xe2, 0x4b, 0x3d, 0x44, 0x1, 0xff, 0xca, 0x5d,
    0x50, 0xf, 0xca, 0xcd, 0xf2, 0x90, 0x7, 0x52,
    0x80, 0x7d, 0x33, 0xfa, 0xb7, 0xa0, 0x3, 0x51,
    0x80, 0x7f, 0xf1, 0x5, 0xf4, 0x40, 0x28, 0x0,
    0xff, 0xe3, 0x16, 0x80, 0x48, 0x40, 0x1f, 0xfc,
    0x63, 0x40, 0x9, 0x40, 0x3f, 0xf8, 0xfa, 0x1,
    0x68, 0x7, 0xff, 0x1c, 0x80, 0x21, 0x0, 0xff,
    0xe3, 0xb8, 0x4, 0xe0, 0x1f, 0xfc, 0x77, 0x0,
    0x9c, 0x3, 0xff, 0x8f, 0x80, 0x11, 0x0, 0x7f,
    0xf1, 0xd8, 0x2, 0xc0, 0xf, 0xfe, 0x34, 0x8,
    0x4, 0xa0, 0x1f, 0xfc, 0x58, 0x70, 0x9, 0xc0,
    0x3f, 0xf8, 0x42, 0x91, 0xce, 0x1, 0x14, 0x0,
    0x7b, 0x3f, 0xfe, 0xeb, 0x71, 0x0, 0x8b, 0xc0,
    0x3f, 0xf9, 0x2b, 0x84, 0x1, 0xff, 0xc7, 0x1c,
    0xa1, 0x0, 0xfc, 0xce, 0xfe, 0x88, 0x0, 0x42,
    0xe0, 0x1f, 0xea, 0x88, 0xf3, 0xba, 0x80, 0x2a,
    0x10, 0xf, 0xfe, 0x32, 0xa8, 0x0, 0x36, 0x1,
    0xff, 0xc7, 0xb1, 0x0, 0x2b, 0x0, 0x7f, 0xf1,
    0x86, 0x80, 0x29, 0x20, 0xf, 0xfe, 0x32, 0x38,
    0x5, 0xc0, 0x1f, 0xfc, 0x78, 0x20, 0x1, 0xc0,
    0x7, 0xff, 0x1f, 0xc0, 0x27, 0x30, 0xf, 0xfe,
    0x31, 0x48, 0x5, 0xc0,

    /* U+0053 "S" */
    0x0, 0xf0, 0xb5, 0x6f, 0x7f, 0xbb, 0x69, 0x88,
    0x3, 0xf8, 0x67, 0xa5, 0x48, 0x40, 0x2, 0x4b,
    0x3b, 0x8a, 0x1, 0xe3, 0xf6, 0x0, 0xff, 0xe0,
    0x1d, 0x58, 0x6, 0x2c, 0x10, 0xc, 0x8c, 0xee,
    0x63, 0x0, 0xe1, 0x0, 0xdc, 0x1, 0xa7, 0xee,
    0x62, 0x13, 0x9f, 0x6a, 0x0, 0x90, 0x8, 0xcc,
    0x1, 0x63, 0x0, 0x7e, 0x4a, 0xd7, 0x30, 0xa,
    0xc0, 0x27, 0x30, 0xf, 0xf8, 0xa0, 0x3, 0x10,
    0x5, 0x80, 0x1f, 0xfc, 0xa1, 0x0, 0xff, 0xe3,
    0x10, 0x5, 0x80, 0x1f, 0xfc, 0x6c, 0x0, 0x99,
    0x80, 0x1f, 0xfc, 0x54, 0x20, 0xa, 0x6d, 0x0,
    0x3f, 0xf8, 0x9c, 0x1, 0x92, 0xfa, 0x98, 0x40,
    0x3f, 0xf8, 0x7, 0x82, 0x1, 0x85, 0x67, 0xb6,
    0x50, 0x3, 0xfc, 0x7e, 0xe0, 0x1f, 0x13, 0x5f,
    0xc9, 0x0, 0x7e, 0x18, 0xfa, 0x51, 0x0, 0xf9,
    0xb5, 0xc0, 0x3f, 0xcb, 0x5d, 0xb2, 0xa2, 0x1,
    0xd1, 0x20, 0x1f, 0xfc, 0x2, 0x6a, 0xec, 0x50,
    0xc, 0xca, 0x1, 0xff, 0xc3, 0x3a, 0xc2, 0x0,
    0xa4, 0x3, 0xff, 0x8a, 0x7c, 0x1, 0x18, 0x7,
    0xff, 0x18, 0xc8, 0x2, 0x20, 0xf, 0xfe, 0x30,
    0x80, 0x79, 0xc0, 0x3f, 0xf8, 0x66, 0x1, 0x10,
    0x3c, 0x61, 0x80, 0x7f, 0xf0, 0x24, 0x2, 0x40,
    0x4, 0x81, 0xe5, 0xa8, 0x80, 0x7c, 0x56, 0xc0,
    0x17, 0x81, 0x0, 0x64, 0xae, 0xca, 0x98, 0x85,
    0x6e, 0x90, 0x2, 0x64, 0x2, 0xc4, 0x0, 0xe3,
    0x56, 0x77, 0x29, 0x0, 0x66, 0x90, 0x8, 0xae,
    0xc8, 0x1, 0xff, 0xc0, 0x2a, 0x90, 0xf, 0x25,
    0xf5, 0x31, 0x88, 0x4, 0x28, 0xf7, 0xaa, 0x1,
    0x80,

    /* U+0054 "T" */
    0xdf, 0xff, 0xfe, 0x52, 0x80, 0x7f, 0xf9, 0x29,
    0x9b, 0xf2, 0x80, 0x42, 0xcd, 0xfc, 0xee, 0x99,
    0xfe, 0x0, 0x96, 0x67, 0xf8, 0x80, 0x3f, 0xff,
    0xe0, 0x1f, 0xff, 0xf0, 0xf, 0xff, 0xf8, 0x7,
    0xff, 0xfc, 0x3, 0xff, 0xfe, 0x1, 0xff, 0xff,
    0x0, 0xff, 0xff, 0x80, 0x7f, 0xf9, 0xc0,

    /* U+0055 "U" */
    0xf, 0xfc, 0x1, 0xff, 0xc3, 0x3f, 0xfa, 0x80,
    0x3f, 0xff, 0xe0, 0x1f, 0xff, 0xf0, 0xf, 0xff,
    0xf8, 0x7, 0xff, 0xfc, 0x3, 0xff, 0xfe, 0x1,
    0xff, 0xc8, 0x70, 0x8, 0xc0, 0x3f, 0xf9, 0x2,
    0x1, 0x8, 0x8, 0x4, 0x20, 0x1f, 0xfc, 0x23,
    0x0, 0xbc, 0x8, 0x2, 0x40, 0xf, 0xfe, 0x17,
    0x80, 0x44, 0x8, 0x1, 0x60, 0x7, 0xff, 0x9,
    0x0, 0x27, 0xd, 0x0, 0x9c, 0x3, 0xff, 0x82,
    0x84, 0x0, 0x12, 0x5, 0x10, 0x0, 0xc8, 0x7,
    0xff, 0x2, 0x40, 0x26, 0x0, 0xa4, 0x2, 0x67,
    0x0, 0xff, 0x59, 0x0, 0x52, 0x1, 0x39, 0x0,
    0x51, 0x66, 0x1, 0xe5, 0xd4, 0x0, 0xa0, 0x40,
    0x37, 0x88, 0x4, 0x99, 0xd9, 0x57, 0x9f, 0x44,
    0x1, 0x2b, 0x80, 0x71, 0x61, 0x0, 0x61, 0x35,
    0x43, 0x0, 0xe6, 0xa0, 0xf, 0x8b, 0x5c, 0x3,
    0xfe, 0x2a, 0x90, 0xf, 0xf4, 0x75, 0x31, 0x8,
    0x0, 0x8d, 0xef, 0x54, 0x3, 0x80,

    /* U+0056 "V" */
    0xd, 0xff, 0x9c, 0x3, 0xff, 0x8f, 0x7f, 0xf2,
    0x5, 0x80, 0x52, 0x1, 0xff, 0xc6, 0x24, 0x0,
    0x12, 0x3, 0x0, 0x42, 0xa0, 0x1f, 0xfc, 0x5a,
    0x0, 0xa8, 0x2, 0x70, 0xa, 0x40, 0x3f, 0xf8,
    0xac, 0x1, 0x30, 0x5, 0x40, 0x11, 0x90, 0x7,
    0xff, 0xd, 0x84, 0x0, 0xc2, 0x1, 0x12, 0x0,
    0x56, 0x1, 0xff, 0xc3, 0xb0, 0xa, 0xc0, 0x3b,
    0xc0, 0x26, 0x10, 0xf, 0xfe, 0xa, 0x10, 0x0,
    0xc8, 0x3, 0x90, 0x80, 0x26, 0x0, 0xff, 0xe0,
    0xf0, 0x5, 0x20, 0x1f, 0x58, 0x5, 0x40, 0x1f,
    0xfc, 0x1, 0x50, 0x0, 0xa8, 0x7, 0xcc, 0x1,
    0x12, 0x0, 0x7f, 0xd2, 0x1, 0x48, 0x7, 0xf3,
    0x0, 0x5e, 0x1, 0xff, 0x30, 0x4, 0xc0, 0x1f,
    0xd6, 0x1, 0x21, 0x0, 0x7f, 0x30, 0x80, 0x14,
    0x40, 0x3f, 0x89, 0x0, 0x2a, 0x0, 0xfe, 0xa0,
    0xa, 0x40, 0x3f, 0xef, 0x0, 0x98, 0x3, 0xf1,
    0x98, 0x0, 0x66, 0x0, 0xff, 0x90, 0x80, 0x2,
    0xc0, 0x1f, 0x48, 0x5, 0x20, 0x1f, 0xfc, 0x1a,
    0x0, 0xac, 0x3, 0xc2, 0xa0, 0x1, 0x50, 0xf,
    0xfe, 0xb, 0x0, 0x44, 0x80, 0x1d, 0x20, 0x13,
    0x0, 0x7f, 0xf0, 0x85, 0x80, 0x2e, 0x0, 0xe6,
    0x0, 0xa4, 0x3, 0xff, 0x87, 0x60, 0x12, 0x88,
    0x4, 0xa2, 0x0, 0x51, 0x0, 0xff, 0xe1, 0x91,
    0x80, 0x52, 0x1, 0x48, 0x5, 0xc0, 0x1f, 0xfc,
    0x59, 0x0, 0x98, 0x0, 0x66, 0x0, 0x12, 0x0,
    0x7f, 0xf1, 0x54, 0x40, 0x2, 0xa1, 0x20, 0x15,
    0x80, 0x7f, 0xf1, 0xe4, 0x2, 0x91, 0x50, 0x9,
    0x80, 0x3f, 0xf8, 0xec, 0x1, 0x1d, 0x80, 0x4c,
    0x1, 0xff, 0xc8, 0x15, 0x0, 0x94, 0x2, 0xb0,
    0xf, 0xfe, 0x4c, 0x80, 0x79, 0x8, 0x3, 0xff,
    0x92, 0x66, 0x0, 0xef, 0x0, 0xff, 0xe5, 0xc8,
    0x6, 0x24, 0x0, 0xff, 0xe5, 0xa8, 0x80, 0x54,
    0x1, 0xff, 0xc0,

    /* U+0057 "W" */
    0x8f, 0xfa, 0x40, 0x3f, 0xf8, 0x4b, 0xff, 0x50,
    0x7, 0xff, 0x8, 0xff, 0xe9, 0xb0, 0x9, 0xc0,
    0x3f, 0xf8, 0x5e, 0x1, 0x28, 0x7, 0xff, 0xa,
    0xc0, 0x2d, 0x31, 0x0, 0x9, 0x80, 0x7f, 0xf0,
    0x54, 0x3, 0x28, 0x7, 0xff, 0x5, 0x40, 0x2,
    0x80, 0xe0, 0x15, 0x80, 0x7f, 0xf0, 0x14, 0x3,
    0xbc, 0x3, 0xff, 0x80, 0x64, 0x0, 0x40, 0x6,
    0x80, 0x4a, 0x1, 0xff, 0xc0, 0xf0, 0xe, 0x50,
    0xf, 0xfe, 0x5, 0x80, 0x5c, 0x0, 0x41, 0x0,
    0x11, 0x0, 0x3f, 0xe5, 0x0, 0xf2, 0x0, 0x7f,
    0xca, 0x1, 0x20, 0x4, 0xe0, 0x12, 0x80, 0x7f,
    0x94, 0x2, 0x60, 0xb, 0x80, 0x3f, 0xc4, 0x40,
    0x2, 0x80, 0x6d, 0x0, 0xa8, 0x3, 0xfd, 0xe0,
    0x14, 0x8, 0x1, 0x0, 0x3f, 0xca, 0x1, 0x78,
    0x6, 0x40, 0x8, 0x88, 0x1, 0xfc, 0xa0, 0x4,
    0x17, 0x0, 0xa, 0x0, 0x7f, 0x50, 0x4, 0xa0,
    0x1c, 0xa0, 0x12, 0x80, 0x7e, 0x50, 0xb, 0x82,
    0x80, 0x2d, 0x0, 0xfc, 0x44, 0x0, 0x20, 0x7,
    0xbc, 0x2, 0xb0, 0xf, 0xde, 0x1, 0x28, 0x18,
    0x80, 0x1c, 0x3, 0xf2, 0x80, 0x5a, 0x1, 0xe5,
    0x0, 0x8c, 0x40, 0x3e, 0x50, 0x2, 0x0, 0x4e,
    0x0, 0x14, 0x0, 0xfa, 0xc0, 0x27, 0x0, 0xf9,
    0x40, 0x27, 0x0, 0xf2, 0x0, 0x5a, 0x1, 0x68,
    0x5, 0xa0, 0x1e, 0x13, 0x0, 0x20, 0x80, 0x7d,
    0xe0, 0x16, 0x80, 0x7b, 0x80, 0x27, 0x0, 0x90,
    0x40, 0xe, 0x1, 0xe6, 0x0, 0xb4, 0x3, 0xf2,
    0x0, 0x48, 0x20, 0x1c, 0xa0, 0x4, 0x10, 0xc,
    0xe0, 0x1, 0x30, 0xe, 0xb0, 0x9, 0xc0, 0x3f,
    0xa, 0x0, 0x4e, 0x1, 0x90, 0x2, 0xd0, 0xe,
    0xd0, 0xa, 0xc0, 0x30, 0x98, 0x0, 0xc4, 0x3,
    0xfb, 0x40, 0x2d, 0x0, 0xdc, 0x1, 0x38, 0x7,
    0x20, 0x80, 0x18, 0x3, 0x38, 0x5, 0x60, 0x1f,
    0xe7, 0x0, 0x90, 0x3, 0x28, 0x1, 0x4, 0x3,
    0xce, 0x0, 0x13, 0x0, 0xb4, 0x2, 0x60, 0xf,
    0xf0, 0x98, 0x4, 0xa0, 0x4, 0x0, 0xb4, 0x3,
    0xed, 0x0, 0xac, 0x0, 0x28, 0x0, 0x31, 0x0,
    0xff, 0xa8, 0x2, 0xf0, 0x7, 0x0, 0x4e, 0x1,
    0xf2, 0x8, 0x1, 0x40, 0xe, 0x1, 0x58, 0x7,
    0xff, 0x1, 0xc0, 0x25, 0x0, 0x28, 0x1, 0x4,
    0x3, 0xf3, 0x80, 0x8, 0xc3, 0x40, 0x25, 0x0,
    0xff, 0xe0, 0x9, 0x80, 0x4a, 0x80, 0x16, 0x80,
    0x7f, 0x68, 0x5, 0x62, 0x80, 0x2, 0x20, 0x7,
    0xff, 0x6, 0xc0, 0x2f, 0xe0, 0x9, 0xc0, 0x3f,
    0x90, 0x40, 0xa, 0xe0, 0x12, 0x80, 0x7f, 0xf0,
    0x94, 0x2, 0x55, 0x0, 0x10, 0x40, 0x3f, 0xce,
    0x0, 0x2b, 0x0, 0xa8, 0x3, 0xff, 0x84, 0x44,
    0x0, 0xf6, 0x80, 0x7f, 0xda, 0x1, 0x10, 0x0,
    0x88, 0x1, 0xff, 0xc3, 0xa0, 0xf, 0x38, 0x7,
    0xfc, 0x82, 0x1, 0xca, 0x1, 0xff, 0xc4, 0x50,
    0xe, 0x41, 0x0, 0xff, 0xe0, 0x20, 0x7, 0x58,
    0x7, 0xff, 0x10, 0x88, 0x1, 0xb4, 0x3, 0xff,
    0x83, 0xc0, 0x18, 0x4c, 0x3, 0xff, 0x8a, 0xa0,
    0x19, 0xc0, 0x3f, 0xf8, 0x28, 0x1, 0x9c, 0x3,
    0xf8,

    /* U+0058 "X" */
    0x7, 0xff, 0xc4, 0x1, 0xff, 0xc1, 0x1e, 0xff,
    0x94, 0x0, 0xe6, 0x1, 0x70, 0x7, 0xff, 0x6,
    0x84, 0x0, 0xaa, 0x0, 0xb8, 0x2, 0x37, 0x0,
    0xff, 0x99, 0x0, 0x5, 0x40, 0x18, 0xa4, 0x2,
    0x83, 0x0, 0xfe, 0x29, 0x0, 0xb8, 0x3, 0xcc,
    0x80, 0x17, 0x0, 0x7f, 0x70, 0x4, 0xe6, 0x1,
    0xf5, 0x8, 0x0, 0xa4, 0x3, 0xe8, 0x30, 0x1,
    0xc0, 0x7, 0xe1, 0xa0, 0x9, 0x90, 0x3, 0x8d,
    0xc0, 0x2e, 0x0, 0xff, 0x23, 0x0, 0x54, 0x20,
    0x1b, 0x80, 0x29, 0x20, 0xf, 0xfa, 0x48, 0x0,
    0x34, 0x1, 0x49, 0x0, 0x15, 0x80, 0x3f, 0xf8,
    0x3c, 0x1, 0x23, 0x2, 0xb0, 0x0, 0x6c, 0x3,
    0xff, 0x84, 0x70, 0x1, 0x4a, 0x58, 0x5, 0x42,
    0x1, 0xff, 0xc3, 0x73, 0x0, 0xac, 0x40, 0xe,
    0x80, 0x1f, 0xfc, 0x5e, 0x0, 0xf1, 0x40, 0x7,
    0xff, 0x18, 0xa4, 0x3, 0xbc, 0x3, 0xff, 0x90,
    0xa0, 0x1f, 0xfc, 0xee, 0x0, 0xef, 0x0, 0xff,
    0xe3, 0xd1, 0x0, 0x71, 0x48, 0x7, 0xff, 0x15,
    0x54, 0x1, 0x48, 0x4, 0xc8, 0x1, 0xff, 0xc3,
    0x1b, 0x0, 0xa5, 0x98, 0x1, 0x50, 0x80, 0x7f,
    0xf0, 0xb4, 0x40, 0x8, 0xc1, 0x24, 0x0, 0x1b,
    0x0, 0xff, 0xe0, 0xb9, 0x80, 0x6, 0x80, 0x2e,
    0x0, 0x95, 0x80, 0x3f, 0xe3, 0x80, 0xa, 0xc4,
    0x2, 0x38, 0x0, 0xa4, 0x80, 0x3f, 0xdc, 0x1,
    0x2a, 0x80, 0x39, 0xcc, 0x2, 0xe0, 0xf, 0xe9,
    0x20, 0x0, 0xd0, 0x7, 0xdc, 0x1, 0x1c, 0x0,
    0x7c, 0x8c, 0x1, 0x50, 0x7, 0xe2, 0xa0, 0x9,
    0xcc, 0x3, 0x86, 0x80, 0x27, 0x40, 0xf, 0xe5,
    0x50, 0x5, 0xc0, 0x1d, 0x42, 0x0, 0x28, 0x0,
    0xff, 0xac, 0x40, 0x5, 0x40, 0x13, 0x20, 0x5,
    0xc0, 0x1f, 0xfc, 0x1, 0xa0, 0x9, 0x54, 0x5,
    0x20, 0x14, 0x18, 0x7, 0xff, 0x5, 0x1c, 0x2,
    0xb1,

    /* U+0059 "Y" */
    0xd, 0xff, 0x98, 0x3, 0xff, 0x88, 0x7f, 0xf6,
    0x0, 0x24, 0x2, 0x81, 0x0, 0xff, 0xe1, 0xf8,
    0x5, 0xc0, 0x4, 0x40, 0x0, 0x60, 0x3, 0xff,
    0x84, 0xc6, 0x0, 0x62, 0x0, 0xa4, 0x2, 0x63,
    0x0, 0xff, 0xe0, 0xc, 0x0, 0x6, 0x0, 0x31,
    0x38, 0x5, 0xe0, 0x1f, 0xfc, 0x8, 0x10, 0x4,
    0x8, 0x7, 0x40, 0x80, 0xd, 0x40, 0x3f, 0xc4,
    0xc0, 0x3, 0x60, 0xf, 0xac, 0x2, 0xb0, 0xf,
    0xf7, 0x0, 0x5e, 0x1, 0xf9, 0x50, 0x0, 0x30,
    0x1, 0xf9, 0x4c, 0x0, 0xa6, 0x1, 0xfd, 0x20,
    0x13, 0x90, 0x7, 0xd6, 0x1, 0x58, 0x7, 0xf8,
    0x98, 0x2, 0x90, 0xf, 0x40, 0x80, 0x20, 0x40,
    0x3f, 0xe8, 0x10, 0x2, 0x20, 0x3, 0x13, 0x80,
    0x9, 0xc0, 0x3f, 0xf8, 0x3, 0x0, 0x14, 0x80,
    0x69, 0x0, 0xa4, 0x3, 0xff, 0x84, 0xc6, 0x0,
    0x27, 0x0, 0x22, 0x0, 0xa, 0x80, 0x1f, 0xfc,
    0x3f, 0x0, 0xa0, 0x42, 0x40, 0x28, 0x0, 0xff,
    0xe2, 0x1a, 0x80, 0x56, 0xe4, 0x0, 0x72, 0x0,
    0xff, 0xe2, 0xd8, 0x4, 0xb0, 0x0, 0x18, 0x0,
    0xff, 0xe3, 0xc, 0x0, 0x7a, 0xc0, 0x3f, 0xf9,
    0xe, 0x40, 0x19, 0x14, 0x3, 0xff, 0x93, 0x20,
    0x1a, 0x40, 0x3f, 0xf9, 0x48, 0x1, 0x9, 0x0,
    0x7f, 0xff, 0xc0, 0x3f, 0xff, 0xe0, 0x1f, 0xff,
    0xf0, 0xf, 0xfe, 0xd0,

    /* U+005A "Z" */
    0xf, 0xff, 0xfe, 0x54, 0x80, 0x7f, 0xfa, 0x19,
    0xbf, 0xf8, 0xa2, 0x1, 0xc, 0x0, 0x26, 0x7f,
    0xf8, 0x9e, 0x20, 0x15, 0x8, 0x7, 0xff, 0x14,
    0xe4, 0x2, 0x84, 0x0, 0xff, 0xe2, 0x8e, 0x80,
    0x48, 0xe0, 0x1f, 0xfc, 0x6a, 0x10, 0x1, 0x50,
    0x7, 0xff, 0x1a, 0x10, 0x2, 0xe1, 0x0, 0xff,
    0xe2, 0xa3, 0x80, 0x52, 0x60, 0x1f, 0xfc, 0x52,
    0xa0, 0x9, 0x98, 0x1, 0xff, 0xc6, 0xf1, 0x0,
    0x1c, 0x80, 0x7f, 0xf1, 0xa8, 0x80, 0x3, 0xc0,
    0x1f, 0xfc, 0x66, 0x50, 0xa, 0x88, 0x3, 0xff,
    0x8a, 0x72, 0x1, 0x3a, 0x0, 0x7f, 0xf1, 0x47,
    0x40, 0x24, 0x80, 0xf, 0xfe, 0x35, 0x8, 0x0,
    0x68, 0x3, 0xff, 0x8d, 0x8, 0x1, 0x68, 0x80,
    0x7f, 0xf1, 0x51, 0xc0, 0x29, 0x30, 0xf, 0xfe,
    0x29, 0x50, 0x4, 0xac, 0x1, 0xff, 0xc6, 0xf1,
    0x0, 0x15, 0x0, 0x7f, 0xf1, 0xa8, 0x80, 0x2f,
    0x0, 0xff, 0xe3, 0x32, 0x80, 0x54, 0x40, 0x1f,
    0xfc, 0x53, 0x90, 0x9, 0xd4, 0x3, 0xff, 0x8a,
    0x3a, 0x1, 0x24, 0x0, 0x7f, 0xf1, 0xa8, 0x40,
    0x21, 0x99, 0xff, 0xe2, 0x8a, 0x20, 0x3, 0x2b,
    0x37, 0xff, 0x14, 0xc0, 0x3f, 0xfc, 0xc0,

    /* U+005B "[" */
    0xcf, 0xff, 0xa4, 0x3, 0xff, 0x95, 0x77, 0xc0,
    0x19, 0x13, 0x10, 0x7, 0xff, 0xfc, 0x3, 0xff,
    0xfe, 0x1, 0xff, 0xff, 0x0, 0xff, 0xf2, 0xa1,
    0x9c, 0x40, 0x1a, 0xf3, 0x2b, 0x0, 0xff, 0xe3,
    0x0,

    /* U+005C "\\" */
    0x38, 0x83, 0x80, 0x7f, 0xf0, 0x85, 0xdd, 0x8,
    0x1, 0xff, 0xc1, 0x22, 0x0, 0x38, 0x3, 0xff,
    0x85, 0x40, 0x5, 0x0, 0xff, 0xe1, 0x28, 0x4,
    0xa0, 0x1f, 0xfc, 0x12, 0x30, 0x7, 0x80, 0x7f,
    0xf0, 0xac, 0x0, 0xa0, 0x1f, 0xfc, 0x26, 0x0,
    0x94, 0x3, 0xff, 0x82, 0x26, 0x0, 0xe0, 0xf,
    0xfe, 0x15, 0x0, 0x10, 0x40, 0x3f, 0xf8, 0x2e,
    0x1, 0x38, 0x7, 0xff, 0x4, 0x50, 0x1, 0xa0,
    0x1f, 0xfc, 0x2d, 0x0, 0x20, 0x80, 0x7f, 0xf0,
    0x5c, 0x2, 0x70, 0xf, 0xfe, 0x8, 0xa0, 0x2,
    0x80, 0x3f, 0xf8, 0x5a, 0x0, 0x31, 0x0, 0xff,
    0xe0, 0xb0, 0x4, 0xc0, 0x1f, 0xfc, 0x24, 0x0,
    0x58, 0x7, 0xff, 0xb, 0x80, 0x6, 0x40, 0x1f,
    0xfc, 0x15, 0x0, 0x94, 0x3, 0xff, 0x84, 0xa0,
    0xb, 0x0, 0xff, 0xe1, 0x78, 0x0, 0xc8, 0x3,
    0xff, 0x82, 0xa0, 0x12, 0x80, 0x7f, 0xf0, 0x94,
    0x1, 0x40, 0x1f, 0xfc, 0x2e, 0x0, 0x11, 0x0,
    0x3f, 0xf8, 0x28, 0x20, 0xa, 0x0, 0xff, 0xe1,
    0x38, 0x1, 0x40, 0x3f, 0xf8, 0x5a, 0x0, 0x23,
    0x0, 0xff, 0xe0, 0xa0, 0x80, 0x2c, 0x3, 0xff,
    0x84, 0xe0, 0x6, 0x0, 0xff, 0xe1, 0x50, 0x0,
    0x4c, 0x3, 0xff, 0x82, 0x62, 0x0, 0xa0, 0xf,
    0xfe, 0x13, 0x0, 0x1c, 0x3, 0xff, 0x85, 0x60,
    0x1, 0x40, 0xf, 0xfe, 0x9, 0x90, 0x3, 0x40,
    0x3f, 0xf8, 0x4a, 0x0, 0x70, 0xf, 0xfe, 0x15,
    0x0, 0x5, 0x0, 0x3f, 0xf8, 0x24, 0x40, 0x7,
    0x0, 0x7f, 0xf0, 0xa8, 0x0, 0xa0,

    /* U+005D "]" */
    0x3f, 0xff, 0xc4, 0x1, 0xff, 0xc8, 0x3b, 0xbc,
    0x60, 0x1c, 0x89, 0x9c, 0x3, 0xff, 0xfe, 0x1,
    0xff, 0xff, 0x0, 0xff, 0xff, 0x80, 0x7f, 0xff,
    0xc0, 0x38, 0xcf, 0x38, 0x6, 0x3c, 0xcc, 0x60,
    0x1f, 0xfc, 0xc0,

    /* U+005E "^" */
    0x0, 0xf1, 0x7f, 0xce, 0x1, 0xff, 0xc1, 0xa0,
    0xa, 0x40, 0x3f, 0xf8, 0x2c, 0x1, 0xa, 0x80,
    0x7f, 0xcc, 0x20, 0x60, 0xe, 0x0, 0xff, 0xa8,
    0x1, 0xc4, 0x8, 0x40, 0x1f, 0xc6, 0x60, 0x32,
    0xb0, 0x5, 0x0, 0x7f, 0x48, 0x2, 0x41, 0x80,
    0xc, 0x1, 0xf8, 0x54, 0x5, 0x40, 0xc, 0x2,
    0xc0, 0x1f, 0x30, 0x1, 0x80, 0x2a, 0x0, 0x50,
    0x7, 0xd4, 0x0, 0xa0, 0x8, 0xcc, 0x6, 0x60,
    0xe, 0x42, 0x4, 0x20, 0xd, 0x40, 0xa, 0x0,
    0xef, 0x0, 0x70, 0x7, 0x30, 0x1, 0x84, 0x2,
    0x24, 0x1, 0x50, 0xf, 0x30, 0x1, 0x80, 0x2a,
    0x0, 0x30, 0x7, 0xd6, 0x0, 0xa0, 0x9, 0x80,
    0x12, 0x1, 0xf1, 0x18, 0x12, 0x3, 0x8, 0x20,
    0x80, 0x7e, 0x90, 0x7, 0x85, 0x0, 0x3c, 0x3,
    0xf9, 0x44, 0x10, 0x40,

    /* U+005F "_" */
    0x88, 0xff, 0xe4, 0x3b, 0xff, 0xf2, 0x0, 0x3f,
    0xf9, 0x0,

    /* U+0060 "`" */
    0x7, 0x88, 0x98, 0x3, 0xc8, 0xce, 0xe9, 0x80,
    0xe, 0x3f, 0x30, 0x3, 0xc0, 0x7, 0xe, 0x30,
    0x1, 0xe0, 0x3, 0xd3, 0x0, 0x7, 0x80, 0xf,
    0x3d, 0x88, 0x3c, 0x0,

    /* U+0061 "a" */
    0x0, 0xc7, 0x17, 0xbd, 0xfd, 0xb2, 0xa0, 0x1f,
    0x36, 0xe3, 0xa1, 0x8, 0x9, 0x35, 0x69, 0x80,
    0x45, 0x92, 0x40, 0x1f, 0xe2, 0xc5, 0x0, 0x19,
    0x0, 0x64, 0x78, 0x83, 0x98, 0x6, 0xa2, 0x1,
    0x90, 0x3a, 0xfb, 0x87, 0x74, 0x65, 0x88, 0x5,
    0x60, 0x7, 0x9c, 0x50, 0xf, 0x93, 0x40, 0x26,
    0x0, 0x98, 0x3, 0xfc, 0x68, 0x1, 0x18, 0x7,
    0xff, 0xb, 0x0, 0x26, 0x0, 0xff, 0xe1, 0x8,
    0x4, 0x60, 0x19, 0x66, 0xf3, 0x77, 0xd0, 0x1,
    0x8, 0x1, 0xba, 0x99, 0xc, 0x8b, 0xc2, 0x1,
    0xd1, 0x22, 0x1, 0xff, 0xc3, 0x37, 0x0, 0x9f,
    0x3b, 0xff, 0xd2, 0x1, 0xa4, 0x2, 0x88, 0x18,
    0x80, 0x7f, 0xc8, 0x1, 0x38, 0x7, 0xff, 0x8,
    0x40, 0x4, 0x1, 0xfe, 0xc0, 0xc, 0x20, 0x2,
    0x0, 0xfe, 0x35, 0x0, 0xc8, 0x1, 0x40, 0x7,
    0xc9, 0x80, 0x1d, 0xc0, 0x13, 0xe2, 0x90, 0x92,
    0xdd, 0x80, 0x3c, 0x8e, 0x1, 0x1d, 0x6f, 0x6d,
    0x20, 0x2, 0x0, 0x3a, 0x20, 0x1, 0xfc, 0x36,
    0x80, 0x1e, 0x7e, 0x83, 0x10, 0x1, 0x2d, 0x72,
    0x0, 0x70,

    /* U+0062 "b" */
    0x5f, 0xf9, 0xc0, 0x3f, 0xff, 0xe0, 0x1f, 0xff,
    0xf0, 0xf, 0xff, 0x83, 0x5e, 0xff, 0xba, 0xd8,
    0x40, 0x3f, 0xf8, 0xd, 0xd2, 0x84, 0x0, 0x14,
    0x9e, 0x80, 0xf, 0xf4, 0xc8, 0x40, 0x3f, 0x9f,
    0x44, 0x3, 0xe9, 0x60, 0x8, 0xda, 0x19, 0x0,
    0x31, 0x60, 0x80, 0x78, 0x40, 0x9, 0xb9, 0x2f,
    0x37, 0xcc, 0x1, 0x15, 0x0, 0x7e, 0x7b, 0x20,
    0xe, 0x19, 0x90, 0x4, 0x8a, 0x1, 0xe4, 0x80,
    0xf, 0xe6, 0x60, 0x5, 0x20, 0x1e, 0x80, 0xf,
    0xfa, 0x0, 0x23, 0x10, 0xc, 0x66, 0x0, 0xff,
    0x85, 0x40, 0x24, 0x0, 0xca, 0x1, 0xff, 0xc1,
    0xd0, 0x8, 0x80, 0x37, 0x0, 0x7f, 0xf0, 0x48,
    0x2, 0xe0, 0xf, 0xfe, 0x7f, 0x0, 0x7f, 0xf0,
    0x48, 0x2, 0xe0, 0xc, 0x80, 0x1f, 0xfc, 0x1d,
    0x0, 0x88, 0x3, 0x11, 0x80, 0x7f, 0xc2, 0xa0,
    0x12, 0x0, 0x77, 0x80, 0x7f, 0xd0, 0x1, 0x18,
    0x80, 0x71, 0xc8, 0x7, 0xf3, 0xb0, 0x5, 0x0,
    0x1f, 0x35, 0x90, 0x7, 0xd, 0x40, 0x4, 0x88,
    0x0, 0xe3, 0x0, 0x26, 0xe4, 0xbc, 0xdf, 0x28,
    0x4, 0x54, 0x1, 0xe9, 0x60, 0x8, 0xda, 0x19,
    0x0, 0x31, 0x60, 0x80, 0x7d, 0x32, 0x10, 0xf,
    0xe7, 0xd1, 0x0, 0xfe, 0x6f, 0x94, 0x20, 0x0,
    0xa4, 0xf4, 0x0, 0x70,

    /* U+0063 "c" */
    0x0, 0xf8, 0xe3, 0x3b, 0xfd, 0xd6, 0xc2, 0x1,
    0xfc, 0x79, 0x87, 0x31, 0x0, 0xa, 0x4f, 0x40,
    0x7, 0xcf, 0x86, 0x1, 0xfe, 0x7c, 0x10, 0xd,
    0x10, 0x0, 0xc4, 0xd0, 0xea, 0x1, 0x8f, 0x40,
    0x25, 0x70, 0x8, 0xb3, 0x65, 0xe2, 0xbd, 0xc0,
    0x23, 0x40, 0x5, 0x80, 0x49, 0xa6, 0x1, 0xe8,
    0xb0, 0x1b, 0x40, 0x71, 0x0, 0x15, 0x80, 0x7f,
    0x25, 0xf2, 0x0, 0x2c, 0x2, 0x80, 0xf, 0xf9,
    0x0, 0x31, 0x80, 0x5, 0x40, 0x3f, 0xf8, 0x66,
    0x1, 0x28, 0x7, 0xff, 0x11, 0xc0, 0x22, 0x0,
    0xff, 0xec, 0xb8, 0x4, 0x40, 0x1f, 0xfc, 0x43,
    0x0, 0x94, 0x3, 0xff, 0x8a, 0x60, 0x1, 0x50,
    0xf, 0xfe, 0x25, 0x80, 0x50, 0x1, 0xff, 0x20,
    0x6, 0x71, 0x0, 0x15, 0x0, 0x7f, 0x25, 0xf2,
    0x80, 0x56, 0x1, 0x2e, 0x98, 0x7, 0xa2, 0xc0,
    0x69, 0x0, 0xa, 0xe0, 0x11, 0x66, 0xcb, 0xc5,
    0x7b, 0x80, 0x48, 0x80, 0xa, 0x20, 0x1, 0x89,
    0xa1, 0xd4, 0x3, 0x25, 0x80, 0x73, 0xe1, 0x80,
    0x7f, 0xa2, 0xc0, 0x3e, 0x3c, 0xc3, 0x98, 0x80,
    0x5, 0x27, 0x9c, 0x2,

    /* U+0064 "d" */
    0x0, 0xff, 0xe3, 0x1f, 0xfd, 0x40, 0x1f, 0xff,
    0xf0, 0xf, 0xff, 0xf8, 0x7, 0xff, 0x75, 0x6b,
    0x7f, 0xdd, 0x8e, 0x40, 0x1f, 0xfc, 0x5, 0xea,
    0x52, 0x0, 0x9, 0xc6, 0xc0, 0x7, 0xfa, 0xa8,
    0x20, 0x1f, 0xcf, 0x8e, 0x1, 0xf5, 0x28, 0x6,
    0x36, 0x87, 0x40, 0x8, 0xe8, 0x3, 0xce, 0xa0,
    0x11, 0xe6, 0x25, 0xe2, 0xf9, 0xc0, 0x2, 0x1,
    0xc3, 0x0, 0x12, 0xe1, 0x80, 0x70, 0xc5, 0x0,
    0x7d, 0x20, 0x11, 0x50, 0x7, 0xf2, 0xc0, 0x7,
    0x94, 0x2, 0x80, 0xf, 0xf9, 0xc4, 0x3, 0x9,
    0x0, 0x5, 0x40, 0x3f, 0xf8, 0xc, 0x1, 0x88,
    0x2, 0x50, 0xf, 0xfe, 0xe, 0x80, 0x67, 0x0,
    0x88, 0x3, 0xff, 0x82, 0xc0, 0x1f, 0xfc, 0xf7,
    0x0, 0x88, 0x3, 0xff, 0x82, 0xc0, 0x18, 0x80,
    0x25, 0x0, 0xff, 0xe0, 0xe8, 0x6, 0x12, 0x0,
    0xa, 0x80, 0x7f, 0xf0, 0x18, 0x3, 0x94, 0x2,
    0x80, 0xf, 0xfa, 0x4, 0x3, 0xa4, 0x2, 0x2a,
    0x0, 0xfe, 0x57, 0x0, 0xf0, 0xc0, 0x4, 0xb8,
    0x60, 0x1c, 0x31, 0x40, 0x1f, 0x9d, 0x40, 0x23,
    0xcd, 0x97, 0x8b, 0xe7, 0x0, 0x18, 0x7, 0xd4,
    0xa0, 0x18, 0x9a, 0x1d, 0x0, 0x23, 0xd0, 0xf,
    0xd5, 0x41, 0x0, 0xfe, 0x7c, 0x10, 0xf, 0xe5,
    0xea, 0x52, 0x0, 0x9, 0xc6, 0xc0, 0x7, 0x80,

    /* U+0065 "e" */
    0x0, 0xf9, 0x6b, 0x7f, 0xdd, 0x90, 0x60, 0x1f,
    0xf2, 0xf5, 0x29, 0x0, 0x4, 0xdf, 0x2c, 0x80,
    0x3f, 0x4d, 0x8, 0x7, 0xf2, 0x6a, 0x0, 0x7a,
    0x98, 0x2, 0x16, 0x9a, 0x85, 0x0, 0xd6, 0x80,
    0x19, 0x94, 0x2, 0x9e, 0x96, 0x57, 0xae, 0x50,
    0xa, 0x84, 0x0, 0x32, 0x1, 0x5b, 0x0, 0x78,
    0x69, 0xc0, 0x3, 0x20, 0x6, 0x0, 0xa1, 0x0,
    0x3f, 0xa0, 0xc0, 0xe, 0x0, 0xa0, 0x9, 0xc0,
    0x3f, 0xe9, 0x0, 0x94, 0x48, 0x0, 0xa0, 0x1f,
    0xfc, 0x5, 0x0, 0xb4, 0x80, 0x27, 0xbb, 0xff,
    0xe0, 0x80, 0x46, 0xe0, 0x11, 0x22, 0x7f, 0xf0,
    0x40, 0x27, 0x0, 0xff, 0xe5, 0x38, 0x4, 0xdf,
    0xff, 0xfc, 0x4c, 0x30, 0x9, 0x0, 0x3f, 0xf8,
    0xc6, 0x0, 0x24, 0x0, 0xff, 0xe2, 0xd8, 0x5,
    0x20, 0x1f, 0xfc, 0x57, 0x10, 0x1, 0x58, 0x7,
    0xf9, 0x70, 0x3, 0xac, 0x2, 0x4d, 0x40, 0xf,
    0xc, 0xd1, 0xd0, 0x6, 0x57, 0x0, 0x8a, 0xf6,
    0x61, 0xe7, 0x39, 0x80, 0xa, 0x60, 0x1a, 0x20,
    0x1, 0x89, 0x9e, 0x18, 0xc0, 0x35, 0x18, 0x7,
    0x3e, 0x18, 0x7, 0xf9, 0x35, 0x40, 0x3e, 0x3c,
    0xc3, 0x98, 0x80, 0x8, 0xdf, 0x2c, 0x80, 0x20,

    /* U+0066 "f" */
    0x0, 0xf8, 0xa7, 0x7f, 0xdd, 0x4a, 0x1, 0xf3,
    0xeb, 0x10, 0x0, 0x56, 0x94, 0x3, 0x9e, 0x0,
    0x3f, 0x20, 0x6, 0x18, 0x0, 0x8e, 0x6e, 0x4d,
    0x44, 0x3, 0x38, 0x4, 0xb8, 0xc8, 0xd9, 0x60,
    0x1d, 0x80, 0x14, 0x80, 0x70, 0x80, 0x73, 0x0,
    0x46, 0x1, 0xff, 0xdb, 0x6f, 0xf8, 0xc0, 0x2f,
    0xff, 0x10, 0x7, 0xff, 0x55, 0xf3, 0x22, 0x0,
    0xaf, 0x33, 0x88, 0x4, 0xce, 0x10, 0x9, 0xc,
    0xf8, 0x3, 0xff, 0xfe, 0x1, 0xff, 0xff, 0x0,
    0xff, 0xff, 0x80, 0x7f, 0xf9, 0x40,

    /* U+0067 "g" */
    0x0, 0xf9, 0x6b, 0x7f, 0xdd, 0x90, 0x60, 0x15,
    0xff, 0xb8, 0x3, 0x9b, 0xa9, 0x48, 0x0, 0x26,
    0xf9, 0x64, 0x1, 0xfd, 0x72, 0x20, 0x1f, 0xc9,
    0xa8, 0x1, 0xf6, 0x20, 0x6, 0x36, 0x87, 0x51,
    0x0, 0xad, 0x40, 0x3a, 0x4c, 0x2, 0x3d, 0xc9,
    0x78, 0xae, 0xa1, 0x0, 0x8, 0x6, 0x26, 0x0,
    0x9b, 0x8, 0x3, 0xcb, 0xe6, 0x1, 0xeb, 0x0,
    0x92, 0x40, 0x3f, 0x87, 0x44, 0x3, 0x9c, 0x2,
    0x80, 0xf, 0xf8, 0x58, 0x3, 0x10, 0x80, 0x8,
    0xc0, 0x3f, 0xf8, 0x12, 0x1, 0x98, 0x2, 0x70,
    0xf, 0xfe, 0x8, 0x80, 0x7e, 0x30, 0xf, 0xfe,
    0x11, 0x0, 0x7c, 0x60, 0x1f, 0xfc, 0x22, 0x0,
    0x98, 0x2, 0x70, 0xf, 0xfe, 0x9, 0x0, 0x62,
    0x10, 0x1, 0x18, 0x7, 0xff, 0x2, 0x80, 0x39,
    0xc0, 0x2f, 0x0, 0xff, 0x89, 0x80, 0x3a, 0xc0,
    0x23, 0x90, 0xf, 0xe1, 0xe1, 0x0, 0xe2, 0x70,
    0x9, 0xb0, 0x80, 0x3c, 0xbe, 0x60, 0x1f, 0x42,
    0x0, 0x47, 0xb9, 0x2f, 0x15, 0xd4, 0x20, 0x1f,
    0xd6, 0x80, 0x18, 0xda, 0x1d, 0x44, 0x2, 0xc1,
    0x0, 0xfa, 0xe4, 0x40, 0x3f, 0x93, 0x4c, 0x40,
    0x3f, 0x37, 0x52, 0x90, 0x0, 0x4d, 0xf2, 0xc8,
    0x3, 0x10, 0x7, 0xcb, 0x5b, 0xfe, 0xec, 0x83,
    0x0, 0x10, 0x4, 0xe0, 0x1f, 0xfc, 0x64, 0x0,
    0x8c, 0x3, 0xff, 0x8d, 0x40, 0x16, 0x0, 0x59,
    0x40, 0x1f, 0xfc, 0x8, 0x30, 0x0, 0xa0, 0x1,
    0x8d, 0x7a, 0x8, 0x3, 0xe1, 0x97, 0x0, 0xa4,
    0x2, 0x90, 0x0, 0xbe, 0xf5, 0x43, 0xba, 0x73,
    0x98, 0x2, 0x47, 0x0, 0xa8, 0x40, 0x30, 0xab,
    0xc4, 0x18, 0xc0, 0x32, 0x50, 0x6, 0x5f, 0x71,
    0x0, 0xff, 0x86, 0x2c, 0x40, 0x38, 0x63, 0xb2,
    0x14, 0x84, 0x0, 0x26, 0xd5, 0xce, 0x1, 0x80,

    /* U+0068 "h" */
    0x5f, 0xf9, 0xc0, 0x3f, 0xff, 0xe0, 0x1f, 0xff,
    0xf0, 0xf, 0xfe, 0xe9, 0x3d, 0xef, 0xfb, 0xad,
    0x80, 0x3f, 0xe8, 0xd8, 0x42, 0x0, 0xa, 0x4f,
    0x28, 0x7, 0xdf, 0x6e, 0x1, 0xfc, 0x34, 0xc0,
    0x1e, 0x74, 0x0, 0x91, 0x98, 0xa2, 0x1, 0xa4,
    0xc0, 0x3f, 0x3f, 0xdc, 0xca, 0xba, 0x40, 0x37,
    0x80, 0x7d, 0x70, 0x1, 0xe6, 0xb0, 0x8, 0xcc,
    0x1, 0xce, 0x80, 0x1f, 0x91, 0x0, 0x12, 0x0,
    0x74, 0x80, 0x7f, 0xb8, 0x2, 0xd0, 0xc, 0x82,
    0x1, 0xfe, 0x70, 0x8, 0x40, 0x31, 0x0, 0x7f,
    0xc6, 0x1, 0x38, 0x6, 0x10, 0xf, 0xfe, 0x47,
    0x80, 0x7f, 0xff, 0xc0, 0x3f, 0xff, 0xe0, 0x1f,
    0xff, 0xf0,

    /* U+0069 "i" */
    0x0, 0x1b, 0xa0, 0x4, 0xf9, 0x17, 0x20, 0x9,
    0x0, 0x98, 0x40, 0x40, 0x3c, 0xc0, 0x12, 0x88,
    0x4c, 0x9a, 0x68, 0x2, 0x69, 0x60, 0xf, 0xfe,
    0x62, 0xff, 0xce, 0x1, 0xff, 0xff, 0x0, 0xff,
    0xfe, 0x80,

    /* U+006A "j" */
    0x0, 0xfc, 0x4e, 0xa0, 0x1f, 0xc9, 0xb1, 0x58,
    0x1, 0xfb, 0xc0, 0x23, 0x40, 0xf, 0x9c, 0x3,
    0xff, 0x81, 0x20, 0x11, 0x20, 0x7, 0xcb, 0x6d,
    0x18, 0x1, 0xfc, 0x92, 0xe2, 0x1, 0xff, 0xe3,
    0x2f, 0xfa, 0xc0, 0x3f, 0xff, 0xe0, 0x1f, 0xff,
    0xf0, 0xf, 0xff, 0xf8, 0x7, 0xff, 0xc0, 0x40,
    0x3f, 0x8, 0x7, 0xff, 0x1, 0x40, 0x22, 0x0,
    0x8, 0x7, 0x58, 0x5, 0x80, 0xd, 0xc7, 0x57,
    0xd2, 0x0, 0xa, 0x1, 0x9d, 0x15, 0x4, 0x1,
    0x58, 0x2, 0xc0, 0x3f, 0x4a, 0x80, 0x22, 0x94,
    0x40, 0x4, 0xda, 0xc0, 0x10,

    /* U+006B "k" */
    0x5f, 0xf9, 0xc0, 0x3f, 0xff, 0xe0, 0x1f, 0xff,
    0xf0, 0xf, 0xff, 0x73, 0xff, 0xe3, 0x0, 0xff,
    0xe1, 0xc4, 0x0, 0x2b, 0x30, 0xf, 0xfe, 0x14,
    0xb8, 0x5, 0x68, 0x1, 0xff, 0xc2, 0xa6, 0x0,
    0xad, 0x0, 0x3f, 0xf8, 0x54, 0xa0, 0x15, 0xa0,
    0x7, 0xff, 0xa, 0xd4, 0x2, 0xb4, 0x0, 0xff,
    0xe1, 0x62, 0x0, 0x54, 0x80, 0x1f, 0xfc, 0x11,
    0xc3, 0x0, 0xa9, 0x40, 0x3f, 0xf8, 0x23, 0x86,
    0x1, 0x52, 0x80, 0x7f, 0xf0, 0x47, 0x8, 0x3,
    0x38, 0x7, 0xff, 0x7, 0x7c, 0x80, 0x3b, 0x80,
    0x3f, 0xf8, 0x2a, 0x20, 0x1e, 0x39, 0x0, 0xff,
    0xe1, 0x8e, 0xb8, 0x4, 0xca, 0x1, 0xff, 0xc1,
    0x1c, 0x28, 0x30, 0xa, 0x88, 0x3, 0xfe, 0x1c,
    0x20, 0x6, 0x88, 0x5, 0xe0, 0x1f, 0xe2, 0xf2,
    0x0, 0x87, 0x40, 0x22, 0xa0, 0xf, 0xea, 0x10,
    0xe, 0x39, 0x0, 0x95, 0x80, 0x3f, 0xf8, 0x8c,
    0xa0, 0x14, 0x90, 0x7, 0xff, 0x12, 0x88, 0x2,
    0xf0, 0xf, 0xfe, 0x2f, 0x80, 0x45, 0x40, 0x1f,
    0xfc, 0x42, 0xa0, 0x9, 0x58, 0x3, 0xff, 0x88,
    0xae, 0x1, 0x49, 0x80,

    /* U+006C "l" */
    0x5f, 0xf9, 0xc0, 0x3f, 0xff, 0xe0, 0x1f, 0xff,
    0xf0,

    /* U+006D "m" */
    0x5f, 0xf9, 0x40, 0x7, 0x19, 0xdf, 0xd9, 0x26,
    0x1, 0xf3, 0x5f, 0x7f, 0xba, 0xdc, 0x40, 0x3f,
    0x86, 0xb1, 0xcc, 0x40, 0x4d, 0xb2, 0xc4, 0x2,
    0x6f, 0x94, 0x10, 0x0, 0xa4, 0x73, 0x0, 0x7c,
    0x78, 0xa0, 0x1f, 0xc9, 0xe2, 0x17, 0x20, 0x1f,
    0xe9, 0x80, 0xf, 0x49, 0x0, 0x12, 0x2a, 0x5c,
    0x40, 0x21, 0xaa, 0x20, 0x4, 0xb3, 0x52, 0xa0,
    0x19, 0xd4, 0x3, 0xe2, 0xcb, 0x75, 0x68, 0xe6,
    0x0, 0x91, 0x40, 0xb, 0xd4, 0xca, 0xd5, 0xc4,
    0x1, 0x40, 0x7, 0x87, 0xc, 0x3, 0xd2, 0x80,
    0x1c, 0xb4, 0x20, 0x1c, 0x38, 0x20, 0x2, 0x40,
    0xe, 0xb1, 0x0, 0xfd, 0x0, 0x1d, 0x60, 0x1f,
    0x85, 0x80, 0x2c, 0x0, 0xc2, 0xa0, 0x1f, 0xc6,
    0x20, 0x13, 0x8, 0x7, 0xf5, 0x80, 0x46, 0x1,
    0x94, 0x3, 0xfe, 0x20, 0xb, 0x0, 0x3f, 0xc4,
    0x1, 0x38, 0x6, 0x30, 0xf, 0xf9, 0xc0, 0x26,
    0x0, 0xff, 0x8, 0x4, 0x20, 0x1b, 0xc0, 0x3f,
    0xf8, 0x62, 0x1, 0xff, 0xff, 0x0, 0xff, 0xff,
    0x80, 0x7f, 0xff, 0xc0, 0x3f, 0xff, 0xe0, 0x1f,
    0xff, 0xf0, 0xf, 0xfe, 0xc0,

    /* U+006E "n" */
    0x5f, 0xf9, 0x40, 0x4, 0xf7, 0xbf, 0xee, 0xb6,
    0x0, 0xff, 0xc, 0xec, 0x21, 0x0, 0x5, 0x27,
    0x94, 0x3, 0xe3, 0xc6, 0x0, 0xfe, 0x1a, 0x60,
    0xf, 0x49, 0x0, 0xd, 0xe6, 0xa1, 0x0, 0x34,
    0x98, 0x7, 0xc3, 0x79, 0xc, 0xaf, 0x78, 0x20,
    0x17, 0x80, 0x7d, 0x88, 0x1, 0xe3, 0xd0, 0x8,
    0xcc, 0x1, 0xd2, 0x40, 0x1f, 0x8d, 0x40, 0x24,
    0x0, 0xc2, 0xc0, 0x1f, 0xef, 0x0, 0xb4, 0x3,
    0x28, 0x7, 0xfc, 0xe0, 0x10, 0x80, 0x63, 0x0,
    0xff, 0x8c, 0x2, 0x70, 0xd, 0xe0, 0x1f, 0xff,
    0xf0, 0xf, 0xff, 0xf8, 0x7, 0xff, 0xfc, 0x3,
    0xff, 0x94,

    /* U+006F "o" */
    0x0, 0xf9, 0x27, 0x3b, 0xfd, 0xb4, 0xc2, 0x1,
    0xff, 0x1e, 0xdb, 0x18, 0x80, 0x9, 0x67, 0x9c,
    0x3, 0xfa, 0x30, 0x80, 0x3f, 0xd1, 0x82, 0x1,
    0xe8, 0x70, 0xc, 0x6d, 0xe, 0xa0, 0x18, 0xf0,
    0x40, 0x32, 0xb8, 0x4, 0x79, 0x89, 0x78, 0xae,
    0x70, 0x8, 0xb4, 0x3, 0x58, 0x4, 0xb8, 0x60,
    0x1c, 0x31, 0x60, 0x11, 0xb0, 0x1, 0xc4, 0x0,
    0x54, 0x1, 0xfc, 0x90, 0x1, 0x58, 0x2, 0xc0,
    0x28, 0x0, 0xff, 0x9c, 0x40, 0x4, 0x60, 0x60,
    0x1, 0x50, 0xf, 0xfe, 0x3, 0x0, 0x48, 0x60,
    0x12, 0x80, 0x7f, 0xf0, 0x74, 0x2, 0xe7, 0x0,
    0x88, 0x3, 0xff, 0x82, 0xc0, 0x11, 0x0, 0x7f,
    0xf2, 0xdc, 0x2, 0x20, 0xf, 0xfe, 0xb, 0x0,
    0x44, 0x60, 0x12, 0x80, 0x7f, 0xf0, 0x74, 0x2,
    0xe0, 0x30, 0x0, 0xa8, 0x7, 0xff, 0x1, 0x80,
    0x24, 0xb, 0x0, 0xa0, 0x3, 0xfe, 0x71, 0x0,
    0x11, 0x83, 0x88, 0x0, 0xa8, 0x3, 0xf9, 0x20,
    0x2, 0xb0, 0xa, 0xc0, 0x25, 0xc3, 0x0, 0xe1,
    0x8b, 0x0, 0x91, 0x80, 0x25, 0x70, 0x8, 0xf3,
    0x65, 0xe2, 0xf9, 0xc0, 0x22, 0xa0, 0xe, 0x88,
    0x0, 0x62, 0x68, 0x74, 0x0, 0xc7, 0x82, 0x1,
    0xe7, 0xc3, 0x0, 0xff, 0x46, 0x8, 0x7, 0xe3,
    0xcb, 0x63, 0x10, 0x1, 0x2c, 0xfb, 0x80, 0x70,

    /* U+0070 "p" */
    0x5f, 0xf9, 0x40, 0x2, 0xd7, 0xbf, 0xee, 0xb6,
    0x10, 0xf, 0xfe, 0x3, 0xf4, 0xa1, 0x0, 0x5,
    0x27, 0xa0, 0x3, 0xfd, 0x70, 0x1, 0xfe, 0x7d,
    0x10, 0xf, 0xad, 0x0, 0x2, 0xf5, 0x74, 0xe2,
    0x1, 0x16, 0x8, 0x7, 0x84, 0x0, 0xfd, 0xa,
    0x8b, 0x1d, 0x20, 0x11, 0x50, 0x7, 0xe9, 0x80,
    0xf, 0x9b, 0x0, 0x24, 0x50, 0xf, 0x2b, 0x0,
    0x7f, 0x1c, 0x0, 0x52, 0x1, 0xe8, 0x0, 0xff,
    0x9c, 0x2, 0x31, 0x0, 0xc6, 0x40, 0x1f, 0xfc,
    0x6, 0x0, 0x90, 0x3, 0x28, 0x7, 0xff, 0x7,
    0xc0, 0x22, 0x0, 0xdc, 0x1, 0xff, 0xc1, 0x30,
    0xb, 0x80, 0x37, 0x80, 0x7f, 0xf2, 0x84, 0x3,
    0xff, 0x82, 0x40, 0x17, 0x0, 0x64, 0x0, 0xff,
    0xe0, 0xe8, 0x4, 0x40, 0x18, 0x8c, 0x3, 0xfe,
    0x15, 0x0, 0x90, 0x3, 0xbc, 0x3, 0xfe, 0xb0,
    0x8, 0xc4, 0x3, 0x8e, 0x40, 0x3f, 0x9d, 0x40,
    0x28, 0x0, 0xf9, 0xb0, 0x80, 0x38, 0xaa, 0x0,
    0x24, 0x40, 0x7, 0x8, 0x0, 0xf7, 0x25, 0xe6,
    0xf5, 0x40, 0x22, 0xa0, 0xf, 0x4b, 0x80, 0x46,
    0xd0, 0xc8, 0x1, 0x8b, 0x4, 0x3, 0xe8, 0xa1,
    0x0, 0xfe, 0x7d, 0x10, 0xf, 0xe5, 0xe9, 0x42,
    0x0, 0xa, 0x4f, 0x40, 0x7, 0xff, 0x5, 0xaf,
    0x7f, 0xdd, 0x6c, 0x20, 0x1f, 0xff, 0xf0, 0xf,
    0xff, 0xf8, 0x7, 0xff, 0x14,

    /* U+0071 "q" */
    0x0, 0xf9, 0x6b, 0x7f, 0xdd, 0x8e, 0x40, 0x17,
    0xfd, 0x40, 0x1c, 0xbd, 0x4a, 0x40, 0x1, 0x38,
    0xd9, 0x0, 0xff, 0x55, 0x4, 0x3, 0xf9, 0xb4,
    0x80, 0x3e, 0xa5, 0x0, 0xc6, 0xd0, 0xe8, 0x1,
    0x17, 0x80, 0x79, 0xd4, 0x2, 0x3c, 0xc4, 0xbc,
    0x5f, 0x38, 0x0, 0x80, 0x38, 0x60, 0x2, 0x5c,
    0x30, 0xe, 0x18, 0xa0, 0xf, 0xa4, 0x2, 0x2a,
    0x0, 0xfe, 0x58, 0x0, 0xf2, 0x80, 0x50, 0x1,
    0xff, 0x38, 0x80, 0x61, 0x20, 0x0, 0xa8, 0x7,
    0xff, 0x1, 0x80, 0x31, 0x0, 0x4a, 0x1, 0xff,
    0xc1, 0xd0, 0xc, 0xe0, 0x11, 0x0, 0x7f, 0xf0,
    0x58, 0x3, 0xff, 0x9e, 0xe0, 0x11, 0x0, 0x7f,
    0xf0, 0x58, 0x3, 0x10, 0x4, 0xa0, 0x1f, 0xfc,
    0x1d, 0x0, 0xc2, 0x40, 0x1, 0x50, 0xf, 0xfe,
    0x3, 0x0, 0x72, 0x80, 0x50, 0x1, 0xff, 0x40,
    0x80, 0x74, 0x80, 0x45, 0x40, 0x1f, 0xca, 0xe0,
    0x1e, 0x18, 0x0, 0x97, 0xc, 0x3, 0x86, 0x28,
    0x3, 0xf3, 0xa8, 0x4, 0x79, 0xb2, 0xf1, 0x7c,
    0xe0, 0x1, 0x0, 0xfa, 0x94, 0x3, 0x13, 0x43,
    0xa0, 0x4, 0x74, 0x1, 0xfa, 0xa8, 0x20, 0x1f,
    0xcf, 0x8e, 0x1, 0xfc, 0xbd, 0x4a, 0x40, 0x1,
    0x38, 0xd8, 0x0, 0xff, 0xe0, 0xad, 0x6f, 0xfb,
    0xb1, 0xc8, 0x3, 0xff, 0xfe, 0x1, 0xff, 0xff,
    0x0, 0xff, 0xe3, 0x0,

    /* U+0072 "r" */
    0x5f, 0xf9, 0x40, 0x4, 0xf9, 0xbe, 0x1, 0xf4,
    0xec, 0x19, 0x0, 0x7d, 0x8c, 0x1, 0xfe, 0x83,
    0x0, 0x8d, 0x58, 0x3, 0x88, 0x0, 0xdd, 0x95,
    0x20, 0x1f, 0x54, 0x88, 0x7, 0xf3, 0x28, 0x7,
    0xfd, 0x0, 0x1f, 0xf1, 0x88, 0x7, 0xfc, 0xa0,
    0x1f, 0xfc, 0x1, 0x0, 0xff, 0xe0, 0x78, 0x7,
    0xff, 0xfc, 0x3, 0xff, 0xe6,

    /* U+0073 "s" */
    0x0, 0xe1, 0x6a, 0xdf, 0xf7, 0x6d, 0xb9, 0x80,
    0x7c, 0xfd, 0x2a, 0x40, 0x1, 0x24, 0x8c, 0xd6,
    0x0, 0xd7, 0x0, 0x1f, 0xf1, 0x40, 0x5, 0x8,
    0x1, 0x13, 0xcc, 0xa1, 0x8c, 0x2, 0x80, 0x9,
    0xc0, 0x29, 0xd8, 0x66, 0x3c, 0xe7, 0x39, 0xb0,
    0x1, 0x0, 0x26, 0x60, 0x7, 0xc3, 0x18, 0x1,
    0x8, 0x5, 0xc0, 0x1f, 0xfc, 0x26, 0x0, 0xac,
    0x3, 0xff, 0x84, 0x60, 0x11, 0xe2, 0x0, 0x7f,
    0xf0, 0x5c, 0x2, 0x3b, 0xfc, 0x85, 0x20, 0xf,
    0xd0, 0xa0, 0x1c, 0x6f, 0x5b, 0xd4, 0x80, 0x1e,
    0xab, 0x40, 0xf, 0x85, 0x6f, 0x8, 0x3, 0x92,
    0xfe, 0xe1, 0x48, 0x3, 0x8f, 0xc4, 0x3, 0xe4,
    0x7a, 0xde, 0xb5, 0x0, 0x89, 0x80, 0x3f, 0xe1,
    0x4a, 0xa0, 0x5, 0x80, 0x1f, 0xfc, 0x25, 0x0,
    0x98, 0x0, 0xa4, 0x1, 0xfe, 0x10, 0x8, 0x40,
    0x6b, 0x64, 0xc0, 0x3e, 0x1a, 0x0, 0x90, 0x24,
    0x0, 0xd9, 0xd5, 0xe, 0xe8, 0xae, 0x40, 0xa,
    0x41, 0x0, 0x30, 0xab, 0xc4, 0x1d, 0x40, 0x35,
    0x88, 0x64, 0x90, 0x7, 0xfc, 0x78, 0x80, 0x13,
    0x6e, 0xa1, 0x48, 0x40, 0x2, 0x6f, 0x98, 0x30,
    0x0,

    /* U+0074 "t" */
    0x0, 0xd9, 0xff, 0x0, 0x7f, 0xff, 0x1b, 0xfe,
    0x30, 0xb, 0xff, 0xc4, 0x1, 0xff, 0xd5, 0x7c,
    0xc8, 0x80, 0x2b, 0xcc, 0xe2, 0x1, 0x33, 0x84,
    0x2, 0x43, 0x3e, 0x0, 0xff, 0xff, 0x80, 0x7f,
    0xff, 0xc0, 0x3f, 0xf9, 0x2, 0x1, 0xff, 0x38,
    0x4, 0xa0, 0x1f, 0xf1, 0x80, 0x5e, 0x1, 0xc2,
    0x1, 0xd4, 0x1, 0x26, 0x3a, 0xbe, 0x50, 0x7,
    0x13, 0x0, 0x47, 0x15, 0x6, 0x84, 0x1, 0xd2,
    0xa0, 0x1f, 0x9c, 0x3, 0xd5, 0x6a, 0x20, 0x2,
    0x6d, 0x50,

    /* U+0075 "u" */
    0x9f, 0xf9, 0x0, 0x3f, 0xe7, 0xff, 0x98, 0x3,
    0xff, 0xfe, 0x1, 0xff, 0xff, 0x0, 0xff, 0xff,
    0x80, 0x78, 0x40, 0x3f, 0xf8, 0x7e, 0x1, 0xbc,
    0x2, 0x20, 0xf, 0xf8, 0xc0, 0x30, 0x80, 0x5e,
    0x1, 0xff, 0x28, 0x6, 0x50, 0x9, 0xc0, 0x3f,
    0xce, 0x20, 0x18, 0xc0, 0x21, 0x80, 0xf, 0xc7,
    0x0, 0x1e, 0x70, 0x9, 0xe0, 0x3, 0xcd, 0x80,
    0x1f, 0x48, 0x80, 0x4f, 0xf7, 0x32, 0xae, 0x90,
    0x0, 0x80, 0x70, 0xe8, 0x7, 0x23, 0x31, 0x44,
    0x0, 0x74, 0x1, 0xe3, 0xd3, 0x0, 0xfe, 0x6c,
    0x70, 0xf, 0x8b, 0x30, 0xc4, 0x20, 0x26, 0xfb,
    0x20, 0x1e,

    /* U+0076 "v" */
    0xd, 0xff, 0x88, 0x3, 0xff, 0x83, 0x3f, 0xf1,
    0x85, 0x0, 0x54, 0x1, 0xff, 0xc1, 0x60, 0x1,
    0x98, 0x18, 0x2, 0x60, 0xf, 0xfe, 0x3, 0x0,
    0x52, 0x0, 0x16, 0x0, 0xa, 0x80, 0x7f, 0xd6,
    0x0, 0x15, 0x0, 0xac, 0x2, 0x90, 0xf, 0xf2,
    0x10, 0x1, 0x80, 0x31, 0x18, 0x0, 0xcc, 0x1,
    0xfd, 0xe0, 0x14, 0x80, 0x74, 0x80, 0x54, 0x1,
    0xf8, 0x50, 0x0, 0xa2, 0x1, 0xca, 0x20, 0x6,
    0x10, 0xf, 0xa4, 0x2, 0x90, 0xf, 0xa4, 0x2,
    0x60, 0xf, 0x98, 0x0, 0x46, 0x1, 0xf3, 0x0,
    0x54, 0x1, 0xe6, 0x10, 0x5, 0x80, 0x7e, 0x15,
    0x0, 0x12, 0x0, 0x75, 0x0, 0x5, 0x80, 0x3f,
    0xa4, 0x2, 0xe0, 0xc, 0x66, 0x0, 0x30, 0x7,
    0xf8, 0xcc, 0x0, 0x51, 0x0, 0xa4, 0x2, 0xa0,
    0xf, 0xfa, 0x80, 0x29, 0x0, 0xa, 0x80, 0x10,
    0x80, 0x3f, 0xe6, 0x10, 0x3, 0x0, 0x18, 0x2,
    0xf0, 0xf, 0xfe, 0xb, 0x0, 0x5, 0x42, 0x40,
    0x4, 0x80, 0x1f, 0xfc, 0x1a, 0x0, 0xa5, 0x44,
    0x1, 0x40, 0x1f, 0xfc, 0x22, 0x40, 0x1, 0xc0,
    0x4, 0xc0, 0x1f, 0xfc, 0x3f, 0x0, 0x88, 0x0,
    0xc2, 0x1, 0xff, 0xc3, 0x42, 0x0, 0xeb, 0x0,
    0xff, 0xe2, 0xd8, 0x6, 0x32, 0x0, 0xff, 0xe2,
    0xb0, 0x6, 0x90, 0xf, 0xe0,

    /* U+0077 "w" */
    0x9f, 0xf8, 0x40, 0x3f, 0xeb, 0xff, 0x68, 0x7,
    0xff, 0x3, 0xbf, 0xd1, 0x40, 0x13, 0x80, 0x7f,
    0x85, 0x0, 0x4, 0x60, 0x1f, 0xe4, 0x10, 0x5,
    0x19, 0x0, 0x28, 0x3, 0xfc, 0xc0, 0x1a, 0x80,
    0x3f, 0xda, 0x0, 0x22, 0x2, 0x80, 0xc, 0x40,
    0x3f, 0xa8, 0x3, 0x38, 0x7, 0xf9, 0x80, 0x14,
    0x0, 0xa0, 0x9, 0x80, 0x3f, 0x19, 0x0, 0x61,
    0x40, 0xf, 0xca, 0x1, 0x30, 0x0, 0x8c, 0x1,
    0x40, 0x1f, 0xa8, 0x0, 0x22, 0x0, 0x70, 0x7,
    0xee, 0x0, 0x20, 0x80, 0x56, 0x0, 0x22, 0x0,
    0x7c, 0xe0, 0x7, 0x70, 0x1, 0x40, 0x3e, 0x14,
    0x0, 0x68, 0x6, 0x60, 0xa, 0x80, 0x3c, 0x82,
    0x0, 0xaa, 0x0, 0x4a, 0x1, 0xe7, 0x0, 0x98,
    0x3, 0xa, 0x0, 0x14, 0x3, 0xdc, 0x0, 0x23,
    0x31, 0x0, 0x38, 0x3, 0xd4, 0x0, 0x50, 0xf,
    0x70, 0x0, 0x8c, 0x3, 0xa, 0x80, 0x28, 0x1,
    0x40, 0x4, 0x10, 0xc, 0x46, 0x0, 0xe0, 0xf,
    0x28, 0x5, 0x40, 0x19, 0xc0, 0x26, 0x0, 0x30,
    0x4, 0xc0, 0x1a, 0x80, 0x2, 0x80, 0x1f, 0x28,
    0x1, 0xc0, 0x35, 0x0, 0x10, 0x40, 0x2, 0x80,
    0xb, 0x0, 0xca, 0x0, 0x70, 0xf, 0xdc, 0x0,
    0x14, 0x0, 0x11, 0x80, 0x38, 0x3, 0x68, 0x0,
    0xc8, 0x0, 0x64, 0x0, 0xa0, 0xf, 0xc8, 0x20,
    0xe, 0x0, 0x28, 0x0, 0x54, 0x3, 0x30, 0x5,
    0x40, 0xa, 0x0, 0x11, 0x80, 0x7f, 0x38, 0x1,
    0x40, 0x14, 0x0, 0x70, 0xf, 0x28, 0x1, 0x40,
    0xe, 0x0, 0xa0, 0xf, 0xf5, 0x0, 0x4a, 0x64,
    0x0, 0xa0, 0xf, 0x70, 0x0, 0x8d, 0x44, 0x0,
    0xa0, 0x1f, 0xe3, 0x20, 0x7, 0x50, 0x0, 0x8c,
    0x3, 0xc8, 0x20, 0xa, 0xf0, 0x1, 0x90, 0x7,
    0xfd, 0x40, 0x4, 0x70, 0x5, 0x0, 0x7e, 0x60,
    0x3, 0xa8, 0x2, 0x80, 0x3f, 0xf8, 0xa, 0x1,
    0x8, 0x1, 0x80, 0x3f, 0x50, 0x0, 0x40, 0x27,
    0x0, 0xff, 0xe0, 0x11, 0x80, 0x64, 0x10, 0xf,
    0xc4, 0x60, 0x19, 0x4, 0x3, 0xff, 0x83, 0x40,
    0x1b, 0x80, 0x3f, 0xd4, 0x1, 0xb8, 0x3, 0xff,
    0x84, 0xe0, 0x19, 0x40, 0x3f, 0xce, 0x1, 0x94,
    0x3, 0xe0,

    /* U+0078 "x" */
    0xa, 0xff, 0xa4, 0x3, 0xfc, 0xff, 0xf5, 0x80,
    0x2c, 0x80, 0xc, 0xa0, 0x1f, 0x8e, 0x0, 0x3,
    0x40, 0x1, 0xe0, 0xa, 0x88, 0x3, 0xc3, 0xa0,
    0x16, 0x88, 0x4, 0x70, 0x1, 0x70, 0x7, 0xa8,
    0x40, 0x10, 0x60, 0x1c, 0xe8, 0x0, 0x38, 0x0,
    0xce, 0x80, 0x4, 0x70, 0xf, 0xa8, 0x40, 0xe,
    0x80, 0x3, 0x80, 0x0, 0xd0, 0x7, 0xe1, 0xd0,
    0xa, 0x84, 0x38, 0x2, 0xa1, 0x0, 0xfe, 0x38,
    0x0, 0xd, 0x50, 0x80, 0x10, 0x80, 0x1f, 0xf3,
    0xa0, 0x1, 0x14, 0x0, 0x8e, 0x1, 0xff, 0xc1,
    0xa1, 0x0, 0xc3, 0x40, 0x1f, 0xfc, 0x21, 0xa0,
    0xd, 0x42, 0x1, 0xff, 0xc3, 0xe0, 0xd, 0xc0,
    0x1f, 0xfc, 0x36, 0x50, 0xc, 0xac, 0x1, 0xff,
    0xc1, 0x29, 0x0, 0x8, 0x80, 0x12, 0x40, 0x1f,
    0xfc, 0xf, 0x0, 0xae, 0xc0, 0x17, 0x80, 0x7f,
    0xd2, 0x40, 0x6, 0x55, 0x30, 0x0, 0xa8, 0x3,
    0xf9, 0x58, 0x0, 0x52, 0x0, 0x92, 0x0, 0x2b,
    0x0, 0x7c, 0x54, 0x1, 0x78, 0x6, 0xf0, 0xa,
    0x48, 0x3, 0xdc, 0x1, 0x49, 0x0, 0x62, 0x90,
    0xb, 0xc0, 0x3a, 0x4c, 0x0, 0xac, 0x1, 0xe6,
    0x50, 0x1, 0x50, 0x4, 0xac, 0x0, 0x1b, 0x0,
    0xfd, 0x62, 0x0, 0x56, 0x2, 0xb0, 0xb, 0x44,
    0x3, 0xf0, 0xe8, 0x5, 0x24,

    /* U+0079 "y" */
    0xd, 0xff, 0x88, 0x3, 0xff, 0x83, 0x3f, 0xf1,
    0x85, 0x80, 0x54, 0x1, 0xff, 0xc1, 0x60, 0x1,
    0x98, 0x18, 0x2, 0x60, 0xf, 0xfe, 0x3, 0x0,
    0x52, 0x1, 0x30, 0x0, 0x58, 0x3, 0xfe, 0xb0,
    0x0, 0xa8, 0x5, 0x60, 0x15, 0x80, 0x7f, 0x90,
    0x80, 0x12, 0x1, 0x89, 0x0, 0x4, 0x80, 0x1f,
    0xde, 0x1, 0x30, 0x7, 0x78, 0x5, 0xc0, 0x1f,
    0x89, 0x0, 0xc, 0x20, 0x1c, 0x84, 0x0, 0x51,
    0x0, 0xfa, 0x80, 0x2b, 0x0, 0xfa, 0xc0, 0x29,
    0x0, 0xf9, 0x80, 0x6, 0x40, 0x1f, 0x30, 0x4,
    0xc0, 0x1e, 0x61, 0x0, 0x48, 0x7, 0xf3, 0x0,
    0x5, 0x40, 0x3a, 0x80, 0x2, 0xa0, 0x1f, 0xd6,
    0x1, 0x48, 0x6, 0x33, 0x0, 0x24, 0x3, 0xfc,
    0x48, 0x0, 0x33, 0x0, 0x52, 0x1, 0x30, 0x7,
    0xfd, 0xe0, 0x14, 0x80, 0x5, 0x40, 0xc, 0x20,
    0x1f, 0xf2, 0x10, 0x1, 0x44, 0x24, 0x2, 0xb0,
    0xf, 0xfe, 0xd, 0x80, 0x4c, 0xc, 0x0, 0x32,
    0x0, 0xff, 0xe0, 0xb0, 0x5, 0x2a, 0x20, 0x9,
    0x0, 0xff, 0xe1, 0xb8, 0x0, 0x68, 0x0, 0x2a,
    0x1, 0xff, 0xc3, 0xa0, 0xf, 0x48, 0x7, 0xff,
    0x10, 0x90, 0x3, 0x98, 0x3, 0xff, 0x8b, 0xe0,
    0x19, 0x84, 0x3, 0xff, 0x8a, 0x84, 0x1, 0x58,
    0x7, 0xff, 0x18, 0x48, 0x0, 0x84, 0x1, 0xff,
    0xc6, 0x90, 0xb, 0x80, 0x3f, 0xf8, 0xc2, 0xe0,
    0x2, 0x50, 0xf, 0xf9, 0xd8, 0x3, 0xa8, 0x2,
    0xb0, 0xf, 0xf8, 0x62, 0x71, 0xda, 0x39, 0x0,
    0x6, 0xc0, 0x1f, 0xf4, 0x0, 0xe, 0x25, 0xc4,
    0x2, 0xe0, 0xf, 0xfe, 0x6, 0x88, 0x7, 0xc5,
    0x84, 0x1, 0xff, 0xc0, 0x4e, 0x94, 0x10, 0x13,
    0x9d, 0x30, 0xf, 0xfe, 0x8,

    /* U+007A "z" */
    0x2f, 0xff, 0xfe, 0x28, 0x7, 0xff, 0x6c, 0xb3,
    0x3f, 0xea, 0x0, 0xd4, 0x0, 0x33, 0xff, 0xa4,
    0x2, 0x75, 0x0, 0xff, 0xe0, 0x49, 0x80, 0xe,
    0x0, 0x3f, 0xf8, 0xa, 0xc0, 0x1, 0xd0, 0xf,
    0xfe, 0x1, 0x50, 0x5, 0xa2, 0x1, 0xff, 0xc0,
    0xf0, 0xa, 0xc, 0x3, 0xff, 0x81, 0x64, 0x0,
    0x57, 0x0, 0xff, 0xe0, 0x3a, 0x0, 0xa, 0x80,
    0x3f, 0xf8, 0x9, 0x0, 0x17, 0x80, 0x7f, 0xf0,
    0x6, 0x80, 0x2a, 0x20, 0xf, 0xfe, 0x6, 0x88,
    0x1, 0xd4, 0x3, 0xff, 0x81, 0x26, 0x0, 0x38,
    0x0, 0xff, 0xe0, 0x2b, 0x0, 0x7, 0x40, 0x3f,
    0xf8, 0x5, 0x40, 0x16, 0x88, 0x7, 0xff, 0x3,
    0xc0, 0x28, 0x30, 0xf, 0xfe, 0x5, 0x10, 0x0,
    0x8d, 0x13, 0xfe, 0x15, 0x50, 0x4, 0x57, 0x7f,
    0xfc, 0x4, 0x30, 0xf, 0xfe, 0xc8,

    /* U+007B "{" */
    0x0, 0xf3, 0x67, 0x7f, 0x90, 0x3, 0xe, 0x49,
    0x88, 0x7, 0xd6, 0x60, 0x1f, 0xc2, 0xa0, 0x11,
    0xcd, 0xa8, 0x4, 0x80, 0x11, 0x63, 0x20, 0x80,
    0x44, 0x1, 0x50, 0x7, 0xde, 0x1, 0x10, 0x7,
    0xff, 0xfc, 0x3, 0xff, 0xa8, 0x20, 0x1f, 0x8,
    0x4, 0xe0, 0x1e, 0x37, 0x0, 0x88, 0x3, 0x5f,
    0xe0, 0x80, 0x14, 0x40, 0x3f, 0x96, 0x80, 0x3f,
    0xca, 0xc0, 0x1d, 0x17, 0x0, 0x14, 0x80, 0x71,
    0xa3, 0xa8, 0x4, 0x60, 0x1f, 0x10, 0x4, 0xe0,
    0x1f, 0xf0, 0x80, 0x7f, 0xff, 0xc0, 0x3f, 0xfa,
    0x1e, 0x1, 0x10, 0x7, 0xc4, 0x1, 0x58, 0x7,
    0xce, 0x1, 0x1e, 0x29, 0x88, 0x4, 0x48, 0x1,
    0x1d, 0x62, 0x80, 0x6a, 0x20, 0xf, 0xf0, 0xec,
    0x18, 0x80, 0x40,

    /* U+007C "|" */
    0xcf, 0xf6, 0x0, 0x7f, 0xff, 0xc0, 0x3f, 0xff,
    0xe0, 0x0,

    /* U+007D "}" */
    0x3f, 0xf7, 0x63, 0x80, 0x7f, 0x9, 0xc6, 0x88,
    0x7, 0xf8, 0xa8, 0x3, 0x1d, 0xc9, 0x80, 0x48,
    0x40, 0x19, 0x1b, 0xc, 0x2, 0x40, 0xf, 0xa8,
    0x2, 0xe0, 0xf, 0x88, 0x2, 0x10, 0xf, 0x9c,
    0x3, 0xff, 0xfe, 0x1, 0xff, 0xd4, 0x10, 0x8,
    0xc0, 0x3e, 0x20, 0x9, 0x50, 0x3, 0xe6, 0x0,
    0xaf, 0xec, 0x3, 0xa5, 0x80, 0x3f, 0xcc, 0xc0,
    0xf, 0xf4, 0x0, 0x4f, 0x70, 0x1, 0x88, 0x40,
    0x9, 0x8, 0x60, 0x18, 0x40, 0x22, 0x0, 0xff,
    0xff, 0x80, 0x7f, 0xf4, 0x1c, 0x3, 0xfe, 0x10,
    0x8, 0x40, 0x3e, 0x90, 0xb, 0xc0, 0x31, 0xad,
    0x98, 0x4, 0x80, 0x11, 0xe5, 0x20, 0x4, 0x66,
    0x0, 0xfe, 0x2d, 0x0, 0xf8, 0x4e, 0x34, 0x40,
    0x30,

    /* U+007E "~" */
    0x0, 0xff, 0xe4, 0x8c, 0xf7, 0xfa, 0xcc, 0x3,
    0xe7, 0xcb, 0x1, 0xc6, 0x10, 0x2, 0x63, 0x80,
    0x7a, 0xcd, 0x82, 0x88, 0x3, 0xd1, 0x60, 0x18,
    0x8c, 0x1c, 0x90, 0x1, 0x5f, 0xaa, 0x0, 0x4d,
    0x41, 0x3f, 0x0, 0x62, 0x0, 0x25, 0x40, 0xaa,
    0x0, 0x5, 0x7d, 0x84, 0x2, 0xde, 0x0, 0x60,
    0xc, 0xf8, 0x20, 0x1e, 0xa0, 0xe4, 0x50, 0xf,
    0x1f, 0x39, 0x0, 0xae, 0xa0, 0x0,

    /* U+00B0 "°" */
    0x0, 0xf0, 0x90, 0x7, 0xf9, 0xfb, 0x9b, 0xf8,
    0xa0, 0x1c, 0x5b, 0x2, 0x1, 0x1d, 0x58, 0x6,
    0xf2, 0x19, 0xef, 0xd6, 0x4, 0xa0, 0x4, 0x10,
    0xe3, 0x8, 0x14, 0xc8, 0x15, 0x1, 0x82, 0x48,
    0x3, 0x99, 0x3, 0x84, 0x40, 0xa0, 0x1f, 0x68,
    0x39, 0x80, 0xc, 0x3, 0xe3, 0x3, 0x30, 0x0,
    0x80, 0x3e, 0x20, 0x31, 0x20, 0xb0, 0xf, 0xa8,
    0x10, 0x2c, 0x1d, 0x0, 0x3a, 0x48, 0x2c, 0x19,
    0x2, 0xe9, 0x4d, 0xb1, 0x82, 0x8, 0x1, 0x68,
    0xb, 0x59, 0x26, 0x10, 0xe0, 0x1a, 0xec, 0x82,
    0x4, 0xd8, 0xe0, 0x0,

    /* U+00D3 "Ó" */
    0x0, 0xff, 0xe2, 0xa7, 0xfe, 0x80, 0xf, 0xfe,
    0x61, 0xd8, 0x5, 0x50, 0x1, 0xff, 0xcb, 0x3c,
    0x0, 0xe, 0x28, 0x7, 0xff, 0x2c, 0xf0, 0x0,
    0x7e, 0x60, 0x1f, 0xfc, 0xb3, 0xc0, 0x2, 0xe0,
    0x80, 0x7f, 0xf3, 0x11, 0xdd, 0x54, 0x0, 0xff,
    0xe7, 0x3c, 0x41, 0x40, 0x3f, 0xfd, 0x62, 0xd5,
    0xbd, 0xfe, 0xec, 0x95, 0x0, 0xff, 0xe3, 0x1d,
    0xf4, 0xa9, 0x8, 0x0, 0x4d, 0xab, 0xe0, 0x40,
    0x3f, 0xf8, 0x23, 0x58, 0x80, 0x1f, 0xfc, 0x7,
    0xe6, 0x0, 0xff, 0x8b, 0x14, 0x3, 0x85, 0x15,
    0xc, 0x3, 0xd3, 0x40, 0x1f, 0xc7, 0xa4, 0x1,
    0xc, 0x6f, 0x5d, 0x5e, 0x7d, 0xa8, 0x6, 0x5b,
    0x0, 0xf8, 0x74, 0x3, 0x3f, 0x39, 0x0, 0x79,
    0x2b, 0x4c, 0x2, 0x49, 0x0, 0xf5, 0x8, 0x5,
    0x50, 0x1, 0xff, 0x16, 0x28, 0x4, 0xca, 0x1,
    0x91, 0x0, 0x15, 0x28, 0x7, 0xff, 0xa, 0x90,
    0x2, 0xb0, 0xd, 0x20, 0x12, 0xa8, 0x3, 0xff,
    0x89, 0x42, 0x0, 0x17, 0x0, 0x19, 0x0, 0x56,
    0x1, 0xff, 0xc5, 0x19, 0x0, 0xa8, 0x1, 0x60,
    0x12, 0x88, 0x7, 0xff, 0x19, 0xc0, 0x22, 0x20,
    0x20, 0x5, 0xc0, 0x1f, 0xfc, 0x84, 0x0, 0x90,
    0xc, 0x2, 0x50, 0xf, 0xfe, 0x46, 0x0, 0x5c,
    0x1, 0xc2, 0x1, 0xff, 0xc8, 0x20, 0x8, 0x84,
    0x2, 0x10, 0xf, 0xfe, 0x70, 0x80, 0x42, 0x1,
    0xff, 0xd3, 0x10, 0xf, 0xfe, 0x41, 0x0, 0x44,
    0x6, 0x1, 0x28, 0x7, 0xff, 0x23, 0x0, 0x2e,
    0x4, 0x0, 0xb4, 0x3, 0xff, 0x90, 0x80, 0x12,
    0x6, 0x0, 0x4c, 0x20, 0x1f, 0xfc, 0x67, 0x0,
    0x88, 0x80, 0x84, 0x1, 0x40, 0x7, 0xff, 0x14,
    0x64, 0x2, 0xa0, 0xa, 0x40, 0x26, 0x50, 0xf,
    0xfe, 0x25, 0x8, 0x0, 0x5c, 0x2, 0x43, 0x0,
    0xa9, 0x40, 0x3f, 0xf8, 0x54, 0x80, 0x14, 0x0,
    0x76, 0x88, 0x5, 0x50, 0x1, 0xff, 0x16, 0x28,
    0x4, 0xcc, 0x0, 0xe1, 0xd0, 0xc, 0xfc, 0xe2,
    0x1, 0xe3, 0xad, 0x30, 0x8, 0xe4, 0x3, 0xe3,
    0xc2, 0x0, 0x86, 0x3b, 0x97, 0x57, 0x9f, 0x8a,
    0x1, 0x97, 0x0, 0x3f, 0x8f, 0x14, 0x3, 0x85,
    0x15, 0xc, 0x3, 0xd1, 0x40, 0x1f, 0xf0, 0xd6,
    0x20, 0x7, 0xff, 0x1, 0xf9, 0xc0, 0x3f, 0xf8,
    0x47, 0x7b, 0xa, 0x40, 0x10, 0x9b, 0x57, 0xc0,
    0x80, 0x7c,

    /* U+00F3 "ó" */
    0x0, 0xff, 0xe0, 0xaf, 0xfe, 0x60, 0xf, 0xfe,
    0x22, 0x50, 0x5, 0x6c, 0x1, 0xff, 0xc3, 0x4b,
    0x0, 0xe, 0x20, 0x7, 0xff, 0xc, 0xec, 0x0,
    0x5e, 0x60, 0x1f, 0xfc, 0x32, 0xd0, 0x2, 0x68,
    0x80, 0x7f, 0xf1, 0x24, 0x8d, 0xac, 0x3, 0xff,
    0x8d, 0x79, 0x89, 0x0, 0xff, 0xf9, 0xa4, 0xe7,
    0x7f, 0xb6, 0x98, 0x40, 0x3f, 0xe3, 0xdb, 0x63,
    0x10, 0x1, 0x2c, 0xf3, 0x80, 0x7f, 0x46, 0x10,
    0x7, 0xfa, 0x30, 0x40, 0x3d, 0xe, 0x1, 0x8d,
    0xa1, 0xd4, 0x3, 0x1e, 0x8, 0x6, 0x57, 0x0,
    0x8f, 0x31, 0x2f, 0x15, 0xce, 0x1, 0x16, 0x80,
    0x6b, 0x0, 0x97, 0xc, 0x3, 0x86, 0x2c, 0x2,
    0x36, 0x0, 0x38, 0x80, 0xa, 0x80, 0x3f, 0x92,
    0x0, 0x2b, 0x0, 0x58, 0x5, 0x0, 0x1f, 0xf3,
    0x88, 0x0, 0x8c, 0xc, 0x0, 0x2a, 0x1, 0xff,
    0xc0, 0x60, 0x9, 0xc, 0x2, 0x50, 0xf, 0xfe,
    0xe, 0x80, 0x5c, 0xe0, 0x11, 0x0, 0x7f, 0xf0,
    0x58, 0x2, 0x20, 0xf, 0xfe, 0x5b, 0x80, 0x44,
    0x1, 0xff, 0xc1, 0x60, 0x8, 0x8c, 0x2, 0x50,
    0xf, 0xfe, 0xe, 0x80, 0x5c, 0x6, 0x0, 0x15,
    0x0, 0xff, 0xe0, 0x30, 0x4, 0x81, 0x60, 0x14,
    0x0, 0x7f, 0xce, 0x20, 0x2, 0x30, 0x71, 0x0,
    0x15, 0x0, 0x7f, 0x24, 0x0, 0x56, 0x1, 0x58,
    0x4, 0xb8, 0x60, 0x1c, 0x31, 0x60, 0x12, 0x30,
    0x4, 0xae, 0x1, 0x1e, 0x6c, 0xbc, 0x5f, 0x38,
    0x4, 0x54, 0x1, 0xd1, 0x0, 0xc, 0x4d, 0xe,
    0x80, 0x18, 0xf0, 0x40, 0x3c, 0xf8, 0x60, 0x1f,
    0xe8, 0xc1, 0x0, 0xfc, 0x79, 0x6c, 0x62, 0x0,
    0x25, 0x9f, 0x70, 0xe,

    /* U+0104 "Ą" */
    0x0, 0xff, 0xe0, 0xcf, 0xfd, 0x80, 0x1f, 0xfc,
    0xe1, 0x60, 0x8, 0xd0, 0x3, 0xff, 0x9a, 0xc0,
    0x1d, 0xe0, 0x1f, 0xfc, 0xd9, 0x0, 0xe4, 0x20,
    0xf, 0xfe, 0x5a, 0x88, 0x0, 0xc0, 0x2b, 0x0,
    0xff, 0xe5, 0xc8, 0x5, 0xa2, 0x0, 0x60, 0xf,
    0xfe, 0x51, 0x98, 0x0, 0xa3, 0x20, 0x13, 0x80,
    0x7f, 0xf2, 0x64, 0x2, 0x90, 0x60, 0xa, 0x80,
    0x3f, 0xf9, 0x2, 0xa0, 0x2, 0x30, 0x15, 0x0,
    0x12, 0x80, 0x7f, 0xf1, 0xe4, 0x2, 0xb0, 0xa,
    0x40, 0x29, 0x0, 0xff, 0xe3, 0xb0, 0x4, 0xc0,
    0x11, 0x98, 0x0, 0x66, 0x0, 0xff, 0xe2, 0xb0,
    0x80, 0x18, 0x3, 0xa8, 0x2, 0x90, 0xf, 0xfe,
    0x2d, 0x80, 0x56, 0x1, 0xcc, 0x20, 0x5, 0x10,
    0xf, 0xfe, 0x1a, 0x10, 0x1, 0x8, 0x3, 0xcc,
    0x1, 0x48, 0x7, 0xff, 0xf, 0xc0, 0x2e, 0x0,
    0xfa, 0x80, 0x26, 0x0, 0xff, 0xe1, 0x12, 0x0,
    0x5, 0x40, 0x3e, 0x24, 0x0, 0xb, 0x0, 0x7f,
    0xf0, 0x6c, 0x2, 0x90, 0xf, 0xef, 0x0, 0xac,
    0x3, 0xff, 0x80, 0x2c, 0x1, 0x30, 0x7, 0xf2,
    0x10, 0x0, 0x90, 0x3, 0xfe, 0x60, 0x8, 0xd5,
    0x13, 0xfc, 0xe0, 0x17, 0x80, 0x7f, 0xd2, 0x1,
    0x1d, 0xdf, 0xfc, 0xa0, 0x12, 0x10, 0x7, 0xf2,
    0x88, 0x7, 0xff, 0x22, 0xc0, 0x3f, 0xa4, 0x3,
    0xff, 0x92, 0xc2, 0x1, 0xf1, 0x98, 0x0, 0x3f,
    0xff, 0xfc, 0x34, 0x0, 0x98, 0x3, 0xe9, 0x0,
    0xa4, 0x3, 0xff, 0x87, 0xe0, 0x14, 0x80, 0x78,
    0x54, 0x2, 0x60, 0xf, 0xfe, 0x1a, 0x10, 0x0,
    0x54, 0x3, 0xa4, 0x2, 0x61, 0x0, 0xff, 0xe2,
    0x58, 0x5, 0x20, 0x1c, 0xc0, 0x15, 0x80, 0x7f,
    0xf1, 0x58, 0x40, 0x6, 0x60, 0x9, 0x84, 0x0,
    0x84, 0x1, 0xff, 0xc6, 0x60, 0xa, 0x40, 0x2b,
    0x0, 0xbc, 0x3, 0xff, 0x8f, 0x20, 0x12, 0x90,
    0x3, 0x7f, 0xe4, 0x0, 0xff, 0xe3, 0xc0, 0x0,
    0x64, 0x80, 0x3f, 0xf9, 0xb4, 0xc0, 0xbe, 0xc0,
    0x1f, 0xfc, 0xd6, 0x50, 0x6a, 0x10, 0xf, 0xfe,
    0x74, 0x0, 0xc8, 0x7, 0xff, 0x3c, 0x84, 0x1c,
    0x3, 0xff, 0xa6, 0x40, 0x1f, 0xfd, 0x2, 0x0,
    0x23, 0x88, 0x91, 0x40, 0x3f, 0xf9, 0x90, 0x0,
    0x8e, 0xe5, 0xd8, 0x3, 0xff, 0x98, 0xf0, 0x20,
    0x19, 0xc0, 0x3f, 0xf9, 0xaf, 0xd9, 0x7b, 0xf2,
    0x0,

    /* U+0105 "ą" */
    0x0, 0xc7, 0x17, 0xbd, 0xfd, 0xb2, 0xa0, 0x1f,
    0x9b, 0x71, 0xd0, 0x84, 0x4, 0x9a, 0xb4, 0xc0,
    0x31, 0x64, 0x90, 0x7, 0xf8, 0xb1, 0x40, 0x23,
    0x20, 0xc, 0x8f, 0x10, 0x73, 0x0, 0xd4, 0x40,
    0x1, 0x90, 0x3a, 0xfb, 0x87, 0x74, 0x65, 0x88,
    0x5, 0x60, 0x13, 0xce, 0x28, 0x7, 0xc9, 0xa0,
    0x13, 0x0, 0x66, 0x0, 0xff, 0x1a, 0x0, 0x46,
    0x1, 0xff, 0xc3, 0xc0, 0x9, 0x80, 0x3f, 0xf8,
    0x62, 0x1, 0x18, 0x7, 0x2c, 0xde, 0x6e, 0xfa,
    0x0, 0x21, 0x0, 0x9b, 0xa9, 0x90, 0xc8, 0xbc,
    0x20, 0x1e, 0x89, 0x10, 0xf, 0xfe, 0x21, 0xb8,
    0x4, 0xf9, 0xdf, 0xfe, 0x90, 0xe, 0x90, 0xa,
    0x20, 0x62, 0x1, 0xff, 0xc0, 0x40, 0x9, 0xc0,
    0x3f, 0xf8, 0x62, 0x0, 0x20, 0xf, 0xf6, 0x0,
    0x70, 0x80, 0x8, 0x3, 0xf8, 0xd4, 0x3, 0x90,
    0x2, 0x80, 0xf, 0x93, 0x0, 0x3d, 0xc0, 0x13,
    0xe2, 0x90, 0x92, 0xdd, 0x80, 0x3e, 0x47, 0x0,
    0x8e, 0xb7, 0xb6, 0x90, 0x1, 0x0, 0x1e, 0x88,
    0x0, 0x7f, 0xd, 0xa0, 0x7, 0xcf, 0xd0, 0x62,
    0x0, 0x25, 0xae, 0x4b, 0x0, 0xbc, 0x3, 0xb,
    0xe7, 0x7f, 0xb6, 0x94, 0x29, 0xc0, 0x62, 0x0,
    0x1f, 0xfc, 0x1b, 0x50, 0x5f, 0x70, 0xf, 0xfe,
    0xb, 0x20, 0x35, 0x8, 0x7, 0xff, 0xa, 0xc0,
    0x64, 0x3, 0xff, 0x88, 0x40, 0xa0, 0x1f, 0xfc,
    0x75, 0x0, 0xff, 0xe2, 0xa0, 0xe, 0x32, 0xc5,
    0x80, 0x7f, 0xf0, 0x24, 0x40, 0xe6, 0x9d, 0x8,
    0x3, 0xfe, 0x2c, 0x61, 0x1, 0x39, 0x20,

    /* U+0106 "Ć" */
    0x0, 0xff, 0xe2, 0xcf, 0xfd, 0xc6, 0x1, 0xff,
    0xc8, 0x96, 0x0, 0x1f, 0x98, 0x7, 0xff, 0x1e,
    0x58, 0x0, 0xb8, 0x20, 0x1f, 0xfc, 0x79, 0x60,
    0x4, 0x50, 0x7, 0xff, 0x22, 0x58, 0x1, 0x4e,
    0x1, 0xff, 0xc8, 0x21, 0x77, 0x6a, 0x80, 0x7f,
    0xf2, 0x4a, 0x22, 0x20, 0xf, 0xff, 0x19, 0x3d,
    0x6f, 0xfd, 0xd9, 0x28, 0x1, 0xff, 0xc2, 0x3b,
    0xd8, 0x52, 0x0, 0x84, 0xda, 0xfa, 0x0, 0x3f,
    0xc3, 0x78, 0x80, 0x1f, 0xf0, 0xbf, 0x20, 0x7,
    0xc7, 0xe8, 0x1, 0xc2, 0x8a, 0x86, 0x1, 0xc3,
    0x6e, 0x1, 0xc7, 0x82, 0x1, 0xb, 0xef, 0x5d,
    0x5e, 0x7d, 0xa8, 0x6, 0x82, 0x0, 0x87, 0x40,
    0x33, 0x74, 0x10, 0x7, 0x92, 0xb0, 0x80, 0x14,
    0x40, 0x16, 0x88, 0x5, 0x52, 0x1, 0xff, 0x1e,
    0xa5, 0x28, 0x4, 0x86, 0x1, 0x4a, 0x80, 0x7f,
    0xf0, 0xad, 0x40, 0x34, 0x80, 0x4a, 0xc0, 0x1f,
    0xfc, 0x84, 0x20, 0xa, 0xc0, 0x3f, 0xf9, 0x3a,
    0x1, 0x28, 0x80, 0x7f, 0xf2, 0x54, 0x2, 0xe0,
    0xf, 0xfe, 0x51, 0x80, 0x4a, 0x1, 0xff, 0xce,
    0x10, 0xf, 0xfe, 0x48, 0x80, 0x42, 0x1, 0xff,
    0xca, 0x10, 0x8, 0x40, 0x3f, 0xf9, 0xe2, 0x1,
    0xff, 0xca, 0x30, 0x9, 0x40, 0x3f, 0xf9, 0x4a,
    0x1, 0x70, 0x7, 0xff, 0x2b, 0x40, 0x25, 0x10,
    0xf, 0xfe, 0x4a, 0x10, 0x5, 0x60, 0x1f, 0xfc,
    0xa8, 0x0, 0x95, 0x40, 0x1f, 0xfc, 0x95, 0x30,
    0xa, 0x94, 0x3, 0xff, 0x82, 0x36, 0xa0, 0x1d,
    0xa2, 0x1, 0x54, 0x80, 0x7f, 0xc7, 0x89, 0x4c,
    0x1, 0x87, 0x40, 0x33, 0x73, 0x90, 0x7, 0x92,
    0xb0, 0x80, 0x12, 0x40, 0x18, 0xf0, 0x40, 0x21,
    0x8d, 0xeb, 0xab, 0xcf, 0xb5, 0x0, 0xd2, 0x40,
    0x1c, 0x7e, 0x80, 0x1c, 0x28, 0xa8, 0x60, 0x1c,
    0x36, 0xc0, 0x1f, 0xd, 0xe1, 0x80, 0x7f, 0xc3,
    0x1c, 0x80, 0x1f, 0xe3, 0xcd, 0x84, 0x20, 0x8,
    0x4d, 0xaf, 0x9c, 0x3, 0x0,

    /* U+0107 "ć" */
    0x0, 0xff, 0xe0, 0xdf, 0xfd, 0xa4, 0x1, 0xff,
    0xc2, 0xa4, 0x0, 0x1e, 0x10, 0x7, 0xff, 0x6,
    0x54, 0x0, 0xb8, 0x20, 0x1f, 0xfc, 0x19, 0x60,
    0x3, 0xd0, 0x7, 0xff, 0xa, 0x18, 0x1, 0x30,
    0x1, 0xff, 0xc2, 0x44, 0x19, 0xad, 0x80, 0x3f,
    0xf8, 0x69, 0x99, 0x20, 0x7, 0xff, 0xb4, 0xe3,
    0x3b, 0xfd, 0xd6, 0xc2, 0x1, 0xfc, 0x79, 0x87,
    0x31, 0x0, 0xa, 0x4f, 0x40, 0x7, 0xcf, 0x86,
    0x1, 0xfe, 0x7c, 0x10, 0xd, 0x10, 0x0, 0xc4,
    0xd0, 0xea, 0x1, 0x8f, 0x40, 0x25, 0x70, 0x8,
    0xb3, 0x65, 0xe2, 0xbd, 0xc0, 0x23, 0x40, 0x5,
    0x80, 0x49, 0xa6, 0x1, 0xe8, 0xb0, 0x1b, 0x40,
    0x71, 0x0, 0x15, 0x80, 0x7f, 0x25, 0xf2, 0x0,
    0x2c, 0x2, 0x80, 0xf, 0xf9, 0x0, 0x31, 0x80,
    0x5, 0x40, 0x3f, 0xf8, 0x66, 0x1, 0x28, 0x7,
    0xff, 0x11, 0xc0, 0x22, 0x0, 0xff, 0xec, 0xb8,
    0x4, 0x40, 0x1f, 0xfc, 0x43, 0x0, 0x94, 0x3,
    0xff, 0x8a, 0x60, 0x1, 0x50, 0xf, 0xfe, 0x25,
    0x80, 0x50, 0x1, 0xff, 0x20, 0x6, 0x71, 0x0,
    0x15, 0x0, 0x7f, 0x25, 0xf2, 0x80, 0x56, 0x1,
    0x2e, 0x98, 0x7, 0xa2, 0xc0, 0x69, 0x0, 0xa,
    0xe0, 0x11, 0x66, 0xcb, 0xc5, 0x7b, 0x80, 0x48,
    0x80, 0xa, 0x20, 0x1, 0x89, 0xa1, 0xd4, 0x3,
    0x25, 0x80, 0x73, 0xe1, 0x80, 0x7f, 0xa2, 0xc0,
    0x3e, 0x3c, 0xc3, 0x98, 0x80, 0x5, 0x27, 0x9c,
    0x2,

    /* U+0118 "Ę" */
    0xcf, 0xff, 0xfe, 0x38, 0x7, 0xff, 0x99, 0x59,
    0xbf, 0xf8, 0x4e, 0x1, 0xe9, 0x9f, 0xfe, 0x1c,
    0x0, 0x7f, 0xff, 0xc0, 0x3f, 0xff, 0xe0, 0x1f,
    0xea, 0x77, 0xff, 0xe0, 0x88, 0x7, 0xcd, 0x11,
    0xff, 0xc1, 0x20, 0xf, 0xff, 0x3e, 0x7f, 0xff,
    0xf0, 0x4c, 0x3, 0xff, 0xfe, 0x1, 0xff, 0xff,
    0x0, 0xff, 0xea, 0xcc, 0xff, 0xf1, 0x10, 0x3,
    0x95, 0x9b, 0xff, 0x87, 0x80, 0x1f, 0xfd, 0xf1,
    0xc, 0xff, 0xff, 0xe1, 0x40, 0x4, 0xf0, 0x1,
    0xff, 0xc3, 0x88, 0x1, 0xec, 0x8, 0x7, 0xff,
    0x8, 0xdc, 0x13, 0x8, 0x3, 0xff, 0x89, 0x20,
    0xa, 0x0, 0xff, 0xe3, 0x20, 0x18, 0x80, 0x7f,
    0xf1, 0x84, 0x8, 0x3, 0xff, 0x8e, 0x60, 0x32,
    0x20, 0x6e, 0x1, 0xff, 0xc2, 0x80, 0x3, 0x77,
    0xe4, 0x8, 0x7, 0xff, 0x5, 0x2c, 0x80, 0x32,
    0x18, 0x7, 0xff, 0x9, 0x37, 0x57, 0x9d, 0x64,

    /* U+0119 "ę" */
    0x0, 0xf9, 0x6b, 0x7f, 0xdd, 0x90, 0x60, 0x1f,
    0xf2, 0xf5, 0x29, 0x0, 0x4, 0xdf, 0x2c, 0x80,
    0x3f, 0x4d, 0x8, 0x7, 0xf2, 0x6a, 0x0, 0x7a,
    0x98, 0x2, 0x16, 0x9a, 0x85, 0x0, 0xd6, 0x80,
    0x19, 0x94, 0x2, 0x9e, 0x96, 0x57, 0xae, 0x50,
    0xa, 0x84, 0x0, 0x32, 0x1, 0x5b, 0x0, 0x78,
    0x69, 0xc0, 0x3, 0x20, 0x6, 0x0, 0xa1, 0x0,
    0x3f, 0xa0, 0xc0, 0xe, 0x0, 0xa0, 0x9, 0xc0,
    0x3f, 0xe9, 0x0, 0x94, 0x48, 0x0, 0xa0, 0x1f,
    0xfc, 0x5, 0x0, 0xb4, 0x80, 0x27, 0xbb, 0xff,
    0xe0, 0x80, 0x46, 0xe0, 0x11, 0x22, 0x7f, 0xf0,
    0x40, 0x27, 0x0, 0xff, 0xe5, 0x38, 0x4, 0xdf,
    0xff, 0xfc, 0x4c, 0x30, 0x9, 0x0, 0x3f, 0xf8,
    0xc6, 0x0, 0x24, 0x0, 0xff, 0xe2, 0xd8, 0x5,
    0x20, 0x1f, 0xfc, 0x57, 0x10, 0x1, 0x58, 0x7,
    0xf9, 0x70, 0x3, 0xac, 0x2, 0x4d, 0x40, 0xf,
    0xc, 0xd1, 0xd0, 0x6, 0x57, 0x0, 0x8a, 0xf6,
    0x61, 0xe7, 0x39, 0x80, 0xa, 0x60, 0x1a, 0x20,
    0x1, 0x89, 0x9e, 0x18, 0xc0, 0x34, 0x98, 0x7,
    0x3e, 0x18, 0x7, 0xfd, 0x6c, 0x1, 0xf1, 0xe6,
    0x1c, 0xc4, 0x3, 0xd8, 0x80, 0x1f, 0xe3, 0x8c,
    0xef, 0xf1, 0x80, 0x30, 0xc0, 0x3f, 0xf8, 0x8e,
    0x61, 0x6, 0x1, 0xff, 0xc5, 0x90, 0x27, 0x0,
    0xff, 0xe2, 0x98, 0x82, 0x80, 0x7f, 0xf1, 0x98,
    0x1, 0xc0, 0x1f, 0xfc, 0x61, 0x0, 0x60, 0x7,
    0xff, 0x19, 0x4, 0x16, 0x55, 0xa9, 0xc0, 0x3f,
    0xf8, 0x56, 0x0, 0x6a, 0x95, 0xa0, 0xf, 0xfe,
    0x12, 0xe2, 0x8, 0x12, 0xc8, 0x0,

    /* U+0141 "Ł" */
    0x0, 0xcf, 0xff, 0x40, 0x7, 0xff, 0xfc, 0x3,
    0xff, 0xfe, 0x1, 0xff, 0xc9, 0x62, 0x0, 0xff,
    0xe4, 0xcc, 0xbc, 0x3, 0xff, 0x8e, 0x38, 0xc0,
    0x4e, 0x1, 0xff, 0xc5, 0x4f, 0x30, 0x3, 0xb8,
    0x3, 0xff, 0x8a, 0x62, 0x0, 0xa8, 0x0, 0xff,
    0xe4, 0x16, 0xa8, 0x7, 0xff, 0xf, 0x40, 0x32,
    0xe9, 0x0, 0x7f, 0xf0, 0xd1, 0x40, 0x35, 0x0,
    0x7f, 0xf1, 0x22, 0xc0, 0x33, 0x80, 0x7f, 0xf0,
    0xc6, 0xdc, 0x3, 0xff, 0x92, 0xe8, 0x1, 0xff,
    0xca, 0x64, 0x9, 0x80, 0xf, 0xfe, 0x45, 0xe3,
    0x0, 0x7f, 0xf2, 0x8c, 0x3, 0xff, 0xfe, 0x1,
    0xff, 0xe6, 0x49, 0x9f, 0xfe, 0x13, 0x0, 0x7e,
    0x36, 0x6f, 0xfe, 0x16, 0x80, 0x7f, 0xf9, 0x0,

    /* U+0142 "ł" */
    0x0, 0xef, 0xfb, 0x0, 0x3f, 0xff, 0xe0, 0x1f,
    0xff, 0xf0, 0xe, 0x59, 0x0, 0xff, 0xa2, 0x99,
    0x40, 0x3f, 0x8d, 0xc0, 0x12, 0x1, 0xff, 0xc0,
    0x5c, 0x0, 0xff, 0xa2, 0x80, 0x3d, 0x20, 0x1a,
    0xdc, 0x3, 0x86, 0xd8, 0x2, 0x14, 0x0, 0xe3,
    0xc4, 0x0, 0xc4, 0x1, 0xc3, 0x84, 0x1, 0xff,
    0xb, 0x80, 0xd8, 0x7, 0xfa, 0x1f, 0xd0, 0x3,
    0xfe, 0x81, 0x0, 0xff, 0xff, 0x80, 0x7f, 0xf8,
    0xc0,

    /* U+0143 "Ń" */
    0x0, 0xff, 0xe1, 0x24, 0x44, 0xe2, 0x1, 0xff,
    0xc6, 0x5b, 0x77, 0x88, 0x40, 0x3f, 0xf8, 0xab,
    0x40, 0x1, 0xc5, 0x0, 0xff, 0xe2, 0xad, 0x0,
    0xf, 0xcc, 0x3, 0xff, 0x8a, 0xb4, 0x0, 0x6c,
    0x10, 0xf, 0xfe, 0x2a, 0xd0, 0x2, 0x64, 0x1,
    0xff, 0xc7, 0x5f, 0xf9, 0x80, 0x3f, 0xfb, 0x19,
    0xfe, 0xd0, 0xf, 0xfe, 0x25, 0xff, 0xc8, 0x1,
    0x15, 0x0, 0x7f, 0xf3, 0x15, 0x80, 0x3f, 0xf9,
    0x92, 0x60, 0x1f, 0xfc, 0xcd, 0x10, 0xf, 0xfe,
    0x58, 0xd0, 0x7, 0xff, 0x31, 0x20, 0x3, 0xff,
    0x90, 0x40, 0x13, 0xa0, 0x7, 0xff, 0x1e, 0x48,
    0x2, 0xb2, 0x0, 0xff, 0xe3, 0x3f, 0x80, 0x6f,
    0x0, 0xff, 0xe3, 0x95, 0x0, 0x45, 0x40, 0x1f,
    0xfc, 0x75, 0x60, 0x9, 0x58, 0x3, 0xff, 0x8f,
    0x26, 0x1, 0x49, 0x80, 0x7f, 0xf1, 0xf4, 0x40,
    0x2d, 0x10, 0xf, 0xfe, 0x30, 0xd0, 0x4, 0x34,
    0x1, 0xff, 0xc7, 0x48, 0x0, 0x92, 0x0, 0x3f,
    0xf8, 0xee, 0x80, 0x13, 0xa0, 0x7, 0xff, 0x1e,
    0x88, 0x2, 0xa2, 0x0, 0xff, 0xe3, 0xf, 0x0,
    0x43, 0xe0, 0x1f, 0xfc, 0x73, 0x90, 0x8, 0xa8,
    0x3, 0xff, 0x8e, 0xcc, 0x0, 0x95, 0x80, 0x3f,
    0xf8, 0xf2, 0x60, 0x14, 0xb0, 0x7, 0xff, 0x1f,
    0x44, 0x2, 0x20, 0xf, 0xfe, 0x38, 0xd0, 0x7,
    0xff, 0x31, 0x20, 0x3, 0xff, 0x98, 0xe8, 0x1,
    0xff, 0xcc, 0xa2, 0x0, 0xff, 0xe5, 0x8f, 0x0,
    0x7f, 0xf3, 0xe, 0x40, 0x30,

    /* U+0144 "ń" */
    0x0, 0xff, 0xe0, 0x2f, 0xfe, 0x70, 0xf, 0xfe,
    0x12, 0x50, 0x5, 0x6e, 0x1, 0xff, 0xc1, 0x4b,
    0x0, 0xe, 0xa0, 0x7, 0xff, 0x5, 0x2c, 0x0,
    0x7e, 0x40, 0x1f, 0xfc, 0x13, 0xb0, 0x2, 0xe0,
    0x80, 0x7f, 0xf0, 0xa9, 0x55, 0x14, 0x1, 0xff,
    0xc4, 0x9a, 0xa3, 0x80, 0x7f, 0xf9, 0xd7, 0xfe,
    0x50, 0x1, 0x3d, 0xef, 0xfb, 0xad, 0x80, 0x3f,
    0xc3, 0x3b, 0x8, 0x40, 0x1, 0x49, 0xe5, 0x0,
    0xf8, 0xf1, 0x80, 0x3f, 0x86, 0x98, 0x3, 0xd2,
    0x40, 0x3, 0x79, 0xa8, 0x40, 0xd, 0x26, 0x1,
    0xf0, 0xde, 0x43, 0x2b, 0xde, 0x8, 0x5, 0xe0,
    0x1f, 0x62, 0x0, 0x78, 0xf4, 0x2, 0x33, 0x0,
    0x74, 0x90, 0x7, 0xe3, 0x50, 0x9, 0x0, 0x30,
    0xb0, 0x7, 0xfb, 0xc0, 0x2d, 0x0, 0xca, 0x1,
    0xff, 0x38, 0x4, 0x20, 0x18, 0xc0, 0x3f, 0xe3,
    0x0, 0x9c, 0x3, 0x78, 0x7, 0xff, 0xfc, 0x3,
    0xff, 0xfe, 0x1, 0xff, 0xff, 0x0, 0xff, 0xe5,
    0x0,

    /* U+015A "Ś" */
    0x0, 0xff, 0xe0, 0x9f, 0xfe, 0x90, 0xf, 0xfe,
    0x21, 0xe0, 0x5, 0x32, 0x0, 0xff, 0xe1, 0x9e,
    0x0, 0x7, 0x18, 0x3, 0xff, 0x86, 0x78, 0x0,
    0x3f, 0x30, 0xf, 0xfe, 0x19, 0xe8, 0x1, 0x70,
    0x40, 0x3f, 0xf8, 0x8a, 0xcf, 0x34, 0x1, 0xff,
    0xc6, 0x68, 0x83, 0x0, 0x7f, 0xf6, 0xc5, 0xab,
    0x7b, 0xfd, 0xdb, 0x4c, 0x40, 0x1f, 0xc3, 0x3d,
    0x2a, 0x42, 0x0, 0x12, 0x59, 0xdc, 0x50, 0xf,
    0x1f, 0xb0, 0x7, 0xff, 0x0, 0xea, 0xc0, 0x31,
    0x60, 0x80, 0x64, 0x67, 0x73, 0x18, 0x7, 0x8,
    0x6, 0xe0, 0xd, 0x3f, 0x73, 0x10, 0x9c, 0xfb,
    0x50, 0x4, 0x80, 0x46, 0x60, 0xb, 0x18, 0x3,
    0xf2, 0x56, 0xb9, 0x80, 0x56, 0x1, 0x39, 0x80,
    0x7f, 0xc5, 0x0, 0x18, 0x80, 0x2c, 0x0, 0xff,
    0xe5, 0x8, 0x7, 0xff, 0x18, 0x80, 0x2c, 0x0,
    0xff, 0xe3, 0x60, 0x4, 0xcc, 0x0, 0xff, 0xe2,
    0xa1, 0x0, 0x53, 0x68, 0x1, 0xff, 0xc4, 0xe0,
    0xc, 0x97, 0xd4, 0xc2, 0x1, 0xff, 0xc0, 0x3c,
    0x10, 0xc, 0x2b, 0x3d, 0xb2, 0x80, 0x1f, 0xe3,
    0xf7, 0x0, 0xf8, 0x9a, 0xfe, 0x48, 0x3, 0xf0,
    0xc7, 0xd2, 0x88, 0x7, 0xcd, 0xae, 0x1, 0xfe,
    0x5a, 0xed, 0x95, 0x10, 0xe, 0x89, 0x0, 0xff,
    0xe0, 0x13, 0x57, 0x62, 0x80, 0x66, 0x50, 0xf,
    0xfe, 0x19, 0xd6, 0x10, 0x5, 0x20, 0x1f, 0xfc,
    0x53, 0xe0, 0x8, 0xc0, 0x3f, 0xf8, 0xc6, 0x40,
    0x11, 0x0, 0x7f, 0xf1, 0x84, 0x3, 0xce, 0x1,
    0xff, 0xc3, 0x30, 0x8, 0x81, 0xe3, 0xc, 0x3,
    0xff, 0x81, 0x20, 0x12, 0x0, 0x24, 0xf, 0x2d,
    0x44, 0x3, 0xe2, 0xb6, 0x0, 0xbc, 0x8, 0x3,
    0x25, 0x76, 0x54, 0xc4, 0x2b, 0x74, 0x80, 0x13,
    0x20, 0x16, 0x20, 0x7, 0x1a, 0xb3, 0xb9, 0x48,
    0x3, 0x34, 0x80, 0x45, 0x76, 0x40, 0xf, 0xfe,
    0x1, 0x54, 0x80, 0x79, 0x2f, 0xa9, 0x8c, 0x40,
    0x21, 0x47, 0xbd, 0x50, 0xc,

    /* U+015B "ś" */
    0x0, 0xff, 0x8b, 0xbf, 0xea, 0x0, 0xff, 0xe0,
    0x16, 0x8, 0x2, 0x28, 0x3, 0xfe, 0x1c, 0x10,
    0x5, 0x38, 0x7, 0xfc, 0x38, 0x20, 0x38, 0xa0,
    0x1f, 0xfc, 0xd, 0x20, 0x2c, 0x30, 0xf, 0xfe,
    0x4, 0x1, 0xa6, 0x10, 0x7, 0xff, 0x6, 0x33,
    0x16, 0x20, 0x1f, 0xfe, 0x61, 0x6a, 0xdf, 0xf7,
    0x6d, 0xb9, 0x80, 0x7c, 0xfd, 0x2a, 0x40, 0x1,
    0x24, 0x8c, 0xd6, 0x0, 0xd7, 0x0, 0x1f, 0xf1,
    0x40, 0x5, 0x8, 0x1, 0x13, 0xcc, 0xa1, 0x8c,
    0x2, 0x80, 0x9, 0xc0, 0x29, 0xd8, 0x66, 0x3c,
    0xe7, 0x39, 0xb0, 0x1, 0x0, 0x26, 0x60, 0x7,
    0xc3, 0x18, 0x1, 0x8, 0x5, 0xc0, 0x1f, 0xfc,
    0x26, 0x0, 0xac, 0x3, 0xff, 0x84, 0x60, 0x11,
    0xe2, 0x0, 0x7f, 0xf0, 0x5c, 0x2, 0x3b, 0xfc,
    0x85, 0x20, 0xf, 0xd0, 0xa0, 0x1c, 0x6f, 0x5b,
    0xd4, 0x80, 0x1e, 0xab, 0x40, 0xf, 0x85, 0x6f,
    0x8, 0x3, 0x92, 0xfe, 0xe1, 0x48, 0x3, 0x8f,
    0xc4, 0x3, 0xe4, 0x7a, 0xde, 0xb5, 0x0, 0x89,
    0x80, 0x3f, 0xe1, 0x4a, 0xa0, 0x5, 0x80, 0x1f,
    0xfc, 0x25, 0x0, 0x98, 0x0, 0xa4, 0x1, 0xfe,
    0x10, 0x8, 0x40, 0x6b, 0x64, 0xc0, 0x3e, 0x1a,
    0x0, 0x90, 0x24, 0x0, 0xd9, 0xd5, 0xe, 0xe8,
    0xae, 0x40, 0xa, 0x41, 0x0, 0x30, 0xab, 0xc4,
    0x1d, 0x40, 0x35, 0x88, 0x64, 0x90, 0x7, 0xfc,
    0x78, 0x80, 0x13, 0x6e, 0xa1, 0x48, 0x40, 0x2,
    0x6f, 0x98, 0x30, 0x0,

    /* U+0179 "Ź" */
    0x0, 0xff, 0xe1, 0x14, 0x46, 0x30, 0xf, 0xfe,
    0x31, 0x63, 0xbc, 0x6, 0x1, 0xff, 0xc5, 0x2c,
    0x10, 0x5, 0x40, 0x7, 0xff, 0x14, 0xb0, 0x40,
    0x71, 0x40, 0x3f, 0xf8, 0xa5, 0x82, 0x7, 0xe6,
    0x1, 0xff, 0xc5, 0x2c, 0x10, 0x5c, 0x10, 0xf,
    0xfe, 0x31, 0x77, 0xfa, 0x80, 0x3f, 0xfb, 0x3f,
    0xff, 0xfc, 0xa9, 0x0, 0xff, 0xf4, 0x33, 0x7f,
    0xf1, 0x44, 0x2, 0x18, 0x0, 0x4c, 0xff, 0xf1,
    0x3c, 0x40, 0x2a, 0x10, 0xf, 0xfe, 0x29, 0xc8,
    0x5, 0x8, 0x1, 0xff, 0xc5, 0x1d, 0x0, 0x91,
    0xc0, 0x3f, 0xf8, 0xd4, 0x20, 0x2, 0xa0, 0xf,
    0xfe, 0x34, 0x20, 0x5, 0xc2, 0x1, 0xff, 0xc5,
    0x47, 0x0, 0xa4, 0xc0, 0x3f, 0xf8, 0xa5, 0x40,
    0x13, 0x30, 0x3, 0xff, 0x8d, 0xe2, 0x0, 0x39,
    0x0, 0xff, 0xe3, 0x51, 0x0, 0x7, 0x80, 0x3f,
    0xf8, 0xcc, 0xa0, 0x15, 0x10, 0x7, 0xff, 0x14,
    0xe4, 0x2, 0x74, 0x0, 0xff, 0xe2, 0x8e, 0x80,
    0x49, 0x0, 0x1f, 0xfc, 0x6a, 0x10, 0x0, 0xd0,
    0x7, 0xff, 0x1a, 0x10, 0x2, 0xd1, 0x0, 0xff,
    0xe2, 0xa3, 0x80, 0x52, 0x60, 0x1f, 0xfc, 0x52,
    0xa0, 0x9, 0x58, 0x3, 0xff, 0x8d, 0xe2, 0x0,
    0x2a, 0x0, 0xff, 0xe3, 0x51, 0x0, 0x5e, 0x1,
    0xff, 0xc6, 0x65, 0x0, 0xa8, 0x80, 0x3f, 0xf8,
    0xa7, 0x20, 0x13, 0xa8, 0x7, 0xff, 0x14, 0x74,
    0x2, 0x48, 0x0, 0xff, 0xe3, 0x50, 0x80, 0x43,
    0x33, 0xff, 0xc5, 0x14, 0x40, 0x6, 0x56, 0x6f,
    0xfe, 0x29, 0x80, 0x7f, 0xf9, 0x80,

    /* U+017A "ź" */
    0x0, 0xff, 0xa3, 0xfe, 0xe4, 0x0, 0xff, 0xe0,
    0x43, 0x80, 0xb, 0x10, 0x3, 0xfe, 0x77, 0x0,
    0x13, 0x8, 0x3, 0xfe, 0x78, 0x0, 0x35, 0x88,
    0x7, 0xfc, 0xd0, 0x0, 0x89, 0x0, 0xff, 0xe0,
    0x16, 0x2a, 0xad, 0xc0, 0x3f, 0xf8, 0x25, 0x55,
    0x20, 0x7, 0xff, 0x88, 0xbf, 0xff, 0xf8, 0xa0,
    0x1f, 0xfd, 0xb2, 0xcc, 0xff, 0xa8, 0x3, 0x50,
    0x0, 0xcf, 0xfe, 0x90, 0x9, 0xd4, 0x3, 0xff,
    0x81, 0x26, 0x0, 0x38, 0x0, 0xff, 0xe0, 0x2b,
    0x0, 0x7, 0x40, 0x3f, 0xf8, 0x5, 0x40, 0x16,
    0x88, 0x7, 0xff, 0x3, 0xc0, 0x28, 0x30, 0xf,
    0xfe, 0x5, 0x90, 0x1, 0x5c, 0x3, 0xff, 0x80,
    0xe8, 0x0, 0x2a, 0x0, 0xff, 0xe0, 0x24, 0x0,
    0x5e, 0x1, 0xff, 0xc0, 0x1a, 0x0, 0xa8, 0x80,
    0x3f, 0xf8, 0x1a, 0x20, 0x7, 0x50, 0xf, 0xfe,
    0x4, 0x98, 0x0, 0xe0, 0x3, 0xff, 0x80, 0xac,
    0x0, 0x1d, 0x0, 0xff, 0xe0, 0x15, 0x0, 0x5a,
    0x20, 0x1f, 0xfc, 0xf, 0x0, 0xa0, 0xc0, 0x3f,
    0xf8, 0x14, 0x40, 0x2, 0x34, 0x4f, 0xf8, 0x55,
    0x40, 0x11, 0x5d, 0xff, 0xf0, 0x10, 0xc0, 0x3f,
    0xfb, 0x20,

    /* U+017B "Ż" */
    0x0, 0xff, 0xc, 0xe4, 0x0, 0x7f, 0xf2, 0x6d,
    0x8d, 0xe0, 0x3, 0xff, 0x90, 0x80, 0x11, 0x80,
    0x7f, 0xf2, 0x14, 0x2, 0x20, 0xf, 0xfe, 0x44,
    0x98, 0x24, 0x0, 0x7f, 0xf2, 0xb, 0x3e, 0xc4,
    0x3, 0xff, 0xe3, 0xff, 0xff, 0xca, 0x90, 0xf,
    0xff, 0x43, 0x37, 0xff, 0x14, 0x40, 0x21, 0x80,
    0x4, 0xcf, 0xff, 0x13, 0xc4, 0x2, 0xa1, 0x0,
    0xff, 0xe2, 0x9c, 0x80, 0x50, 0x80, 0x1f, 0xfc,
    0x51, 0xd0, 0x9, 0x1c, 0x3, 0xff, 0x8d, 0x42,
    0x0, 0x2a, 0x0, 0xff, 0xe3, 0x42, 0x0, 0x5c,
    0x20, 0x1f, 0xfc, 0x54, 0x70, 0xa, 0x4c, 0x3,
    0xff, 0x8a, 0x54, 0x1, 0x33, 0x0, 0x3f, 0xf8,
    0xde, 0x20, 0x3, 0x90, 0xf, 0xfe, 0x35, 0x10,
    0x0, 0x78, 0x3, 0xff, 0x8c, 0xca, 0x1, 0x51,
    0x0, 0x7f, 0xf1, 0x4e, 0x40, 0x27, 0x40, 0xf,
    0xfe, 0x28, 0xe8, 0x4, 0x90, 0x1, 0xff, 0xc6,
    0xa1, 0x0, 0xd, 0x0, 0x7f, 0xf1, 0xa1, 0x0,
    0x2d, 0x10, 0xf, 0xfe, 0x2a, 0x38, 0x5, 0x26,
    0x1, 0xff, 0xc5, 0x2a, 0x0, 0x95, 0x80, 0x3f,
    0xf8, 0xde, 0x20, 0x2, 0xa0, 0xf, 0xfe, 0x35,
    0x10, 0x5, 0xe0, 0x1f, 0xfc, 0x66, 0x50, 0xa,
    0x88, 0x3, 0xff, 0x8a, 0x72, 0x1, 0x3a, 0x80,
    0x7f, 0xf1, 0x47, 0x40, 0x24, 0x80, 0xf, 0xfe,
    0x35, 0x8, 0x4, 0x33, 0x3f, 0xfc, 0x51, 0x44,
    0x0, 0x65, 0x66, 0xff, 0xe2, 0x98, 0x7, 0xff,
    0x98,

    /* U+017C "ż" */
    0x0, 0xf8, 0x6f, 0xec, 0x40, 0x3f, 0xf8, 0x56,
    0x80, 0x90, 0x1, 0xff, 0xc2, 0x70, 0x9, 0x40,
    0x3f, 0xf8, 0x48, 0x1, 0x20, 0x7, 0xff, 0xa,
    0x58, 0xda, 0x0, 0x3f, 0xf8, 0x73, 0x92, 0x1,
    0xff, 0xf5, 0x2f, 0xff, 0xfe, 0x28, 0x7, 0xff,
    0x6c, 0xb3, 0x3f, 0xea, 0x0, 0xd4, 0x0, 0x33,
    0xff, 0xa4, 0x2, 0x75, 0x0, 0xff, 0xe0, 0x49,
    0x80, 0xe, 0x0, 0x3f, 0xf8, 0xa, 0xc0, 0x1,
    0xd0, 0xf, 0xfe, 0x1, 0x50, 0x5, 0xa2, 0x1,
    0xff, 0xc0, 0xf0, 0xa, 0xc, 0x3, 0xff, 0x81,
    0x64, 0x0, 0x57, 0x0, 0xff, 0xe0, 0x3a, 0x0,
    0xa, 0x80, 0x3f, 0xf8, 0x9, 0x0, 0x17, 0x80,
    0x7f, 0xf0, 0x6, 0x80, 0x2a, 0x20, 0xf, 0xfe,
    0x6, 0x88, 0x1, 0xd4, 0x3, 0xff, 0x81, 0x26,
    0x0, 0x38, 0x0, 0xff, 0xe0, 0x2b, 0x0, 0x7,
    0x40, 0x3f, 0xf8, 0x5, 0x40, 0x16, 0x88, 0x7,
    0xff, 0x3, 0xc0, 0x28, 0x30, 0xf, 0xfe, 0x5,
    0x10, 0x0, 0x8d, 0x13, 0xfe, 0x15, 0x50, 0x4,
    0x57, 0x7f, 0xfc, 0x4, 0x30, 0xf, 0xfe, 0xc8,

    /* U+0400 "Ѐ" */
    0x0, 0x9a, 0x22, 0x70, 0xf, 0xfe, 0x23, 0xa3,
    0xba, 0x2c, 0x3, 0xff, 0x86, 0x38, 0xc0, 0x4,
    0xb0, 0xf, 0xfe, 0x24, 0xc8, 0x0, 0x96, 0x1,
    0xff, 0xc4, 0x6b, 0x10, 0x4b, 0x0, 0xff, 0xe2,
    0x26, 0x10, 0x25, 0x80, 0x7f, 0xf1, 0xb, 0x7f,
    0xd6, 0x1, 0xff, 0xd1, 0xaf, 0xff, 0xfe, 0x39,
    0x0, 0x7f, 0xf8, 0x91, 0x9b, 0xff, 0x86, 0x60,
    0x1b, 0xa6, 0x7f, 0xf8, 0x62, 0x1, 0xff, 0xff,
    0x0, 0xff, 0xff, 0x87, 0xbb, 0xff, 0xf0, 0x4c,
    0x3, 0xcb, 0x11, 0xff, 0xc1, 0x50, 0xf, 0xff,
    0x25, 0x7f, 0xff, 0xf0, 0x58, 0x3, 0xff, 0xfe,
    0x1, 0xff, 0xff, 0x0, 0xff, 0xe6, 0x74, 0xcf,
    0xff, 0xd, 0x80, 0x32, 0x33, 0x7f, 0xf0, 0xf4,
    0x3, 0xff, 0xbc,

    /* U+0401 "Ё" */
    0x0, 0xea, 0xfb, 0x0, 0xcb, 0xdc, 0x40, 0xf,
    0xe6, 0x50, 0x46, 0x0, 0xa8, 0x45, 0x20, 0x1f,
    0xc2, 0x1, 0x8, 0x7, 0x8c, 0x3, 0xf9, 0x88,
    0x5, 0x80, 0x27, 0x0, 0x48, 0x7, 0xf0, 0xee,
    0xb8, 0x40, 0x28, 0xde, 0x70, 0xf, 0xf8, 0x80,
    0x3c, 0x42, 0x1, 0xff, 0xcf, 0xaf, 0xff, 0xfe,
    0x39, 0x0, 0x7f, 0xf8, 0x91, 0x9b, 0xff, 0x86,
    0x60, 0x1b, 0xa6, 0x7f, 0xf8, 0x62, 0x1, 0xff,
    0xff, 0x0, 0xff, 0xff, 0x87, 0xbb, 0xff, 0xf0,
    0x4c, 0x3, 0xcb, 0x11, 0xff, 0xc1, 0x50, 0xf,
    0xff, 0x25, 0x7f, 0xff, 0xf0, 0x58, 0x3, 0xff,
    0xfe, 0x1, 0xff, 0xff, 0x0, 0xff, 0xe6, 0x74,
    0xcf, 0xff, 0xd, 0x80, 0x32, 0x33, 0x7f, 0xf0,
    0xf4, 0x3, 0xff, 0xbc,

    /* U+0402 "Ђ" */
    0x7f, 0xff, 0xfe, 0x5c, 0x80, 0x7f, 0xfe, 0xcd,
    0x9b, 0xf8, 0x40, 0x26, 0x6f, 0xf6, 0x0, 0x7c,
    0x93, 0x3f, 0xc6, 0x1, 0x44, 0xcf, 0xf2, 0x80,
    0x7f, 0xff, 0xc0, 0x3f, 0xff, 0xe0, 0x1f, 0xff,
    0x63, 0x68, 0x99, 0x43, 0x20, 0x7, 0xff, 0x25,
    0x27, 0xb2, 0x5d, 0x98, 0xf3, 0x7f, 0x68, 0x1,
    0xff, 0xc6, 0xa6, 0x10, 0xf, 0xe4, 0xba, 0x0,
    0xff, 0xe6, 0x8, 0x7, 0x97, 0x0, 0x3f, 0xf8,
    0xc9, 0x19, 0xfe, 0xef, 0xd8, 0x10, 0x8, 0xe0,
    0x3, 0xff, 0x87, 0x1d, 0x6e, 0x60, 0x18, 0x9f,
    0xd0, 0x2, 0x71, 0x0, 0xff, 0xe1, 0x30, 0x80,
    0x7f, 0xd, 0x90, 0x4, 0xe0, 0x1f, 0xfc, 0xfa,
    0x0, 0xb0, 0x3, 0xff, 0x9e, 0x80, 0x10, 0x80,
    0x7f, 0xf3, 0xc4, 0x2, 0x70, 0xf, 0xfe, 0x7b,
    0x0, 0x4e, 0x1, 0xff, 0xcf, 0xc0, 0x8, 0x80,
    0x3f, 0xf9, 0xc2, 0xc0, 0x16, 0x0, 0x7f, 0xf3,
    0x4b, 0x4, 0x0, 0x2a, 0x1, 0xff, 0xc7, 0x47,
    0x54, 0x6a, 0xd2, 0x0, 0xa0, 0x3, 0xff, 0x91,
    0x91, 0x57, 0x2a, 0x1, 0x99, 0x80, 0x1f, 0xfc,
    0x83, 0x0, 0xfd, 0x12, 0x1, 0xff, 0xcf, 0x27,
    0xe7, 0x0, 0xff, 0xe0, 0xef, 0xfc, 0x20, 0x1a,
    0xff, 0x76, 0xfd, 0x81, 0x0, 0xc0,

    /* U+0403 "Ѓ" */
    0x0, 0xff, 0x92, 0x22, 0x71, 0x0, 0xff, 0xe0,
    0x2d, 0xbb, 0xc4, 0x20, 0x1f, 0xf2, 0xd0, 0x0,
    0x71, 0x40, 0x3f, 0xe5, 0xa0, 0x1, 0xf9, 0x80,
    0x7f, 0xcb, 0x40, 0x6, 0xc1, 0x0, 0xff, 0x96,
    0x80, 0x13, 0x20, 0xf, 0xfe, 0xa, 0xff, 0xcc,
    0x1, 0xff, 0xcf, 0xaf, 0xff, 0xfe, 0x2d, 0x80,
    0x7f, 0xf7, 0x91, 0x9b, 0xff, 0x83, 0xa0, 0x1b,
    0xe6, 0x7f, 0xf8, 0x2c, 0x1, 0xff, 0xff, 0x0,
    0xff, 0xff, 0x80, 0x7f, 0xff, 0xc0, 0x3f, 0xff,
    0xe0, 0x1f, 0xff, 0xf0, 0xf, 0xff, 0xf8, 0x7,
    0x80,

    /* U+0404 "Є" */
    0x0, 0xfe, 0x38, 0xbe, 0xff, 0xb6, 0xdc, 0x80,
    0x3f, 0xf8, 0x2b, 0xb8, 0xe8, 0x20, 0x11, 0x24,
    0x6e, 0x28, 0x7, 0xf0, 0xe5, 0x10, 0x7, 0xfc,
    0x75, 0x62, 0x1, 0xe3, 0xf3, 0x0, 0xe1, 0x34,
    0x31, 0x0, 0xe4, 0xf3, 0x0, 0xc7, 0x82, 0x1,
    0xc, 0x77, 0x32, 0xf3, 0xb9, 0x24, 0x1, 0xf,
    0x0, 0x43, 0xa0, 0x19, 0xb9, 0xc4, 0x3, 0x85,
    0xb6, 0x84, 0x7, 0x80, 0x2b, 0x10, 0xa, 0xa4,
    0x3, 0xfe, 0x5c, 0x3d, 0x30, 0x1, 0xa8, 0x5,
    0xa, 0x1, 0xff, 0xc1, 0x2c, 0x30, 0xa, 0x0,
    0x24, 0x70, 0xf, 0xfe, 0x38, 0xa0, 0x5, 0x0,
    0x1f, 0xfc, 0x87, 0x0, 0x88, 0xc0, 0x3f, 0xf9,
    0x1e, 0x1, 0x28, 0x7, 0xff, 0x25, 0x40, 0x2d,
    0x0, 0xff, 0xe4, 0x88, 0x5, 0x5f, 0xff, 0xfc,
    0xc, 0x0, 0xff, 0xf8, 0x8, 0x4, 0xd3, 0x3f,
    0xfc, 0x8, 0x0, 0xfc, 0xa0, 0x10, 0xb3, 0x7f,
    0xf0, 0x10, 0x3, 0xf7, 0x80, 0x4a, 0x1, 0xff,
    0xc9, 0x70, 0x8, 0x8c, 0x3, 0xff, 0x90, 0x28,
    0x1, 0x78, 0x7, 0xff, 0x26, 0x0, 0x23, 0x70,
    0xf, 0xfe, 0x41, 0xa8, 0x5, 0xc, 0x1, 0xff,
    0xc1, 0x2c, 0x30, 0xd, 0x62, 0x1, 0x4c, 0x80,
    0x3f, 0xe5, 0xc3, 0xc3, 0x0, 0x87, 0x40, 0x33,
    0x73, 0x88, 0x7, 0xb, 0x6d, 0x8, 0x3, 0x80,
    0x31, 0xe0, 0x80, 0x43, 0x1d, 0xcc, 0xbc, 0xee,
    0x49, 0x0, 0x43, 0xc0, 0x1c, 0x7e, 0x60, 0x1c,
    0x26, 0x86, 0x20, 0x1c, 0x9e, 0x60, 0x1e, 0x1c,
    0xa2, 0x0, 0xff, 0x8e, 0xac, 0x40, 0x3f, 0x97,
    0x71, 0xcc, 0x40, 0x22, 0x48, 0xdc, 0x50, 0xc,

    /* U+0405 "Ѕ" */
    0x0, 0xf9, 0x67, 0x3b, 0xfd, 0xdb, 0x6e, 0x60,
    0x1f, 0xe7, 0xea, 0x63, 0x10, 0x0, 0x92, 0x46,
    0x73, 0x80, 0x78, 0x72, 0x4, 0x3, 0xfe, 0x18,
    0xe2, 0x0, 0xda, 0x60, 0x18, 0xd9, 0xdc, 0xc8,
    0x20, 0x1c, 0x40, 0x13, 0x98, 0x4, 0xdd, 0x93,
    0x10, 0x9b, 0xed, 0x71, 0x7, 0x0, 0xd2, 0x1,
    0x3c, 0x88, 0x7, 0xc5, 0x1c, 0xf6, 0x1, 0x10,
    0x80, 0xa, 0x0, 0x3f, 0xf8, 0x10, 0x40, 0x13,
    0x80, 0x48, 0x1, 0xff, 0xc6, 0x10, 0x8, 0xc0,
    0x3f, 0xf8, 0xce, 0x1, 0x20, 0x7, 0xff, 0x18,
    0xc0, 0x21, 0xa0, 0xf, 0xfe, 0x33, 0x80, 0x4b,
    0xac, 0x1, 0xff, 0xc4, 0x83, 0x0, 0x8a, 0x7e,
    0xdc, 0xc0, 0x3f, 0xf8, 0x3a, 0x80, 0x1c, 0x91,
    0x9d, 0x4c, 0x20, 0x1f, 0xc3, 0x74, 0x40, 0x1e,
    0x15, 0x9e, 0xb4, 0x0, 0xfe, 0x5d, 0xc7, 0x30,
    0xf, 0x92, 0xec, 0x20, 0x1f, 0xc7, 0x19, 0xd4,
    0xc4, 0x1, 0xc9, 0x80, 0x1f, 0xfc, 0x1, 0x59,
    0xdd, 0x40, 0x80, 0x45, 0x40, 0x1f, 0xfc, 0x32,
    0x7e, 0x50, 0x9, 0x44, 0x3, 0xff, 0x8b, 0x44,
    0x1, 0x20, 0x7, 0xff, 0x19, 0x40, 0x22, 0x0,
    0xff, 0xe3, 0x78, 0x7, 0x9c, 0x40, 0x3f, 0xf8,
    0x58, 0x1, 0x10, 0x14, 0x7a, 0x80, 0x7f, 0xf0,
    0x15, 0x0, 0x24, 0x8, 0x1, 0xad, 0x72, 0x0,
    0xf8, 0x5e, 0x80, 0x26, 0x10, 0x60, 0x8, 0xa3,
    0x7a, 0xe6, 0x21, 0x39, 0xd0, 0x1, 0x14, 0x0,
    0x31, 0xc0, 0x38, 0x51, 0x9d, 0xcc, 0x60, 0x18,
    0xb0, 0x40, 0x28, 0xe6, 0x10, 0xf, 0xfe, 0x3,
    0xe8, 0x80, 0x70, 0xcf, 0x5b, 0xa1, 0x0, 0x42,
    0x6d, 0x5f, 0x0, 0x18,

    /* U+0406 "І" */
    0xaf, 0xf9, 0x40, 0x3f, 0xff, 0xe0, 0x1f, 0xff,
    0x50,

    /* U+0407 "Ї" */
    0xb, 0xfa, 0x0, 0xcb, 0xda, 0x6c, 0x80, 0xac,
    0x1, 0x50, 0x97, 0x8, 0x4, 0x20, 0x1, 0x0,
    0x8d, 0x84, 0x9, 0x80, 0x2, 0xc0, 0x8, 0x1e,
    0xdd, 0x8, 0x5, 0x3b, 0xcc, 0x0, 0x20, 0xf,
    0x10, 0x80, 0x7f, 0xf1, 0x73, 0xfe, 0x30, 0xf,
    0xff, 0xf8, 0x7, 0xff, 0xfc, 0x3, 0xff, 0xfe,
    0x1, 0xff, 0xff, 0x0, 0xff, 0xed, 0x80,

    /* U+0408 "Ј" */
    0x0, 0x9f, 0xff, 0xff, 0x83, 0x40, 0x1f, 0xfd,
    0xb3, 0x66, 0xfe, 0x40, 0xf, 0x92, 0x67, 0xfb,
    0x80, 0x3f, 0xff, 0xe0, 0x1f, 0xff, 0xf0, 0xf,
    0xff, 0xf8, 0x7, 0xff, 0xd8, 0xc0, 0x3f, 0xf8,
    0x24, 0x1, 0x8, 0x1, 0x58, 0x3, 0xfb, 0x0,
    0x2d, 0x3, 0xa9, 0x40, 0xf, 0x8d, 0x0, 0x24,
    0x1d, 0x0, 0x5c, 0x8, 0x6, 0x3d, 0x0, 0x90,
    0x44, 0xa0, 0x13, 0xf5, 0xcc, 0xb3, 0x2, 0x1,
    0x40, 0x2, 0xcc, 0x3, 0x23, 0x30, 0xc0, 0x34,
    0x18, 0x5, 0x90, 0x1, 0xfe, 0x97, 0x0, 0xe7,
    0xe8, 0x41, 0x0, 0xa, 0x47, 0xb0, 0x4,

    /* U+0409 "Љ" */
    0x0, 0xfa, 0x3f, 0xff, 0xf8, 0xee, 0x1, 0xff,
    0xfb, 0x10, 0xf, 0xff, 0x2b, 0x37, 0xff, 0x0,
    0x3, 0xff, 0xa4, 0x60, 0x1, 0x99, 0xff, 0xe0,
    0x0, 0x7f, 0xf5, 0x4c, 0x3, 0xff, 0xbc, 0x20,
    0x1f, 0xfe, 0x17, 0x0, 0x8, 0x7, 0xff, 0xfc,
    0x3, 0xff, 0x82, 0x20, 0x7, 0x0, 0xff, 0xf9,
    0x47, 0xff, 0xf7, 0x5c, 0x18, 0x7, 0xff, 0x0,
    0xc0, 0x2, 0x1, 0xff, 0xce, 0x14, 0x7c, 0xc1,
    0x0, 0x7f, 0x84, 0x0, 0x60, 0x1f, 0xfd, 0x23,
    0xd5, 0x0, 0xff, 0xe0, 0x8, 0x7, 0xff, 0x11,
    0x6e, 0xff, 0x4b, 0x8, 0x6, 0xa4, 0x0, 0xff,
    0xe8, 0x6a, 0x27, 0xe6, 0x9e, 0x90, 0xd, 0x20,
    0x1f, 0x10, 0x5, 0xe0, 0x1f, 0xfd, 0x6, 0xb0,
    0x8, 0x90, 0x3, 0xc2, 0x1, 0x10, 0x7, 0xff,
    0x45, 0x14, 0x2, 0xc0, 0xf, 0x30, 0x4, 0x20,
    0x1f, 0xfd, 0x2f, 0x0, 0x8c, 0x3, 0xc4, 0x1,
    0x30, 0x7, 0xff, 0x49, 0x80, 0x26, 0x0, 0xf6,
    0x80, 0x44, 0x1, 0xff, 0xd2, 0x10, 0xf, 0xf3,
    0x80, 0x8, 0x3, 0xff, 0xa6, 0x20, 0x10, 0x80,
    0x70, 0x90, 0x1, 0x80, 0x3f, 0xfa, 0x6a, 0x1,
    0x30, 0x7, 0x30, 0x5, 0x80, 0x1f, 0xfd, 0x3a,
    0x0, 0xb0, 0x3, 0xc, 0x80, 0x48, 0x1, 0xff,
    0xd2, 0x73, 0x0, 0x9c, 0x2, 0x2d, 0x10, 0x1,
    0x18, 0x7, 0xff, 0x46, 0x20, 0x1, 0x30, 0x9f,
    0x73, 0x4c, 0x2, 0xb0, 0xf, 0xfe, 0x36, 0xa2,
    0x7e, 0x69, 0xe7, 0x0, 0x8a, 0x1, 0xc4, 0x40,
    0x18, 0xd8, 0x3, 0xff, 0x8c, 0xb7, 0x7f, 0xa5,
    0x84, 0x2, 0x2c, 0x10, 0x20, 0xe, 0x2e, 0x0,
    0xff, 0xea, 0xb, 0xe8, 0x80, 0x4, 0x2, 0x27,
    0xd2, 0x0, 0xff, 0xe8, 0x9, 0xb5, 0x74, 0x0,
    0x60,

    /* U+040A "Њ" */
    0xaf, 0xf9, 0x40, 0x3f, 0xf8, 0x45, 0xff, 0x60,
    0x7, 0xff, 0xfc, 0x3, 0xff, 0xfe, 0x1, 0xff,
    0xff, 0x0, 0xff, 0xff, 0x80, 0x7f, 0xff, 0xc0,
    0x3f, 0xff, 0xe0, 0x1f, 0xfd, 0x6a, 0xff, 0xff,
    0xe1, 0x68, 0x4, 0x7f, 0xff, 0xdd, 0x92, 0x80,
    0x1f, 0xfd, 0xa1, 0x36, 0xbe, 0x40, 0xf, 0xfe,
    0xe0, 0xdc, 0x0, 0x79, 0x5d, 0xff, 0xf8, 0x4c,
    0x1, 0x16, 0xef, 0xec, 0x95, 0x0, 0xce, 0xa0,
    0x1d, 0xf1, 0x1f, 0xfc, 0x2b, 0x0, 0x84, 0x8b,
    0xf1, 0xb5, 0x69, 0x0, 0x56, 0x1, 0xff, 0xd8,
    0x2f, 0x0, 0x85, 0x40, 0x3f, 0xfb, 0x4, 0xc0,
    0x16, 0x0, 0x7f, 0xf6, 0x70, 0x2, 0x20, 0xf,
    0xfe, 0xc8, 0x80, 0x7f, 0xf7, 0x48, 0x2, 0x10,
    0xf, 0xfe, 0xce, 0x80, 0x44, 0x1, 0xff, 0xd8,
    0x44, 0x0, 0x56, 0x1, 0xff, 0xd7, 0x5b, 0x0,
    0x8c, 0xc0, 0x1f, 0xfc, 0xb1, 0x44, 0xfc, 0xb1,
    0xb4, 0x1, 0xb8, 0x3, 0xff, 0x98, 0x57, 0x7f,
    0xa9, 0xc8, 0x3, 0x61, 0x0, 0x7f, 0xf6, 0x93,
    0x8c, 0x3, 0xff, 0xae, 0x49, 0x1b, 0x62, 0x1,
    0x0,

    /* U+040B "Ћ" */
    0x8f, 0xff, 0xfe, 0x5a, 0x80, 0x7f, 0xfe, 0xf1,
    0x9b, 0xf8, 0x3, 0x33, 0x7f, 0xc0, 0x1f, 0x24,
    0xcf, 0xf0, 0x6, 0x99, 0xff, 0x18, 0x7, 0xff,
    0xfc, 0x3, 0xff, 0xfe, 0x1, 0xff, 0xf6, 0x14,
    0x79, 0xa9, 0x86, 0x20, 0xf, 0xfe, 0x41, 0x3e,
    0xf5, 0xc3, 0x2b, 0x3c, 0xee, 0x28, 0x7, 0xff,
    0x1b, 0x60, 0x80, 0x3f, 0x8e, 0xa8, 0x1, 0xff,
    0xd3, 0x5a, 0x0, 0xff, 0xe3, 0x13, 0xd6, 0xff,
    0xba, 0x90, 0x3, 0x2b, 0x0, 0x7f, 0xf0, 0xd7,
    0x36, 0x14, 0x80, 0x2, 0xb7, 0x40, 0x1a, 0x0,
    0x3f, 0xf8, 0x74, 0x60, 0x1f, 0xcb, 0x40, 0x10,
    0x98, 0x7, 0xff, 0x39, 0x4c, 0x2, 0x40, 0xf,
    0xfe, 0x7d, 0x80, 0x5c, 0x1, 0xff, 0xcf, 0x20,
    0x8, 0xc0, 0x3f, 0xf9, 0xec, 0x1, 0x8, 0x7,
    0xff, 0xfc, 0x3, 0xff, 0xfe, 0x1, 0xff, 0xfe,

    /* U+040C "Ќ" */
    0x0, 0xff, 0xe0, 0x1c, 0x46, 0x30, 0xf, 0xfe,
    0x29, 0xe3, 0xbd, 0xe6, 0x1, 0xff, 0xc4, 0x3c,
    0x0, 0xad, 0xc0, 0x3f, 0xf8, 0x87, 0x80, 0x2,
    0xd4, 0x0, 0xff, 0xe2, 0x1e, 0x0, 0x13, 0x8,
    0x3, 0xff, 0x88, 0x78, 0x0, 0x7b, 0x10, 0xf,
    0xfe, 0x29, 0xff, 0xd0, 0x1, 0xff, 0xd8, 0xaf,
    0xf9, 0x0, 0x3f, 0xf8, 0x2b, 0xff, 0x70, 0x7,
    0xff, 0x18, 0x6c, 0x2, 0xd0, 0xf, 0xfe, 0x35,
    0x88, 0x1, 0xcc, 0x3, 0xff, 0x8a, 0xaa, 0x0,
    0x14, 0x0, 0x7f, 0xf1, 0x46, 0xc0, 0x2f, 0x0,
    0xff, 0xe3, 0x50, 0x80, 0x20, 0x80, 0x3f, 0xf8,
    0xac, 0x80, 0x3, 0x70, 0xf, 0xfe, 0x28, 0xc8,
    0x5, 0xc0, 0x1f, 0xfc, 0x6a, 0x0, 0xa4, 0x80,
    0x3f, 0xf8, 0xac, 0x80, 0x4, 0x60, 0xf, 0xfe,
    0x29, 0x48, 0x0, 0x68, 0x3, 0xff, 0x8d, 0x20,
    0x15, 0x88, 0x7, 0xff, 0x15, 0x90, 0x0, 0xca,
    0x1, 0xff, 0xc0, 0xbf, 0xfe, 0x90, 0x1, 0x48,
    0x7, 0xff, 0x2a, 0x80, 0x3f, 0xf9, 0x72, 0x20,
    0x1f, 0xfc, 0x14, 0x55, 0xe1, 0x0, 0xe, 0x80,
    0x7f, 0xf0, 0x7e, 0xab, 0xb4, 0x2, 0x37, 0x0,
    0xff, 0xe3, 0x1b, 0x80, 0x50, 0x60, 0x1f, 0xfc,
    0x68, 0x30, 0xb, 0x80, 0x3f, 0xf8, 0xfa, 0x20,
    0x2, 0xa0, 0xf, 0xfe, 0x30, 0xd0, 0x4, 0xaa,
    0x0, 0xff, 0xe3, 0x23, 0x0, 0x54, 0x40, 0x1f,
    0xfc, 0x69, 0x30, 0xb, 0x80, 0x3f, 0xf8, 0xfc,
    0x1, 0x1c, 0x0, 0x7f, 0xf1, 0x8a, 0x80, 0x27,
    0x40, 0xf, 0xfe, 0x32, 0xa8, 0x2, 0xa1, 0x0,
    0xff, 0xe3, 0x51, 0x0, 0x6, 0xc0, 0x3f, 0xf8,
    0xfc, 0x1, 0x2b, 0x0,

    /* U+040D "Ѝ" */
    0x0, 0xe4, 0x88, 0x9c, 0x40, 0x3f, 0xf8, 0xe8,
    0x4e, 0xe8, 0xc1, 0x0, 0xff, 0xe3, 0xd4, 0x0,
    0xb, 0x4, 0x3, 0xff, 0x8e, 0xf6, 0x0, 0x2c,
    0x10, 0xf, 0xfe, 0x3a, 0x69, 0x1, 0x60, 0x80,
    0x7f, 0xf1, 0xcb, 0x10, 0xb, 0x4, 0x3, 0xff,
    0x8e, 0x37, 0xfe, 0xd1, 0x0, 0xff, 0xeb, 0x57,
    0xfc, 0xa0, 0x1f, 0xfc, 0x37, 0xff, 0xa4, 0x3,
    0xff, 0x8e, 0x70, 0x1, 0xff, 0xca, 0x1d, 0x0,
    0xff, 0xe5, 0xd0, 0x80, 0x7f, 0xf2, 0x9d, 0x0,
    0x3f, 0xf9, 0x47, 0x0, 0x1f, 0xfc, 0xa1, 0xe0,
    0xf, 0xfe, 0x5d, 0x90, 0x0, 0x60, 0x3, 0xff,
    0x8c, 0xca, 0x1, 0x51, 0x0, 0x7f, 0xf1, 0x4a,
    0x40, 0x27, 0x40, 0xf, 0xfe, 0x37, 0x80, 0x47,
    0x0, 0x1f, 0xfc, 0x6a, 0x20, 0x0, 0xe8, 0x7,
    0xff, 0x19, 0x94, 0x2, 0xa1, 0x0, 0xff, 0xe2,
    0x94, 0x80, 0x4c, 0x80, 0x1f, 0xfc, 0x6f, 0x0,
    0x8e, 0x40, 0x3f, 0xf8, 0xd2, 0x40, 0x17, 0x0,
    0x7f, 0xf1, 0x95, 0x80, 0x2a, 0x20, 0xf, 0xfe,
    0x29, 0x50, 0x4, 0xca, 0x1, 0xff, 0xc6, 0xe0,
    0x8, 0xa4, 0x3, 0xff, 0x8d, 0x6, 0x1, 0x78,
    0x7, 0xff, 0x19, 0x1c, 0x2, 0xa2, 0x0, 0xff,
    0xe2, 0x9d, 0x0, 0x4c, 0xa0, 0x1f, 0xfc, 0x69,
    0x10, 0x1, 0x48, 0x7, 0xff, 0x2f, 0xc0, 0x3f,
    0xf9, 0x72, 0x40, 0x1f, 0xfc, 0xa5, 0x60, 0xf,
    0xfe, 0x51, 0x50, 0x7, 0xff, 0x2f, 0x80, 0x3f,
    0xf9, 0x72, 0x60, 0x1f, 0xfc, 0x70,

    /* U+040E "Ў" */
    0x0, 0xf0, 0xc4, 0x10, 0x3, 0xe3, 0x88, 0x18,
    0x7, 0xff, 0x4, 0xdd, 0xd0, 0x1, 0xf5, 0x3b,
    0x94, 0x3, 0xff, 0x82, 0x42, 0x6, 0xa0, 0x1c,
    0x6c, 0x0, 0x40, 0xf, 0xfe, 0x14, 0x0, 0x2a,
    0xd9, 0x16, 0x70, 0x0, 0xc4, 0x1, 0xff, 0xc2,
    0x68, 0x0, 0x24, 0xdd, 0x30, 0x1, 0x64, 0x3,
    0xff, 0x88, 0xfa, 0xe6, 0x20, 0x2, 0x6b, 0xa0,
    0xf, 0xfe, 0x31, 0x46, 0x77, 0xfb, 0x65, 0x0,
    0x3f, 0xfb, 0x45, 0xff, 0x88, 0x3, 0xff, 0x8b,
    0xdf, 0xf0, 0x93, 0x0, 0x50, 0x1, 0xff, 0xc4,
    0x71, 0x0, 0x40, 0x84, 0x0, 0x4a, 0x40, 0x1f,
    0xfc, 0x39, 0x0, 0xb, 0x80, 0x5, 0xc0, 0x28,
    0x0, 0xff, 0xe1, 0x38, 0x80, 0x24, 0x3, 0x48,
    0x4, 0xa4, 0x1, 0xff, 0xc1, 0x90, 0x0, 0xb8,
    0x6, 0x17, 0x0, 0xa0, 0x3, 0xff, 0x80, 0xe2,
    0x0, 0x80, 0xf, 0x48, 0x80, 0x14, 0x80, 0x3f,
    0xc3, 0x0, 0x2, 0x60, 0xf, 0xc, 0x80, 0x50,
    0x1, 0xfe, 0x90, 0xa, 0x0, 0x3f, 0x38, 0x80,
    0x14, 0x80, 0x3f, 0xb, 0x80, 0xd, 0x40, 0x3f,
    0xa4, 0x2, 0x80, 0xf, 0xd2, 0x1, 0x40, 0x7,
    0xf9, 0xc4, 0x0, 0xa4, 0x1, 0xe1, 0x70, 0x1,
    0xa0, 0x7, 0xfd, 0x0, 0x14, 0x0, 0x7a, 0x40,
    0x2f, 0x0, 0xff, 0xe0, 0x30, 0x80, 0x14, 0x80,
    0x30, 0xb8, 0x1, 0xc, 0x3, 0xff, 0x83, 0x0,
    0x14, 0x0, 0x68, 0x0, 0xa0, 0x3, 0xff, 0x84,
    0xc4, 0x0, 0x52, 0x0, 0xb, 0x0, 0x14, 0xc0,
    0x3f, 0xf8, 0x70, 0x1, 0x40, 0x2, 0x0, 0x28,
    0x0, 0xff, 0xe2, 0x29, 0x0, 0x14, 0x88, 0xc0,
    0x6, 0x20, 0xf, 0xfe, 0x2c, 0x0, 0x51, 0x60,
    0x14, 0x0, 0x7f, 0xf1, 0x94, 0xc0, 0xa, 0xc0,
    0x6, 0x10, 0xf, 0xfe, 0x3c, 0x0, 0x7a, 0x0,
    0x3f, 0xf9, 0x8, 0x60, 0x19, 0xc4, 0x3, 0xff,
    0x93, 0x0, 0x10, 0xc0, 0x7, 0xff, 0x2b, 0x0,
    0x29, 0x0, 0xff, 0xe5, 0x1b, 0x80, 0x5, 0xc0,
    0x3f, 0xf9, 0x25, 0xa0, 0x15, 0x80, 0x7f, 0xf1,
    0x69, 0xd5, 0x53, 0xa2, 0x0, 0x45, 0x0, 0xff,
    0xe2, 0x12, 0xc5, 0x51, 0x80, 0x22, 0xb0, 0xf,
    0xfe, 0x2a, 0x80, 0x7c, 0x78, 0x1, 0xff, 0xc6,
    0x11, 0x0, 0x62, 0x9c, 0x10, 0xf, 0xfe, 0x33,
    0x76, 0xdd, 0xbb, 0x58, 0x3, 0xff, 0x8a,

    /* U+040F "Џ" */
    0xaf, 0xf9, 0x40, 0x3f, 0xf8, 0x43, 0xff, 0x70,
    0x7, 0xff, 0xfc, 0x3, 0xff, 0xfe, 0x1, 0xff,
    0xff, 0x0, 0xff, 0xff, 0x80, 0x7f, 0xff, 0xc0,
    0x3f, 0xff, 0xe0, 0x1f, 0xff, 0xf0, 0xf, 0xff,
    0x5f, 0x4c, 0xff, 0xf0, 0xa0, 0x3, 0xf2, 0x33,
    0x7f, 0xf0, 0xc0, 0x3f, 0xfd, 0x15, 0xff, 0xfc,
    0x80, 0x17, 0xff, 0xf7, 0x0, 0x7f, 0xff, 0xc0,
    0x3f, 0xfd, 0x7c, 0xee, 0x80, 0xf, 0xf0,

    /* U+0410 "А" */
    0x0, 0xff, 0xe0, 0xf, 0xfe, 0x50, 0xf, 0xfe,
    0x64, 0x80, 0x69, 0x0, 0xff, 0xe6, 0x30, 0x6,
    0x33, 0x0, 0x7f, 0xf2, 0x98, 0x40, 0x3a, 0x40,
    0x3f, 0xf9, 0x54, 0x1, 0x10, 0x1, 0x44, 0x3,
    0xff, 0x90, 0x86, 0x0, 0x68, 0x0, 0xa4, 0x3,
    0xff, 0x91, 0xe0, 0x15, 0x28, 0x80, 0x18, 0x3,
    0xff, 0x8e, 0x48, 0x0, 0x33, 0x3, 0x0, 0x5,
    0x80, 0x3f, 0xf8, 0xd4, 0x1, 0x48, 0x2, 0x40,
    0x2b, 0x0, 0xff, 0xe3, 0x38, 0x0, 0x54, 0x0,
    0x28, 0x0, 0x24, 0x0, 0xff, 0xe2, 0x30, 0x4,
    0xc0, 0x1b, 0xc0, 0x2f, 0x0, 0xff, 0xe2, 0x58,
    0x5, 0x20, 0x19, 0x8, 0x0, 0x84, 0x1, 0xff,
    0xc2, 0x42, 0x0, 0x28, 0x80, 0x75, 0x0, 0x56,
    0x1, 0xff, 0xc2, 0xf0, 0xb, 0x80, 0x3c, 0xc0,
    0x13, 0x8, 0x7, 0xff, 0x0, 0x90, 0x0, 0x48,
    0x1, 0xe1, 0x60, 0x9, 0x80, 0x3f, 0xf8, 0x16,
    0x1, 0x58, 0x7, 0xeb, 0x0, 0xa4, 0x3, 0xfe,
    0x16, 0x0, 0x98, 0x3, 0xf1, 0x18, 0x0, 0x54,
    0x3, 0xfc, 0xc0, 0x13, 0x0, 0x7f, 0xa4, 0x2,
    0x90, 0xf, 0xf4, 0x80, 0x5c, 0x89, 0xfe, 0x0,
    0xc6, 0x60, 0xf, 0xca, 0x20, 0x14, 0x5d, 0xff,
    0xa8, 0x3, 0x48, 0x7, 0xe9, 0x0, 0xff, 0xe4,
    0x29, 0x0, 0x78, 0xcc, 0x1, 0xff, 0xc9, 0xa0,
    0xf, 0x48, 0x5, 0x1f, 0xff, 0xfc, 0x2c, 0x0,
    0x9c, 0x3, 0x89, 0x40, 0x26, 0x0, 0xff, 0xe1,
    0x19, 0x80, 0x26, 0x0, 0xd4, 0x1, 0x30, 0x80,
    0x7f, 0xf0, 0xe4, 0x2, 0xb0, 0xc, 0xe0, 0x15,
    0x80, 0x7f, 0xf1, 0x14, 0x40, 0x4, 0x80, 0x6,
    0x0, 0x90, 0x80, 0x3f, 0xf8, 0xb2, 0x1, 0x78,
    0x2, 0xc0, 0x2f, 0x0, 0xff, 0xe3, 0x30, 0x4,
    0x84, 0x84, 0x0, 0x24, 0x0, 0xff, 0xe3, 0xb,
    0x0, 0x56,

    /* U+0411 "Б" */
    0xaf, 0xff, 0xfe, 0x43, 0x80, 0x7f, 0xfa, 0x95,
    0xdf, 0xff, 0x88, 0x80, 0x1e, 0xf8, 0x8f, 0xfe,
    0x21, 0x80, 0x7f, 0xff, 0xc0, 0x3f, 0xff, 0xe0,
    0x1f, 0xfc, 0xca, 0xff, 0xfe, 0xed, 0xa6, 0x10,
    0xf, 0xfe, 0x38, 0x92, 0xcf, 0x48, 0x7, 0xff,
    0x2d, 0xb4, 0x40, 0x3d, 0x17, 0x7f, 0xaa, 0x14,
    0x3, 0x16, 0x0, 0x78, 0x91, 0x3f, 0x2b, 0xd7,
    0x30, 0x4, 0x4e, 0x1, 0xff, 0xc5, 0x19, 0x50,
    0xa, 0xc0, 0x3f, 0xf8, 0xf6, 0x1, 0x18, 0x80,
    0x7f, 0xf1, 0x84, 0x80, 0x23, 0x0, 0xff, 0xe3,
    0x88, 0x4, 0x20, 0x1f, 0xfc, 0x71, 0x0, 0x88,
    0x3, 0xff, 0x8c, 0x44, 0x0, 0x84, 0x3, 0xff,
    0x8d, 0x0, 0x12, 0x80, 0x7f, 0xf1, 0x46, 0x94,
    0x2, 0x90, 0xe, 0x24, 0x4f, 0xca, 0xf5, 0xca,
    0x1, 0x31, 0x80, 0x74, 0x5d, 0xfe, 0xa8, 0x50,
    0xc, 0xd2, 0x1, 0xff, 0xc8, 0x2a, 0x90, 0xf,
    0xfe, 0x28, 0xa3, 0xe6, 0xa8, 0x6,

    /* U+0412 "В" */
    0xaf, 0xff, 0xfe, 0xe, 0xdb, 0x90, 0x7, 0xff,
    0x20, 0x92, 0x36, 0xc8, 0x3, 0xff, 0x94, 0x98,
    0x60, 0x1f, 0x45, 0xdf, 0xea, 0x72, 0x0, 0x87,
    0x44, 0x3, 0xc4, 0x89, 0xf9, 0x63, 0x60, 0x2,
    0x19, 0x0, 0xff, 0xe3, 0x3b, 0x80, 0x26, 0x0,
    0xff, 0xe3, 0xc8, 0x4, 0x20, 0x1f, 0xfc, 0x71,
    0x10, 0x4, 0x40, 0x1f, 0xfc, 0xb3, 0x0, 0xff,
    0xe3, 0x8, 0x80, 0x2, 0x20, 0xf, 0xfe, 0x33,
    0x0, 0x4e, 0x1, 0xff, 0xc6, 0x58, 0x0, 0xc,
    0x0, 0x78, 0xc8, 0xbf, 0x1b, 0x5d, 0x0, 0x7,
    0x4, 0x3, 0xd3, 0xbb, 0xfb, 0x25, 0x0, 0xb,
    0xe4, 0x1, 0xff, 0xc9, 0x14, 0x0, 0xff, 0xe5,
    0x25, 0x61, 0x0, 0x7a, 0xbf, 0xff, 0xbb, 0x1c,
    0x40, 0x7, 0x82, 0x1, 0xff, 0xc3, 0x13, 0x8e,
    0x40, 0x0, 0xd0, 0x7, 0xff, 0x1e, 0x84, 0x0,
    0x84, 0x1, 0xff, 0xc6, 0x14, 0x0, 0x90, 0x3,
    0xff, 0x8e, 0x40, 0x17, 0x0, 0x7f, 0xf7, 0xcc,
    0x2, 0xe0, 0xf, 0xfe, 0x31, 0xa0, 0x4, 0xa0,
    0x1f, 0xfc, 0x53, 0xd0, 0x8, 0x8c, 0x3, 0x12,
    0x27, 0xf2, 0xbe, 0x60, 0x40, 0x29, 0x0, 0xe8,
    0xbb, 0xfe, 0xa8, 0x30, 0xd, 0x48, 0x1, 0xff,
    0xc8, 0x3c, 0x50, 0xf, 0xfe, 0x20, 0x92, 0x3e,
    0xe1, 0x80, 0x40,

    /* U+0413 "Г" */
    0xaf, 0xff, 0xfe, 0x2d, 0x80, 0x7f, 0xf7, 0x91,
    0x9b, 0xff, 0x83, 0xa0, 0x1b, 0xe6, 0x7f, 0xf8,
    0x2c, 0x1, 0xff, 0xff, 0x0, 0xff, 0xff, 0x80,
    0x7f, 0xff, 0xc0, 0x3f, 0xff, 0xe0, 0x1f, 0xff,
    0xf0, 0xf, 0xff, 0xf8, 0x7, 0x80,

    /* U+0414 "Д" */
    0x0, 0xfb, 0x3f, 0xff, 0xf8, 0xdc, 0x1, 0xff,
    0xc0, 0x10, 0xf, 0xff, 0xb1, 0x33, 0x7f, 0xf0,
    0x0, 0x3f, 0xf8, 0x86, 0x0, 0x79, 0x9f, 0xfe,
    0x0, 0x7, 0xff, 0x1c, 0xc0, 0x3f, 0xfa, 0x2,
    0x1, 0xff, 0xd6, 0x10, 0xf, 0xff, 0x9f, 0x80,
    0x7f, 0xf3, 0xc4, 0x3, 0xff, 0xa6, 0x60, 0x10,
    0x80, 0x7f, 0xf3, 0xc4, 0x2, 0x30, 0xf, 0xfe,
    0x7b, 0x80, 0x42, 0x1, 0xff, 0xcf, 0x10, 0x9,
    0xc0, 0x3f, 0xf9, 0xe6, 0x1, 0x10, 0x7, 0xff,
    0x3f, 0x80, 0x21, 0x0, 0xff, 0xe7, 0x90, 0x0,
    0x40, 0x3f, 0xfa, 0xe, 0x0, 0x50, 0xf, 0xfe,
    0x81, 0x0, 0x8, 0x3, 0xff, 0x9e, 0x60, 0x16,
    0x0, 0x7f, 0xf3, 0xec, 0x2, 0x70, 0xf, 0xfe,
    0x7a, 0x80, 0x8, 0x80, 0x1f, 0xfc, 0xe6, 0x20,
    0x5, 0x0, 0x7f, 0xf3, 0x8e, 0x0, 0x4, 0xe0,
    0x1f, 0xfc, 0xb4, 0xab, 0xc1, 0x0, 0x35, 0x57,
    0xff, 0xc, 0x2, 0x1a, 0xac, 0x6, 0xa8, 0x1,
    0x91, 0x57, 0xff, 0x86, 0x1, 0x95, 0x70, 0x7,
    0xff, 0xe6, 0xff, 0xff, 0xf9, 0x48, 0x1, 0xff,
    0xff, 0x0, 0xff, 0xe8, 0xb8, 0x7, 0xff, 0xbd,
    0x6e, 0xe2, 0x0, 0xff, 0xe5, 0x45, 0xdc, 0x0,

    /* U+0415 "Е" */
    0xaf, 0xff, 0xfe, 0x39, 0x0, 0x7f, 0xf8, 0x91,
    0x9b, 0xff, 0x86, 0x60, 0x1b, 0xa6, 0x7f, 0xf8,
    0x62, 0x1, 0xff, 0xff, 0x0, 0xff, 0xff, 0x87,
    0xbb, 0xff, 0xf0, 0x4c, 0x3, 0xcb, 0x11, 0xff,
    0xc1, 0x50, 0xf, 0xff, 0x25, 0x7f, 0xff, 0xf0,
    0x58, 0x3, 0xff, 0xfe, 0x1, 0xff, 0xff, 0x0,
    0xff, 0xe6, 0x74, 0xcf, 0xff, 0xd, 0x80, 0x32,
    0x33, 0x7f, 0xf0, 0xf4, 0x3, 0xff, 0xbc,

    /* U+0416 "Ж" */
    0x4, 0xff, 0xb8, 0x40, 0x3f, 0xe5, 0xff, 0xa4,
    0x3, 0xff, 0x81, 0xbf, 0xf3, 0x0, 0x11, 0x40,
    0x3, 0x0, 0x1f, 0xfc, 0xf6, 0x20, 0x1, 0xb0,
    0x5, 0x60, 0x13, 0x10, 0x7, 0xff, 0x34, 0x60,
    0x2, 0xf0, 0xc, 0x30, 0x1, 0x48, 0x7, 0xff,
    0x36, 0x4, 0x0, 0xa6, 0x1, 0xce, 0x40, 0x4,
    0x40, 0x7, 0xff, 0x2c, 0x98, 0x2, 0xb0, 0xf,
    0xa4, 0x2, 0x90, 0xf, 0xfe, 0x5c, 0x80, 0x50,
    0x20, 0x1f, 0x22, 0x80, 0x9, 0xc0, 0x3f, 0xf9,
    0x2a, 0x80, 0x2, 0x70, 0xf, 0xeb, 0x0, 0xa0,
    0x40, 0x3f, 0xf9, 0x10, 0x1, 0x70, 0x7, 0xf8,
    0x60, 0x2, 0x80, 0xf, 0xfe, 0x3b, 0x90, 0x1,
    0x4c, 0x3, 0xfe, 0x72, 0x0, 0x31, 0x80, 0x7f,
    0xf1, 0x46, 0x0, 0x2b, 0x0, 0xff, 0xe0, 0xc8,
    0x5, 0xe0, 0x1f, 0xfc, 0x5b, 0x0, 0xa0, 0x40,
    0x3f, 0xf8, 0x28, 0xa0, 0x3, 0x50, 0xf, 0xfe,
    0x19, 0xa8, 0x0, 0x9c, 0x3, 0xff, 0x87, 0x0,
    0x15, 0x80, 0x7f, 0xf0, 0xfc, 0x2, 0x90, 0xf,
    0xfe, 0x21, 0x40, 0x0, 0x7f, 0xfa, 0x80, 0x26,
    0xff, 0xe3, 0x0, 0x2a, 0x0, 0x7f, 0xf1, 0x54,
    0x3, 0xff, 0x93, 0xe0, 0x1f, 0xfc, 0x69, 0x0,
    0xff, 0xe4, 0xc0, 0x7, 0xff, 0x15, 0x90, 0x2,
    0x55, 0xe3, 0x0, 0x89, 0x57, 0x80, 0x22, 0x80,
    0xf, 0xfe, 0x18, 0xc0, 0x4, 0x95, 0x5d, 0x20,
    0x12, 0x55, 0x73, 0x0, 0x4e, 0x40, 0x1f, 0xfc,
    0x2b, 0x10, 0xa, 0x40, 0x3f, 0xf8, 0x72, 0x20,
    0x17, 0x0, 0x7f, 0xf0, 0x51, 0x40, 0x28, 0x20,
    0xf, 0xfe, 0x25, 0x0, 0x46, 0xc0, 0x1f, 0xfc,
    0x9, 0x0, 0x8d, 0xc0, 0x3f, 0xf8, 0xa8, 0xa0,
    0x14, 0x8, 0x7, 0xfa, 0x8, 0x2, 0xf0, 0xf,
    0xfe, 0x3d, 0x80, 0x43, 0x60, 0x1f, 0xc4, 0xe0,
    0x13, 0x98, 0x7, 0xff, 0x1c, 0x64, 0x2, 0x54,
    0x0, 0xfd, 0xc0, 0x10, 0xc0, 0x7, 0xff, 0x25,
    0x8c, 0x2, 0xa0, 0xf, 0x98, 0xc0, 0x2a, 0x0,
    0xff, 0xe5, 0xf0, 0x4, 0x32, 0x1, 0xc3, 0x20,
    0x12, 0xa0, 0x7, 0xff, 0x2c, 0x9c, 0x2, 0x63,
    0x0, 0xd6, 0x1, 0xd, 0x80, 0x7f, 0xf3, 0x60,
    0x80, 0x2f, 0x0, 0x91, 0x40, 0x28, 0x10, 0xf,
    0xfe, 0x77, 0x0, 0x46, 0xe0, 0xa, 0x0, 0x8d,
    0x80, 0x3f, 0xf9, 0xe6, 0xc0, 0x14, 0x10,

    /* U+0417 "З" */
    0x0, 0xe2, 0x7a, 0xce, 0xff, 0x76, 0xd3, 0x10,
    0x7, 0xf0, 0xc6, 0xea, 0x14, 0xc4, 0x0, 0x24,
    0xb3, 0xb6, 0x60, 0x1e, 0x5e, 0x72, 0x0, 0xff,
    0xe0, 0x26, 0x30, 0x7, 0x30, 0x7, 0x8d, 0x59,
    0xd8, 0xc0, 0x3a, 0x5c, 0x3, 0x19, 0x1, 0xc6,
    0xfe, 0x54, 0xc4, 0xe7, 0xc8, 0x80, 0x50, 0x40,
    0x1a, 0x33, 0xe, 0x40, 0x1f, 0x9b, 0x0, 0x35,
    0x0, 0x65, 0x30, 0xf, 0xfe, 0x1, 0x40, 0x4,
    0x80, 0x1f, 0xfc, 0x74, 0x0, 0x84, 0x3, 0xff,
    0x96, 0xc0, 0x1f, 0xfc, 0x74, 0x0, 0x8c, 0x3,
    0xff, 0x8c, 0x52, 0x1, 0x50, 0x7, 0xff, 0xc,
    0x52, 0x74, 0x40, 0xe, 0x40, 0x1f, 0x27, 0xff,
    0xdd, 0x6c, 0x1, 0x34, 0x0, 0x7f, 0xf2, 0x5e,
    0x40, 0x3f, 0xf9, 0x4f, 0x62, 0x1, 0xf9, 0x6a,
    0xbe, 0x97, 0x30, 0x9, 0x3c, 0x80, 0x3e, 0x15,
    0x5f, 0x9a, 0x33, 0x6, 0x0, 0x1f, 0x0, 0xff,
    0xe3, 0x1e, 0x18, 0x0, 0x9c, 0x3, 0xff, 0x8f,
    0x0, 0x15, 0x80, 0x7f, 0xf1, 0xd0, 0x2, 0x30,
    0xf, 0xfe, 0xf9, 0x0, 0x79, 0x0, 0x3f, 0xf8,
    0x94, 0x1, 0x18, 0xd, 0xe1, 0x80, 0x7f, 0xf0,
    0x55, 0xc0, 0x2a, 0x6, 0x3, 0xcc, 0x28, 0x80,
    0x7e, 0x29, 0xa0, 0x8, 0x98, 0x2c, 0x2, 0x3a,
    0xee, 0x5d, 0x4c, 0x4d, 0xf6, 0xb0, 0x6, 0xe0,
    0x6, 0xa0, 0x7, 0xa, 0x2b, 0x3b, 0x20, 0x80,
    0x62, 0xc3, 0x0, 0xd, 0xe2, 0x0, 0x7f, 0xf0,
    0x46, 0x34, 0xc0, 0x38, 0xef, 0xad, 0xd0, 0x84,
    0x2, 0x24, 0x7b, 0xe7, 0x0, 0xe0,

    /* U+0418 "И" */
    0xaf, 0xf9, 0x40, 0x3f, 0xf8, 0x6f, 0xff, 0x48,
    0x7, 0xff, 0x1c, 0xe0, 0x3, 0xff, 0x94, 0x3a,
    0x1, 0xff, 0xcb, 0xa1, 0x0, 0xff, 0xe5, 0x3a,
    0x0, 0x7f, 0xf2, 0x8e, 0x0, 0x3f, 0xf9, 0x43,
    0xc0, 0x1f, 0xfc, 0xbb, 0x20, 0x0, 0xc0, 0x7,
    0xff, 0x19, 0x94, 0x2, 0xa2, 0x0, 0xff, 0xe2,
    0x94, 0x80, 0x4e, 0x80, 0x1f, 0xfc, 0x6f, 0x0,
    0x8e, 0x0, 0x3f, 0xf8, 0xd4, 0x40, 0x1, 0xd0,
    0xf, 0xfe, 0x33, 0x28, 0x5, 0x42, 0x1, 0xff,
    0xc5, 0x29, 0x0, 0x99, 0x0, 0x3f, 0xf8, 0xde,
    0x1, 0x1c, 0x80, 0x7f, 0xf1, 0xa4, 0x80, 0x2e,
    0x0, 0xff, 0xe3, 0x2b, 0x0, 0x54, 0x40, 0x1f,
    0xfc, 0x52, 0xa0, 0x9, 0x94, 0x3, 0xff, 0x8d,
    0xc0, 0x11, 0x48, 0x7, 0xff, 0x1a, 0xc, 0x2,
    0xf0, 0xf, 0xfe, 0x32, 0x38, 0x5, 0x44, 0x1,
    0xff, 0xc5, 0x3a, 0x0, 0x99, 0x40, 0x3f, 0xf8,
    0xd2, 0x20, 0x2, 0x90, 0xf, 0xfe, 0x5f, 0x80,
    0x7f, 0xf2, 0xe4, 0x80, 0x3f, 0xf9, 0x4a, 0xc0,
    0x1f, 0xfc, 0xa2, 0xa0, 0xf, 0xfe, 0x5f, 0x0,
    0x7f, 0xf2, 0xe4, 0xc0, 0x3f, 0xf8, 0xe0,

    /* U+0419 "Й" */
    0x0, 0xe3, 0x88, 0x18, 0x7, 0xc9, 0x10, 0x10,
    0xf, 0xf2, 0xbb, 0xac, 0x3, 0xe8, 0x77, 0x18,
    0x7, 0xf9, 0x0, 0xc, 0x20, 0x1c, 0x86, 0x2,
    0x40, 0x1f, 0xe2, 0x40, 0x1c, 0x51, 0x2, 0x7b,
    0x0, 0x48, 0x7, 0xff, 0x2, 0x88, 0xa, 0xbb,
    0xf6, 0x0, 0xa, 0xe0, 0x1f, 0xfc, 0x1, 0xd8,
    0x20, 0xe, 0x3a, 0xa0, 0x7, 0xff, 0xd, 0xf7,
    0xb3, 0x1b, 0xf8, 0xa0, 0x1f, 0xfc, 0x61, 0x33,
    0x10, 0x7, 0xfd, 0x5f, 0xf2, 0x80, 0x7f, 0xf0,
    0xdf, 0xfe, 0x90, 0xf, 0xfe, 0x39, 0xc0, 0x7,
    0xff, 0x28, 0x74, 0x3, 0xff, 0x97, 0x42, 0x1,
    0xff, 0xca, 0x74, 0x0, 0xff, 0xe5, 0x1c, 0x0,
    0x7f, 0xf2, 0x87, 0x80, 0x3f, 0xf9, 0x76, 0x40,
    0x1, 0x80, 0xf, 0xfe, 0x33, 0x28, 0x5, 0x44,
    0x1, 0xff, 0xc5, 0x29, 0x0, 0x9d, 0x0, 0x3f,
    0xf8, 0xde, 0x1, 0x1c, 0x0, 0x7f, 0xf1, 0xa8,
    0x80, 0x3, 0xa0, 0x1f, 0xfc, 0x66, 0x50, 0xa,
    0x84, 0x3, 0xff, 0x8a, 0x52, 0x1, 0x32, 0x0,
    0x7f, 0xf1, 0xbc, 0x2, 0x39, 0x0, 0xff, 0xe3,
    0x49, 0x0, 0x5c, 0x1, 0xff, 0xc6, 0x56, 0x0,
    0xa8, 0x80, 0x3f, 0xf8, 0xa5, 0x40, 0x13, 0x28,
    0x7, 0xff, 0x1b, 0x80, 0x22, 0x90, 0xf, 0xfe,
    0x34, 0x18, 0x5, 0xe0, 0x1f, 0xfc, 0x64, 0x70,
    0xa, 0x88, 0x3, 0xff, 0x8a, 0x74, 0x1, 0x32,
    0x80, 0x7f, 0xf1, 0xa4, 0x40, 0x5, 0x20, 0x1f,
    0xfc, 0xbf, 0x0, 0xff, 0xe5, 0xc9, 0x0, 0x7f,
    0xf2, 0x95, 0x80, 0x3f, 0xf9, 0x45, 0x40, 0x1f,
    0xfc, 0xbe, 0x0, 0xff, 0xe5, 0xc9, 0x80, 0x7f,
    0xf1, 0xc0,

    /* U+041A "К" */
    0xaf, 0xf9, 0x0, 0x3f, 0xf8, 0x2b, 0xff, 0x70,
    0x7, 0xff, 0x18, 0x6c, 0x2, 0xd0, 0xf, 0xfe,
    0x35, 0x88, 0x1, 0xcc, 0x3, 0xff, 0x8a, 0xaa,
    0x0, 0x14, 0x0, 0x7f, 0xf1, 0x46, 0xc0, 0x2f,
    0x0, 0xff, 0xe3, 0x50, 0x80, 0x20, 0x80, 0x3f,
    0xf8, 0xac, 0x80, 0x3, 0x70, 0xf, 0xfe, 0x28,
    0xc8, 0x5, 0xc0, 0x1f, 0xfc, 0x6a, 0x0, 0xa4,
    0x80, 0x3f, 0xf8, 0xac, 0x80, 0x4, 0x60, 0xf,
    0xfe, 0x29, 0x48, 0x0, 0x68, 0x3, 0xff, 0x8d,
    0x20, 0x15, 0x88, 0x7, 0xff, 0x15, 0x90, 0x0,
    0xca, 0x1, 0xff, 0xc0, 0xbf, 0xfe, 0x90, 0x1,
    0x48, 0x7, 0xff, 0x2a, 0x80, 0x3f, 0xf9, 0x72,
    0x20, 0x1f, 0xfc, 0x14, 0x55, 0xe1, 0x0, 0xe,
    0x80, 0x7f, 0xf0, 0x7e, 0xab, 0xb4, 0x2, 0x37,
    0x0, 0xff, 0xe3, 0x1b, 0x80, 0x50, 0x60, 0x1f,
    0xfc, 0x68, 0x30, 0xb, 0x80, 0x3f, 0xf8, 0xfa,
    0x20, 0x2, 0xa0, 0xf, 0xfe, 0x30, 0xd0, 0x4,
    0xaa, 0x0, 0xff, 0xe3, 0x23, 0x0, 0x54, 0x40,
    0x1f, 0xfc, 0x69, 0x30, 0xb, 0x80, 0x3f, 0xf8,
    0xfc, 0x1, 0x1c, 0x0, 0x7f, 0xf1, 0x8a, 0x80,
    0x27, 0x40, 0xf, 0xfe, 0x32, 0xa8, 0x2, 0xa1,
    0x0, 0xff, 0xe3, 0x51, 0x0, 0x6, 0xc0, 0x3f,
    0xf8, 0xfc, 0x1, 0x2b, 0x0,

    /* U+041B "Л" */
    0x0, 0xfa, 0x3f, 0xff, 0xf8, 0xe6, 0x1, 0xff,
    0xd7, 0x10, 0xf, 0xfe, 0x9b, 0x37, 0xff, 0x0,
    0x80, 0x3f, 0xe3, 0x0, 0xc, 0xcf, 0xff, 0x1,
    0x80, 0x3f, 0xf8, 0x46, 0x1, 0xff, 0xcc, 0x10,
    0xf, 0xfe, 0x7b, 0x80, 0x4, 0x3, 0xff, 0xd0,
    0x20, 0x7, 0x0, 0xff, 0xf4, 0x18, 0x0, 0x40,
    0x3f, 0xf9, 0x82, 0x0, 0x30, 0xf, 0xfe, 0x78,
    0x80, 0x7f, 0xf9, 0xc8, 0x2, 0xf0, 0xf, 0xfe,
    0x58, 0x80, 0x44, 0x1, 0xff, 0xcb, 0x60, 0x8,
    0x40, 0x3f, 0xf9, 0x64, 0x1, 0x30, 0x7, 0xff,
    0x2f, 0x40, 0x22, 0x0, 0xff, 0xe5, 0xb8, 0x0,
    0x80, 0x3f, 0xf9, 0x62, 0x40, 0x6, 0x0, 0xff,
    0xe5, 0xb0, 0x5, 0x80, 0x1f, 0xfc, 0xa1, 0x90,
    0x9, 0x0, 0x3f, 0xf9, 0x25, 0xa2, 0x0, 0x23,
    0x0, 0xff, 0xe3, 0x1f, 0x73, 0x4c, 0x2, 0xb0,
    0xf, 0xfe, 0x3b, 0x88, 0x80, 0x31, 0xb0, 0x7,
    0xff, 0x1c, 0x80, 0x38, 0xb8, 0x3, 0xff, 0x90,
    0x20, 0x11, 0x3e, 0x90, 0x7, 0xff, 0x20,

    /* U+041C "М" */
    0xaf, 0xf7, 0x0, 0x7f, 0xf2, 0x9f, 0xfe, 0x20,
    0x8, 0x5c, 0x3, 0xff, 0x90, 0x32, 0x1, 0xfa,
    0x4, 0x3, 0xff, 0x8f, 0x2, 0x1, 0xfd, 0x60,
    0x1f, 0xfc, 0x62, 0x60, 0xf, 0xf2, 0x98, 0x7,
    0xff, 0x16, 0x40, 0x3f, 0xf8, 0x1e, 0x1, 0xff,
    0xc4, 0x44, 0x0, 0x7f, 0xf0, 0xd, 0x40, 0x3f,
    0xf8, 0x72, 0x1, 0xff, 0xc2, 0xb0, 0xf, 0xfe,
    0x13, 0x10, 0x7, 0xfc, 0x80, 0x1, 0x80, 0xf,
    0xfe, 0xc, 0x0, 0x9, 0x0, 0x3f, 0x40, 0x80,
    0x1c, 0x40, 0x3f, 0xe8, 0x10, 0x4, 0x0, 0x7f,
    0xac, 0x2, 0xb0, 0xf, 0xf1, 0x38, 0x1, 0x14,
    0x3, 0xfc, 0xa6, 0x0, 0x53, 0x0, 0xfe, 0x80,
    0xa, 0x40, 0x3f, 0xf8, 0x1e, 0x1, 0x78, 0x7,
    0xe3, 0x50, 0x3, 0x10, 0x7, 0xff, 0x0, 0xd8,
    0x0, 0x6a, 0x1, 0xf7, 0x80, 0x50, 0x1, 0xff,
    0xc2, 0x80, 0xa, 0xc0, 0x3c, 0xa6, 0x0, 0x81,
    0x0, 0xff, 0xe1, 0xc, 0x0, 0x6, 0x0, 0x3a,
    0xc0, 0x4, 0xe0, 0x1f, 0xfc, 0x47, 0x20, 0x3,
    0x88, 0x4, 0xe2, 0x0, 0x90, 0xf, 0xfe, 0x34,
    0x80, 0x56, 0x0, 0x18, 0x0, 0x22, 0x0, 0x3f,
    0xf8, 0xc8, 0x80, 0x2, 0x98, 0x58, 0x5, 0x20,
    0x1f, 0xfc, 0x89, 0x0, 0xbc, 0xd4, 0x0, 0xc4,
    0x1, 0xff, 0xc8, 0x26, 0x0, 0x1e, 0x80, 0x6,
    0x0, 0x3f, 0xf9, 0x50, 0x20, 0x1, 0x0, 0x40,
    0x80, 0x7f, 0xf2, 0x86, 0x0, 0x31, 0x30, 0x7,
    0xff, 0x31, 0x88, 0x2, 0x90, 0xf, 0xfe, 0x74,
    0x80, 0x11, 0x0, 0x1f, 0xfc, 0xe4, 0x98, 0x90,
    0xf, 0xfe, 0x83, 0x39, 0x0, 0x7f, 0xff, 0xc0,

    /* U+041D "Н" */
    0xaf, 0xf9, 0x40, 0x3f, 0xf8, 0x73, 0xff, 0x38,
    0x7, 0xff, 0xfc, 0x3, 0xff, 0xfe, 0x1, 0xff,
    0xff, 0x0, 0xff, 0xf5, 0x74, 0xcf, 0xff, 0xd,
    0x0, 0x3f, 0x23, 0x37, 0xff, 0xc, 0x80, 0x3f,
    0xfd, 0xd5, 0xff, 0xff, 0xc3, 0x60, 0xf, 0xff,
    0xf8, 0x7, 0xff, 0xfc, 0x3, 0xff, 0xfe, 0x1,
    0xff, 0xff, 0x0, 0xc0,

    /* U+041E "О" */
    0x0, 0xfe, 0x16, 0xad, 0xef, 0xf7, 0x64, 0xa8,
    0x80, 0x7f, 0xf1, 0xa, 0xba, 0x54, 0x84, 0x0,
    0x26, 0xd5, 0xd2, 0x20, 0x1f, 0xfc, 0x19, 0xd5,
    0x0, 0xff, 0xe0, 0x37, 0x40, 0x7, 0xf8, 0x71,
    0x80, 0x38, 0x4d, 0x50, 0xc0, 0x3c, 0xf6, 0x20,
    0x1f, 0xf, 0x98, 0x4, 0x2f, 0xbd, 0x95, 0x79,
    0xf8, 0xc0, 0x19, 0x30, 0x3, 0xec, 0x10, 0x9,
    0x7e, 0x8, 0x3, 0xc7, 0x3a, 0x80, 0x11, 0x58,
    0x7, 0x49, 0x0, 0x53, 0x42, 0x1, 0xfe, 0x2b,
    0x60, 0x9, 0x1c, 0x2, 0x26, 0x0, 0xa1, 0x80,
    0x3f, 0xf8, 0x52, 0xa0, 0x14, 0x8, 0x2, 0x40,
    0x24, 0x70, 0xf, 0xfe, 0x25, 0x8, 0x5, 0x20,
    0x48, 0x1, 0x40, 0x7, 0xff, 0x1a, 0xc0, 0x26,
    0x4, 0x0, 0x90, 0xc0, 0x3f, 0xf8, 0xca, 0x20,
    0x1, 0x4c, 0x0, 0xb4, 0x3, 0xff, 0x90, 0xe0,
    0x16, 0x38, 0x4, 0xa0, 0x1f, 0xfc, 0x8f, 0x0,
    0x88, 0xc0, 0x22, 0x0, 0xff, 0xe4, 0x10, 0x4,
    0xc2, 0x1, 0x8, 0x7, 0xff, 0x21, 0xc0, 0x30,
    0x80, 0x42, 0x1, 0xff, 0xc8, 0x70, 0xc, 0x60,
    0x11, 0x0, 0x7f, 0xf2, 0x8, 0x2, 0x67, 0x0,
    0x94, 0x3, 0xff, 0x91, 0xe0, 0x11, 0x60, 0x5,
    0xa0, 0x1f, 0xfc, 0x87, 0x0, 0xb1, 0x0, 0x24,
    0x20, 0xf, 0xfe, 0x32, 0x88, 0x0, 0x50, 0x90,
    0x2, 0x90, 0xf, 0xfe, 0x34, 0x0, 0x4c, 0x0,
    0x80, 0x9, 0x1c, 0x3, 0xff, 0x89, 0x44, 0x1,
    0x48, 0x0, 0xd4, 0x2, 0x86, 0x0, 0xff, 0xe1,
    0x4a, 0x80, 0x50, 0x20, 0x15, 0x10, 0x5, 0x32,
    0x0, 0xff, 0x86, 0xd8, 0x2, 0x47, 0x0, 0xec,
    0x10, 0x9, 0xba, 0x8, 0x3, 0xc7, 0x3c, 0x80,
    0x11, 0x58, 0x7, 0x87, 0xc, 0x2, 0x17, 0xde,
    0xba, 0xa6, 0x76, 0x30, 0x6, 0x4c, 0x0, 0xfc,
    0x58, 0xc0, 0x1c, 0x28, 0xaa, 0x31, 0x0, 0xe7,
    0xb1, 0x0, 0xff, 0x4e, 0xa8, 0x7, 0xff, 0x1,
    0xba, 0x0, 0x3f, 0xf8, 0x25, 0x5d, 0x2a, 0x42,
    0x0, 0x13, 0x59, 0xe9, 0x10, 0xf, 0x80,

    /* U+041F "П" */
    0xaf, 0xff, 0xfe, 0x5b, 0x80, 0x7f, 0xfa, 0x91,
    0x9b, 0xff, 0x86, 0x60, 0x1f, 0xba, 0x67, 0xff,
    0x87, 0x60, 0x1f, 0xff, 0xf0, 0xf, 0xff, 0xf8,
    0x7, 0xff, 0xfc, 0x3, 0xff, 0xfe, 0x1, 0xff,
    0xff, 0x0, 0xff, 0xff, 0x80, 0x7f, 0xff, 0xc0,
    0x3f, 0xff, 0xe0, 0x18,

    /* U+0420 "Р" */
    0xaf, 0xff, 0xfb, 0xb6, 0xdc, 0x80, 0x3f, 0xf8,
    0xc2, 0x49, 0x1b, 0x86, 0x1, 0xff, 0xc9, 0x3c,
    0x80, 0xf, 0x91, 0x9b, 0xe5, 0x30, 0xe, 0x79,
    0x0, 0xf7, 0x4c, 0xfd, 0x59, 0xf2, 0x20, 0x13,
    0x30, 0x3, 0xff, 0x88, 0xdc, 0x60, 0x14, 0x0,
    0x7f, 0xf1, 0xb4, 0x40, 0x2, 0xa0, 0x1f, 0xfc,
    0x51, 0x90, 0xb, 0xc0, 0x3f, 0xf8, 0xc8, 0x1,
    0x38, 0x7, 0xff, 0x18, 0x80, 0x23, 0x0, 0xff,
    0xee, 0x90, 0x4, 0x60, 0x1f, 0xfc, 0x64, 0x0,
    0x9c, 0x3, 0xff, 0x8a, 0x32, 0x1, 0x78, 0x7,
    0xff, 0x17, 0x44, 0x0, 0x2a, 0x1, 0xff, 0xc3,
    0x5e, 0x30, 0xa, 0x0, 0x3b, 0xa6, 0x7e, 0xac,
    0xfa, 0x10, 0x9, 0x98, 0x1, 0xc8, 0xcd, 0xf2,
    0x98, 0x7, 0x34, 0x80, 0x7f, 0xf1, 0xce, 0xe4,
    0x3, 0xff, 0x86, 0x24, 0x91, 0xb8, 0x80, 0x1f,
    0xab, 0xff, 0xee, 0xdb, 0x72, 0x0, 0xff, 0xff,
    0x80, 0x7f, 0xff, 0xc0, 0x3f, 0xfb, 0x80,

    /* U+0421 "С" */
    0x0, 0xfe, 0x16, 0xad, 0xef, 0xf7, 0x64, 0xa8,
    0x7, 0xff, 0x4, 0xab, 0xa5, 0x48, 0x40, 0x2,
    0x6d, 0x5f, 0x22, 0x1, 0xfd, 0x3a, 0xa0, 0x1f,
    0xfc, 0x6, 0xe6, 0x0, 0xf0, 0xe3, 0x0, 0x70,
    0x9a, 0x20, 0xc4, 0x3, 0xa6, 0x40, 0x18, 0x7c,
    0xc0, 0x33, 0x67, 0x65, 0xdb, 0x3b, 0x18, 0x3,
    0x32, 0x0, 0x5a, 0x20, 0x12, 0x74, 0x98, 0x7,
    0x8e, 0x75, 0x0, 0x10, 0x80, 0x9, 0x30, 0x9,
    0xec, 0x40, 0x3f, 0xc5, 0x6d, 0xe, 0x0, 0x26,
    0x0, 0x9e, 0x0, 0x3f, 0xf8, 0x52, 0xe0, 0x14,
    0x0, 0x47, 0x0, 0x1f, 0xfc, 0x71, 0x50, 0xb,
    0xc0, 0x3f, 0xf9, 0xe, 0x1, 0x19, 0x80, 0x3f,
    0xf9, 0x18, 0x1, 0x58, 0x7, 0xff, 0x25, 0x80,
    0x23, 0x0, 0xff, 0xe4, 0x90, 0x4, 0xc0, 0x1f,
    0xfc, 0xd3, 0x0, 0xff, 0xe6, 0x98, 0x7, 0xff,
    0x24, 0x80, 0x26, 0x0, 0xff, 0xe4, 0xb0, 0x4,
    0x60, 0x1f, 0xfc, 0x9c, 0x0, 0xac, 0x3, 0xff,
    0x92, 0xe0, 0x11, 0x98, 0x3, 0xff, 0x90, 0x28,
    0x1, 0x78, 0x7, 0xff, 0x26, 0x40, 0x23, 0x80,
    0xf, 0xfe, 0x41, 0x30, 0x4, 0xee, 0x0, 0xff,
    0xe1, 0x54, 0x0, 0x69, 0x30, 0xa, 0x28, 0x40,
    0x3f, 0xc5, 0x6a, 0xf0, 0x1, 0xb4, 0x40, 0x25,
    0xe8, 0x30, 0xf, 0x1c, 0xea, 0x0, 0x1d, 0x0,
    0x21, 0xf3, 0x0, 0xcf, 0x9d, 0x97, 0x6c, 0xec,
    0x60, 0xc, 0xe8, 0x1, 0x87, 0x18, 0x3, 0x84,
    0xd1, 0x6, 0x20, 0x1d, 0x30, 0x1, 0xf4, 0xea,
    0x80, 0x7f, 0xf0, 0x1b, 0x98, 0x3, 0xf8, 0xab,
    0xa5, 0x48, 0x40, 0x2, 0x6d, 0x5f, 0x22, 0x1,
    0x0,

    /* U+0422 "Т" */
    0x7f, 0xff, 0xfe, 0x54, 0x80, 0x7f, 0xf9, 0xd,
    0x9b, 0xf8, 0x3, 0x33, 0x7f, 0x62, 0x4c, 0xff,
    0x8, 0x5, 0x33, 0xfc, 0xa0, 0x1f, 0xff, 0xf0,
    0xf, 0xff, 0xf8, 0x7, 0xff, 0xfc, 0x3, 0xff,
    0xfe, 0x1, 0xff, 0xff, 0x0, 0xff, 0xff, 0x80,
    0x7f, 0xff, 0xc0, 0x3f, 0xfc, 0xe0,

    /* U+0423 "У" */
    0x2f, 0xfc, 0x40, 0x1f, 0xfc, 0x5e, 0xff, 0x84,
    0x98, 0x2, 0x80, 0xf, 0xfe, 0x23, 0x88, 0x2,
    0x4, 0x20, 0x2, 0x52, 0x0, 0xff, 0xe1, 0xc8,
    0x0, 0x5c, 0x0, 0x2e, 0x1, 0x40, 0x7, 0xff,
    0x9, 0xc4, 0x1, 0x20, 0x1a, 0x40, 0x25, 0x20,
    0xf, 0xfe, 0xc, 0x80, 0x5, 0xc0, 0x30, 0xb8,
    0x5, 0x0, 0x1f, 0xfc, 0x7, 0x10, 0x4, 0x0,
    0x7a, 0x44, 0x0, 0xa4, 0x1, 0xfe, 0x18, 0x0,
    0x13, 0x0, 0x78, 0x64, 0x2, 0x80, 0xf, 0xf4,
    0x80, 0x50, 0x1, 0xf9, 0xc4, 0x0, 0xa4, 0x1,
    0xf8, 0x5c, 0x0, 0x6a, 0x1, 0xfd, 0x20, 0x14,
    0x0, 0x7e, 0x90, 0xa, 0x0, 0x3f, 0xce, 0x20,
    0x5, 0x20, 0xf, 0xb, 0x80, 0xd, 0x0, 0x3f,
    0xe8, 0x0, 0xa0, 0x3, 0xd2, 0x1, 0x78, 0x7,
    0xff, 0x1, 0x84, 0x0, 0xa4, 0x1, 0x85, 0xc0,
    0x8, 0x60, 0x1f, 0xfc, 0x18, 0x0, 0xa0, 0x3,
    0x40, 0x5, 0x0, 0x1f, 0xfc, 0x26, 0x20, 0x2,
    0x90, 0x0, 0x58, 0x0, 0xa6, 0x1, 0xff, 0xc3,
    0x80, 0xa, 0x0, 0x10, 0x1, 0x40, 0x7, 0xff,
    0x11, 0x48, 0x0, 0xa4, 0x46, 0x0, 0x31, 0x0,
    0x7f, 0xf1, 0x60, 0x2, 0x8b, 0x0, 0xa0, 0x3,
    0xff, 0x8c, 0xa6, 0x0, 0x56, 0x0, 0x30, 0x80,
    0x7f, 0xf1, 0xe0, 0x3, 0xd0, 0x1, 0xff, 0xc8,
    0x43, 0x0, 0xce, 0x20, 0x1f, 0xfc, 0x98, 0x0,
    0x86, 0x0, 0x3f, 0xf9, 0x58, 0x1, 0x48, 0x7,
    0xff, 0x28, 0xdc, 0x0, 0x2e, 0x1, 0xff, 0xc9,
    0x2d, 0x0, 0xac, 0x3, 0xff, 0x8b, 0x4e, 0xaa,
    0x9d, 0x10, 0x2, 0x28, 0x7, 0xff, 0x10, 0x96,
    0x2a, 0x8c, 0x1, 0x15, 0x80, 0x7f, 0xf1, 0x54,
    0x3, 0xe3, 0xc0, 0xf, 0xfe, 0x30, 0x88, 0x3,
    0x14, 0xe0, 0x80, 0x7f, 0xf1, 0x9b, 0xb6, 0xed,
    0xda, 0xc0, 0x1f, 0xfc, 0x50,

    /* U+0424 "Ф" */
    0x0, 0xff, 0xe1, 0xa7, 0x74, 0xa0, 0x1f, 0xfd,
    0x21, 0x1c, 0x60, 0x1f, 0xfe, 0xf2, 0x69, 0xcd,
    0xea, 0x0, 0xa7, 0xb7, 0x25, 0x88, 0x3, 0xff,
    0x88, 0xd9, 0xb2, 0xc6, 0x42, 0x1, 0xc2, 0x46,
    0xd3, 0xb8, 0xc0, 0x1f, 0xfc, 0x3, 0xd9, 0x30,
    0xf, 0xfe, 0x29, 0xce, 0x98, 0x7, 0xf3, 0xe1,
    0x0, 0x64, 0x79, 0xa8, 0x0, 0x9a, 0xa5, 0xd0,
    0x3, 0x16, 0x38, 0x7, 0xcd, 0x0, 0x10, 0xcf,
    0x5c, 0x32, 0x90, 0x5, 0xea, 0xd1, 0x7d, 0x2,
    0x1, 0x43, 0x0, 0x71, 0xc8, 0x4, 0x9e, 0xc2,
    0x1, 0xff, 0xc1, 0x17, 0xf4, 0x0, 0xa4, 0xc0,
    0x37, 0x80, 0x49, 0x62, 0x1, 0xff, 0xc5, 0x1b,
    0x50, 0xb, 0xc0, 0x24, 0x30, 0x0, 0xd8, 0x7,
    0xff, 0x26, 0x84, 0x0, 0x68, 0x0, 0xd0, 0xa,
    0x40, 0x3f, 0xf9, 0x70, 0x1, 0x68, 0x1, 0xc0,
    0x26, 0x0, 0xff, 0xe5, 0xb8, 0x4, 0xe0, 0x1,
    0x0, 0x10, 0x80, 0x7f, 0xf2, 0xc4, 0xc0, 0x2,
    0x2, 0x1, 0x8, 0x7, 0xff, 0x35, 0x80, 0x22,
    0x30, 0x9, 0xc0, 0x3f, 0xf9, 0xa6, 0x1, 0x9,
    0x80, 0x4e, 0x1, 0xff, 0xcd, 0x30, 0x8, 0x44,
    0x1, 0x10, 0x7, 0xff, 0x35, 0x80, 0x22, 0x1,
    0x0, 0x9, 0x0, 0x7f, 0xf2, 0xc4, 0xc0, 0x2,
    0x0, 0x70, 0x9, 0x40, 0x3f, 0xf9, 0x6e, 0x1,
    0x38, 0x3, 0x40, 0x28, 0x10, 0xf, 0xfe, 0x54,
    0x0, 0x5a, 0x0, 0x43, 0x0, 0xb4, 0x3, 0xff,
    0x93, 0x42, 0x0, 0x34, 0x0, 0xbc, 0x2, 0x3c,
    0x10, 0xf, 0xfe, 0x28, 0xd2, 0x80, 0x5e, 0x1,
    0x8e, 0x40, 0x23, 0xe8, 0x10, 0xf, 0xfe, 0x8,
    0xbf, 0xa8, 0x5, 0x26, 0x1, 0xcd, 0x0, 0x19,
    0xfb, 0x25, 0x97, 0x40, 0x2f, 0x56, 0x8c, 0xe8,
    0x10, 0xa, 0x18, 0x3, 0xe7, 0xc2, 0x0, 0xc6,
    0xd3, 0x4e, 0x1, 0x35, 0x4b, 0x98, 0x6, 0x2c,
    0x70, 0xf, 0xe3, 0xd9, 0x30, 0xf, 0xfe, 0x29,
    0x4e, 0x98, 0x7, 0xff, 0x1, 0xb3, 0x65, 0x8c,
    0x84, 0x3, 0x84, 0x8d, 0x67, 0x74, 0xc0, 0x1f,
    0xfc, 0x42, 0x69, 0xcd, 0xea, 0x0, 0xa7, 0xb7,
    0x29, 0x88, 0x3, 0xff, 0xfe, 0x1, 0x80,

    /* U+0425 "Х" */
    0x4, 0xff, 0xc8, 0x1, 0xff, 0xc1, 0xbf, 0xfb,
    0x80, 0x24, 0x50, 0xa, 0x84, 0x3, 0xfe, 0x74,
    0x0, 0xa8, 0x3, 0x50, 0x80, 0x6, 0xc0, 0x3f,
    0xc5, 0x0, 0x13, 0x20, 0x7, 0x50, 0x4, 0xaa,
    0x0, 0xfe, 0xe0, 0x8, 0xa4, 0x3, 0xc8, 0xc0,
    0x15, 0x8, 0x7, 0xd0, 0x60, 0x17, 0x0, 0x7e,
    0x92, 0x0, 0xa8, 0x3, 0xc6, 0xe0, 0x13, 0x98,
    0x7, 0xf4, 0x80, 0x48, 0xe0, 0x1d, 0xc0, 0x11,
    0x40, 0x7, 0xf9, 0x18, 0x2, 0x82, 0x0, 0xa4,
    0x80, 0x2e, 0x0, 0xff, 0xe0, 0x49, 0x0, 0x5c,
    0x0, 0x46, 0x0, 0xa0, 0xc0, 0x3f, 0xf8, 0x3c,
    0x1, 0x1c, 0xd, 0x0, 0x46, 0xe0, 0x1f, 0xfc,
    0x23, 0x70, 0x9, 0xf4, 0x40, 0x2e, 0x0, 0xff,
    0xe2, 0x41, 0x0, 0x46, 0x1, 0x41, 0x0, 0x7f,
    0xf1, 0x78, 0x3, 0xc6, 0xe0, 0x1f, 0xfc, 0x63,
    0x70, 0xe, 0xe0, 0xf, 0xfe, 0x47, 0x0, 0x70,
    0x80, 0x7f, 0xf1, 0xca, 0x40, 0x3b, 0x80, 0x3f,
    0xf8, 0xfc, 0x1, 0xe2, 0x80, 0xf, 0xfe, 0x2b,
    0x98, 0x4, 0x60, 0x13, 0x98, 0x7, 0xff, 0xc,
    0xa0, 0x2, 0x7d, 0x10, 0xb, 0x80, 0x3f, 0xf8,
    0x7c, 0x1, 0x14, 0xd, 0x0, 0x45, 0x20, 0x1f,
    0xfc, 0x18, 0x30, 0xb, 0xc0, 0x8, 0xc0, 0x13,
    0x20, 0x7, 0xfc, 0x6e, 0x1, 0x41, 0x0, 0x52,
    0x40, 0x15, 0x0, 0x7f, 0xdc, 0x1, 0x1b, 0x80,
    0x77, 0x0, 0x43, 0x40, 0x1f, 0xd0, 0x40, 0x17,
    0x0, 0x78, 0xdc, 0x2, 0x54, 0x0, 0xf8, 0xdc,
    0x2, 0x92, 0x0, 0xfa, 0xc, 0x2, 0xa1, 0x0,
    0xf7, 0x0, 0x48, 0xc0, 0x1f, 0xdc, 0x1, 0xd,
    0x80, 0x74, 0x90, 0x0, 0x68, 0x3, 0xfc, 0x52,
    0x1, 0x2a, 0x80, 0x24, 0x60, 0xa, 0xc4, 0x3,
    0xfe, 0x64, 0x0, 0xac, 0x40, 0x68, 0x2, 0x55,
    0x0, 0x7f, 0xf0, 0x68, 0x40, 0x3, 0x40,

    /* U+0426 "Ц" */
    0xaf, 0xf9, 0x40, 0x3f, 0xf8, 0x43, 0xff, 0x70,
    0x7, 0xff, 0xfc, 0x3, 0xff, 0xfe, 0x1, 0xff,
    0xff, 0x0, 0xff, 0xff, 0x80, 0x7f, 0xff, 0xc0,
    0x3f, 0xff, 0xe0, 0x1f, 0xff, 0xf0, 0xf, 0xff,
    0xf8, 0x7, 0xff, 0xfc, 0x3, 0xff, 0xa5, 0xd3,
    0x3f, 0xfc, 0x28, 0x0, 0x86, 0x67, 0x8, 0x6,
    0x46, 0x6f, 0xfe, 0x18, 0x6, 0x66, 0xc4, 0x1,
    0xff, 0xee, 0xaf, 0xff, 0xfe, 0x5b, 0x80, 0x7f,
    0xff, 0xc0, 0x3f, 0xff, 0xe0, 0x1f, 0xfc, 0xbc,
    0x77, 0x88,

    /* U+0427 "Ч" */
    0x9f, 0xf9, 0x40, 0x3f, 0xf8, 0x53, 0xff, 0x28,
    0x7, 0xff, 0xfc, 0x3, 0xff, 0xfe, 0x1, 0xff,
    0xde, 0x10, 0x8, 0xc0, 0x3f, 0xf8, 0xfe, 0x1,
    0x8, 0x7, 0xff, 0x1c, 0x40, 0x2d, 0x0, 0xff,
    0xe3, 0xa8, 0x4, 0xa2, 0x1, 0xff, 0xc6, 0x31,
    0x0, 0xac, 0x3, 0xff, 0x8e, 0xc0, 0x12, 0xc8,
    0x7, 0xf8, 0x5d, 0xc0, 0x1d, 0x22, 0x1, 0x37,
    0x39, 0x88, 0x0, 0x91, 0xf3, 0xa0, 0x40, 0x38,
    0x74, 0x3, 0xc, 0x67, 0x7f, 0xb6, 0xe0, 0xc0,
    0x3f, 0x8f, 0x8, 0x3, 0xff, 0x94, 0x7b, 0x2,
    0x1, 0xfc, 0x6f, 0xac, 0x1, 0xfc, 0xfd, 0xb3,
    0xc, 0xc7, 0x8b, 0xec, 0x82, 0x0, 0xff, 0xe0,
    0x13, 0x3c, 0xca, 0x1d, 0x4, 0x3, 0xff, 0xfe,
    0x1, 0xff, 0xff, 0x0, 0xff, 0xf3, 0x0,

    /* U+0428 "Ш" */
    0xaf, 0xf9, 0x40, 0x3f, 0xef, 0xfb, 0x80, 0x3f,
    0xe7, 0xff, 0x9c, 0x3, 0xff, 0xfe, 0x1, 0xff,
    0xff, 0x0, 0xff, 0xff, 0x80, 0x7f, 0xff, 0xc0,
    0x3f, 0xff, 0xe0, 0x1f, 0xff, 0xf0, 0xf, 0xff,
    0xf8, 0x7, 0xff, 0xfc, 0x3, 0xff, 0xfe, 0x1,
    0xff, 0xff, 0x0, 0xff, 0xff, 0x80, 0x7f, 0xf7,
    0xfa, 0x67, 0xfe, 0x0, 0x86, 0x67, 0xfe, 0xb0,
    0xf, 0xc8, 0xcd, 0xff, 0x0, 0x66, 0x6f, 0xf8,
    0xc0, 0x3f, 0xff, 0xe0,

    /* U+0429 "Щ" */
    0xaf, 0xf9, 0x40, 0x3f, 0xef, 0xfb, 0x80, 0x3f,
    0xe7, 0xff, 0x9c, 0x3, 0xff, 0xfe, 0x1, 0xff,
    0xff, 0x0, 0xff, 0xff, 0x80, 0x7f, 0xff, 0xc0,
    0x3f, 0xff, 0xe0, 0x1f, 0xff, 0xf0, 0xf, 0xff,
    0xf8, 0x7, 0xff, 0xfc, 0x3, 0xff, 0xfe, 0x1,
    0xff, 0xff, 0x0, 0xff, 0xff, 0x80, 0x7f, 0xff,
    0xc0, 0x3f, 0xff, 0x1d, 0x33, 0xff, 0x0, 0x43,
    0x33, 0xff, 0x40, 0x5, 0x13, 0x32, 0x80, 0x64,
    0x66, 0xff, 0x80, 0x33, 0x37, 0xfc, 0x1, 0xcc,
    0xd7, 0x80, 0x7f, 0xff, 0xc0, 0x3a, 0xbf, 0xff,
    0xfa, 0xe0, 0x1f, 0xff, 0xf0, 0xf, 0xff, 0xf8,
    0x7, 0xff, 0xfc, 0x3, 0xff, 0x86, 0xef, 0x78,

    /* U+042A "Ъ" */
    0x7f, 0xff, 0xfb, 0x80, 0x3f, 0xff, 0xe0, 0x1f,
    0x8d, 0x9b, 0xf0, 0x7, 0xff, 0x2d, 0x26, 0x7f,
    0x0, 0x7f, 0xff, 0xc0, 0x3f, 0xff, 0xe0, 0x1f,
    0xfe, 0x11, 0xff, 0xfe, 0xed, 0xa6, 0x10, 0xf,
    0xfe, 0x78, 0x92, 0xcf, 0x48, 0x7, 0xff, 0x4d,
    0xb4, 0x40, 0x3f, 0xf8, 0x77, 0x7f, 0xaa, 0x54,
    0x3, 0x16, 0x0, 0x7f, 0xf0, 0x85, 0x13, 0xf2,
    0xb5, 0x73, 0x0, 0x44, 0xe0, 0x1f, 0xfc, 0xd1,
    0x96, 0x0, 0xa4, 0x3, 0xff, 0x9f, 0x0, 0x10,
    0x98, 0x7, 0xff, 0x38, 0x50, 0x2, 0x50, 0xf,
    0xfe, 0x79, 0x80, 0x42, 0x1, 0xff, 0xef, 0x10,
    0x8, 0x40, 0x3f, 0xf9, 0xea, 0x1, 0x10, 0x7,
    0xff, 0x38, 0x8c, 0x2, 0x50, 0xf, 0xfe, 0x77,
    0x0, 0x48, 0x20, 0x1f, 0xfc, 0xc2, 0xc3, 0x0,
    0xa0, 0x3, 0xff, 0x82, 0x28, 0x9f, 0x95, 0xef,
    0x4c, 0x2, 0x63, 0x0, 0xff, 0xe1, 0x5d, 0xfe,
    0xa8, 0x40, 0xc, 0xd2, 0x1, 0xff, 0xd0, 0x2b,
    0x90, 0xf, 0xfe, 0x68, 0xa3, 0xe6, 0xa0, 0x6,

    /* U+042B "Ы" */
    0xaf, 0xf9, 0x40, 0x3f, 0xf9, 0x53, 0xff, 0x28,
    0x7, 0xff, 0xfc, 0x3, 0xff, 0xfe, 0x1, 0xff,
    0xff, 0x0, 0xff, 0xfb, 0xd7, 0xff, 0xf7, 0x5c,
    0x18, 0x7, 0xff, 0x40, 0x51, 0xf3, 0x6, 0x1,
    0xff, 0xd2, 0x3c, 0x60, 0xf, 0xfe, 0x1c, 0x5d,
    0xfe, 0xa7, 0x20, 0xd, 0x2a, 0x1, 0xff, 0xc2,
    0x24, 0x4f, 0xcb, 0x1b, 0x42, 0x1, 0x58, 0x7,
    0xff, 0x39, 0x74, 0x2, 0x15, 0x0, 0xff, 0xe7,
    0x1b, 0x0, 0x5e, 0x1, 0xff, 0xcf, 0xd0, 0x9,
    0xc0, 0x3f, 0xf9, 0xea, 0x1, 0x18, 0x7, 0xff,
    0xbc, 0xc0, 0x23, 0x0, 0xff, 0xe7, 0xb8, 0x4,
    0xc0, 0x1f, 0xfc, 0xfe, 0x0, 0xb0, 0x3, 0xff,
    0x9c, 0xa8, 0x1, 0x28, 0x7, 0xff, 0x35, 0xe8,
    0x2, 0x52, 0x0, 0xff, 0xe0, 0x92, 0x27, 0xe6,
    0x9e, 0x80, 0x8, 0x6c, 0x3, 0xff, 0x85, 0x17,
    0x7f, 0xa5, 0x84, 0x2, 0x2c, 0x10, 0xf, 0xfe,
    0x83, 0xe9, 0x0, 0x7f, 0xf3, 0x4, 0x9a, 0x7e,
    0x0, 0x3f, 0xf8, 0x20,

    /* U+042C "Ь" */
    0xaf, 0xf9, 0x40, 0x3f, 0xff, 0xe0, 0x1f, 0xff,
    0xf0, 0xf, 0xff, 0xf8, 0x6, 0xaf, 0xff, 0xee,
    0xb8, 0x30, 0xf, 0xfe, 0x38, 0xa3, 0xe6, 0xc,
    0x3, 0xff, 0x92, 0x78, 0xc0, 0x1e, 0x8b, 0xbf,
    0xd4, 0xe4, 0x1, 0xa5, 0x40, 0x38, 0x91, 0x3f,
    0x2c, 0x6d, 0x8, 0x5, 0x60, 0x1f, 0xfc, 0x55,
    0xd0, 0x8, 0x54, 0x3, 0xff, 0x8a, 0x6c, 0x1,
    0x78, 0x7, 0xff, 0x1b, 0x40, 0x27, 0x0, 0xff,
    0xe3, 0x28, 0x4, 0x60, 0x1f, 0xfd, 0xd3, 0x0,
    0x8c, 0x3, 0xff, 0x8c, 0xe0, 0x13, 0x0, 0x7f,
    0xf1, 0xb8, 0x2, 0xc0, 0xf, 0xfe, 0x2a, 0xa0,
    0x4, 0xa0, 0x1f, 0xfc, 0x47, 0xa0, 0x9, 0x48,
    0x3, 0x12, 0x27, 0xe6, 0x9e, 0x80, 0x8, 0x6c,
    0x3, 0xa2, 0xef, 0xf4, 0xb0, 0x80, 0x45, 0x82,
    0x1, 0xff, 0xc7, 0x7d, 0x20, 0xf, 0xfe, 0x18,
    0x93, 0x4f, 0xc0, 0x6,

    /* U+042D "Э" */
    0x0, 0xe1, 0x6a, 0xce, 0xff, 0x76, 0x4a, 0x80,
    0x7f, 0xf0, 0x4a, 0xba, 0x54, 0xc4, 0x0, 0x26,
    0xd5, 0xce, 0x1, 0xfe, 0x8d, 0x50, 0xf, 0xf8,
    0x63, 0x90, 0x3, 0xec, 0x70, 0xe, 0x12, 0x44,
    0x10, 0x7, 0xd, 0xb0, 0x7, 0x49, 0x80, 0x42,
    0xf9, 0xdb, 0x76, 0xdf, 0xa3, 0x0, 0xd2, 0xc0,
    0x1a, 0xc, 0x0, 0xfd, 0x6, 0x1, 0xe5, 0xc9,
    0x0, 0xd2, 0x80, 0x10, 0xe9, 0xd4, 0x0, 0x7f,
    0xcd, 0xa0, 0x1a, 0x80, 0x30, 0xe2, 0x80, 0x7f,
    0xf0, 0x4a, 0xc0, 0x21, 0x70, 0xf, 0xfe, 0x42,
    0x38, 0x5, 0x20, 0x1f, 0xfc, 0x99, 0x10, 0x0,
    0xa8, 0x7, 0xff, 0x20, 0x5c, 0x2, 0xf0, 0xf,
    0xfe, 0x4e, 0x80, 0x48, 0x1, 0xf8, 0xd9, 0xbf,
    0xf8, 0x4, 0x1, 0x8, 0x7, 0xeb, 0x99, 0xff,
    0xe0, 0x80, 0x61, 0x0, 0xff, 0xe6, 0x98, 0x7,
    0xff, 0x34, 0xc0, 0x3e, 0x8f, 0xff, 0xfe, 0x8,
    0x6, 0x10, 0xf, 0xfe, 0x41, 0x80, 0x42, 0x1,
    0xff, 0xc9, 0xb0, 0x9, 0x0, 0x3f, 0xf9, 0x2c,
    0x1, 0x78, 0x7, 0xff, 0x21, 0x84, 0x0, 0x2a,
    0x1, 0xff, 0xc7, 0x39, 0x0, 0xa4, 0x3, 0x5a,
    0x80, 0x7f, 0xf0, 0x4b, 0x40, 0x21, 0x70, 0xb,
    0x12, 0xa0, 0x3, 0xfe, 0x5d, 0x10, 0xa, 0x80,
    0x29, 0x30, 0x3, 0xf3, 0x98, 0x7, 0x96, 0xe8,
    0x3, 0x42, 0x0, 0x50, 0x60, 0x10, 0xc6, 0x76,
    0xdd, 0xb7, 0xe9, 0x0, 0x34, 0xb8, 0x6, 0x1c,
    0x60, 0xe, 0x12, 0x44, 0x10, 0x7, 0xd, 0xb0,
    0x7, 0xd3, 0x8a, 0x1, 0xff, 0xc0, 0x8e, 0x40,
    0xf, 0xe3, 0xae, 0x95, 0x31, 0x0, 0x9, 0xb5,
    0x7b, 0x80, 0x7e,

    /* U+042E "Ю" */
    0xaf, 0xf9, 0x40, 0x3f, 0xf8, 0x24, 0xf5, 0xbf,
    0xf6, 0xdb, 0x90, 0x7, 0xff, 0x34, 0xef, 0x61,
    0x48, 0x2, 0x24, 0x8d, 0xc3, 0x0, 0xff, 0xe5,
    0x4e, 0x20, 0x7, 0xfc, 0x79, 0x62, 0x1, 0xff,
    0xc6, 0x1d, 0x60, 0xe, 0x13, 0x43, 0x10, 0xe,
    0x4c, 0x20, 0xf, 0xfe, 0x20, 0xe1, 0x0, 0x67,
    0xde, 0xcb, 0xce, 0xe4, 0x8, 0x4, 0x58, 0x40,
    0x1f, 0xfc, 0x3d, 0x20, 0x9, 0x3a, 0x8, 0x3,
    0x85, 0xf9, 0x80, 0x21, 0xf0, 0xf, 0xfe, 0x13,
    0x98, 0x4, 0xf6, 0x20, 0x1f, 0xe9, 0x90, 0x4,
    0x52, 0x1, 0xff, 0xc0, 0x18, 0x0, 0x96, 0x0,
    0x3f, 0xf8, 0x2d, 0x0, 0x13, 0x10, 0x7, 0xfd,
    0x20, 0x10, 0xd8, 0x7, 0xff, 0xd, 0xcc, 0x2,
    0xb0, 0xf, 0xf9, 0x80, 0x29, 0x10, 0xf, 0xfe,
    0x24, 0x0, 0x4c, 0x1, 0xfe, 0x21, 0x0, 0x98,
    0x3, 0xff, 0x8a, 0x84, 0x1, 0x20, 0x7, 0xf3,
    0x80, 0x46, 0x20, 0x1f, 0xfc, 0x65, 0x0, 0xb0,
    0x3, 0x4d, 0xde, 0x80, 0x9, 0x40, 0x3f, 0xf8,
    0xfa, 0x1, 0x10, 0x6, 0x34, 0x4c, 0x40, 0x17,
    0x0, 0x7f, 0xf1, 0xc4, 0x2, 0x60, 0xf, 0xfe,
    0x8, 0x80, 0x7f, 0xf1, 0xdc, 0x3, 0xff, 0x8a,
    0x20, 0x1f, 0xfc, 0x77, 0x0, 0xfd, 0x5f, 0xfa,
    0x0, 0x2e, 0x0, 0xff, 0xe3, 0x88, 0x4, 0xc0,
    0x1f, 0xc4, 0x1, 0x28, 0x7, 0xff, 0x1f, 0x40,
    0x22, 0x0, 0xfe, 0x40, 0x8, 0xc4, 0x3, 0xff,
    0x8c, 0xa0, 0x16, 0x0, 0x7f, 0x9, 0x0, 0x4c,
    0x1, 0xff, 0xc5, 0x42, 0x0, 0x90, 0x3, 0xfd,
    0x40, 0x14, 0x88, 0x7, 0xff, 0x12, 0x0, 0x26,
    0x0, 0xff, 0x9c, 0x40, 0x3, 0x60, 0x1f, 0xfc,
    0x37, 0x30, 0xa, 0xc0, 0x3f, 0xf8, 0x10, 0x1,
    0x2c, 0x0, 0x7f, 0xf0, 0x5a, 0x0, 0x26, 0x20,
    0xf, 0xfe, 0x3, 0x20, 0x4, 0xf4, 0x20, 0x1f,
    0xe8, 0x90, 0x8, 0xa4, 0x3, 0xff, 0x85, 0x46,
    0x1, 0x2f, 0x41, 0x0, 0x70, 0xbf, 0x38, 0x4,
    0x3e, 0x1, 0xff, 0xc3, 0x1d, 0x30, 0xc, 0xfb,
    0xd9, 0x79, 0xdc, 0x81, 0x0, 0x8b, 0x8, 0x3,
    0xff, 0x88, 0x38, 0xc0, 0x1c, 0x26, 0x86, 0x20,
    0x1c, 0x98, 0x40, 0x1f, 0xfc, 0x79, 0xc4, 0x0,
    0xff, 0x8e, 0xec, 0x20, 0x1f, 0xfc, 0x93, 0xbd,
    0x85, 0x20, 0x8, 0x51, 0xf3, 0x8, 0x1, 0xf0,

    /* U+042F "Я" */
    0x0, 0xf0, 0xbd, 0xef, 0xff, 0xff, 0x3, 0x80,
    0x31, 0x57, 0x42, 0x10, 0x7, 0xff, 0x11, 0x75,
    0x40, 0x3f, 0xf8, 0xeb, 0x40, 0x1c, 0x4a, 0xcd,
    0xf8, 0x3, 0x8a, 0x80, 0x33, 0xf6, 0xd4, 0xcf,
    0xe0, 0xe, 0x80, 0xd, 0x90, 0x20, 0x1f, 0xfc,
    0x21, 0x50, 0xa, 0x8c, 0x3, 0xff, 0x88, 0x80,
    0x11, 0x28, 0x7, 0xff, 0x17, 0x40, 0x25, 0x0,
    0xff, 0xe3, 0x10, 0x5, 0xc0, 0x1f, 0xfe, 0x11,
    0x0, 0xff, 0xe3, 0x10, 0x5, 0xa0, 0x1f, 0xfc,
    0x6c, 0x0, 0x90, 0x3, 0xff, 0x8c, 0x80, 0x10,
    0xc0, 0x7, 0xff, 0x19, 0xc0, 0x27, 0x70, 0x7,
    0xff, 0x16, 0x8, 0x2, 0x8d, 0x73, 0x10, 0xf,
    0xfe, 0x17, 0x88, 0x4, 0x51, 0x9d, 0xff, 0xf8,
    0x3, 0xc5, 0xe8, 0x1, 0xff, 0xc9, 0x1b, 0xb1,
    0x0, 0x7f, 0xf2, 0x54, 0xc0, 0x28, 0x8f, 0xe0,
    0xf, 0xeb, 0x10, 0x4, 0xbb, 0xff, 0x0, 0x7e,
    0x55, 0x0, 0xd, 0x80, 0x3f, 0xf8, 0x83, 0x60,
    0x17, 0x0, 0x7f, 0xf1, 0x6c, 0x40, 0x10, 0x40,
    0x1f, 0xfc, 0x45, 0x50, 0x0, 0x9c, 0x3, 0xff,
    0x88, 0x36, 0x1, 0x70, 0x7, 0xff, 0x16, 0xc4,
    0x0, 0xe6, 0x1, 0xff, 0xc4, 0x55, 0x0, 0xa,
    0x0, 0x3f, 0xf8, 0xa0,

    /* U+0430 "а" */
    0x0, 0xe4, 0x8b, 0xdf, 0xf7, 0x64, 0xa0, 0x7,
    0xe7, 0xeb, 0x74, 0x20, 0x0, 0x9b, 0x5e, 0x98,
    0x6, 0x2d, 0x81, 0x0, 0xff, 0x16, 0x20, 0x4,
    0x64, 0x1, 0xa, 0x3c, 0x41, 0x88, 0x3, 0x50,
    0x80, 0x5, 0xc0, 0xef, 0xae, 0x1d, 0xd3, 0xb4,
    0x1, 0xc, 0x80, 0x51, 0x38, 0x80, 0x1f, 0x2d,
    0x80, 0x4c, 0x1, 0x98, 0x3, 0xfc, 0x86, 0x0,
    0x12, 0x0, 0xff, 0xe1, 0xa8, 0x4, 0xc0, 0x1f,
    0xfc, 0x3e, 0x0, 0x84, 0x3, 0x96, 0x6f, 0x37,
    0x7d, 0x20, 0x1f, 0x3f, 0x53, 0x21, 0x91, 0x78,
    0x40, 0x3d, 0x30, 0x20, 0x1f, 0xfc, 0x44, 0x60,
    0x9, 0xf3, 0xff, 0xe8, 0x0, 0xef, 0x0, 0xaa,
    0xc, 0x3, 0xff, 0x82, 0x80, 0x1, 0x50, 0xf,
    0xfe, 0x32, 0x80, 0x7f, 0xb0, 0x3, 0xf2, 0x80,
    0x7f, 0x2a, 0x0, 0x71, 0x80, 0x5, 0xc0, 0x3e,
    0x5a, 0x0, 0xf4, 0x80, 0x51, 0x68, 0x42, 0x4b,
    0x74, 0x1, 0xf2, 0xa8, 0x2, 0x4b, 0xde, 0xda,
    0x40, 0x3, 0x80, 0x7a, 0x9c, 0x3, 0xf8, 0xb3,
    0x0, 0x1f, 0x46, 0xb9, 0x88, 0x0, 0x96, 0xb4,
    0xc0, 0x38,

    /* U+0431 "б" */
    0x0, 0xff, 0xe3, 0x8a, 0x0, 0x7f, 0xf1, 0x49,
    0xa7, 0x7a, 0xc8, 0x3, 0xff, 0x80, 0x6f, 0x7d,
    0xb2, 0xc4, 0x0, 0x70, 0xf, 0xe4, 0xae, 0xc8,
    0x41, 0x0, 0xf1, 0x0, 0x7c, 0x79, 0x6a, 0x20,
    0x1f, 0xa, 0x42, 0x80, 0x79, 0xf0, 0xc0, 0x3c,
    0x6d, 0x5b, 0xd6, 0xe4, 0x1, 0xd3, 0x0, 0x18,
    0x9e, 0xff, 0x25, 0x48, 0x3, 0xf4, 0x30, 0x4,
    0x99, 0xb0, 0x80, 0x1f, 0xfc, 0x3, 0x70, 0xa,
    0x2c, 0xc0, 0x3f, 0xf8, 0x7e, 0x1, 0x4b, 0x80,
    0x7f, 0xf1, 0xc, 0xc0, 0x4, 0x60, 0xf, 0xfe,
    0x2d, 0x0, 0x52, 0x1, 0xa, 0xbc, 0x3a, 0x90,
    0x7, 0xe7, 0x0, 0x19, 0x1, 0xdf, 0x54, 0x3c,
    0x56, 0xe2, 0x80, 0x70, 0x88, 0x0, 0x81, 0x18,
    0x80, 0x1f, 0x1d, 0x58, 0x80, 0x4a, 0x1, 0x6d,
    0xb8, 0x7, 0xfc, 0x98, 0x20, 0x1, 0x0, 0xb9,
    0x0, 0x9, 0x5b, 0xfd, 0x90, 0x20, 0x11, 0x68,
    0x0, 0xc0, 0x24, 0x0, 0x55, 0xa9, 0x0, 0x9b,
    0xf2, 0x80, 0x46, 0xc0, 0x20, 0x1d, 0x6a, 0x1,
    0xfa, 0x94, 0x2, 0x80, 0xf, 0x32, 0x0, 0x7f,
    0xa8, 0x2, 0x14, 0x0, 0xeb, 0x0, 0xff, 0xe0,
    0x30, 0x5, 0x82, 0x1, 0x88, 0x3, 0xff, 0x81,
    0x80, 0x11, 0x10, 0x2, 0x10, 0xf, 0xfe, 0xb,
    0x0, 0x42, 0xc0, 0x10, 0x80, 0x7f, 0xf0, 0x5c,
    0x2, 0x12, 0x10, 0x8, 0x40, 0x3f, 0xf8, 0x4,
    0x1, 0x10, 0x28, 0x4, 0xc0, 0x1f, 0xfc, 0xa,
    0x0, 0xb4, 0x38, 0x2, 0x91, 0x0, 0xff, 0x19,
    0x80, 0x25, 0x5, 0x10, 0x0, 0xd0, 0x7, 0xf0,
    0xe8, 0x4, 0xc0, 0x15, 0x80, 0x49, 0x82, 0x1,
    0xe4, 0xf1, 0x0, 0xc, 0x0, 0x4a, 0xa0, 0x8,
    0xfa, 0xdd, 0x54, 0xf9, 0x62, 0x1, 0x68, 0x80,
    0x6a, 0x60, 0xc, 0x91, 0x54, 0x83, 0x0, 0x87,
    0xc, 0x3, 0xd3, 0x42, 0x1, 0xfe, 0x6f, 0x30,
    0xf, 0xcb, 0xd4, 0xa4, 0x20, 0x2, 0x48, 0xe9,
    0x10, 0xc,

    /* U+0432 "в" */
    0x4f, 0xff, 0xfb, 0x69, 0x80, 0x3f, 0xf8, 0xa4,
    0xb3, 0xca, 0x1, 0xff, 0xc6, 0x1a, 0x60, 0xf,
    0x3f, 0xff, 0xb6, 0x88, 0x2, 0x91, 0x0, 0xef,
    0x0, 0xf1, 0x2e, 0x90, 0x4, 0xe0, 0x1f, 0xfc,
    0x3b, 0x0, 0xb8, 0x3, 0xff, 0x86, 0x40, 0x17,
    0x80, 0x7f, 0xf0, 0xc8, 0x2, 0x20, 0xf, 0xfe,
    0x1d, 0x80, 0x5, 0x40, 0x3f, 0xf8, 0x2, 0xba,
    0x40, 0xa, 0x0, 0xf4, 0x7f, 0xfb, 0xa8, 0x80,
    0xad, 0x0, 0x3f, 0xf8, 0xa2, 0x40, 0x1f, 0x9,
    0x17, 0xc0, 0x11, 0xce, 0x0, 0x7a, 0x77, 0x7e,
    0xfc, 0x30, 0x1, 0xc8, 0x7, 0xff, 0x8, 0xf0,
    0x40, 0xc, 0x1, 0xff, 0xc4, 0x70, 0x8, 0xc0,
    0x3f, 0xf8, 0x66, 0x1, 0xff, 0xc6, 0x15, 0x0,
    0x88, 0x3, 0x78, 0x7, 0x84, 0xdf, 0xc0, 0x23,
    0x10, 0xc, 0xff, 0xfe, 0xec, 0x81, 0x0, 0xbc,
    0x3, 0xff, 0x8a, 0x58, 0x60, 0x1f, 0xfc, 0x11,
    0x35, 0xad, 0x30, 0x0,

    /* U+0433 "г" */
    0x4f, 0xff, 0xfe, 0x1a, 0x80, 0x7f, 0xf6, 0x8e,
    0x23, 0xfe, 0x70, 0xc, 0xae, 0xff, 0xf1, 0x0,
    0x7f, 0xff, 0xc0, 0x3f, 0xff, 0xe0, 0x1f, 0xff,
    0xf0, 0xf, 0xff, 0xa0,

    /* U+0434 "д" */
    0x0, 0xe6, 0xff, 0xff, 0xe2, 0x0, 0x7f, 0x8,
    0x7, 0xff, 0x37, 0xc0, 0x3f, 0xfa, 0x31, 0x1f,
    0xc2, 0x1, 0xff, 0xc0, 0x10, 0x9, 0xdf, 0xf8,
    0x80, 0x3f, 0xf8, 0x6, 0x0, 0x10, 0xf, 0xfe,
    0x69, 0x80, 0x7f, 0xf2, 0x84, 0x0, 0x20, 0x1f,
    0xfc, 0xa7, 0x0, 0x38, 0x7, 0xff, 0x28, 0x40,
    0x2, 0x1, 0xff, 0xca, 0x30, 0x1, 0x80, 0x7f,
    0xf2, 0x84, 0x0, 0x20, 0x1f, 0xfc, 0x92, 0x0,
    0xbc, 0x3, 0xff, 0x92, 0xc0, 0x11, 0x80, 0x7f,
    0xf2, 0x4c, 0x2, 0x60, 0xf, 0xfe, 0x4d, 0x80,
    0x4, 0x80, 0x3f, 0xf9, 0x4, 0x60, 0x7, 0x0,
    0xff, 0xe4, 0xc0, 0x5, 0x60, 0x1f, 0xfc, 0x64,
    0x7c, 0x50, 0x2, 0x2b, 0xbf, 0xf8, 0x80, 0x27,
    0x78, 0xbe, 0xc, 0x2, 0x48, 0x8f, 0xf8, 0x40,
    0x28, 0x89, 0x80, 0x3f, 0xfd, 0x9f, 0xff, 0xfc,
    0x5a, 0x0, 0xff, 0xff, 0x80, 0x7f, 0xf5, 0x6f,
    0xb9, 0xe0, 0x1f, 0xfc, 0x55, 0xee, 0x90,

    /* U+0435 "е" */
    0x0, 0xf9, 0x2b, 0x7f, 0xdd, 0x92, 0x60, 0x1f,
    0xf2, 0x6d, 0xa9, 0x0, 0x4, 0xdb, 0x30, 0x40,
    0x1f, 0xa2, 0xc8, 0x3, 0xf8, 0xf5, 0x40, 0x3d,
    0x2e, 0x1, 0xb, 0x4d, 0x4a, 0x80, 0x6a, 0x50,
    0xc, 0xac, 0x1, 0x47, 0x4b, 0x2b, 0x57, 0x30,
    0x5, 0x42, 0x1, 0x58, 0x5, 0x4e, 0x1, 0xe1,
    0x98, 0x0, 0xac, 0x0, 0xc2, 0x0, 0x75, 0x0,
    0xfe, 0x74, 0x0, 0x28, 0x86, 0x80, 0x52, 0x1,
    0xff, 0x40, 0x4, 0xe0, 0x80, 0x3, 0x10, 0xf,
    0xf8, 0xc0, 0x2f, 0x20, 0x8, 0xae, 0xff, 0xf8,
    0x20, 0x12, 0x88, 0x4, 0x28, 0x9f, 0xfc, 0x10,
    0x8, 0x40, 0x3f, 0xf9, 0x42, 0x1, 0x27, 0xff,
    0xff, 0x13, 0x48, 0x2, 0x50, 0xf, 0xfe, 0x32,
    0x0, 0x5, 0x40, 0x3f, 0xf8, 0xba, 0x1, 0x40,
    0x7, 0xff, 0x15, 0x84, 0x0, 0x58, 0x1, 0xfe,
    0x4c, 0x0, 0xea, 0x0, 0x8f, 0x50, 0x3, 0xc3,
    0x16, 0x76, 0x1, 0x92, 0x0, 0x22, 0xbe, 0xa8,
    0x78, 0xbe, 0x70, 0x2, 0x20, 0x3, 0x3c, 0x80,
    0x61, 0x57, 0x87, 0x40, 0xd, 0x28, 0x1, 0xcd,
    0xa8, 0x1, 0xfe, 0x3c, 0x60, 0xf, 0x8a, 0xf5,
    0xd0, 0x40, 0x2, 0x6f, 0x98, 0x30, 0x8,

    /* U+0436 "ж" */
    0x9, 0xff, 0x9c, 0x3, 0xfb, 0xfe, 0xe0, 0xf,
    0xe8, 0xff, 0xa4, 0x1, 0x2, 0x0, 0x81, 0x0,
    0xff, 0xe4, 0x13, 0x80, 0x6, 0x40, 0x3, 0x0,
    0x15, 0x80, 0x7f, 0xf2, 0x24, 0x2, 0xb0, 0xc,
    0xc6, 0x0, 0x53, 0x0, 0xff, 0xe3, 0x2a, 0x0,
    0x11, 0x40, 0x3b, 0x80, 0x2e, 0x0, 0xff, 0xe3,
    0x40, 0x5, 0x20, 0x1e, 0x27, 0x0, 0x13, 0x0,
    0x7f, 0xf1, 0x20, 0x80, 0xe, 0x40, 0x1f, 0x40,
    0x80, 0x20, 0x40, 0x3f, 0xf8, 0x44, 0xe0, 0x2,
    0x80, 0xf, 0xeb, 0x0, 0xc, 0x0, 0x7f, 0xf0,
    0xa4, 0x2, 0x90, 0xf, 0xf2, 0xa0, 0x1, 0x8c,
    0x3, 0xff, 0x80, 0x88, 0x0, 0x2a, 0x0, 0x7f,
    0xd2, 0x1, 0x7b, 0x36, 0x0, 0xcc, 0xda, 0x40,
    0x2b, 0x0, 0xff, 0xe0, 0x14, 0x0, 0xe, 0x67,
    0x0, 0x43, 0x33, 0x88, 0x1, 0x2, 0x1, 0xff,
    0xc1, 0xe0, 0xf, 0xfe, 0xa1, 0xb0, 0x7, 0xff,
    0x1a, 0x8, 0x3, 0xff, 0x81, 0xc0, 0x13, 0x7f,
    0xe0, 0x8, 0x7f, 0xf2, 0x80, 0x5c, 0x1, 0xff,
    0x41, 0x0, 0x6, 0x40, 0x3f, 0xf8, 0x16, 0x20,
    0x3, 0x70, 0xf, 0xe3, 0x70, 0xa, 0x80, 0x3f,
    0xf8, 0x23, 0x60, 0x14, 0x10, 0x7, 0xee, 0x0,
    0x95, 0x0, 0x3f, 0xf8, 0x4a, 0x80, 0x17, 0x0,
    0x7d, 0x4, 0x0, 0x1b, 0x0, 0xff, 0xe2, 0x50,
    0x4, 0x6e, 0x1, 0xc6, 0xe0, 0x15, 0x88, 0x7,
    0xff, 0x10, 0x64, 0x2, 0x82, 0x0, 0xdc, 0x1,
    0x22, 0x80, 0x7f, 0xf1, 0x98, 0xc0, 0x2e, 0x0,
    0xa0, 0x80, 0x2a, 0x0, 0xff, 0xe4, 0x70, 0x4,
    0x6e, 0x4, 0xe0, 0x14, 0x88, 0x7, 0xff, 0x20,
    0xa0, 0x2, 0x82,

    /* U+0437 "з" */
    0x0, 0x85, 0xab, 0x7b, 0xfb, 0x6e, 0xc, 0x3,
    0xc9, 0x7d, 0x2a, 0x42, 0x2, 0x48, 0xf9, 0x84,
    0x0, 0xd2, 0x80, 0x1f, 0xf1, 0xdc, 0x0, 0x4a,
    0x1, 0x1b, 0x44, 0xc3, 0x98, 0x6, 0x76, 0x0,
    0x51, 0xd7, 0xe4, 0xbb, 0x3c, 0x66, 0x98, 0x5,
    0x60, 0x2, 0xc5, 0x0, 0xfc, 0x5a, 0x1, 0x10,
    0x7, 0xff, 0x8, 0x40, 0x3f, 0xf8, 0xca, 0x1,
    0x30, 0x7, 0xfc, 0x27, 0x34, 0x0, 0x28, 0x0,
    0xf7, 0x7f, 0xee, 0xc6, 0x0, 0x2e, 0x8, 0x7,
    0xff, 0xd, 0x20, 0x40, 0x3e, 0x52, 0x2e, 0x0,
    0x93, 0x64, 0x3, 0xeb, 0xdd, 0xef, 0xb3, 0x0,
    0x35, 0x80, 0x7f, 0xf0, 0x53, 0xc, 0x0, 0x88,
    0x0, 0xff, 0xe1, 0x50, 0x5, 0x80, 0x1f, 0xfc,
    0x61, 0x4, 0x0, 0xff, 0xe0, 0x50, 0x5, 0xc3,
    0x78, 0xc0, 0x1f, 0x86, 0x8c, 0x2, 0x56, 0x3,
    0x9f, 0xc8, 0x76, 0x63, 0xdf, 0x28, 0x4, 0xc5,
    0xa0, 0x18, 0xde, 0x26, 0x50, 0x80, 0x19, 0xa4,
    0x2a, 0xcc, 0x3, 0xfe, 0x2a, 0x90, 0x9, 0x33,
    0x65, 0x48, 0x40, 0x2, 0x6f, 0x7a, 0xa0, 0x10,

    /* U+0438 "и" */
    0x4f, 0xfa, 0x40, 0x3f, 0xf8, 0x19, 0xff, 0x0,
    0x7f, 0xf1, 0x68, 0xc0, 0x3f, 0xf8, 0xee, 0xa0,
    0x1f, 0xfc, 0x74, 0x80, 0xf, 0xfe, 0x39, 0x58,
    0x7, 0xff, 0x23, 0xc0, 0x3f, 0xf9, 0x16, 0x40,
    0x3, 0x20, 0xf, 0xfe, 0x1c, 0x20, 0x0, 0x74,
    0x40, 0x3f, 0xf8, 0x4a, 0xe0, 0x16, 0x88, 0x7,
    0xff, 0x8, 0xe8, 0x2, 0xa3, 0x0, 0xff, 0xe1,
    0xe, 0x80, 0x4e, 0xa0, 0x1f, 0xfc, 0x3d, 0x10,
    0x2, 0x40, 0x7, 0xff, 0xe, 0x4c, 0x0, 0x54,
    0x1, 0xff, 0xc3, 0x66, 0x0, 0x5e, 0x20, 0x1f,
    0xfc, 0x23, 0x90, 0xa, 0x88, 0x3, 0xff, 0x84,
    0x7a, 0x1, 0x42, 0x80, 0x7f, 0xf0, 0xd4, 0x40,
    0xa, 0xe0, 0x1f, 0xfc, 0x72, 0xa0, 0xf, 0xfe,
    0x38, 0xf8, 0x7, 0xff, 0x22, 0x88, 0x3, 0xff,
    0x8f, 0x8, 0x1, 0xff, 0xc7, 0x57, 0x0, 0xff,
    0xe2, 0x0,

    /* U+0439 "й" */
    0x0, 0xc9, 0xe, 0x1, 0xf3, 0x43, 0x80, 0x7f,
    0x63, 0xc1, 0x0, 0x7a, 0x1e, 0x80, 0x3f, 0xb4,
    0x1, 0x60, 0x1c, 0xc2, 0xe, 0x1, 0xfc, 0xa2,
    0xd, 0x24, 0x4, 0xf2, 0x0, 0x90, 0xf, 0xf6,
    0x80, 0x1b, 0x7f, 0x60, 0x0, 0xe6, 0x1, 0xfe,
    0x3d, 0x40, 0xe, 0x2a, 0x80, 0xf, 0xfe, 0x1,
    0x5f, 0xe5, 0xe7, 0x6a, 0x80, 0x7f, 0xf1, 0xd,
    0xc, 0x40, 0x3f, 0xfa, 0x69, 0xff, 0x48, 0x7,
    0xff, 0x3, 0x3f, 0xe0, 0xf, 0xfe, 0x2d, 0x18,
    0x7, 0xff, 0x1d, 0xd4, 0x3, 0xff, 0x8e, 0x90,
    0x1, 0xff, 0xc7, 0x2b, 0x0, 0xff, 0xe4, 0x78,
    0x7, 0xff, 0x22, 0xc8, 0x0, 0x64, 0x1, 0xff,
    0xc3, 0x84, 0x0, 0xe, 0x88, 0x7, 0xff, 0x9,
    0x5c, 0x2, 0xd1, 0x0, 0xff, 0xe1, 0x1d, 0x0,
    0x54, 0x60, 0x1f, 0xfc, 0x21, 0xd0, 0x9, 0xd4,
    0x3, 0xff, 0x87, 0xa2, 0x0, 0x48, 0x0, 0xff,
    0xe1, 0xc9, 0x80, 0xa, 0x80, 0x3f, 0xf8, 0x6c,
    0xc0, 0xb, 0xc4, 0x3, 0xff, 0x84, 0x72, 0x1,
    0x51, 0x0, 0x7f, 0xf0, 0x8f, 0x40, 0x28, 0x50,
    0xf, 0xfe, 0x1a, 0x88, 0x1, 0x5c, 0x3, 0xff,
    0x8e, 0x54, 0x1, 0xff, 0xc7, 0x1f, 0x0, 0xff,
    0xe4, 0x51, 0x0, 0x7f, 0xf1, 0xe1, 0x0, 0x3f,
    0xf8, 0xea, 0xe0, 0x1f, 0xfc, 0x40,

    /* U+043A "к" */
    0x4f, 0xfa, 0x40, 0x3f, 0xcd, 0xff, 0x50, 0x7,
    0xff, 0xc, 0xa4, 0x0, 0x36, 0x1, 0xff, 0xc3,
    0xf0, 0xb, 0x44, 0x3, 0xff, 0x85, 0x24, 0x0,
    0x83, 0x0, 0xff, 0xe1, 0x23, 0x0, 0x11, 0xc0,
    0x3f, 0xf8, 0x43, 0x40, 0x1, 0xa0, 0xf, 0xfe,
    0x1d, 0x8, 0x2, 0x84, 0x3, 0xff, 0x84, 0xc8,
    0x0, 0x74, 0x0, 0xff, 0xe1, 0x14, 0x80, 0xe,
    0x0, 0x3f, 0xc4, 0xcd, 0xbc, 0x2, 0xe0, 0xf,
    0xf9, 0x26, 0x71, 0x0, 0x28, 0x80, 0x3f, 0xf8,
    0xfa, 0x1, 0xff, 0xc8, 0x74, 0x0, 0xff, 0x9b,
    0xff, 0x28, 0x5, 0x42, 0x1, 0xff, 0xc3, 0xa2,
    0x0, 0xe, 0x80, 0x7f, 0xf1, 0x3c, 0x40, 0x7,
    0x20, 0x1f, 0xfc, 0x32, 0xa0, 0x9, 0x94, 0x3,
    0xff, 0x86, 0x90, 0x1, 0x51, 0x0, 0x7f, 0xf0,
    0xdd, 0x0, 0x2f, 0x0, 0xff, 0xe2, 0x59, 0x0,
    0xa, 0x80, 0x3f, 0xf8, 0x9e, 0x1, 0x2b, 0x0,
    0x7f, 0xf0, 0xca, 0x80, 0x29, 0x30,

    /* U+043B "л" */
    0x0, 0xe6, 0xff, 0xff, 0xe1, 0xf0, 0x7, 0xff,
    0x3c, 0x40, 0x3f, 0xf9, 0x3e, 0x1, 0x44, 0x7f,
    0x0, 0x7f, 0x8, 0x0, 0x5d, 0xff, 0x84, 0x3,
    0xfe, 0x30, 0xf, 0xfe, 0x31, 0x80, 0x4, 0x3,
    0xff, 0x8c, 0x20, 0x1f, 0xfc, 0x97, 0x0, 0x38,
    0x7, 0xff, 0x18, 0x40, 0x2, 0x1, 0xff, 0xc6,
    0x30, 0x1, 0x0, 0x7f, 0xf1, 0x84, 0x1, 0xe0,
    0x1f, 0xfc, 0x51, 0x0, 0x88, 0x3, 0xff, 0x8a,
    0x60, 0x10, 0x80, 0x7f, 0xf1, 0x5c, 0x2, 0x50,
    0xf, 0xfe, 0x2e, 0x0, 0x4, 0x40, 0x1f, 0xfc,
    0x57, 0x0, 0x28, 0x7, 0xff, 0x16, 0x44, 0x1,
    0xa0, 0x1f, 0xfc, 0x26, 0x9d, 0x60, 0x9, 0xc0,
    0x3f, 0xf8, 0x58, 0xc4, 0x1, 0x30, 0x80, 0x7f,
    0xf0, 0x84, 0x3, 0x1c, 0x80, 0x7f, 0xf1, 0x85,
    0xb4, 0x3, 0xff, 0x88,

    /* U+043C "м" */
    0x4f, 0xfb, 0x80, 0x3f, 0xf8, 0x97, 0xff, 0x10,
    0x6, 0x18, 0x0, 0xff, 0xe1, 0x22, 0x0, 0x3f,
    0x9c, 0x40, 0x3f, 0xf8, 0x32, 0x1, 0xff, 0x58,
    0x7, 0xff, 0x1, 0xc8, 0x3, 0xfe, 0x53, 0x0,
    0xff, 0xc, 0x0, 0x7f, 0xf0, 0x7c, 0x3, 0xfd,
    0x0, 0x1f, 0xf2, 0x80, 0xd, 0x40, 0x3f, 0x1b,
    0x0, 0x10, 0x3, 0xf4, 0x90, 0x2, 0x0, 0x3f,
    0x78, 0x0, 0xf8, 0x3, 0xfa, 0x40, 0x4, 0xe0,
    0x1e, 0x53, 0x0, 0x78, 0x7, 0xf9, 0x10, 0x0,
    0x91, 0x0, 0xeb, 0x0, 0x31, 0x80, 0x7f, 0xd2,
    0x0, 0x19, 0x0, 0xce, 0x20, 0x8, 0x0, 0xff,
    0xe0, 0x13, 0x80, 0x1c, 0x80, 0x3, 0x0, 0x8,
    0x10, 0xf, 0xfe, 0xc, 0x8, 0x2, 0x0, 0x16,
    0x0, 0x27, 0x0, 0xff, 0xe1, 0xc0, 0x1, 0x4c,
    0xca, 0x0, 0x90, 0xf, 0xfe, 0x23, 0x18, 0x3,
    0xfc, 0x0, 0x44, 0x0, 0x7f, 0xf1, 0x7c, 0x0,
    0x66, 0x0, 0x48, 0x7, 0xff, 0x18, 0xd4, 0x3,
    0x39, 0x0, 0x7f, 0xf1, 0xec, 0x2, 0x18, 0x0,
    0xff, 0xe4, 0xb, 0x80, 0x2c, 0x3, 0xff, 0x95,
    0x11, 0x28, 0x7, 0xff, 0x2d, 0xdc, 0x1, 0xff,
    0xda,

    /* U+043D "н" */
    0x4f, 0xfa, 0x40, 0x3f, 0xe5, 0xff, 0x9c, 0x3,
    0xff, 0xfe, 0x1, 0xff, 0xff, 0x0, 0xff, 0xe5,
    0x13, 0x37, 0xfd, 0x80, 0x1f, 0x92, 0x67, 0xfe,
    0x60, 0xf, 0xff, 0x33, 0x7f, 0xff, 0xd4, 0x1,
    0xff, 0xff, 0x0, 0xff, 0xff, 0x80, 0x7f, 0xf2,
    0x80,

    /* U+043E "о" */
    0x0, 0xf8, 0xe3, 0x3b, 0xfd, 0xb6, 0xc2, 0x1,
    0xff, 0x1e, 0x61, 0xcc, 0x40, 0x4, 0x93, 0xd0,
    0x1, 0xfc, 0xf8, 0x60, 0x1f, 0xe7, 0xd2, 0x0,
    0xf3, 0xc0, 0x6, 0x26, 0x87, 0x50, 0xc, 0x58,
    0x40, 0x19, 0x20, 0x2, 0x2c, 0xd9, 0x78, 0xaf,
    0x80, 0x8, 0x7c, 0x3, 0x48, 0x4, 0x9a, 0x60,
    0x1e, 0x7c, 0x0, 0x89, 0xc0, 0xa, 0x40, 0x1,
    0xa0, 0xf, 0xe3, 0x90, 0xa, 0x40, 0x1c, 0x1,
    0x40, 0x80, 0x7f, 0x98, 0x80, 0x2, 0x80, 0x80,
    0x13, 0x0, 0x7f, 0xf0, 0x28, 0x2, 0xc2, 0x0,
    0x8c, 0x3, 0xff, 0x82, 0x80, 0x11, 0x88, 0x4,
    0xe0, 0x1f, 0xfc, 0x11, 0x0, 0x9c, 0x3, 0xff,
    0x96, 0x20, 0x13, 0x80, 0x7f, 0xf0, 0x44, 0x2,
    0x72, 0x0, 0x8c, 0x3, 0xff, 0x82, 0x80, 0x11,
    0x82, 0x0, 0x4c, 0x1, 0xff, 0xc0, 0xa0, 0xb,
    0x3, 0x80, 0x28, 0x10, 0xf, 0xf3, 0x10, 0x0,
    0x50, 0x14, 0x80, 0x3, 0x40, 0x1f, 0xc7, 0x20,
    0x14, 0x80, 0x52, 0x1, 0x26, 0xa0, 0x7, 0x9f,
    0x0, 0x23, 0x70, 0x9, 0x20, 0x2, 0x2b, 0xd9,
    0x78, 0xaf, 0x80, 0x8, 0x78, 0x3, 0x9e, 0x40,
    0x31, 0x34, 0x3a, 0x80, 0x62, 0xc2, 0x0, 0xf3,
    0x61, 0x80, 0x7f, 0x9f, 0x48, 0x3, 0xf1, 0xe6,
    0x1c, 0xc4, 0x0, 0x29, 0x3d, 0x0, 0x1c,

    /* U+043F "п" */
    0x4f, 0xff, 0xfe, 0x3a, 0x80, 0x7f, 0xf8, 0x8e,
    0x23, 0xfe, 0x40, 0xf, 0xca, 0xef, 0xff, 0x60,
    0x7, 0xff, 0xfc, 0x3, 0xff, 0xfe, 0x1, 0xff,
    0xff, 0x0, 0xff, 0xff, 0x80, 0x7f, 0xfc, 0x40,

    /* U+0440 "р" */
    0x4f, 0xf9, 0x80, 0x2, 0xd7, 0xbf, 0xee, 0xb7,
    0x10, 0xf, 0xfe, 0x3, 0xf4, 0xa1, 0x0, 0x5,
    0x23, 0xa4, 0x3, 0xfd, 0x50, 0x1, 0xfe, 0x6d,
    0x20, 0xf, 0xa1, 0x40, 0x26, 0x9b, 0xa8, 0x20,
    0x8, 0xb0, 0x80, 0x3c, 0x20, 0x6, 0xf9, 0x64,
    0x57, 0xda, 0x0, 0x87, 0x80, 0x3f, 0x44, 0x80,
    0x7c, 0xb8, 0x1, 0x1b, 0x0, 0x79, 0x1c, 0x3,
    0xf8, 0xe4, 0x2, 0xb0, 0xf, 0x40, 0x7, 0xfc,
    0xc2, 0x0, 0x23, 0x0, 0xc4, 0x60, 0x1f, 0xfc,
    0x6, 0x0, 0x90, 0x3, 0x38, 0x7, 0xff, 0x7,
    0x40, 0x2e, 0x0, 0xc4, 0x1, 0xff, 0xc1, 0x60,
    0x8, 0xc0, 0x30, 0x80, 0x7f, 0xf0, 0x5c, 0x3,
    0xf1, 0x0, 0x7f, 0xf0, 0x48, 0x2, 0x30, 0xc,
    0xa0, 0x1f, 0xfc, 0x1f, 0x0, 0xbc, 0x3, 0xa,
    0x0, 0x7f, 0xf0, 0x18, 0x2, 0x50, 0xe, 0x90,
    0xf, 0xfa, 0x40, 0x22, 0x30, 0xe, 0x2a, 0x0,
    0xfe, 0x66, 0x0, 0x56, 0x1, 0xf2, 0xe1, 0x80,
    0x70, 0xcc, 0x80, 0x23, 0x60, 0xe, 0x10, 0x1,
    0xe6, 0x25, 0xe2, 0xf9, 0x80, 0x21, 0xd0, 0xf,
    0x3c, 0x0, 0x46, 0xd0, 0xe8, 0x1, 0x8b, 0x4,
    0x3, 0xe7, 0xa1, 0x0, 0xfe, 0x6d, 0x20, 0xf,
    0xe5, 0xea, 0x52, 0x0, 0xa, 0x47, 0x48, 0x7,
    0xff, 0x5, 0x6b, 0x7f, 0xdd, 0x6e, 0x20, 0x1f,
    0xff, 0xf0, 0xf, 0xff, 0xf8, 0x7, 0xff, 0x14,

    /* U+0441 "с" */
    0x0, 0xf8, 0xe3, 0x3b, 0xfd, 0xd6, 0xe2, 0x1,
    0xfc, 0x59, 0x87, 0x31, 0x0, 0xa, 0x47, 0x48,
    0x7, 0xcd, 0xa6, 0x1, 0xfe, 0x6d, 0x10, 0xc,
    0xf2, 0x1, 0x89, 0x5d, 0xca, 0x1, 0x8b, 0x40,
    0x24, 0x80, 0x8, 0xaf, 0x6a, 0x21, 0x5f, 0x0,
    0x11, 0xa8, 0x2, 0x40, 0x24, 0xd4, 0x0, 0xf3,
    0xe0, 0xd, 0x28, 0x29, 0x0, 0x6, 0x80, 0x3f,
    0x8e, 0xfd, 0x40, 0x1c, 0x1, 0x40, 0x80, 0x7f,
    0x90, 0x40, 0x24, 0x0, 0x98, 0x3, 0xff, 0x86,
    0x40, 0x11, 0x80, 0x7f, 0xf1, 0x4, 0x2, 0x70,
    0xf, 0xfe, 0xc8, 0x80, 0x4e, 0x1, 0xff, 0xc4,
    0x20, 0x8, 0xc0, 0x3f, 0xf8, 0xa8, 0x1, 0x30,
    0x7, 0xff, 0x13, 0x80, 0x28, 0x10, 0xf, 0xf2,
    0x8, 0x4, 0xa4, 0x0, 0x1a, 0x0, 0xfe, 0x3b,
    0xf5, 0x0, 0xa4, 0x2, 0x4d, 0x40, 0xf, 0x3e,
    0x0, 0xd2, 0x80, 0x12, 0x0, 0x22, 0xbd, 0x98,
    0x85, 0x7c, 0x0, 0x46, 0xa0, 0x13, 0xc8, 0x6,
    0x26, 0x77, 0x28, 0x6, 0x3d, 0x0, 0xe6, 0xd4,
    0x0, 0xff, 0x3e, 0x8, 0x7, 0x8a, 0xf1, 0xcc,
    0x40, 0x2, 0x91, 0xd0, 0x1, 0x0,

    /* U+0442 "т" */
    0xdf, 0xff, 0xfe, 0x34, 0x0, 0x7f, 0xf7, 0x2e,
    0x23, 0xe0, 0x8, 0xa2, 0x3e, 0xb6, 0x77, 0xf3,
    0x0, 0x42, 0xef, 0xf1, 0x80, 0x7f, 0xff, 0xc0,
    0x3f, 0xff, 0xe0, 0x1f, 0xff, 0xf0, 0xf, 0xff,
    0xf8, 0x7, 0xff, 0x70,

    /* U+0443 "у" */
    0xa, 0xff, 0x94, 0x3, 0xff, 0x82, 0xbf, 0xf3,
    0x4, 0x80, 0x52, 0x1, 0xff, 0xc1, 0x90, 0x9,
    0x80, 0xcc, 0x0, 0x33, 0x0, 0x7f, 0xc4, 0x60,
    0x6, 0x0, 0xa4, 0x2, 0x90, 0xf, 0xfa, 0xc0,
    0x2b, 0x0, 0x94, 0x40, 0xa, 0x20, 0x1f, 0xc2,
    0xc0, 0x4, 0x20, 0xd, 0x20, 0x13, 0x0, 0x7f,
    0x30, 0x5, 0xe0, 0x1c, 0xc0, 0x14, 0x80, 0x7f,
    0x50, 0x0, 0x90, 0x3, 0x85, 0x80, 0x2, 0xa0,
    0x1f, 0x21, 0x0, 0x2c, 0x3, 0xea, 0x0, 0xa4,
    0x3, 0xef, 0x0, 0x98, 0x3, 0xe3, 0x30, 0x0,
    0xc8, 0x3, 0x89, 0x0, 0xc, 0x1, 0xfd, 0x20,
    0x15, 0x80, 0x75, 0x80, 0x56, 0x1, 0xfc, 0xa2,
    0x0, 0x61, 0x0, 0xcc, 0x0, 0x42, 0x0, 0xff,
    0x48, 0x4, 0xc0, 0x13, 0x0, 0x5e, 0x1, 0xff,
    0x30, 0x5, 0x40, 0x15, 0x80, 0x9, 0x0, 0x3f,
    0xe1, 0x60, 0x1, 0x20, 0x21, 0x0, 0x2c, 0x3,
    0xff, 0x83, 0x60, 0x17, 0x87, 0x80, 0x4c, 0x1,
    0xff, 0xc1, 0x23, 0x0, 0x22, 0x40, 0x7, 0x0,
    0xff, 0xe1, 0xc8, 0x5, 0x60, 0x15, 0x0, 0x7f,
    0xf0, 0xd4, 0x40, 0x39, 0x8, 0x3, 0xff, 0x89,
    0x20, 0x1d, 0xe0, 0x1f, 0xfc, 0x56, 0x0, 0xc4,
    0x80, 0x1f, 0xfc, 0x51, 0x50, 0xa, 0xc0, 0x3f,
    0xf8, 0xec, 0x0, 0x16, 0x0, 0xff, 0xe3, 0x21,
    0x80, 0x18, 0x3, 0xff, 0x8f, 0x0, 0x14, 0x80,
    0x7f, 0xc9, 0x20, 0x1d, 0x6, 0x0, 0x51, 0x0,
    0xff, 0xa5, 0xba, 0x19, 0xf1, 0xc0, 0x2b, 0x0,
    0xff, 0x94, 0x80, 0x5e, 0x60, 0xc0, 0x2a, 0x10,
    0xf, 0xf9, 0xc8, 0x3, 0xf5, 0x28, 0x7, 0xff,
    0x0, 0xb6, 0x94, 0x40, 0x6, 0xfc, 0xa0, 0x1f,
    0xfc, 0x10,

    /* U+0444 "ф" */
    0x0, 0xff, 0xe0, 0xb4, 0x41, 0xc0, 0x3f, 0xf9,
    0xd4, 0xee, 0x80, 0xf, 0xff, 0xf8, 0x7, 0xff,
    0xfc, 0x3, 0xff, 0xfe, 0x1, 0xc2, 0xd3, 0x9d,
    0xe6, 0x1, 0x7f, 0x6d, 0x31, 0x0, 0x7f, 0xf0,
    0xe, 0xba, 0x58, 0xc4, 0x3, 0xc2, 0x4b, 0x3b,
    0x68, 0x1, 0xfc, 0xf8, 0xa0, 0x1f, 0xfc, 0x44,
    0xb9, 0x0, 0xfa, 0x60, 0x3, 0x84, 0xd0, 0x40,
    0x24, 0x41, 0x0, 0x73, 0x58, 0x7, 0x33, 0x0,
    0x21, 0x7d, 0xec, 0xb2, 0x0, 0xae, 0xdb, 0xf4,
    0x60, 0x12, 0x48, 0x4, 0x30, 0x1, 0x1f, 0xc1,
    0x0, 0x7f, 0xcb, 0x90, 0x1, 0x31, 0x80, 0x18,
    0x40, 0x5, 0x82, 0x1, 0xff, 0xc3, 0x77, 0x0,
    0x52, 0x0, 0xb0, 0xa, 0x40, 0x3f, 0xf8, 0xd0,
    0x20, 0x5, 0x0, 0x18, 0x0, 0x50, 0x3, 0xff,
    0x8e, 0xe0, 0x12, 0x10, 0x4, 0x80, 0x1f, 0xfc,
    0x8f, 0x0, 0x84, 0x40, 0x11, 0x0, 0x7f, 0xf2,
    0xc, 0x2, 0x20, 0xf, 0xfe, 0x69, 0x80, 0x42,
    0x20, 0x8, 0x80, 0x3f, 0xf9, 0x2, 0x1, 0x19,
    0x0, 0x48, 0x1, 0xff, 0xc8, 0xc0, 0x9, 0x80,
    0xc0, 0x2, 0x80, 0x1f, 0xfc, 0x62, 0x40, 0x8,
    0xc2, 0xc0, 0x29, 0x0, 0xff, 0xe3, 0x48, 0x4,
    0xa0, 0x7, 0x10, 0x1, 0x60, 0x80, 0x7f, 0xf0,
    0xe9, 0x0, 0x28, 0x0, 0xa0, 0x2, 0x3f, 0x60,
    0xf, 0xfe, 0x3, 0x6a, 0x80, 0x4e, 0x40, 0x13,
    0x38, 0x4, 0x33, 0xf7, 0xc, 0x20, 0x12, 0xc5,
    0xfc, 0x90, 0x4, 0xb0, 0x1, 0xd1, 0x20, 0x1c,
    0x8f, 0x24, 0x1, 0x53, 0xa0, 0x7, 0x3d, 0x0,
    0x7c, 0xda, 0xa0, 0x1f, 0xfc, 0x44, 0xc8, 0x0,
    0xfe, 0x2a, 0xe9, 0x62, 0x10, 0xf, 0x9, 0x2c,
    0xed, 0x98, 0x7, 0xff, 0x0, 0x5a, 0x77, 0xbc,
    0xc0, 0x2f, 0xed, 0xa6, 0x20, 0xf, 0xff, 0xf8,
    0x7, 0xff, 0xfc, 0x3, 0xff, 0xee,

    /* U+0445 "х" */
    0xd, 0xff, 0x98, 0x3, 0xfd, 0x5f, 0xf4, 0x0,
    0x3c, 0x2, 0x92, 0x0, 0xfc, 0xca, 0x0, 0x48,
    0x0, 0x14, 0x80, 0x5e, 0x1, 0xf1, 0x48, 0x0,
    0x68, 0x3, 0x32, 0x80, 0xa, 0x40, 0x3d, 0xe0,
    0x15, 0x8, 0x7, 0x51, 0x0, 0x19, 0x40, 0x35,
    0x10, 0x1, 0xd0, 0x3, 0xee, 0x0, 0xa8, 0x80,
    0xa, 0xa0, 0x1, 0xc0, 0x7, 0xe3, 0x90, 0xb,
    0x80, 0xa8, 0x0, 0x3a, 0x1, 0xfe, 0x65, 0x0,
    0x1c, 0x78, 0x5, 0x42, 0x1, 0xff, 0x58, 0x80,
    0x1c, 0x80, 0xe, 0x80, 0x1f, 0xfc, 0x1, 0xd0,
    0xe, 0x38, 0x0, 0xff, 0xe1, 0x1b, 0x80, 0x6e,
    0x0, 0xff, 0xe2, 0x20, 0x6, 0x50, 0xf, 0xfe,
    0x1c, 0x98, 0x6, 0x83, 0x0, 0xff, 0xe0, 0xab,
    0x0, 0x4, 0x2, 0xe1, 0x0, 0xff, 0x8a, 0x80,
    0x2c, 0x70, 0x1, 0x58, 0x7, 0xfd, 0xc0, 0x14,
    0x94, 0x18, 0x1, 0x5c, 0x3, 0xfa, 0xc, 0x0,
    0xac, 0x0, 0xe0, 0xa, 0xc, 0x3, 0xe4, 0x70,
    0x1, 0x50, 0x4, 0x54, 0x1, 0x70, 0x80, 0x70,
    0xd0, 0x5, 0xc0, 0x1c, 0xac, 0x0, 0x2b, 0x0,
    0xed, 0x10, 0x4, 0x18, 0x7, 0xa4, 0x80, 0xa,
    0xe0, 0x14, 0x18, 0x1, 0x1c, 0x3, 0xf7, 0x80,
    0x50, 0x60, 0x8e, 0x0, 0x1a, 0x0, 0xfe, 0x29,
    0x0, 0xb8, 0x40,

    /* U+0446 "ц" */
    0x4f, 0xfa, 0x40, 0x3f, 0xed, 0xff, 0x80, 0x3f,
    0xff, 0xe0, 0x1f, 0xff, 0xf0, 0xf, 0xff, 0xf8,
    0x7, 0xff, 0xfc, 0x3, 0xff, 0xfe, 0x1, 0xff,
    0xdd, 0x57, 0x7f, 0xf8, 0xc0, 0x27, 0x78, 0x80,
    0x31, 0xc4, 0x7f, 0xc2, 0x1, 0x44, 0x4e, 0x1,
    0xff, 0xe4, 0x4f, 0xff, 0xfe, 0x35, 0x80, 0x7f,
    0xff, 0xc0, 0x3f, 0xfc, 0x9, 0xdd, 0x28,

    /* U+0447 "ч" */
    0x5f, 0xfa, 0x0, 0x3f, 0xc7, 0xff, 0x50, 0x7,
    0xff, 0xfc, 0x3, 0xff, 0xc2, 0x20, 0x1f, 0xfc,
    0x77, 0x0, 0x8c, 0x3, 0xff, 0x86, 0x40, 0x12,
    0x8, 0x7, 0xff, 0x8, 0x4c, 0x2, 0xd1, 0x0,
    0xf8, 0xe4, 0x3, 0xa4, 0x2, 0x3f, 0x95, 0x44,
    0x34, 0xee, 0x28, 0x7, 0x2a, 0x80, 0x21, 0x6a,
    0xbb, 0x4b, 0x10, 0x7, 0xea, 0x70, 0xf, 0xf0,
    0xb0, 0x7, 0xd1, 0xd0, 0x82, 0x0, 0x13, 0x7b,
    0xea, 0x0, 0xfc, 0x2f, 0x7d, 0xfe, 0xec, 0x84,
    0x0, 0xff, 0xff, 0x80, 0x7f, 0xf9, 0xc0,

    /* U+0448 "ш" */
    0x4f, 0xfa, 0x40, 0x3f, 0xf, 0xfd, 0x80, 0x1f,
    0xdd, 0xfe, 0xe0, 0xf, 0xff, 0xf8, 0x7, 0xff,
    0xfc, 0x3, 0xff, 0xfe, 0x1, 0xff, 0xff, 0x0,
    0xff, 0xff, 0x80, 0x7f, 0xff, 0xc0, 0x3f, 0xff,
    0xe0, 0x1e, 0x57, 0x7f, 0xcc, 0x1, 0xb, 0xbf,
    0xf0, 0x80, 0x7c, 0x71, 0x1f, 0xc0, 0x11, 0x44,
    0x7f, 0x0, 0x7f, 0xfd, 0x80,

    /* U+0449 "щ" */
    0x4f, 0xfa, 0x40, 0x3f, 0xf, 0xfd, 0x80, 0x1f,
    0xdd, 0xfe, 0xe0, 0xf, 0xff, 0xf8, 0x7, 0xff,
    0xfc, 0x3, 0xff, 0xfe, 0x1, 0xff, 0xff, 0x0,
    0xff, 0xff, 0x80, 0x7f, 0xff, 0xc0, 0x3f, 0xff,
    0xe0, 0x1f, 0xff, 0xf0, 0x9, 0x5d, 0xff, 0x30,
    0x4, 0x2e, 0xff, 0xa0, 0x40, 0x2, 0xef, 0x0,
    0x71, 0xc4, 0x7f, 0x0, 0x45, 0x11, 0xf9, 0xc0,
    0x34, 0x44, 0x1, 0xff, 0xfb, 0x4f, 0xff, 0xfe,
    0x8b, 0x0, 0x7f, 0xff, 0xc0, 0x3f, 0xfe, 0x9a,
    0xef, 0x0,

    /* U+044A "ъ" */
    0xdf, 0xff, 0xe7, 0x0, 0xff, 0xfa, 0x5c, 0x47,
    0x28, 0x7, 0xff, 0x19, 0x9d, 0xfb, 0xc0, 0x3f,
    0xff, 0xe0, 0x1f, 0xfd, 0x8, 0xff, 0xf7, 0x64,
    0x98, 0x7, 0xff, 0x24, 0x4d, 0xb2, 0xc4, 0x3,
    0xff, 0x82, 0x23, 0xc0, 0x1c, 0x98, 0x20, 0x1f,
    0xf4, 0x77, 0x77, 0xec, 0x0, 0x45, 0x0, 0x1f,
    0xfc, 0x62, 0x7c, 0x0, 0x98, 0x3, 0xff, 0x90,
    0x68, 0x1, 0x18, 0x7, 0xff, 0x20, 0xc0, 0x26,
    0x0, 0xff, 0xe4, 0x8, 0x4, 0x20, 0x1f, 0xfc,
    0x85, 0x0, 0x9c, 0x3, 0xff, 0x8e, 0xc6, 0x0,
    0x13, 0x0, 0xff, 0xe2, 0x9, 0xcc, 0x80, 0x29,
    0x0, 0xff, 0xa3, 0xff, 0xbb, 0x18, 0x2, 0x47,
    0x0, 0xff, 0xe5, 0x3d, 0x80, 0x7f, 0xf1, 0xc9,
    0x23, 0xa0, 0x2,

    /* U+044B "ы" */
    0x4f, 0xfa, 0x40, 0x3f, 0xf8, 0x8b, 0xff, 0x40,
    0x7, 0xff, 0xfc, 0x3, 0xff, 0xfe, 0x1, 0xff,
    0xd8, 0x6f, 0xff, 0x76, 0xca, 0x0, 0x7f, 0xf2,
    0x84, 0x9a, 0xf0, 0x80, 0x3f, 0xf8, 0x42, 0x3c,
    0x1, 0xc7, 0x84, 0x1, 0xff, 0xc0, 0x6e, 0xee,
    0xfd, 0x81, 0x0, 0xc, 0x80, 0x7f, 0xf1, 0xc9,
    0xf0, 0x2, 0x42, 0x0, 0xff, 0xe4, 0x13, 0x0,
    0x48, 0x1, 0xff, 0xc9, 0xf0, 0x8, 0x40, 0x3f,
    0xfc, 0x78, 0x1, 0x10, 0x7, 0xff, 0x21, 0x14,
    0x2, 0x40, 0xf, 0xfe, 0x31, 0xc5, 0x80, 0x4c,
    0x20, 0x1f, 0xf3, 0x7f, 0xfb, 0x1c, 0x2, 0x39,
    0x0, 0xff, 0xe5, 0xb6, 0x0, 0x7f, 0xf2, 0x5,
    0x23, 0x64, 0x3, 0xfc,

    /* U+044C "ь" */
    0x4f, 0xfa, 0x40, 0x3f, 0xff, 0xe0, 0x1f, 0xff,
    0xf0, 0x6f, 0xff, 0xb6, 0x98, 0x3, 0xff, 0x88,
    0x4b, 0x3c, 0x80, 0x1f, 0x8, 0xf0, 0x7, 0xd,
    0xa8, 0x7, 0x37, 0x77, 0x7f, 0x51, 0x0, 0x56,
    0x20, 0x1f, 0xf0, 0xae, 0x98, 0x0, 0x5c, 0x3,
    0xff, 0x85, 0x20, 0x16, 0x0, 0x7f, 0xf0, 0x9c,
    0x2, 0x60, 0xf, 0xfe, 0x33, 0x80, 0x7f, 0xf0,
    0x90, 0x2, 0x20, 0xf, 0xfe, 0x8, 0xc0, 0x5,
    0x80, 0x1f, 0xf1, 0x3f, 0x88, 0x0, 0x94, 0x3,
    0x37, 0xff, 0xb6, 0x4, 0x0, 0x3e, 0x1, 0xff,
    0xc4, 0x3c, 0x20, 0xf, 0xfe, 0x0, 0x9b, 0x66,
    0x8, 0x0,

    /* U+044D "э" */
    0x0, 0xe4, 0x9c, 0xef, 0xf7, 0x5b, 0x90, 0x7,
    0xf9, 0xba, 0xd8, 0xc4, 0x0, 0x29, 0x1b, 0x42,
    0x1, 0xe1, 0xc9, 0x10, 0xf, 0xf2, 0xf2, 0x80,
    0x76, 0x98, 0x4, 0x91, 0x79, 0x72, 0xa0, 0x1a,
    0x98, 0x3, 0x70, 0x82, 0xed, 0xba, 0x1a, 0x35,
    0x73, 0x0, 0x52, 0x60, 0x11, 0x7c, 0xd1, 0x0,
    0x7c, 0x33, 0x20, 0xb, 0x80, 0x30, 0xb0, 0x7,
    0xfc, 0xce, 0x0, 0x25, 0x0, 0xff, 0xe2, 0xc0,
    0x80, 0x38, 0x3, 0xff, 0x8c, 0xe0, 0x4, 0x0,
    0xfd, 0xdd, 0xfe, 0x60, 0x8, 0x80, 0x3e, 0x11,
    0xff, 0x0, 0x66, 0x0, 0xff, 0xe4, 0xb8, 0x7,
    0xdf, 0xff, 0xe7, 0x0, 0x84, 0x3, 0xff, 0x8a,
    0x80, 0x11, 0x0, 0x7f, 0xf1, 0xc, 0xc0, 0x4,
    0x0, 0xff, 0xe2, 0xf8, 0x5, 0xc0, 0x11, 0xc8,
    0x7, 0xfd, 0x46, 0x0, 0x25, 0x0, 0x16, 0xb6,
    0x18, 0x7, 0xc5, 0x8a, 0x1, 0x70, 0x5, 0xc2,
    0x7, 0x98, 0x75, 0x45, 0x7b, 0xd3, 0x0, 0xa4,
    0xc0, 0x2d, 0x30, 0x8, 0xe2, 0xae, 0xa1, 0x0,
    0x35, 0x30, 0x6, 0x1c, 0x91, 0x0, 0xff, 0x2e,
    0xa8, 0x7, 0xcd, 0xd6, 0xc6, 0x20, 0x1, 0x48,
    0xda, 0x20, 0xe,

    /* U+044E "ю" */
    0x4f, 0xfa, 0x40, 0x3f, 0xc9, 0x3b, 0xff, 0x6c,
    0xa0, 0x7, 0xff, 0x20, 0xf6, 0xd8, 0x80, 0x22,
    0x6b, 0xd4, 0x0, 0xff, 0xe2, 0xc6, 0x10, 0x7,
    0xf1, 0x5c, 0x0, 0x7f, 0xf0, 0xe1, 0xc0, 0x21,
    0x7a, 0xba, 0x71, 0x0, 0x9e, 0x0, 0x3f, 0xf8,
    0x2a, 0xe0, 0x13, 0xf4, 0x2a, 0x2c, 0x73, 0x0,
    0x4e, 0x80, 0x1f, 0xfc, 0xb, 0x0, 0xa6, 0x0,
    0x3e, 0x98, 0x0, 0xa8, 0x3, 0xfe, 0x71, 0x0,
    0x2b, 0x0, 0x7f, 0x3a, 0x0, 0x5, 0x80, 0x3f,
    0xd6, 0x1, 0x40, 0x7, 0xfd, 0x0, 0x16, 0x80,
    0x7f, 0x8c, 0x0, 0x44, 0x0, 0xff, 0x8c, 0x80,
    0x8, 0x1, 0xcd, 0xff, 0x80, 0x27, 0x0, 0xff,
    0xe0, 0xb0, 0x4, 0x40, 0x1f, 0xfc, 0x2, 0x0,
    0xff, 0xe0, 0x90, 0x4, 0x20, 0x1f, 0xfc, 0x1,
    0x0, 0xff, 0xe0, 0x98, 0x7, 0xe2, 0x55, 0x90,
    0x2, 0x30, 0xf, 0xfe, 0x8, 0x80, 0x42, 0x1,
    0x92, 0xaa, 0xb0, 0x9, 0x0, 0x3f, 0xf8, 0x2a,
    0x1, 0x10, 0x7, 0xf1, 0x80, 0x5, 0x0, 0x3f,
    0xe5, 0x10, 0x2, 0x0, 0x7f, 0xa8, 0x2, 0x80,
    0xf, 0xfa, 0x0, 0x2d, 0x0, 0xff, 0x30, 0x80,
    0xe, 0x40, 0x3f, 0xa8, 0x80, 0x2, 0xc0, 0x1f,
    0xf5, 0x80, 0x4d, 0x64, 0x1, 0xc5, 0x8a, 0x1,
    0x50, 0x7, 0xff, 0x1, 0x5c, 0x2, 0x4d, 0xc9,
    0x79, 0xcd, 0x30, 0x9, 0xd0, 0x3, 0xff, 0x83,
    0xe, 0x1, 0x8d, 0xa1, 0x8c, 0x3, 0x44, 0x0,
    0x3f, 0xf8, 0x71, 0x84, 0x1, 0xfc, 0x56, 0xe0,
    0x1f, 0xfc, 0x53, 0xdb, 0x62, 0x0, 0x89, 0xaf,
    0x50, 0x3, 0x80,

    /* U+044F "я" */
    0x0, 0xe1, 0x7b, 0xdf, 0xff, 0xf5, 0x80, 0x69,
    0xe8, 0x42, 0x0, 0xff, 0xe0, 0x8e, 0xb0, 0x7,
    0xff, 0x16, 0x88, 0x2, 0x15, 0x78, 0x8f, 0x10,
    0x6, 0x44, 0x0, 0x4f, 0xd5, 0xe, 0xfe, 0x60,
    0xd, 0xa0, 0x13, 0x40, 0x7, 0xff, 0x9, 0x40,
    0x2a, 0x0, 0xff, 0xe1, 0x88, 0x4, 0x40, 0x1f,
    0xfd, 0x77, 0x0, 0x90, 0x3, 0xff, 0x87, 0x80,
    0x14, 0x0, 0x7f, 0xf0, 0xd8, 0x40, 0x5, 0xaa,
    0x1, 0xff, 0xc2, 0xd0, 0x8, 0xab, 0xfb, 0x77,
    0xc8, 0x1, 0xc7, 0xa6, 0x1, 0x84, 0x8b, 0xc0,
    0x1f, 0x16, 0x58, 0x7, 0xff, 0x1f, 0x80, 0x2a,
    0xff, 0xf2, 0x0, 0x7c, 0xaa, 0x0, 0x22, 0x80,
    0x7f, 0xf0, 0x46, 0xc0, 0x3, 0x40, 0x1f, 0xfc,
    0x2b, 0x10, 0x5, 0x88, 0x7, 0xff, 0x5, 0x54,
    0x0, 0x45, 0x0, 0xff, 0xe0, 0x8d, 0x0, 0x6,
    0x80, 0x3f, 0xf8, 0x54, 0x1, 0x40, 0x80, 0x7f,
    0xf0, 0x40,

    /* U+0450 "ѐ" */
    0x0, 0xcb, 0x11, 0x38, 0x80, 0x7f, 0xf1, 0x14,
    0x9d, 0xd1, 0x82, 0x1, 0xff, 0xc4, 0xa7, 0x0,
    0x16, 0x8, 0x7, 0xff, 0x12, 0x28, 0x0, 0x5a,
    0x20, 0x1f, 0xfc, 0x45, 0xc1, 0x3, 0xd1, 0x0,
    0xff, 0xe2, 0x1f, 0x98, 0x1e, 0x88, 0x7, 0xff,
    0x10, 0x73, 0xfd, 0x82, 0x1, 0xff, 0xee, 0x4a,
    0xdf, 0xf7, 0x64, 0x98, 0x7, 0xfc, 0x9b, 0x6a,
    0x40, 0x1, 0x36, 0xcc, 0x10, 0x7, 0xe8, 0xb2,
    0x0, 0xfe, 0x3d, 0x50, 0xf, 0x4b, 0x80, 0x42,
    0xd3, 0x52, 0xa0, 0x1a, 0x94, 0x3, 0x2b, 0x0,
    0x51, 0xd2, 0xca, 0xd5, 0xcc, 0x1, 0x50, 0x80,
    0x56, 0x1, 0x53, 0x80, 0x78, 0x66, 0x0, 0x2b,
    0x0, 0x30, 0x80, 0x1d, 0x40, 0x3f, 0x9d, 0x0,
    0xa, 0x21, 0xa0, 0x14, 0x80, 0x7f, 0xd0, 0x1,
    0x38, 0x20, 0x0, 0xc4, 0x3, 0xfe, 0x30, 0xb,
    0xc8, 0x2, 0x2b, 0xbf, 0xfe, 0x8, 0x4, 0xa2,
    0x1, 0xa, 0x27, 0xff, 0x4, 0x2, 0x10, 0xf,
    0xfe, 0x50, 0x80, 0x49, 0xff, 0xff, 0xc4, 0xd2,
    0x0, 0x94, 0x3, 0xff, 0x8c, 0x80, 0x1, 0x50,
    0xf, 0xfe, 0x2e, 0x80, 0x50, 0x1, 0xff, 0xc5,
    0x61, 0x0, 0x16, 0x0, 0x7f, 0x93, 0x0, 0x3a,
    0x80, 0x23, 0xd4, 0x0, 0xf0, 0xc5, 0x9d, 0x80,
    0x64, 0x80, 0x8, 0xaf, 0xaa, 0x1e, 0x2f, 0x9c,
    0x0, 0x88, 0x0, 0xcf, 0x20, 0x18, 0x55, 0xe1,
    0xd0, 0x3, 0x4a, 0x0, 0x73, 0x6a, 0x0, 0x7f,
    0x8f, 0x18, 0x3, 0xe2, 0xbd, 0x74, 0x10, 0x0,
    0x9b, 0xe6, 0xc, 0x2,

    /* U+0451 "ё" */
    0x0, 0xf8, 0x80, 0x3c, 0x24, 0x1, 0xff, 0xc0,
    0xcd, 0xe2, 0x0, 0x9b, 0xb6, 0x0, 0x3f, 0xca,
    0x60, 0x36, 0x1, 0x40, 0x1, 0xc0, 0x3f, 0xc2,
    0x1, 0x8, 0x4, 0x60, 0x1f, 0xfc, 0x14, 0x60,
    0x39, 0x0, 0xb8, 0x86, 0x80, 0x3f, 0xe9, 0xfc,
    0x10, 0x8, 0xf7, 0x94, 0x3, 0xff, 0xfe, 0x1,
    0x25, 0x6f, 0xfb, 0xb2, 0x4c, 0x3, 0xfe, 0x4d,
    0xb5, 0x20, 0x0, 0x9b, 0x66, 0x8, 0x3, 0xf4,
    0x59, 0x0, 0x7f, 0x1e, 0xa8, 0x7, 0xa5, 0xc0,
    0x21, 0x69, 0xa9, 0x50, 0xd, 0x4a, 0x1, 0x95,
    0x80, 0x28, 0xe9, 0x65, 0x6a, 0xe6, 0x0, 0xa8,
    0x40, 0x2b, 0x0, 0xa9, 0xc0, 0x3c, 0x33, 0x0,
    0x15, 0x80, 0x18, 0x40, 0xe, 0xa0, 0x1f, 0xce,
    0x80, 0x5, 0x10, 0xd0, 0xa, 0x40, 0x3f, 0xe8,
    0x0, 0x9c, 0x10, 0x0, 0x62, 0x1, 0xff, 0x18,
    0x5, 0xe4, 0x1, 0x15, 0xdf, 0xff, 0x4, 0x2,
    0x51, 0x0, 0x85, 0x13, 0xff, 0x82, 0x1, 0x8,
    0x7, 0xff, 0x28, 0x40, 0x24, 0xff, 0xff, 0xe2,
    0x69, 0x0, 0x4a, 0x1, 0xff, 0xc6, 0x40, 0x0,
    0xa8, 0x7, 0xff, 0x17, 0x40, 0x28, 0x0, 0xff,
    0xe2, 0xb0, 0x80, 0xb, 0x0, 0x3f, 0xc9, 0x80,
    0x1d, 0x40, 0x11, 0xea, 0x0, 0x78, 0x62, 0xce,
    0xc0, 0x32, 0x40, 0x4, 0x57, 0xd5, 0xf, 0x17,
    0xce, 0x0, 0x44, 0x0, 0x67, 0x90, 0xc, 0x2a,
    0xf0, 0xe8, 0x1, 0xa5, 0x0, 0x39, 0xb5, 0x0,
    0x3f, 0xc7, 0x8c, 0x1, 0xf1, 0x5e, 0xba, 0x8,
    0x0, 0x4d, 0xf3, 0x6, 0x1, 0x0,

    /* U+0452 "ђ" */
    0x0, 0xc3, 0x11, 0x18, 0x7, 0xff, 0x20, 0x9d,
    0xe5, 0x0, 0xff, 0xee, 0xae, 0x65, 0xc0, 0x14,
    0x66, 0x7f, 0x0, 0x7c, 0x67, 0x88, 0x2, 0x13,
    0x3f, 0xe0, 0xf, 0xfe, 0xa3, 0x7f, 0xd8, 0x1,
    0x4f, 0xff, 0xf0, 0x7, 0xff, 0xe0, 0x5a, 0xf7,
    0xfd, 0xd6, 0xc0, 0x1f, 0xfc, 0x37, 0xe9, 0x42,
    0x0, 0xa, 0x4f, 0x30, 0x7, 0xff, 0x2, 0xa0,
    0x3, 0xf8, 0x66, 0x0, 0x3f, 0xd0, 0xa0, 0x11,
    0xb3, 0x14, 0x40, 0x33, 0xa8, 0x7, 0xf0, 0x80,
    0x1f, 0xb2, 0x65, 0x5d, 0x40, 0x1a, 0xc0, 0x3f,
    0xea, 0x81, 0x0, 0xe5, 0xc0, 0x8, 0x50, 0x3,
    0xf9, 0x94, 0x3, 0xf1, 0xb0, 0x5, 0xa0, 0x1f,
    0xd6, 0x1, 0xfe, 0xa0, 0x8, 0x80, 0x3f, 0x11,
    0x0, 0x3f, 0xc6, 0x1, 0x30, 0x7, 0xe7, 0x0,
    0xff, 0xe6, 0x18, 0x7, 0xff, 0xc, 0xc0, 0x3f,
    0xff, 0xe0, 0x1f, 0xff, 0xf0, 0xf, 0xff, 0xf8,
    0x7, 0xff, 0xa8, 0xff, 0xe9, 0x0, 0xff, 0xe1,
    0x98, 0x7, 0xff, 0x84, 0xc0, 0x26, 0x0, 0xff,
    0xe1, 0x8, 0x7, 0x48, 0x5, 0x80, 0x1f, 0xfc,
    0x28, 0xd8, 0x66, 0x62, 0x80, 0x4c, 0x1, 0xff,
    0xc1, 0x16, 0x27, 0x99, 0x18, 0x4, 0xe2, 0x1,
    0xff, 0xc1, 0x40, 0xf, 0xcd, 0x0, 0x1f, 0xfc,
    0x25, 0xb5, 0x20, 0x0, 0xae, 0x48, 0x0,

    /* U+0453 "ѓ" */
    0x0, 0xff, 0xb, 0xc4, 0x4a, 0x1, 0xfe, 0x1c,
    0x87, 0x71, 0x28, 0x7, 0xf0, 0xe1, 0x0, 0x1e,
    0x80, 0x3f, 0x87, 0x8, 0x1, 0x50, 0x1, 0xfc,
    0x3a, 0x40, 0x3a, 0xa0, 0x1f, 0xc3, 0xa6, 0x7,
    0xe4, 0x1, 0xfe, 0x1c, 0xff, 0x60, 0x80, 0x7f,
    0xf7, 0x13, 0xff, 0xff, 0x86, 0xa0, 0x1f, 0xfd,
    0xa3, 0x88, 0xff, 0x9c, 0x3, 0x2b, 0xbf, 0xfc,
    0x40, 0x1f, 0xff, 0xf0, 0xf, 0xff, 0xf8, 0x7,
    0xff, 0xfc, 0x3, 0xff, 0xe8,

    /* U+0454 "є" */
    0x0, 0xf8, 0x9e, 0xfb, 0xfd, 0xd9, 0x28, 0x1,
    0xfe, 0x1a, 0xd8, 0x41, 0x0, 0x9, 0xb5, 0xf3,
    0x0, 0x7c, 0xbc, 0xa0, 0x1f, 0xe1, 0x9c, 0x10,
    0xc, 0xb4, 0x1, 0x8e, 0x2a, 0xe9, 0xcc, 0x2,
    0x3d, 0x0, 0x8e, 0x80, 0x23, 0xdc, 0x75, 0x45,
    0x8c, 0xc1, 0x80, 0x3c, 0x2, 0xe0, 0x9, 0x70,
    0x80, 0x3e, 0x3c, 0x6b, 0x30, 0x2, 0x90, 0x0,
    0xe8, 0x3, 0xfe, 0x94, 0x0, 0xb8, 0x2, 0x80,
    0xf, 0xfe, 0x2a, 0x0, 0x9, 0x0, 0x3f, 0xf8,
    0x84, 0x1, 0x28, 0x7, 0xff, 0x14, 0x40, 0x27,
    0xff, 0xff, 0x0, 0x7f, 0xf4, 0x44, 0x3, 0xff,
    0x92, 0x40, 0x12, 0xff, 0xff, 0x80, 0x3f, 0x20,
    0x1, 0x40, 0x3f, 0xf8, 0xdc, 0x1, 0x48, 0x7,
    0xff, 0x15, 0x48, 0x0, 0xcc, 0x0, 0xff, 0x94,
    0x80, 0x37, 0x0, 0x53, 0x21, 0x0, 0xf8, 0x6a,
    0x98, 0x40, 0x11, 0xc8, 0x4, 0xdd, 0x4c, 0x86,
    0x8f, 0x7c, 0xa0, 0x3c, 0x1, 0x9a, 0x80, 0x32,
    0xcd, 0xe5, 0xc2, 0x0, 0x47, 0xa0, 0x1c, 0xba,
    0xa0, 0x1f, 0xe1, 0x8c, 0x10, 0xf, 0x15, 0x6c,
    0x20, 0x80, 0x4, 0xda, 0xf9, 0xc0, 0x20,

    /* U+0455 "ѕ" */
    0x0, 0xe2, 0x8b, 0xef, 0xf7, 0x6d, 0x39, 0x0,
    0x78, 0x6b, 0x5d, 0x4, 0x0, 0x24, 0xb1, 0xb8,
    0x80, 0x10, 0xe2, 0x80, 0x7f, 0xc7, 0xc0, 0x16,
    0x90, 0x4, 0x8f, 0x32, 0x86, 0x20, 0xa, 0x0,
    0x6, 0x60, 0x0, 0xe5, 0xc3, 0x31, 0xe7, 0x74,
    0xac, 0x40, 0x4, 0x0, 0xa0, 0xc0, 0x3e, 0x2a,
    0x90, 0xb, 0x80, 0x22, 0x0, 0xff, 0xe1, 0x70,
    0x5, 0xa0, 0x1f, 0xfc, 0x23, 0x0, 0x9a, 0x8c,
    0x3, 0xff, 0x80, 0x86, 0x1, 0x2e, 0x75, 0xba,
    0x8, 0x7, 0xed, 0x30, 0xc, 0x29, 0x17, 0xdc,
    0x93, 0x0, 0xe1, 0xc9, 0x30, 0xf, 0x85, 0xb2,
    0x80, 0x3c, 0xd9, 0xd4, 0xe8, 0x20, 0x1c, 0xb4,
    0x1, 0xf0, 0xac, 0x5f, 0x72, 0x90, 0x2, 0x53,
    0x0, 0xff, 0x85, 0x6d, 0x80, 0x2b, 0x0, 0xff,
    0xe1, 0x68, 0x4, 0x20, 0x6, 0x0, 0xff, 0x84,
    0x2, 0x10, 0x49, 0xe8, 0x20, 0xf, 0x8a, 0xc0,
    0x2c, 0x8, 0x1, 0x7d, 0xd5, 0x43, 0xba, 0x2f,
    0x44, 0x0, 0x48, 0x24, 0x1, 0x89, 0x5e, 0x20,
    0xe8, 0x1, 0xf, 0x80, 0xf4, 0x8, 0x7, 0xfc,
    0xbe, 0x40, 0x13, 0xf5, 0xc2, 0x10, 0x80, 0x5,
    0x23, 0x68, 0x40, 0x0,

    /* U+0456 "і" */
    0x0, 0x8, 0x4, 0x5b, 0xde, 0xa1, 0x24, 0x0,
    0xa1, 0x50, 0xc, 0x68, 0x1, 0x9, 0x5a, 0x1,
    0x68, 0xd, 0xfe, 0x98, 0x7, 0xff, 0x1d, 0x3f,
    0xe9, 0x0, 0xff, 0xff, 0x80, 0x7f, 0xfa, 0x0,

    /* U+0457 "ї" */
    0x8, 0xfc, 0x10, 0x5, 0xfc, 0x81, 0x38, 0x1c,
    0x3, 0xa0, 0x32, 0x8, 0x7, 0xf0, 0x9a, 0x80,
    0xd8, 0x31, 0x1, 0xa8, 0x57, 0x70, 0x80, 0x77,
    0xb0, 0x2, 0x10, 0xe, 0x10, 0xf, 0xfe, 0x7a,
    0xff, 0xce, 0x1, 0xff, 0xff, 0x0, 0xff, 0xff,
    0x80, 0x7f, 0xff, 0xc0, 0x3f, 0x80,

    /* U+0458 "ј" */
    0x0, 0xfe, 0x10, 0xf, 0xf1, 0x67, 0x7b, 0x0,
    0x7e, 0x93, 0x0, 0x48, 0x80, 0x7c, 0xa0, 0x18,
    0x80, 0x3e, 0x40, 0x8, 0x4c, 0x3, 0xeb, 0x50,
    0x2d, 0x0, 0xfc, 0x35, 0xfa, 0x60, 0x1f, 0xfe,
    0x33, 0xff, 0xa4, 0x3, 0xff, 0xfe, 0x1, 0xff,
    0xff, 0x0, 0xff, 0xff, 0x80, 0x7f, 0xfe, 0x58,
    0x2, 0x10, 0xf, 0xc4, 0x1, 0x78, 0x0, 0x40,
    0x30, 0xc8, 0x4, 0x80, 0xc, 0xb7, 0x57, 0xf1,
    0x0, 0x11, 0x82, 0x12, 0x45, 0x40, 0x80, 0x52,
    0x0, 0xd0, 0xf, 0xd4, 0x80, 0x9, 0x92, 0x8,
    0x0, 0x9b, 0x54, 0x2,

    /* U+0459 "љ" */
    0x0, 0xe6, 0xff, 0xff, 0xe2, 0x0, 0x7f, 0xfb,
    0x44, 0x3, 0xff, 0xb1, 0xe0, 0x14, 0x47, 0xf0,
    0x7, 0xff, 0x30, 0x40, 0x2, 0xef, 0xfc, 0x1,
    0xff, 0xcf, 0x30, 0xf, 0xfe, 0xa9, 0x80, 0x4,
    0x3, 0xff, 0xaa, 0x20, 0x1f, 0xfc, 0x4e, 0xef,
    0xb2, 0x98, 0x3, 0xfc, 0xe0, 0x7, 0x0, 0xff,
    0xe0, 0x88, 0xfc, 0x6b, 0x3c, 0xa0, 0x1f, 0x84,
    0x0, 0x20, 0x1f, 0xfc, 0xb1, 0xa7, 0x0, 0xf8,
    0xc0, 0x4, 0x1, 0xff, 0xc1, 0xff, 0xf6, 0xd1,
    0x80, 0x50, 0x40, 0x1e, 0x10, 0x7, 0x80, 0x7f,
    0xf1, 0xc9, 0x71, 0x0, 0x28, 0x0, 0xe1, 0x0,
    0x88, 0x3, 0xff, 0x95, 0x20, 0x12, 0x0, 0x71,
    0x80, 0x42, 0x1, 0xff, 0xca, 0x21, 0x0, 0x8,
    0x7, 0x38, 0x4, 0xa0, 0x1f, 0xfc, 0xb3, 0x0,
    0x84, 0x3, 0x60, 0x0, 0x44, 0x1, 0xff, 0xcb,
    0x30, 0x8, 0x40, 0x33, 0x80, 0x14, 0x3, 0xff,
    0x96, 0x62, 0x0, 0x20, 0xd, 0x22, 0x0, 0xd0,
    0xf, 0xfe, 0x5f, 0x80, 0x48, 0xd, 0x3a, 0xc0,
    0x13, 0x80, 0x7f, 0xf2, 0x5, 0x74, 0xc0, 0x28,
    0xc, 0x62, 0x0, 0x98, 0x40, 0x3f, 0xf8, 0x5d,
    0xdd, 0xfd, 0x44, 0x1, 0x58, 0x80, 0x80, 0x63,
    0x90, 0xf, 0xfe, 0x18, 0x8f, 0x0, 0x71, 0x62,
    0x0, 0x70, 0xb6, 0x80, 0x7f, 0xf2, 0x84, 0x9a,
    0xf4, 0xc0, 0x20,

    /* U+045A "њ" */
    0x4f, 0xfa, 0x40, 0x3f, 0xec, 0xff, 0x84, 0x3,
    0xff, 0xfe, 0x1, 0xff, 0xff, 0x0, 0xff, 0xff,
    0x80, 0x7f, 0xf6, 0x89, 0x9b, 0xfe, 0x10, 0x9,
    0x9b, 0xe5, 0x20, 0xf, 0xf2, 0x4c, 0xff, 0xc4,
    0x1, 0x44, 0xcf, 0xab, 0x7e, 0x44, 0x3, 0xff,
    0xaa, 0xdc, 0x60, 0x1f, 0xfd, 0x6c, 0x10, 0xe,
    0x6f, 0xff, 0xf8, 0xc0, 0x2e, 0xff, 0xee, 0xb5,
    0x0, 0xd0, 0x1, 0xff, 0xcf, 0x14, 0xa8, 0x0,
    0x90, 0x3, 0xff, 0xa4, 0xe0, 0x11, 0x0, 0x7f,
    0xf4, 0xc4, 0x3, 0xff, 0xaa, 0x22, 0x0, 0x8,
    0x7, 0xff, 0x4a, 0x0, 0x27, 0x0, 0xff, 0xe8,
    0x1d, 0x30, 0x5, 0x60, 0x1f, 0xfc, 0x9f, 0xee,
    0xef, 0xc5, 0x0, 0xa4, 0x80, 0x3f, 0xf9, 0x22,
    0x3e, 0x0, 0xc3, 0x4c, 0x1, 0xff, 0xd1, 0x25,
    0xae, 0x50, 0x8,

    /* U+045B "ћ" */
    0x0, 0xe1, 0x88, 0x90, 0x3, 0xff, 0x92, 0x4e,
    0xf6, 0x80, 0x7f, 0xf7, 0x89, 0x57, 0x20, 0x4,
    0x4a, 0xbf, 0xc0, 0x1f, 0x2d, 0x56, 0x80, 0x9,
    0x2a, 0xbf, 0x88, 0x3, 0xff, 0xa8, 0xff, 0xfb,
    0x0, 0x26, 0xff, 0xfe, 0x20, 0xf, 0xff, 0xd0,
    0xb5, 0xef, 0xfb, 0xad, 0x80, 0x3f, 0xf8, 0x8f,
    0xd2, 0x84, 0x0, 0x14, 0x9e, 0x60, 0xf, 0xfe,
    0xd, 0x40, 0x7, 0xf0, 0xcc, 0x0, 0x7f, 0xcc,
    0xa0, 0x11, 0xb3, 0x14, 0x40, 0x33, 0xa8, 0x7,
    0xff, 0x5, 0xfb, 0x26, 0x55, 0xd4, 0x1, 0xa0,
    0x3, 0xff, 0x81, 0x50, 0x20, 0x1c, 0xb8, 0x1,
    0x12, 0x0, 0x7f, 0x99, 0x40, 0x3f, 0x1b, 0x0,
    0x5a, 0x1, 0xfe, 0xb0, 0xf, 0xf6, 0x80, 0x44,
    0x1, 0xfc, 0x44, 0x0, 0xff, 0x20, 0x4, 0xc0,
    0x1f, 0xce, 0x1, 0xff, 0xcd, 0x30, 0xf, 0xfe,
    0x19, 0x80, 0x7f, 0xff, 0xc0, 0x3f, 0xff, 0xe0,
    0x1f, 0xff, 0xf0, 0xf, 0xff, 0x88,

    /* U+045C "ќ" */
    0x0, 0xff, 0x8e, 0x23, 0x10, 0x7, 0xff, 0x9,
    0x31, 0xde, 0xe2, 0x0, 0xff, 0xe0, 0xa5, 0x80,
    0x6, 0xd8, 0x3, 0xff, 0x82, 0x96, 0x0, 0x2c,
    0x40, 0xf, 0xfe, 0x9, 0xd8, 0x1, 0x34, 0x80,
    0x3f, 0xf8, 0x27, 0x80, 0x7, 0xb0, 0xf, 0xfe,
    0x19, 0xff, 0xd0, 0x1, 0xff, 0xe8, 0x4f, 0xfa,
    0x40, 0x3f, 0xcd, 0xff, 0x50, 0x7, 0xff, 0xc,
    0xa4, 0x0, 0x36, 0x1, 0xff, 0xc3, 0xf0, 0xb,
    0x44, 0x3, 0xff, 0x85, 0x24, 0x0, 0x83, 0x0,
    0xff, 0xe1, 0x23, 0x0, 0x11, 0xc0, 0x3f, 0xf8,
    0x43, 0x40, 0x1, 0xa0, 0xf, 0xfe, 0x1d, 0x8,
    0x2, 0x84, 0x3, 0xff, 0x84, 0xc8, 0x0, 0x74,
    0x0, 0xff, 0xe1, 0x14, 0x80, 0xe, 0x0, 0x3f,
    0xc4, 0xcd, 0xbc, 0x2, 0xe0, 0xf, 0xf9, 0x26,
    0x71, 0x0, 0x28, 0x80, 0x3f, 0xf8, 0xfa, 0x1,
    0xff, 0xc8, 0x74, 0x0, 0xff, 0x9b, 0xff, 0x28,
    0x5, 0x42, 0x1, 0xff, 0xc3, 0xa2, 0x0, 0xe,
    0x80, 0x7f, 0xf1, 0x3c, 0x40, 0x7, 0x20, 0x1f,
    0xfc, 0x32, 0xa0, 0x9, 0x94, 0x3, 0xff, 0x86,
    0x90, 0x1, 0x51, 0x0, 0x7f, 0xf0, 0xdd, 0x0,
    0x2f, 0x0, 0xff, 0xe2, 0x59, 0x0, 0xa, 0x80,
    0x3f, 0xf8, 0x9e, 0x1, 0x2b, 0x0, 0x7f, 0xf0,
    0xca, 0x80, 0x29, 0x30,

    /* U+045D "ѝ" */
    0x0, 0x8e, 0x23, 0x18, 0x7, 0xff, 0x10, 0xfd,
    0xde, 0xc3, 0x0, 0xff, 0xe2, 0x3d, 0x80, 0x58,
    0x60, 0x1f, 0xfc, 0x44, 0xd2, 0x0, 0x61, 0x80,
    0x7f, 0xf1, 0xb, 0x10, 0x1, 0x86, 0x1, 0xff,
    0xc4, 0x1b, 0x70, 0x6, 0x18, 0x7, 0xff, 0x16,
    0x3f, 0xe3, 0x0, 0xff, 0xf4, 0x27, 0xfd, 0x20,
    0x1f, 0xfc, 0xc, 0xff, 0x80, 0x3f, 0xf8, 0xb4,
    0x60, 0x1f, 0xfc, 0x77, 0x50, 0xf, 0xfe, 0x3a,
    0x40, 0x7, 0xff, 0x1c, 0xac, 0x3, 0xff, 0x91,
    0xe0, 0x1f, 0xfc, 0x8b, 0x20, 0x1, 0x90, 0x7,
    0xff, 0xe, 0x10, 0x0, 0x3a, 0x20, 0x1f, 0xfc,
    0x25, 0x70, 0xb, 0x44, 0x3, 0xff, 0x84, 0x74,
    0x1, 0x51, 0x80, 0x7f, 0xf0, 0x87, 0x40, 0x27,
    0x50, 0xf, 0xfe, 0x1e, 0x88, 0x1, 0x20, 0x3,
    0xff, 0x87, 0x26, 0x0, 0x2a, 0x0, 0xff, 0xe1,
    0xb3, 0x0, 0x2f, 0x10, 0xf, 0xfe, 0x11, 0xc8,
    0x5, 0x44, 0x1, 0xff, 0xc2, 0x3d, 0x0, 0xa1,
    0x40, 0x3f, 0xf8, 0x6a, 0x20, 0x5, 0x70, 0xf,
    0xfe, 0x39, 0x50, 0x7, 0xff, 0x1c, 0x7c, 0x3,
    0xff, 0x91, 0x44, 0x1, 0xff, 0xc7, 0x84, 0x0,
    0xff, 0xe3, 0xab, 0x80, 0x7f, 0xf1, 0x0,

    /* U+045E "ў" */
    0x0, 0xe3, 0x88, 0x8, 0x7, 0x92, 0x20, 0x20,
    0x1f, 0xe6, 0x77, 0x80, 0x3d, 0xce, 0xe0, 0xf,
    0xf9, 0x0, 0x16, 0x1, 0xc4, 0xa0, 0x22, 0x0,
    0xff, 0xa, 0x81, 0x61, 0x80, 0xae, 0x0, 0x24,
    0x3, 0xff, 0x81, 0x64, 0x7, 0x9f, 0xd4, 0x20,
    0x8e, 0x1, 0xff, 0xc0, 0x1c, 0x60, 0xe, 0x18,
    0xb0, 0xf, 0xfe, 0x10, 0xcf, 0xe5, 0xdb, 0x79,
    0xc0, 0x3f, 0xf8, 0xc6, 0x88, 0x20, 0xf, 0xfe,
    0xbd, 0x7f, 0xca, 0x1, 0xff, 0xc1, 0x5f, 0xf9,
    0x82, 0x40, 0x29, 0x0, 0xff, 0xe0, 0xc8, 0x4,
    0xc0, 0x66, 0x0, 0x19, 0x80, 0x3f, 0xe2, 0x30,
    0x3, 0x0, 0x52, 0x1, 0x48, 0x7, 0xfd, 0x60,
    0x15, 0x80, 0x4a, 0x20, 0x5, 0x10, 0xf, 0xe1,
    0x60, 0x2, 0x10, 0x6, 0x90, 0x9, 0x80, 0x3f,
    0x98, 0x2, 0xf0, 0xe, 0x60, 0xa, 0x40, 0x3f,
    0xa8, 0x0, 0x48, 0x1, 0xc2, 0xc0, 0x1, 0x50,
    0xf, 0x90, 0x80, 0x16, 0x1, 0xf5, 0x0, 0x52,
    0x1, 0xf7, 0x80, 0x4c, 0x1, 0xf1, 0x98, 0x0,
    0x64, 0x1, 0xc4, 0x80, 0x6, 0x0, 0xfe, 0x90,
    0xa, 0xc0, 0x3a, 0xc0, 0x2b, 0x0, 0xfe, 0x51,
    0x0, 0x30, 0x80, 0x66, 0x0, 0x21, 0x0, 0x7f,
    0xa4, 0x2, 0x60, 0x9, 0x80, 0x2f, 0x0, 0xff,
    0x98, 0x2, 0xa0, 0xa, 0xc0, 0x4, 0x80, 0x1f,
    0xf0, 0xb0, 0x0, 0x90, 0x10, 0x80, 0x16, 0x1,
    0xff, 0xc1, 0xb0, 0xb, 0xc3, 0xc0, 0x26, 0x0,
    0xff, 0xe0, 0x91, 0x80, 0x11, 0x20, 0x3, 0x80,
    0x7f, 0xf0, 0xe4, 0x2, 0xb0, 0xa, 0x80, 0x3f,
    0xf8, 0x6a, 0x20, 0x1c, 0x84, 0x1, 0xff, 0xc4,
    0x90, 0xe, 0xf0, 0xf, 0xfe, 0x2b, 0x0, 0x62,
    0x40, 0xf, 0xfe, 0x28, 0xa8, 0x5, 0x60, 0x1f,
    0xfc, 0x76, 0x0, 0xb, 0x0, 0x7f, 0xf1, 0x90,
    0xc0, 0xc, 0x1, 0xff, 0xc7, 0x80, 0xa, 0x40,
    0x3f, 0xe4, 0x90, 0xe, 0x83, 0x0, 0x28, 0x80,
    0x7f, 0xd2, 0xdd, 0xc, 0xf8, 0xe0, 0x15, 0x80,
    0x7f, 0xca, 0x40, 0x2f, 0x30, 0x60, 0x15, 0x8,
    0x7, 0xfc, 0xe4, 0x1, 0xfa, 0x94, 0x3, 0xff,
    0x80, 0x5b, 0x4a, 0x20, 0x3, 0x7e, 0x50, 0xf,
    0xfe, 0x8,

    /* U+045F "џ" */
    0x4f, 0xfa, 0x40, 0x3f, 0xd9, 0xff, 0x8, 0x7,
    0xff, 0xfc, 0x3, 0xff, 0xfe, 0x1, 0xff, 0xff,
    0x0, 0xff, 0xff, 0x80, 0x7f, 0xf8, 0x15, 0xdf,
    0xfc, 0x20, 0x1f, 0x8e, 0x23, 0xfc, 0x40, 0x1f,
    0xfe, 0x4, 0xff, 0xf8, 0x40, 0x7, 0xff, 0xf0,
    0x80, 0x7f, 0xff, 0xc0, 0x38,

    /* U+0462 "Ѣ" */
    0x0, 0xfc, 0xd1, 0x10, 0x80, 0x7f, 0xf3, 0xa9,
    0xde, 0x30, 0xf, 0xff, 0xf8, 0x7, 0xff, 0x60,
    0xff, 0xfe, 0x30, 0xb, 0x7f, 0xfe, 0xb0, 0xf,
    0xff, 0xe1, 0xff, 0xfc, 0x60, 0x16, 0x7f, 0xfd,
    0x60, 0x1f, 0xfc, 0xa1, 0x0, 0xff, 0xff, 0x80,
    0x7f, 0xf1, 0x5d, 0x13, 0xe3, 0x31, 0x0, 0x7f,
    0xf2, 0x2a, 0xef, 0xec, 0xc6, 0xfe, 0x38, 0x80,
    0x7f, 0xf4, 0xe, 0x39, 0xc0, 0x3f, 0xfa, 0x51,
    0x40, 0x1f, 0xfc, 0x2d, 0xff, 0xfd, 0xd6, 0xc0,
    0x19, 0x5c, 0x3, 0xff, 0x94, 0x29, 0x3a, 0x40,
    0x14, 0x8, 0x7, 0xff, 0x30, 0xb0, 0x3, 0x20,
    0x7, 0xff, 0x34, 0x58, 0x2, 0xf0, 0xf, 0xfe,
    0x76, 0x0, 0x42, 0x1, 0xff, 0xce, 0x60, 0x9,
    0x80, 0x3f, 0xf9, 0xce, 0x1, 0x8, 0x7, 0xff,
    0x38, 0x80, 0x26, 0x0, 0xff, 0xe7, 0x68, 0x5,
    0xa0, 0x1f, 0xfc, 0xd4, 0x40, 0x4, 0xa0, 0x1f,
    0xfc, 0xc6, 0xb0, 0x9, 0x48, 0x3, 0xff, 0x80,
    0xe8, 0x9f, 0x96, 0x36, 0x40, 0x21, 0xb0, 0xf,
    0xfe, 0xd, 0x5d, 0xfe, 0xa7, 0x20, 0x8, 0x70,
    0x40, 0x3f, 0xf9, 0xed, 0xc4, 0x1, 0xff, 0xcb,
    0x12, 0x59, 0xe9, 0x0, 0xc0,

    /* U+0463 "ѣ" */
    0x0, 0xe6, 0x88, 0x80, 0x3f, 0xf9, 0x14, 0xef,
    0x8, 0x7, 0xff, 0xfc, 0x3, 0xff, 0xfe, 0x1,
    0xfb, 0xbb, 0x8c, 0x2, 0xfe, 0xef, 0x60, 0x7,
    0xc2, 0x3c, 0x1, 0x84, 0x7e, 0x20, 0xf, 0xfe,
    0x9f, 0xff, 0x18, 0x5, 0xdf, 0xfe, 0xe0, 0xf,
    0xff, 0xf8, 0x7, 0xff, 0xc7, 0xbf, 0xfd, 0xd9,
    0x6, 0x1, 0xff, 0xc8, 0x13, 0x7c, 0xa1, 0x0,
    0xff, 0x84, 0x78, 0x3, 0xcb, 0xa0, 0x1f, 0xf7,
    0xf7, 0x6f, 0xf6, 0x38, 0x4, 0x70, 0x1, 0xff,
    0xc5, 0x38, 0xa0, 0x9, 0x80, 0x3f, 0xf8, 0xea,
    0x60, 0x1, 0x20, 0xf, 0xfe, 0x3b, 0x0, 0x4c,
    0x1, 0xff, 0xdf, 0x40, 0x9, 0x80, 0x3f, 0xf8,
    0xce, 0x20, 0x2, 0x20, 0x7, 0xff, 0xc, 0x52,
    0xa0, 0x2, 0xb0, 0xf, 0xf7, 0x7f, 0xf7, 0x5a,
    0x80, 0x4a, 0xc0, 0x1f, 0xfc, 0x98, 0xa0, 0xf,
    0xfe, 0x31, 0x2c, 0xf3, 0x80, 0x40,

    /* U+046A "Ѫ" */
    0x0, 0xdf, 0xff, 0xfd, 0x0, 0xf, 0xff, 0x0,
    0x80, 0x7f, 0xf3, 0x84, 0x3, 0xf5, 0x0, 0x45,
    0x9b, 0xbf, 0xfc, 0x4c, 0x20, 0xb, 0x40, 0x3f,
    0x24, 0x80, 0xa, 0x8, 0xbf, 0xf8, 0x90, 0x40,
    0xa, 0x30, 0xf, 0xe6, 0x70, 0x2, 0x50, 0x7,
    0xff, 0xa, 0x90, 0x1, 0xa, 0x1, 0xff, 0x42,
    0x80, 0x16, 0x40, 0x3f, 0xf8, 0x12, 0xa0, 0x6,
    0x70, 0xf, 0xfe, 0xd, 0x18, 0x1, 0xa0, 0x3,
    0xfd, 0xc, 0x0, 0x49, 0x0, 0xff, 0xe1, 0xe9,
    0x0, 0x1d, 0xc0, 0x1f, 0x9d, 0xc0, 0x2, 0xb0,
    0xf, 0xfe, 0x20, 0xf8, 0x80, 0x21, 0x80, 0x3c,
    0xd0, 0x0, 0x1c, 0x0, 0xff, 0xe3, 0x16, 0x80,
    0x52, 0xa0, 0x19, 0x64, 0x2, 0xc1, 0x0, 0xff,
    0xe3, 0x9d, 0x80, 0x54, 0x80, 0x4, 0xa0, 0xa,
    0xc8, 0x3, 0xff, 0x92, 0x92, 0x1, 0x59, 0x9a,
    0xc0, 0x29, 0x40, 0xf, 0xfe, 0x5b, 0x30, 0x2,
    0xdd, 0x0, 0x4e, 0xc0, 0x1f, 0xfc, 0xa7, 0xbe,
    0x60, 0x8, 0x44, 0x1, 0x3f, 0xe3, 0x88, 0x7,
    0xff, 0x15, 0xba, 0x10, 0x40, 0x3f, 0xe3, 0x8e,
    0x60, 0xf, 0xfe, 0x1c, 0xc8, 0x40, 0x3f, 0xf8,
    0xb3, 0x40, 0x1f, 0xfc, 0x19, 0x60, 0x8, 0xa7,
    0x7f, 0xc2, 0x0, 0x1f, 0xf6, 0xc9, 0x80, 0x4b,
    0x40, 0x1f, 0xf2, 0xb0, 0x5, 0x1a, 0xc4, 0x1,
    0xf8, 0x9b, 0x20, 0x2, 0x56, 0x0, 0xff, 0x58,
    0x5, 0x2e, 0x1, 0xff, 0xc2, 0x79, 0x0, 0xa4,
    0x40, 0x3f, 0x40, 0x80, 0x15, 0x80, 0x3f, 0xf8,
    0x8c, 0xa0, 0x14, 0x0, 0x7e, 0x70, 0xa, 0xc0,
    0x3f, 0xf8, 0xd6, 0x1, 0x30, 0x80, 0x79, 0xc0,
    0x27, 0x10, 0xf, 0xfe, 0x30, 0xb0, 0x4, 0xc0,
    0x1e, 0x90, 0xa, 0x80, 0x3f, 0xf9, 0x16, 0x1,
    0x48, 0x7, 0x28, 0x80, 0x10, 0x80, 0x3f, 0xf9,
    0x4, 0x80, 0x1, 0x50, 0xd, 0x20, 0x17, 0x80,
    0x7f, 0xf2, 0xbc, 0x2, 0x90, 0x8, 0xcc, 0x0,
    0x24, 0x0, 0xff, 0xe5, 0x21, 0x0, 0xc, 0xc0,
    0x9, 0x0, 0xa8, 0x3, 0xff, 0x99, 0x40, 0x14,
    0x80, 0xa8, 0x4, 0xc0, 0x1f, 0xfc, 0xc6, 0x0,
    0x94, 0x40,

    /* U+046B "ѫ" */
    0x0, 0xbb, 0xff, 0xff, 0x91, 0xc0, 0x1f, 0xfd,
    0x62, 0x0, 0x8c, 0xff, 0xf8, 0x40, 0x11, 0x0,
    0x7b, 0x44, 0x2, 0xcc, 0xff, 0xe0, 0x0, 0x43,
    0xa0, 0x1e, 0x1c, 0x10, 0x3b, 0x0, 0xff, 0x59,
    0x80, 0xe0, 0x80, 0x7c, 0x5a, 0x0, 0x4a, 0x0,
    0xfd, 0x48, 0x0, 0xd2, 0x0, 0xfe, 0x3b, 0x0,
    0x2d, 0x0, 0x7a, 0x54, 0x1, 0x66, 0x1, 0xff,
    0x24, 0x80, 0x16, 0x40, 0x34, 0xb0, 0x2, 0x50,
    0x3, 0xff, 0x82, 0xd0, 0x0, 0x68, 0x0, 0x43,
    0x0, 0x21, 0x80, 0x3f, 0xf8, 0x6e, 0xc0, 0x7,
    0x7c, 0x0, 0x67, 0x0, 0xff, 0xe1, 0x93, 0x98,
    0x5, 0x10, 0x0, 0x8d, 0xc8, 0x3, 0xff, 0x83,
    0x3b, 0xa, 0x1, 0xf9, 0x63, 0x68, 0x40, 0x3f,
    0xd6, 0xc0, 0x1f, 0xfc, 0x25, 0xc1, 0x0, 0xfd,
    0x8, 0x0, 0x2a, 0xef, 0x50, 0x2, 0x7f, 0xac,
    0xc0, 0x5, 0x60, 0x1f, 0x13, 0x80, 0xf, 0x54,
    0x40, 0x3e, 0x4c, 0x50, 0x2, 0xa8, 0x3, 0xd2,
    0x1, 0x70, 0x7, 0xff, 0x2, 0x84, 0x1, 0x0,
    0x1c, 0x48, 0x0, 0x72, 0x0, 0xff, 0xe0, 0xc0,
    0x0, 0x90, 0x3, 0x50, 0x5, 0x20, 0x1f, 0xfc,
    0x26, 0x0, 0xbc, 0x3, 0x30, 0x1, 0x4, 0x3,
    0xff, 0x86, 0xc0, 0x4, 0x20, 0x3, 0x8, 0x3,
    0x80, 0x3f, 0xf8, 0x94, 0x1, 0x50, 0x2, 0x80,
    0x2, 0xa0, 0x1f, 0xfc, 0x43, 0x30, 0x1, 0x80,
    0xcc, 0x0, 0x70, 0xf, 0xfe, 0x35, 0x0, 0x5,
    0x40,

    /* U+0472 "Ѳ" */
    0x0, 0xfe, 0x16, 0xad, 0xef, 0xf7, 0x64, 0xa8,
    0x80, 0x7f, 0xf1, 0xa, 0xba, 0x54, 0x84, 0x0,
    0x26, 0xd5, 0xd2, 0x20, 0x1f, 0xfc, 0x19, 0xd5,
    0x0, 0xff, 0xe0, 0x37, 0x40, 0x7, 0xf8, 0x71,
    0x80, 0x38, 0x51, 0x54, 0x62, 0x1, 0xcf, 0x62,
    0x1, 0xf0, 0xf9, 0x80, 0x43, 0x1b, 0xd7, 0x54,
    0xce, 0xd7, 0x10, 0x9, 0x30, 0x3, 0xec, 0x10,
    0x9, 0xb9, 0xc8, 0x3, 0xc5, 0x1e, 0xa0, 0x11,
    0x58, 0x7, 0x49, 0x0, 0x57, 0x20, 0x1f, 0xf0,
    0xd4, 0x80, 0x48, 0xe0, 0x11, 0x30, 0x5, 0x68,
    0x1, 0xff, 0xc2, 0x69, 0x0, 0xa0, 0x40, 0x12,
    0x1, 0x3a, 0x0, 0x7f, 0xf1, 0x19, 0x40, 0x29,
    0x2, 0x40, 0x0, 0xc0, 0x7, 0xff, 0x1a, 0x0,
    0x26, 0x4, 0x0, 0x9c, 0x3, 0xff, 0x8e, 0x48,
    0x0, 0x14, 0xc0, 0xb, 0x0, 0x3f, 0xf9, 0x6,
    0x1, 0x63, 0x80, 0x55, 0xff, 0xff, 0xc8, 0x70,
    0x8, 0x8c, 0x3, 0xff, 0xa0, 0xc2, 0x1, 0xff,
    0xd1, 0x10, 0xa, 0x6e, 0xff, 0xf9, 0x10, 0x1,
    0x8c, 0x2, 0x34, 0x4f, 0xfe, 0x40, 0x6, 0x67,
    0x0, 0xb0, 0x3, 0xff, 0x91, 0x80, 0x11, 0x60,
    0x4, 0xe0, 0x1f, 0xfc, 0x71, 0x40, 0xb, 0x10,
    0x2, 0x15, 0x0, 0xff, 0xe3, 0x48, 0x4, 0x28,
    0x48, 0x1, 0x58, 0x7, 0xff, 0x14, 0x5c, 0x2,
    0x60, 0x4, 0x0, 0x43, 0x40, 0x1f, 0xfc, 0x4d,
    0x0, 0xd2, 0x0, 0x35, 0x0, 0x96, 0x40, 0x3f,
    0xf8, 0x54, 0x60, 0x14, 0x8, 0x5, 0x44, 0x1,
    0x35, 0x88, 0x7, 0xf8, 0xb1, 0x40, 0x24, 0x70,
    0xe, 0xc1, 0x0, 0x93, 0xa0, 0x80, 0x3c, 0x73,
    0xa6, 0x1, 0x15, 0x80, 0x78, 0x70, 0xc0, 0x33,
    0xef, 0x65, 0x53, 0x3b, 0x18, 0x3, 0x26, 0x0,
    0x7e, 0x2c, 0x60, 0xe, 0x13, 0x55, 0x18, 0x80,
    0x73, 0xd8, 0x80, 0x7f, 0xa7, 0x54, 0x3, 0xff,
    0x80, 0xdd, 0x0, 0x1f, 0xfc, 0x12, 0xae, 0x95,
    0x21, 0x0, 0x9, 0xac, 0xf4, 0x88, 0x7, 0xc0,

    /* U+0473 "ѳ" */
    0x0, 0xf8, 0xe3, 0x3b, 0xfd, 0xb6, 0xc2, 0x1,
    0xff, 0x1e, 0x61, 0xcc, 0x40, 0x4, 0x93, 0xd0,
    0x1, 0xfc, 0xd8, 0x60, 0x1f, 0xe7, 0xd2, 0x0,
    0xf3, 0xc8, 0x6, 0x36, 0x87, 0x51, 0x0, 0x8b,
    0x8, 0x3, 0x24, 0x0, 0x47, 0x98, 0x97, 0x8a,
    0xe9, 0x0, 0x87, 0xc0, 0x34, 0x80, 0x4b, 0x86,
    0x1, 0xe6, 0xc1, 0x0, 0x13, 0x80, 0x14, 0x80,
    0x5, 0x40, 0x1f, 0xc7, 0x40, 0x14, 0x80, 0x38,
    0x2, 0x80, 0xf, 0xf9, 0x10, 0x0, 0x14, 0x4,
    0x0, 0x94, 0x3, 0xff, 0x81, 0xa0, 0x16, 0x10,
    0x6, 0xcc, 0xff, 0xe0, 0xd8, 0x4, 0x62, 0x1,
    0x8c, 0xff, 0xf8, 0x24, 0x1, 0x38, 0x7, 0xff,
    0x2c, 0x40, 0x23, 0xff, 0xff, 0xe0, 0xe0, 0x4,
    0xe4, 0x1, 0x18, 0x7, 0xff, 0x5, 0x0, 0x23,
    0x4, 0x0, 0x98, 0x3, 0xff, 0x81, 0x40, 0x16,
    0x7, 0x0, 0x50, 0x1, 0xff, 0x31, 0x0, 0x5,
    0x1, 0x48, 0x0, 0x36, 0x1, 0xfc, 0x72, 0x1,
    0x48, 0x5, 0x20, 0x12, 0x69, 0x80, 0x79, 0xf0,
    0x2, 0x37, 0x0, 0x92, 0x0, 0x22, 0xcd, 0x97,
    0x8a, 0xe8, 0x0, 0x87, 0x80, 0x39, 0xe4, 0x3,
    0x13, 0x43, 0xa8, 0x80, 0x45, 0x84, 0x1, 0xe6,
    0xd3, 0x0, 0xff, 0x3e, 0x90, 0x7, 0xe2, 0xcc,
    0x39, 0x88, 0x0, 0x52, 0x7a, 0x0, 0x38,

    /* U+0474 "Ѵ" */
    0x0, 0xff, 0xe6, 0x8a, 0x20, 0xc0, 0xff, 0xf1,
    0x0, 0x7f, 0xf1, 0x4e, 0xfa, 0xed, 0x9a, 0x64,
    0x1, 0x50, 0x7, 0xff, 0x11, 0x31, 0x0, 0x30,
    0x85, 0x0, 0x4c, 0x1, 0xff, 0xc3, 0x2b, 0x0,
    0xf3, 0x3, 0x0, 0x42, 0xa0, 0x1f, 0xfc, 0x29,
    0x0, 0xe1, 0x11, 0x0, 0xa8, 0x5, 0xc0, 0x1f,
    0xfc, 0x14, 0x40, 0x4, 0xbd, 0xd4, 0x0, 0x38,
    0x2, 0x41, 0x0, 0xff, 0xe0, 0x78, 0x4, 0x94,
    0x20, 0x1c, 0x84, 0x1, 0x48, 0x7, 0xfc, 0x48,
    0x1, 0x48, 0x7, 0xea, 0x0, 0x98, 0x3, 0xfe,
    0x50, 0x9, 0x88, 0x3, 0xf3, 0x0, 0x42, 0x80,
    0x1f, 0xea, 0x0, 0xa8, 0x3, 0xf8, 0x54, 0x2,
    0xf0, 0xf, 0xe2, 0x20, 0x0, 0x8c, 0x3, 0xfd,
    0xc0, 0x12, 0x8, 0x7, 0xea, 0x0, 0x94, 0x3,
    0xfe, 0x42, 0x0, 0x98, 0x3, 0xf3, 0x0, 0x54,
    0x1, 0xff, 0xc0, 0xa0, 0xa, 0x40, 0x3e, 0x31,
    0x0, 0x19, 0x0, 0x7f, 0xf0, 0x18, 0x2, 0x14,
    0x0, 0xf5, 0x0, 0x56, 0x1, 0xff, 0xc1, 0x15,
    0x0, 0xbc, 0x3, 0xce, 0x1, 0x30, 0x7, 0xff,
    0xb, 0x80, 0x24, 0x10, 0xc, 0x82, 0x0, 0x31,
    0x0, 0xff, 0xe1, 0x20, 0x80, 0x4c, 0x1, 0xb8,
    0x2, 0xa0, 0xf, 0xfe, 0x24, 0x80, 0x52, 0x1,
    0x94, 0x2, 0x70, 0xf, 0xfe, 0x23, 0x0, 0x42,
    0x80, 0x5, 0x0, 0x90, 0x40, 0x3f, 0xf8, 0x82,
    0x80, 0x17, 0x0, 0x38, 0x2, 0xe0, 0xf, 0xfe,
    0x37, 0x80, 0x4a, 0x22, 0x40, 0x9, 0x40, 0x3f,
    0xf8, 0xc8, 0x20, 0x13, 0x38, 0x4, 0xa0, 0x1f,
    0xfc, 0x86, 0x0, 0xaa, 0x80, 0x17, 0x0, 0x7f,
    0xf2, 0x24, 0x2, 0x23, 0x0, 0xa, 0x0, 0x7f,
    0xf2, 0x5, 0x0, 0x3c, 0xe0, 0x1f, 0xfc, 0xae,
    0x0, 0xf5, 0x0, 0x7f, 0xf2, 0x94, 0x40, 0x31,
    0x18, 0x7, 0xff, 0x2d, 0x80, 0x32, 0x80, 0x7f,
    0xf3, 0x28, 0x3, 0x50, 0x7, 0xff, 0x4,

    /* U+0475 "ѵ" */
    0x0, 0xff, 0xe4, 0x1a, 0x10, 0x4f, 0xfd, 0x40,
    0x1f, 0xfc, 0x17, 0xfc, 0xbd, 0xab, 0x0, 0x94,
    0x40, 0x3f, 0xe8, 0x80, 0x6, 0x22, 0x20, 0x4,
    0xc0, 0x1f, 0xe2, 0x70, 0xe, 0xe0, 0xe0, 0xa,
    0x80, 0x3f, 0xd0, 0x1, 0x8c, 0x8c, 0x14, 0x40,
    0x4, 0x80, 0x1f, 0x85, 0x40, 0x2b, 0xcd, 0x50,
    0x4, 0x80, 0x5e, 0x1, 0xf9, 0x80, 0x25, 0x40,
    0xe, 0x60, 0x9, 0x8, 0x3, 0xea, 0x0, 0xa4,
    0x3, 0xc2, 0xa0, 0x15, 0x0, 0x78, 0xc8, 0x0,
    0x66, 0x0, 0xfa, 0x40, 0x26, 0x0, 0xf5, 0x80,
    0x54, 0x1, 0xf8, 0xcc, 0x0, 0x15, 0x0, 0xe6,
    0x0, 0x9c, 0x3, 0xfa, 0x40, 0x29, 0x0, 0xc8,
    0x20, 0x5, 0x10, 0xf, 0xe5, 0x10, 0x1, 0x90,
    0x5, 0xc0, 0x17, 0x0, 0x7f, 0xcc, 0x1, 0x58,
    0x4, 0xa0, 0x1, 0x40, 0xf, 0xfa, 0x40, 0x26,
    0x0, 0x28, 0x4, 0xc0, 0x1f, 0xfc, 0x1, 0x50,
    0x9, 0x83, 0x80, 0x2a, 0x0, 0xff, 0xe0, 0xf0,
    0x5, 0x62, 0x80, 0x3, 0x20, 0xf, 0xfe, 0xa,
    0x10, 0x0, 0xa8, 0x2, 0xa0, 0xf, 0xfe, 0x1d,
    0x80, 0x48, 0x1, 0x30, 0x7, 0xff, 0xd, 0x80,
    0x3c, 0xa0, 0x1f, 0xfc, 0x56, 0x0, 0xee, 0x0,
    0xff, 0xe2, 0xd8, 0x6, 0x24, 0x0, 0xff, 0xe2,
    0x92, 0x0, 0x4a, 0x1, 0xfe,

    /* U+048A "Ҋ" */
    0x0, 0xe3, 0x88, 0x18, 0x7, 0xc9, 0x10, 0x20,
    0xf, 0xfe, 0x12, 0xbb, 0xac, 0x3, 0xef, 0x77,
    0x0, 0x7f, 0xf0, 0xd0, 0x0, 0xc2, 0x1, 0xc6,
    0x80, 0x24, 0x1, 0xff, 0xc2, 0x25, 0x1, 0xf6,
    0x10, 0x27, 0xc0, 0x4, 0x80, 0x7f, 0xf1, 0x2c,
    0xc0, 0x67, 0xbf, 0x60, 0x0, 0xae, 0x1, 0xff,
    0xc4, 0x1c, 0x82, 0x0, 0xe3, 0xaa, 0x0, 0x7f,
    0xf1, 0xdf, 0x7b, 0x31, 0xbf, 0x8a, 0x1, 0xff,
    0xca, 0x13, 0x31, 0x0, 0x7f, 0xf0, 0xeb, 0xfe,
    0x50, 0xf, 0xfe, 0x1c, 0x7f, 0xd2, 0x1, 0xff,
    0xcb, 0x47, 0x0, 0xff, 0xe7, 0xd, 0x0, 0x7f,
    0xf3, 0xe8, 0x40, 0x3f, 0xf9, 0xce, 0x80, 0x1f,
    0xfc, 0xe4, 0x80, 0xf, 0xfe, 0x70, 0xd0, 0x7,
    0xff, 0x3e, 0x84, 0x0, 0x32, 0x1, 0xff, 0xca,
    0x74, 0x0, 0xb4, 0xc0, 0x3f, 0xf9, 0x27, 0x0,
    0x14, 0x18, 0x7, 0xff, 0x24, 0x74, 0x2, 0x47,
    0x0, 0xff, 0xe5, 0x50, 0x80, 0x6, 0x80, 0x3f,
    0xf9, 0x4e, 0x80, 0x15, 0x8, 0x7, 0xff, 0x24,
    0xe0, 0x2, 0x74, 0x0, 0xff, 0xe4, 0x8e, 0x80,
    0x47, 0x0, 0x1f, 0xfc, 0xaa, 0x10, 0x0, 0xe8,
    0x7, 0xff, 0x29, 0xd0, 0x2, 0xa1, 0x0, 0xff,
    0xe4, 0x9c, 0x0, 0x4c, 0x80, 0x1f, 0xfc, 0x91,
    0xd0, 0x8, 0xe4, 0x3, 0xff, 0x95, 0x42, 0x1,
    0x70, 0x7, 0xff, 0x29, 0xd0, 0x2, 0xa2, 0x0,
    0xff, 0xe4, 0xec, 0x0, 0x4c, 0xa0, 0x1f, 0xfc,
    0xa7, 0x0, 0x8a, 0x40, 0x3f, 0xf9, 0xfe, 0x1,
    0xff, 0xcf, 0x92, 0x0, 0xff, 0xe7, 0x2b, 0x0,
    0x7f, 0xf1, 0x1b, 0xba, 0x60, 0xe, 0x2a, 0x0,
    0xff, 0xe3, 0x8, 0xca, 0x1, 0xde, 0x1, 0xff,
    0xc9, 0x13, 0x0, 0xd2, 0x40, 0x1f, 0xfc, 0x94,
    0xa, 0xff, 0x98, 0x3, 0xff, 0x86, 0xbf, 0xf0,
    0x5, 0xe0, 0x1f, 0xfc, 0xc4, 0x0, 0x90, 0x3,
    0xff, 0x99, 0x80, 0x3, 0x10, 0xf, 0xfe, 0x62,
    0x0, 0x2c, 0x3, 0xff, 0x98, 0x26, 0x0, 0x40,
    0xf, 0xfe, 0x62, 0x0, 0x4, 0xc0, 0x0,

    /* U+048B "ҋ" */
    0x0, 0xcd, 0xc, 0x1, 0xf2, 0x44, 0x0, 0x3f,
    0xf8, 0x1a, 0xf0, 0x1, 0xf7, 0x3b, 0x80, 0x3f,
    0xf8, 0x1a, 0x2, 0xe0, 0x1c, 0x4a, 0x8, 0x1,
    0xff, 0xc0, 0x61, 0x8, 0xa3, 0x2, 0x7d, 0x0,
    0x78, 0x7, 0xff, 0x7, 0x44, 0x17, 0x3f, 0x60,
    0x1, 0x28, 0x1, 0xff, 0xc1, 0x3f, 0x60, 0xe,
    0x3c, 0x60, 0xf, 0xfe, 0x18, 0xcf, 0xe5, 0xe7,
    0x61, 0x80, 0x7f, 0xf1, 0xcd, 0xc, 0x40, 0x3f,
    0xfb, 0x29, 0xff, 0x48, 0x7, 0xff, 0x3, 0x3f,
    0xe0, 0xf, 0xfe, 0x45, 0x18, 0x7, 0xff, 0x29,
    0x94, 0x3, 0xff, 0x94, 0x72, 0x1, 0xff, 0xca,
    0x1d, 0x0, 0xff, 0xe5, 0xe8, 0x80, 0x7f, 0xf2,
    0xa4, 0xc0, 0x4, 0x40, 0xf, 0xfe, 0x33, 0x30,
    0x0, 0x3e, 0x20, 0x1f, 0xfc, 0x53, 0x90, 0xa,
    0x88, 0x3, 0xff, 0x8a, 0x3a, 0x1, 0x4a, 0x0,
    0x7f, 0xf1, 0xb4, 0x40, 0xc, 0xc0, 0xf, 0xfe,
    0x34, 0x98, 0x0, 0xe4, 0x3, 0xff, 0x8c, 0xac,
    0x0, 0x1d, 0x0, 0xff, 0xe3, 0x1d, 0x0, 0x5a,
    0x20, 0x1f, 0xfc, 0x51, 0xd0, 0xa, 0x8c, 0x3,
    0xff, 0x8d, 0x42, 0x0, 0x75, 0x0, 0xff, 0xe3,
    0x32, 0x0, 0x12, 0x0, 0x3f, 0xf9, 0x45, 0x60,
    0x1f, 0xfc, 0xa1, 0xf0, 0xf, 0xfe, 0x9, 0x8,
    0x80, 0x3e, 0xa2, 0x0, 0xff, 0xe0, 0xef, 0x71,
    0x0, 0x3a, 0x10, 0x3, 0xff, 0x8a, 0x80, 0x19,
    0x5c, 0x3, 0xff, 0x8a, 0xa0, 0x9f, 0xf5, 0x0,
    0x7f, 0xf0, 0x33, 0xfc, 0x1, 0x60, 0x7, 0xff,
    0x20, 0xc0, 0x27, 0x0, 0xff, 0xe4, 0x20, 0x0,
    0xc4, 0x3, 0xff, 0x91, 0xa0, 0x4, 0x0, 0xff,
    0xe4, 0xa0, 0x2, 0xc0, 0x0,

    /* U+048C "Ҍ" */
    0x0, 0xcb, 0x11, 0x10, 0x7, 0xff, 0x2b, 0xdd,
    0xf0, 0x7, 0xff, 0xfc, 0x3, 0xff, 0x99, 0x9f,
    0xf2, 0x80, 0x55, 0xff, 0xf7, 0x0, 0x7f, 0xfd,
    0x33, 0xfe, 0x50, 0xa, 0xbf, 0xfe, 0xe0, 0xf,
    0xff, 0xf8, 0x7, 0xff, 0x30, 0x91, 0x3e, 0x33,
    0x10, 0x7, 0xff, 0x12, 0x2e, 0xfe, 0xcc, 0x6f,
    0xec, 0x10, 0x7, 0xff, 0x30, 0x9f, 0x60, 0x3,
    0xff, 0x9c, 0xf6, 0x1, 0xfe, 0xaf, 0xff, 0xdd,
    0x6e, 0x20, 0x12, 0x48, 0x7, 0xff, 0x18, 0x52,
    0x3c, 0xc0, 0x26, 0x20, 0xf, 0xfe, 0x40, 0xe0,
    0x80, 0x4a, 0x1, 0xff, 0xca, 0x90, 0xb, 0x0,
    0x3f, 0xf9, 0x48, 0x1, 0x30, 0x7, 0xff, 0x28,
    0x80, 0x23, 0x0, 0xff, 0xe5, 0x18, 0x7, 0xff,
    0x39, 0x80, 0x22, 0x0, 0xff, 0xe5, 0x68, 0x4,
    0xa0, 0x1f, 0xfc, 0x93, 0x60, 0xb, 0x40, 0x3f,
    0xf9, 0x9, 0xa0, 0x11, 0xa0, 0x7, 0xe2, 0x44,
    0xfc, 0xb1, 0xb6, 0x20, 0x1, 0xe0, 0xf, 0xe8,
    0xbb, 0xfd, 0x4e, 0x40, 0x10, 0xe9, 0x0, 0x7f,
    0xf2, 0xd7, 0xcc, 0x3, 0xff, 0x8e, 0x24, 0xb3,
    0xd4, 0x20, 0x10,

    /* U+048D "ҍ" */
    0x0, 0xef, 0xfb, 0x40, 0x3f, 0xfe, 0x65, 0xff,
    0x80, 0x22, 0xff, 0xfa, 0xc0, 0x3f, 0xfa, 0x66,
    0x23, 0x80, 0x30, 0x8f, 0xe0, 0xf, 0x87, 0xbb,
    0x0, 0x45, 0xdd, 0xf5, 0x0, 0x7f, 0xf6, 0xcb,
    0xbb, 0xdb, 0x94, 0xc2, 0x1, 0xff, 0xc1, 0x11,
    0xf1, 0x1a, 0xcf, 0x38, 0x7, 0xff, 0x2e, 0x28,
    0x3, 0xfc, 0x5f, 0xfe, 0xeb, 0x50, 0x9, 0x54,
    0x1, 0xff, 0xc4, 0x14, 0xa7, 0x0, 0xb8, 0x3,
    0xff, 0x8f, 0x0, 0x12, 0x0, 0x7f, 0xf2, 0x8,
    0x3, 0xff, 0x96, 0x60, 0x1f, 0xfc, 0xa2, 0x10,
    0x0, 0x80, 0x7f, 0xf1, 0xe4, 0x2, 0x70, 0xf,
    0xfe, 0x20, 0xae, 0x20, 0x5, 0x60, 0x1f, 0xc5,
    0xff, 0xee, 0xa3, 0x0, 0xa4, 0x80, 0x3f, 0xf9,
    0x3, 0x4c, 0x1, 0xff, 0xc5, 0x12, 0x5a, 0xe5,
    0x0, 0x80,

    /* U+048E "Ҏ" */
    0xaf, 0xff, 0xfb, 0xb6, 0xdc, 0x80, 0x3f, 0xf8,
    0xc2, 0x49, 0x1b, 0x86, 0x1, 0xff, 0xc9, 0x3c,
    0x80, 0xf, 0x91, 0x9b, 0xe5, 0x30, 0xe, 0x79,
    0x0, 0xf7, 0x4c, 0xfd, 0x59, 0xf2, 0x20, 0x13,
    0x28, 0x7, 0xff, 0x11, 0xbc, 0xc0, 0x2b, 0x0,
    0xff, 0xe2, 0x8e, 0x80, 0x42, 0xa0, 0x1f, 0xfc,
    0x51, 0x70, 0xb, 0x0, 0x3f, 0xf8, 0xd6, 0x1,
    0x28, 0x7, 0xfc, 0x82, 0x1, 0xc4, 0x1, 0x10,
    0x7, 0xf9, 0xae, 0x80, 0x3f, 0xf8, 0xe3, 0x20,
    0x8e, 0x1, 0x8c, 0x3, 0xff, 0x82, 0x34, 0x0,
    0x83, 0x0, 0x9c, 0x2, 0x20, 0xf, 0xf2, 0xa8,
    0x1, 0xc0, 0x17, 0x0, 0x48, 0x1, 0xff, 0x51,
    0x1, 0x50, 0x2a, 0x0, 0x56, 0x1, 0xff, 0xc0,
    0xe0, 0x2, 0xd5, 0x0, 0x24, 0x30, 0xf, 0xfe,
    0x1, 0x30, 0x1, 0x40, 0x21, 0xa0, 0xe, 0xaf,
    0xff, 0xb9, 0x80, 0x38, 0x74, 0x40, 0x3f, 0xf9,
    0x18, 0x60, 0x1f, 0xfc, 0x97, 0x0, 0xf9, 0x1d,
    0xfe, 0x89, 0xcf, 0x80, 0x5, 0x10, 0x7, 0xba,
    0x23, 0xe7, 0x63, 0x7, 0x40, 0x7, 0x80, 0x7f,
    0xf1, 0xe8, 0x40, 0xa4, 0x3, 0xff, 0x8c, 0x34,
    0x0, 0x63, 0x0, 0xff, 0xe3, 0x23, 0x84, 0x18,
    0x7, 0xff, 0x1e, 0x31, 0xc0, 0x3f, 0xf9, 0x26,
    0x1, 0xff, 0xe4,

    /* U+048F "ҏ" */
    0x3f, 0xf9, 0xc0, 0x23, 0x9d, 0xff, 0xb2, 0x4c,
    0x3, 0xff, 0x80, 0x37, 0x8c, 0x40, 0x11, 0xb6,
    0x59, 0x0, 0x7f, 0x17, 0xa0, 0x7, 0xf2, 0x6a,
    0x0, 0x7e, 0xf1, 0x0, 0x34, 0xdd, 0x41, 0x80,
    0x6b, 0x30, 0xf, 0x49, 0x2, 0xfc, 0xb2, 0x2b,
    0xe5, 0x88, 0x5, 0xa0, 0x1e, 0x10, 0x7a, 0x0,
    0xf9, 0x3c, 0x40, 0x3, 0x0, 0x1e, 0x48, 0x0,
    0xfe, 0x1d, 0x0, 0x98, 0x3, 0xde, 0x1, 0xff,
    0x1a, 0x0, 0x5, 0x0, 0x30, 0xa0, 0x7, 0xff,
    0x3, 0x80, 0x2c, 0x0, 0xca, 0x1, 0xff, 0xc1,
    0x60, 0x8, 0x80, 0x31, 0x0, 0x7f, 0xf0, 0x48,
    0x2, 0x10, 0xc, 0x60, 0x1f, 0xfc, 0xa1, 0x0,
    0xfc, 0x2c, 0x1, 0x10, 0x4, 0x20, 0x19, 0x40,
    0x3e, 0x4f, 0x94, 0x0, 0x28, 0x4, 0x40, 0x18,
    0x54, 0x3, 0xc6, 0x21, 0x44, 0x14, 0x1, 0x58,
    0x7, 0x40, 0x7, 0x9d, 0x0, 0x79, 0x4c, 0x0,
    0x26, 0x1, 0xc5, 0x40, 0x1e, 0xa2, 0x3, 0xa0,
    0xa, 0x40, 0x38, 0x41, 0x70, 0xc0, 0x30, 0xf0,
    0x7, 0xb, 0x80, 0x73, 0xa0, 0x1e, 0x6c, 0xbc,
    0x56, 0x0, 0x76, 0x80, 0x7d, 0x44, 0x0, 0x26,
    0x87, 0x50, 0xe, 0x13, 0x0, 0xf8, 0x75, 0x40,
    0x3f, 0x84, 0x6, 0x80, 0x3f, 0xab, 0x5c, 0xc0,
    0x23, 0x7c, 0xf1, 0x5, 0x70, 0xf, 0xe2, 0x8c,
    0xff, 0xb2, 0xc, 0x68, 0x1, 0x2, 0x1, 0xff,
    0xc6, 0x47, 0xa, 0x10, 0xf, 0xfe, 0x3c, 0x6a,
    0x80, 0x7f, 0xf2, 0x48, 0x3, 0xff, 0xfe, 0x1,
    0xff, 0xc7,

    /* U+0490 "Ґ" */
    0x0, 0xff, 0xe1, 0xbc, 0x41, 0x40, 0x3f, 0xf8,
    0x70, 0xee, 0xe0, 0xf, 0xff, 0xf8, 0x57, 0xff,
    0xff, 0x8, 0x3, 0xff, 0xc4, 0x8c, 0xdf, 0xfc,
    0x1d, 0x0, 0xdd, 0x33, 0xff, 0xc1, 0x60, 0xf,
    0xff, 0xf8, 0x7, 0xff, 0xfc, 0x3, 0xff, 0xfe,
    0x1, 0xff, 0xff, 0x0, 0xff, 0xff, 0x80, 0x7f,
    0xff, 0xc0, 0x3c,

    /* U+0491 "ґ" */
    0x0, 0xff, 0x8f, 0xfe, 0x60, 0xf, 0xff, 0x22,
    0x7f, 0xff, 0xb0, 0x3, 0xff, 0xb8, 0x71, 0x1f,
    0xe4, 0x0, 0xca, 0xef, 0xfe, 0x20, 0xf, 0xff,
    0xf8, 0x7, 0xff, 0xfc, 0x3, 0xff, 0xfe, 0x1,
    0xff, 0xe3,

    /* U+0492 "Ғ" */
    0x0, 0xd3, 0xff, 0xff, 0xc5, 0xc0, 0xf, 0xff,
    0x52, 0x33, 0x7f, 0xf0, 0x6c, 0x3, 0xf7, 0x4c,
    0xff, 0xf0, 0x5c, 0x3, 0xff, 0xfe, 0x1, 0xff,
    0xff, 0x0, 0xff, 0xf6, 0xe7, 0xfc, 0xc0, 0x15,
    0x7f, 0xff, 0xc2, 0x1, 0xff, 0xe4, 0xde, 0xe9,
    0x80, 0x29, 0xee, 0xff, 0x84, 0x0, 0x23, 0x80,
    0x31, 0x88, 0xff, 0xc0, 0x1f, 0xff, 0xf0, 0xf,
    0xff, 0xf8, 0x7, 0xff, 0xfc, 0x3, 0xf0,

    /* U+0493 "ғ" */
    0x0, 0xab, 0xff, 0xff, 0x86, 0x1, 0xff, 0xe1,
    0x68, 0x8f, 0xf4, 0x80, 0x7d, 0x4e, 0xff, 0xe6,
    0x0, 0xff, 0xff, 0x80, 0x7f, 0xf6, 0xcf, 0x30,
    0x80, 0x17, 0x66, 0x7e, 0x20, 0x3, 0x99, 0x84,
    0x2, 0x23, 0x3f, 0xc2, 0x1, 0xff, 0xc9, 0x4f,
    0xf2, 0x80, 0x59, 0xff, 0xf8, 0xc0, 0x3f, 0xff,
    0xe0, 0x1f, 0xff, 0x0,

    /* U+0494 "Ҕ" */
    0xaf, 0xff, 0xfe, 0x34, 0x0, 0x7f, 0xfa, 0x51,
    0x9b, 0xff, 0x85, 0x80, 0x1f, 0x74, 0xcf, 0xff,
    0x9, 0x0, 0x3f, 0xff, 0xe0, 0x1f, 0xff, 0xf0,
    0xf, 0xfe, 0x51, 0x23, 0x31, 0x4c, 0x3, 0xff,
    0x84, 0x31, 0xdb, 0x73, 0x2a, 0xcf, 0xa4, 0x0,
    0xff, 0x4f, 0x38, 0x80, 0x7c, 0xb7, 0x84, 0x1,
    0xf8, 0xc0, 0x38, 0x44, 0x1, 0xc7, 0xa6, 0x1,
    0xfc, 0x51, 0x9f, 0xdc, 0xfb, 0x40, 0xd, 0x84,
    0x1, 0xe1, 0x9d, 0x73, 0x0, 0xc9, 0x74, 0x1,
    0xb8, 0x3, 0xd6, 0xc0, 0x1f, 0xcb, 0x60, 0x11,
    0xa0, 0x7, 0xff, 0x15, 0x14, 0x2, 0xe0, 0xf,
    0xfe, 0x34, 0x80, 0x48, 0x1, 0xff, 0xc6, 0x31,
    0x0, 0x8, 0x80, 0x3f, 0xf8, 0xc4, 0x1, 0x10,
    0x7, 0xff, 0x19, 0xc0, 0x3f, 0xf9, 0x4e, 0x1,
    0x8, 0x7, 0xff, 0x18, 0x80, 0x22, 0x0, 0xff,
    0xe2, 0x90, 0x80, 0x8, 0x3, 0xff, 0x8d, 0x60,
    0x12, 0x0, 0x7f, 0xf1, 0x4d, 0x80, 0x2a, 0xa,
    0xff, 0x94, 0x3, 0xfc, 0x5a, 0x1, 0x29, 0x80,
    0x7f, 0xf0, 0xdb, 0x4, 0x2, 0x80, 0xf, 0xf9,
    0xea, 0x6f, 0xa4, 0x40, 0x2b, 0x20, 0xf, 0xfa,
    0xd5, 0x90, 0x40, 0x21, 0xb4, 0x0, 0xff, 0xe0,
    0x18, 0x7, 0x97, 0xd0, 0x3, 0xff, 0x80, 0x26,
    0x23, 0x1c, 0x75, 0x8, 0x7, 0xff, 0x4, 0x73,
    0xba, 0xc7, 0x10, 0xf, 0x80,

    /* U+0495 "ҕ" */
    0x4f, 0xff, 0xfe, 0x17, 0x0, 0x7f, 0xf9, 0xce,
    0x23, 0xfe, 0x0, 0xfe, 0x57, 0x7f, 0xf3, 0x0,
    0x7f, 0xff, 0xc0, 0x3f, 0xfb, 0xa6, 0xf7, 0x9b,
    0x94, 0xc2, 0x1, 0xfe, 0x5d, 0xc8, 0x43, 0x23,
    0x59, 0xea, 0x10, 0xf, 0xc6, 0x40, 0x1f, 0xcb,
    0xe6, 0x1, 0xfe, 0x15, 0x66, 0x18, 0x6, 0x1c,
    0x20, 0xf, 0x97, 0x3a, 0xa6, 0x59, 0xce, 0x1,
    0xb8, 0x3, 0xcd, 0x46, 0x1, 0xc3, 0x14, 0x1,
    0x1a, 0x0, 0x7f, 0xf0, 0xd5, 0x80, 0x2e, 0x0,
    0xff, 0xe2, 0x58, 0x4, 0x80, 0x1f, 0xfc, 0x42,
    0x10, 0x0, 0x80, 0x7f, 0xf1, 0x4c, 0x2, 0x10,
    0xf, 0xfe, 0xc9, 0x80, 0x42, 0x9f, 0xf4, 0x80,
    0x7f, 0x88, 0x40, 0x4, 0x1, 0xff, 0xc4, 0xb0,
    0x9, 0x40, 0x3f, 0xf8, 0x6a, 0xc0, 0x15, 0x0,
    0x7f, 0xf0, 0x9a, 0x80, 0x25, 0x20, 0xf, 0xc4,
    0xca, 0xa8, 0xd9, 0x0, 0x86, 0xc0, 0x3f, 0xaa,
    0x6a, 0x8e, 0x40, 0x10, 0xe0, 0x80, 0x7f, 0x20,
    0x7, 0xc9, 0xe4, 0x1, 0xfe, 0x30, 0xc, 0x2b,
    0x76, 0x10, 0xf, 0xfb, 0xf7, 0x59, 0xdc, 0xa4,
    0x0, 0xf0,

    /* U+0496 "Җ" */
    0x4, 0xff, 0xb8, 0x40, 0x3f, 0xe5, 0xff, 0xa4,
    0x3, 0xff, 0x81, 0xbf, 0xf3, 0x0, 0x64, 0x50,
    0x0, 0xc0, 0x7, 0xff, 0x3d, 0x88, 0x0, 0x6c,
    0x1, 0xd6, 0x1, 0x31, 0x0, 0x7f, 0xf3, 0x46,
    0x0, 0x2f, 0x0, 0xf0, 0xc0, 0x5, 0x20, 0x1f,
    0xfc, 0xd8, 0x10, 0x2, 0x98, 0x7, 0xce, 0x40,
    0x4, 0x40, 0x7, 0xff, 0x2c, 0x98, 0x2, 0xb0,
    0xf, 0xe9, 0x0, 0xa4, 0x3, 0xff, 0x97, 0x20,
    0x14, 0x8, 0x7, 0xf2, 0x28, 0x0, 0x9c, 0x3,
    0xff, 0x92, 0xa8, 0x0, 0x27, 0x0, 0xff, 0xac,
    0x2, 0x81, 0x0, 0xff, 0xe4, 0x40, 0x5, 0xc0,
    0x1f, 0xfc, 0x1, 0x80, 0xa, 0x0, 0x3f, 0xf8,
    0xee, 0x40, 0x5, 0x30, 0xf, 0xfe, 0xb, 0x90,
    0x1, 0x8c, 0x3, 0xff, 0x8a, 0x30, 0x1, 0x58,
    0x7, 0xff, 0xe, 0x40, 0x2f, 0x0, 0xff, 0xe2,
    0xd8, 0x5, 0x2, 0x1, 0xff, 0xc3, 0x45, 0x0,
    0x1a, 0x80, 0x7f, 0xf0, 0xcd, 0x40, 0x4, 0xe0,
    0x1f, 0xfc, 0x58, 0x0, 0xac, 0x3, 0xff, 0x87,
    0xe0, 0x14, 0x80, 0x7f, 0xf1, 0x8a, 0x0, 0x3,
    0xff, 0xd4, 0x1, 0x37, 0xff, 0x18, 0x1, 0x50,
    0x3, 0xff, 0x8e, 0xa0, 0x1f, 0xfc, 0x9f, 0x0,
    0xff, 0xe4, 0x48, 0x7, 0xff, 0x26, 0x0, 0x3f,
    0xf8, 0xec, 0x80, 0x12, 0xaf, 0x18, 0x4, 0x4a,
    0xbc, 0x1, 0x14, 0x0, 0x7f, 0xf1, 0x46, 0x0,
    0x24, 0xaa, 0xe9, 0x0, 0x92, 0xab, 0x98, 0x2,
    0x72, 0x0, 0xff, 0xe2, 0x58, 0x80, 0x52, 0x1,
    0xff, 0xc3, 0x91, 0x0, 0xb8, 0x3, 0xff, 0x86,
    0x8a, 0x1, 0x41, 0x0, 0x7f, 0xf1, 0x28, 0x2,
    0x36, 0x0, 0xff, 0xe1, 0x48, 0x4, 0x6e, 0x1,
    0xff, 0xc5, 0x45, 0x0, 0xa0, 0x40, 0x3f, 0xf8,
    0x10, 0x40, 0x17, 0x80, 0x7f, 0xf1, 0xec, 0x2,
    0x1b, 0x0, 0xff, 0x89, 0xc0, 0x27, 0x30, 0xf,
    0xfe, 0x38, 0xc8, 0x4, 0xa8, 0x1, 0xfe, 0xe0,
    0x8, 0x60, 0x3, 0xff, 0x92, 0xc6, 0x1, 0x50,
    0x7, 0xf3, 0x18, 0x5, 0x40, 0x1f, 0xfc, 0xbe,
    0x0, 0x86, 0x40, 0x3e, 0x19, 0x0, 0x95, 0x0,
    0x3f, 0xf9, 0x64, 0xe0, 0x13, 0x64, 0xcc, 0x20,
    0xb, 0x0, 0x86, 0xc0, 0x3f, 0xf9, 0xb0, 0x40,
    0x11, 0xb3, 0x46, 0x8, 0xa0, 0x14, 0x8, 0x7,
    0xff, 0x3b, 0x80, 0x3f, 0xa8, 0x2, 0x36, 0x0,
    0xff, 0xe7, 0x98, 0x80, 0x7e, 0xef, 0xfb, 0x0,
    0x3f, 0xf8, 0xb, 0xff, 0x48, 0x7, 0xff, 0x3,
    0xbf, 0xcc, 0x1, 0xff, 0xff, 0x0, 0xff, 0xff,
    0x80, 0x7f, 0xff, 0xc0, 0x3f, 0xfa, 0x9a, 0xef,
    0x18,

    /* U+0497 "җ" */
    0x9, 0xff, 0x9c, 0x3, 0xfb, 0xfe, 0xe0, 0xf,
    0xe8, 0xff, 0xa4, 0x3, 0x40, 0x80, 0x20, 0x40,
    0x3f, 0xf9, 0x4, 0xe0, 0x1, 0x90, 0xc, 0x30,
    0x1, 0x58, 0x7, 0xff, 0x22, 0x40, 0x2b, 0x0,
    0xf3, 0x18, 0x1, 0x4c, 0x3, 0xff, 0x8c, 0xa8,
    0x0, 0x45, 0x0, 0xfb, 0x80, 0x2e, 0x0, 0xff,
    0xe3, 0x40, 0x5, 0x20, 0x1f, 0x89, 0xc0, 0x4,
    0xc0, 0x1f, 0xfc, 0x48, 0x20, 0x3, 0x90, 0x7,
    0xf4, 0x8, 0x2, 0x4, 0x3, 0xff, 0x84, 0x4e,
    0x0, 0x28, 0x0, 0xff, 0xac, 0x0, 0x30, 0x1,
    0xff, 0xc2, 0x90, 0xa, 0x40, 0x3f, 0xf8, 0xa,
    0x80, 0x6, 0x30, 0xf, 0xfe, 0x2, 0x20, 0x0,
    0xa8, 0x1, 0xff, 0xc1, 0x90, 0xb, 0xd9, 0xb0,
    0x6, 0x66, 0xd2, 0x1, 0x58, 0x7, 0xff, 0x8,
    0xa0, 0x0, 0x73, 0x38, 0x2, 0x19, 0x9c, 0x40,
    0x8, 0x10, 0xf, 0xfe, 0x1f, 0x0, 0x7f, 0xf5,
    0x8d, 0x80, 0x3f, 0xf8, 0xd0, 0x40, 0x1f, 0xfc,
    0x2e, 0x0, 0x9b, 0xff, 0x0, 0x43, 0xff, 0x94,
    0x2, 0xe0, 0xf, 0xfe, 0xc, 0x10, 0x0, 0x64,
    0x3, 0xff, 0x81, 0x62, 0x0, 0x37, 0x0, 0xff,
    0x8d, 0xc0, 0x2a, 0x0, 0xff, 0xe0, 0x8d, 0x80,
    0x50, 0x40, 0x1f, 0xee, 0x0, 0x95, 0x0, 0x3f,
    0xf8, 0x4a, 0x80, 0x17, 0x0, 0x7f, 0x41, 0x0,
    0x6, 0xc0, 0x3f, 0xf8, 0x94, 0x1, 0x1b, 0x80,
    0x7c, 0x6e, 0x1, 0x58, 0x80, 0x7f, 0xf1, 0x6,
    0x40, 0x28, 0x83, 0x34, 0x1, 0x70, 0x4, 0x8a,
    0x1, 0xff, 0xc6, 0x63, 0x0, 0x9e, 0x66, 0x0,
    0x41, 0x0, 0x54, 0x1, 0xff, 0xc8, 0xe0, 0xf,
    0xc4, 0xe0, 0x14, 0x88, 0x7, 0xff, 0x20, 0x98,
    0x3, 0xe2, 0xff, 0xcc, 0x1, 0xfd, 0xff, 0x70,
    0x7, 0xf4, 0xff, 0xa0, 0x3, 0xff, 0xfe, 0x1,
    0xff, 0xf8, 0x47, 0x78, 0x0,

    /* U+0498 "Ҙ" */
    0x0, 0xe2, 0x7a, 0xce, 0xff, 0x76, 0xd3, 0x10,
    0x7, 0xf0, 0xc6, 0xea, 0x14, 0xc4, 0x0, 0x24,
    0xb3, 0xb6, 0x60, 0x1e, 0x5e, 0x72, 0x0, 0xff,
    0xe0, 0x26, 0x30, 0x7, 0x30, 0x7, 0x8d, 0x59,
    0xd8, 0xc0, 0x3a, 0x5c, 0x3, 0x19, 0x1, 0xc6,
    0xfe, 0x54, 0xc4, 0xe7, 0xc8, 0x80, 0x50, 0x40,
    0x1a, 0x33, 0xe, 0x40, 0x1f, 0x9b, 0x0, 0x35,
    0x0, 0x65, 0x30, 0xf, 0xfe, 0x1, 0x40, 0x4,
    0x80, 0x1f, 0xfc, 0x74, 0x0, 0x84, 0x3, 0xff,
    0x96, 0xc0, 0x1f, 0xfc, 0x74, 0x0, 0x8c, 0x3,
    0xff, 0x8c, 0x52, 0x1, 0x50, 0x7, 0xff, 0xc,
    0x52, 0x74, 0x40, 0xe, 0x40, 0x1f, 0x27, 0xff,
    0xdd, 0x6c, 0x1, 0x34, 0x0, 0x7f, 0xf2, 0x5e,
    0x40, 0x3f, 0xf9, 0x4f, 0x62, 0x1, 0xf9, 0x6a,
    0xbe, 0x97, 0x30, 0x9, 0x3c, 0x80, 0x3e, 0x15,
    0x5f, 0x9a, 0x33, 0x6, 0x0, 0x1f, 0x0, 0xff,
    0xe3, 0x1e, 0x18, 0x0, 0x9c, 0x3, 0xff, 0x8f,
    0x0, 0x15, 0x80, 0x7f, 0xf1, 0xd0, 0x2, 0x30,
    0xf, 0xfe, 0xf9, 0x0, 0x79, 0x0, 0x3f, 0xf8,
    0x94, 0x1, 0x18, 0xd, 0xe1, 0x80, 0x7f, 0xf0,
    0x55, 0xc0, 0x2a, 0x6, 0x3, 0xcc, 0x28, 0x80,
    0x7e, 0x29, 0xa0, 0x8, 0x98, 0x2c, 0x2, 0x3a,
    0xee, 0x5d, 0x4c, 0x4d, 0xf6, 0xb0, 0x6, 0xe0,
    0x6, 0xa0, 0x7, 0xa, 0x2b, 0x3b, 0x20, 0x80,
    0x62, 0xc3, 0x0, 0xd, 0xe2, 0x0, 0x7f, 0xf0,
    0x46, 0x34, 0xc0, 0x38, 0xef, 0xad, 0xd0, 0x3,
    0x89, 0x1e, 0xf9, 0xc0, 0x3f, 0x85, 0x22, 0xec,
    0x1, 0x46, 0xdc, 0x20, 0x7, 0xff, 0xfc, 0x3,
    0xff, 0xd0,

    /* U+0499 "ҙ" */
    0x0, 0x85, 0xab, 0x7b, 0xfb, 0x6e, 0xc, 0x3,
    0xc9, 0x7d, 0x2a, 0x42, 0x2, 0x48, 0xf9, 0x84,
    0x0, 0xd2, 0x80, 0x1f, 0xf1, 0xdc, 0x0, 0x4a,
    0x1, 0x1b, 0x44, 0xc3, 0x98, 0x6, 0x76, 0x0,
    0x51, 0xd7, 0xe4, 0xbb, 0x3c, 0x66, 0x98, 0x5,
    0x60, 0x2, 0xc5, 0x0, 0xfc, 0x5a, 0x1, 0x10,
    0x7, 0xff, 0x8, 0x40, 0x3f, 0xf8, 0xca, 0x1,
    0x30, 0x7, 0xfc, 0x27, 0x34, 0x0, 0x28, 0x0,
    0xf7, 0x7f, 0xee, 0xc6, 0x0, 0x2e, 0x8, 0x7,
    0xff, 0xd, 0x20, 0x40, 0x3e, 0x52, 0x2e, 0x0,
    0x93, 0x64, 0x3, 0xeb, 0xdd, 0xef, 0xb3, 0x0,
    0x35, 0x80, 0x7f, 0xf0, 0x53, 0xc, 0x0, 0x88,
    0x0, 0xff, 0xe1, 0x50, 0x5, 0x80, 0x1f, 0xfc,
    0x61, 0x4, 0x0, 0xff, 0xe0, 0x50, 0x5, 0xc3,
    0x78, 0xc0, 0x1f, 0x86, 0x8c, 0x2, 0x56, 0x3,
    0x9f, 0xc8, 0x76, 0x63, 0xdf, 0x28, 0x4, 0xc5,
    0xa0, 0x18, 0xde, 0x26, 0x50, 0x80, 0x19, 0xa4,
    0x2a, 0xcc, 0x3, 0xfe, 0x2a, 0x90, 0x9, 0x33,
    0x65, 0x48, 0x3, 0x1b, 0xde, 0xa8, 0x7, 0x89,
    0xab, 0x4c, 0x0, 0x39, 0x8, 0x1, 0xff, 0xf9,
    0xa7, 0x74, 0x80, 0x7e,

    /* U+049A "Қ" */
    0xaf, 0xf9, 0x0, 0x3f, 0xf8, 0x2b, 0xff, 0x70,
    0x7, 0xff, 0x20, 0x6c, 0x2, 0xd0, 0xf, 0xfe,
    0x45, 0x88, 0x1, 0xcc, 0x3, 0xff, 0x8e, 0xaa,
    0x0, 0x14, 0x0, 0x7f, 0xf1, 0xc6, 0xc0, 0x2f,
    0x0, 0xff, 0xe4, 0x50, 0x80, 0x20, 0x80, 0x3f,
    0xf8, 0xec, 0x80, 0x3, 0x70, 0xf, 0xfe, 0x38,
    0xc8, 0x5, 0xc0, 0x1f, 0xfc, 0x8a, 0x0, 0xa4,
    0x80, 0x3f, 0xf8, 0xec, 0x80, 0x4, 0x60, 0xf,
    0xfe, 0x39, 0x48, 0x0, 0x68, 0x3, 0xff, 0x91,
    0x20, 0x15, 0x88, 0x7, 0xff, 0x1d, 0x90, 0x0,
    0xca, 0x1, 0xff, 0xc2, 0xbf, 0xfe, 0x90, 0x1,
    0x48, 0x7, 0xff, 0x32, 0x80, 0x3f, 0xf9, 0xb2,
    0x20, 0x1f, 0xfc, 0x34, 0x55, 0xe1, 0x0, 0xe,
    0x80, 0x7f, 0xf0, 0xfe, 0xab, 0xb4, 0x2, 0x37,
    0x0, 0xff, 0xe4, 0x1b, 0x80, 0x50, 0x60, 0x1f,
    0xfc, 0x88, 0x30, 0xb, 0x80, 0x3f, 0xf9, 0x3a,
    0x20, 0x2, 0xa0, 0xf, 0xfe, 0x40, 0xd0, 0x4,
    0xaa, 0x0, 0xff, 0xe4, 0x23, 0x0, 0x54, 0x40,
    0x1f, 0xfc, 0x89, 0x30, 0xb, 0x80, 0x3f, 0xf9,
    0x3c, 0x1, 0x1c, 0x0, 0x7f, 0xf2, 0xa, 0x80,
    0x27, 0xd9, 0x99, 0x40, 0x3f, 0xf8, 0x8a, 0xa0,
    0x8, 0x99, 0xaf, 0x0, 0xff, 0xe2, 0xd1, 0x0,
    0x7f, 0xf3, 0x78, 0x3, 0xea, 0xff, 0x90, 0x3,
    0xff, 0x82, 0x7f, 0xee, 0x0, 0xff, 0xff, 0x80,
    0x7f, 0xff, 0xc0, 0x38, 0x5d, 0xef,

    /* U+049B "қ" */
    0x4f, 0xfa, 0x40, 0x3f, 0xcd, 0xff, 0x50, 0x7,
    0xff, 0x14, 0xa4, 0x0, 0x36, 0x1, 0xff, 0xc5,
    0xf0, 0xb, 0x44, 0x3, 0xff, 0x89, 0x24, 0x0,
    0x83, 0x0, 0xff, 0xe2, 0x23, 0x0, 0x11, 0xc0,
    0x3f, 0xf8, 0x83, 0x40, 0x1, 0xa0, 0xf, 0xfe,
    0x2d, 0x8, 0x2, 0x84, 0x3, 0xff, 0x88, 0xc8,
    0x0, 0x74, 0x0, 0xff, 0xe2, 0x14, 0x80, 0xe,
    0x0, 0x3f, 0xf8, 0x4, 0xcd, 0xbc, 0x2, 0xe0,
    0xf, 0xfe, 0xa, 0x4c, 0xe2, 0x0, 0x51, 0x0,
    0x7f, 0xf2, 0x74, 0x3, 0xff, 0x94, 0xe8, 0x1,
    0xff, 0xc1, 0x6f, 0xfc, 0xa0, 0x15, 0x8, 0x7,
    0xff, 0x16, 0x88, 0x0, 0x3a, 0x1, 0xff, 0xc6,
    0xf1, 0x0, 0x1c, 0x80, 0x7f, 0xf1, 0x4a, 0x80,
    0x26, 0x50, 0xf, 0xfe, 0x2a, 0x40, 0x5, 0x44,
    0x1, 0xff, 0xc5, 0x74, 0x0, 0xb5, 0x9b, 0x8,
    0x7, 0xff, 0x6, 0xc8, 0x2, 0x99, 0xc4, 0x1,
    0xff, 0xc2, 0xf0, 0xf, 0xfe, 0x51, 0x50, 0x7,
    0xc9, 0xff, 0x48, 0x7, 0xf9, 0x7f, 0xd8, 0x1,
    0xff, 0xff, 0x0, 0xff, 0xe2, 0x13, 0xbc, 0x40,

    /* U+049C "Ҝ" */
    0xaf, 0xf9, 0x0, 0x3f, 0xf8, 0x4f, 0xff, 0x60,
    0x7, 0xff, 0x1c, 0x60, 0x2, 0xf0, 0xf, 0xfe,
    0x3d, 0x80, 0x4c, 0x60, 0x1f, 0xfc, 0x64, 0x50,
    0x0, 0xc8, 0x7, 0xff, 0x1e, 0x40, 0x2b, 0x0,
    0xff, 0xe3, 0xb9, 0x0, 0x11, 0x40, 0x3f, 0xf8,
    0xc3, 0x0, 0x14, 0x80, 0x7f, 0xdd, 0xfe, 0x10,
    0xd, 0x60, 0x14, 0x10, 0x7, 0xff, 0x19, 0x14,
    0x0, 0x4e, 0x1, 0xff, 0xc7, 0x90, 0xb, 0x80,
    0x3f, 0xf8, 0xee, 0x40, 0x6, 0x30, 0xf, 0xfe,
    0x31, 0x40, 0x0, 0x60, 0x3, 0xff, 0x8f, 0x20,
    0x15, 0x88, 0x7, 0xfd, 0x7f, 0xe1, 0x0, 0x77,
    0xa0, 0x1, 0x14, 0x3, 0xff, 0x97, 0xc0, 0x1f,
    0xfc, 0xc8, 0x0, 0xff, 0xe0, 0xa2, 0xa8, 0x2,
    0x55, 0x0, 0x45, 0x0, 0x1f, 0xfc, 0xf, 0xaa,
    0x8, 0x2, 0xea, 0x0, 0x27, 0x30, 0xf, 0xfe,
    0x3b, 0x98, 0x5, 0xc0, 0x1f, 0xfc, 0x8e, 0x0,
    0x8a, 0x0, 0x3f, 0xf8, 0xe5, 0x0, 0x13, 0x98,
    0x7, 0xff, 0x1d, 0xcc, 0x2, 0xe0, 0xf, 0xfe,
    0x6, 0x6e, 0x84, 0x3, 0x70, 0x4, 0x50, 0x1,
    0xff, 0x11, 0x40, 0x1c, 0x50, 0x1, 0x39, 0x80,
    0x7f, 0xf1, 0xdc, 0xc0, 0x2e, 0x0, 0xff, 0xe4,
    0x70, 0x4, 0x50, 0x1, 0xff, 0xc7, 0x28, 0x0,
    0x9c, 0xc0, 0x3f, 0xf8, 0xee, 0x60, 0x17, 0x0,
    0x7f, 0xf2, 0x38, 0x2, 0x28,

    /* U+049D "ҝ" */
    0x5f, 0xf9, 0xc0, 0x3f, 0xec, 0xff, 0x8c, 0x3,
    0xff, 0x88, 0xe6, 0x0, 0x73, 0x0, 0xff, 0xe1,
    0x8c, 0x0, 0xa, 0x0, 0x3f, 0xf8, 0x96, 0x1,
    0x48, 0x7, 0xff, 0x11, 0x14, 0x0, 0xa8, 0x1,
    0xfc, 0x71, 0x2, 0x0, 0xa4, 0x0, 0x36, 0x1,
    0xfe, 0x47, 0x78, 0x1, 0x4, 0x0, 0xb1, 0x0,
    0xff, 0xe1, 0x93, 0x80, 0x11, 0x40, 0x3f, 0xf8,
    0x92, 0x1, 0x50, 0x7, 0xfb, 0x5b, 0x40, 0x19,
    0x8, 0x0, 0x91, 0x0, 0xff, 0x2c, 0xa8, 0x1,
    0x9c, 0x0, 0x6c, 0x1, 0xff, 0xc8, 0x10, 0xf,
    0xfe, 0x49, 0x48, 0x7, 0xfd, 0x1f, 0x0, 0xa,
    0xc0, 0x9, 0x90, 0x3, 0xff, 0x88, 0x6e, 0x1,
    0x50, 0x80, 0x7f, 0xf1, 0x20, 0xc0, 0x3, 0x60,
    0x1f, 0xfc, 0x5e, 0x0, 0x95, 0x40, 0x1f, 0xe7,
    0xff, 0x28, 0x0, 0xa0, 0x2, 0xb1, 0x0, 0xff,
    0xe2, 0x39, 0x80, 0x6, 0x80, 0x3f, 0xf8, 0xbc,
    0x1, 0x23, 0x0, 0x7f, 0xf1, 0xa, 0x40, 0x29,
    0x20, 0xf, 0xfe, 0x23, 0x20, 0x5, 0xc0,

    /* U+049E "Ҟ" */
    0x0, 0xd9, 0xff, 0x10, 0x7, 0xff, 0x5, 0xff,
    0xec, 0x0, 0xff, 0xe5, 0x14, 0x0, 0x5c, 0x1,
    0xff, 0xca, 0xe0, 0xa, 0x48, 0x3, 0xff, 0x92,
    0xe6, 0x0, 0x46, 0x0, 0x4f, 0xfc, 0x60, 0x16,
    0xff, 0xf7, 0x0, 0x62, 0x80, 0x0, 0xd0, 0x7,
    0xff, 0x2b, 0x80, 0x2b, 0x10, 0x8, 0x47, 0x0,
    0x61, 0x1f, 0x18, 0x5, 0x6, 0x0, 0x55, 0x0,
    0x68, 0xee, 0x8c, 0x2, 0xce, 0xee, 0xd0, 0x1,
    0xb8, 0x0, 0x6c, 0x3, 0xff, 0x95, 0xc0, 0x15,
    0x8, 0x7, 0xff, 0x26, 0x8, 0x0, 0xc8, 0x1,
    0xff, 0xc9, 0x37, 0x0, 0x14, 0x80, 0x7f, 0xf2,
    0xb8, 0x2, 0xe0, 0xf, 0xfe, 0x54, 0x10, 0x2,
    0xc, 0x3, 0xff, 0x89, 0xbf, 0xfc, 0xe0, 0x3,
    0x70, 0xf, 0xfe, 0x74, 0x80, 0x7f, 0xf3, 0xe0,
    0x3, 0xff, 0x8c, 0xab, 0xe0, 0x8, 0xa8, 0x3,
    0xff, 0x8b, 0x15, 0x5e, 0x0, 0x95, 0x40, 0x1f,
    0xfc, 0xa5, 0x50, 0x5, 0x44, 0x1, 0xff, 0xca,
    0xa2, 0x0, 0xb8, 0x3, 0xff, 0x97, 0xc0, 0x11,
    0xc0, 0x7, 0xff, 0x28, 0xe4, 0x2, 0x73, 0x0,
    0xff, 0xe5, 0x32, 0x0, 0x5a, 0x20, 0x1f, 0xfc,
    0xaa, 0x10, 0x0, 0xd8, 0x7, 0xff, 0x28, 0x74,
    0x2, 0x56, 0x0, 0xff, 0xe5, 0x1c, 0x0, 0x52,
    0x40, 0x1f, 0xfc, 0xa7, 0x40, 0xb, 0x80, 0x3f,
    0xf9, 0x74, 0x20, 0x3, 0x80, 0xf, 0xfe, 0x50,
    0xd0, 0x4, 0xe8,

    /* U+049F "ҟ" */
    0x0, 0x86, 0x22, 0x40, 0xf, 0xfe, 0x39, 0x3b,
    0xda, 0x1, 0xff, 0xdc, 0xdd, 0xc0, 0x13, 0xee,
    0xf4, 0x80, 0x7f, 0x88, 0xa1, 0x0, 0x84, 0x8b,
    0xc0, 0x1f, 0xfd, 0x6f, 0xfb, 0x0, 0x26, 0xff,
    0xeb, 0x0, 0xff, 0xff, 0x83, 0xff, 0xd4, 0x1,
    0xff, 0xc6, 0x38, 0x0, 0xd, 0x80, 0x7f, 0xf1,
    0xb8, 0x2, 0xd1, 0x0, 0xff, 0xe2, 0xc9, 0x0,
    0x20, 0xc0, 0x3f, 0xf8, 0xaa, 0xc0, 0x4, 0x70,
    0xf, 0xfe, 0x28, 0xd8, 0x0, 0x68, 0x3, 0xff,
    0x8d, 0x42, 0x0, 0xa1, 0x0, 0xff, 0xe2, 0xba,
    0x0, 0x1d, 0x0, 0x3f, 0xf8, 0xa7, 0x0, 0x3,
    0x80, 0xf, 0xfe, 0x9, 0x33, 0x6e, 0x0, 0xe,
    0x80, 0x7f, 0xf0, 0x92, 0x67, 0x10, 0x2, 0x84,
    0x3, 0xff, 0x94, 0x60, 0x1f, 0xfc, 0xb8, 0x30,
    0xf, 0xfe, 0x13, 0x7f, 0xe5, 0x0, 0xb4, 0x40,
    0x3f, 0xf8, 0xd4, 0x40, 0x1, 0xd0, 0xf, 0xfe,
    0x3f, 0x80, 0x47, 0x0, 0x1f, 0xfc, 0x62, 0xa0,
    0x9, 0xd4, 0x3, 0xff, 0x8c, 0xae, 0x1, 0x51,
    0x0, 0x7f, 0xf1, 0xa1, 0x0, 0x2f, 0x0, 0xff,
    0xe3, 0xd1, 0x0, 0xa, 0x80, 0x3f, 0xf8, 0xc3,
    0xe0, 0x12, 0xb0, 0x7, 0xff, 0x18, 0xa8, 0x2,
    0x93,

    /* U+04A0 "Ҡ" */
    0x7f, 0xff, 0xfb, 0x80, 0x3f, 0xf8, 0x57, 0xff,
    0x48, 0x7, 0xff, 0x3d, 0x50, 0x0, 0x52, 0x1,
    0xff, 0xce, 0x1b, 0x0, 0xb8, 0x0, 0x6c, 0xdf,
    0x80, 0x3f, 0xf8, 0x94, 0x20, 0x8, 0x30, 0x2,
    0x4c, 0xfe, 0x0, 0xff, 0xe1, 0xb2, 0x0, 0xd,
    0xc0, 0x3f, 0xf9, 0xc3, 0x20, 0x17, 0x0, 0x7f,
    0xf3, 0xe8, 0x2, 0x92, 0x0, 0xff, 0xe7, 0x32,
    0x0, 0x11, 0x80, 0x3f, 0xf9, 0xc5, 0x20, 0x1,
    0xa0, 0xf, 0xfe, 0x7f, 0x0, 0x56, 0x20, 0x1f,
    0xfc, 0xe7, 0x30, 0x2, 0xa8, 0x3, 0xff, 0x9c,
    0x50, 0x0, 0x1b, 0x0, 0xff, 0xe7, 0xf0, 0x5,
    0x42, 0x1, 0xff, 0xc8, 0x1f, 0xff, 0x18, 0x1,
    0x90, 0x3, 0xff, 0xa7, 0x0, 0x1f, 0xfd, 0x4b,
    0x0, 0xff, 0xe5, 0xaa, 0xf8, 0x2, 0x56, 0x0,
    0xff, 0xe4, 0x8d, 0x57, 0x98, 0x2, 0x92, 0x0,
    0xff, 0xe7, 0xc9, 0x0, 0x5e, 0x1, 0xff, 0xd0,
    0xf0, 0x8, 0xa4, 0x3, 0xff, 0x9e, 0x52, 0x1,
    0x32, 0x0, 0x7f, 0xf3, 0xd9, 0x40, 0x2a, 0x10,
    0xf, 0xfe, 0x7d, 0x10, 0x0, 0x68, 0x3, 0xff,
    0xa1, 0xc0, 0x12, 0x38, 0x7, 0xff, 0x3c, 0xe0,
    0x2, 0x83, 0x0, 0xff, 0xe7, 0xba, 0x0, 0x5c,
    0x1, 0xff, 0xd0, 0xa1, 0x0, 0x14, 0x80, 0x7f,
    0xf3, 0xc7, 0x40, 0x26, 0x50, 0xf, 0xfe, 0x79,
    0xc0, 0x5, 0x62,

    /* U+04A1 "ҡ" */
    0xdf, 0xff, 0xe7, 0x0, 0xff, 0x47, 0xfd, 0x20,
    0x1f, 0xfc, 0x94, 0x70, 0x1, 0x48, 0x7, 0xff,
    0x20, 0x68, 0x2, 0xf0, 0x4, 0x4c, 0xf3, 0x0,
    0x7f, 0xf0, 0x28, 0x40, 0x14, 0x40, 0x5, 0x66,
    0xec, 0x0, 0xff, 0x99, 0x0, 0xa, 0xa0, 0xf,
    0xfe, 0x41, 0x48, 0x0, 0xa8, 0x3, 0xff, 0x93,
    0xe0, 0x17, 0x0, 0x7f, 0xf2, 0x60, 0x80, 0x12,
    0x60, 0x1f, 0xfc, 0x84, 0x70, 0x2, 0x30, 0x7,
    0xff, 0x13, 0x59, 0xb5, 0x0, 0x6, 0x80, 0x3f,
    0xf8, 0xab, 0x33, 0x84, 0x1, 0xa2, 0x1, 0xff,
    0xcd, 0x50, 0xf, 0xfe, 0x74, 0x98, 0x7, 0xff,
    0x16, 0x3f, 0xf2, 0x0, 0x5c, 0x20, 0x1f, 0xfc,
    0x9a, 0x10, 0x1, 0x50, 0x7, 0xff, 0x24, 0x74,
    0x2, 0x47, 0x0, 0xff, 0xe4, 0x9c, 0x80, 0x50,
    0x80, 0x1f, 0xfc, 0x96, 0x60, 0x5, 0x42, 0x1,
    0xff, 0xc9, 0x93, 0x0, 0xe, 0x80, 0x7f, 0xf2,
    0xb4, 0x40, 0x7, 0x20, 0x1f, 0xfc, 0x91, 0xd0,
    0x9, 0x94, 0x3, 0xff, 0x92, 0x72, 0x1, 0x51,
    0x0,

    /* U+04A2 "Ң" */
    0xaf, 0xf9, 0x40, 0x3f, 0xf8, 0x73, 0xff, 0x38,
    0x7, 0xff, 0xfc, 0x3, 0xff, 0xfe, 0x1, 0xff,
    0xff, 0x0, 0xff, 0xff, 0x80, 0x7f, 0xf3, 0xfa,
    0x67, 0xff, 0x86, 0x80, 0x1f, 0xfc, 0x4, 0x66,
    0xff, 0xe1, 0x90, 0x7, 0xff, 0xea, 0xbf, 0xff,
    0xf8, 0x6c, 0x1, 0xff, 0xff, 0x0, 0xff, 0xff,
    0x80, 0x7f, 0xff, 0xc0, 0x3f, 0xfa, 0xea, 0x1,
    0x44, 0xcc, 0xe0, 0x1f, 0xfc, 0x83, 0x0, 0xcc,
    0xd5, 0x80, 0x7f, 0xfb, 0xab, 0xfe, 0x50, 0xf,
    0xfe, 0x1f, 0xff, 0x8, 0x7, 0xff, 0xfc, 0x3,
    0xff, 0xfe, 0x1, 0xff, 0xcb, 0x97, 0x75, 0x0,

    /* U+04A3 "ң" */
    0x4f, 0xfa, 0x40, 0x3f, 0xe5, 0xff, 0x9c, 0x3,
    0xff, 0xfe, 0x1, 0xff, 0xff, 0x0, 0xff, 0xf2,
    0x93, 0x37, 0xfd, 0x80, 0x1f, 0xf2, 0x4c, 0xff,
    0xcc, 0x1, 0xff, 0xef, 0x6f, 0xff, 0xfa, 0x80,
    0x3f, 0xff, 0xe0, 0x1f, 0xfe, 0xd, 0x0, 0xa1,
    0xdc, 0xa0, 0x1f, 0xfc, 0x43, 0x0, 0xd1, 0x9,
    0x0, 0xff, 0xf2, 0x27, 0xfd, 0x20, 0x1f, 0xf5,
    0xff, 0xc6, 0x1, 0xff, 0xff, 0x0, 0xff, 0xe4,
    0x53, 0xba, 0x80,

    /* U+04A4 "Ҥ" */
    0xaf, 0xf9, 0x40, 0x3f, 0xf8, 0x7f, 0xff, 0xfc,
    0x70, 0xf, 0xff, 0xf8, 0x0, 0x40, 0x3f, 0xf9,
    0xac, 0xdf, 0xfc, 0x20, 0xf, 0xfe, 0x6c, 0xcf,
    0xff, 0x6, 0x0, 0x3f, 0xff, 0xe0, 0x1f, 0xff,
    0xf0, 0xf, 0xff, 0xf8, 0x7, 0xff, 0xa3, 0xa6,
    0x7f, 0xf8, 0x60, 0x1f, 0xfc, 0xb4, 0x66, 0xff,
    0xe1, 0x80, 0x7f, 0xff, 0xc0, 0x3f, 0xf9, 0xd5,
    0xff, 0xff, 0xc3, 0x0, 0xff, 0xff, 0x80, 0x7f,
    0xff, 0xc0, 0x3f, 0xff, 0xe0, 0x1f, 0xff, 0xf0,
    0xf, 0xff, 0xf8, 0x7, 0xff, 0xfc, 0x3, 0xff,
    0xb2,

    /* U+04A5 "ҥ" */
    0x4f, 0xfa, 0x40, 0x3f, 0xeb, 0xff, 0xff, 0xe1,
    0x98, 0x7, 0xff, 0xfc, 0x3, 0xff, 0x81, 0x11,
    0xff, 0x10, 0x7, 0xff, 0x25, 0xdf, 0xfe, 0x10,
    0xf, 0xff, 0xf8, 0x7, 0xff, 0xc4, 0x99, 0xbf,
    0xe4, 0x0, 0xff, 0xe4, 0x24, 0xcf, 0xfc, 0x1,
    0xff, 0xff, 0x0, 0xff, 0xe0, 0x37, 0xff, 0xfc,
    0x80, 0x1f, 0xff, 0xf0, 0xf, 0xff, 0xf8, 0x7,
    0xff, 0xfc, 0x3, 0xff, 0xd6,

    /* U+04A6 "Ҧ" */
    0xaf, 0xff, 0xfe, 0x5b, 0x80, 0x7f, 0xff, 0xc0,
    0x3f, 0xfa, 0xa8, 0xcd, 0xff, 0xc3, 0x30, 0xf,
    0xfe, 0x77, 0x4c, 0xff, 0xf0, 0xec, 0x3, 0xff,
    0xfe, 0x1, 0xff, 0xff, 0x0, 0xff, 0xff, 0x80,
    0x7f, 0xff, 0xc0, 0x3f, 0xfc, 0xe4, 0xac, 0xec,
    0x80, 0x1f, 0xfd, 0x61, 0x8e, 0xda, 0x98, 0x9b,
    0xfb, 0x50, 0xf, 0xfe, 0x95, 0x73, 0x88, 0x7,
    0xc9, 0x5a, 0x60, 0x1f, 0xfd, 0x2, 0x0, 0xff,
    0xe0, 0x16, 0x20, 0x7, 0xff, 0x44, 0x5a, 0xfb,
    0xfd, 0xd4, 0x80, 0x1a, 0xcc, 0x3, 0xff, 0x9f,
    0x1d, 0x28, 0x20, 0x1, 0x5b, 0xb0, 0x6, 0xe0,
    0xf, 0xfe, 0x74, 0x38, 0x7, 0xf2, 0x58, 0x4,
    0x4a, 0x1, 0xff, 0xd9, 0x46, 0x0, 0xb8, 0x3,
    0xff, 0xb5, 0x60, 0x12, 0x0, 0x7f, 0xf6, 0x88,
    0x40, 0x22, 0x0, 0xff, 0xed, 0x28, 0x4, 0x20,
    0x1f, 0xfd, 0xe7, 0x0, 0xff, 0xef, 0x38, 0x7,
    0xff, 0x69, 0x40, 0x22, 0x0, 0xff, 0xec, 0x90,
    0x80, 0x4, 0x40, 0x1f, 0xfd, 0x9a, 0x0, 0x90,
    0x3, 0xff, 0xb2, 0x4e, 0x1, 0x48, 0x57, 0xfc,
    0xa0, 0x1f, 0xfc, 0x37, 0xff, 0x9c, 0x3, 0xfc,
    0x3e, 0x1, 0x21, 0x80, 0x7f, 0xf5, 0xd7, 0xc8,
    0x2, 0x90, 0xf, 0xfe, 0x9b, 0x4c, 0xab, 0xa8,
    0x40, 0x2b, 0x20, 0xf, 0xfe, 0x9e, 0xb3, 0x14,
    0x40, 0x35, 0x20, 0x7, 0xff, 0x51, 0x40, 0x3c,
    0x9c, 0xa0, 0x1f, 0xfd, 0x55, 0x11, 0x8e, 0x36,
    0xc4, 0x3, 0xff, 0xad, 0x7d, 0xd6, 0x39, 0x0,
    0x7c,

    /* U+04A7 "ҧ" */
    0x4f, 0xff, 0xfe, 0x36, 0x0, 0x7f, 0xff, 0xc0,
    0x3f, 0xf8, 0xa7, 0x11, 0xff, 0x0, 0x7f, 0xf3,
    0x15, 0xdf, 0xfe, 0x0, 0xff, 0xff, 0x80, 0x7f,
    0xff, 0xc0, 0x3f, 0xff, 0x64, 0xf5, 0x9b, 0x94,
    0xe4, 0x1, 0xff, 0xcd, 0x2c, 0xd8, 0x53, 0x23,
    0x58, 0xdb, 0x20, 0xf, 0xfe, 0x58, 0x98, 0x7,
    0xf2, 0x6a, 0x0, 0x7f, 0xf3, 0x45, 0x59, 0x88,
    0x20, 0x1a, 0xcc, 0x3, 0xff, 0x94, 0xb9, 0xd5,
    0x32, 0xbe, 0x80, 0xd, 0xc0, 0x1f, 0xfc, 0x93,
    0xa3, 0x0, 0xf3, 0xd8, 0x4, 0x4c, 0x1, 0xff,
    0xd2, 0x48, 0x0, 0xa8, 0x3, 0xff, 0xa6, 0xc0,
    0x11, 0x80, 0x7f, 0xf4, 0xc4, 0x80, 0x22, 0x0,
    0xff, 0xe9, 0xb0, 0x4, 0x20, 0x1f, 0xff, 0x76,
    0x0, 0x89, 0x3f, 0xe9, 0x0, 0xff, 0xbf, 0xec,
    0x0, 0xff, 0x9, 0x0, 0x4, 0x40, 0x1f, 0xfd,
    0x26, 0x0, 0x90, 0x3, 0xff, 0xa4, 0x70, 0x1,
    0x70, 0x7, 0xff, 0x45, 0x70, 0x2, 0x34, 0x0,
    0xff, 0xe5, 0x93, 0x2a, 0xa3, 0x68, 0x3, 0x70,
    0x7, 0xff, 0x31, 0x66, 0xa8, 0xe4, 0x1, 0xac,
    0x80, 0x3f, 0xf9, 0x98, 0x1, 0xf1, 0xea, 0x0,
    0x7f, 0xf3, 0x54, 0x3, 0x96, 0xf0, 0x80, 0x3f,
    0xf9, 0xdd, 0xcd, 0xce, 0xfa, 0x40, 0xf, 0x0,

    /* U+04A8 "Ҩ" */
    0x0, 0xf2, 0x59, 0x80, 0x7f, 0xb, 0x5f, 0x7f,
    0xba, 0xdc, 0x80, 0x3f, 0xf8, 0xf, 0x69, 0x92,
    0x20, 0x1e, 0x7e, 0x94, 0x10, 0x0, 0xa4, 0x6c,
    0x88, 0x7, 0xf3, 0xc0, 0x4, 0x42, 0x1, 0x87,
    0x20, 0x3, 0xfc, 0xde, 0x40, 0x1f, 0x24, 0x0,
    0x4d, 0x60, 0x1d, 0xa6, 0x1, 0x89, 0x10, 0x40,
    0x18, 0x70, 0x40, 0x38, 0x68, 0x2, 0x49, 0x0,
    0xea, 0x30, 0x9, 0x37, 0x57, 0x6d, 0xd2, 0x0,
    0x43, 0xa0, 0x1d, 0x2, 0x0, 0x2b, 0x0, 0xe4,
    0x50, 0x9, 0xac, 0x80, 0x31, 0x5b, 0x0, 0x46,
    0xc0, 0x11, 0x30, 0x5, 0x20, 0x1e, 0x80, 0x9,
    0x24, 0x3, 0xf4, 0x98, 0x5, 0x60, 0x15, 0x80,
    0x46, 0x80, 0x1c, 0x46, 0x1, 0x48, 0x7, 0xfb,
    0xc0, 0x22, 0x30, 0x3, 0x80, 0x52, 0x1, 0xe5,
    0x0, 0x8c, 0x80, 0x3f, 0xc6, 0x60, 0x9, 0x0,
    0xc4, 0x2, 0x50, 0xf, 0x68, 0x5, 0x60, 0x1f,
    0xfc, 0x4, 0x0, 0xb4, 0x14, 0x2, 0x50, 0xf,
    0x9c, 0x2, 0x30, 0xf, 0xfe, 0x6, 0x80, 0x4c,
    0x1e, 0x1, 0x68, 0x7, 0xc6, 0x1, 0x30, 0x7,
    0xff, 0x0, 0x40, 0x21, 0x3, 0x0, 0x88, 0x3,
    0xe1, 0x0, 0x8c, 0x3, 0xff, 0x80, 0xe0, 0x10,
    0x80, 0x80, 0x42, 0x1, 0xf0, 0x80, 0x7f, 0xf1,
    0x1c, 0x2, 0x70, 0x10, 0x8, 0x40, 0x3e, 0x30,
    0x8, 0xc0, 0x3f, 0xf8, 0x2, 0x1, 0x10, 0x18,
    0x4, 0x60, 0x1f, 0x30, 0x4, 0xc0, 0x1f, 0xfc,
    0x2, 0x0, 0xbc, 0x38, 0x2, 0xe0, 0xf, 0x8c,
    0x2, 0x30, 0xf, 0xfe, 0x6, 0x80, 0x48, 0x6,
    0x1, 0x20, 0x7, 0xd6, 0x1, 0x58, 0x7, 0xff,
    0x1, 0x40, 0x4, 0x40, 0x50, 0x8, 0xc4, 0x3,
    0xc6, 0x20, 0x3, 0x10, 0xf, 0xf2, 0x80, 0x54,
    0x0, 0x14, 0x0, 0xa4, 0x3, 0xe9, 0x0, 0xa4,
    0x3, 0xfd, 0x20, 0x1, 0x70, 0xb, 0xc0, 0x27,
    0x10, 0xf, 0x30, 0x80, 0x1c, 0x80, 0x3f, 0x29,
    0x80, 0x20, 0x3, 0x21, 0x80, 0x5a, 0x1, 0xe1,
    0x80, 0xb, 0x80, 0x3e, 0x1b, 0x0, 0x23, 0x0,
    0x77, 0x80, 0x47, 0x40, 0x1e, 0x64, 0x0, 0x1c,
    0x80, 0x7b, 0x44, 0x6, 0x80, 0x3c, 0x70, 0x1,
    0x2d, 0x88, 0x7, 0x51, 0x0, 0x1a, 0x80, 0x22,
    0xd3, 0x1, 0xc1, 0x0, 0xf9, 0xd8, 0x2, 0x4f,
    0x60, 0xc, 0x38, 0x40, 0x5, 0xd4, 0x6c, 0x20,
    0x2c, 0x20, 0xf, 0xe9, 0x80, 0x8, 0x67, 0xe9,
    0x8c, 0x83, 0x88, 0x0, 0x57, 0x22, 0x5, 0x20,
    0x22, 0x36, 0x90, 0xf, 0x3d, 0x90, 0x6, 0x59,
    0xcd, 0xec, 0x20, 0xf, 0x8a, 0xf7, 0xb9, 0x92,
    0xc0, 0x1f, 0x26, 0xc9, 0x0, 0x7f, 0xf0, 0x4,
    0x3, 0xfe, 0x10, 0xf, 0xcd, 0xb9, 0xa, 0x42,
    0x0, 0x12, 0x59, 0xde, 0xb7, 0x31, 0x0, 0x9,
    0x23, 0x48, 0x80,

    /* U+04A9 "ҩ" */
    0x0, 0xe5, 0xd6, 0x0, 0xf8, 0x5f, 0x3b, 0xfd,
    0xb4, 0x80, 0x1f, 0xcf, 0x45, 0x38, 0x40, 0x19,
    0xfa, 0xc, 0x40, 0x4, 0xb7, 0x61, 0x0, 0xf2,
    0xc0, 0x4, 0x84, 0x1, 0x54, 0x0, 0x7f, 0x27,
    0x90, 0x6, 0x2a, 0x0, 0xa2, 0x0, 0x14, 0x28,
    0x4, 0x4f, 0x30, 0x80, 0x10, 0xf8, 0x6, 0x90,
    0x9, 0x1c, 0x2, 0x37, 0x0, 0xa3, 0x61, 0x9e,
    0xf0, 0x40, 0x5, 0x0, 0x2, 0x40, 0x0, 0xd0,
    0x6, 0x90, 0x9, 0xdc, 0x1, 0xc7, 0x40, 0x13,
    0x0, 0x28, 0x2, 0x61, 0x0, 0xca, 0x1, 0x40,
    0x7, 0xc8, 0x80, 0x0, 0x98, 0x20, 0x5, 0x40,
    0x18, 0xc0, 0x25, 0x0, 0xfe, 0xd0, 0x9, 0x40,
    0xc0, 0x2, 0x40, 0x19, 0xc0, 0x2d, 0x0, 0xfe,
    0x20, 0x8, 0x44, 0x1, 0x10, 0x7, 0x8, 0x4,
    0x20, 0x1f, 0xce, 0x1, 0xf9, 0xc0, 0x38, 0x40,
    0x21, 0x0, 0xfe, 0x70, 0x8, 0x44, 0x1, 0x38,
    0x7, 0x30, 0x5, 0xc0, 0x1f, 0xc4, 0x1, 0x28,
    0x8, 0x0, 0xc0, 0x38, 0x80, 0x25, 0x0, 0xfe,
    0xc0, 0x0, 0x98, 0x28, 0x4, 0x60, 0x1c, 0x80,
    0x3, 0x10, 0xf, 0xca, 0x0, 0x70, 0x6, 0x80,
    0x52, 0x1, 0xde, 0x1, 0x48, 0x7, 0xd0, 0x1,
    0x58, 0x1, 0xc4, 0x0, 0xaa, 0x0, 0xc8, 0x80,
    0x3, 0x98, 0x7, 0x13, 0x80, 0x20, 0x80, 0x3,
    0x20, 0x15, 0x18, 0x6, 0xa0, 0xb, 0x48, 0x2,
    0x1c, 0x0, 0x1b, 0x80, 0x67, 0x40, 0xb, 0x20,
    0x2, 0x1b, 0x0, 0xe, 0x20, 0x27, 0x88, 0x1e,
    0x80, 0x7a, 0xcc, 0x2, 0x7e, 0x84, 0x14, 0xb0,
    0x0, 0xde, 0xd8, 0x81, 0xe8, 0x92, 0x18, 0x6,
    0xc5, 0x0, 0x85, 0xef, 0xbe, 0xc0, 0x31, 0x0,
    0x47, 0xdf, 0xb7, 0x40, 0x1d, 0x56, 0x60, 0x1f,
    0xfc, 0x83, 0x0, 0xf2, 0x66, 0xc2, 0x10, 0x4,
    0x46, 0xf7, 0x67, 0x31, 0x0, 0x9, 0xb7, 0x80,

    /* U+04AA "Ҫ" */
    0x0, 0xfe, 0x16, 0xad, 0xef, 0xf7, 0x64, 0xa8,
    0x7, 0xff, 0x4, 0xab, 0xa5, 0x48, 0x40, 0x2,
    0x6d, 0x5f, 0x22, 0x1, 0xfd, 0x3a, 0xa0, 0x1f,
    0xfc, 0x6, 0xe6, 0x0, 0xf0, 0xe3, 0x0, 0x70,
    0x9a, 0x20, 0xc4, 0x3, 0xa6, 0x40, 0x18, 0x7c,
    0xc0, 0x33, 0x67, 0x65, 0xdb, 0x3b, 0x18, 0x3,
    0x32, 0x0, 0x5a, 0x20, 0x12, 0x74, 0x98, 0x7,
    0x8e, 0x75, 0x0, 0x10, 0x80, 0x9, 0x30, 0x9,
    0xec, 0x40, 0x3f, 0xc5, 0x6d, 0xe, 0x0, 0x26,
    0x0, 0x9e, 0x0, 0x3f, 0xf8, 0x52, 0xe0, 0x14,
    0x0, 0x47, 0x0, 0x1f, 0xfc, 0x71, 0x50, 0xb,
    0xc0, 0x3f, 0xf9, 0xe, 0x1, 0x19, 0x80, 0x3f,
    0xf9, 0x18, 0x1, 0x58, 0x7, 0xff, 0x25, 0x80,
    0x23, 0x0, 0xff, 0xe4, 0x90, 0x4, 0xc0, 0x1f,
    0xfc, 0xd3, 0x0, 0xff, 0xe6, 0x98, 0x7, 0xff,
    0x24, 0x80, 0x26, 0x0, 0xff, 0xe4, 0xb0, 0x4,
    0x60, 0x1f, 0xfc, 0x9c, 0x0, 0xac, 0x3, 0xff,
    0x92, 0xe0, 0x11, 0x98, 0x3, 0xff, 0x90, 0x28,
    0x1, 0x78, 0x7, 0xff, 0x26, 0x40, 0x23, 0x80,
    0xf, 0xfe, 0x41, 0x30, 0x4, 0xee, 0x0, 0xff,
    0xe1, 0x54, 0x0, 0x69, 0x30, 0xa, 0x28, 0x40,
    0x3f, 0xc5, 0x6a, 0xf0, 0x1, 0xb4, 0x40, 0x25,
    0xe8, 0x30, 0xf, 0x1c, 0xea, 0x0, 0x1d, 0x0,
    0x21, 0xf3, 0x0, 0xcf, 0x9d, 0x97, 0x6c, 0xec,
    0x60, 0xc, 0xe8, 0x1, 0x87, 0x18, 0x3, 0x84,
    0xd1, 0x6, 0x20, 0x1d, 0x30, 0x1, 0xf4, 0xea,
    0x80, 0x7f, 0xf0, 0x1b, 0x98, 0x3, 0xf8, 0xab,
    0xa5, 0x40, 0x38, 0xda, 0xbe, 0x44, 0x3, 0xff,
    0x80, 0x2d, 0x58, 0x1, 0x3e, 0x4a, 0x80, 0x7f,
    0xff, 0xc0, 0x3f, 0xfe, 0x20,

    /* U+04AB "ҫ" */
    0x0, 0xf8, 0xe3, 0x3b, 0xfd, 0xd6, 0xe2, 0x1,
    0xfc, 0x59, 0x87, 0x31, 0x0, 0xa, 0x47, 0x48,
    0x7, 0xcd, 0xa6, 0x1, 0xfe, 0x6d, 0x10, 0xc,
    0xf2, 0x1, 0x89, 0x5d, 0xca, 0x1, 0x8b, 0x40,
    0x24, 0x80, 0x8, 0xaf, 0x6a, 0x21, 0x5f, 0x0,
    0x11, 0xa8, 0x2, 0x40, 0x24, 0xd4, 0x0, 0xf3,
    0xe0, 0xd, 0x28, 0x29, 0x0, 0x6, 0x80, 0x3f,
    0x8e, 0xfd, 0x40, 0x1c, 0x1, 0x40, 0x80, 0x7f,
    0x90, 0x40, 0x24, 0x0, 0x98, 0x3, 0xff, 0x86,
    0x40, 0x11, 0x80, 0x7f, 0xf1, 0x4, 0x2, 0x70,
    0xf, 0xfe, 0xc8, 0x80, 0x4e, 0x1, 0xff, 0xc4,
    0x20, 0x8, 0xc0, 0x3f, 0xf8, 0xa8, 0x1, 0x30,
    0x7, 0xff, 0x13, 0x80, 0x28, 0x10, 0xf, 0xf2,
    0x8, 0x4, 0xa4, 0x0, 0x1a, 0x0, 0xfe, 0x3b,
    0xf5, 0x0, 0xa4, 0x2, 0x4d, 0x40, 0xf, 0x3e,
    0x0, 0xd2, 0x80, 0x12, 0x0, 0x22, 0xbd, 0x98,
    0x85, 0x7c, 0x0, 0x46, 0xa0, 0x13, 0xc8, 0x6,
    0x26, 0x77, 0x28, 0x6, 0x3d, 0x0, 0xe6, 0xd4,
    0x0, 0xff, 0x3e, 0x8, 0x7, 0x8a, 0xf1, 0xc0,
    0x39, 0x23, 0xa0, 0x3, 0xfc, 0x71, 0x80, 0x14,
    0x5b, 0x88, 0x7, 0xff, 0xfc, 0x9, 0xde, 0x40,
    0xf, 0x80,

    /* U+04AC "Ҭ" */
    0x7f, 0xff, 0xfe, 0x54, 0x80, 0x7f, 0xf9, 0xd,
    0x9b, 0xf8, 0x3, 0x33, 0x7f, 0x62, 0x4c, 0xff,
    0x8, 0x5, 0x33, 0xfc, 0xa0, 0x1f, 0xff, 0xf0,
    0xf, 0xff, 0xf8, 0x7, 0xff, 0xfc, 0x3, 0xff,
    0xfe, 0x1, 0xff, 0xff, 0x0, 0xff, 0xff, 0x80,
    0x7f, 0xf7, 0x4, 0x2, 0x99, 0xc4, 0x1, 0xff,
    0xc7, 0x66, 0xe0, 0xf, 0xff, 0x9f, 0xfe, 0x90,
    0xf, 0xff, 0xf8, 0x7, 0xff, 0xe1, 0x5d, 0xe6,
    0x0, 0xe0,

    /* U+04AD "ҭ" */
    0xdf, 0xff, 0xfe, 0x34, 0x0, 0x7f, 0xf7, 0x2e,
    0x23, 0xe0, 0x8, 0xa2, 0x3e, 0xb6, 0x77, 0xf3,
    0x0, 0x42, 0xef, 0xf1, 0x80, 0x7f, 0xff, 0xc0,
    0x3f, 0xff, 0xe0, 0x1f, 0xff, 0xf0, 0xf, 0xff,
    0x18, 0x8c, 0x1, 0xff, 0xc4, 0x3e, 0xe8, 0x40,
    0x3f, 0xfc, 0xe3, 0xff, 0x38, 0x7, 0xff, 0xfc,
    0x3, 0xff, 0x82,

    /* U+04AE "Ү" */
    0x6f, 0xfb, 0x0, 0x3f, 0xf8, 0xb9, 0xff, 0x13,
    0x10, 0x0, 0xd8, 0x3, 0xff, 0x86, 0xc6, 0x0,
    0x72, 0x9, 0x0, 0xa0, 0x40, 0x3f, 0xf8, 0x23,
    0x0, 0x1, 0x80, 0x2, 0x28, 0x0, 0x60, 0x3,
    0xff, 0x83, 0x2, 0x0, 0xb0, 0xd, 0x60, 0x13,
    0x10, 0x7, 0xfc, 0x4c, 0x0, 0x35, 0x0, 0xc3,
    0x0, 0x14, 0x80, 0x7f, 0xdc, 0x1, 0x78, 0x7,
    0x9c, 0x40, 0x8, 0xa0, 0x1f, 0xca, 0x60, 0x6,
    0x30, 0xf, 0xac, 0x2, 0xb0, 0xf, 0xeb, 0x0,
    0xc, 0x0, 0x7e, 0x54, 0x0, 0xc, 0x0, 0x7d,
    0x2, 0x0, 0x81, 0x0, 0xfe, 0x90, 0x9, 0xc8,
    0x3, 0x89, 0xc0, 0x4, 0xc0, 0x1f, 0xe2, 0x60,
    0xa, 0x40, 0x3a, 0x40, 0x29, 0x0, 0xff, 0xe0,
    0x48, 0x80, 0x11, 0x0, 0x12, 0x20, 0x0, 0xa8,
    0x1, 0xff, 0xc1, 0x80, 0xa, 0x40, 0x29, 0x0,
    0xac, 0x3, 0xff, 0x84, 0xc6, 0x0, 0x27, 0x7,
    0x20, 0x4, 0x8, 0x7, 0xff, 0xf, 0xc0, 0x28,
    0x38, 0x0, 0x13, 0x80, 0x7f, 0xf1, 0xd, 0x40,
    0x2c, 0x0, 0xa4, 0x3, 0xff, 0x8d, 0x60, 0x1e,
    0x44, 0x0, 0x7f, 0xf1, 0x86, 0x0, 0x3a, 0x40,
    0x3f, 0xf9, 0xe, 0x40, 0x13, 0x90, 0x7, 0xff,
    0x25, 0xc0, 0x2d, 0x0, 0xff, 0xff, 0x80, 0x7f,
    0xff, 0xc0, 0x3f, 0xff, 0xe0, 0x1f, 0xfd, 0x10,

    /* U+04AF "ү" */
    0x8f, 0xf9, 0xc0, 0x3f, 0xf8, 0x27, 0xff, 0x45,
    0x0, 0x52, 0x1, 0xff, 0xc1, 0x90, 0xa, 0x49,
    0x0, 0x2, 0xa0, 0x1f, 0xf0, 0xa8, 0x1, 0x44,
    0x3c, 0x2, 0xe0, 0xf, 0xf9, 0x80, 0x29, 0x0,
    0x21, 0x0, 0x10, 0x80, 0x3f, 0xd2, 0x0, 0x23,
    0x0, 0xa8, 0x2, 0xa0, 0xf, 0xe5, 0x10, 0x5,
    0x80, 0x66, 0x0, 0x98, 0x3, 0xfa, 0x40, 0x2,
    0xc0, 0x18, 0x58, 0x0, 0x2c, 0x1, 0xf1, 0x18,
    0x1, 0x80, 0x3d, 0x40, 0x15, 0x0, 0x7d, 0x60,
    0x15, 0x0, 0x78, 0xcc, 0x0, 0x33, 0x0, 0x70,
    0xb0, 0x1, 0x8, 0x3, 0xe9, 0x0, 0xa4, 0x3,
    0x98, 0x2, 0xf0, 0xf, 0xca, 0x20, 0x5, 0x10,
    0xd, 0x40, 0x2, 0x40, 0xf, 0xe6, 0x0, 0x98,
    0x2, 0x42, 0x0, 0x50, 0x7, 0xfa, 0x40, 0x2a,
    0x0, 0xbc, 0x2, 0x60, 0xf, 0xf0, 0xa8, 0x0,
    0x90, 0x9, 0x0, 0xc, 0x20, 0x1f, 0xf7, 0x0,
    0x5e, 0x16, 0x1, 0x50, 0x7, 0xff, 0x1, 0x8,
    0x0, 0x84, 0xc0, 0x3, 0x30, 0x7, 0xff, 0x6,
    0xc0, 0x2f, 0x0, 0xa4, 0x3, 0xff, 0x84, 0xc0,
    0x11, 0x0, 0x5, 0x40, 0x3f, 0xf8, 0x6c, 0x1,
    0xcc, 0x1, 0xff, 0xc4, 0xb0, 0xe, 0x90, 0xf,
    0xfe, 0x21, 0x20, 0x4, 0xa2, 0x1, 0xff, 0xc5,
    0xc0, 0xb, 0x0, 0x3f, 0xff, 0xe0, 0x1f, 0xff,
    0xf0, 0xf, 0xfe, 0x40,

    /* U+04B0 "Ұ" */
    0x6f, 0xfb, 0x0, 0x3f, 0xf8, 0xb9, 0xff, 0x13,
    0x10, 0x0, 0xd8, 0x3, 0xff, 0x86, 0xc6, 0x0,
    0x72, 0x9, 0x0, 0xa0, 0x40, 0x3f, 0xf8, 0x23,
    0x0, 0x1, 0x80, 0x2, 0x28, 0x0, 0x60, 0x3,
    0xff, 0x83, 0x2, 0x0, 0x80, 0xd, 0x60, 0x13,
    0x10, 0x7, 0xfc, 0x6c, 0x0, 0x36, 0x0, 0xc3,
    0x0, 0x17, 0x0, 0x7f, 0xde, 0x1, 0x78, 0x7,
    0x9c, 0x80, 0x6, 0xa0, 0x1f, 0xca, 0x60, 0x6,
    0x30, 0xf, 0xa4, 0x2, 0xb0, 0xf, 0xeb, 0x0,
    0xc, 0x0, 0x7e, 0x44, 0x0, 0x6, 0x0, 0x3e,
    0x81, 0x0, 0x40, 0x80, 0x7f, 0x48, 0x4, 0xe4,
    0x1, 0xc4, 0xe0, 0x2, 0x60, 0xf, 0xf1, 0x38,
    0x5, 0x20, 0x1d, 0x20, 0x14, 0x80, 0x7f, 0xf0,
    0x20, 0x40, 0x8, 0x80, 0x9, 0x50, 0x0, 0xa8,
    0x1, 0xff, 0xc1, 0xb0, 0xa, 0x40, 0x28, 0x0,
    0xac, 0x3, 0xff, 0x84, 0xa6, 0x0, 0x27, 0x8,
    0x20, 0x4, 0x8, 0x7, 0xff, 0xf, 0xc0, 0x28,
    0x37, 0x0, 0x13, 0x80, 0x7f, 0xf1, 0xd, 0x80,
    0x2c, 0x0, 0xa0, 0x3, 0xff, 0x8d, 0x2, 0x1,
    0xc8, 0xa0, 0x1f, 0xfc, 0x13, 0xcc, 0xda, 0x1,
    0xe6, 0xcc, 0xd4, 0x1, 0xfc, 0xc6, 0x7c, 0x20,
    0x1c, 0x46, 0x79, 0xc0, 0x3f, 0xfb, 0xb, 0xff,
    0xe5, 0x0, 0xab, 0xff, 0xb4, 0x3, 0xff, 0xfe,
    0x1, 0xff, 0xff, 0x0, 0xff, 0xfd, 0x80,

    /* U+04B1 "ұ" */
    0x8f, 0xf9, 0xc0, 0x3f, 0xf8, 0x27, 0xff, 0x45,
    0x0, 0x52, 0x1, 0xff, 0xc1, 0x90, 0xa, 0x49,
    0x0, 0x2, 0xa0, 0x1f, 0xf0, 0xa8, 0x1, 0x44,
    0x3c, 0x2, 0xe0, 0xf, 0xf9, 0x80, 0x29, 0x0,
    0x21, 0x0, 0x10, 0x80, 0x3f, 0xd2, 0x0, 0x33,
    0x0, 0x54, 0x1, 0x58, 0x7, 0xf2, 0x88, 0x2,
    0x80, 0x33, 0x0, 0x4c, 0x1, 0xfd, 0x20, 0x1,
    0x60, 0xc, 0x2c, 0x1, 0x30, 0x7, 0xc6, 0x60,
    0x3, 0x0, 0x7a, 0xc0, 0x2b, 0x0, 0xfa, 0x80,
    0x2a, 0x0, 0xf1, 0x18, 0x0, 0x8c, 0x3, 0x85,
    0x80, 0x8, 0x40, 0x1f, 0x48, 0x5, 0x20, 0x1c,
    0xc0, 0x17, 0x80, 0x7e, 0x51, 0x0, 0x28, 0x80,
    0x69, 0x0, 0x12, 0x0, 0x7f, 0x48, 0x4, 0xc0,
    0x12, 0x88, 0x2, 0xc0, 0x3f, 0xcc, 0x1, 0x48,
    0x5, 0xc0, 0x13, 0x0, 0x7f, 0x85, 0x40, 0x2,
    0xa0, 0x48, 0x0, 0x60, 0xf, 0xfe, 0x4, 0x80,
    0x5c, 0x16, 0x1, 0x58, 0x7, 0xff, 0x0, 0xcc,
    0x0, 0x43, 0x60, 0x2, 0x10, 0x7, 0xff, 0x6,
    0x80, 0x2d, 0x0, 0xb8, 0x3, 0xff, 0x84, 0xc2,
    0x0, 0x10, 0x0, 0xa8, 0x7, 0xff, 0xd, 0x80,
    0x3a, 0x40, 0x3f, 0xc5, 0x99, 0xca, 0x1, 0xd5,
    0x99, 0xc0, 0x1c, 0x26, 0x7c, 0x40, 0x1c, 0x46,
    0x7c, 0x20, 0x1f, 0xfc, 0xf3, 0xff, 0xf4, 0x0,
    0x53, 0xff, 0xe1, 0x0, 0xff, 0xff, 0x80, 0x7f,
    0xfd, 0x40,

    /* U+04B2 "Ҳ" */
    0x4, 0xff, 0xc8, 0x1, 0xff, 0xc1, 0xbf, 0xfb,
    0x80, 0x32, 0x28, 0x5, 0x42, 0x1, 0xff, 0x3a,
    0x0, 0x54, 0x1, 0xd6, 0x20, 0x1, 0xb0, 0xf,
    0xf1, 0x40, 0x4, 0xc8, 0x1, 0xc3, 0x40, 0x12,
    0xa8, 0x3, 0xfb, 0x80, 0x22, 0x90, 0xf, 0x91,
    0x80, 0x2a, 0x10, 0xf, 0xa0, 0xc0, 0x2e, 0x0,
    0xfe, 0x91, 0x0, 0xa8, 0x3, 0xc6, 0xe0, 0x13,
    0x98, 0x7, 0xfa, 0x80, 0x24, 0x70, 0xe, 0xe0,
    0x8, 0xa0, 0x3, 0xfe, 0x46, 0x0, 0xa0, 0x80,
    0x29, 0x20, 0xb, 0x80, 0x3f, 0xf8, 0x32, 0x40,
    0x17, 0x0, 0x11, 0x80, 0x28, 0x30, 0xf, 0xfe,
    0x17, 0x0, 0x47, 0x3, 0x40, 0x11, 0xb8, 0x7,
    0xff, 0xc, 0xdc, 0x2, 0x7d, 0x10, 0xb, 0x80,
    0x3f, 0xf8, 0xb0, 0x40, 0x11, 0x80, 0x50, 0x40,
    0x1f, 0xfc, 0x6e, 0x0, 0xf1, 0xb8, 0x7, 0xff,
    0x1c, 0xdc, 0x3, 0xb8, 0x3, 0xff, 0x93, 0xc0,
    0x1c, 0x20, 0x1f, 0xfc, 0x82, 0x90, 0xe, 0xe0,
    0xf, 0xfe, 0x47, 0x0, 0x78, 0xa0, 0x3, 0xff,
    0x8c, 0xe6, 0x1, 0x18, 0x4, 0xe6, 0x1, 0xff,
    0xc4, 0x28, 0x0, 0x9f, 0x44, 0x2, 0xe0, 0xf,
    0xfe, 0x27, 0x0, 0x45, 0x3, 0x40, 0x11, 0x48,
    0x7, 0xff, 0xa, 0xc, 0x2, 0xe0, 0x2, 0x30,
    0x4, 0xc8, 0x1, 0xff, 0xc0, 0x37, 0x0, 0xa0,
    0xc0, 0x29, 0x20, 0xa, 0x80, 0x3f, 0xf8, 0x1c,
    0x1, 0x1b, 0x80, 0x77, 0x0, 0x43, 0x20, 0x1f,
    0xe8, 0x20, 0xb, 0x80, 0x3c, 0x6e, 0x1, 0x32,
    0x0, 0x7e, 0x37, 0x0, 0xa4, 0x80, 0x3e, 0x83,
    0x0, 0xa8, 0x40, 0x3e, 0xe0, 0x9, 0x18, 0x3,
    0xfb, 0x80, 0x21, 0xe9, 0x99, 0xc0, 0x12, 0x40,
    0x1, 0xa0, 0xf, 0xf1, 0x48, 0x6, 0x66, 0xac,
    0x11, 0x80, 0x2b, 0x10, 0xf, 0xf9, 0x90, 0x3,
    0xe1, 0xa0, 0x9, 0x54, 0x1, 0xff, 0xc1, 0xa0,
    0xf, 0x87, 0xbf, 0xea, 0x0, 0xff, 0xe1, 0xf,
    0xfc, 0x1, 0xff, 0xff, 0x0, 0xff, 0xff, 0x80,
    0x7f, 0xf1, 0xa1, 0xdd, 0x40,

    /* U+04B3 "ҳ" */
    0xd, 0xff, 0x98, 0x3, 0xfd, 0x5f, 0xf4, 0x0,
    0x6f, 0x0, 0xa4, 0x80, 0x3f, 0x32, 0x80, 0x12,
    0x0, 0x31, 0x48, 0x5, 0xe0, 0x1f, 0x14, 0x80,
    0x6, 0x80, 0x3c, 0xca, 0x0, 0x29, 0x0, 0xf7,
    0x80, 0x54, 0x20, 0x1f, 0x51, 0x0, 0x19, 0x40,
    0x35, 0x10, 0x1, 0xd0, 0x3, 0xfb, 0x80, 0x2b,
    0x10, 0x2, 0xa8, 0x0, 0x70, 0x1, 0xfe, 0x39,
    0x0, 0xe, 0x81, 0x50, 0x0, 0x74, 0x3, 0xff,
    0x80, 0xc8, 0x0, 0x38, 0xe0, 0xa, 0x84, 0x3,
    0xff, 0x83, 0x42, 0x0, 0x73, 0x0, 0x3a, 0x0,
    0x7f, 0xf0, 0x87, 0x40, 0x38, 0xe0, 0x3, 0xff,
    0x88, 0x6e, 0x1, 0xb8, 0x3, 0xff, 0x8c, 0x80,
    0x19, 0x0, 0x3f, 0xf8, 0xb2, 0x60, 0x1a, 0x4c,
    0x3, 0xff, 0x86, 0xac, 0x0, 0x10, 0xb, 0x80,
    0x3f, 0xf8, 0x45, 0x60, 0x16, 0x38, 0x0, 0xa8,
    0x3, 0xff, 0x83, 0xc2, 0x0, 0x92, 0x83, 0x0,
    0x2b, 0x0, 0x7f, 0xd0, 0x60, 0x5, 0x60, 0x7,
    0x0, 0x52, 0x60, 0x1f, 0xc8, 0xe0, 0x2, 0xa0,
    0x8, 0xa8, 0x2, 0xe0, 0xf, 0xc3, 0x40, 0x17,
    0x0, 0x72, 0xb0, 0x0, 0xbd, 0x9b, 0x0, 0x5a,
    0x20, 0x8, 0x30, 0xf, 0x49, 0x0, 0x53, 0x38,
    0x42, 0xc, 0x0, 0x8e, 0x1, 0xfb, 0xc0, 0x3f,
    0x23, 0x80, 0x6, 0x80, 0x3f, 0x8a, 0x0, 0x3e,
    0x4f, 0xfb, 0x84, 0x3, 0xfc, 0xff, 0xe9, 0x0,
    0xff, 0xff, 0x80, 0x7f, 0xf2, 0x15, 0xde, 0x10,

    /* U+04B4 "Ҵ" */
    0x7f, 0xff, 0xfe, 0x4c, 0x0, 0x79, 0x3f, 0xeb,
    0x0, 0xff, 0xff, 0x80, 0x71, 0xb3, 0x7f, 0x8,
    0x4, 0xcd, 0xfb, 0x0, 0x3f, 0xf8, 0x69, 0x33,
    0xfc, 0x60, 0x14, 0x4c, 0xfc, 0x80, 0x1f, 0xff,
    0xf0, 0xf, 0xff, 0xf8, 0x7, 0xff, 0xfc, 0x3,
    0xff, 0xfe, 0x1, 0xff, 0xff, 0x0, 0xff, 0xff,
    0x80, 0x7f, 0xff, 0xc0, 0x3f, 0xff, 0xe0, 0x1f,
    0xff, 0xf0, 0xf, 0xff, 0xf8, 0x7, 0xff, 0x6e,
    0x26, 0x7f, 0xf8, 0x5e, 0x1, 0x34, 0xce, 0x0,
    0xff, 0xe1, 0x33, 0x7f, 0xf0, 0xd0, 0x2, 0x26,
    0x6c, 0x1, 0xff, 0xff, 0x0, 0xff, 0xb7, 0xff,
    0xff, 0x96, 0x80, 0x1f, 0xff, 0xf0, 0xf, 0xff,
    0xf8, 0x7, 0xff, 0xfc, 0x1, 0xce, 0xf0,

    /* U+04B5 "ҵ" */
    0xcf, 0xff, 0xfe, 0x28, 0x6, 0x7f, 0xf9, 0x40,
    0x3f, 0xfe, 0x73, 0x11, 0xf0, 0x4, 0x31, 0x1e,
    0x0, 0xff, 0xe0, 0x2b, 0xbf, 0xc0, 0x11, 0x3b,
    0xf8, 0x3, 0xff, 0xfe, 0x1, 0xff, 0xff, 0x0,
    0xff, 0xff, 0x80, 0x7f, 0xff, 0xc0, 0x3f, 0xff,
    0xe0, 0x1f, 0xfd, 0xa2, 0x77, 0xff, 0x60, 0x5,
    0xee, 0xe2, 0x0, 0xff, 0x86, 0x23, 0xfc, 0x80,
    0x12, 0xc4, 0x10, 0x3, 0xff, 0xf1, 0xff, 0xff,
    0xc5, 0xc0, 0xf, 0xff, 0xf8, 0x7, 0xff, 0x80,
    0x55, 0x62,

    /* U+04B6 "Ҷ" */
    0x9f, 0xf9, 0x40, 0x3f, 0xf8, 0x53, 0xff, 0x28,
    0x7, 0xff, 0xfc, 0x3, 0xff, 0xfe, 0x1, 0xff,
    0xff, 0x0, 0x84, 0x2, 0x30, 0xf, 0xfe, 0x5f,
    0x80, 0x42, 0x1, 0xff, 0xcb, 0x10, 0xb, 0x40,
    0x3f, 0xf9, 0x6a, 0x1, 0x28, 0x80, 0x7f, 0xf2,
    0x8c, 0x40, 0x2b, 0x0, 0xff, 0xe5, 0xb0, 0x4,
    0xb2, 0x1, 0xfe, 0x17, 0x70, 0x7, 0xf4, 0x88,
    0x4, 0xdc, 0xe6, 0x20, 0x2, 0x47, 0xce, 0x81,
    0x0, 0xfe, 0x1d, 0x0, 0xc3, 0x19, 0xdf, 0xed,
    0xb8, 0x30, 0xf, 0xfe, 0x9, 0xe1, 0x0, 0x7f,
    0xf3, 0x8f, 0x60, 0x40, 0x3f, 0x8d, 0xf5, 0x80,
    0x3f, 0xf8, 0x2f, 0xdb, 0x30, 0xcc, 0x78, 0xbe,
    0xc8, 0x20, 0xf, 0xfe, 0x21, 0x33, 0xcc, 0xa1,
    0xd0, 0x40, 0x3f, 0xff, 0xe0, 0x1f, 0xff, 0x87,
    0x0, 0xae, 0x66, 0x50, 0xf, 0xfe, 0x38, 0x80,
    0x42, 0xcd, 0x60, 0x7, 0xff, 0xff, 0xff, 0x70,
    0x7, 0xff, 0xfc, 0x3, 0xff, 0xfe, 0x1, 0xff,
    0xc5, 0x17, 0x7b, 0x40,

    /* U+04B7 "ҷ" */
    0x5f, 0xfa, 0x0, 0x3f, 0xc7, 0xff, 0x50, 0x7,
    0xff, 0xfc, 0x3, 0xff, 0xec, 0x20, 0x1f, 0xfc,
    0xa7, 0x0, 0x8c, 0x3, 0xff, 0x8c, 0x40, 0x12,
    0x8, 0x7, 0xff, 0x14, 0x4c, 0x2, 0xd1, 0x0,
    0xf8, 0xe4, 0x3, 0xf4, 0x80, 0x47, 0xf2, 0xa8,
    0x86, 0x9d, 0xc5, 0x0, 0xfc, 0xaa, 0x0, 0x85,
    0xaa, 0xed, 0x2c, 0x40, 0x1f, 0xf5, 0x38, 0x7,
    0xf8, 0x58, 0x3, 0xfd, 0x1d, 0x8, 0x20, 0x1,
    0x37, 0xbe, 0xa0, 0xf, 0xf8, 0x5e, 0xfb, 0xfd,
    0xd9, 0x8, 0x1, 0xff, 0xfa, 0x70, 0x9, 0x5d,
    0xcc, 0x1, 0xff, 0xc3, 0x20, 0xd, 0x10, 0x90,
    0xf, 0xff, 0x8b, 0x7f, 0xca, 0x1, 0xff, 0xff,
    0x0, 0xff, 0xe2, 0x7b, 0xba, 0x0,

    /* U+04B8 "Ҹ" */
    0x9f, 0xf9, 0x40, 0x3f, 0xf8, 0x55, 0xff, 0x28,
    0x7, 0xff, 0xfc, 0x3, 0xff, 0xfe, 0x1, 0xff,
    0xf6, 0x10, 0x8, 0xc0, 0x3a, 0x7f, 0xce, 0x1,
    0xfe, 0xf0, 0xb, 0x0, 0x3f, 0xf8, 0xe8, 0x1,
    0x28, 0x80, 0x7f, 0xf1, 0x8c, 0x3, 0x58, 0x7,
    0xff, 0x1d, 0xc0, 0x25, 0xa1, 0x0, 0xfe, 0x39,
    0x50, 0xe, 0x91, 0x0, 0x97, 0xa5, 0x4c, 0x1,
    0xcf, 0x5d, 0x8c, 0x1, 0xe1, 0xd0, 0xe, 0x6a,
    0x50, 0x3, 0x42, 0x88, 0x7, 0xf1, 0xe0, 0x80,
    0x7f, 0xf0, 0x44, 0x40, 0x1f, 0x1f, 0x49, 0x80,
    0x7e, 0x25, 0xbe, 0x40, 0xf, 0xe6, 0xcf, 0xcb,
    0x40, 0x3, 0x76, 0xd2, 0x0, 0x7f, 0xf0, 0x8d,
    0x8, 0x1, 0xc2, 0x1, 0xff, 0xff, 0x0, 0xff,
    0xee, 0x46, 0x61, 0x80, 0x3f, 0xf9, 0x2, 0x66,
    0x10, 0xf, 0xff, 0x70,

    /* U+04B9 "ҹ" */
    0x5f, 0xf9, 0xc0, 0x3f, 0xc7, 0xff, 0x48, 0x7,
    0xff, 0xfc, 0x3, 0xff, 0xcb, 0xe0, 0x11, 0x5d,
    0x9c, 0x3, 0xf0, 0x80, 0x44, 0x1, 0xa, 0x23,
    0x40, 0x3f, 0x28, 0x4, 0xa2, 0x1, 0xff, 0xc2,
    0x12, 0x0, 0xb0, 0x80, 0x3e, 0x48, 0x0, 0xeb,
    0x0, 0x8b, 0x6e, 0x80, 0xf, 0x5d, 0x68, 0x1,
    0xcc, 0xa0, 0x19, 0x18, 0x0, 0x4a, 0x20, 0x1f,
    0xa9, 0xc0, 0x3f, 0xc6, 0xc0, 0x1f, 0x47, 0x42,
    0x10, 0x80, 0xa, 0x37, 0x28, 0x3, 0xf0, 0xbd,
    0xee, 0x80, 0xe, 0xe2, 0x0, 0xff, 0xff, 0x1f,
    0xfa, 0x80, 0x3f, 0xfc, 0x80,

    /* U+04BA "Һ" */
    0xaf, 0xf9, 0x40, 0x3f, 0xff, 0xe0, 0x1f, 0xff,
    0xf0, 0xf, 0xff, 0xf8, 0x7, 0xff, 0x15, 0x22,
    0xf7, 0xfd, 0xdb, 0x6e, 0x60, 0x1f, 0xed, 0xaf,
    0xb7, 0x42, 0x0, 0x9, 0x24, 0x66, 0xc, 0x3,
    0xf3, 0xa8, 0x7, 0xff, 0x0, 0xf1, 0x80, 0x3f,
    0xf8, 0x4, 0x8a, 0xa4, 0x10, 0xe, 0x95, 0x0,
    0xf8, 0x5e, 0xff, 0x6e, 0xa9, 0x7d, 0x8a, 0x1,
    0xac, 0x40, 0x3a, 0x3a, 0x10, 0x3, 0xe3, 0xa9,
    0x0, 0x86, 0x40, 0x38, 0x80, 0x3f, 0xf8, 0xc,
    0xc0, 0x9, 0x40, 0x3f, 0xf8, 0xf0, 0x1, 0x10,
    0x80, 0x7f, 0xf1, 0x84, 0x80, 0x23, 0x0, 0xff,
    0xe3, 0xb0, 0x4, 0xc0, 0x1f, 0xfc, 0x71, 0x0,
    0xff, 0xff, 0x80, 0x7f, 0xff, 0xc0, 0x3f, 0xfc,
    0x40,

    /* U+04BB "һ" */
    0x28, 0x89, 0x0, 0x3f, 0xf8, 0x8c, 0xef, 0x68,
    0x7, 0xff, 0xfc, 0x3, 0xff, 0xfe, 0x1, 0xff,
    0xc8, 0x16, 0xbd, 0xff, 0x75, 0xb0, 0x7, 0xfc,
    0xfd, 0x28, 0x40, 0x1, 0x49, 0xe6, 0x0, 0xfd,
    0x50, 0x1, 0xfc, 0x33, 0x0, 0x1e, 0x65, 0x0,
    0x8d, 0x98, 0xa2, 0x1, 0x9d, 0x0, 0x3f, 0x3f,
    0x64, 0xca, 0xba, 0x80, 0x34, 0x80, 0x7d, 0x50,
    0x20, 0x1c, 0xb8, 0x1, 0x12, 0x0, 0x73, 0x28,
    0x7, 0xe3, 0x50, 0xb, 0x0, 0x3a, 0x0, 0x3f,
    0xdc, 0x1, 0x18, 0x6, 0x21, 0x0, 0xff, 0x28,
    0x4, 0xe0, 0x19, 0xc0, 0x3f, 0xe1, 0x0, 0x84,
    0x3, 0x18, 0x7, 0xff, 0xfc, 0x3, 0xff, 0xfe,
    0x1, 0xff, 0xff, 0x0, 0xff, 0xe5, 0x0,

    /* U+04BC "Ҽ" */
    0x0, 0xff, 0xe2, 0x8b, 0x56, 0xf7, 0xfb, 0x6d,
    0xc8, 0x3, 0xff, 0x98, 0x75, 0xd2, 0xa4, 0x20,
    0x2, 0x48, 0xdc, 0x40, 0xf, 0xfe, 0x4c, 0xe2,
    0x80, 0x7f, 0xc7, 0x76, 0x10, 0xf, 0xfe, 0x29,
    0x6b, 0x0, 0x71, 0x22, 0xa8, 0xc0, 0x39, 0x3c,
    0xc0, 0x3f, 0xf8, 0x63, 0x84, 0x1, 0xc, 0x76,
    0xdd, 0x53, 0x3e, 0x8c, 0x2, 0x1c, 0x30, 0xc,
    0xaa, 0x10, 0xf, 0xb0, 0x40, 0x25, 0xf7, 0x10,
    0xf, 0x2e, 0x40, 0x6, 0xd1, 0x0, 0xae, 0xbb,
    0x40, 0x3a, 0x8, 0x2, 0x9a, 0x10, 0xf, 0xf3,
    0xd8, 0x4, 0x34, 0x0, 0x51, 0x0, 0x28, 0x6,
    0x27, 0x0, 0x9d, 0x80, 0x3f, 0xf8, 0x29, 0x20,
    0x12, 0x20, 0x34, 0x2, 0xb0, 0xd, 0x60, 0x11,
    0xc0, 0x7, 0xff, 0xd, 0x94, 0x2, 0x80, 0x30,
    0x8, 0x80, 0x33, 0x0, 0x5e, 0x1, 0xff, 0xc5,
    0x80, 0x8, 0xc8, 0x40, 0x22, 0x0, 0x90, 0x2,
    0x23, 0x0, 0xff, 0xe2, 0x92, 0x0, 0x4a, 0x40,
    0x14, 0x80, 0x46, 0x1, 0x28, 0x7, 0xff, 0x1f,
    0x0, 0x2d, 0xb0, 0x9, 0x64, 0x83, 0x40, 0x2d,
    0x0, 0xff, 0xe3, 0x98, 0x4, 0xc6, 0x80, 0x13,
    0x6f, 0xa8, 0x5, 0x5f, 0xff, 0xfc, 0x7b, 0x0,
    0x88, 0x28, 0x80, 0x3f, 0xfa, 0xe3, 0xac, 0x1,
    0xff, 0xd4, 0x30, 0xa, 0x7a, 0xe6, 0x8, 0x2,
    0x47, 0x7f, 0xfe, 0x5c, 0x0, 0x61, 0x46, 0x75,
    0x0, 0x8a, 0x23, 0xff, 0x96, 0xa0, 0x1f, 0xb0,
    0x2, 0x40, 0xf, 0xfe, 0xa2, 0x80, 0x44, 0x80,
    0x1f, 0xfd, 0x31, 0x60, 0xa, 0x40, 0x3f, 0xfa,
    0x94, 0x1, 0x14, 0x80, 0x7f, 0xf4, 0xcd, 0x80,
    0x26, 0x80, 0xf, 0xfe, 0x13, 0xe8, 0x80, 0x7f,
    0xf0, 0xa4, 0x80, 0x27, 0xb2, 0x0, 0xff, 0x15,
    0xc1, 0x79, 0x0, 0x7f, 0xf0, 0xbc, 0x40, 0x24,
    0xd8, 0x20, 0xf, 0x25, 0x6a, 0x0, 0x7, 0x0,
    0x3f, 0xf8, 0x45, 0x84, 0x1, 0x9f, 0x7a, 0xea,
    0xf7, 0xed, 0x40, 0x31, 0x60, 0x7, 0xff, 0xc,
    0xb5, 0x80, 0x38, 0x51, 0x50, 0x80, 0x3c, 0xfa,
    0x40, 0x1f, 0xfc, 0x59, 0xc5, 0x0, 0xff, 0xe0,
    0x36, 0xc0, 0x7, 0xff, 0x20, 0xeb, 0xa5, 0x88,
    0x40, 0x2, 0x6f, 0x7f, 0x24, 0x1, 0xe0,

    /* U+04BD "ҽ" */
    0x0, 0xff, 0xe1, 0x35, 0x6f, 0xfb, 0xb2, 0x50,
    0x3, 0xff, 0x8e, 0xff, 0x2a, 0x40, 0x1, 0x36,
    0xbd, 0x40, 0xf, 0xfe, 0x18, 0xe4, 0x0, 0x7f,
    0x8a, 0xe4, 0x3, 0xff, 0x82, 0x38, 0x60, 0x11,
    0x34, 0xd4, 0xa8, 0x80, 0x4d, 0x20, 0x19, 0x69,
    0xcc, 0x3, 0x69, 0x0, 0x6, 0xb6, 0x59, 0x5a,
    0xb9, 0xc0, 0x26, 0x50, 0xa, 0x56, 0x28, 0x2,
    0x63, 0x0, 0xe, 0x28, 0x7, 0xd1, 0x40, 0x15,
    0x80, 0x46, 0x0, 0xd0, 0xa, 0xc0, 0x2a, 0x20,
    0xf, 0xe5, 0x70, 0x0, 0xb0, 0x10, 0x7, 0x88,
    0x80, 0x3, 0x40, 0xf, 0xfa, 0x40, 0x2a, 0x2,
    0x0, 0xa0, 0x81, 0x0, 0x2b, 0x0, 0xff, 0xe0,
    0xa, 0x0, 0xc, 0x0, 0x80, 0x3, 0xde, 0x80,
    0xa, 0x77, 0x7f, 0xf8, 0x28, 0x1, 0x8, 0x51,
    0x0, 0x42, 0x20, 0x8, 0x48, 0xbf, 0xf8, 0x20,
    0x18, 0xc0, 0x76, 0xc, 0x40, 0x3f, 0xf9, 0xef,
    0x9d, 0xf0, 0x1, 0x4f, 0xff, 0xff, 0x14, 0x80,
    0x3e, 0x30, 0xb, 0x0, 0x3f, 0xf9, 0xa8, 0x1,
    0x28, 0x80, 0x7f, 0xf3, 0x54, 0x2, 0xa0, 0xf,
    0xfe, 0x6c, 0x0, 0x49, 0x20, 0x1f, 0xe3, 0xd2,
    0x0, 0xff, 0x8a, 0x40, 0x26, 0xc3, 0x0, 0xfa,
    0x30, 0xb0, 0x40, 0x3f, 0xe6, 0x70, 0x8, 0xf3,
    0x66, 0x1e, 0x6f, 0xdc, 0x0, 0x32, 0x1, 0xff,
    0xc0, 0x88, 0x0, 0x62, 0x67, 0x86, 0x40, 0xc,
    0xd0, 0x1, 0xff, 0xc1, 0x7d, 0x30, 0xf, 0xf1,
    0x54, 0x80, 0x7f, 0xf0, 0xcb, 0x30, 0xe6, 0x20,
    0x1, 0x37, 0xbd, 0x50, 0xc,

    /* U+04BE "Ҿ" */
    0x0, 0xff, 0xe2, 0x8b, 0x56, 0xf7, 0xfb, 0x6d,
    0xc8, 0x3, 0xff, 0x98, 0x75, 0xd2, 0xa4, 0x20,
    0x2, 0x48, 0xdc, 0x40, 0xf, 0xfe, 0x4c, 0xe2,
    0x80, 0x7f, 0xc7, 0x76, 0x10, 0xf, 0xfe, 0x29,
    0x6b, 0x0, 0x71, 0x22, 0xa8, 0xc0, 0x39, 0x3c,
    0xc0, 0x3f, 0xf8, 0x63, 0x84, 0x1, 0xc, 0x76,
    0xdd, 0x53, 0x3e, 0x8c, 0x2, 0x1c, 0x30, 0xc,
    0xaa, 0x10, 0xf, 0xb0, 0x40, 0x25, 0xf7, 0x10,
    0xf, 0x2e, 0x40, 0x6, 0xd1, 0x0, 0xae, 0xbb,
    0x40, 0x3a, 0x8, 0x2, 0x9a, 0x10, 0xf, 0xf3,
    0xd8, 0x4, 0x34, 0x0, 0x51, 0x0, 0x28, 0x6,
    0x27, 0x0, 0x9d, 0x80, 0x3f, 0xf8, 0x29, 0x20,
    0x12, 0x20, 0x34, 0x2, 0xb0, 0xd, 0x60, 0x11,
    0xc0, 0x7, 0xff, 0xd, 0x94, 0x2, 0x80, 0x30,
    0x8, 0x80, 0x33, 0x0, 0x5e, 0x1, 0xff, 0xc5,
    0x80, 0x8, 0xc8, 0x40, 0x22, 0x0, 0x90, 0x2,
    0x23, 0x0, 0xff, 0xe2, 0x92, 0x0, 0x4a, 0x40,
    0x14, 0x80, 0x46, 0x1, 0x28, 0x7, 0xff, 0x1f,
    0x0, 0x2d, 0xb0, 0x9, 0x64, 0x83, 0x40, 0x2d,
    0x0, 0xff, 0xe3, 0x98, 0x4, 0xc6, 0x80, 0x13,
    0x6f, 0xa8, 0x5, 0x5f, 0xff, 0xfc, 0x7b, 0x0,
    0x88, 0x28, 0x80, 0x3f, 0xfa, 0xe3, 0xac, 0x1,
    0xff, 0xd4, 0x30, 0xa, 0x7a, 0xe6, 0x8, 0x2,
    0x47, 0x7f, 0xfe, 0x5c, 0x0, 0x61, 0x46, 0x75,
    0x0, 0x8a, 0x23, 0xff, 0x96, 0xa0, 0x1f, 0xb0,
    0x2, 0x40, 0xf, 0xfe, 0xa2, 0x80, 0x44, 0x80,
    0x1f, 0xfd, 0x31, 0x60, 0xa, 0x40, 0x3f, 0xfa,
    0x94, 0x1, 0x14, 0x80, 0x7f, 0xf4, 0xcd, 0x80,
    0x26, 0x80, 0xf, 0xfe, 0x13, 0xe8, 0x80, 0x7f,
    0xf0, 0xa4, 0x80, 0x27, 0xb2, 0x0, 0xff, 0x15,
    0xc1, 0x79, 0x0, 0x7f, 0xf0, 0xbc, 0x40, 0x24,
    0xd8, 0x20, 0xf, 0x25, 0x6a, 0x0, 0x7, 0x0,
    0x3f, 0xf8, 0x45, 0x84, 0x1, 0x9f, 0x7a, 0xea,
    0xf7, 0xed, 0x40, 0x31, 0x60, 0x7, 0xff, 0xc,
    0xb5, 0x80, 0x38, 0x51, 0x50, 0x80, 0x3c, 0xfa,
    0x40, 0x1f, 0xfc, 0x59, 0xc5, 0x0, 0xff, 0xe0,
    0x36, 0xc0, 0x7, 0xff, 0x20, 0xeb, 0xa5, 0x88,
    0x3, 0x1b, 0xdf, 0xc9, 0x0, 0x7f, 0xf2, 0xc5,
    0xa7, 0x40, 0x23, 0xc8, 0x40, 0xf, 0xff, 0xf8,
    0x7, 0xff, 0xfc, 0x3, 0xff, 0xc0,

    /* U+04BF "ҿ" */
    0x0, 0xff, 0xe1, 0x35, 0x6f, 0xfb, 0xb2, 0x50,
    0x3, 0xff, 0x8e, 0xff, 0x2a, 0x40, 0x1, 0x36,
    0xbd, 0x40, 0xf, 0xfe, 0x18, 0xe4, 0x0, 0x7f,
    0x8a, 0xe4, 0x3, 0xff, 0x82, 0x38, 0x60, 0x11,
    0x34, 0xd4, 0xa8, 0x80, 0x4d, 0x20, 0x19, 0x69,
    0xcc, 0x3, 0x69, 0x0, 0x6, 0xb6, 0x59, 0x5a,
    0xb9, 0xc0, 0x26, 0x50, 0xa, 0x56, 0x28, 0x2,
    0x63, 0x0, 0xe, 0x28, 0x7, 0xd1, 0x40, 0x15,
    0x80, 0x46, 0x0, 0xd0, 0xa, 0xc0, 0x2a, 0x20,
    0xf, 0xe5, 0x70, 0x0, 0xb0, 0x10, 0x7, 0x88,
    0x80, 0x3, 0x40, 0xf, 0xfa, 0x40, 0x2a, 0x2,
    0x0, 0xa0, 0x81, 0x0, 0x2b, 0x0, 0xff, 0xe0,
    0xa, 0x0, 0xc, 0x0, 0x80, 0x3, 0xde, 0x80,
    0xa, 0x77, 0x7f, 0xf8, 0x28, 0x1, 0x8, 0x51,
    0x0, 0x42, 0x20, 0x8, 0x48, 0xbf, 0xf8, 0x20,
    0x18, 0xc0, 0x76, 0xc, 0x40, 0x3f, 0xf9, 0xef,
    0x9d, 0xf0, 0x1, 0x4f, 0xff, 0xff, 0x14, 0x80,
    0x3e, 0x30, 0xb, 0x0, 0x3f, 0xf9, 0xa8, 0x1,
    0x28, 0x80, 0x7f, 0xf3, 0x54, 0x2, 0xa0, 0xf,
    0xfe, 0x6c, 0x0, 0x49, 0x20, 0x1f, 0xe3, 0xd2,
    0x0, 0xff, 0x8a, 0x40, 0x26, 0xc3, 0x0, 0xfa,
    0x30, 0xb0, 0x40, 0x3f, 0xe6, 0x70, 0x8, 0xf3,
    0x66, 0x1e, 0x6f, 0xdc, 0x0, 0x32, 0x1, 0xff,
    0xc0, 0x88, 0x0, 0x62, 0x67, 0x86, 0x40, 0xc,
    0xd0, 0x1, 0xff, 0xc1, 0x7d, 0x30, 0xf, 0xf1,
    0x54, 0x80, 0x7f, 0xf0, 0xcb, 0x30, 0xe0, 0x1c,
    0x6f, 0x7a, 0xa0, 0x1f, 0xfc, 0x63, 0x8c, 0x0,
    0xa7, 0x21, 0x0, 0x3f, 0xff, 0xe0, 0x1f, 0xfd,
    0x92, 0x77, 0x94, 0x3, 0xf8,

    /* U+04C0 "Ӏ" */
    0xaf, 0xf9, 0x40, 0x3f, 0xff, 0xe0, 0x1f, 0xff,
    0x50,

    /* U+04C1 "Ӂ" */
    0x0, 0xff, 0xe0, 0x8c, 0x41, 0x0, 0x3e, 0x28,
    0x81, 0x80, 0x7f, 0xf3, 0x8d, 0xdd, 0x0, 0x1f,
    0x53, 0xb9, 0x40, 0x3f, 0xf9, 0xc4, 0x20, 0x66,
    0x0, 0xe1, 0x60, 0x2, 0x0, 0x7f, 0xf3, 0xe4,
    0x1, 0x8e, 0x40, 0x2b, 0xe2, 0x8, 0x40, 0x1f,
    0xfc, 0xf7, 0x50, 0x4, 0x6f, 0xf5, 0x8, 0x15,
    0x0, 0x7f, 0xf4, 0x6a, 0x86, 0x1, 0xc5, 0x1a,
    0x20, 0x1f, 0xfd, 0x25, 0xcf, 0xdc, 0xc7, 0x6b,
    0x80, 0x7f, 0xf5, 0xc8, 0xcc, 0x20, 0x1f, 0xfc,
    0x74, 0xff, 0xb8, 0x40, 0x3f, 0xe5, 0xff, 0xa4,
    0x3, 0xff, 0x81, 0xbf, 0xf3, 0x0, 0x11, 0x40,
    0x3, 0x0, 0x1f, 0xfc, 0xf6, 0x20, 0x1, 0xb0,
    0x5, 0x60, 0x13, 0x10, 0x7, 0xff, 0x34, 0x60,
    0x2, 0xf0, 0xc, 0x30, 0x1, 0x48, 0x7, 0xff,
    0x36, 0x4, 0x0, 0xa6, 0x1, 0xce, 0x40, 0x4,
    0x40, 0x7, 0xff, 0x2c, 0x98, 0x2, 0xb0, 0xf,
    0xa4, 0x2, 0x90, 0xf, 0xfe, 0x5c, 0x80, 0x50,
    0x20, 0x1f, 0x22, 0x80, 0x9, 0xc0, 0x3f, 0xf9,
    0x2a, 0x80, 0x2, 0x70, 0xf, 0xeb, 0x0, 0xa0,
    0x40, 0x3f, 0xf9, 0x10, 0x1, 0x70, 0x7, 0xf8,
    0x60, 0x2, 0x80, 0xf, 0xfe, 0x3b, 0x90, 0x1,
    0x4c, 0x3, 0xfe, 0x72, 0x0, 0x31, 0x80, 0x7f,
    0xf1, 0x46, 0x0, 0x2b, 0x0, 0xff, 0xe0, 0xc8,
    0x5, 0xe0, 0x1f, 0xfc, 0x5b, 0x0, 0xa0, 0x40,
    0x3f, 0xf8, 0x28, 0xa0, 0x3, 0x50, 0xf, 0xfe,
    0x19, 0xa8, 0x0, 0x9c, 0x3, 0xff, 0x87, 0x0,
    0x15, 0x80, 0x7f, 0xf0, 0xfc, 0x2, 0x90, 0xf,
    0xfe, 0x21, 0x40, 0x0, 0x7f, 0xfa, 0x80, 0x26,
    0xff, 0xe3, 0x0, 0x2a, 0x0, 0x7f, 0xf1, 0x54,
    0x3, 0xff, 0x93, 0xe0, 0x1f, 0xfc, 0x69, 0x0,
    0xff, 0xe4, 0xc0, 0x7, 0xff, 0x15, 0x90, 0x2,
    0x55, 0xe3, 0x0, 0x89, 0x57, 0x80, 0x22, 0x80,
    0xf, 0xfe, 0x18, 0xc0, 0x4, 0x95, 0x5d, 0x20,
    0x12, 0x55, 0x73, 0x0, 0x4e, 0x40, 0x1f, 0xfc,
    0x2b, 0x10, 0xa, 0x40, 0x3f, 0xf8, 0x72, 0x20,
    0x17, 0x0, 0x7f, 0xf0, 0x51, 0x40, 0x28, 0x20,
    0xf, 0xfe, 0x25, 0x0, 0x46, 0xc0, 0x1f, 0xfc,
    0x9, 0x0, 0x8d, 0xc0, 0x3f, 0xf8, 0xa8, 0xa0,
    0x14, 0x8, 0x7, 0xfa, 0x8, 0x2, 0xf0, 0xf,
    0xfe, 0x3d, 0x80, 0x43, 0x60, 0x1f, 0xc4, 0xe0,
    0x13, 0x98, 0x7, 0xff, 0x1c, 0x64, 0x2, 0x54,
    0x0, 0xfd, 0xc0, 0x10, 0xc0, 0x7, 0xff, 0x25,
    0x8c, 0x2, 0xa0, 0xf, 0x98, 0xc0, 0x2a, 0x0,
    0xff, 0xe5, 0xf0, 0x4, 0x32, 0x1, 0xc3, 0x20,
    0x12, 0xa0, 0x7, 0xff, 0x2c, 0x9c, 0x2, 0x63,
    0x0, 0xd6, 0x1, 0xd, 0x80, 0x7f, 0xf3, 0x60,
    0x80, 0x2f, 0x0, 0x91, 0x40, 0x28, 0x10, 0xf,
    0xfe, 0x77, 0x0, 0x46, 0xe0, 0xa, 0x0, 0x8d,
    0x80, 0x3f, 0xf9, 0xe6, 0xc0, 0x14, 0x10,

    /* U+04C2 "ӂ" */
    0x0, 0xff, 0x14, 0x40, 0x80, 0x3c, 0x71, 0x2,
    0x0, 0xff, 0xe4, 0xb, 0xb9, 0x40, 0x3d, 0x4e,
    0xe0, 0xf, 0xfe, 0x49, 0x80, 0x28, 0x3, 0x85,
    0x80, 0x4, 0x1, 0xff, 0xc9, 0x60, 0x2c, 0x41,
    0x12, 0xe0, 0x1, 0xc0, 0x3f, 0xf9, 0x50, 0x40,
    0x77, 0xdc, 0xa2, 0x3, 0x80, 0xf, 0xfe, 0x50,
    0xeb, 0x88, 0x6, 0x17, 0xc0, 0xf, 0xfe, 0x6c,
    0x76, 0xdd, 0xb7, 0xa0, 0x3, 0xff, 0xa0, 0x48,
    0x82, 0x0, 0xff, 0xf3, 0x4f, 0xfc, 0xe0, 0x1f,
    0xdf, 0xf7, 0x0, 0x7f, 0x47, 0xfd, 0x20, 0x8,
    0x10, 0x4, 0x8, 0x7, 0xff, 0x20, 0x9c, 0x0,
    0x32, 0x0, 0x18, 0x0, 0xac, 0x3, 0xff, 0x91,
    0x20, 0x15, 0x80, 0x66, 0x30, 0x2, 0x98, 0x7,
    0xff, 0x19, 0x50, 0x0, 0x8a, 0x1, 0xdc, 0x1,
    0x70, 0x7, 0xff, 0x1a, 0x0, 0x29, 0x0, 0xf1,
    0x38, 0x0, 0x98, 0x3, 0xff, 0x89, 0x4, 0x0,
    0x72, 0x0, 0xfa, 0x4, 0x1, 0x2, 0x1, 0xff,
    0xc2, 0x27, 0x0, 0x14, 0x0, 0x7f, 0x58, 0x0,
    0x60, 0x3, 0xff, 0x85, 0x20, 0x14, 0x80, 0x7f,
    0x95, 0x0, 0xc, 0x60, 0x1f, 0xfc, 0x4, 0x40,
    0x1, 0x50, 0x3, 0xfe, 0x90, 0xb, 0xd9, 0xb0,
    0x6, 0x66, 0xd2, 0x1, 0x58, 0x7, 0xff, 0x0,
    0xa0, 0x0, 0x73, 0x38, 0x2, 0x19, 0x9c, 0x40,
    0x8, 0x10, 0xf, 0xfe, 0xf, 0x0, 0x7f, 0xf5,
    0xd, 0x80, 0x3f, 0xf8, 0xd0, 0x40, 0x1f, 0xfc,
    0xe, 0x0, 0x9b, 0xff, 0x0, 0x43, 0xff, 0x94,
    0x2, 0xe0, 0xf, 0xfa, 0x8, 0x0, 0x32, 0x1,
    0xff, 0xc0, 0xb1, 0x0, 0x1b, 0x80, 0x7f, 0x1b,
    0x80, 0x54, 0x1, 0xff, 0xc1, 0x1b, 0x0, 0xa0,
    0x80, 0x3f, 0x70, 0x4, 0xa8, 0x1, 0xff, 0xc2,
    0x54, 0x0, 0xb8, 0x3, 0xe8, 0x20, 0x0, 0xd8,
    0x7, 0xff, 0x12, 0x80, 0x23, 0x70, 0xe, 0x37,
    0x0, 0xac, 0x40, 0x3f, 0xf8, 0x83, 0x20, 0x14,
    0x10, 0x6, 0xe0, 0x9, 0x14, 0x3, 0xff, 0x8c,
    0xc6, 0x1, 0x70, 0x5, 0x4, 0x1, 0x50, 0x7,
    0xff, 0x23, 0x80, 0x23, 0x70, 0x27, 0x0, 0xa4,
    0x40, 0x3f, 0xf9, 0x5, 0x0, 0x14, 0x10,

    /* U+04C3 "Ӄ" */
    0xaf, 0xf9, 0x0, 0x3f, 0xf8, 0x2d, 0xff, 0x68,
    0x7, 0xff, 0x18, 0xa4, 0x2, 0xf0, 0xf, 0xfe,
    0x37, 0x0, 0x50, 0x40, 0x1f, 0xfc, 0x58, 0x30,
    0x2, 0x38, 0x7, 0xff, 0x14, 0xdc, 0x0, 0x34,
    0x1, 0xff, 0xc6, 0xe0, 0xa, 0x84, 0x3, 0xff,
    0x8b, 0x44, 0x0, 0x64, 0x0, 0xff, 0xe2, 0xaa,
    0x80, 0x5, 0x20, 0x1f, 0xfc, 0x51, 0xb0, 0xb,
    0xc0, 0x3f, 0xf8, 0xd4, 0x20, 0x9, 0x20, 0xf,
    0xfe, 0x2b, 0xa0, 0x1, 0x18, 0x3, 0xff, 0x8a,
    0x50, 0x0, 0x1a, 0x0, 0xff, 0xe0, 0x7d, 0x57,
    0x78, 0x5, 0x42, 0x1, 0xff, 0xc0, 0x45, 0x5e,
    0x20, 0x3, 0xa0, 0x7, 0xff, 0x29, 0x44, 0x3,
    0xff, 0x94, 0x5a, 0x1, 0xff, 0xc1, 0xbf, 0xfe,
    0x90, 0x8, 0xf0, 0x3, 0xff, 0x8c, 0xd2, 0x1,
    0x1d, 0x0, 0x7f, 0xf1, 0x9a, 0x40, 0x25, 0x80,
    0xf, 0xfe, 0x33, 0x38, 0x4, 0xec, 0x1, 0xff,
    0xc6, 0x85, 0x0, 0xa4, 0xc0, 0x3f, 0xf8, 0xd4,
    0x40, 0x16, 0x88, 0x7, 0xff, 0x1b, 0xc0, 0x21,
    0xb0, 0xf, 0xfe, 0x31, 0x48, 0x4, 0xa8, 0x1,
    0xff, 0xc6, 0x63, 0x0, 0xa4, 0x3, 0xff, 0x8f,
    0xc0, 0x11, 0x30, 0x7, 0xff, 0x18, 0x94, 0x2,
    0xb0, 0xf, 0xfe, 0x3c, 0x80, 0x44, 0x60, 0x1f,
    0xfc, 0x63, 0x10, 0x9, 0x2b, 0xfe, 0x40, 0xf,
    0xfe, 0x12, 0x80, 0x5c, 0x1, 0xff, 0xc7, 0x70,
    0xf, 0xfe, 0x59, 0x0, 0x42, 0x1, 0xff, 0xc1,
    0x20, 0xd, 0x22, 0x1, 0x60, 0x7, 0xff, 0x7,
    0x36, 0xa7, 0x58, 0x2, 0x14, 0x0, 0xff, 0xe0,
    0x20, 0x92, 0xb1, 0x0, 0x6b, 0x0, 0xff, 0xe0,
    0xe0, 0x7, 0xe9, 0x50, 0xf, 0xfe, 0xc, 0x52,
    0x90, 0x0, 0x9b, 0x58, 0x0,

    /* U+04C4 "ӄ" */
    0x4f, 0xfa, 0x40, 0x3f, 0xcf, 0xff, 0x50, 0x7,
    0xff, 0xc, 0xe0, 0x0, 0x54, 0x1, 0xff, 0xc2,
    0x1d, 0x0, 0xbc, 0x3, 0xff, 0x87, 0x42, 0x0,
    0xa2, 0x0, 0xff, 0xe1, 0x42, 0x0, 0x1d, 0x40,
    0x3f, 0xf8, 0x48, 0xe0, 0x4, 0x80, 0xf, 0xfe,
    0x10, 0xd0, 0x0, 0x68, 0x3, 0xff, 0x87, 0xa2,
    0x0, 0xd1, 0x0, 0xff, 0xe1, 0x49, 0x80, 0x24,
    0xc0, 0x3f, 0xcd, 0xff, 0x98, 0x0, 0xac, 0x1,
    0xff, 0xdc, 0x5b, 0x0, 0xff, 0x92, 0x67, 0x38,
    0x4, 0x94, 0x1, 0xfe, 0x26, 0x6d, 0x14, 0x1,
    0x2b, 0x80, 0x7f, 0xf0, 0xd6, 0x40, 0x28, 0x40,
    0xf, 0xfe, 0x1b, 0x38, 0x5, 0x42, 0x1, 0xff,
    0xc3, 0x84, 0x0, 0xd, 0x80, 0x7f, 0xf1, 0x28,
    0x2, 0x53, 0x0, 0xff, 0xe1, 0x8c, 0x0, 0x50,
    0x1, 0xff, 0xc4, 0x71, 0x0, 0x20, 0x80, 0x7f,
    0xf1, 0x18, 0x2, 0x70, 0xf, 0xfe, 0x25, 0x80,
    0x58, 0x9, 0xff, 0x48, 0x7, 0xf8, 0xc0, 0x26,
    0x0, 0xff, 0xe4, 0x8, 0x7, 0xff, 0x10, 0x80,
    0x21, 0x0, 0xff, 0xe2, 0x48, 0x4, 0xa0, 0x1f,
    0xe6, 0xd7, 0x56, 0xc4, 0x0, 0xa8, 0x3, 0xfd,
    0x45, 0x15, 0x26, 0x1, 0x29, 0x80, 0x7f, 0x9,
    0x80, 0x7c, 0xb4, 0x1, 0xfe, 0x1d, 0x73, 0x0,
    0xa, 0x5d, 0x0, 0x40,

    /* U+04C5 "Ӆ" */
    0x0, 0xfa, 0x3f, 0xff, 0xf8, 0xe6, 0x1, 0xff,
    0xdf, 0x10, 0xf, 0xfe, 0xbb, 0x37, 0xff, 0x0,
    0x80, 0x3f, 0xf8, 0x66, 0x0, 0x19, 0x9f, 0xfe,
    0x3, 0x0, 0x7f, 0xf1, 0x8c, 0x3, 0xff, 0xa0,
    0x20, 0x1f, 0xfd, 0x37, 0x0, 0x8, 0x7, 0xff,
    0xc0, 0x40, 0xe, 0x1, 0xff, 0xf0, 0x30, 0x0,
    0x80, 0x7f, 0xf4, 0x4, 0x0, 0x60, 0x1f, 0xfd,
    0x31, 0x0, 0xff, 0xf7, 0x90, 0x5, 0xe0, 0x1f,
    0xfc, 0xf1, 0x0, 0x88, 0x3, 0xff, 0x9e, 0xc0,
    0x10, 0x80, 0x7f, 0xf3, 0xc8, 0x2, 0x60, 0xf,
    0xfe, 0x7e, 0x80, 0x44, 0x1, 0xff, 0xcf, 0x70,
    0x1, 0x0, 0x7f, 0xf3, 0xc4, 0x80, 0xc, 0x1,
    0xff, 0xcf, 0x60, 0xb, 0x0, 0x3f, 0xf9, 0xc3,
    0x20, 0x12, 0x0, 0x7f, 0xf3, 0x4b, 0x44, 0x0,
    0x46, 0x1, 0xff, 0xca, 0x3e, 0xe6, 0x98, 0x5,
    0x60, 0x1f, 0xfc, 0x6e, 0xdd, 0x89, 0xc4, 0x40,
    0x18, 0xd8, 0x3, 0xff, 0x8c, 0x45, 0x19, 0x10,
    0x3, 0x8b, 0x80, 0x3f, 0xf9, 0x4e, 0x2, 0x1,
    0x13, 0xe9, 0x0, 0x7f, 0xf2, 0xb0, 0x1f, 0xfe,
    0xd8, 0x0, 0xff, 0xe2, 0xdf, 0xfa, 0x40, 0x25,
    0x0, 0xff, 0xe7, 0xe0, 0x1, 0x0, 0x3f, 0xfa,
    0x8, 0x0, 0xc0, 0xf, 0xfe, 0x79, 0x8, 0x1,
    0x40, 0x3f, 0xf9, 0xe8, 0x0, 0x22, 0x0, 0x7f,
    0xf3, 0xf0, 0x0, 0xa0, 0x10,

    /* U+04C6 "ӆ" */
    0x0, 0xe6, 0xff, 0xff, 0xe1, 0xf0, 0x7, 0xff,
    0x5c, 0x40, 0x3f, 0xf9, 0xbe, 0x1, 0x44, 0x7f,
    0x0, 0x7f, 0xf0, 0x44, 0x0, 0x2e, 0xff, 0xc2,
    0x1, 0xff, 0xc3, 0x30, 0xf, 0xfe, 0x51, 0x80,
    0x4, 0x3, 0xff, 0x94, 0x20, 0x1f, 0xfc, 0xd7,
    0x0, 0x38, 0x7, 0xff, 0x28, 0x40, 0x2, 0x1,
    0xff, 0xca, 0x30, 0x1, 0x0, 0x7f, 0xf2, 0x84,
    0x1, 0xe0, 0x1f, 0xfc, 0x91, 0x0, 0x88, 0x3,
    0xff, 0x92, 0x60, 0x10, 0x80, 0x7f, 0xf2, 0x5c,
    0x2, 0x50, 0xf, 0xfe, 0x4e, 0x0, 0x4, 0x40,
    0x1f, 0xfc, 0x97, 0x0, 0x28, 0x7, 0xff, 0x26,
    0x44, 0x1, 0xa0, 0x1f, 0xfc, 0x66, 0x9d, 0x60,
    0x9, 0xc0, 0x3f, 0xf8, 0x23, 0x33, 0xe, 0x31,
    0x0, 0x4c, 0x20, 0x1f, 0xfc, 0x26, 0x68, 0x44,
    0x1, 0x8e, 0x40, 0x3f, 0xf8, 0xaa, 0x1, 0x85,
    0xb4, 0x3, 0xff, 0x8d, 0xe1, 0x7f, 0xee, 0x91,
    0x0, 0xff, 0xe0, 0x77, 0xe8, 0x4, 0x80, 0x1f,
    0xfc, 0x94, 0x0, 0x18, 0x80, 0x7f, 0xf2, 0x70,
    0x1, 0x60, 0x1f, 0xfc, 0xa4, 0x0, 0x28, 0x7,
    0xff, 0x2a, 0xea, 0xc8, 0x0,

    /* U+04C7 "Ӈ" */
    0xaf, 0xf9, 0x40, 0x3f, 0xf8, 0x73, 0xff, 0x30,
    0x7, 0xff, 0xfc, 0x3, 0xff, 0xfe, 0x1, 0xff,
    0xff, 0x0, 0xff, 0xf5, 0x74, 0xcf, 0xff, 0xd,
    0x0, 0x3f, 0x23, 0x37, 0xff, 0xc, 0x80, 0x3f,
    0xfd, 0xd5, 0xff, 0xff, 0xc3, 0x60, 0xf, 0xff,
    0xf8, 0x7, 0xff, 0xfc, 0x3, 0xff, 0xfe, 0x1,
    0xff, 0xff, 0x0, 0xd5, 0xff, 0x28, 0x7, 0xff,
    0xd5, 0x40, 0x23, 0x0, 0xff, 0xe3, 0x91, 0x80,
    0x4c, 0x1, 0xff, 0xc1, 0x1c, 0x40, 0x15, 0xc0,
    0x8, 0x4c, 0x3, 0xff, 0x82, 0xe7, 0x7f, 0xd4,
    0x20, 0x14, 0x0, 0x7f, 0xf0, 0xac, 0x3, 0xf4,
    0x30, 0x7, 0xff, 0xb, 0x90, 0x3, 0x8e, 0xdc,
    0x3, 0xff, 0x86, 0x77, 0xf7, 0x57, 0xd8, 0x80,
    0x10,

    /* U+04C8 "ӈ" */
    0x4f, 0xfa, 0x40, 0x3f, 0xe2, 0xff, 0xac, 0x3,
    0xff, 0xfe, 0x1, 0xff, 0xff, 0x0, 0xff, 0xe5,
    0x37, 0xff, 0xfd, 0xa0, 0x1f, 0xfe, 0x64, 0x99,
    0xff, 0xa0, 0x3, 0xf1, 0x33, 0x7f, 0xca, 0x1,
    0xff, 0xff, 0x0, 0xff, 0xff, 0x80, 0x7f, 0xf2,
    0x93, 0xfe, 0x90, 0xf, 0xfe, 0xa0, 0x80, 0x42,
    0x1, 0xff, 0xc4, 0x50, 0x8, 0xc0, 0x3f, 0xc2,
    0x1, 0x86, 0xc0, 0x2c, 0x0, 0xff, 0x56, 0xba,
    0xbf, 0x90, 0x4, 0xa0, 0x1f, 0xc2, 0x85, 0x15,
    0x2, 0x1, 0x40, 0x7, 0xf9, 0xc0, 0x3f, 0x3b,
    0x80, 0x3f, 0xcd, 0x6a, 0x40, 0x1, 0x5c, 0x80,
    0x0,

    /* U+04C9 "Ӊ" */
    0xaf, 0xf9, 0x40, 0x3f, 0xf8, 0x73, 0xff, 0x38,
    0x7, 0xff, 0xfc, 0x3, 0xff, 0xfe, 0x1, 0xff,
    0xff, 0x0, 0xff, 0xff, 0x80, 0x7f, 0xf3, 0xfa,
    0x67, 0xff, 0x86, 0x80, 0x1f, 0xfc, 0x4, 0x66,
    0xff, 0xe1, 0x90, 0x7, 0xff, 0xea, 0xbf, 0xff,
    0xf8, 0x6c, 0x1, 0xff, 0xff, 0x0, 0xff, 0xff,
    0x80, 0x7f, 0xff, 0xc0, 0x3f, 0xfb, 0x73, 0xdd,
    0x30, 0x7, 0xff, 0x30, 0x47, 0x20, 0x7, 0xff,
    0x3c, 0x48, 0x3, 0xff, 0x9e, 0xe1, 0x5f, 0xf2,
    0x80, 0x7f, 0xf0, 0xe7, 0xfd, 0xa0, 0x16, 0x80,
    0x7f, 0xf3, 0x1c, 0x2, 0x40, 0xf, 0xfe, 0x66,
    0x0, 0x10, 0x3, 0xff, 0x9a, 0x80, 0xc, 0x0,
    0xff, 0xe6, 0x9, 0x0, 0x14, 0x3, 0xff, 0x98,
    0x80, 0x2, 0x20, 0x0,

    /* U+04CA "ӊ" */
    0x4f, 0xfa, 0x40, 0x3f, 0xe5, 0xff, 0x9c, 0x3,
    0xff, 0xfe, 0x1, 0xff, 0xff, 0x0, 0xff, 0xf2,
    0x93, 0x37, 0xfd, 0x80, 0x1f, 0xf2, 0x4c, 0xff,
    0xcc, 0x1, 0xff, 0xef, 0x6f, 0xff, 0xfa, 0x80,
    0x3f, 0xff, 0xe0, 0x1f, 0xfe, 0x4f, 0x11, 0x80,
    0x3f, 0xf9, 0xf, 0xdc, 0xa0, 0xf, 0xfe, 0x5e,
    0x80, 0x7f, 0xf2, 0xdd, 0x3f, 0xe9, 0x0, 0xff,
    0x97, 0xfc, 0xe0, 0x2, 0x10, 0xf, 0xfe, 0x3a,
    0x0, 0x14, 0x3, 0xff, 0x90, 0x60, 0xb, 0x0,
    0xff, 0xe3, 0x98, 0x0, 0x4c, 0x3, 0xff, 0x8e,
    0x80, 0x4, 0x0, 0x0,

    /* U+04CB "Ӌ" */
    0xff, 0xc0, 0x1f, 0xfc, 0x3f, 0xfb, 0x80, 0x3f,
    0xff, 0xe0, 0x1f, 0xff, 0xf0, 0xf, 0xfe, 0xb0,
    0x80, 0x42, 0x1, 0xff, 0xc6, 0x30, 0x9, 0x40,
    0x3f, 0xf8, 0xce, 0x1, 0x68, 0x7, 0xff, 0x1b,
    0x0, 0x26, 0x30, 0xf, 0xfe, 0x2b, 0x80, 0x6d,
    0x40, 0xf, 0xf1, 0xc8, 0x6, 0x18, 0x0, 0x86,
    0xec, 0xa4, 0x0, 0x12, 0x59, 0xdc, 0x60, 0xe,
    0x75, 0x0, 0xc9, 0x5b, 0xfe, 0xed, 0xa6, 0x20,
    0xf, 0xd4, 0xc0, 0x1f, 0xfc, 0xa9, 0xc5, 0x0,
    0xff, 0x24, 0xf0, 0x7, 0xe3, 0xaf, 0xb8, 0x76,
    0x63, 0xce, 0x7d, 0xb0, 0x80, 0x7f, 0xc8, 0xf1,
    0x32, 0x86, 0x30, 0xf, 0xff, 0xf8, 0x7, 0xff,
    0xca, 0x26, 0x70, 0x7, 0xff, 0x19, 0x9b, 0x80,
    0x3f, 0xfe, 0xe5, 0xff, 0xb8, 0x3, 0xff, 0xfe,
    0x1, 0xff, 0xea, 0x97, 0x75, 0x80, 0x70,

    /* U+04CC "ӌ" */
    0x7f, 0xf9, 0x80, 0x3f, 0xcb, 0xff, 0x40, 0x7,
    0xff, 0xfc, 0x3, 0xff, 0x9a, 0x20, 0x1f, 0xfc,
    0x73, 0x0, 0xb8, 0x3, 0xff, 0x86, 0x20, 0x12,
    0x80, 0x7f, 0xf0, 0xd0, 0x2, 0x27, 0x0, 0xfe,
    0xd0, 0xe, 0x50, 0xa, 0x2d, 0x4, 0x0, 0x4b,
    0x5e, 0xe0, 0x1d, 0x62, 0x1, 0x25, 0xf7, 0xfb,
    0x69, 0x40, 0x3e, 0x1c, 0x20, 0xf, 0xf8, 0x80,
    0x3c, 0x5b, 0x26, 0x1, 0xe3, 0x8d, 0x80, 0xf,
    0xcd, 0x9f, 0xb9, 0x8d, 0xfc, 0x72, 0x0, 0xff,
    0xe0, 0x11, 0x98, 0x80, 0x3f, 0xff, 0xe0, 0x1e,
    0xff, 0xa8, 0x3, 0xff, 0xde, 0xbf, 0xf4, 0x0,
    0x7f, 0xff, 0x4, 0x63, 0x0, 0xc0,

    /* U+04CD "Ӎ" */
    0xaf, 0xf7, 0x0, 0x7f, 0xf2, 0x9f, 0xfe, 0x20,
    0xf, 0x86, 0x0, 0x3f, 0xf9, 0x3, 0x20, 0x1f,
    0xfc, 0x7, 0x10, 0xf, 0xfe, 0x3c, 0x8, 0x7,
    0xff, 0x6, 0xc0, 0x3f, 0xf8, 0xc4, 0xc0, 0x1f,
    0xfc, 0x25, 0x30, 0xf, 0xfe, 0x2c, 0x80, 0x7f,
    0xf1, 0x3c, 0x3, 0xff, 0x88, 0x88, 0x0, 0xff,
    0xe2, 0x1b, 0x0, 0x7f, 0xf0, 0xe4, 0x3, 0xff,
    0x8d, 0x0, 0x1f, 0xfc, 0x27, 0x20, 0xf, 0xfe,
    0x1a, 0x80, 0x6, 0x0, 0x3f, 0xf8, 0x3, 0x20,
    0x2, 0x40, 0xf, 0xfe, 0x4, 0x90, 0x1, 0xc8,
    0x3, 0xfe, 0x81, 0x0, 0x48, 0x7, 0xff, 0xa,
    0x40, 0x29, 0x0, 0xff, 0x13, 0x0, 0x15, 0x0,
    0x3f, 0xf8, 0x48, 0x80, 0x2, 0x20, 0x3, 0xfa,
    0x40, 0x28, 0x0, 0xff, 0xe2, 0x48, 0x5, 0x20,
    0x1f, 0x91, 0x0, 0x7, 0x20, 0xf, 0xfe, 0x21,
    0x38, 0x0, 0x9c, 0x3, 0xe9, 0x0, 0xc, 0x0,
    0x7f, 0xf1, 0xa0, 0x40, 0x10, 0x20, 0x1c, 0xe4,
    0x0, 0xb0, 0xf, 0xfe, 0x45, 0x80, 0x50, 0x1,
    0x86, 0x0, 0x6, 0xa0, 0x1f, 0xfc, 0x85, 0x30,
    0x3, 0x18, 0x5, 0x0, 0x17, 0x80, 0x7f, 0xf2,
    0xbc, 0x2, 0xf0, 0x1, 0x30, 0x1, 0x8c, 0x3,
    0xff, 0x94, 0x6c, 0x0, 0x35, 0x9, 0x0, 0xa0,
    0x3, 0xff, 0x99, 0x0, 0x15, 0xaa, 0x0, 0x20,
    0x40, 0x3f, 0xf9, 0x83, 0x0, 0x1, 0xa0, 0x1,
    0x38, 0x7, 0xff, 0x39, 0xc8, 0x3, 0xa4, 0x3,
    0xff, 0xa1, 0x20, 0x19, 0x10, 0x1, 0xff, 0xd0,
    0x45, 0x0, 0xa4, 0x3, 0xff, 0xa5, 0x0, 0x6,
    0x20, 0xf, 0xfe, 0x91, 0x6e, 0x48, 0x7, 0xff,
    0x7, 0x3b, 0xa6, 0x0, 0xff, 0xe1, 0x11, 0x80,
    0x7f, 0xf0, 0x84, 0x72, 0x0, 0x7f, 0xf5, 0x44,
    0x80, 0x3f, 0xfa, 0xae, 0x15, 0xff, 0x18, 0x7,
    0xff, 0x26, 0xff, 0xdc, 0x1, 0x68, 0x7, 0xff,
    0x49, 0x0, 0x24, 0x0, 0xff, 0xe9, 0x60, 0x1,
    0x0, 0x3f, 0xfa, 0x68, 0x0, 0xc0, 0xf, 0xfe,
    0x90, 0x90, 0x1, 0x40, 0x3f, 0xfa, 0x48, 0x0,
    0x22, 0x0, 0x0,

    /* U+04CE "ӎ" */
    0x4f, 0xfb, 0x80, 0x3f, 0xf8, 0x97, 0xff, 0x10,
    0x7, 0xc3, 0x0, 0x1f, 0xfc, 0x24, 0x40, 0x7,
    0xff, 0x1, 0xc4, 0x3, 0xff, 0x83, 0x20, 0x1f,
    0xfc, 0x28, 0x0, 0xff, 0xe0, 0x31, 0x0, 0x7f,
    0xf0, 0x98, 0x80, 0x3f, 0xe8, 0x0, 0xff, 0xe2,
    0x48, 0x7, 0xfa, 0x4, 0x3, 0xff, 0x82, 0x80,
    0x4, 0x30, 0xf, 0xc4, 0xe0, 0x3, 0x0, 0xff,
    0xbc, 0x40, 0x1e, 0x1, 0xfa, 0x0, 0x5, 0x20,
    0x1f, 0xf3, 0xd8, 0x0, 0xd4, 0x3, 0xc6, 0xa0,
    0x9, 0x0, 0xff, 0xe0, 0xa9, 0x80, 0x20, 0x3,
    0xde, 0x0, 0x44, 0x0, 0x7f, 0xf0, 0xbc, 0x0,
    0x4e, 0x1, 0x94, 0xc0, 0x12, 0x1, 0xff, 0xc3,
    0x35, 0x0, 0x48, 0x6, 0xb0, 0x3, 0x10, 0x7,
    0xff, 0x12, 0xc0, 0x3, 0x0, 0x7, 0x10, 0x18,
    0x0, 0xff, 0xe2, 0x8b, 0x80, 0x1c, 0x45, 0x0,
    0x8, 0x10, 0xf, 0xfe, 0x34, 0x8, 0x2, 0xe0,
    0x0, 0x4c, 0x1, 0xff, 0xc8, 0xb0, 0x2, 0xb0,
    0x3, 0x80, 0x3f, 0xf9, 0x2a, 0x60, 0x19, 0x4c,
    0x3, 0xff, 0x95, 0xe0, 0x1a, 0xc0, 0x3f, 0xf9,
    0x66, 0xa0, 0x7, 0x10, 0xf, 0xe1, 0x1c, 0x1,
    0xff, 0x59, 0xa4, 0x0, 0x7f, 0xb3, 0xb9, 0x40,
    0x1f, 0xf0, 0xe5, 0x80, 0x7f, 0xf0, 0xb0, 0x3,
    0xff, 0xa0, 0xa9, 0xff, 0x18, 0x7, 0xff, 0x11,
    0x7f, 0xce, 0x0, 0x22, 0x0, 0x7f, 0xf3, 0xc,
    0x0, 0x80, 0x1f, 0xfc, 0xd4, 0x0, 0x68, 0x7,
    0xff, 0x30, 0x80, 0x24, 0x0, 0xff, 0xe6, 0x20,
    0x1, 0x0, 0x0,

    /* U+04CF "ӏ" */
    0x18, 0x89, 0x9, 0xde, 0xd0, 0xf, 0xff, 0xf8,
    0x7, 0xff, 0xe8,

    /* U+04D0 "Ӑ" */
    0x0, 0xfc, 0xb1, 0x1, 0x0, 0xf9, 0xa2, 0x0,
    0x1f, 0xfc, 0x4c, 0x77, 0x20, 0x7, 0xd2, 0xee,
    0x0, 0xff, 0xe2, 0x60, 0x2, 0x40, 0x3c, 0xe0,
    0x4, 0x0, 0xff, 0xe2, 0x28, 0x81, 0xe2, 0x8,
    0x14, 0xc0, 0x3, 0xc0, 0x3f, 0xf8, 0xba, 0x20,
    0x77, 0xdf, 0xac, 0x0, 0x84, 0x0, 0xff, 0xe2,
    0x9f, 0xb0, 0x80, 0x72, 0x63, 0x80, 0x7f, 0xf1,
    0xc6, 0x7b, 0x99, 0x8d, 0xfb, 0x30, 0xf, 0xfe,
    0x58, 0x99, 0x88, 0x3, 0xff, 0x9a, 0x3f, 0xf9,
    0x40, 0x3f, 0xf9, 0x92, 0x1, 0xa4, 0x3, 0xff,
    0x98, 0xc0, 0x18, 0xcc, 0x1, 0xff, 0xca, 0x61,
    0x0, 0xe9, 0x0, 0xff, 0xe5, 0x50, 0x4, 0x40,
    0x5, 0x10, 0xf, 0xfe, 0x42, 0x18, 0x1, 0xa0,
    0x2, 0x90, 0xf, 0xfe, 0x47, 0x80, 0x54, 0xa2,
    0x0, 0x60, 0xf, 0xfe, 0x39, 0x20, 0x0, 0xcc,
    0xc, 0x0, 0x16, 0x0, 0xff, 0xe3, 0x50, 0x5,
    0x20, 0x9, 0x0, 0xac, 0x3, 0xff, 0x8c, 0xe0,
    0x1, 0x50, 0x0, 0xa0, 0x0, 0x90, 0x3, 0xff,
    0x88, 0xc0, 0x13, 0x0, 0x6f, 0x0, 0xbc, 0x3,
    0xff, 0x89, 0x60, 0x14, 0x80, 0x64, 0x20, 0x2,
    0x10, 0x7, 0xff, 0x9, 0x8, 0x0, 0xa2, 0x1,
    0xd4, 0x1, 0x58, 0x7, 0xff, 0xb, 0xc0, 0x2e,
    0x0, 0xf3, 0x0, 0x4c, 0x20, 0x1f, 0xfc, 0x2,
    0x40, 0x1, 0x20, 0x7, 0x85, 0x80, 0x26, 0x0,
    0xff, 0xe0, 0x58, 0x5, 0x60, 0x1f, 0xac, 0x2,
    0x90, 0xf, 0xf8, 0x58, 0x2, 0x60, 0xf, 0xc4,
    0x60, 0x1, 0x50, 0xf, 0xf3, 0x0, 0x4c, 0x1,
    0xfe, 0x90, 0xa, 0x40, 0x3f, 0xd2, 0x1, 0x72,
    0x27, 0xf8, 0x3, 0x19, 0x80, 0x3f, 0x28, 0x80,
    0x51, 0x77, 0xfe, 0xa0, 0xd, 0x20, 0x1f, 0xa4,
    0x3, 0xff, 0x90, 0xa4, 0x1, 0xe3, 0x30, 0x7,
    0xff, 0x26, 0x80, 0x3d, 0x20, 0x14, 0x7f, 0xff,
    0xf0, 0xb0, 0x2, 0x70, 0xe, 0x25, 0x0, 0x98,
    0x3, 0xff, 0x84, 0x66, 0x0, 0x98, 0x3, 0x50,
    0x4, 0xc2, 0x1, 0xff, 0xc3, 0x90, 0xa, 0xc0,
    0x33, 0x80, 0x56, 0x1, 0xff, 0xc4, 0x51, 0x0,
    0x12, 0x0, 0x18, 0x2, 0x42, 0x0, 0xff, 0xe2,
    0xc8, 0x5, 0xe0, 0xb, 0x0, 0xbc, 0x3, 0xff,
    0x8c, 0xc0, 0x12, 0x12, 0x10, 0x0, 0x90, 0x3,
    0xff, 0x8c, 0x2c, 0x1, 0x58,

    /* U+04D1 "ӑ" */
    0x0, 0xcb, 0xe, 0x1, 0xf3, 0x43, 0x0, 0x7d,
    0x8f, 0x2, 0x1, 0xe9, 0x7a, 0x0, 0xfb, 0xc0,
    0x16, 0x1, 0xd2, 0x0, 0x40, 0xf, 0x98, 0x41,
    0x71, 0xd5, 0xf1, 0x80, 0x12, 0x1, 0xfb, 0x4,
    0xe, 0x2a, 0xc, 0x6, 0xc4, 0x3, 0xf1, 0x74,
    0x18, 0x80, 0xd, 0xfd, 0x0, 0x3f, 0xe7, 0xce,
    0xff, 0x64, 0x8, 0x7, 0xff, 0x99, 0x22, 0xf7,
    0xfd, 0xd9, 0x28, 0x1, 0xf9, 0xfa, 0xdd, 0x8,
    0x0, 0x26, 0xd7, 0xa6, 0x1, 0x8b, 0x60, 0x40,
    0x3f, 0xc5, 0x88, 0x1, 0x19, 0x0, 0x42, 0x8f,
    0x10, 0x62, 0x0, 0xd4, 0x20, 0x1, 0x70, 0x3b,
    0xeb, 0x87, 0x74, 0xed, 0x0, 0x43, 0x20, 0x14,
    0x4e, 0x20, 0x7, 0xcb, 0x60, 0x13, 0x0, 0x66,
    0x0, 0xff, 0x21, 0x80, 0x4, 0x80, 0x3f, 0xf8,
    0x6a, 0x1, 0x30, 0x7, 0xff, 0xf, 0x80, 0x21,
    0x0, 0xe5, 0x9b, 0xcd, 0xdf, 0x48, 0x7, 0xcf,
    0xd4, 0xc8, 0x64, 0x5e, 0x10, 0xf, 0x4c, 0x8,
    0x7, 0xff, 0x11, 0x18, 0x2, 0x7c, 0xff, 0xfa,
    0x0, 0x3b, 0xc0, 0x2a, 0x83, 0x0, 0xff, 0xe0,
    0xa0, 0x0, 0x54, 0x3, 0xff, 0x8c, 0xa0, 0x1f,
    0xec, 0x0, 0xfc, 0xa0, 0x1f, 0xca, 0x80, 0x1c,
    0x60, 0x1, 0x70, 0xf, 0x96, 0x80, 0x3d, 0x20,
    0x14, 0x5a, 0x10, 0x92, 0xdd, 0x0, 0x7c, 0xaa,
    0x0, 0x92, 0xf7, 0xb6, 0x90, 0x0, 0xe0, 0x1e,
    0xa7, 0x0, 0xfe, 0x2c, 0xc0, 0x7, 0xd1, 0xae,
    0x62, 0x0, 0x25, 0xad, 0x30, 0xe,

    /* U+04D2 "Ӓ" */
    0x0, 0xff, 0x5f, 0xd0, 0x6, 0x6e, 0xd3, 0x0,
    0xff, 0xe3, 0x3a, 0x2, 0xa8, 0x2, 0x91, 0x2f,
    0x0, 0xff, 0xe3, 0x78, 0x4, 0x60, 0x1, 0x0,
    0x84, 0x3, 0xff, 0x8d, 0x42, 0x4, 0xe0, 0x1,
    0x60, 0x4, 0x0, 0x7f, 0xf1, 0x8b, 0xb7, 0x42,
    0x1, 0x4e, 0xf2, 0x80, 0x7f, 0xf2, 0x8, 0x3,
    0xc4, 0x20, 0x1f, 0xfe, 0x81, 0xff, 0xca, 0x1,
    0xff, 0xcc, 0x90, 0xd, 0x20, 0x1f, 0xfc, 0xc6,
    0x0, 0xc6, 0x60, 0xf, 0xfe, 0x53, 0x8, 0x7,
    0x48, 0x7, 0xff, 0x2a, 0x80, 0x22, 0x0, 0x28,
    0x80, 0x7f, 0xf2, 0x10, 0xc0, 0xd, 0x0, 0x14,
    0x80, 0x7f, 0xf2, 0x3c, 0x2, 0xa5, 0x10, 0x3,
    0x0, 0x7f, 0xf1, 0xc9, 0x0, 0x6, 0x60, 0x60,
    0x0, 0xb0, 0x7, 0xff, 0x1a, 0x80, 0x29, 0x0,
    0x48, 0x5, 0x60, 0x1f, 0xfc, 0x67, 0x0, 0xa,
    0x80, 0x5, 0x0, 0x4, 0x80, 0x1f, 0xfc, 0x46,
    0x0, 0x98, 0x3, 0x78, 0x5, 0xe0, 0x1f, 0xfc,
    0x4b, 0x0, 0xa4, 0x3, 0x21, 0x0, 0x10, 0x80,
    0x3f, 0xf8, 0x48, 0x40, 0x5, 0x10, 0xe, 0xa0,
    0xa, 0xc0, 0x3f, 0xf8, 0x5e, 0x1, 0x70, 0x7,
    0x98, 0x2, 0x61, 0x0, 0xff, 0xe0, 0x12, 0x0,
    0x9, 0x0, 0x3c, 0x2c, 0x1, 0x30, 0x7, 0xff,
    0x2, 0xc0, 0x2b, 0x0, 0xfd, 0x60, 0x14, 0x80,
    0x7f, 0xc2, 0xc0, 0x13, 0x0, 0x7e, 0x23, 0x0,
    0xa, 0x80, 0x7f, 0x98, 0x2, 0x60, 0xf, 0xf4,
    0x80, 0x52, 0x1, 0xfe, 0x90, 0xb, 0x91, 0x3f,
    0xc0, 0x18, 0xcc, 0x1, 0xf9, 0x44, 0x2, 0x8b,
    0xbf, 0xf5, 0x0, 0x69, 0x0, 0xfd, 0x20, 0x1f,
    0xfc, 0x85, 0x20, 0xf, 0x19, 0x80, 0x3f, 0xf9,
    0x34, 0x1, 0xe9, 0x0, 0xa3, 0xff, 0xff, 0x85,
    0x80, 0x13, 0x80, 0x71, 0x28, 0x4, 0xc0, 0x1f,
    0xfc, 0x23, 0x30, 0x4, 0xc0, 0x1a, 0x80, 0x26,
    0x10, 0xf, 0xfe, 0x1c, 0x80, 0x56, 0x1, 0x9c,
    0x2, 0xb0, 0xf, 0xfe, 0x22, 0x88, 0x0, 0x90,
    0x0, 0xc0, 0x12, 0x10, 0x7, 0xff, 0x16, 0x40,
    0x2f, 0x0, 0x58, 0x5, 0xe0, 0x1f, 0xfc, 0x66,
    0x0, 0x90, 0x90, 0x80, 0x4, 0x80, 0x1f, 0xfc,
    0x61, 0x60, 0xa, 0xc0,

    /* U+04D3 "ӓ" */
    0x0, 0xf1, 0x8, 0x7, 0x9, 0x0, 0x7f, 0xab,
    0x79, 0x40, 0x23, 0xed, 0xb0, 0xf, 0xc4, 0xa0,
    0x9, 0x0, 0xa0, 0x0, 0x86, 0x1, 0xf1, 0x80,
    0x7c, 0x20, 0x1f, 0xf0, 0xc8, 0x97, 0x80, 0x50,
    0x60, 0xe6, 0x1, 0xf9, 0xbb, 0x4c, 0x2, 0x2c,
    0xf8, 0x0, 0xff, 0xfc, 0xa4, 0x5e, 0xff, 0xbb,
    0x25, 0x0, 0x3f, 0x3f, 0x5b, 0xa1, 0x0, 0x4,
    0xda, 0xf4, 0xc0, 0x31, 0x6c, 0x8, 0x7, 0xf8,
    0xb1, 0x0, 0x23, 0x20, 0x8, 0x51, 0xe2, 0xc,
    0x40, 0x1a, 0x84, 0x0, 0x2e, 0x7, 0x7d, 0x70,
    0xee, 0x9d, 0xa0, 0x8, 0x64, 0x2, 0x89, 0xc4,
    0x0, 0xf9, 0x6c, 0x2, 0x60, 0xc, 0xc0, 0x1f,
    0xe4, 0x30, 0x0, 0x90, 0x7, 0xff, 0xd, 0x40,
    0x26, 0x0, 0xff, 0xe1, 0xf0, 0x4, 0x20, 0x1c,
    0xb3, 0x79, 0xbb, 0xe9, 0x0, 0xf9, 0xfa, 0x99,
    0xc, 0x8b, 0xc2, 0x1, 0xe9, 0x81, 0x0, 0xff,
    0xe2, 0x23, 0x0, 0x4f, 0x9f, 0xff, 0x40, 0x7,
    0x78, 0x5, 0x50, 0x60, 0x1f, 0xfc, 0x14, 0x0,
    0xa, 0x80, 0x7f, 0xf1, 0x94, 0x3, 0xfd, 0x80,
    0x1f, 0x94, 0x3, 0xf9, 0x50, 0x3, 0x8c, 0x0,
    0x2e, 0x1, 0xf2, 0xd0, 0x7, 0xa4, 0x2, 0x8b,
    0x42, 0x12, 0x5b, 0xa0, 0xf, 0x95, 0x40, 0x12,
    0x5e, 0xf6, 0xd2, 0x0, 0x1c, 0x3, 0xd4, 0xe0,
    0x1f, 0xc5, 0x98, 0x0, 0xfa, 0x35, 0xcc, 0x40,
    0x4, 0xb5, 0xa6, 0x1, 0xc0,

    /* U+04D4 "Ӕ" */
    0x0, 0xff, 0xe2, 0x2f, 0xff, 0xff, 0x29, 0x80,
    0x3f, 0xf8, 0x96, 0x1, 0xff, 0xda, 0x71, 0x0,
    0xff, 0xec, 0x8c, 0x0, 0x5, 0x0, 0x22, 0x66,
    0xff, 0xe1, 0xa8, 0x7, 0xff, 0xa, 0xc0, 0x2b,
    0xe0, 0x9, 0x26, 0x7f, 0xf8, 0x66, 0x1, 0xff,
    0xc1, 0x35, 0x0, 0x1a, 0x80, 0x7f, 0xf5, 0xbc,
    0x2, 0xf0, 0xf, 0xfe, 0xb2, 0x98, 0x1, 0x4c,
    0x3, 0xff, 0xad, 0x60, 0x14, 0x0, 0x7f, 0xf5,
    0xa0, 0x40, 0xe, 0x40, 0x1f, 0xfd, 0x51, 0x70,
    0x0, 0xc0, 0x7, 0xff, 0x5a, 0xc0, 0x28, 0x0,
    0xff, 0xeb, 0x1a, 0x80, 0x9, 0x80, 0x3f, 0x2b,
    0xbf, 0xff, 0x5, 0x0, 0x3f, 0xef, 0x0, 0xa4,
    0x3, 0xf8, 0xe2, 0x3f, 0xf8, 0x3c, 0x1, 0xfe,
    0x63, 0x0, 0x22, 0x0, 0x3f, 0xfa, 0xd0, 0x1,
    0x40, 0x7, 0xff, 0x5a, 0x4, 0x0, 0xa6, 0x1,
    0xfe, 0x6f, 0xff, 0xfe, 0xd, 0x0, 0x7e, 0x27,
    0x0, 0xac, 0x3, 0xff, 0xad, 0x0, 0x12, 0x2a,
    0x27, 0xda, 0x1, 0xff, 0xcd, 0x45, 0x0, 0x92,
    0xef, 0xf3, 0x80, 0x7f, 0xf3, 0x64, 0x3, 0xff,
    0xb4, 0xc4, 0x1, 0xff, 0xd9, 0x18, 0x0, 0xb3,
    0xff, 0xfd, 0x40, 0x1f, 0xfc, 0xb9, 0x10, 0x2,
    0x98, 0x7, 0xff, 0x54, 0x9c, 0x2, 0xb0, 0xf,
    0xfe, 0xb4, 0x80, 0x50, 0x20, 0x1f, 0xfc, 0x34,
    0x99, 0xff, 0xe1, 0xc0, 0x22, 0x0, 0x4, 0xe0,
    0x1f, 0xfc, 0x42, 0x66, 0xff, 0xe1, 0xb8, 0x48,
    0x5, 0x20, 0x1f, 0xfd, 0x66, 0x20, 0x2, 0x20,
    0x3, 0xff, 0xac,

    /* U+04D5 "ӕ" */
    0x0, 0xe4, 0x8b, 0xdf, 0xf7, 0x64, 0x98, 0x7,
    0xcb, 0x5b, 0xfe, 0xec, 0x82, 0x0, 0xfe, 0x7e,
    0xb7, 0x42, 0x0, 0x9, 0xb6, 0x60, 0x80, 0x24,
    0xda, 0x52, 0x0, 0x9, 0xbe, 0xd0, 0x80, 0x71,
    0x6c, 0x8, 0x7, 0xf8, 0xf4, 0x82, 0x6c, 0x80,
    0x3f, 0x97, 0xd0, 0x3, 0x19, 0x0, 0x42, 0x8f,
    0x10, 0x62, 0x0, 0xdf, 0x2c, 0x1, 0xa, 0xc4,
    0x18, 0x80, 0x21, 0xb3, 0x0, 0x85, 0xc1, 0x2f,
    0xae, 0x1d, 0xd3, 0xb6, 0x20, 0x2, 0x60, 0xa,
    0x3a, 0x9d, 0xd3, 0xb8, 0x60, 0x16, 0x88, 0x5,
    0x15, 0x68, 0x1, 0xf2, 0x50, 0x7, 0xb1, 0xc0,
    0x3c, 0x78, 0x80, 0x1, 0x80, 0xc, 0xa0, 0x1f,
    0xe4, 0x30, 0xd, 0x26, 0x1, 0xfd, 0x62, 0x0,
    0x61, 0x0, 0xff, 0xe1, 0xa8, 0x4, 0x4c, 0x1,
    0xff, 0x40, 0x4, 0x80, 0x1f, 0xfc, 0x3e, 0x0,
    0x90, 0x3, 0xff, 0x80, 0x80, 0x16, 0x0, 0x72,
    0xcd, 0xe6, 0xef, 0xa4, 0x2, 0x7d, 0xdf, 0xfe,
    0x7, 0x80, 0x44, 0x1, 0x37, 0x53, 0x21, 0x91,
    0x78, 0x40, 0x21, 0x22, 0xff, 0xe0, 0x80, 0x4e,
    0x0, 0x99, 0x8, 0x7, 0xff, 0x4d, 0xc1, 0x58,
    0x2, 0x7c, 0xff, 0xfa, 0x0, 0x27, 0xff, 0xff,
    0xe2, 0x58, 0x48, 0x5, 0x50, 0x60, 0x1f, 0xf1,
    0x80, 0x7f, 0xf1, 0x8c, 0x0, 0x4a, 0x1, 0xfd,
    0xc0, 0x12, 0x8, 0x7, 0xff, 0x21, 0x80, 0x3f,
    0xc8, 0x1, 0xac, 0x3, 0xff, 0x90, 0xa0, 0x1f,
    0xca, 0x40, 0x19, 0x60, 0x3, 0xfc, 0xf6, 0x1,
    0x90, 0x0, 0x2e, 0x1, 0xf2, 0x50, 0x0, 0x80,
    0x27, 0xb3, 0x0, 0xf1, 0x5c, 0x24, 0x0, 0x5e,
    0x1, 0x45, 0xa9, 0x8, 0x92, 0xac, 0x0, 0x38,
    0xc0, 0x12, 0x66, 0xcb, 0xba, 0x77, 0x48, 0x0,
    0x72, 0x0, 0x23, 0x80, 0x49, 0x5b, 0xdc, 0xb5,
    0x0, 0xb4, 0x65, 0x80, 0x31, 0x34, 0x41, 0x88,
    0x3, 0x59, 0x0, 0x51, 0x20, 0x1f, 0xe4, 0xd3,
    0x0, 0x4d, 0x90, 0x7, 0xf9, 0x35, 0x0, 0x39,
    0xba, 0x10, 0x40, 0x4, 0x91, 0xb6, 0x40, 0x19,
    0x36, 0xdc, 0xc4, 0x0, 0x47, 0x1b, 0x64, 0x1,
    0x0,

    /* U+04D6 "Ӗ" */
    0x0, 0x92, 0x20, 0x40, 0x1f, 0x2c, 0x40, 0x3,
    0xec, 0x77, 0x20, 0x7, 0xd6, 0xee, 0x0, 0xfb,
    0x0, 0x16, 0x1, 0xe6, 0x10, 0x30, 0xf, 0x90,
    0x80, 0xb5, 0x44, 0xa, 0x24, 0x1, 0x20, 0x1f,
    0xbc, 0x40, 0xab, 0xbf, 0x5c, 0x0, 0xea, 0x1,
    0xf8, 0xbd, 0xc4, 0x3, 0x92, 0xe0, 0x3, 0xfc,
    0x31, 0xdc, 0xcc, 0x6f, 0xda, 0x0, 0x7f, 0xf0,
    0x84, 0xcc, 0x40, 0x1f, 0xd5, 0xff, 0xff, 0xc7,
    0x20, 0xf, 0xff, 0x12, 0x33, 0x7f, 0xf0, 0xcc,
    0x3, 0x74, 0xcf, 0xff, 0xc, 0x40, 0x3f, 0xff,
    0xe0, 0x1f, 0xff, 0xf0, 0xf7, 0x7f, 0xfe, 0x9,
    0x80, 0x79, 0x62, 0x3f, 0xf8, 0x2a, 0x1, 0xff,
    0xe4, 0xaf, 0xff, 0xfe, 0xb, 0x0, 0x7f, 0xff,
    0xc0, 0x3f, 0xff, 0xe0, 0x1f, 0xfc, 0xce, 0x99,
    0xff, 0xe1, 0xb0, 0x6, 0x46, 0x6f, 0xfe, 0x1e,
    0x80, 0x7f, 0xf7, 0x80,

    /* U+04D7 "ӗ" */
    0x0, 0xe7, 0x85, 0x0, 0xfa, 0x20, 0xa0, 0x1f,
    0xd4, 0xf6, 0x1, 0xe3, 0x77, 0x60, 0x7, 0xf2,
    0x0, 0xb8, 0x7, 0x78, 0x3, 0x0, 0x3f, 0xac,
    0x1, 0x16, 0xca, 0xfa, 0x60, 0x4a, 0x1, 0xfc,
    0x56, 0x0, 0x49, 0xa8, 0x20, 0x2f, 0x0, 0xff,
    0x93, 0x9c, 0xc0, 0x2, 0x73, 0xa4, 0x1, 0xff,
    0xc0, 0x18, 0xcf, 0xf7, 0x63, 0x0, 0x7f, 0xfb,
    0x92, 0xb7, 0xfd, 0xd9, 0x26, 0x1, 0xff, 0x26,
    0xda, 0x90, 0x0, 0x4d, 0xb3, 0x4, 0x1, 0xfa,
    0x2c, 0x80, 0x3f, 0x8f, 0x54, 0x3, 0xd2, 0xe0,
    0x10, 0xb4, 0xd4, 0xa8, 0x6, 0xa5, 0x0, 0xca,
    0xc0, 0x14, 0x74, 0xb2, 0xb5, 0x73, 0x0, 0x54,
    0x20, 0x15, 0x80, 0x54, 0xe0, 0x1e, 0x19, 0x80,
    0xa, 0xc0, 0xc, 0x20, 0x7, 0x50, 0xf, 0xe7,
    0x40, 0x2, 0x88, 0x68, 0x5, 0x20, 0x1f, 0xf4,
    0x0, 0x4e, 0x8, 0x0, 0x31, 0x0, 0xff, 0x8c,
    0x2, 0xf2, 0x0, 0x8a, 0xef, 0xff, 0x82, 0x1,
    0x28, 0x80, 0x42, 0x89, 0xff, 0xc1, 0x0, 0x84,
    0x3, 0xff, 0x94, 0x20, 0x12, 0x7f, 0xff, 0xf1,
    0x34, 0x80, 0x25, 0x0, 0xff, 0xe3, 0x20, 0x0,
    0x54, 0x3, 0xff, 0x8b, 0xa0, 0x14, 0x0, 0x7f,
    0xf1, 0x58, 0x40, 0x5, 0x80, 0x1f, 0xe4, 0xc0,
    0xe, 0xa0, 0x8, 0xf5, 0x0, 0x3c, 0x31, 0x67,
    0x60, 0x19, 0x20, 0x2, 0x2b, 0xea, 0x87, 0x8b,
    0xe7, 0x0, 0x22, 0x0, 0x33, 0xc8, 0x6, 0x15,
    0x78, 0x74, 0x0, 0xd2, 0x80, 0x1c, 0xda, 0x80,
    0x1f, 0xe3, 0xc6, 0x0, 0xf8, 0xaf, 0x5d, 0x4,
    0x0, 0x26, 0xf9, 0x83, 0x0, 0x80,

    /* U+04D8 "Ә" */
    0x0, 0xfe, 0x16, 0x9c, 0xef, 0xf6, 0xe4, 0xa0,
    0x7, 0xff, 0x15, 0x2f, 0xa5, 0x8c, 0x40, 0x4,
    0x6d, 0x7f, 0x22, 0x1, 0xff, 0xc0, 0x2b, 0xb2,
    0x0, 0x7f, 0xf0, 0x1b, 0xa0, 0x3, 0xfc, 0xda,
    0x80, 0x1c, 0x26, 0x88, 0x30, 0xf, 0x3e, 0x8,
    0x7, 0xcb, 0x20, 0x1c, 0xf9, 0xd9, 0x76, 0xcf,
    0xb5, 0x0, 0xc7, 0x82, 0x1, 0xe5, 0x70, 0x9,
    0xfa, 0xc, 0x3, 0xc9, 0x58, 0x40, 0x11, 0x60,
    0x7, 0xd1, 0x1, 0xc8, 0x10, 0xf, 0xf1, 0xea,
    0x0, 0x45, 0x20, 0x1f, 0x3f, 0x18, 0x7, 0xff,
    0xa, 0xd0, 0x2, 0x62, 0x0, 0xff, 0xe6, 0x50,
    0x80, 0x52, 0x1, 0xff, 0xcc, 0x1b, 0x0, 0x90,
    0x40, 0x3f, 0xf9, 0x8a, 0x20, 0x12, 0x0, 0x7f,
    0xf3, 0x5c, 0x2, 0xc0, 0xf, 0xfe, 0x6f, 0x80,
    0x44, 0x9f, 0xff, 0xfc, 0xc9, 0x0, 0x9c, 0x40,
    0x3f, 0xfa, 0x2, 0x1, 0xff, 0xd1, 0x11, 0x0,
    0x47, 0xff, 0xff, 0xc8, 0xa0, 0x9, 0xd8, 0x2,
    0x20, 0xf, 0xfe, 0x41, 0x0, 0x46, 0x42, 0x0,
    0x13, 0x0, 0xff, 0xe3, 0xd8, 0x5, 0xa0, 0x80,
    0x15, 0x0, 0x7f, 0xf1, 0x8c, 0xc0, 0x12, 0x87,
    0x0, 0x4c, 0x40, 0x1f, 0xfc, 0x58, 0x0, 0x94,
    0x0, 0x86, 0x1, 0x70, 0x7, 0xff, 0x12, 0x10,
    0x2, 0xb0, 0xb, 0xc0, 0x23, 0xb0, 0xf, 0xfe,
    0x13, 0xb8, 0x2, 0x71, 0x0, 0x8d, 0xc0, 0x24,
    0xd3, 0x0, 0xff, 0xd, 0x40, 0x4, 0x70, 0x1,
    0xd0, 0xa0, 0x11, 0x64, 0x98, 0x7, 0x89, 0xfd,
    0x40, 0x22, 0xd0, 0xf, 0xa9, 0x80, 0x33, 0x67,
    0x5d, 0x52, 0xf7, 0x50, 0x20, 0x11, 0xe0, 0x80,
    0x7e, 0x9a, 0x10, 0xc, 0x28, 0xaa, 0x42, 0x0,
    0xe7, 0xc1, 0x0, 0xff, 0x2f, 0xc0, 0x80, 0x7f,
    0xcd, 0xb0, 0x1, 0xff, 0xc1, 0x17, 0xeb, 0x73,
    0x20, 0x0, 0x92, 0xcf, 0x49, 0x0, 0x7c,

    /* U+04D9 "ә" */
    0x0, 0xf2, 0xd6, 0xf7, 0xfb, 0x69, 0x80, 0x3f,
    0xe7, 0xea, 0x52, 0x10, 0x1, 0x2c, 0xfc, 0x0,
    0x7c, 0x39, 0x2, 0x1, 0xfe, 0x7d, 0x20, 0xe,
    0xb3, 0x0, 0x85, 0x5e, 0x1d, 0x0, 0x31, 0x61,
    0x0, 0x68, 0x0, 0x15, 0x75, 0x43, 0xc5, 0xf3,
    0x80, 0x43, 0xe0, 0x18, 0xa8, 0xf5, 0x40, 0x3c,
    0x31, 0x60, 0x11, 0x38, 0x6, 0x5c, 0x0, 0xff,
    0x24, 0x80, 0x52, 0x1, 0xff, 0xc5, 0x63, 0x0,
    0xa, 0x0, 0x7f, 0xf1, 0x68, 0x2, 0xc0, 0xf,
    0xfe, 0x2a, 0x0, 0x46, 0x9f, 0xff, 0xfc, 0x4d,
    0x0, 0x9c, 0x3, 0xff, 0x94, 0xe0, 0x11, 0x22,
    0x7f, 0xf0, 0x40, 0x27, 0x20, 0x9, 0x6e, 0xff,
    0xf8, 0x10, 0x1, 0x18, 0x90, 0x1, 0x0, 0x3f,
    0xf8, 0x16, 0x1, 0x60, 0x28, 0x0, 0xd0, 0x3,
    0xfc, 0x2c, 0x0, 0x14, 0x9, 0x0, 0xa8, 0x80,
    0x3f, 0xa8, 0x40, 0xc, 0x0, 0x18, 0x0, 0xe,
    0x28, 0x7, 0x8b, 0x10, 0x0, 0x50, 0x1, 0x3a,
    0x0, 0x6, 0xb6, 0x59, 0x91, 0x7a, 0x60, 0x17,
    0x80, 0x75, 0xa0, 0x4, 0x4d, 0x32, 0x74, 0x0,
    0x87, 0x8, 0x3, 0xd7, 0x2, 0x1, 0xfc, 0xbe,
    0x60, 0x1f, 0x9f, 0xa5, 0x8, 0x0, 0x26, 0xfb,
    0x42, 0x1, 0x80,

    /* U+04DA "Ӛ" */
    0x0, 0xff, 0x88, 0x40, 0x38, 0x48, 0x3, 0xff,
    0x91, 0x5b, 0xc8, 0x1, 0x27, 0x6d, 0x80, 0x7f,
    0xf1, 0x89, 0x40, 0x10, 0x1, 0x78, 0x1, 0xc,
    0x3, 0xff, 0x8a, 0x60, 0x13, 0x80, 0x42, 0x1,
    0x8, 0x7, 0xff, 0x14, 0x60, 0x4a, 0x40, 0x28,
    0x30, 0x82, 0x0, 0xff, 0xe3, 0x3f, 0x69, 0x0,
    0x45, 0x9e, 0xe0, 0x1f, 0xff, 0xf0, 0x8, 0x5a,
    0x73, 0xbf, 0xdb, 0x92, 0x80, 0x1f, 0xfc, 0x54,
    0xbe, 0x96, 0x31, 0x0, 0x11, 0xb5, 0xfc, 0x88,
    0x7, 0xff, 0x0, 0xae, 0xc8, 0x1, 0xff, 0xc0,
    0x6e, 0x80, 0xf, 0xf3, 0x6a, 0x0, 0x70, 0x9a,
    0x20, 0xc0, 0x3c, 0xf8, 0x20, 0x1f, 0x2c, 0x80,
    0x73, 0xe7, 0x65, 0xdb, 0x3e, 0xd4, 0x3, 0x1e,
    0x8, 0x7, 0x95, 0xc0, 0x27, 0xe8, 0x30, 0xf,
    0x25, 0x61, 0x0, 0x45, 0x80, 0x1f, 0x44, 0x7,
    0x20, 0x40, 0x3f, 0xc7, 0xa8, 0x1, 0x14, 0x80,
    0x7c, 0xfc, 0x60, 0x1f, 0xfc, 0x2b, 0x40, 0x9,
    0x88, 0x3, 0xff, 0x99, 0x42, 0x1, 0x48, 0x7,
    0xff, 0x30, 0x6c, 0x2, 0x41, 0x0, 0xff, 0xe6,
    0x28, 0x80, 0x48, 0x1, 0xff, 0xcd, 0x70, 0xb,
    0x0, 0x3f, 0xf9, 0xbe, 0x1, 0x12, 0x7f, 0xff,
    0xf3, 0x24, 0x2, 0x71, 0x0, 0xff, 0xe8, 0x8,
    0x7, 0xff, 0x44, 0x44, 0x1, 0x1f, 0xff, 0xff,
    0x22, 0x80, 0x27, 0x60, 0x8, 0x80, 0x3f, 0xf9,
    0x4, 0x1, 0x19, 0x8, 0x0, 0x4c, 0x3, 0xff,
    0x8f, 0x60, 0x16, 0x82, 0x0, 0x54, 0x1, 0xff,
    0xc6, 0x33, 0x0, 0x4a, 0x1c, 0x1, 0x31, 0x0,
    0x7f, 0xf1, 0x60, 0x2, 0x50, 0x2, 0x18, 0x5,
    0xc0, 0x1f, 0xfc, 0x48, 0x40, 0xa, 0xc0, 0x2f,
    0x0, 0x8e, 0xc0, 0x3f, 0xf8, 0x4e, 0xe0, 0x9,
    0xc4, 0x2, 0x37, 0x0, 0x93, 0x4c, 0x3, 0xfc,
    0x35, 0x0, 0x11, 0xc0, 0x7, 0x42, 0x80, 0x45,
    0x92, 0x60, 0x1e, 0x27, 0xf5, 0x0, 0x8b, 0x40,
    0x3e, 0xa6, 0x0, 0xcd, 0x9d, 0x75, 0x4b, 0xdd,
    0x40, 0x80, 0x47, 0x82, 0x1, 0xfa, 0x68, 0x40,
    0x30, 0xa2, 0xa9, 0x8, 0x3, 0x9f, 0x4, 0x3,
    0xfc, 0xbf, 0x2, 0x1, 0xff, 0x36, 0xc0, 0x7,
    0xff, 0x4, 0x5f, 0xad, 0xcc, 0x80, 0x2, 0x4b,
    0x3d, 0x24, 0x1, 0xf0,

    /* U+04DB "ӛ" */
    0x0, 0xf8, 0x80, 0x3c, 0x42, 0x1, 0xff, 0xe,
    0xeb, 0x84, 0x2, 0x8d, 0xe6, 0x0, 0xff, 0x31,
    0x0, 0xb0, 0x4, 0xe0, 0x8, 0x0, 0xff, 0x8,
    0x4, 0x20, 0x1e, 0x30, 0xf, 0xf3, 0x28, 0x23,
    0x0, 0x54, 0x22, 0x90, 0xf, 0xfa, 0xbe, 0xc0,
    0x32, 0xf7, 0x10, 0x3, 0xff, 0xfe, 0x0, 0x5a,
    0xde, 0xff, 0x6d, 0x30, 0x7, 0xfc, 0xfd, 0x4a,
    0x42, 0x0, 0x25, 0x9f, 0x80, 0xf, 0x87, 0x20,
    0x40, 0x3f, 0xcf, 0xa4, 0x1, 0xd6, 0x60, 0x10,
    0xab, 0xc3, 0xa0, 0x6, 0x2c, 0x20, 0xd, 0x0,
    0x2, 0xae, 0xa8, 0x78, 0xbe, 0x70, 0x8, 0x7c,
    0x3, 0x15, 0x1e, 0xa8, 0x7, 0x86, 0x2c, 0x2,
    0x27, 0x0, 0xcb, 0x80, 0x1f, 0xe4, 0x90, 0xa,
    0x40, 0x3f, 0xf8, 0xac, 0x60, 0x1, 0x40, 0xf,
    0xfe, 0x2d, 0x0, 0x58, 0x1, 0xff, 0xc5, 0x40,
    0x8, 0xd3, 0xff, 0xff, 0x89, 0xa0, 0x13, 0x80,
    0x7f, 0xf2, 0x9c, 0x2, 0x24, 0x4f, 0xfe, 0x8,
    0x4, 0xe4, 0x1, 0x2d, 0xdf, 0xff, 0x2, 0x0,
    0x23, 0x12, 0x0, 0x20, 0x7, 0xff, 0x2, 0xc0,
    0x2c, 0x5, 0x0, 0x1a, 0x0, 0x7f, 0x85, 0x80,
    0x2, 0x81, 0x20, 0x15, 0x10, 0x7, 0xf5, 0x8,
    0x1, 0x80, 0x3, 0x0, 0x1, 0xc5, 0x0, 0xf1,
    0x62, 0x0, 0xa, 0x0, 0x27, 0x40, 0x0, 0xd6,
    0xcb, 0x32, 0x2f, 0x4c, 0x2, 0xf0, 0xe, 0xb4,
    0x0, 0x89, 0xa6, 0x4e, 0x80, 0x10, 0xe1, 0x0,
    0x7a, 0xe0, 0x40, 0x3f, 0x97, 0xcc, 0x3, 0xf3,
    0xf4, 0xa1, 0x0, 0x4, 0xdf, 0x68, 0x40, 0x30,

    /* U+04DC "Ӝ" */
    0x0, 0xff, 0xe1, 0xaf, 0x69, 0x80, 0x43, 0x9f,
    0x20, 0x1f, 0xfd, 0x2a, 0x12, 0xe0, 0xa, 0x4c,
    0x19, 0x0, 0x3f, 0xfa, 0x86, 0x1, 0x8, 0x4,
    0x20, 0x1f, 0xfd, 0x16, 0x0, 0x40, 0x5, 0x42,
    0x6, 0xa0, 0x1f, 0xfd, 0x19, 0xde, 0x60, 0x8,
    0xfb, 0x70, 0x3, 0xff, 0xa6, 0x42, 0x1, 0xe2,
    0x0, 0xff, 0xf7, 0x27, 0xfd, 0xc2, 0x1, 0xff,
    0x2f, 0xfd, 0x20, 0x1f, 0xfc, 0xd, 0xff, 0x98,
    0x0, 0x8a, 0x0, 0x18, 0x0, 0xff, 0xe7, 0xb1,
    0x0, 0xd, 0x80, 0x2b, 0x0, 0x98, 0x80, 0x3f,
    0xf9, 0xa3, 0x0, 0x17, 0x80, 0x61, 0x80, 0xa,
    0x40, 0x3f, 0xf9, 0xb0, 0x20, 0x5, 0x30, 0xe,
    0x72, 0x0, 0x22, 0x0, 0x3f, 0xf9, 0x64, 0xc0,
    0x15, 0x80, 0x7d, 0x20, 0x14, 0x80, 0x7f, 0xf2,
    0xe4, 0x2, 0x81, 0x0, 0xf9, 0x14, 0x0, 0x4e,
    0x1, 0xff, 0xc9, 0x54, 0x0, 0x13, 0x80, 0x7f,
    0x58, 0x5, 0x2, 0x1, 0xff, 0xc8, 0x80, 0xb,
    0x80, 0x3f, 0xc3, 0x0, 0x14, 0x0, 0x7f, 0xf1,
    0xdc, 0x80, 0xa, 0x60, 0x1f, 0xf3, 0x90, 0x1,
    0x8c, 0x3, 0xff, 0x8a, 0x30, 0x1, 0x58, 0x7,
    0xff, 0x6, 0x40, 0x2f, 0x0, 0xff, 0xe2, 0xd8,
    0x5, 0x2, 0x1, 0xff, 0xc1, 0x45, 0x0, 0x1a,
    0x80, 0x7f, 0xf0, 0xcd, 0x40, 0x4, 0xe0, 0x1f,
    0xfc, 0x38, 0x0, 0xac, 0x3, 0xff, 0x87, 0xe0,
    0x14, 0x80, 0x7f, 0xf1, 0xa, 0x0, 0x3, 0xff,
    0xd4, 0x1, 0x37, 0xff, 0x18, 0x1, 0x50, 0x3,
    0xff, 0x8a, 0xa0, 0x1f, 0xfc, 0x9f, 0x0, 0xff,
    0xe3, 0x48, 0x7, 0xff, 0x26, 0x0, 0x3f, 0xf8,
    0xac, 0x80, 0x12, 0xaf, 0x18, 0x4, 0x4a, 0xbc,
    0x1, 0x14, 0x0, 0x7f, 0xf0, 0xc6, 0x0, 0x24,
    0xaa, 0xe9, 0x0, 0x92, 0xab, 0x98, 0x2, 0x72,
    0x0, 0xff, 0xe1, 0x58, 0x80, 0x52, 0x1, 0xff,
    0xc3, 0x91, 0x0, 0xb8, 0x3, 0xff, 0x82, 0x8a,
    0x1, 0x41, 0x0, 0x7f, 0xf1, 0x28, 0x2, 0x36,
    0x0, 0xff, 0xe0, 0x48, 0x4, 0x6e, 0x1, 0xff,
    0xc5, 0x45, 0x0, 0xa0, 0x40, 0x3f, 0xd0, 0x40,
    0x17, 0x80, 0x7f, 0xf1, 0xec, 0x2, 0x1b, 0x0,
    0xfe, 0x27, 0x0, 0x9c, 0xc0, 0x3f, 0xf8, 0xe3,
    0x20, 0x12, 0xa0, 0x7, 0xee, 0x0, 0x86, 0x0,
    0x3f, 0xf9, 0x2c, 0x60, 0x15, 0x0, 0x7c, 0xc6,
    0x1, 0x50, 0x7, 0xff, 0x2f, 0x80, 0x21, 0x90,
    0xe, 0x19, 0x0, 0x95, 0x0, 0x3f, 0xf9, 0x64,
    0xe0, 0x13, 0x18, 0x6, 0xb0, 0x8, 0x6c, 0x3,
    0xff, 0x9b, 0x4, 0x1, 0x78, 0x4, 0x8a, 0x1,
    0x40, 0x80, 0x7f, 0xf3, 0xb8, 0x2, 0x37, 0x0,
    0x50, 0x4, 0x6c, 0x1, 0xff, 0xcf, 0x36, 0x0,
    0xa0, 0x80,

    /* U+04DD "ӝ" */
    0x0, 0xff, 0x8b, 0x39, 0xc0, 0x34, 0x7e, 0x8,
    0x7, 0xff, 0x2a, 0xc, 0x60, 0x80, 0x6, 0xe0,
    0x70, 0x1, 0xff, 0xca, 0x10, 0x8, 0x40, 0xe,
    0x1, 0x18, 0x7, 0xff, 0x2b, 0xc0, 0x8, 0x60,
    0x4, 0x30, 0x4, 0x80, 0x7f, 0xf2, 0x93, 0xb6,
    0xc0, 0x36, 0x6f, 0x18, 0x7, 0xff, 0x2c, 0x48,
    0x3, 0xc4, 0x20, 0x1f, 0xff, 0xf0, 0xf, 0x4f,
    0xfc, 0xe0, 0x1f, 0xdf, 0xf7, 0x0, 0x7f, 0x47,
    0xfd, 0x20, 0x8, 0x10, 0x4, 0x8, 0x7, 0xff,
    0x20, 0x9c, 0x0, 0x32, 0x0, 0x18, 0x0, 0xac,
    0x3, 0xff, 0x91, 0x20, 0x15, 0x80, 0x66, 0x30,
    0x2, 0x98, 0x7, 0xff, 0x19, 0x50, 0x0, 0x8a,
    0x1, 0xdc, 0x1, 0x70, 0x7, 0xff, 0x1a, 0x0,
    0x29, 0x0, 0xf1, 0x38, 0x0, 0x98, 0x3, 0xff,
    0x89, 0x4, 0x0, 0x72, 0x0, 0xfa, 0x4, 0x1,
    0x2, 0x1, 0xff, 0xc2, 0x27, 0x0, 0x14, 0x0,
    0x7f, 0x58, 0x0, 0x60, 0x3, 0xff, 0x85, 0x20,
    0x14, 0x80, 0x7f, 0x95, 0x0, 0xc, 0x60, 0x1f,
    0xfc, 0x4, 0x40, 0x1, 0x50, 0x3, 0xfe, 0x90,
    0xb, 0xd9, 0xb0, 0x6, 0x66, 0xd2, 0x1, 0x58,
    0x7, 0xff, 0x0, 0xa0, 0x0, 0x73, 0x38, 0x2,
    0x19, 0x9c, 0x40, 0x8, 0x10, 0xf, 0xfe, 0xf,
    0x0, 0x7f, 0xf5, 0xd, 0x80, 0x3f, 0xf8, 0xd0,
    0x40, 0x1f, 0xfc, 0xe, 0x0, 0x9b, 0xff, 0x0,
    0x43, 0xff, 0x94, 0x2, 0xe0, 0xf, 0xfa, 0x8,
    0x0, 0x32, 0x1, 0xff, 0xc0, 0xb1, 0x0, 0x1b,
    0x80, 0x7f, 0x1b, 0x80, 0x54, 0x1, 0xff, 0xc1,
    0x1b, 0x0, 0xa0, 0x80, 0x3f, 0x70, 0x4, 0xa8,
    0x1, 0xff, 0xc2, 0x54, 0x0, 0xb8, 0x3, 0xe8,
    0x20, 0x0, 0xd8, 0x7, 0xff, 0x12, 0x80, 0x23,
    0x70, 0xe, 0x37, 0x0, 0xac, 0x40, 0x3f, 0xf8,
    0x83, 0x20, 0x14, 0x10, 0x6, 0xe0, 0x9, 0x14,
    0x3, 0xff, 0x8c, 0xc6, 0x1, 0x70, 0x5, 0x4,
    0x1, 0x50, 0x7, 0xff, 0x23, 0x80, 0x23, 0x70,
    0x27, 0x0, 0xa4, 0x40, 0x3f, 0xf9, 0x5, 0x0,
    0x14, 0x10,

    /* U+04DE "Ӟ" */
    0x0, 0xf1, 0x8, 0x7, 0x9, 0x0, 0x7f, 0xf0,
    0xab, 0x79, 0x40, 0x24, 0xed, 0xb0, 0xf, 0xfe,
    0x1, 0x28, 0x2, 0x40, 0x2f, 0x0, 0x21, 0x80,
    0x7f, 0xc6, 0x1, 0x38, 0x4, 0x20, 0x10, 0x80,
    0x7f, 0xc3, 0x22, 0x50, 0x1, 0x41, 0x83, 0x90,
    0x7, 0xff, 0x1, 0xbb, 0x4c, 0x2, 0x2c, 0xf8,
    0x0, 0xff, 0xf8, 0x93, 0xd6, 0x77, 0xfb, 0xb6,
    0x98, 0x80, 0x3f, 0x86, 0x37, 0x50, 0xa6, 0x20,
    0x1, 0x25, 0x9d, 0xb3, 0x0, 0xf2, 0xf3, 0x90,
    0x7, 0xff, 0x1, 0x31, 0x80, 0x39, 0x80, 0x3c,
    0x6a, 0xce, 0xc6, 0x1, 0xd2, 0xe0, 0x18, 0xc8,
    0xe, 0x37, 0xf2, 0xa6, 0x27, 0x3e, 0x44, 0x2,
    0x82, 0x0, 0xd1, 0x98, 0x72, 0x0, 0xfc, 0xd8,
    0x1, 0xa8, 0x3, 0x29, 0x80, 0x7f, 0xf0, 0xa,
    0x0, 0x24, 0x0, 0xff, 0xe3, 0xa0, 0x4, 0x20,
    0x1f, 0xfc, 0xb6, 0x0, 0xff, 0xe3, 0xa0, 0x4,
    0x60, 0x1f, 0xfc, 0x62, 0x90, 0xa, 0x80, 0x3f,
    0xf8, 0x62, 0x93, 0xa2, 0x0, 0x72, 0x0, 0xf9,
    0x3f, 0xfe, 0xeb, 0x60, 0x9, 0xa0, 0x3, 0xff,
    0x92, 0xf2, 0x1, 0xff, 0xca, 0x7b, 0x10, 0xf,
    0xcb, 0x55, 0xf4, 0xb9, 0x80, 0x49, 0xe4, 0x1,
    0xf0, 0xaa, 0xfc, 0xd1, 0x98, 0x30, 0x0, 0xf8,
    0x7, 0xff, 0x18, 0xf0, 0xc0, 0x4, 0xe0, 0x1f,
    0xfc, 0x78, 0x0, 0xac, 0x3, 0xff, 0x8e, 0x80,
    0x11, 0x80, 0x7f, 0xf7, 0xc8, 0x3, 0xc8, 0x1,
    0xff, 0xc4, 0xa0, 0x8, 0xc0, 0x6f, 0xc, 0x3,
    0xff, 0x82, 0xae, 0x1, 0x50, 0x30, 0x1e, 0x61,
    0x44, 0x3, 0xf1, 0x4d, 0x0, 0x44, 0xc1, 0x60,
    0x11, 0xd7, 0x72, 0xea, 0x62, 0x6f, 0xb5, 0x80,
    0x37, 0x0, 0x35, 0x0, 0x38, 0x51, 0x59, 0xd9,
    0x4, 0x3, 0x16, 0x18, 0x0, 0x6f, 0x10, 0x3,
    0xff, 0x82, 0x31, 0xa6, 0x1, 0xc7, 0x7d, 0x6e,
    0x84, 0x20, 0x11, 0x23, 0xdf, 0x38, 0x7, 0x0,

    /* U+04DF "ӟ" */
    0x0, 0xe2, 0x10, 0xe, 0x12, 0x0, 0xfe, 0xad,
    0xe4, 0x0, 0x93, 0xb6, 0xc0, 0x3e, 0x25, 0x0,
    0x40, 0x5, 0xe0, 0x4, 0x30, 0xf, 0x18, 0x4,
    0xe0, 0x10, 0x80, 0x42, 0x1, 0xe1, 0x81, 0x29,
    0x0, 0xa0, 0xc2, 0x8, 0x3, 0xe7, 0xed, 0x20,
    0x8, 0xb3, 0xdc, 0x3, 0xff, 0xe8, 0x2d, 0x5b,
    0xdf, 0xdb, 0x70, 0x60, 0x1e, 0x4b, 0xe9, 0x52,
    0x10, 0x12, 0x47, 0xcc, 0x20, 0x6, 0x94, 0x0,
    0xff, 0x8e, 0xe0, 0x2, 0x50, 0x8, 0xda, 0x26,
    0x1c, 0xc0, 0x33, 0xb0, 0x2, 0x8e, 0xbf, 0x25,
    0xd9, 0xe3, 0x34, 0xc0, 0x2b, 0x0, 0x16, 0x28,
    0x7, 0xe2, 0xd0, 0x8, 0x80, 0x3f, 0xf8, 0x42,
    0x1, 0xff, 0xc6, 0x50, 0x9, 0x80, 0x3f, 0xe1,
    0x39, 0xa0, 0x1, 0x40, 0x7, 0xbb, 0xff, 0x76,
    0x30, 0x1, 0x70, 0x40, 0x3f, 0xf8, 0x69, 0x2,
    0x1, 0xf2, 0x91, 0x70, 0x4, 0x9b, 0x20, 0x1f,
    0x5e, 0xef, 0x7d, 0x98, 0x1, 0xac, 0x3, 0xff,
    0x82, 0x98, 0x60, 0x4, 0x40, 0x7, 0xff, 0xa,
    0x80, 0x2c, 0x0, 0xff, 0xe3, 0x8, 0x20, 0x7,
    0xff, 0x2, 0x80, 0x2e, 0x1b, 0xc6, 0x0, 0xfc,
    0x34, 0x60, 0x12, 0xb0, 0x1c, 0xfe, 0x43, 0xb3,
    0x1e, 0xf9, 0x40, 0x26, 0x2d, 0x0, 0xc6, 0xf1,
    0x32, 0x84, 0x0, 0xcd, 0x21, 0x56, 0x60, 0x1f,
    0xf1, 0x54, 0x80, 0x49, 0x9b, 0x2a, 0x42, 0x0,
    0x13, 0x7b, 0xd5, 0x0, 0x80,

    /* U+04E0 "Ӡ" */
    0xb, 0xff, 0xff, 0xe3, 0x58, 0x7, 0xff, 0x7c,
    0x40, 0x1a, 0xcd, 0xff, 0xc1, 0x30, 0xd, 0x20,
    0x6, 0x99, 0xff, 0xe0, 0x51, 0x80, 0x56, 0x60,
    0x1f, 0xfc, 0x22, 0xd0, 0xa, 0x50, 0x3, 0xff,
    0x84, 0x3e, 0x20, 0x7, 0x60, 0xf, 0xfe, 0x1e,
    0x90, 0x1, 0x60, 0x3, 0xff, 0x87, 0x66, 0x0,
    0x4a, 0x0, 0xff, 0xe1, 0xca, 0x0, 0xa, 0xc0,
    0x3f, 0xf8, 0x70, 0xc0, 0x1, 0xc0, 0xf, 0xfe,
    0x1b, 0x38, 0x5, 0x82, 0x1, 0xff, 0xc3, 0xa0,
    0xd, 0xbd, 0x6e, 0x20, 0x1f, 0xfc, 0x61, 0x48,
    0xe8, 0x0, 0xff, 0xe4, 0xbd, 0x80, 0x7f, 0xb3,
    0xfe, 0xdb, 0x71, 0x0, 0x92, 0x40, 0x3f, 0xf8,
    0x24, 0x91, 0xca, 0x1, 0x31, 0x0, 0x7f, 0xf1,
    0x29, 0x0, 0x2a, 0x0, 0xff, 0xe2, 0xc0, 0x4,
    0x80, 0x1f, 0xfc, 0x53, 0x0, 0x88, 0x3, 0xff,
    0xb6, 0x40, 0x11, 0x82, 0x98, 0x7, 0xff, 0xa,
    0xc0, 0x24, 0x8, 0xc7, 0x0, 0xff, 0xe0, 0x2b,
    0x0, 0x5a, 0x84, 0x11, 0xd0, 0x60, 0x1f, 0x14,
    0xd0, 0x4, 0x69, 0xa0, 0x10, 0xbe, 0x7e, 0x54,
    0xca, 0xf7, 0x4c, 0x1, 0xf, 0x4, 0xb8, 0x7,
    0x8d, 0x59, 0x88, 0x40, 0x18, 0x70, 0x80, 0x11,
    0xac, 0x1, 0xff, 0xc1, 0x6f, 0x20, 0xc, 0x53,
    0xf7, 0x8, 0x42, 0x0, 0x12, 0x59, 0xe9, 0x10,
    0x8,

    /* U+04E1 "ӡ" */
    0xc, 0xff, 0xff, 0xe2, 0xc8, 0x7, 0xff, 0x74,
    0x40, 0x15, 0x11, 0xff, 0xc0, 0x50, 0x8, 0x64,
    0x0, 0xce, 0xff, 0xf3, 0x20, 0x5, 0x42, 0x1,
    0xff, 0xc2, 0xa1, 0x0, 0x3a, 0x0, 0x7f, 0xf0,
    0xa1, 0x0, 0x9, 0x0, 0x1f, 0xfc, 0x25, 0x70,
    0x0, 0xd0, 0x7, 0xff, 0x8, 0xa8, 0x2, 0xd1,
    0x0, 0xff, 0xe1, 0x78, 0x5, 0x6, 0x1, 0xff,
    0xc2, 0xa2, 0x0, 0x2b, 0x80, 0x7f, 0xf0, 0x9d,
    0x40, 0x5, 0x40, 0x1f, 0xfc, 0x24, 0x80, 0x9,
    0x4c, 0x3, 0xff, 0x85, 0xa0, 0x19, 0xf3, 0xe8,
    0xc0, 0x3f, 0xf8, 0xeb, 0x94, 0x1, 0xfe, 0xe3,
    0x31, 0x8, 0x7, 0x2e, 0x0, 0x7f, 0x3e, 0x63,
    0x7b, 0x94, 0x60, 0x11, 0xc0, 0x7, 0xff, 0x4,
    0x57, 0x1c, 0x2, 0x71, 0x0, 0xff, 0xe1, 0xc1,
    0x80, 0x4e, 0x1, 0xff, 0xc4, 0x90, 0xb, 0x0,
    0x3f, 0xf8, 0x8e, 0x1, 0x8, 0x7, 0xff, 0x65,
    0xc0, 0x21, 0x6, 0x30, 0xf, 0xfe, 0xf, 0x0,
    0x58, 0x11, 0x8c, 0x1, 0xff, 0x2a, 0x0, 0x4e,
    0xc2, 0x13, 0xaa, 0x1, 0xfa, 0x28, 0x2, 0x61,
    0xe0, 0x8, 0xab, 0xee, 0x61, 0xe2, 0xfd, 0xc0,
    0x22, 0x90, 0x88, 0x0, 0x72, 0x33, 0xc3, 0xa0,
    0x6, 0x2f, 0x0, 0x9f, 0x98, 0x3, 0xff, 0x80,
    0xfa, 0x40, 0x18, 0x67, 0xed, 0xcc, 0x80, 0x22,
    0x59, 0xe8, 0x0, 0xc0,

    /* U+04E2 "Ӣ" */
    0x0, 0xe2, 0xff, 0xff, 0xe0, 0x70, 0x7, 0xff,
    0x60, 0xa2, 0x3f, 0xf8, 0x20, 0x1f, 0xfc, 0x7,
    0x7f, 0xfe, 0x3, 0x0, 0x7f, 0xfb, 0x2b, 0xfe,
    0x50, 0xf, 0xfe, 0x1b, 0xff, 0xd2, 0x1, 0xff,
    0xc7, 0x38, 0x0, 0xff, 0xe5, 0xe, 0x80, 0x7f,
    0xf2, 0xe8, 0x40, 0x3f, 0xf9, 0x4e, 0x80, 0x1f,
    0xfc, 0xa3, 0x80, 0xf, 0xfe, 0x50, 0xf0, 0x7,
    0xff, 0x2e, 0xc8, 0x0, 0x30, 0x1, 0xff, 0xc6,
    0x65, 0x0, 0xa8, 0x80, 0x3f, 0xf8, 0xa5, 0x20,
    0x13, 0xa0, 0x7, 0xff, 0x1b, 0xc0, 0x23, 0x80,
    0xf, 0xfe, 0x35, 0x10, 0x0, 0x74, 0x3, 0xff,
    0x8c, 0xca, 0x1, 0x50, 0x80, 0x7f, 0xf1, 0x4a,
    0x40, 0x26, 0x40, 0xf, 0xfe, 0x37, 0x80, 0x47,
    0x20, 0x1f, 0xfc, 0x69, 0x20, 0xb, 0x80, 0x3f,
    0xf8, 0xca, 0xc0, 0x15, 0x10, 0x7, 0xff, 0x14,
    0xa8, 0x2, 0x65, 0x0, 0xff, 0xe3, 0x70, 0x4,
    0x52, 0x1, 0xff, 0xc6, 0x83, 0x0, 0xbc, 0x3,
    0xff, 0x8c, 0x8e, 0x1, 0x51, 0x0, 0x7f, 0xf1,
    0x4e, 0x80, 0x26, 0x50, 0xf, 0xfe, 0x34, 0x88,
    0x0, 0xa4, 0x3, 0xff, 0x97, 0xe0, 0x1f, 0xfc,
    0xb9, 0x20, 0xf, 0xfe, 0x52, 0xb0, 0x7, 0xff,
    0x28, 0xa8, 0x3, 0xff, 0x97, 0xc0, 0x1f, 0xfc,
    0xb9, 0x30, 0xf, 0xfe, 0x38,

    /* U+04E3 "ӣ" */
    0x0, 0xdd, 0xff, 0xff, 0xc0, 0x20, 0xf, 0xfe,
    0x94, 0x47, 0xff, 0x4, 0xc0, 0x3f, 0x33, 0xbf,
    0xff, 0x0, 0x40, 0x3f, 0xff, 0x49, 0xff, 0x48,
    0x7, 0xff, 0x3, 0x3f, 0xe0, 0xf, 0xfe, 0x2d,
    0x18, 0x7, 0xff, 0x1d, 0xd4, 0x3, 0xff, 0x8e,
    0x90, 0x1, 0xff, 0xc7, 0x2b, 0x0, 0xff, 0xe4,
    0x78, 0x7, 0xff, 0x22, 0xc8, 0x0, 0x64, 0x1,
    0xff, 0xc3, 0x84, 0x0, 0xe, 0x88, 0x7, 0xff,
    0x9, 0x5c, 0x2, 0xd1, 0x0, 0xff, 0xe1, 0x1d,
    0x0, 0x54, 0x60, 0x1f, 0xfc, 0x21, 0xd0, 0x9,
    0xd4, 0x3, 0xff, 0x87, 0xa2, 0x0, 0x48, 0x0,
    0xff, 0xe1, 0xc9, 0x80, 0xa, 0x80, 0x3f, 0xf8,
    0x6c, 0xc0, 0xb, 0xc4, 0x3, 0xff, 0x84, 0x72,
    0x1, 0x51, 0x0, 0x7f, 0xf0, 0x8f, 0x40, 0x28,
    0x50, 0xf, 0xfe, 0x1a, 0x88, 0x1, 0x5c, 0x3,
    0xff, 0x8e, 0x54, 0x1, 0xff, 0xc7, 0x1f, 0x0,
    0xff, 0xe4, 0x51, 0x0, 0x7f, 0xf1, 0xe1, 0x0,
    0x3f, 0xf8, 0xea, 0xe0, 0x1f, 0xfc, 0x40,

    /* U+04E4 "Ӥ" */
    0x0, 0xfa, 0x3f, 0x4, 0x2, 0x3d, 0xe6, 0x0,
    0xff, 0xe0, 0x9b, 0x81, 0xc0, 0x5, 0xe4, 0x32,
    0x1, 0xff, 0xc1, 0x70, 0x8, 0xc0, 0x21, 0x0,
    0x84, 0x3, 0xff, 0x80, 0x86, 0x0, 0x90, 0xa,
    0xc0, 0xc, 0x20, 0x1f, 0xfc, 0x1c, 0xde, 0x30,
    0x9, 0xbb, 0x64, 0x3, 0xff, 0x86, 0x42, 0x1,
    0xc2, 0x40, 0x1f, 0xfd, 0x5a, 0xff, 0x94, 0x3,
    0xff, 0x86, 0xff, 0xf4, 0x80, 0x7f, 0xf1, 0xce,
    0x0, 0x3f, 0xf9, 0x43, 0xa0, 0x1f, 0xfc, 0xba,
    0x10, 0xf, 0xfe, 0x53, 0xa0, 0x7, 0xff, 0x28,
    0xe0, 0x3, 0xff, 0x94, 0x3c, 0x1, 0xff, 0xcb,
    0xb2, 0x0, 0xc, 0x0, 0x7f, 0xf1, 0x99, 0x40,
    0x2a, 0x20, 0xf, 0xfe, 0x29, 0x48, 0x4, 0xe8,
    0x1, 0xff, 0xc6, 0xf0, 0x8, 0xe0, 0x3, 0xff,
    0x8d, 0x44, 0x0, 0x1d, 0x0, 0xff, 0xe3, 0x32,
    0x80, 0x54, 0x20, 0x1f, 0xfc, 0x52, 0x90, 0x9,
    0x90, 0x3, 0xff, 0x8d, 0xe0, 0x11, 0xc8, 0x7,
    0xff, 0x1a, 0x48, 0x2, 0xe0, 0xf, 0xfe, 0x32,
    0xb0, 0x5, 0x44, 0x1, 0xff, 0xc5, 0x2a, 0x0,
    0x99, 0x40, 0x3f, 0xf8, 0xdc, 0x1, 0x14, 0x80,
    0x7f, 0xf1, 0xa0, 0xc0, 0x2f, 0x0, 0xff, 0xe3,
    0x23, 0x80, 0x54, 0x40, 0x1f, 0xfc, 0x53, 0xa0,
    0x9, 0x94, 0x3, 0xff, 0x8d, 0x22, 0x0, 0x29,
    0x0, 0xff, 0xe5, 0xf8, 0x7, 0xff, 0x2e, 0x48,
    0x3, 0xff, 0x94, 0xac, 0x1, 0xff, 0xca, 0x2a,
    0x0, 0xff, 0xe5, 0xf0, 0x7, 0xff, 0x2e, 0x4c,
    0x3, 0xff, 0x8e,

    /* U+04E5 "ӥ" */
    0x0, 0xe5, 0xed, 0x30, 0x8, 0x73, 0xe4, 0x3,
    0xfe, 0xa1, 0x2e, 0x0, 0xa4, 0xc1, 0x90, 0x3,
    0xff, 0x82, 0x60, 0x10, 0x80, 0x42, 0x1, 0xfe,
    0x60, 0x4, 0x0, 0x54, 0x20, 0x6a, 0x1, 0xfe,
    0x9d, 0xe6, 0x0, 0x8f, 0xb7, 0x0, 0x3f, 0xf8,
    0x4, 0x20, 0x1e, 0x20, 0xf, 0xff, 0x3a, 0x7f,
    0xd2, 0x1, 0xff, 0xc0, 0xcf, 0xf8, 0x3, 0xff,
    0x8b, 0x46, 0x1, 0xff, 0xc7, 0x75, 0x0, 0xff,
    0xe3, 0xa4, 0x0, 0x7f, 0xf1, 0xca, 0xc0, 0x3f,
    0xf9, 0x1e, 0x1, 0xff, 0xc8, 0xb2, 0x0, 0x19,
    0x0, 0x7f, 0xf0, 0xe1, 0x0, 0x3, 0xa2, 0x1,
    0xff, 0xc2, 0x57, 0x0, 0xb4, 0x40, 0x3f, 0xf8,
    0x47, 0x40, 0x15, 0x18, 0x7, 0xff, 0x8, 0x74,
    0x2, 0x75, 0x0, 0xff, 0xe1, 0xe8, 0x80, 0x12,
    0x0, 0x3f, 0xf8, 0x72, 0x60, 0x2, 0xa0, 0xf,
    0xfe, 0x1b, 0x30, 0x2, 0xf1, 0x0, 0xff, 0xe1,
    0x1c, 0x80, 0x54, 0x40, 0x1f, 0xfc, 0x23, 0xd0,
    0xa, 0x14, 0x3, 0xff, 0x86, 0xa2, 0x0, 0x57,
    0x0, 0xff, 0xe3, 0x95, 0x0, 0x7f, 0xf1, 0xc7,
    0xc0, 0x3f, 0xf9, 0x14, 0x40, 0x1f, 0xfc, 0x78,
    0x40, 0xf, 0xfe, 0x3a, 0xb8, 0x7, 0xff, 0x10,

    /* U+04E6 "Ӧ" */
    0x0, 0xff, 0x9, 0x0, 0x78, 0x84, 0x3, 0xff,
    0x8e, 0x9d, 0xb6, 0x1, 0xb3, 0x78, 0xc0, 0x3f,
    0xf8, 0xde, 0x0, 0x43, 0x0, 0x21, 0x80, 0x24,
    0x3, 0xff, 0x8c, 0x20, 0x10, 0x80, 0x1c, 0x2,
    0x30, 0xf, 0xfe, 0x34, 0x18, 0x41, 0x0, 0xd,
    0xc0, 0xe0, 0x3, 0xff, 0x8c, 0x59, 0xee, 0x1,
    0xa3, 0xf0, 0x40, 0x3f, 0xff, 0xe0, 0x10, 0xb5,
    0x6f, 0x7f, 0xbb, 0x25, 0x44, 0x3, 0xff, 0x88,
    0x55, 0xd2, 0xa4, 0x20, 0x1, 0x36, 0xae, 0x91,
    0x0, 0xff, 0xe0, 0xce, 0xa8, 0x7, 0xff, 0x1,
    0xba, 0x0, 0x3f, 0xc3, 0x8c, 0x1, 0xc2, 0x6a,
    0x86, 0x1, 0xe7, 0xb1, 0x0, 0xf8, 0x7c, 0xc0,
    0x21, 0x7d, 0xec, 0xab, 0xcf, 0xc6, 0x0, 0xc9,
    0x80, 0x1f, 0x60, 0x80, 0x4b, 0xf0, 0x40, 0x1e,
    0x39, 0xd4, 0x0, 0x8a, 0xc0, 0x3a, 0x48, 0x2,
    0x9a, 0x10, 0xf, 0xf1, 0x5b, 0x0, 0x48, 0xe0,
    0x11, 0x30, 0x5, 0xc, 0x1, 0xff, 0xc2, 0x95,
    0x0, 0xa0, 0x40, 0x12, 0x1, 0x23, 0x80, 0x7f,
    0xf1, 0x28, 0x40, 0x29, 0x2, 0x40, 0xa, 0x0,
    0x3f, 0xf8, 0xd6, 0x1, 0x30, 0x20, 0x4, 0x86,
    0x1, 0xff, 0xc6, 0x51, 0x0, 0xa, 0x60, 0x5,
    0xa0, 0x1f, 0xfc, 0x87, 0x0, 0xb1, 0xc0, 0x25,
    0x0, 0xff, 0xe4, 0x78, 0x4, 0x46, 0x1, 0x10,
    0x7, 0xff, 0x20, 0x80, 0x26, 0x10, 0x8, 0x40,
    0x3f, 0xf9, 0xe, 0x1, 0x84, 0x2, 0x10, 0xf,
    0xfe, 0x43, 0x80, 0x63, 0x0, 0x88, 0x3, 0xff,
    0x90, 0x40, 0x13, 0x38, 0x4, 0xa0, 0x1f, 0xfc,
    0x8f, 0x0, 0x8b, 0x0, 0x2d, 0x0, 0xff, 0xe4,
    0x38, 0x5, 0x88, 0x1, 0x21, 0x0, 0x7f, 0xf1,
    0x94, 0x40, 0x2, 0x84, 0x80, 0x14, 0x80, 0x7f,
    0xf1, 0xa0, 0x2, 0x60, 0x4, 0x0, 0x48, 0xe0,
    0x1f, 0xfc, 0x4a, 0x20, 0xa, 0x40, 0x6, 0xa0,
    0x14, 0x30, 0x7, 0xff, 0xa, 0x54, 0x2, 0x81,
    0x0, 0xa8, 0x80, 0x29, 0x90, 0x7, 0xfc, 0x36,
    0xc0, 0x12, 0x38, 0x7, 0x60, 0x80, 0x4d, 0xd0,
    0x40, 0x1e, 0x39, 0xe4, 0x0, 0x8a, 0xc0, 0x3c,
    0x38, 0x60, 0x10, 0xbe, 0xf5, 0xd5, 0x33, 0xb1,
    0x80, 0x32, 0x60, 0x7, 0xe2, 0xc6, 0x0, 0xe1,
    0x45, 0x51, 0x88, 0x7, 0x3d, 0x88, 0x7, 0xfa,
    0x75, 0x40, 0x3f, 0xf8, 0xd, 0xd0, 0x1, 0xff,
    0xc1, 0x2a, 0xe9, 0x52, 0x10, 0x0, 0x9a, 0xcf,
    0x48, 0x80, 0x7c,

    /* U+04E7 "ӧ" */
    0x0, 0xf8, 0x48, 0x3, 0xc4, 0x1, 0xff, 0xc1,
    0x7e, 0xd7, 0x0, 0x87, 0xb7, 0x42, 0x1, 0xff,
    0x48, 0x2, 0x0, 0x26, 0x10, 0x26, 0x0, 0xff,
    0xe5, 0x8, 0x7, 0xfd, 0x42, 0x2a, 0x0, 0x9d,
    0x1, 0x58, 0x3, 0xfe, 0x4e, 0xe2, 0x80, 0x6b,
    0xfa, 0x0, 0xff, 0xff, 0x80, 0x7c, 0x71, 0x9d,
    0xfe, 0xdb, 0x61, 0x0, 0xff, 0x8f, 0x30, 0xe6,
    0x20, 0x2, 0x49, 0xe8, 0x0, 0xfe, 0x7c, 0x30,
    0xf, 0xf3, 0xe9, 0x0, 0x79, 0xe0, 0x3, 0x13,
    0x43, 0xa8, 0x6, 0x2c, 0x20, 0xc, 0x90, 0x1,
    0x16, 0x6c, 0xbc, 0x57, 0xc0, 0x4, 0x3e, 0x1,
    0xa4, 0x2, 0x4d, 0x30, 0xf, 0x3e, 0x0, 0x44,
    0xe0, 0x5, 0x20, 0x0, 0xd0, 0x7, 0xf1, 0xc8,
    0x5, 0x20, 0xe, 0x0, 0xa0, 0x40, 0x3f, 0xcc,
    0x40, 0x1, 0x40, 0x40, 0x9, 0x80, 0x3f, 0xf8,
    0x14, 0x1, 0x61, 0x0, 0x46, 0x1, 0xff, 0xc1,
    0x40, 0x8, 0xc4, 0x2, 0x70, 0xf, 0xfe, 0x8,
    0x80, 0x4e, 0x1, 0xff, 0xcb, 0x10, 0x9, 0xc0,
    0x3f, 0xf8, 0x22, 0x1, 0x39, 0x0, 0x46, 0x1,
    0xff, 0xc1, 0x40, 0x8, 0xc1, 0x0, 0x26, 0x0,
    0xff, 0xe0, 0x50, 0x5, 0x81, 0xc0, 0x14, 0x8,
    0x7, 0xf9, 0x88, 0x0, 0x28, 0xa, 0x40, 0x1,
    0xa0, 0xf, 0xe3, 0x90, 0xa, 0x40, 0x29, 0x0,
    0x93, 0x50, 0x3, 0xcf, 0x80, 0x11, 0xb8, 0x4,
    0x90, 0x1, 0x15, 0xec, 0xbc, 0x57, 0xc0, 0x4,
    0x3c, 0x1, 0xcf, 0x20, 0x18, 0x9a, 0x1d, 0x40,
    0x31, 0x61, 0x0, 0x79, 0xb0, 0xc0, 0x3f, 0xcf,
    0xa4, 0x1, 0xf8, 0xf3, 0xe, 0x62, 0x0, 0x14,
    0x9e, 0x80, 0xe,

    /* U+04E8 "Ө" */
    0x0, 0xfe, 0x16, 0xad, 0xef, 0xf7, 0x64, 0xa8,
    0x80, 0x7f, 0xf1, 0xa, 0xba, 0x54, 0x84, 0x0,
    0x26, 0xd5, 0xd2, 0x20, 0x1f, 0xfc, 0x19, 0xd5,
    0x0, 0xff, 0xe0, 0x37, 0x40, 0x7, 0xf8, 0x71,
    0x80, 0x38, 0x51, 0x54, 0x62, 0x1, 0xcf, 0x62,
    0x1, 0xf0, 0xf9, 0x80, 0x43, 0x1b, 0xd7, 0x54,
    0xce, 0xd7, 0x10, 0x9, 0x30, 0x3, 0xec, 0x10,
    0x9, 0xb9, 0xc8, 0x3, 0xc5, 0x1e, 0xa0, 0x11,
    0x58, 0x7, 0x49, 0x0, 0x57, 0x20, 0x1f, 0xf0,
    0xd4, 0x80, 0x48, 0xe0, 0x11, 0x30, 0x5, 0x68,
    0x1, 0xff, 0xc2, 0x69, 0x0, 0xa0, 0x40, 0x12,
    0x1, 0x3a, 0x0, 0x7f, 0xf1, 0x19, 0x40, 0x29,
    0x2, 0x40, 0x0, 0xc0, 0x7, 0xff, 0x1a, 0x0,
    0x26, 0x4, 0x0, 0x9c, 0x3, 0xff, 0x8e, 0x48,
    0x0, 0x14, 0xc0, 0xb, 0x0, 0x3f, 0xf9, 0x6,
    0x1, 0x63, 0x80, 0x55, 0xff, 0xff, 0xc8, 0x70,
    0x8, 0x8c, 0x3, 0xff, 0xa0, 0xc2, 0x1, 0xff,
    0xd1, 0x10, 0xa, 0x6e, 0xff, 0xf9, 0x10, 0x1,
    0x8c, 0x2, 0x34, 0x4f, 0xfe, 0x40, 0x6, 0x67,
    0x0, 0xb0, 0x3, 0xff, 0x91, 0x80, 0x11, 0x60,
    0x4, 0xe0, 0x1f, 0xfc, 0x71, 0x40, 0xb, 0x10,
    0x2, 0x15, 0x0, 0xff, 0xe3, 0x48, 0x4, 0x28,
    0x48, 0x1, 0x58, 0x7, 0xff, 0x14, 0x5c, 0x2,
    0x60, 0x4, 0x0, 0x43, 0x40, 0x1f, 0xfc, 0x4d,
    0x0, 0xd2, 0x0, 0x35, 0x0, 0x96, 0x40, 0x3f,
    0xf8, 0x54, 0x60, 0x14, 0x8, 0x5, 0x44, 0x1,
    0x35, 0x88, 0x7, 0xf8, 0xb1, 0x40, 0x24, 0x70,
    0xe, 0xc1, 0x0, 0x93, 0xa0, 0x80, 0x3c, 0x73,
    0xa6, 0x1, 0x15, 0x80, 0x78, 0x70, 0xc0, 0x33,
    0xef, 0x65, 0x53, 0x3b, 0x18, 0x3, 0x26, 0x0,
    0x7e, 0x2c, 0x60, 0xe, 0x13, 0x55, 0x18, 0x80,
    0x73, 0xd8, 0x80, 0x7f, 0xa7, 0x54, 0x3, 0xff,
    0x80, 0xdd, 0x0, 0x1f, 0xfc, 0x12, 0xae, 0x95,
    0x21, 0x0, 0x9, 0xac, 0xf4, 0x88, 0x7, 0xc0,

    /* U+04E9 "ө" */
    0x0, 0xf8, 0xe3, 0x3b, 0xfd, 0xb6, 0xc2, 0x1,
    0xff, 0x1e, 0x61, 0xcc, 0x40, 0x4, 0x93, 0xd0,
    0x1, 0xfc, 0xd8, 0x60, 0x1f, 0xe7, 0xd2, 0x0,
    0xf3, 0xc8, 0x6, 0x36, 0x87, 0x51, 0x0, 0x8b,
    0x8, 0x3, 0x24, 0x0, 0x47, 0x98, 0x97, 0x8a,
    0xe9, 0x0, 0x87, 0xc0, 0x34, 0x80, 0x4b, 0x86,
    0x1, 0xe6, 0xc1, 0x0, 0x13, 0x80, 0x14, 0x80,
    0x5, 0x40, 0x1f, 0xc7, 0x40, 0x14, 0x80, 0x38,
    0x2, 0x80, 0xf, 0xf9, 0x10, 0x0, 0x14, 0x4,
    0x0, 0x94, 0x3, 0xff, 0x81, 0xa0, 0x16, 0x10,
    0x6, 0xcc, 0xff, 0xe0, 0xd8, 0x4, 0x62, 0x1,
    0x8c, 0xff, 0xf8, 0x24, 0x1, 0x38, 0x7, 0xff,
    0x2c, 0x40, 0x23, 0xff, 0xff, 0xe0, 0xe0, 0x4,
    0xe4, 0x1, 0x18, 0x7, 0xff, 0x5, 0x0, 0x23,
    0x4, 0x0, 0x98, 0x3, 0xff, 0x81, 0x40, 0x16,
    0x7, 0x0, 0x50, 0x1, 0xff, 0x31, 0x0, 0x5,
    0x1, 0x48, 0x0, 0x36, 0x1, 0xfc, 0x72, 0x1,
    0x48, 0x5, 0x20, 0x12, 0x69, 0x80, 0x79, 0xf0,
    0x2, 0x37, 0x0, 0x92, 0x0, 0x22, 0xcd, 0x97,
    0x8a, 0xe8, 0x0, 0x87, 0x80, 0x39, 0xe4, 0x3,
    0x13, 0x43, 0xa8, 0x80, 0x45, 0x84, 0x1, 0xe6,
    0xd3, 0x0, 0xff, 0x3e, 0x90, 0x7, 0xe2, 0xcc,
    0x39, 0x88, 0x0, 0x52, 0x7a, 0x0, 0x38,

    /* U+04EA "Ӫ" */
    0x0, 0xff, 0x9, 0x0, 0x78, 0x84, 0x3, 0xff,
    0x8e, 0x9d, 0xb6, 0x1, 0xb3, 0x78, 0xc0, 0x3f,
    0xf8, 0xde, 0x0, 0x43, 0x0, 0x21, 0x80, 0x24,
    0x3, 0xff, 0x8c, 0x20, 0x10, 0x80, 0x1c, 0x2,
    0x30, 0xf, 0xfe, 0x34, 0x18, 0x41, 0x0, 0xd,
    0xc0, 0xe0, 0x3, 0xff, 0x8c, 0x59, 0xee, 0x1,
    0xa3, 0xf0, 0x40, 0x3f, 0xff, 0xe0, 0x10, 0xb5,
    0x6f, 0x7f, 0xbb, 0x25, 0x44, 0x3, 0xff, 0x88,
    0x55, 0xd2, 0xa4, 0x20, 0x1, 0x36, 0xae, 0x91,
    0x0, 0xff, 0xe0, 0xce, 0xa8, 0x7, 0xff, 0x1,
    0xba, 0x0, 0x3f, 0xc3, 0x8c, 0x1, 0xc2, 0x8a,
    0xa3, 0x10, 0xe, 0x7b, 0x10, 0xf, 0x87, 0xcc,
    0x2, 0x18, 0xde, 0xba, 0xa6, 0x76, 0xb8, 0x80,
    0x49, 0x80, 0x1f, 0x60, 0x80, 0x4d, 0xce, 0x40,
    0x1e, 0x28, 0xf5, 0x0, 0x8a, 0xc0, 0x3a, 0x48,
    0x2, 0xb9, 0x0, 0xff, 0x86, 0xa4, 0x2, 0x47,
    0x0, 0x89, 0x80, 0x2b, 0x40, 0xf, 0xfe, 0x13,
    0x48, 0x5, 0x2, 0x0, 0x90, 0x9, 0xd0, 0x3,
    0xff, 0x88, 0xca, 0x1, 0x48, 0x12, 0x0, 0x6,
    0x0, 0x3f, 0xf8, 0xd0, 0x1, 0x30, 0x20, 0x4,
    0xe0, 0x1f, 0xfc, 0x72, 0x40, 0x0, 0xa6, 0x0,
    0x58, 0x1, 0xff, 0xc8, 0x30, 0xb, 0x1c, 0x2,
    0xaf, 0xff, 0xfe, 0x43, 0x80, 0x44, 0x60, 0x1f,
    0xfd, 0x6, 0x10, 0xf, 0xfe, 0x88, 0x80, 0x53,
    0x77, 0xff, 0xc8, 0x80, 0xc, 0x60, 0x11, 0xa2,
    0x7f, 0xf2, 0x0, 0x33, 0x38, 0x5, 0x80, 0x1f,
    0xfc, 0x8c, 0x0, 0x8b, 0x0, 0x27, 0x0, 0xff,
    0xe3, 0x8a, 0x0, 0x58, 0x80, 0x10, 0xa8, 0x7,
    0xff, 0x1a, 0x40, 0x21, 0x42, 0x40, 0xa, 0xc0,
    0x3f, 0xf8, 0xa2, 0xe0, 0x13, 0x0, 0x20, 0x2,
    0x1a, 0x0, 0xff, 0xe2, 0x68, 0x6, 0x90, 0x1,
    0xa8, 0x4, 0xb2, 0x1, 0xff, 0xc2, 0xa3, 0x0,
    0xa0, 0x40, 0x2a, 0x20, 0x9, 0xac, 0x40, 0x3f,
    0xc5, 0x8a, 0x1, 0x23, 0x80, 0x76, 0x8, 0x4,
    0x9d, 0x4, 0x1, 0xe3, 0x9d, 0x30, 0x8, 0xac,
    0x3, 0xc3, 0x86, 0x1, 0x9f, 0x7b, 0x2a, 0x99,
    0xd8, 0xc0, 0x19, 0x30, 0x3, 0xf1, 0x63, 0x0,
    0x70, 0x9a, 0xa8, 0xc4, 0x3, 0x9e, 0xc4, 0x3,
    0xfd, 0x3a, 0xa0, 0x1f, 0xfc, 0x6, 0xe8, 0x0,
    0xff, 0xe0, 0x95, 0x74, 0xa9, 0x8, 0x0, 0x4d,
    0x67, 0xa4, 0x40, 0x3e,

    /* U+04EB "ӫ" */
    0x0, 0xf8, 0x48, 0x3, 0xc4, 0x1, 0xff, 0xc1,
    0x7e, 0xd7, 0x0, 0x87, 0xb7, 0x42, 0x1, 0xff,
    0x48, 0x2, 0x0, 0x26, 0x10, 0x26, 0x0, 0xff,
    0xe5, 0x8, 0x7, 0xfd, 0x42, 0x2a, 0x0, 0x9d,
    0x1, 0x58, 0x3, 0xfe, 0x4e, 0xe2, 0x80, 0x6b,
    0xfa, 0x0, 0xff, 0xff, 0x80, 0x7c, 0x71, 0x9d,
    0xfe, 0xdb, 0x61, 0x0, 0xff, 0x8f, 0x30, 0xe6,
    0x20, 0x2, 0x49, 0xe8, 0x0, 0xfe, 0x6c, 0x30,
    0xf, 0xf3, 0xe9, 0x0, 0x79, 0xe4, 0x3, 0x1b,
    0x43, 0xa8, 0x80, 0x45, 0x84, 0x1, 0x92, 0x0,
    0x23, 0xcc, 0x4b, 0xc5, 0x74, 0x80, 0x43, 0xe0,
    0x1a, 0x40, 0x25, 0xc3, 0x0, 0xf3, 0x60, 0x80,
    0x9, 0xc0, 0xa, 0x40, 0x2, 0xa0, 0xf, 0xe3,
    0xa0, 0xa, 0x40, 0x1c, 0x1, 0x40, 0x7, 0xfc,
    0x88, 0x0, 0xa, 0x2, 0x0, 0x4a, 0x1, 0xff,
    0xc0, 0xd0, 0xb, 0x8, 0x3, 0x66, 0x7f, 0xf0,
    0x6c, 0x2, 0x31, 0x0, 0xc6, 0x7f, 0xfc, 0x12,
    0x0, 0x9c, 0x3, 0xff, 0x96, 0x20, 0x11, 0xff,
    0xff, 0xf0, 0x70, 0x2, 0x72, 0x0, 0x8c, 0x3,
    0xff, 0x82, 0x80, 0x11, 0x82, 0x0, 0x4c, 0x1,
    0xff, 0xc0, 0xa0, 0xb, 0x3, 0x80, 0x28, 0x0,
    0xff, 0x98, 0x80, 0x2, 0x80, 0xa4, 0x0, 0x1b,
    0x0, 0xfe, 0x39, 0x0, 0xa4, 0x2, 0x90, 0x9,
    0x34, 0xc0, 0x3c, 0xf8, 0x1, 0x1b, 0x80, 0x49,
    0x0, 0x11, 0x66, 0xcb, 0xc5, 0x74, 0x0, 0x43,
    0xc0, 0x1c, 0xf2, 0x1, 0x89, 0xa1, 0xd4, 0x40,
    0x22, 0xc2, 0x0, 0xf3, 0x69, 0x80, 0x7f, 0x9f,
    0x48, 0x3, 0xf1, 0x66, 0x1c, 0xc4, 0x0, 0x29,
    0x3d, 0x0, 0x1c,

    /* U+04EC "Ӭ" */
    0x0, 0xf8, 0x48, 0x3, 0xc4, 0x1, 0xff, 0xc4,
    0x6e, 0xd8, 0x0, 0x87, 0x75, 0xc2, 0x1, 0xff,
    0xc2, 0x80, 0x3, 0x80, 0x4c, 0x40, 0x2c, 0x1,
    0xff, 0xc2, 0x30, 0xf, 0x8, 0x4, 0x20, 0x1f,
    0xfc, 0x2e, 0x21, 0xa0, 0x9, 0x94, 0x11, 0x80,
    0x3f, 0xf8, 0x47, 0xbc, 0xa0, 0x1a, 0xbe, 0xc0,
    0x3f, 0xfe, 0xc2, 0xd5, 0x9d, 0xfe, 0xec, 0x95,
    0x0, 0xff, 0xe0, 0x95, 0x74, 0xa9, 0x88, 0x0,
    0x4d, 0xab, 0x9c, 0x3, 0xfd, 0x1a, 0xa0, 0x1f,
    0xf0, 0xc7, 0x20, 0x7, 0xd8, 0xe0, 0x1c, 0x24,
    0x88, 0x20, 0xe, 0x1b, 0x60, 0xe, 0x93, 0x0,
    0x85, 0xf3, 0xb6, 0xed, 0xbf, 0x46, 0x1, 0xa5,
    0x80, 0x34, 0x18, 0x1, 0xfa, 0xc, 0x3, 0xcb,
    0x92, 0x1, 0xa5, 0x0, 0x21, 0xd3, 0xa8, 0x0,
    0xff, 0x9b, 0x40, 0x35, 0x0, 0x61, 0xc5, 0x0,
    0xff, 0xe0, 0x95, 0x80, 0x42, 0xe0, 0x1f, 0xfc,
    0x84, 0x70, 0xa, 0x40, 0x3f, 0xf9, 0x32, 0x20,
    0x1, 0x50, 0xf, 0xfe, 0x40, 0xb8, 0x5, 0xe0,
    0x1f, 0xfc, 0x9d, 0x0, 0x90, 0x3, 0xf1, 0xb3,
    0x7f, 0xf0, 0x8, 0x2, 0x10, 0xf, 0xd7, 0x33,
    0xff, 0xc1, 0x0, 0xc2, 0x1, 0xff, 0xcd, 0x30,
    0xf, 0xfe, 0x69, 0x80, 0x7d, 0x1f, 0xff, 0xfc,
    0x10, 0xc, 0x20, 0x1f, 0xfc, 0x83, 0x0, 0x84,
    0x3, 0xff, 0x93, 0x60, 0x12, 0x0, 0x7f, 0xf2,
    0x58, 0x2, 0xf0, 0xf, 0xfe, 0x43, 0x8, 0x0,
    0x54, 0x3, 0xff, 0x8e, 0x72, 0x1, 0x48, 0x6,
    0xb5, 0x0, 0xff, 0xe0, 0x96, 0x80, 0x42, 0xe0,
    0x16, 0x25, 0x40, 0x7, 0xfc, 0xba, 0x20, 0x15,
    0x0, 0x52, 0x60, 0x7, 0xe7, 0x30, 0xf, 0x2d,
    0xd0, 0x6, 0x84, 0x0, 0xa0, 0xc0, 0x21, 0x8c,
    0xed, 0xbb, 0x6f, 0xd2, 0x0, 0x69, 0x70, 0xc,
    0x38, 0xc0, 0x1c, 0x24, 0x88, 0x20, 0xe, 0x1b,
    0x60, 0xf, 0xa7, 0x14, 0x3, 0xff, 0x81, 0x1c,
    0x80, 0x1f, 0xc7, 0x5d, 0x2a, 0x62, 0x0, 0x13,
    0x6a, 0xf7, 0x0, 0xfc,

    /* U+04ED "ӭ" */
    0x0, 0xf1, 0x8, 0x7, 0x9, 0x0, 0x7f, 0xf0,
    0x2b, 0x79, 0x0, 0x24, 0xed, 0xb0, 0xf, 0xf1,
    0x28, 0x2, 0x0, 0x2f, 0x0, 0x21, 0x80, 0x7f,
    0x18, 0x4, 0xe0, 0x10, 0x80, 0x42, 0x1, 0xfc,
    0x30, 0x25, 0x20, 0x14, 0x18, 0x41, 0x0, 0x7f,
    0x9f, 0xb4, 0x80, 0x22, 0xcf, 0x70, 0xf, 0xff,
    0xf8, 0x1, 0x27, 0x3b, 0xfd, 0xd6, 0xe4, 0x1,
    0xfe, 0x6e, 0xb6, 0x31, 0x0, 0xa, 0x46, 0xd0,
    0x80, 0x78, 0x72, 0x44, 0x3, 0xfc, 0xbc, 0xa0,
    0x1d, 0xa6, 0x1, 0x24, 0x5e, 0x5c, 0xa8, 0x6,
    0xa6, 0x0, 0xdc, 0x20, 0xbb, 0x6e, 0x86, 0x8d,
    0x5c, 0xc0, 0x14, 0x98, 0x4, 0x5f, 0x34, 0x40,
    0x1f, 0xc, 0xc8, 0x2, 0xe0, 0xc, 0x2c, 0x1,
    0xff, 0x33, 0x80, 0x9, 0x40, 0x3f, 0xf8, 0xb0,
    0x20, 0xe, 0x0, 0xff, 0xe3, 0x38, 0x1, 0x0,
    0x3f, 0x77, 0x7f, 0x98, 0x2, 0x20, 0xf, 0x84,
    0x7f, 0xc0, 0x19, 0x80, 0x3f, 0xf9, 0x2e, 0x1,
    0xf7, 0xff, 0xf9, 0xc0, 0x21, 0x0, 0xff, 0xe2,
    0xa0, 0x4, 0x40, 0x1f, 0xfc, 0x43, 0x30, 0x1,
    0x0, 0x3f, 0xf8, 0xbe, 0x1, 0x70, 0x4, 0x72,
    0x1, 0xff, 0x51, 0x80, 0x9, 0x40, 0x5, 0xad,
    0x86, 0x1, 0xf1, 0x62, 0x80, 0x5c, 0x1, 0x70,
    0x81, 0xe6, 0x1d, 0x51, 0x5e, 0xf4, 0xc0, 0x29,
    0x30, 0xb, 0x4c, 0x2, 0x38, 0xab, 0xa8, 0x40,
    0xd, 0x4c, 0x1, 0x87, 0x24, 0x40, 0x3f, 0xcb,
    0xaa, 0x1, 0xf3, 0x75, 0xb1, 0x88, 0x0, 0x52,
    0x36, 0x88, 0x3, 0x80,

    /* U+04EE "Ӯ" */
    0x0, 0xf9, 0x9d, 0xff, 0xf8, 0x0, 0x1f, 0xfc,
    0x38, 0x8f, 0xfe, 0x9, 0x0, 0x7f, 0xf7, 0xbb,
    0xff, 0xff, 0x80, 0x40, 0x1f, 0xff, 0xf0, 0xf,
    0xfe, 0x21, 0x7f, 0xe2, 0x0, 0xff, 0xe2, 0xf7,
    0xfc, 0x24, 0xc0, 0x14, 0x0, 0x7f, 0xf1, 0x1c,
    0x40, 0x10, 0x21, 0x0, 0x12, 0x90, 0x7, 0xff,
    0xe, 0x40, 0x2, 0xe0, 0x1, 0x70, 0xa, 0x0,
    0x3f, 0xf8, 0x4e, 0x20, 0x9, 0x0, 0xd2, 0x1,
    0x29, 0x0, 0x7f, 0xf0, 0x64, 0x0, 0x2e, 0x1,
    0x85, 0xc0, 0x28, 0x0, 0xff, 0xe0, 0x38, 0x80,
    0x20, 0x3, 0xd2, 0x20, 0x5, 0x20, 0xf, 0xf0,
    0xc0, 0x0, 0x98, 0x3, 0xc3, 0x20, 0x14, 0x0,
    0x7f, 0xa4, 0x2, 0x80, 0xf, 0xce, 0x20, 0x5,
    0x20, 0xf, 0xc2, 0xe0, 0x3, 0x50, 0xf, 0xe9,
    0x0, 0xa0, 0x3, 0xf4, 0x80, 0x50, 0x1, 0xfe,
    0x71, 0x0, 0x29, 0x0, 0x78, 0x5c, 0x0, 0x68,
    0x1, 0xff, 0x40, 0x5, 0x0, 0x1e, 0x90, 0xb,
    0xc0, 0x3f, 0xf8, 0xc, 0x20, 0x5, 0x20, 0xc,
    0x2e, 0x0, 0x43, 0x0, 0xff, 0xe0, 0xc0, 0x5,
    0x0, 0x1a, 0x0, 0x28, 0x0, 0xff, 0xe1, 0x31,
    0x0, 0x14, 0x80, 0x2, 0xc0, 0x5, 0x30, 0xf,
    0xfe, 0x1c, 0x0, 0x50, 0x0, 0x80, 0xa, 0x0,
    0x3f, 0xf8, 0x8a, 0x40, 0x5, 0x22, 0x30, 0x1,
    0x88, 0x3, 0xff, 0x8b, 0x0, 0x14, 0x58, 0x5,
    0x0, 0x1f, 0xfc, 0x65, 0x30, 0x2, 0xb0, 0x1,
    0x84, 0x3, 0xff, 0x8f, 0x0, 0x1e, 0x80, 0xf,
    0xfe, 0x42, 0x18, 0x6, 0x71, 0x0, 0xff, 0xe4,
    0xc0, 0x4, 0x30, 0x1, 0xff, 0xca, 0xc0, 0xa,
    0x40, 0x3f, 0xf9, 0x46, 0xe0, 0x1, 0x70, 0xf,
    0xfe, 0x49, 0x68, 0x5, 0x60, 0x1f, 0xfc, 0x5a,
    0x75, 0x54, 0xe8, 0x80, 0x11, 0x40, 0x3f, 0xf8,
    0x84, 0xb1, 0x54, 0x60, 0x8, 0xac, 0x3, 0xff,
    0x8a, 0xa0, 0x1f, 0x1e, 0x0, 0x7f, 0xf1, 0x84,
    0x40, 0x18, 0xa7, 0x4, 0x3, 0xff, 0x8c, 0xdd,
    0xb7, 0x6e, 0xd6, 0x0, 0xff, 0xe2, 0x80,

    /* U+04EF "ӯ" */
    0x0, 0xea, 0xff, 0xff, 0xe0, 0x30, 0x7, 0xff,
    0x5b, 0xa2, 0x3f, 0xf8, 0xa, 0x1, 0xfe, 0x47,
    0x7f, 0xfe, 0x1, 0x80, 0x7f, 0xff, 0xc0, 0x2a,
    0xff, 0x94, 0x3, 0xff, 0x82, 0xbf, 0xf3, 0x4,
    0x80, 0x52, 0x1, 0xff, 0xc1, 0x90, 0x9, 0x80,
    0xcc, 0x0, 0x33, 0x0, 0x7f, 0xc4, 0x60, 0x6,
    0x0, 0xa4, 0x2, 0x90, 0xf, 0xfa, 0xc0, 0x2b,
    0x0, 0x94, 0x40, 0xa, 0x20, 0x1f, 0xc2, 0xc0,
    0x4, 0x20, 0xd, 0x20, 0x13, 0x0, 0x7f, 0x30,
    0x5, 0xe0, 0x1c, 0xc0, 0x14, 0x80, 0x7f, 0x50,
    0x0, 0x90, 0x3, 0x85, 0x80, 0x2, 0xa0, 0x1f,
    0x21, 0x0, 0x2c, 0x3, 0xea, 0x0, 0xa4, 0x3,
    0xef, 0x0, 0x98, 0x3, 0xe3, 0x30, 0x0, 0xc8,
    0x3, 0x89, 0x0, 0xc, 0x1, 0xfd, 0x20, 0x15,
    0x80, 0x75, 0x80, 0x56, 0x1, 0xfc, 0xa2, 0x0,
    0x61, 0x0, 0xcc, 0x0, 0x42, 0x0, 0xff, 0x48,
    0x4, 0xc0, 0x13, 0x0, 0x5e, 0x1, 0xff, 0x30,
    0x5, 0x40, 0x15, 0x80, 0x9, 0x0, 0x3f, 0xe1,
    0x60, 0x1, 0x20, 0x21, 0x0, 0x2c, 0x3, 0xff,
    0x83, 0x60, 0x17, 0x87, 0x80, 0x4c, 0x1, 0xff,
    0xc1, 0x23, 0x0, 0x22, 0x40, 0x7, 0x0, 0xff,
    0xe1, 0xc8, 0x5, 0x60, 0x15, 0x0, 0x7f, 0xf0,
    0xd4, 0x40, 0x39, 0x8, 0x3, 0xff, 0x89, 0x20,
    0x1d, 0xe0, 0x1f, 0xfc, 0x56, 0x0, 0xc4, 0x80,
    0x1f, 0xfc, 0x51, 0x50, 0xa, 0xc0, 0x3f, 0xf8,
    0xec, 0x0, 0x16, 0x0, 0xff, 0xe3, 0x21, 0x80,
    0x18, 0x3, 0xff, 0x8f, 0x0, 0x14, 0x80, 0x7f,
    0xc9, 0x20, 0x1d, 0x6, 0x0, 0x51, 0x0, 0xff,
    0xa5, 0xba, 0x19, 0xf1, 0xc0, 0x2b, 0x0, 0xff,
    0x94, 0x80, 0x5e, 0x60, 0xc0, 0x2a, 0x10, 0xf,
    0xf9, 0xc8, 0x3, 0xf5, 0x28, 0x7, 0xff, 0x0,
    0xb6, 0x94, 0x40, 0x6, 0xfc, 0xa0, 0x1f, 0xfc,
    0x10,

    /* U+04F0 "Ӱ" */
    0x0, 0xfe, 0x21, 0x0, 0xe1, 0x20, 0xf, 0xfe,
    0x34, 0xef, 0x28, 0x4, 0x7d, 0xb8, 0x1, 0xff,
    0xc4, 0x16, 0x0, 0x40, 0x5, 0x20, 0x3, 0x40,
    0xf, 0xfe, 0x18, 0x80, 0x42, 0x1, 0x18, 0x4,
    0xe0, 0x1f, 0xfc, 0x49, 0x12, 0xf0, 0xa, 0xc,
    0x1c, 0xc0, 0x3f, 0xf8, 0x8d, 0xda, 0x60, 0x10,
    0xe7, 0xc0, 0x7, 0xff, 0xd4, 0xbf, 0xf1, 0x0,
    0x7f, 0xf1, 0x7b, 0xfe, 0x12, 0x60, 0xa, 0x0,
    0x3f, 0xf8, 0x8e, 0x20, 0x8, 0x10, 0x80, 0x9,
    0x48, 0x3, 0xff, 0x87, 0x20, 0x1, 0x70, 0x0,
    0xb8, 0x5, 0x0, 0x1f, 0xfc, 0x27, 0x10, 0x4,
    0x80, 0x69, 0x0, 0x94, 0x80, 0x3f, 0xf8, 0x32,
    0x0, 0x17, 0x0, 0xc2, 0xe0, 0x14, 0x0, 0x7f,
    0xf0, 0x1c, 0x40, 0x10, 0x1, 0xe9, 0x10, 0x2,
    0x90, 0x7, 0xf8, 0x60, 0x0, 0x4c, 0x1, 0xe1,
    0x90, 0xa, 0x0, 0x3f, 0xd2, 0x1, 0x40, 0x7,
    0xe7, 0x10, 0x2, 0x90, 0x7, 0xe1, 0x70, 0x1,
    0xa8, 0x7, 0xf4, 0x80, 0x50, 0x1, 0xfa, 0x40,
    0x28, 0x0, 0xff, 0x38, 0x80, 0x14, 0x80, 0x3c,
    0x2e, 0x0, 0x34, 0x0, 0xff, 0xa0, 0x2, 0x80,
    0xf, 0x48, 0x5, 0xe0, 0x1f, 0xfc, 0x6, 0x10,
    0x2, 0x90, 0x6, 0x17, 0x0, 0x21, 0x80, 0x7f,
    0xf0, 0x60, 0x2, 0x80, 0xd, 0x0, 0x14, 0x0,
    0x7f, 0xf0, 0x98, 0x80, 0xa, 0x40, 0x1, 0x60,
    0x2, 0x98, 0x7, 0xff, 0xe, 0x0, 0x28, 0x0,
    0x40, 0x5, 0x0, 0x1f, 0xfc, 0x45, 0x20, 0x2,
    0x91, 0x18, 0x0, 0xc4, 0x1, 0xff, 0xc5, 0x80,
    0xa, 0x2c, 0x2, 0x80, 0xf, 0xfe, 0x32, 0x98,
    0x1, 0x58, 0x0, 0xc2, 0x1, 0xff, 0xc7, 0x80,
    0xf, 0x40, 0x7, 0xff, 0x21, 0xc, 0x3, 0x38,
    0x80, 0x7f, 0xf2, 0x60, 0x2, 0x18, 0x0, 0xff,
    0xe5, 0x60, 0x5, 0x20, 0x1f, 0xfc, 0xa3, 0x70,
    0x0, 0xb8, 0x7, 0xff, 0x24, 0xb4, 0x2, 0xb0,
    0xf, 0xfe, 0x2d, 0x3a, 0xaa, 0x74, 0x40, 0x8,
    0xa0, 0x1f, 0xfc, 0x42, 0x58, 0xaa, 0x30, 0x4,
    0x56, 0x1, 0xff, 0xc5, 0x50, 0xf, 0x8f, 0x0,
    0x3f, 0xf8, 0xc2, 0x20, 0xc, 0x53, 0x82, 0x1,
    0xff, 0xc6, 0x6e, 0xdb, 0xb7, 0x6b, 0x0, 0x7f,
    0xf1, 0x40,

    /* U+04F1 "ӱ" */
    0x0, 0xf1, 0xef, 0x30, 0x6, 0x9f, 0xb1, 0x0,
    0xff, 0xe0, 0x41, 0xc, 0x88, 0x1, 0x18, 0x12,
    0x40, 0x3f, 0xf8, 0xe, 0x1, 0x18, 0x0, 0x40,
    0x21, 0x0, 0xff, 0xe0, 0x48, 0x1, 0x48, 0x0,
    0xa4, 0x3, 0x60, 0x1f, 0xfc, 0x5, 0xed, 0xa0,
    0xd, 0xba, 0xe2, 0x0, 0xff, 0xe0, 0x89, 0x0,
    0x78, 0x80, 0x3f, 0xfd, 0xb5, 0xff, 0x28, 0x7,
    0xff, 0x5, 0x7f, 0xe6, 0x9, 0x0, 0xa4, 0x3,
    0xff, 0x83, 0x20, 0x13, 0x1, 0x98, 0x0, 0x66,
    0x0, 0xff, 0x88, 0xc0, 0xc, 0x1, 0x48, 0x5,
    0x20, 0x1f, 0xf5, 0x80, 0x56, 0x1, 0x28, 0x80,
    0x14, 0x40, 0x3f, 0x85, 0x80, 0x8, 0x40, 0x1a,
    0x40, 0x26, 0x0, 0xfe, 0x60, 0xb, 0xc0, 0x39,
    0x80, 0x29, 0x0, 0xfe, 0xa0, 0x1, 0x20, 0x7,
    0xb, 0x0, 0x5, 0x40, 0x3e, 0x42, 0x0, 0x58,
    0x7, 0xd4, 0x1, 0x48, 0x7, 0xde, 0x1, 0x30,
    0x7, 0xc6, 0x60, 0x1, 0x90, 0x7, 0x12, 0x0,
    0x18, 0x3, 0xfa, 0x40, 0x2b, 0x0, 0xeb, 0x0,
    0xac, 0x3, 0xf9, 0x44, 0x0, 0xc2, 0x1, 0x98,
    0x0, 0x84, 0x1, 0xfe, 0x90, 0x9, 0x80, 0x26,
    0x0, 0xbc, 0x3, 0xfe, 0x60, 0xa, 0x80, 0x2b,
    0x0, 0x12, 0x0, 0x7f, 0xc2, 0xc0, 0x2, 0x40,
    0x42, 0x0, 0x58, 0x7, 0xff, 0x6, 0xc0, 0x2f,
    0xf, 0x0, 0x98, 0x3, 0xff, 0x82, 0x46, 0x0,
    0x44, 0x80, 0xe, 0x1, 0xff, 0xc3, 0x90, 0xa,
    0xc0, 0x2a, 0x0, 0xff, 0xe1, 0xa8, 0x80, 0x72,
    0x10, 0x7, 0xff, 0x12, 0x40, 0x3b, 0xc0, 0x3f,
    0xf8, 0xac, 0x1, 0x89, 0x0, 0x3f, 0xf8, 0xa2,
    0xa0, 0x15, 0x80, 0x7f, 0xf1, 0xd8, 0x0, 0x2c,
    0x1, 0xff, 0xc6, 0x43, 0x0, 0x30, 0x7, 0xff,
    0x1e, 0x0, 0x29, 0x0, 0xff, 0x92, 0x40, 0x3a,
    0xc, 0x0, 0xa2, 0x1, 0xff, 0x4b, 0x74, 0x33,
    0xe3, 0x80, 0x56, 0x1, 0xff, 0x29, 0x0, 0xbc,
    0xc1, 0x80, 0x54, 0x20, 0x1f, 0xf3, 0x90, 0x7,
    0xea, 0x50, 0xf, 0xfe, 0x1, 0x6d, 0x28, 0x80,
    0xd, 0xf9, 0x40, 0x3f, 0xf8, 0x20,

    /* U+04F2 "Ӳ" */
    0x0, 0xff, 0x93, 0xfe, 0xb0, 0x2, 0x7f, 0xd4,
    0x1, 0xff, 0xc4, 0xa0, 0x1, 0x50, 0x2, 0x80,
    0x5, 0x40, 0x1f, 0xfc, 0x39, 0x10, 0x1f, 0x10,
    0x91, 0x1, 0xc0, 0xf, 0xfe, 0x1a, 0x30, 0x2,
    0x88, 0x11, 0x80, 0x1a, 0x20, 0x1f, 0xfc, 0x3a,
    0x0, 0x4a, 0x0, 0x28, 0x1, 0x26, 0x1, 0xff,
    0xc3, 0x2b, 0xab, 0x60, 0x1, 0x5d, 0x5b, 0x0,
    0x7f, 0xf1, 0x9, 0x54, 0x80, 0x11, 0x2a, 0x90,
    0x3, 0xff, 0xb2, 0x5f, 0xf8, 0x80, 0x3f, 0xf8,
    0xbd, 0xff, 0x9, 0x30, 0x5, 0x0, 0x1f, 0xfc,
    0x47, 0x10, 0x4, 0x8, 0x40, 0x4, 0xa4, 0x1,
    0xff, 0xc3, 0x90, 0x0, 0xb8, 0x0, 0x5c, 0x2,
    0x80, 0xf, 0xfe, 0x13, 0x88, 0x2, 0x40, 0x34,
    0x80, 0x4a, 0x40, 0x1f, 0xfc, 0x19, 0x0, 0xb,
    0x80, 0x61, 0x70, 0xa, 0x0, 0x3f, 0xf8, 0xe,
    0x20, 0x8, 0x0, 0xf4, 0x88, 0x1, 0x48, 0x3,
    0xfc, 0x30, 0x0, 0x26, 0x0, 0xf0, 0xc8, 0x5,
    0x0, 0x1f, 0xe9, 0x0, 0xa0, 0x3, 0xf3, 0x88,
    0x1, 0x48, 0x3, 0xf0, 0xb8, 0x0, 0xd4, 0x3,
    0xfa, 0x40, 0x28, 0x0, 0xfd, 0x20, 0x14, 0x0,
    0x7f, 0x9c, 0x40, 0xa, 0x40, 0x1e, 0x17, 0x0,
    0x1a, 0x0, 0x7f, 0xd0, 0x1, 0x40, 0x7, 0xa4,
    0x2, 0xf0, 0xf, 0xfe, 0x3, 0x8, 0x1, 0x48,
    0x3, 0xb, 0x80, 0x10, 0xc0, 0x3f, 0xf8, 0x30,
    0x1, 0x40, 0x6, 0x80, 0xa, 0x0, 0x3f, 0xf8,
    0x4c, 0x40, 0x5, 0x20, 0x0, 0xb0, 0x1, 0x4c,
    0x3, 0xff, 0x87, 0x0, 0x14, 0x0, 0x20, 0x2,
    0x80, 0xf, 0xfe, 0x22, 0x90, 0x1, 0x48, 0x8c,
    0x0, 0x62, 0x0, 0xff, 0xe2, 0xc0, 0x5, 0x16,
    0x1, 0x40, 0x7, 0xff, 0x19, 0x4c, 0x0, 0xac,
    0x0, 0x61, 0x0, 0xff, 0xe3, 0xc0, 0x7, 0xa0,
    0x3, 0xff, 0x90, 0x86, 0x1, 0x9c, 0x40, 0x3f,
    0xf9, 0x30, 0x1, 0xc, 0x0, 0x7f, 0xf2, 0xb0,
    0x2, 0x90, 0xf, 0xfe, 0x51, 0xb8, 0x0, 0x5c,
    0x3, 0xff, 0x92, 0x5a, 0x1, 0x58, 0x7, 0xff,
    0x16, 0x9d, 0x55, 0x3a, 0x20, 0x4, 0x50, 0xf,
    0xfe, 0x21, 0x2c, 0x55, 0x18, 0x2, 0x2b, 0x0,
    0xff, 0xe2, 0xa8, 0x7, 0xc7, 0x80, 0x1f, 0xfc,
    0x61, 0x10, 0x6, 0x29, 0xc1, 0x0, 0xff, 0xe3,
    0x37, 0x6d, 0xdb, 0xb5, 0x80, 0x3f, 0xf8, 0xa0,

    /* U+04F3 "ӳ" */
    0x0, 0xff, 0x22, 0xac, 0x20, 0x4, 0x55, 0x84,
    0x3, 0xfe, 0x3b, 0xaa, 0x70, 0x82, 0x5d, 0x53,
    0xc4, 0x3, 0xfe, 0xe0, 0x1, 0x58, 0x2, 0x40,
    0x5, 0x40, 0x1f, 0xf4, 0x10, 0xf, 0x80, 0x24,
    0x80, 0x70, 0x3, 0xfe, 0x37, 0x0, 0x51, 0x1,
    0xb0, 0x3, 0x44, 0x3, 0xfe, 0xe0, 0x4, 0xa0,
    0x3, 0x80, 0x12, 0x60, 0x1f, 0xfc, 0xd, 0xff,
    0x30, 0x5, 0xbf, 0xe6, 0x0, 0xff, 0xf5, 0xd7,
    0xfc, 0xa0, 0x1f, 0xfc, 0x15, 0xff, 0x98, 0x24,
    0x2, 0x90, 0xf, 0xfe, 0xc, 0x80, 0x4c, 0x6,
    0x60, 0x1, 0x98, 0x3, 0xfe, 0x23, 0x0, 0x30,
    0x5, 0x20, 0x14, 0x80, 0x7f, 0xd6, 0x1, 0x58,
    0x4, 0xa2, 0x0, 0x51, 0x0, 0xfe, 0x16, 0x0,
    0x21, 0x0, 0x69, 0x0, 0x98, 0x3, 0xf9, 0x80,
    0x2f, 0x0, 0xe6, 0x0, 0xa4, 0x3, 0xfa, 0x80,
    0x4, 0x80, 0x1c, 0x2c, 0x0, 0x15, 0x0, 0xf9,
    0x8, 0x1, 0x60, 0x1f, 0x50, 0x5, 0x20, 0x1f,
    0x78, 0x4, 0xc0, 0x1f, 0x19, 0x80, 0x6, 0x40,
    0x1c, 0x48, 0x0, 0x60, 0xf, 0xe9, 0x0, 0xac,
    0x3, 0xac, 0x2, 0xb0, 0xf, 0xe5, 0x10, 0x3,
    0x8, 0x6, 0x60, 0x2, 0x10, 0x7, 0xfa, 0x40,
    0x26, 0x0, 0x98, 0x2, 0xf0, 0xf, 0xf9, 0x80,
    0x2a, 0x0, 0xac, 0x0, 0x48, 0x1, 0xff, 0xb,
    0x0, 0x9, 0x1, 0x8, 0x1, 0x60, 0x1f, 0xfc,
    0x1b, 0x0, 0xbc, 0x3c, 0x2, 0x60, 0xf, 0xfe,
    0x9, 0x18, 0x1, 0x12, 0x0, 0x38, 0x7, 0xff,
    0xe, 0x40, 0x2b, 0x0, 0xa8, 0x3, 0xff, 0x86,
    0xa2, 0x1, 0xc8, 0x40, 0x1f, 0xfc, 0x49, 0x0,
    0xef, 0x0, 0xff, 0xe2, 0xb0, 0x6, 0x24, 0x0,
    0xff, 0xe2, 0x8a, 0x80, 0x56, 0x1, 0xff, 0xc7,
    0x60, 0x0, 0xb0, 0x7, 0xff, 0x19, 0xc, 0x0,
    0xc0, 0x1f, 0xfc, 0x78, 0x0, 0xa4, 0x3, 0xfe,
    0x49, 0x0, 0xe8, 0x30, 0x2, 0x88, 0x7, 0xfd,
    0x2d, 0xd0, 0xcf, 0x8e, 0x1, 0x58, 0x7, 0xfc,
    0xa4, 0x2, 0xf3, 0x6, 0x1, 0x50, 0x80, 0x7f,
    0xce, 0x40, 0x1f, 0xa9, 0x40, 0x3f, 0xf8, 0x5,
    0xb4, 0xa2, 0x0, 0x37, 0xe5, 0x0, 0xff, 0xe0,
    0x80,

    /* U+04F4 "Ӵ" */
    0x0, 0xf1, 0xef, 0x30, 0x6, 0x9f, 0xb1, 0x0,
    0xff, 0xe0, 0x41, 0xc, 0x88, 0x1, 0x18, 0x12,
    0x40, 0x3f, 0xf8, 0xe, 0x1, 0x18, 0x0, 0x40,
    0x21, 0x0, 0xff, 0xe0, 0x48, 0x1, 0x48, 0x0,
    0xa4, 0x3, 0x60, 0x1f, 0xfc, 0x5, 0xed, 0xa0,
    0xd, 0xba, 0xe2, 0x0, 0xff, 0xe0, 0x89, 0x0,
    0x78, 0x80, 0x3f, 0xfa, 0x93, 0xff, 0x28, 0x7,
    0xff, 0xa, 0x7f, 0xe5, 0x0, 0xff, 0xff, 0x80,
    0x7f, 0xff, 0xc0, 0x3f, 0xfb, 0xc2, 0x1, 0x18,
    0x7, 0xff, 0x1f, 0xc0, 0x21, 0x0, 0xff, 0xe3,
    0x88, 0x5, 0xa0, 0x1f, 0xfc, 0x75, 0x0, 0x94,
    0x40, 0x3f, 0xf8, 0xc6, 0x20, 0x15, 0x80, 0x7f,
    0xf1, 0xd8, 0x2, 0x59, 0x0, 0xff, 0xb, 0xb8,
    0x3, 0xa4, 0x40, 0x26, 0xe7, 0x31, 0x0, 0x12,
    0x3e, 0x74, 0x8, 0x7, 0xe, 0x80, 0x61, 0x8c,
    0xef, 0xf6, 0xdc, 0x18, 0x7, 0xf1, 0xe1, 0x0,
    0x7f, 0xf2, 0x8f, 0x60, 0x40, 0x3f, 0x8d, 0xf5,
    0x80, 0x3f, 0x9f, 0xb6, 0x61, 0x98, 0xf1, 0x7d,
    0x90, 0x40, 0x1f, 0xfc, 0x2, 0x67, 0x99, 0x43,
    0xa0, 0x80, 0x7f, 0xff, 0xc0, 0x3f, 0xff, 0xe0,
    0x1f, 0xfe, 0x60,

    /* U+04F5 "ӵ" */
    0x0, 0xc3, 0x9f, 0x0, 0x19, 0xfb, 0x8, 0x3,
    0xf4, 0x18, 0x39, 0x80, 0xa, 0x4, 0xe0, 0x3,
    0xf1, 0x80, 0x4e, 0x0, 0x10, 0x8, 0x40, 0x3f,
    0x48, 0x0, 0xd0, 0x0, 0x68, 0x0, 0xf0, 0xf,
    0xc7, 0xdb, 0x80, 0x1a, 0xf7, 0x90, 0x3, 0xf8,
    0x48, 0x3, 0xc4, 0x20, 0x1f, 0xfe, 0x15, 0xff,
    0xa0, 0x3, 0xfc, 0x7f, 0xf5, 0x0, 0x7f, 0xff,
    0xc0, 0x3f, 0xfc, 0x22, 0x1, 0xff, 0xc7, 0x70,
    0x8, 0xc0, 0x3f, 0xf8, 0x64, 0x1, 0x20, 0x80,
    0x7f, 0xf0, 0x84, 0xc0, 0x2d, 0x10, 0xf, 0x8e,
    0x40, 0x3a, 0x40, 0x23, 0xf9, 0x54, 0x43, 0x4e,
    0xe2, 0x80, 0x72, 0xa8, 0x2, 0x16, 0xab, 0xb4,
    0xb1, 0x0, 0x7e, 0xa7, 0x0, 0xff, 0xb, 0x0,
    0x7d, 0x1d, 0x8, 0x20, 0x1, 0x37, 0xbe, 0xa0,
    0xf, 0xc2, 0xf7, 0xdf, 0xee, 0xc8, 0x40, 0xf,
    0xff, 0xf8, 0x7, 0xff, 0x9c,

    /* U+04F6 "Ӷ" */
    0xaf, 0xff, 0xfe, 0x2d, 0x80, 0x7f, 0xf7, 0x91,
    0x9b, 0xff, 0x83, 0xa0, 0x1b, 0xe6, 0x7f, 0xf8,
    0x2c, 0x1, 0xff, 0xff, 0x0, 0xff, 0xff, 0x80,
    0x7f, 0xff, 0xc0, 0x3f, 0xff, 0xe0, 0x1f, 0xff,
    0xf0, 0xe, 0x50, 0xa, 0xa6, 0x65, 0x0, 0xff,
    0xe1, 0xb, 0x35, 0x80, 0x1f, 0xfe, 0x4f, 0xfd,
    0xa0, 0x1f, 0xff, 0xf0, 0xf, 0xfe, 0xd1, 0xbb,
    0xda, 0x1, 0xfe,

    /* U+04F7 "ӷ" */
    0x4f, 0xff, 0xfe, 0x1a, 0x80, 0x7f, 0xf6, 0x8e,
    0x23, 0xfe, 0x70, 0xc, 0xae, 0xff, 0xf1, 0x0,
    0x7f, 0xff, 0xc0, 0x3f, 0xff, 0xe0, 0x1f, 0xff,
    0xb2, 0x0, 0x99, 0xdc, 0xc0, 0x1f, 0xde, 0x1,
    0xa2, 0x20, 0xf, 0xfe, 0xfc, 0xff, 0xc8, 0x1,
    0xff, 0xf7, 0xe7, 0x74, 0x80, 0x7f, 0x0,

    /* U+04F8 "Ӹ" */
    0x0, 0xff, 0x16, 0xf3, 0x80, 0x69, 0xfc, 0x10,
    0xf, 0xfe, 0x44, 0x90, 0xc0, 0x80, 0x11, 0x80,
    0xe4, 0x3, 0xff, 0x90, 0xe0, 0x11, 0x80, 0x4,
    0x2, 0x10, 0xf, 0xfe, 0x44, 0x80, 0x14, 0x80,
    0xa, 0x60, 0x34, 0x1, 0xff, 0xc8, 0x5e, 0xda,
    0x0, 0xd9, 0xbc, 0x60, 0x1f, 0xfc, 0x91, 0x20,
    0xf, 0x10, 0x7, 0xff, 0x82, 0xbf, 0xe5, 0x0,
    0xff, 0xe5, 0x4f, 0xfc, 0xa0, 0x1f, 0xff, 0xf0,
    0xf, 0xff, 0xf8, 0x7, 0xff, 0xfc, 0x3, 0xff,
    0xef, 0x5f, 0xff, 0xdd, 0x70, 0x60, 0x1f, 0xfd,
    0x1, 0x47, 0xcc, 0x18, 0x7, 0xff, 0x48, 0xf1,
    0x80, 0x3f, 0xf8, 0x71, 0x77, 0xfa, 0x9c, 0x80,
    0x34, 0xa8, 0x7, 0xff, 0x8, 0x91, 0x3f, 0x2c,
    0x6d, 0x8, 0x5, 0x60, 0x1f, 0xfc, 0xe5, 0xd0,
    0x8, 0x54, 0x3, 0xff, 0x9c, 0x6c, 0x1, 0x78,
    0x7, 0xff, 0x3f, 0x40, 0x27, 0x0, 0xff, 0xe7,
    0xa8, 0x4, 0x60, 0x1f, 0xfe, 0xf3, 0x0, 0x8c,
    0x3, 0xff, 0x9e, 0xe0, 0x13, 0x0, 0x7f, 0xf3,
    0xf8, 0x2, 0xc0, 0xf, 0xfe, 0x72, 0xa0, 0x4,
    0xa0, 0x1f, 0xfc, 0xd7, 0xa0, 0x9, 0x48, 0x3,
    0xff, 0x82, 0x48, 0x9f, 0x9a, 0x7a, 0x0, 0x21,
    0xb0, 0xf, 0xfe, 0x14, 0x5d, 0xfe, 0x96, 0x10,
    0x8, 0xb0, 0x40, 0x3f, 0xfa, 0xf, 0xa4, 0x1,
    0xff, 0xcc, 0x12, 0x69, 0xf8, 0x0, 0xff, 0xe0,
    0x80,

    /* U+04F9 "ӹ" */
    0x0, 0xfc, 0xbd, 0xa6, 0x1, 0xe, 0x7c, 0x80,
    0x7f, 0xf0, 0xe8, 0x4b, 0x80, 0x29, 0x30, 0x64,
    0x0, 0xff, 0xe2, 0x98, 0x4, 0x20, 0x10, 0x80,
    0x7f, 0xf0, 0x98, 0x1, 0x0, 0x15, 0x8, 0x1a,
    0x80, 0x7f, 0xf0, 0xa7, 0x79, 0x80, 0x23, 0xed,
    0xc0, 0xf, 0xfe, 0x21, 0x8, 0x7, 0x88, 0x3,
    0xff, 0xe0, 0x9f, 0xf4, 0x80, 0x7f, 0xf1, 0x17,
    0xfe, 0x80, 0xf, 0xff, 0xf8, 0x7, 0xff, 0xfc,
    0x3, 0xff, 0xb0, 0xdf, 0xfe, 0xed, 0x94, 0x0,
    0xff, 0xe5, 0x9, 0x35, 0xe1, 0x0, 0x7f, 0xf0,
    0x84, 0x78, 0x3, 0x8f, 0x8, 0x3, 0xff, 0x80,
    0xdd, 0xdd, 0xfb, 0x2, 0x0, 0x19, 0x0, 0xff,
    0xe3, 0x93, 0xe0, 0x4, 0x84, 0x1, 0xff, 0xc8,
    0x26, 0x0, 0x90, 0x3, 0xff, 0x93, 0xe0, 0x10,
    0x80, 0x7f, 0xf8, 0xf0, 0x2, 0x20, 0xf, 0xfe,
    0x42, 0x28, 0x4, 0x80, 0x1f, 0xfc, 0x63, 0x8b,
    0x0, 0x98, 0x40, 0x3f, 0xe6, 0xff, 0xf6, 0x38,
    0x4, 0x72, 0x1, 0xff, 0xcb, 0x6c, 0x0, 0xff,
    0xe4, 0xa, 0x46, 0xc8, 0x7, 0xf8,

    /* U+04FA "Ӻ" */
    0x0, 0xd3, 0xff, 0xff, 0xc5, 0xd0, 0xf, 0xff,
    0x52, 0x33, 0x7f, 0xf0, 0x68, 0x3, 0xf7, 0x4c,
    0xff, 0xf0, 0x5c, 0x3, 0xff, 0xfe, 0x1, 0xff,
    0xff, 0x0, 0xff, 0xef, 0x18, 0x7, 0xff, 0xb,
    0x7f, 0xe6, 0x0, 0xa7, 0xff, 0xfe, 0x10, 0xf,
    0xff, 0x26, 0xff, 0xcc, 0x1, 0x57, 0xff, 0xfc,
    0x20, 0x1f, 0xff, 0xf0, 0xf, 0xff, 0xf8, 0x7,
    0xff, 0x27, 0xa6, 0x63, 0x0, 0xff, 0xe3, 0x23,
    0x36, 0x0, 0xff, 0xf8, 0x4f, 0xfc, 0xe0, 0x1f,
    0xfc, 0xa1, 0x0, 0xff, 0xe5, 0x28, 0x4, 0xc0,
    0x1f, 0xfc, 0x1, 0x0, 0xca, 0x60, 0x11, 0x0,
    0x7f, 0xc7, 0xd4, 0xcc, 0xaa, 0x0, 0x48, 0x20,
    0x1f, 0xf5, 0x2, 0xcc, 0x94, 0x3, 0x48, 0x7,
    0xff, 0x1, 0x0, 0x3e, 0x1b, 0x20, 0xf, 0xfe,
    0x6, 0xd2, 0x88, 0x9, 0xc7, 0xa0, 0x7, 0xff,
    0x0,

    /* U+04FB "ӻ" */
    0x0, 0xcb, 0xff, 0xff, 0xc1, 0xb0, 0xf, 0xff,
    0x12, 0x44, 0x7f, 0x78, 0x7, 0xe3, 0x77, 0xfe,
    0x40, 0xf, 0xff, 0xf8, 0x7, 0xff, 0x26, 0xff,
    0xd4, 0x1, 0x3f, 0xff, 0xe0, 0xf, 0xfe, 0x51,
    0x9c, 0x40, 0x10, 0x99, 0xfc, 0x80, 0x14, 0x66,
    0x20, 0x2, 0x6c, 0xcf, 0xac, 0x3, 0xff, 0xfe,
    0x1, 0xff, 0x24, 0x41, 0x80, 0x3f, 0xf8, 0x66,
    0xee, 0xa0, 0xf, 0xff, 0x2a, 0xff, 0xc0, 0x1f,
    0xfc, 0x61, 0x0, 0xff, 0xe3, 0x28, 0x4, 0xe0,
    0x1f, 0x84, 0x3, 0xbc, 0x2, 0xc0, 0xf, 0xd7,
    0x8c, 0x8d, 0x68, 0x1, 0x28, 0x7, 0xc2, 0xa7,
    0x37, 0x28, 0x1, 0x31, 0x0, 0x7c, 0xa0, 0x1f,
    0x96, 0x40, 0x3f, 0x26, 0x31, 0x0, 0x5, 0x6e,
    0x80, 0x3f, 0x80,

    /* U+04FC "Ӽ" */
    0x7, 0xff, 0xc4, 0x1, 0xff, 0xc1, 0x2f, 0xfc,
    0x80, 0xe6, 0x1, 0x70, 0x7, 0xff, 0x7, 0xc0,
    0x27, 0x40, 0x7, 0x0, 0x47, 0x0, 0x1f, 0xf4,
    0x10, 0x0, 0xa0, 0x2, 0x29, 0x0, 0x9c, 0xc0,
    0x3f, 0x8d, 0xc0, 0x2f, 0x0, 0xe6, 0x40, 0xb,
    0x80, 0x3f, 0xb8, 0x2, 0x82, 0x0, 0xf5, 0x8,
    0x0, 0xa4, 0x3, 0xe9, 0x20, 0x2, 0x38, 0x7,
    0xc3, 0x40, 0x13, 0x20, 0x7, 0x23, 0x0, 0x54,
    0x1, 0xfc, 0x8c, 0x1, 0x50, 0x80, 0x43, 0x40,
    0x15, 0x8, 0x7, 0xfa, 0x48, 0x0, 0x34, 0x1,
    0x58, 0x80, 0x15, 0x40, 0x1f, 0xfc, 0xe, 0x0,
    0x91, 0x81, 0x54, 0x0, 0x1b, 0x0, 0xff, 0xe0,
    0x9c, 0x0, 0x52, 0x94, 0x1, 0x50, 0x80, 0x7f,
    0xf0, 0x9c, 0xc0, 0x2b, 0x0, 0x99, 0x0, 0x3f,
    0xf8, 0x9c, 0x1, 0xe2, 0x90, 0xf, 0xfe, 0x29,
    0x48, 0x7, 0x70, 0x7, 0xff, 0x1d, 0x40, 0x39,
    0xc0, 0x3f, 0xf8, 0xfc, 0x1, 0xd4, 0x20, 0x1f,
    0xfc, 0x5a, 0x20, 0xe, 0x1d, 0x0, 0xff, 0xe2,
    0x2a, 0x80, 0x2a, 0x0, 0x8e, 0x40, 0x3f, 0xf8,
    0x43, 0x60, 0x14, 0xac, 0x80, 0x4c, 0xa0, 0x1f,
    0xfc, 0x1a, 0x10, 0x2, 0x30, 0x33, 0x0, 0x2a,
    0x20, 0xf, 0xf9, 0xd0, 0x0, 0x34, 0x1, 0x49,
    0x0, 0x5e, 0x1, 0xfe, 0x28, 0x0, 0xac, 0x40,
    0x37, 0x80, 0x45, 0x20, 0x1f, 0xde, 0x1, 0x2a,
    0x80, 0x38, 0xa8, 0x2, 0x65, 0x0, 0xfa, 0x48,
    0x0, 0x34, 0x1, 0xf2, 0xa8, 0x2, 0xb1, 0x0,
    0xe4, 0x60, 0xa, 0x80, 0x3f, 0xa8, 0x40, 0x3,
    0x0, 0x18, 0x68, 0x2, 0x64, 0x0, 0xff, 0x58,
    0x4, 0xc6, 0x1, 0x58, 0x80, 0xa, 0x40, 0x3f,
    0xe5, 0x30, 0xa, 0x0, 0xc, 0xa0, 0x17, 0x0,
    0x7f, 0xf0, 0x60, 0x2, 0x42, 0x24, 0x80, 0x4e,
    0x60, 0x1f, 0xfc, 0x14, 0x10, 0x9, 0x4b, 0xff,
    0x40, 0x7, 0xff, 0xd, 0x0, 0x2d, 0x0, 0xff,
    0xe6, 0x88, 0x7, 0xff, 0x25, 0x80, 0x22, 0x0,
    0xff, 0xe4, 0x21, 0x80, 0x5e, 0x1, 0xff, 0xc3,
    0xc9, 0x65, 0x9b, 0x0, 0xcc, 0x1, 0xff, 0xc2,
    0x33, 0x34, 0xd3, 0x0, 0x69, 0x0, 0xff, 0xe1,
    0xa0, 0x7, 0xe8, 0x60, 0xf, 0xfe, 0x1b, 0xda,
    0x90, 0x0, 0x9f, 0x5c, 0x0,

    /* U+04FD "ӽ" */
    0xc, 0xff, 0xa0, 0x3, 0xfd, 0x5f, 0xf4, 0x0,
    0x34, 0x40, 0xe, 0x80, 0x1f, 0x99, 0x40, 0x7,
    0x0, 0x1, 0xb0, 0xa, 0x84, 0x3, 0xc5, 0x20,
    0x17, 0x0, 0x65, 0x60, 0x0, 0xd0, 0x7, 0xbc,
    0x2, 0xa2, 0x0, 0xe9, 0x20, 0x2, 0x38, 0x6,
    0x92, 0x0, 0x32, 0x80, 0x7d, 0xe0, 0x14, 0x18,
    0x1, 0x58, 0x0, 0x52, 0x1, 0xf8, 0xa4, 0x2,
    0xe0, 0x2a, 0x0, 0xbc, 0x3, 0xfc, 0xca, 0x0,
    0x2a, 0xe0, 0xa, 0x48, 0x3, 0xfe, 0xa2, 0x0,
    0x29, 0x80, 0x15, 0x80, 0x3f, 0xf8, 0x3c, 0x1,
    0xc3, 0x60, 0x1f, 0xfc, 0x23, 0x70, 0xd, 0x62,
    0x1, 0xff, 0xc3, 0x40, 0xd, 0x0, 0x1f, 0xfc,
    0x39, 0x30, 0xc, 0x56, 0x1, 0xff, 0xc1, 0x46,
    0x0, 0x8, 0x80, 0x9, 0x0, 0x1f, 0xf0, 0xd0,
    0x5, 0x5a, 0x1, 0x3a, 0x80, 0x7f, 0xb4, 0x40,
    0xe, 0x87, 0x40, 0x15, 0x10, 0x7, 0xe8, 0x30,
    0x1, 0xc0, 0x1, 0x5c, 0x2, 0xf0, 0xf, 0x91,
    0xc0, 0x2e, 0x0, 0xd0, 0x80, 0x2, 0x90, 0xe,
    0x1a, 0x0, 0xa8, 0x80, 0x3a, 0x84, 0x0, 0xc8,
    0x1, 0xa8, 0x40, 0xa, 0xa0, 0xf, 0xd, 0x0,
    0x52, 0x1, 0x3a, 0x0, 0xa, 0x80, 0x3f, 0x22,
    0x0, 0x4, 0xa0, 0x70, 0x1, 0x70, 0x7, 0xfa,
    0x40, 0x29, 0x3, 0xff, 0xc6, 0x1, 0xfe, 0x23,
    0x0, 0x18, 0x7, 0xff, 0x19, 0x80, 0x22, 0x0,
    0xff, 0xe2, 0xb0, 0x7, 0xff, 0x21, 0xc, 0x2,
    0x20, 0xf, 0xf0, 0xfc, 0xb2, 0xcd, 0x80, 0x4a,
    0x1, 0xff, 0x30, 0x34, 0xd3, 0x0, 0x68, 0x0,
    0xff, 0xb0, 0x3, 0xe1, 0xc2, 0x0, 0xff, 0xae,
    0x50, 0x40, 0x4e, 0x38, 0xc0, 0x0,

    /* U+04FE "Ӿ" */
    0xe, 0xff, 0xa8, 0x3, 0xff, 0x82, 0xbf, 0xf9,
    0x0, 0x14, 0x1, 0x2a, 0x80, 0x3f, 0xe1, 0xb0,
    0x9, 0x50, 0x0, 0x8a, 0x1, 0x58, 0x80, 0x7f,
    0xa8, 0x40, 0x3, 0x60, 0x1a, 0xc4, 0x0, 0x36,
    0x1, 0xfc, 0xc8, 0x1, 0x50, 0x80, 0x61, 0xa0,
    0x9, 0x54, 0x1, 0xf0, 0xc8, 0x4, 0xa8, 0x1,
    0xe4, 0x50, 0xa, 0xc4, 0x3, 0xd4, 0x1, 0xd,
    0x80, 0x7e, 0xb1, 0x0, 0xd, 0x0, 0x73, 0x20,
    0x5, 0x42, 0x1, 0xf8, 0x68, 0x2, 0x46, 0x0,
    0x8a, 0x40, 0x26, 0x40, 0xf, 0xf2, 0x28, 0x5,
    0x24, 0x0, 0xe0, 0x8, 0x64, 0x3, 0xff, 0x81,
    0x62, 0x1, 0x48, 0x39, 0x80, 0x54, 0x1, 0xff,
    0xc1, 0x1b, 0x0, 0x92, 0x60, 0x2, 0x64, 0x0,
    0xff, 0xe1, 0x2a, 0x80, 0x26, 0x0, 0x86, 0x40,
    0x3f, 0xe1, 0x1e, 0x80, 0xf, 0xac, 0x47, 0x80,
    0x3c, 0x7d, 0xdd, 0xa0, 0x1f, 0x57, 0x77, 0x28,
    0x7, 0xff, 0xb4, 0xff, 0xfb, 0x0, 0x3e, 0x4f,
    0xfe, 0x50, 0xf, 0xfb, 0x80, 0x21, 0x0, 0x91,
    0xc0, 0x3f, 0xf8, 0x72, 0x40, 0x1, 0xf4, 0x0,
    0xa0, 0x80, 0x3f, 0xf8, 0x2a, 0xc0, 0x15, 0x8d,
    0x8, 0x5, 0xc0, 0x1f, 0xfc, 0x1, 0xb0, 0x9,
    0x54, 0x3, 0x60, 0x11, 0xc0, 0x7, 0xfd, 0x42,
    0x0, 0x2a, 0x0, 0x95, 0x80, 0x27, 0x30, 0xf,
    0xe6, 0x40, 0xb, 0x80, 0x3a, 0x48, 0x2, 0xe0,
    0xf, 0xc5, 0x20, 0x13, 0x98, 0x7, 0xb8, 0x2,
    0x29, 0x0, 0xfb, 0x80, 0x23, 0x80, 0xf, 0x8e,
    0x0, 0x26, 0x40, 0xe, 0x83, 0x0, 0xb8, 0x3,
    0xf9, 0xcc, 0x2, 0xa1, 0x0, 0x8d, 0xc0, 0x29,
    0x20, 0xf, 0xf7, 0x0, 0x43, 0x40, 0x17, 0x0,
    0x48, 0xc0, 0x1f, 0xf1, 0x48, 0x4, 0x8c, 0x12,
    0x40, 0x1, 0xa0, 0xf, 0xfe, 0xb, 0x28, 0x5,
    0x24,

    /* U+04FF "ӿ" */
    0x6, 0xff, 0xc2, 0x1, 0xfc, 0x5f, 0xf7, 0x8,
    0x32, 0x80, 0x54, 0x1, 0xfd, 0xc0, 0x15, 0x88,
    0x2, 0xc4, 0x0, 0x8e, 0x1, 0xf3, 0x98, 0x1,
    0x54, 0x1, 0xd, 0x80, 0x50, 0x40, 0x1c, 0x70,
    0x0, 0x1b, 0x0, 0xe5, 0x50, 0x5, 0xc0, 0x1d,
    0xc0, 0x15, 0x8, 0x7, 0xa8, 0x40, 0x7, 0x0,
    0x14, 0x90, 0x1, 0xd0, 0x3, 0xf5, 0x0, 0x4e,
    0x60, 0x8c, 0x0, 0x28, 0x0, 0xfe, 0x46, 0x0,
    0xb8, 0xa8, 0x2, 0xf0, 0xf, 0xfa, 0x48, 0x0,
    0x5a, 0x20, 0x8, 0x20, 0xf, 0xfe, 0x7, 0x0,
    0x79, 0x1c, 0x3, 0xfa, 0x3f, 0xec, 0x0, 0xf2,
    0x7f, 0xe5, 0x0, 0xff, 0xe7, 0xf1, 0x9c, 0x40,
    0x1f, 0x19, 0xe6, 0x0, 0xe6, 0xcc, 0x90, 0x3,
    0xea, 0xcc, 0x8c, 0x3, 0xf2, 0xb0, 0x0, 0x68,
    0x2, 0x93, 0x0, 0xff, 0x15, 0x0, 0x5a, 0xae,
    0x1, 0x70, 0x7, 0xfb, 0xc0, 0x29, 0x30, 0x84,
    0x0, 0x15, 0x0, 0x7e, 0xa2, 0x0, 0x2b, 0x0,
    0x54, 0x20, 0x5, 0x60, 0xf, 0x32, 0x80, 0xa,
    0x80, 0x30, 0xd0, 0x5, 0x26, 0x1, 0x8e, 0x40,
    0x2f, 0x0, 0xf2, 0x38, 0x5, 0xa2, 0x0, 0x1d,
    0x0, 0xa8, 0x80, 0x3e, 0x83, 0x0, 0xd, 0x0,
    0x28, 0x40, 0xe, 0xa0, 0x1f, 0xda, 0x20, 0x4,
    0x70,

    /* U+2022 "•" */
    0x0, 0xb, 0x42, 0x0, 0x47, 0xf2, 0xf7, 0x40,
    0xd, 0x10, 0x9, 0x5d, 0x4, 0x3, 0xac, 0x40,
    0x3c, 0x2e, 0x1, 0xe7, 0x26, 0x0, 0xe8, 0x9,
    0x81, 0x3, 0xc2,

    /* U+2026 "…" */
    0x0, 0x34, 0xb0, 0x7, 0x8e, 0x60, 0x40, 0x38,
    0x62, 0x4c, 0x1, 0x32, 0x69, 0xa0, 0xc, 0xb8,
    0xcf, 0xe0, 0x18, 0x7d, 0xdb, 0xc, 0x18, 0x2,
    0x51, 0x0, 0xa4, 0x2, 0x15, 0x0, 0x98, 0x40,
    0x29, 0x10, 0xe, 0x30, 0xf, 0xc6, 0x1, 0x78,
    0x6, 0x11, 0x18, 0x4, 0x44, 0x0, 0x90, 0x3,
    0x20, 0x5, 0x60, 0x1b, 0x43, 0x90, 0xf, 0xc0,
    0x34, 0x30, 0x95, 0x10, 0x4, 0x72, 0x22, 0x76
};


/*---------------------
 *  GLYPH DESCRIPTION
 *--------------------*/

static const lv_font_fmt_txt_glyph_dsc_t glyph_dsc[] = {
    {.bitmap_index = 0, .adv_w = 0, .box_w = 0, .box_h = 0, .ofs_x = 0, .ofs_y = 0} /* id = 0 reserved */,
    {.bitmap_index = 0, .adv_w = 172, .box_w = 0, .box_h = 0, .ofs_x = 0, .ofs_y = 0},
    {.bitmap_index = 0, .adv_w = 172, .box_w = 6, .box_h = 29, .ofs_x = 2, .ofs_y = 0},
    {.bitmap_index = 65, .adv_w = 250, .box_w = 12, .box_h = 12, .ofs_x = 2, .ofs_y = 17},
    {.bitmap_index = 108, .adv_w = 450, .box_w = 27, .box_h = 29, .ofs_x = 1, .ofs_y = 0},
    {.bitmap_index = 339, .adv_w = 397, .box_w = 23, .box_h = 39, .ofs_x = 1, .ofs_y = -5},
    {.bitmap_index = 585, .adv_w = 540, .box_w = 32, .box_h = 29, .ofs_x = 1, .ofs_y = 0},
    {.bitmap_index = 934, .adv_w = 439, .box_w = 26, .box_h = 30, .ofs_x = 1, .ofs_y = -1},
    {.bitmap_index = 1231, .adv_w = 134, .box_w = 4, .box_h = 12, .ofs_x = 2, .ofs_y = 17},
    {.bitmap_index = 1249, .adv_w = 216, .box_w = 10, .box_h = 39, .ofs_x = 3, .ofs_y = -8},
    {.bitmap_index = 1393, .adv_w = 216, .box_w = 9, .box_h = 39, .ofs_x = 1, .ofs_y = -8},
    {.bitmap_index = 1536, .adv_w = 256, .box_w = 16, .box_h = 16, .ofs_x = 0, .ofs_y = 15},
    {.bitmap_index = 1637, .adv_w = 372, .box_w = 19, .box_h = 18, .ofs_x = 2, .ofs_y = 5},
    {.bitmap_index = 1676, .adv_w = 145, .box_w = 7, .box_h = 12, .ofs_x = 1, .ofs_y = -6},
    {.bitmap_index = 1717, .adv_w = 245, .box_w = 12, .box_h = 4, .ofs_x = 2, .ofs_y = 10},
    {.bitmap_index = 1726, .adv_w = 145, .box_w = 7, .box_h = 6, .ofs_x = 1, .ofs_y = 0},
    {.bitmap_index = 1746, .adv_w = 225, .box_w = 18, .box_h = 39, .ofs_x = -2, .ofs_y = -4},
    {.bitmap_index = 1966, .adv_w = 427, .box_w = 24, .box_h = 29, .ofs_x = 1, .ofs_y = 0},
    {.bitmap_index = 2212, .adv_w = 237, .box_w = 11, .box_h = 29, .ofs_x = 0, .ofs_y = 0},
    {.bitmap_index = 2237, .adv_w = 367, .box_w = 22, .box_h = 29, .ofs_x = 0, .ofs_y = 0},
    {.bitmap_index = 2430, .adv_w = 366, .box_w = 22, .box_h = 29, .ofs_x = 0, .ofs_y = 0},
    {.bitmap_index = 2615, .adv_w = 428, .box_w = 26, .box_h = 29, .ofs_x = 1, .ofs_y = 0},
    {.bitmap_index = 2771, .adv_w = 367, .box_w = 22, .box_h = 29, .ofs_x = 0, .ofs_y = 0},
    {.bitmap_index = 2961, .adv_w = 395, .box_w = 23, .box_h = 29, .ofs_x = 1, .ofs_y = 0},
    {.bitmap_index = 3198, .adv_w = 383, .box_w = 22, .box_h = 29, .ofs_x = 1, .ofs_y = 0},
    {.bitmap_index = 3365, .adv_w = 412, .box_w = 23, .box_h = 29, .ofs_x = 1, .ofs_y = 0},
    {.bitmap_index = 3624, .adv_w = 395, .box_w = 22, .box_h = 29, .ofs_x = 1, .ofs_y = 0},
    {.bitmap_index = 3857, .adv_w = 145, .box_w = 7, .box_h = 22, .ofs_x = 1, .ofs_y = 0},
    {.bitmap_index = 3901, .adv_w = 145, .box_w = 7, .box_h = 28, .ofs_x = 1, .ofs_y = -6},
    {.bitmap_index = 3966, .adv_w = 372, .box_w = 19, .box_h = 19, .ofs_x = 2, .ofs_y = 5},
    {.bitmap_index = 4090, .adv_w = 372, .box_w = 19, .box_h = 13, .ofs_x = 2, .ofs_y = 8},
    {.bitmap_index = 4120, .adv_w = 372, .box_w = 19, .box_h = 19, .ofs_x = 2, .ofs_y = 5},
    {.bitmap_index = 4245, .adv_w = 367, .box_w = 21, .box_h = 29, .ofs_x = 0, .ofs_y = 0},
    {.bitmap_index = 4420, .adv_w = 662, .box_w = 39, .box_h = 37, .ofs_x = 1, .ofs_y = -8},
    {.bitmap_index = 4929, .adv_w = 468, .box_w = 31, .box_h = 29, .ofs_x = -1, .ofs_y = 0},
    {.bitmap_index = 5183, .adv_w = 484, .box_w = 25, .box_h = 29, .ofs_x = 4, .ofs_y = 0},
    {.bitmap_index = 5365, .adv_w = 456, .box_w = 27, .box_h = 29, .ofs_x = 1, .ofs_y = 0},
    {.bitmap_index = 5589, .adv_w = 529, .box_w = 28, .box_h = 29, .ofs_x = 4, .ofs_y = 0},
    {.bitmap_index = 5764, .adv_w = 429, .box_w = 21, .box_h = 29, .ofs_x = 4, .ofs_y = 0},
    {.bitmap_index = 5827, .adv_w = 406, .box_w = 20, .box_h = 29, .ofs_x = 4, .ofs_y = 0},
    {.bitmap_index = 5879, .adv_w = 494, .box_w = 27, .box_h = 29, .ofs_x = 1, .ofs_y = 0},
    {.bitmap_index = 6109, .adv_w = 520, .box_w = 25, .box_h = 29, .ofs_x = 4, .ofs_y = 0},
    {.bitmap_index = 6160, .adv_w = 198, .box_w = 5, .box_h = 29, .ofs_x = 4, .ofs_y = 0},
    {.bitmap_index = 6169, .adv_w = 328, .box_w = 18, .box_h = 29, .ofs_x = -1, .ofs_y = 0},
    {.bitmap_index = 6262, .adv_w = 460, .box_w = 25, .box_h = 29, .ofs_x = 4, .ofs_y = 0},
    {.bitmap_index = 6464, .adv_w = 380, .box_w = 20, .box_h = 29, .ofs_x = 4, .ofs_y = 0},
    {.bitmap_index = 6500, .adv_w = 611, .box_w = 30, .box_h = 29, .ofs_x = 4, .ofs_y = 0},
    {.bitmap_index = 6720, .adv_w = 520, .box_w = 25, .box_h = 29, .ofs_x = 4, .ofs_y = 0},
    {.bitmap_index = 6878, .adv_w = 538, .box_w = 31, .box_h = 29, .ofs_x = 1, .ofs_y = 0},
    {.bitmap_index = 7156, .adv_w = 462, .box_w = 23, .box_h = 29, .ofs_x = 4, .ofs_y = 0},
    {.bitmap_index = 7291, .adv_w = 538, .box_w = 33, .box_h = 35, .ofs_x = 1, .ofs_y = -6},
    {.bitmap_index = 7641, .adv_w = 465, .box_w = 24, .box_h = 29, .ofs_x = 4, .ofs_y = 0},
    {.bitmap_index = 7821, .adv_w = 397, .box_w = 23, .box_h = 29, .ofs_x = 1, .ofs_y = 0},
    {.bitmap_index = 8046, .adv_w = 376, .box_w = 24, .box_h = 29, .ofs_x = 0, .ofs_y = 0},
    {.bitmap_index = 8093, .adv_w = 506, .box_w = 25, .box_h = 29, .ofs_x = 3, .ofs_y = 0},
    {.bitmap_index = 8227, .adv_w = 456, .box_w = 30, .box_h = 29, .ofs_x = -1, .ofs_y = 0},
    {.bitmap_index = 8486, .adv_w = 721, .box_w = 43, .box_h = 29, .ofs_x = 1, .ofs_y = 0},
    {.bitmap_index = 8911, .adv_w = 431, .box_w = 27, .box_h = 29, .ofs_x = 0, .ofs_y = 0},
    {.bitmap_index = 9168, .adv_w = 414, .box_w = 28, .box_h = 29, .ofs_x = -1, .ofs_y = 0},
    {.bitmap_index = 9356, .adv_w = 420, .box_w = 25, .box_h = 29, .ofs_x = 1, .ofs_y = 0},
    {.bitmap_index = 9523, .adv_w = 213, .box_w = 9, .box_h = 39, .ofs_x = 4, .ofs_y = -8},
    {.bitmap_index = 9556, .adv_w = 225, .box_w = 18, .box_h = 39, .ofs_x = -2, .ofs_y = -4},
    {.bitmap_index = 9770, .adv_w = 213, .box_w = 10, .box_h = 39, .ofs_x = 0, .ofs_y = -8},
    {.bitmap_index = 9805, .adv_w = 373, .box_w = 18, .box_h = 17, .ofs_x = 3, .ofs_y = 6},
    {.bitmap_index = 9921, .adv_w = 320, .box_w = 20, .box_h = 3, .ofs_x = 0, .ofs_y = -3},
    {.bitmap_index = 9931, .adv_w = 384, .box_w = 11, .box_h = 6, .ofs_x = 4, .ofs_y = 25},
    {.bitmap_index = 9959, .adv_w = 383, .box_w = 19, .box_h = 22, .ofs_x = 2, .ofs_y = 0},
    {.bitmap_index = 10113, .adv_w = 436, .box_w = 23, .box_h = 31, .ofs_x = 3, .ofs_y = 0},
    {.bitmap_index = 10293, .adv_w = 365, .box_w = 21, .box_h = 22, .ofs_x = 1, .ofs_y = 0},
    {.bitmap_index = 10449, .adv_w = 436, .box_w = 23, .box_h = 31, .ofs_x = 1, .ofs_y = 0},
    {.bitmap_index = 10633, .adv_w = 392, .box_w = 22, .box_h = 22, .ofs_x = 1, .ofs_y = 0},
    {.bitmap_index = 10801, .adv_w = 226, .box_w = 16, .box_h = 31, .ofs_x = 0, .ofs_y = 0},
    {.bitmap_index = 10879, .adv_w = 442, .box_w = 23, .box_h = 30, .ofs_x = 1, .ofs_y = -8},
    {.bitmap_index = 11127, .adv_w = 436, .box_w = 21, .box_h = 31, .ofs_x = 3, .ofs_y = 0},
    {.bitmap_index = 11225, .adv_w = 179, .box_w = 7, .box_h = 32, .ofs_x = 2, .ofs_y = 0},
    {.bitmap_index = 11259, .adv_w = 182, .box_w = 13, .box_h = 40, .ofs_x = -4, .ofs_y = -8},
    {.bitmap_index = 11344, .adv_w = 394, .box_w = 22, .box_h = 31, .ofs_x = 3, .ofs_y = 0},
    {.bitmap_index = 11500, .adv_w = 179, .box_w = 5, .box_h = 31, .ofs_x = 3, .ofs_y = 0},
    {.bitmap_index = 11509, .adv_w = 676, .box_w = 36, .box_h = 22, .ofs_x = 3, .ofs_y = 0},
    {.bitmap_index = 11666, .adv_w = 436, .box_w = 21, .box_h = 22, .ofs_x = 3, .ofs_y = 0},
    {.bitmap_index = 11756, .adv_w = 406, .box_w = 23, .box_h = 22, .ofs_x = 1, .ofs_y = 0},
    {.bitmap_index = 11940, .adv_w = 436, .box_w = 23, .box_h = 30, .ofs_x = 3, .ofs_y = -8},
    {.bitmap_index = 12129, .adv_w = 436, .box_w = 23, .box_h = 30, .ofs_x = 1, .ofs_y = -8},
    {.bitmap_index = 12317, .adv_w = 262, .box_w = 13, .box_h = 22, .ofs_x = 3, .ofs_y = 0},
    {.bitmap_index = 12370, .adv_w = 321, .box_w = 19, .box_h = 22, .ofs_x = 0, .ofs_y = 0},
    {.bitmap_index = 12531, .adv_w = 265, .box_w = 16, .box_h = 27, .ofs_x = 0, .ofs_y = 0},
    {.bitmap_index = 12605, .adv_w = 433, .box_w = 21, .box_h = 22, .ofs_x = 3, .ofs_y = 0},
    {.bitmap_index = 12695, .adv_w = 358, .box_w = 24, .box_h = 22, .ofs_x = -1, .ofs_y = 0},
    {.bitmap_index = 12876, .adv_w = 575, .box_w = 36, .box_h = 22, .ofs_x = 0, .ofs_y = 0},
    {.bitmap_index = 13174, .adv_w = 353, .box_w = 22, .box_h = 22, .ofs_x = 0, .ofs_y = 0},
    {.bitmap_index = 13355, .adv_w = 358, .box_w = 24, .box_h = 30, .ofs_x = -1, .ofs_y = -8},
    {.bitmap_index = 13592, .adv_w = 333, .box_w = 19, .box_h = 22, .ofs_x = 1, .ofs_y = 0},
    {.bitmap_index = 13710, .adv_w = 225, .box_w = 12, .box_h = 39, .ofs_x = 2, .ofs_y = -8},
    {.bitmap_index = 13817, .adv_w = 191, .box_w = 4, .box_h = 39, .ofs_x = 4, .ofs_y = -8},
    {.bitmap_index = 13827, .adv_w = 225, .box_w = 12, .box_h = 39, .ofs_x = 0, .ofs_y = -8},
    {.bitmap_index = 13932, .adv_w = 372, .box_w = 19, .box_h = 8, .ofs_x = 2, .ofs_y = 11},
    {.bitmap_index = 13994, .adv_w = 268, .box_w = 14, .box_h = 14, .ofs_x = 1, .ofs_y = 16},
    {.bitmap_index = 14078, .adv_w = 538, .box_w = 31, .box_h = 37, .ofs_x = 1, .ofs_y = 0},
    {.bitmap_index = 14400, .adv_w = 406, .box_w = 23, .box_h = 31, .ofs_x = 1, .ofs_y = 0},
    {.bitmap_index = 14628, .adv_w = 468, .box_w = 32, .box_h = 39, .ofs_x = -1, .ofs_y = -10},
    {.bitmap_index = 14949, .adv_w = 383, .box_w = 20, .box_h = 31, .ofs_x = 2, .ofs_y = -9},
    {.bitmap_index = 15164, .adv_w = 457, .box_w = 27, .box_h = 37, .ofs_x = 1, .ofs_y = 0},
    {.bitmap_index = 15433, .adv_w = 365, .box_w = 21, .box_h = 31, .ofs_x = 1, .ofs_y = 0},
    {.bitmap_index = 15634, .adv_w = 429, .box_w = 22, .box_h = 39, .ofs_x = 4, .ofs_y = -10},
    {.bitmap_index = 15762, .adv_w = 392, .box_w = 22, .box_h = 31, .ofs_x = 1, .ofs_y = -9},
    {.bitmap_index = 15984, .adv_w = 385, .box_w = 24, .box_h = 29, .ofs_x = 0, .ofs_y = 0},
    {.bitmap_index = 16088, .adv_w = 188, .box_w = 14, .box_h = 31, .ofs_x = -1, .ofs_y = 0},
    {.bitmap_index = 16153, .adv_w = 520, .box_w = 25, .box_h = 37, .ofs_x = 4, .ofs_y = 0},
    {.bitmap_index = 16358, .adv_w = 436, .box_w = 21, .box_h = 31, .ofs_x = 3, .ofs_y = 0},
    {.bitmap_index = 16495, .adv_w = 397, .box_w = 23, .box_h = 37, .ofs_x = 1, .ofs_y = 0},
    {.bitmap_index = 16764, .adv_w = 321, .box_w = 19, .box_h = 31, .ofs_x = 0, .ofs_y = 0},
    {.bitmap_index = 16968, .adv_w = 420, .box_w = 25, .box_h = 37, .ofs_x = 1, .ofs_y = 0},
    {.bitmap_index = 17182, .adv_w = 333, .box_w = 19, .box_h = 31, .ofs_x = 1, .ofs_y = 0},
    {.bitmap_index = 17344, .adv_w = 420, .box_w = 25, .box_h = 37, .ofs_x = 1, .ofs_y = 0},
    {.bitmap_index = 17545, .adv_w = 333, .box_w = 19, .box_h = 31, .ofs_x = 1, .ofs_y = 0},
    {.bitmap_index = 17697, .adv_w = 426, .box_w = 21, .box_h = 37, .ofs_x = 4, .ofs_y = 0},
    {.bitmap_index = 17804, .adv_w = 426, .box_w = 21, .box_h = 36, .ofs_x = 4, .ofs_y = 0},
    {.bitmap_index = 17912, .adv_w = 533, .box_w = 32, .box_h = 30, .ofs_x = 0, .ofs_y = -1},
    {.bitmap_index = 18086, .adv_w = 370, .box_w = 19, .box_h = 37, .ofs_x = 4, .ofs_y = 0},
    {.bitmap_index = 18167, .adv_w = 453, .box_w = 26, .box_h = 29, .ofs_x = 2, .ofs_y = 0},
    {.bitmap_index = 18391, .adv_w = 407, .box_w = 23, .box_h = 29, .ofs_x = 1, .ofs_y = 0},
    {.bitmap_index = 18619, .adv_w = 203, .box_w = 5, .box_h = 29, .ofs_x = 4, .ofs_y = 0},
    {.bitmap_index = 18628, .adv_w = 198, .box_w = 12, .box_h = 36, .ofs_x = 0, .ofs_y = 0},
    {.bitmap_index = 18683, .adv_w = 346, .box_w = 18, .box_h = 29, .ofs_x = 0, .ofs_y = 0},
    {.bitmap_index = 18770, .adv_w = 760, .box_w = 46, .box_h = 29, .ofs_x = 0, .ofs_y = 0},
    {.bitmap_index = 19011, .adv_w = 755, .box_w = 42, .box_h = 29, .ofs_x = 4, .ofs_y = 0},
    {.bitmap_index = 19164, .adv_w = 538, .box_w = 32, .box_h = 29, .ofs_x = 0, .ofs_y = 0},
    {.bitmap_index = 19284, .adv_w = 455, .box_w = 24, .box_h = 37, .ofs_x = 4, .ofs_y = 0},
    {.bitmap_index = 19512, .adv_w = 527, .box_w = 25, .box_h = 37, .ofs_x = 4, .ofs_y = 0},
    {.bitmap_index = 19718, .adv_w = 442, .box_w = 28, .box_h = 38, .ofs_x = 0, .ofs_y = -1},
    {.bitmap_index = 20037, .adv_w = 516, .box_w = 24, .box_h = 36, .ofs_x = 4, .ofs_y = -7},
    {.bitmap_index = 20100, .adv_w = 485, .box_w = 30, .box_h = 29, .ofs_x = 0, .ofs_y = 0},
    {.bitmap_index = 20350, .adv_w = 468, .box_w = 24, .box_h = 29, .ofs_x = 4, .ofs_y = 0},
    {.bitmap_index = 20484, .adv_w = 478, .box_w = 24, .box_h = 29, .ofs_x = 4, .ofs_y = 0},
    {.bitmap_index = 20663, .adv_w = 370, .box_w = 19, .box_h = 29, .ofs_x = 4, .ofs_y = 0},
    {.bitmap_index = 20701, .adv_w = 515, .box_w = 32, .box_h = 36, .ofs_x = 0, .ofs_y = -7},
    {.bitmap_index = 20869, .adv_w = 426, .box_w = 21, .box_h = 29, .ofs_x = 4, .ofs_y = 0},
    {.bitmap_index = 20932, .adv_w = 659, .box_w = 41, .box_h = 29, .ofs_x = 0, .ofs_y = 0},
    {.bitmap_index = 21251, .adv_w = 405, .box_w = 24, .box_h = 29, .ofs_x = 0, .ofs_y = 0},
    {.bitmap_index = 21465, .adv_w = 527, .box_w = 25, .box_h = 29, .ofs_x = 4, .ofs_y = 0},
    {.bitmap_index = 21624, .adv_w = 527, .box_w = 25, .box_h = 37, .ofs_x = 4, .ofs_y = 0},
    {.bitmap_index = 21850, .adv_w = 455, .box_w = 24, .box_h = 29, .ofs_x = 4, .ofs_y = 0},
    {.bitmap_index = 22031, .adv_w = 506, .box_w = 28, .box_h = 29, .ofs_x = 0, .ofs_y = 0},
    {.bitmap_index = 22174, .adv_w = 616, .box_w = 31, .box_h = 29, .ofs_x = 4, .ofs_y = 0},
    {.bitmap_index = 22398, .adv_w = 525, .box_w = 25, .box_h = 29, .ofs_x = 4, .ofs_y = 0},
    {.bitmap_index = 22450, .adv_w = 543, .box_w = 30, .box_h = 29, .ofs_x = 2, .ofs_y = 0},
    {.bitmap_index = 22729, .adv_w = 525, .box_w = 25, .box_h = 29, .ofs_x = 4, .ofs_y = 0},
    {.bitmap_index = 22773, .adv_w = 457, .box_w = 23, .box_h = 29, .ofs_x = 4, .ofs_y = 0},
    {.bitmap_index = 22908, .adv_w = 460, .box_w = 26, .box_h = 29, .ofs_x = 2, .ofs_y = 0},
    {.bitmap_index = 23133, .adv_w = 386, .box_w = 24, .box_h = 29, .ofs_x = 0, .ofs_y = 0},
    {.bitmap_index = 23179, .adv_w = 442, .box_w = 28, .box_h = 30, .ofs_x = 0, .ofs_y = -1},
    {.bitmap_index = 23432, .adv_w = 593, .box_w = 35, .box_h = 31, .ofs_x = 1, .ofs_y = -1},
    {.bitmap_index = 23727, .adv_w = 428, .box_w = 27, .box_h = 29, .ofs_x = 0, .ofs_y = 0},
    {.bitmap_index = 23982, .adv_w = 531, .box_w = 29, .box_h = 36, .ofs_x = 4, .ofs_y = -7},
    {.bitmap_index = 24056, .adv_w = 460, .box_w = 24, .box_h = 29, .ofs_x = 1, .ofs_y = 0},
    {.bitmap_index = 24167, .adv_w = 701, .box_w = 36, .box_h = 29, .ofs_x = 4, .ofs_y = 0},
    {.bitmap_index = 24235, .adv_w = 717, .box_w = 40, .box_h = 36, .ofs_x = 4, .ofs_y = -7},
    {.bitmap_index = 24331, .adv_w = 530, .box_w = 32, .box_h = 29, .ofs_x = 0, .ofs_y = 0},
    {.bitmap_index = 24475, .adv_w = 636, .box_w = 32, .box_h = 29, .ofs_x = 4, .ofs_y = 0},
    {.bitmap_index = 24615, .adv_w = 456, .box_w = 23, .box_h = 29, .ofs_x = 4, .ofs_y = 0},
    {.bitmap_index = 24739, .adv_w = 452, .box_w = 26, .box_h = 29, .ofs_x = 1, .ofs_y = 0},
    {.bitmap_index = 24966, .adv_w = 703, .box_w = 38, .box_h = 29, .ofs_x = 4, .ofs_y = 0},
    {.bitmap_index = 25286, .adv_w = 468, .box_w = 23, .box_h = 29, .ofs_x = 2, .ofs_y = 0},
    {.bitmap_index = 25458, .adv_w = 377, .box_w = 20, .box_h = 22, .ofs_x = 1, .ofs_y = 0},
    {.bitmap_index = 25612, .adv_w = 424, .box_w = 23, .box_h = 32, .ofs_x = 2, .ofs_y = 0},
    {.bitmap_index = 25878, .adv_w = 393, .box_w = 20, .box_h = 22, .ofs_x = 3, .ofs_y = 0},
    {.bitmap_index = 26010, .adv_w = 312, .box_w = 17, .box_h = 22, .ofs_x = 3, .ofs_y = 0},
    {.bitmap_index = 26038, .adv_w = 425, .box_w = 26, .box_h = 28, .ofs_x = 0, .ofs_y = -6},
    {.bitmap_index = 26173, .adv_w = 402, .box_w = 22, .box_h = 22, .ofs_x = 1, .ofs_y = 0},
    {.bitmap_index = 26340, .adv_w = 543, .box_w = 34, .box_h = 22, .ofs_x = 0, .ofs_y = 0},
    {.bitmap_index = 26567, .adv_w = 348, .box_w = 19, .box_h = 22, .ofs_x = 1, .ofs_y = 0},
    {.bitmap_index = 26719, .adv_w = 444, .box_w = 22, .box_h = 22, .ofs_x = 3, .ofs_y = 0},
    {.bitmap_index = 26841, .adv_w = 444, .box_w = 22, .box_h = 31, .ofs_x = 3, .ofs_y = 0},
    {.bitmap_index = 27023, .adv_w = 383, .box_w = 21, .box_h = 22, .ofs_x = 3, .ofs_y = 0},
    {.bitmap_index = 27157, .adv_w = 410, .box_w = 22, .box_h = 22, .ofs_x = 0, .ofs_y = 0},
    {.bitmap_index = 27273, .adv_w = 511, .box_w = 26, .box_h = 22, .ofs_x = 3, .ofs_y = 0},
    {.bitmap_index = 27434, .adv_w = 436, .box_w = 21, .box_h = 22, .ofs_x = 3, .ofs_y = 0},
    {.bitmap_index = 27475, .adv_w = 410, .box_w = 23, .box_h = 22, .ofs_x = 1, .ofs_y = 0},
    {.bitmap_index = 27658, .adv_w = 433, .box_w = 21, .box_h = 22, .ofs_x = 3, .ofs_y = 0},
    {.bitmap_index = 27690, .adv_w = 440, .box_w = 23, .box_h = 30, .ofs_x = 3, .ofs_y = -8},
    {.bitmap_index = 27882, .adv_w = 365, .box_w = 21, .box_h = 22, .ofs_x = 1, .ofs_y = 0},
    {.bitmap_index = 28040, .adv_w = 316, .box_w = 20, .box_h = 22, .ofs_x = 0, .ofs_y = 0},
    {.bitmap_index = 28076, .adv_w = 365, .box_w = 24, .box_h = 30, .ofs_x = -1, .ofs_y = -8},
    {.bitmap_index = 28310, .adv_w = 515, .box_w = 30, .box_h = 39, .ofs_x = 1, .ofs_y = -8},
    {.bitmap_index = 28564, .adv_w = 346, .box_w = 22, .box_h = 22, .ofs_x = 0, .ofs_y = 0},
    {.bitmap_index = 28743, .adv_w = 442, .box_w = 24, .box_h = 28, .ofs_x = 3, .ofs_y = -6},
    {.bitmap_index = 28798, .adv_w = 390, .box_w = 20, .box_h = 22, .ofs_x = 1, .ofs_y = 0},
    {.bitmap_index = 28877, .adv_w = 602, .box_w = 31, .box_h = 22, .ofs_x = 3, .ofs_y = 0},
    {.bitmap_index = 28930, .adv_w = 602, .box_w = 35, .box_h = 27, .ofs_x = 3, .ofs_y = -5},
    {.bitmap_index = 29004, .adv_w = 409, .box_w = 25, .box_h = 22, .ofs_x = 0, .ofs_y = 0},
    {.bitmap_index = 29111, .adv_w = 516, .box_w = 26, .box_h = 22, .ofs_x = 3, .ofs_y = 0},
    {.bitmap_index = 29211, .adv_w = 368, .box_w = 19, .box_h = 22, .ofs_x = 3, .ofs_y = 0},
    {.bitmap_index = 29301, .adv_w = 368, .box_w = 22, .box_h = 22, .ofs_x = 0, .ofs_y = 0},
    {.bitmap_index = 29464, .adv_w = 561, .box_w = 31, .box_h = 22, .ofs_x = 3, .ofs_y = 0},
    {.bitmap_index = 29683, .adv_w = 392, .box_w = 20, .box_h = 22, .ofs_x = 1, .ofs_y = 0},
    {.bitmap_index = 29813, .adv_w = 404, .box_w = 22, .box_h = 31, .ofs_x = 1, .ofs_y = 0},
    {.bitmap_index = 30025, .adv_w = 402, .box_w = 22, .box_h = 31, .ofs_x = 1, .ofs_y = 0},
    {.bitmap_index = 30239, .adv_w = 432, .box_w = 25, .box_h = 39, .ofs_x = -1, .ofs_y = -8},
    {.bitmap_index = 30422, .adv_w = 312, .box_w = 17, .box_h = 31, .ofs_x = 3, .ofs_y = 0},
    {.bitmap_index = 30491, .adv_w = 369, .box_w = 22, .box_h = 22, .ofs_x = 1, .ofs_y = 0},
    {.bitmap_index = 30650, .adv_w = 343, .box_w = 19, .box_h = 22, .ofs_x = 1, .ofs_y = 0},
    {.bitmap_index = 30814, .adv_w = 181, .box_w = 6, .box_h = 32, .ofs_x = 3, .ofs_y = 0},
    {.bitmap_index = 30846, .adv_w = 179, .box_w = 11, .box_h = 30, .ofs_x = 0, .ofs_y = 0},
    {.bitmap_index = 30892, .adv_w = 182, .box_w = 13, .box_h = 40, .ofs_x = -4, .ofs_y = -8},
    {.bitmap_index = 30976, .adv_w = 597, .box_w = 37, .box_h = 22, .ofs_x = 0, .ofs_y = 0},
    {.bitmap_index = 31163, .adv_w = 609, .box_w = 35, .box_h = 22, .ofs_x = 3, .ofs_y = 0},
    {.bitmap_index = 31278, .adv_w = 431, .box_w = 26, .box_h = 31, .ofs_x = -2, .ofs_y = 0},
    {.bitmap_index = 31412, .adv_w = 383, .box_w = 21, .box_h = 31, .ofs_x = 3, .ofs_y = 0},
    {.bitmap_index = 31592, .adv_w = 444, .box_w = 22, .box_h = 31, .ofs_x = 3, .ofs_y = 0},
    {.bitmap_index = 31759, .adv_w = 365, .box_w = 24, .box_h = 39, .ofs_x = -1, .ofs_y = -8},
    {.bitmap_index = 32057, .adv_w = 413, .box_w = 20, .box_h = 27, .ofs_x = 3, .ofs_y = -5},
    {.bitmap_index = 32102, .adv_w = 519, .box_w = 31, .box_h = 31, .ofs_x = 0, .ofs_y = 0},
    {.bitmap_index = 32267, .adv_w = 392, .box_w = 24, .box_h = 31, .ofs_x = 0, .ofs_y = 0},
    {.bitmap_index = 32393, .adv_w = 576, .box_w = 36, .box_h = 29, .ofs_x = 0, .ofs_y = 0},
    {.bitmap_index = 32683, .adv_w = 451, .box_w = 28, .box_h = 22, .ofs_x = 0, .ofs_y = 0},
    {.bitmap_index = 32884, .adv_w = 543, .box_w = 30, .box_h = 29, .ofs_x = 2, .ofs_y = 0},
    {.bitmap_index = 33156, .adv_w = 416, .box_w = 23, .box_h = 22, .ofs_x = 1, .ofs_y = 0},
    {.bitmap_index = 33339, .adv_w = 487, .box_w = 30, .box_h = 30, .ofs_x = 0, .ofs_y = 0},
    {.bitmap_index = 33602, .adv_w = 381, .box_w = 24, .box_h = 23, .ofs_x = 0, .ofs_y = 0},
    {.bitmap_index = 33783, .adv_w = 538, .box_w = 29, .box_h = 43, .ofs_x = 4, .ofs_y = -6},
    {.bitmap_index = 34062, .adv_w = 458, .box_w = 25, .box_h = 36, .ofs_x = 3, .ofs_y = -5},
    {.bitmap_index = 34291, .adv_w = 473, .box_w = 27, .box_h = 31, .ofs_x = 1, .ofs_y = 0},
    {.bitmap_index = 34446, .adv_w = 388, .box_w = 24, .box_h = 22, .ofs_x = 0, .ofs_y = 0},
    {.bitmap_index = 34560, .adv_w = 469, .box_w = 23, .box_h = 29, .ofs_x = 4, .ofs_y = 0},
    {.bitmap_index = 34739, .adv_w = 447, .box_w = 23, .box_h = 30, .ofs_x = 3, .ofs_y = -8},
    {.bitmap_index = 34949, .adv_w = 372, .box_w = 19, .box_h = 35, .ofs_x = 4, .ofs_y = 0},
    {.bitmap_index = 35000, .adv_w = 298, .box_w = 16, .box_h = 26, .ofs_x = 3, .ofs_y = 0},
    {.bitmap_index = 35034, .adv_w = 396, .box_w = 23, .box_h = 29, .ofs_x = 1, .ofs_y = 0},
    {.bitmap_index = 35097, .adv_w = 330, .box_w = 19, .box_h = 22, .ofs_x = 1, .ofs_y = 0},
    {.bitmap_index = 35149, .adv_w = 450, .box_w = 23, .box_h = 36, .ofs_x = 4, .ofs_y = -7},
    {.bitmap_index = 35338, .adv_w = 385, .box_w = 21, .box_h = 31, .ofs_x = 3, .ofs_y = -9},
    {.bitmap_index = 35492, .adv_w = 683, .box_w = 43, .box_h = 36, .ofs_x = 0, .ofs_y = -7},
    {.bitmap_index = 35845, .adv_w = 564, .box_w = 36, .box_h = 27, .ofs_x = 0, .ofs_y = -5},
    {.bitmap_index = 36098, .adv_w = 405, .box_w = 24, .box_h = 35, .ofs_x = 0, .ofs_y = -6},
    {.bitmap_index = 36324, .adv_w = 348, .box_w = 19, .box_h = 27, .ofs_x = 1, .ofs_y = -5},
    {.bitmap_index = 36488, .adv_w = 483, .box_w = 26, .box_h = 36, .ofs_x = 4, .ofs_y = -7},
    {.bitmap_index = 36686, .adv_w = 383, .box_w = 23, .box_h = 27, .ofs_x = 3, .ofs_y = -5},
    {.bitmap_index = 36838, .adv_w = 474, .box_w = 25, .box_h = 29, .ofs_x = 4, .ofs_y = 0},
    {.bitmap_index = 37027, .adv_w = 393, .box_w = 22, .box_h = 22, .ofs_x = 3, .ofs_y = 0},
    {.bitmap_index = 37170, .adv_w = 469, .box_w = 28, .box_h = 29, .ofs_x = 1, .ofs_y = 0},
    {.bitmap_index = 37365, .adv_w = 382, .box_w = 24, .box_h = 31, .ofs_x = 0, .ofs_y = 0},
    {.bitmap_index = 37534, .adv_w = 529, .box_w = 33, .box_h = 29, .ofs_x = 0, .ofs_y = 0},
    {.bitmap_index = 37721, .adv_w = 429, .box_w = 27, .box_h = 22, .ofs_x = 0, .ofs_y = 0},
    {.bitmap_index = 37866, .adv_w = 542, .box_w = 29, .box_h = 36, .ofs_x = 4, .ofs_y = -7},
    {.bitmap_index = 37954, .adv_w = 449, .box_w = 24, .box_h = 27, .ofs_x = 3, .ofs_y = -5},
    {.bitmap_index = 38021, .adv_w = 696, .box_w = 39, .box_h = 29, .ofs_x = 4, .ofs_y = 0},
    {.bitmap_index = 38102, .adv_w = 567, .box_w = 33, .box_h = 22, .ofs_x = 3, .ofs_y = 0},
    {.bitmap_index = 38163, .adv_w = 765, .box_w = 43, .box_h = 36, .ofs_x = 4, .ofs_y = -7},
    {.bitmap_index = 38372, .adv_w = 625, .box_w = 36, .box_h = 31, .ofs_x = 3, .ofs_y = -9},
    {.bitmap_index = 38548, .adv_w = 623, .box_w = 35, .box_h = 29, .ofs_x = 2, .ofs_y = 0},
    {.bitmap_index = 38927, .adv_w = 508, .box_w = 29, .box_h = 22, .ofs_x = 1, .ofs_y = 0},
    {.bitmap_index = 39183, .adv_w = 460, .box_w = 26, .box_h = 35, .ofs_x = 2, .ofs_y = -6},
    {.bitmap_index = 39420, .adv_w = 365, .box_w = 21, .box_h = 27, .ofs_x = 1, .ofs_y = -5},
    {.bitmap_index = 39590, .adv_w = 386, .box_w = 24, .box_h = 36, .ofs_x = 0, .ofs_y = -7},
    {.bitmap_index = 39656, .adv_w = 316, .box_w = 20, .box_h = 27, .ofs_x = 0, .ofs_y = -5},
    {.bitmap_index = 39707, .adv_w = 427, .box_w = 27, .box_h = 29, .ofs_x = 0, .ofs_y = 0},
    {.bitmap_index = 39891, .adv_w = 367, .box_w = 23, .box_h = 30, .ofs_x = 0, .ofs_y = -8},
    {.bitmap_index = 40079, .adv_w = 427, .box_w = 27, .box_h = 29, .ofs_x = 0, .ofs_y = 0},
    {.bitmap_index = 40270, .adv_w = 367, .box_w = 23, .box_h = 30, .ofs_x = 0, .ofs_y = -8},
    {.bitmap_index = 40464, .adv_w = 451, .box_w = 28, .box_h = 36, .ofs_x = 0, .ofs_y = -7},
    {.bitmap_index = 40741, .adv_w = 346, .box_w = 24, .box_h = 27, .ofs_x = 0, .ofs_y = -5},
    {.bitmap_index = 40941, .adv_w = 623, .box_w = 38, .box_h = 36, .ofs_x = 0, .ofs_y = -7},
    {.bitmap_index = 41044, .adv_w = 493, .box_w = 30, .box_h = 27, .ofs_x = 0, .ofs_y = -5},
    {.bitmap_index = 41118, .adv_w = 477, .box_w = 28, .box_h = 36, .ofs_x = 1, .ofs_y = -7},
    {.bitmap_index = 41258, .adv_w = 406, .box_w = 23, .box_h = 27, .ofs_x = 1, .ofs_y = -5},
    {.bitmap_index = 41360, .adv_w = 471, .box_w = 24, .box_h = 29, .ofs_x = 1, .ofs_y = 0},
    {.bitmap_index = 41476, .adv_w = 390, .box_w = 20, .box_h = 22, .ofs_x = 1, .ofs_y = 0},
    {.bitmap_index = 41561, .adv_w = 471, .box_w = 24, .box_h = 29, .ofs_x = 4, .ofs_y = 0},
    {.bitmap_index = 41666, .adv_w = 431, .box_w = 21, .box_h = 31, .ofs_x = 3, .ofs_y = 0},
    {.bitmap_index = 41769, .adv_w = 633, .box_w = 37, .box_h = 29, .ofs_x = 1, .ofs_y = 0},
    {.bitmap_index = 42072, .adv_w = 493, .box_w = 30, .box_h = 22, .ofs_x = 0, .ofs_y = 0},
    {.bitmap_index = 42285, .adv_w = 633, .box_w = 37, .box_h = 35, .ofs_x = 1, .ofs_y = -6},
    {.bitmap_index = 42603, .adv_w = 493, .box_w = 30, .box_h = 27, .ofs_x = 0, .ofs_y = -5},
    {.bitmap_index = 42832, .adv_w = 204, .box_w = 5, .box_h = 29, .ofs_x = 4, .ofs_y = 0},
    {.bitmap_index = 42841, .adv_w = 659, .box_w = 41, .box_h = 37, .ofs_x = 0, .ofs_y = 0},
    {.bitmap_index = 43232, .adv_w = 543, .box_w = 34, .box_h = 31, .ofs_x = 0, .ofs_y = 0},
    {.bitmap_index = 43527, .adv_w = 457, .box_w = 24, .box_h = 37, .ofs_x = 4, .ofs_y = -8},
    {.bitmap_index = 43764, .adv_w = 383, .box_w = 21, .box_h = 30, .ofs_x = 3, .ofs_y = -8},
    {.bitmap_index = 43944, .adv_w = 516, .box_w = 32, .box_h = 35, .ofs_x = 0, .ofs_y = -6},
    {.bitmap_index = 44133, .adv_w = 424, .box_w = 26, .box_h = 27, .ofs_x = 0, .ofs_y = -5},
    {.bitmap_index = 44290, .adv_w = 524, .box_w = 25, .box_h = 38, .ofs_x = 4, .ofs_y = -9},
    {.bitmap_index = 44395, .adv_w = 440, .box_w = 21, .box_h = 30, .ofs_x = 3, .ofs_y = -8},
    {.bitmap_index = 44484, .adv_w = 536, .box_w = 29, .box_h = 35, .ofs_x = 4, .ofs_y = -6},
    {.bitmap_index = 44592, .adv_w = 449, .box_w = 24, .box_h = 27, .ofs_x = 3, .ofs_y = -5},
    {.bitmap_index = 44676, .adv_w = 468, .box_w = 23, .box_h = 36, .ofs_x = 2, .ofs_y = -7},
    {.bitmap_index = 44795, .adv_w = 388, .box_w = 20, .box_h = 27, .ofs_x = 1, .ofs_y = -5},
    {.bitmap_index = 44889, .adv_w = 633, .box_w = 35, .box_h = 35, .ofs_x = 4, .ofs_y = -6},
    {.bitmap_index = 45172, .adv_w = 530, .box_w = 29, .box_h = 27, .ofs_x = 3, .ofs_y = -5},
    {.bitmap_index = 45383, .adv_w = 181, .box_w = 5, .box_h = 31, .ofs_x = 3, .ofs_y = 0},
    {.bitmap_index = 45394, .adv_w = 485, .box_w = 30, .box_h = 37, .ofs_x = 0, .ofs_y = 0},
    {.bitmap_index = 45711, .adv_w = 377, .box_w = 20, .box_h = 31, .ofs_x = 1, .ofs_y = 0},
    {.bitmap_index = 45917, .adv_w = 485, .box_w = 30, .box_h = 36, .ofs_x = 0, .ofs_y = 0},
    {.bitmap_index = 46217, .adv_w = 377, .box_w = 20, .box_h = 31, .ofs_x = 1, .ofs_y = 0},
    {.bitmap_index = 46414, .adv_w = 669, .box_w = 40, .box_h = 29, .ofs_x = 0, .ofs_y = 0},
    {.bitmap_index = 46625, .adv_w = 637, .box_w = 37, .box_h = 22, .ofs_x = 1, .ofs_y = 0},
    {.bitmap_index = 46914, .adv_w = 426, .box_w = 21, .box_h = 37, .ofs_x = 4, .ofs_y = 0},
    {.bitmap_index = 47038, .adv_w = 404, .box_w = 22, .box_h = 31, .ofs_x = 1, .ofs_y = 0},
    {.bitmap_index = 47260, .adv_w = 527, .box_w = 30, .box_h = 29, .ofs_x = 1, .ofs_y = 0},
    {.bitmap_index = 47515, .adv_w = 392, .box_w = 22, .box_h = 22, .ofs_x = 1, .ofs_y = 0},
    {.bitmap_index = 47686, .adv_w = 527, .box_w = 30, .box_h = 37, .ofs_x = 1, .ofs_y = 0},
    {.bitmap_index = 47994, .adv_w = 393, .box_w = 22, .box_h = 31, .ofs_x = 1, .ofs_y = 0},
    {.bitmap_index = 48210, .adv_w = 659, .box_w = 41, .box_h = 36, .ofs_x = 0, .ofs_y = 0},
    {.bitmap_index = 48580, .adv_w = 543, .box_w = 34, .box_h = 30, .ofs_x = 0, .ofs_y = 0},
    {.bitmap_index = 48862, .adv_w = 405, .box_w = 24, .box_h = 37, .ofs_x = 0, .ofs_y = 0},
    {.bitmap_index = 49126, .adv_w = 348, .box_w = 19, .box_h = 31, .ofs_x = 1, .ofs_y = 0},
    {.bitmap_index = 49323, .adv_w = 399, .box_w = 22, .box_h = 29, .ofs_x = 1, .ofs_y = 0},
    {.bitmap_index = 49508, .adv_w = 337, .box_w = 21, .box_h = 30, .ofs_x = -1, .ofs_y = -8},
    {.bitmap_index = 49696, .adv_w = 527, .box_w = 25, .box_h = 35, .ofs_x = 4, .ofs_y = 0},
    {.bitmap_index = 49877, .adv_w = 444, .box_w = 22, .box_h = 29, .ofs_x = 3, .ofs_y = 0},
    {.bitmap_index = 50020, .adv_w = 527, .box_w = 25, .box_h = 36, .ofs_x = 4, .ofs_y = 0},
    {.bitmap_index = 50231, .adv_w = 444, .box_w = 22, .box_h = 30, .ofs_x = 3, .ofs_y = 0},
    {.bitmap_index = 50399, .adv_w = 543, .box_w = 30, .box_h = 37, .ofs_x = 2, .ofs_y = 0},
    {.bitmap_index = 50730, .adv_w = 410, .box_w = 23, .box_h = 31, .ofs_x = 1, .ofs_y = 0},
    {.bitmap_index = 50957, .adv_w = 543, .box_w = 30, .box_h = 29, .ofs_x = 2, .ofs_y = 0},
    {.bitmap_index = 51229, .adv_w = 410, .box_w = 23, .box_h = 22, .ofs_x = 1, .ofs_y = 0},
    {.bitmap_index = 51412, .adv_w = 543, .box_w = 30, .box_h = 37, .ofs_x = 2, .ofs_y = 0},
    {.bitmap_index = 51736, .adv_w = 410, .box_w = 23, .box_h = 31, .ofs_x = 1, .ofs_y = 0},
    {.bitmap_index = 51963, .adv_w = 452, .box_w = 26, .box_h = 37, .ofs_x = 1, .ofs_y = 0},
    {.bitmap_index = 52239, .adv_w = 368, .box_w = 22, .box_h = 31, .ofs_x = 0, .ofs_y = 0},
    {.bitmap_index = 52451, .adv_w = 442, .box_w = 28, .box_h = 37, .ofs_x = 0, .ofs_y = -1},
    {.bitmap_index = 52730, .adv_w = 365, .box_w = 24, .box_h = 37, .ofs_x = -1, .ofs_y = -8},
    {.bitmap_index = 52987, .adv_w = 442, .box_w = 28, .box_h = 38, .ofs_x = 0, .ofs_y = -1},
    {.bitmap_index = 53293, .adv_w = 365, .box_w = 24, .box_h = 38, .ofs_x = -1, .ofs_y = -8},
    {.bitmap_index = 53579, .adv_w = 442, .box_w = 28, .box_h = 38, .ofs_x = 0, .ofs_y = -1},
    {.bitmap_index = 53899, .adv_w = 365, .box_w = 24, .box_h = 39, .ofs_x = -1, .ofs_y = -8},
    {.bitmap_index = 54196, .adv_w = 460, .box_w = 24, .box_h = 36, .ofs_x = 1, .ofs_y = 0},
    {.bitmap_index = 54359, .adv_w = 390, .box_w = 20, .box_h = 30, .ofs_x = 1, .ofs_y = 0},
    {.bitmap_index = 54484, .adv_w = 370, .box_w = 19, .box_h = 36, .ofs_x = 4, .ofs_y = -7},
    {.bitmap_index = 54543, .adv_w = 312, .box_w = 17, .box_h = 27, .ofs_x = 3, .ofs_y = -5},
    {.bitmap_index = 54590, .adv_w = 636, .box_w = 32, .box_h = 36, .ofs_x = 4, .ofs_y = 0},
    {.bitmap_index = 54783, .adv_w = 516, .box_w = 26, .box_h = 30, .ofs_x = 3, .ofs_y = 0},
    {.bitmap_index = 54933, .adv_w = 396, .box_w = 23, .box_h = 37, .ofs_x = 1, .ofs_y = -8},
    {.bitmap_index = 55054, .adv_w = 315, .box_w = 19, .box_h = 30, .ofs_x = 0, .ofs_y = -8},
    {.bitmap_index = 55161, .adv_w = 430, .box_w = 26, .box_h = 37, .ofs_x = 0, .ofs_y = -8},
    {.bitmap_index = 55470, .adv_w = 346, .box_w = 22, .box_h = 30, .ofs_x = 0, .ofs_y = -8},
    {.bitmap_index = 55700, .adv_w = 438, .box_w = 26, .box_h = 29, .ofs_x = 1, .ofs_y = 0},
    {.bitmap_index = 55949, .adv_w = 364, .box_w = 22, .box_h = 22, .ofs_x = 0, .ofs_y = 0},
    {.bitmap_index = 56126, .adv_w = 201, .box_w = 8, .box_h = 8, .ofs_x = 2, .ofs_y = 8},
    {.bitmap_index = 56153, .adv_w = 442, .box_w = 25, .box_h = 6, .ofs_x = 1, .ofs_y = 0}
};

/*---------------------
 *  CHARACTER MAPPING
 *--------------------*/

static const uint16_t unicode_list_1[] = {
    0x0, 0x23, 0x43, 0x54, 0x55, 0x56, 0x57, 0x68,
    0x69, 0x91, 0x92, 0x93, 0x94, 0xaa, 0xab, 0xc9,
    0xca, 0xcb, 0xcc
};

static const uint16_t unicode_list_3[] = {
    0x0, 0x1, 0x8, 0x9, 0x10, 0x11, 0x12, 0x13
};

static const uint16_t unicode_list_5[] = {
    0x0, 0x4
};

/*Collect the unicode lists and glyph_id offsets*/
static const lv_font_fmt_txt_cmap_t cmaps[] =
{
    {
        .range_start = 32, .range_length = 95, .glyph_id_start = 1,
        .unicode_list = NULL, .glyph_id_ofs_list = NULL, .list_length = 0, .type = LV_FONT_FMT_TXT_CMAP_FORMAT0_TINY
    },
    {
        .range_start = 176, .range_length = 205, .glyph_id_start = 96,
        .unicode_list = unicode_list_1, .glyph_id_ofs_list = NULL, .list_length = 19, .type = LV_FONT_FMT_TXT_CMAP_SPARSE_TINY
    },
    {
        .range_start = 1024, .range_length = 96, .glyph_id_start = 115,
        .unicode_list = NULL, .glyph_id_ofs_list = NULL, .list_length = 0, .type = LV_FONT_FMT_TXT_CMAP_FORMAT0_TINY
    },
    {
        .range_start = 1122, .range_length = 20, .glyph_id_start = 211,
        .unicode_list = unicode_list_3, .glyph_id_ofs_list = NULL, .list_length = 8, .type = LV_FONT_FMT_TXT_CMAP_SPARSE_TINY
    },
    {
        .range_start = 1162, .range_length = 118, .glyph_id_start = 219,
        .unicode_list = NULL, .glyph_id_ofs_list = NULL, .list_length = 0, .type = LV_FONT_FMT_TXT_CMAP_FORMAT0_TINY
    },
    {
        .range_start = 8226, .range_length = 5, .glyph_id_start = 337,
        .unicode_list = unicode_list_5, .glyph_id_ofs_list = NULL, .list_length = 2, .type = LV_FONT_FMT_TXT_CMAP_SPARSE_TINY
    }
};

/*-----------------
 *    KERNING
 *----------------*/


/*Map glyph_ids to kern left classes*/
static const uint8_t kern_left_class_mapping[] =
{
    0, 0, 1, 2, 0, 3, 4, 5,
    2, 6, 0, 7, 8, 9, 8, 9,
    10, 11, 0, 12, 13, 14, 15, 16,
    17, 18, 11, 19, 19, 0, 0, 0,
    20, 21, 0, 0, 0, 0, 0, 0,
    0, 0, 0, 0, 0, 0, 0, 0,
    0, 0, 0, 0, 0, 0, 0, 0,
    0, 0, 0, 0, 22, 23, 0, 0,
    24, 0, 0, 0, 0, 0, 0, 0,
    0, 0, 0, 0, 0, 0, 0, 0,
    0, 0, 0, 0, 0, 0, 0, 0,
    0, 0, 0, 0, 22, 0, 0, 8,
    25, 0, 0, 0, 0, 0, 0, 0,
    0, 0, 0, 0, 0, 0, 0, 0,
    0, 0, 0, 0, 0, 0, 0, 0,
    0, 0, 0, 0, 0, 0, 0, 0,
    0, 0, 0, 0, 0, 0, 0, 0,
    0, 0, 0, 0, 0, 0, 0, 0,
    0, 0, 0, 0, 0, 0, 0, 0,
    0, 0, 0, 0, 0, 0, 0, 0,
    0, 0, 0, 0, 0, 0, 0, 0,
    0, 0, 0, 0, 0, 0, 0, 0,
    0, 0, 0, 0, 0, 0, 0, 0,
    0, 0, 0, 0, 0, 0, 0, 0,
    0, 0, 0, 0, 0, 0, 0, 0,
    0, 0, 0, 0, 0, 0, 0, 0,
    0, 0, 0, 0, 0, 0, 0, 0,
    0, 0, 0, 0, 0, 0, 0, 0,
    0, 0, 0, 0, 0, 0, 0, 0,
    0, 0, 0, 0, 0, 0, 0, 0,
    0, 0, 0, 0, 0, 0, 0, 0,
    0, 0, 0, 0, 0, 0, 0, 0,
    0, 0, 0, 0, 0, 0, 0, 0,
    0, 0, 0, 0, 0, 0, 0, 0,
    0, 0, 0, 0, 0, 0, 0, 0,
    0, 0, 0, 0, 0, 0, 0, 0,
    0, 0, 0, 0, 0, 0, 0, 0,
    0, 0, 0, 0, 0, 0, 0, 0,
    0, 0, 0, 0, 0, 0, 0, 0,
    0, 0, 0, 0, 0, 0, 0, 0,
    0, 0, 0, 0, 0, 0, 0, 0,
    0, 0, 0, 0, 0, 0, 0, 0,
    0, 8, 9
};

/*Map glyph_ids to kern right classes*/
static const uint8_t kern_right_class_mapping[] =
{
    0, 0, 1, 2, 0, 3, 4, 5,
    2, 0, 6, 7, 8, 9, 8, 9,
    10, 11, 12, 13, 14, 15, 16, 11,
    17, 18, 19, 20, 20, 0, 0, 0,
    21, 22, 0, 0, 0, 0, 0, 0,
    0, 0, 0, 0, 0, 0, 0, 0,
    0, 0, 0, 0, 0, 0, 0, 0,
    0, 0, 0, 0, 23, 24, 25, 0,
    26, 0, 0, 0, 0, 0, 0, 0,
    0, 0, 0, 0, 0, 0, 0, 0,
    0, 0, 0, 0, 0, 0, 0, 0,
    0, 0, 0, 0, 0, 0, 25, 8,
    27, 0, 0, 0, 0, 0, 0, 0,
    0, 0, 0, 0, 0, 0, 0, 0,
    0, 0, 0, 0, 0, 0, 0, 0,
    0, 0, 0, 0, 0, 0, 0, 0,
    0, 0, 0, 0, 0, 0, 0, 0,
    0, 0, 0, 0, 0, 0, 0, 0,
    0, 0, 0, 0, 0, 0, 0, 0,
    0, 0, 0, 0, 0, 0, 0, 0,
    0, 0, 0, 0, 0, 0, 0, 0,
    0, 0, 0, 0, 0, 0, 0, 0,
    0, 0, 0, 0, 0, 0, 0, 0,
    0, 0, 0, 0, 0, 0, 0, 0,
    0, 0, 0, 0, 0, 0, 0, 0,
    0, 0, 0, 0, 0, 0, 0, 0,
    0, 0, 0, 0, 0, 0, 0, 0,
    0, 0, 0, 0, 0, 0, 0, 0,
    0, 0, 0, 0, 0, 0, 0, 0,
    0, 0, 0, 0, 0, 0, 0, 0,
    0, 0, 0, 0, 0, 0, 0, 0,
    0, 0, 0, 0, 0, 0, 0, 0,
    0, 0, 0, 0, 0, 0, 0, 0,
    0, 0, 0, 0, 0, 0, 0, 0,
    0, 0, 0, 0, 0, 0, 0, 0,
    0, 0, 0, 0, 0, 0, 0, 0,
    0, 0, 0, 0, 0, 0, 0, 0,
    0, 0, 0, 0, 0, 0, 0, 0,
    0, 0, 0, 0, 0, 0, 0, 0,
    0, 0, 0, 0, 0, 0, 0, 0,
    0, 0, 0, 0, 0, 0, 0, 0,
    0, 0, 0, 0, 0, 0, 0, 0,
    0, 8, 9
};

/*Kern values between classes*/
static const int8_t kern_class_values[] =
{
    0, 0, 0, 0, 0, 0, 4, 0,
    0, 0, 0, 6, 0, 0, 0, 0,
    4, 0, 0, 0, 0, 0, 0, 0,
    0, 0, 0, 0, 29, 0, 17, -14,
    0, 13, 0, -35, -38, 4, 30, 14,
    11, -26, 4, 31, 1, 27, 6, 20,
    -10, 0, 38, 5, -4, 13, 0, -19,
    0, 0, 0, 0, -13, 11, 13, 0,
    0, -6, 0, -4, 6, 0, -6, 0,
    -6, -3, -13, 0, 0, -6, 0, -13,
    -10, 0, -17, 0, -77, 0, -13, -32,
    13, 19, 0, 0, -13, 6, 6, 21,
    13, -11, 13, 0, 0, -36, 0, 0,
    -24, 0, 0, -17, -8, -31, 0, -26,
    -4, 0, -19, 0, 1, 25, 0, -19,
    -5, 0, 0, 0, -11, 0, 0, -4,
    -47, 0, 0, -51, -5, 24, -26, 0,
    0, 0, 0, 0, 0, 0, 0, 0,
    21, 0, 6, 0, 0, -13, 0, 0,
    0, 0, 0, 0, 0, 0, 24, 5,
    0, 0, 4, 13, 6, 19, -6, 0,
    13, -6, -21, -88, 4, 17, 13, 1,
    -8, 0, 23, 0, 20, 0, 20, 0,
    0, 0, 0, -6, 19, 0, 0, -11,
    -24, 0, 0, -6, 0, -4, 0, 4,
    -12, -8, -13, 4, 0, -6, 0, 0,
    0, -26, 4, 0, -42, 0, 0, 0,
    0, -35, 6, -40, 0, 0, -21, -4,
    0, 63, -8, -8, 6, 6, -6, 0,
    -8, 6, 0, 0, -34, -13, 0, -62,
    0, 6, -40, 0, 38, -13, 0, -24,
    21, 0, -44, -62, -44, -13, 19, 0,
    0, -43, 0, 8, -15, 0, -10, 0,
    -13, 0, 17, 19, -78, 30, 0, 4,
    0, 0, 0, 0, 4, 4, -8, -13,
    0, 0, 0, -6, 0, 0, -4, 0,
    0, 0, -13, 0, 0, -13, 0, -13,
    1, 0, 0, 0, 6, -4, 0, 0,
    -4, 6, 6, -1, 0, 0, 0, -12,
    0, -1, 0, 0, 0, 0, 0, 0,
    -4, 0, 19, 0, 0, -6, 0, -6,
    0, 0, 0, 0, 0, 0, 0, 0,
    -3, -3, 0, -6, -8, 0, 0, 0,
    0, 0, 0, 0, 0, 0, -10, 0,
    -19, -4, -19, 13, 0, -13, 6, 13,
    17, 0, -16, -1, -8, 0, -1, -30,
    6, -4, 4, -34, 6, 0, -32, 0,
    13, -19, 0, 0, 0, -6, 0, 0,
    -6, 0, 0, 0, 0, 0, -3, -3,
    0, -3, -8, 0, 0, 0, 0, 0,
    0, -6, 0, 0, -8, 0, -4, 0,
    -13, 6, 0, -8, 3, 6, 6, 0,
    0, 0, 0, 0, 0, -4, 0, 0,
    0, 0, 0, 0, 0, 0, 0, -12,
    0, 19, -4, 0, -20, 0, 17, -32,
    -33, -27, -13, 6, 0, -5, -42, -12,
    0, -12, 0, -13, 10, -12, 0, 6,
    -1, -19, 4, 0, 1, 0, -6, 0,
    0, 4, 0, 6, 0, 0, 0, 0,
    0, 0, 0, 0, 0, 0, 0, -6,
    0, 0, -19, 0, 0, 0, 0, 6,
    0, 0, 0, 0, 0, 0, 0, 31,
    0, 0, 0, 0, 0, 0, 4, 0,
    0, 0, -6, 0, 0, -12, 0, 6,
    0, -4, 0, 0, 0, -12, 0, 8,
    0, -32, -19, 0, 0, 0, -10, -32,
    0, 0, -6, 6, 0, -29, 0, -10,
    0, 0, -12, 6, 0, -10, 0, 0,
    0, 8, 0, 4, -13, -13, 0, -6,
    -6, -8, 0, 0, 0, 0, 0, 0,
    -19, 0, 0, -13, 5, -19, 6, 0,
    5, 0, 0, 0, 5, 0, -5, 0,
    24, 0, 12, 0, 0, -8, 0, 13,
    0, 0, 0, 5, 0, 0, 19, 0,
    18, 0, 0, -38, 0, -6, 11, 19,
    -88, 0, 63, 8, -13, -13, 6, 6,
    -4, 0, -32, 0, 0, 31, -38, -13,
    0, -44, 24, 90, -38, 0, -4, 13,
    -17, 0, 0, -6, 0, 6, 83, -13,
    -5, 20, 17, -17, 6, 0, 0, 6,
    6, -8, -19, 0, -83, 18, 0, 0,
    0, 13, 13, 15, 0, 0, 19, 0,
    -40, -36, 1, 28, 19, 11, -26, 4,
    27, 0, 24, 0, 13, 6, 0, 34,
    0, 0, 0
};


/*Collect the kern class' data in one place*/
static const lv_font_fmt_txt_kern_classes_t kern_classes =
{
    .class_pair_values   = kern_class_values,
    .left_class_mapping  = kern_left_class_mapping,
    .right_class_mapping = kern_right_class_mapping,
    .left_class_cnt      = 25,
    .right_class_cnt     = 27,
};

/*--------------------
 *  ALL CUSTOM DATA
 *--------------------*/

#if LV_VERSION_CHECK(8, 0, 0)
/*Store all the custom data of the font*/
static  lv_font_fmt_txt_glyph_cache_t cache;
static const lv_font_fmt_txt_dsc_t font_dsc = {
#else
static lv_font_fmt_txt_dsc_t font_dsc = {
#endif
    .glyph_bitmap = glyph_bitmap,
    .glyph_dsc = glyph_dsc,
    .cmaps = cmaps,
    .kern_dsc = &kern_classes,
    .kern_scale = 16,
    .cmap_num = 6,
    .bpp = 4,
    .kern_classes = 1,
    .bitmap_format = 1,
#if LV_VERSION_CHECK(8, 0, 0)
    .cache = &cache
#endif
};


/*-----------------
 *  PUBLIC FONT
 *----------------*/

/*Initialize a public general font descriptor*/
#if LV_VERSION_CHECK(8, 0, 0)
const lv_font_t lv_font_yora_montserrat_40_cyr = {
#else
lv_font_t lv_font_yora_montserrat_40_cyr = {
#endif
    .get_glyph_dsc = lv_font_get_glyph_dsc_fmt_txt,    /*Function pointer to get glyph's data*/
    .get_glyph_bitmap = lv_font_get_bitmap_fmt_txt,    /*Function pointer to get glyph's bitmap*/
    .line_height = 47,          /*The maximum line height required by the font*/
    .base_line = 10,             /*Baseline measured from the bottom of the line*/
#if !(LVGL_VERSION_MAJOR == 6 && LVGL_VERSION_MINOR == 0)
    .subpx = LV_FONT_SUBPX_NONE,
#endif
#if LV_VERSION_CHECK(7, 4, 0) || LVGL_VERSION_MAJOR >= 8
    .underline_position = -4,
    .underline_thickness = 2,
#endif
    .dsc = &font_dsc           /*The custom font data. Will be accessed by `get_glyph_bitmap/dsc` */
};



#endif /*#if LV_FONT_YORA_MONTSERRAT_40_CYR*/

