/*******************************************************************************
 * Size: 12 px
 * Bpp: 4
 * Opts: --font G:\Github\Yoradio_RGB_Panel-1\tools\fonts\Montserrat-Medium.ttf --size 12 --bpp 4 --format lvgl -o src\src\lvgl_ui\fonts\lv_font_yora_montserrat_12_cyr.c -r 0x20-0x7F,0x400-0x4FF,0xB0,0x2022,0x2026,0xC0,0xC1,0xC2,0xC4,0xC6,0xC7,0xC8,0xC9,0xCA,0xCB,0xCD,0xCE,0xCF,0xD3,0xD4,0xD6,0xD9,0xDA,0xDB,0xDC,0xDD,0xDF,0xE0,0xE1,0xE2,0xE4,0xE6,0xE7,0xE8,0xE9,0xEA,0xEB,0xED,0xEE,0xEF,0xF3,0xF4,0xF6,0xF9,0xFA,0xFB,0xFC,0xFD,0xFF,0x104,0x105,0x106,0x107,0x10C,0x10D,0x10E,0x10F,0x118,0x119,0x139,0x13A,0x13D,0x13E,0x141,0x142,0x143,0x144,0x147,0x148,0x152,0x153,0x154,0x155,0x15A,0x15B,0x160,0x161,0x164,0x165,0x178,0x179,0x17A,0x17B,0x17C,0x17D,0x17E,0x1E9E,0xA0,0xAB,0xBB,0x2013-0x2014,0x2018-0x2019,0x201C-0x201E --lv-include lvgl.h
 ******************************************************************************/

#ifdef LV_LVGL_H_INCLUDE_SIMPLE
#include "lvgl.h"
#else
#include "lvgl.h"
#endif

#ifndef LV_FONT_YORA_MONTSERRAT_12_CYR
#define LV_FONT_YORA_MONTSERRAT_12_CYR 1
#endif

#if LV_FONT_YORA_MONTSERRAT_12_CYR

/*-----------------
 *    BITMAPS
 *----------------*/

/*Store the image of the glyphs*/
static LV_ATTRIBUTE_LARGE_CONST const uint8_t glyph_bitmap[] = {
    /* U+0020 " " */

    /* U+0021 "!" */
    0xf, 0x40, 0x3, 0x80, 0x70, 0x80, 0x80, 0xc,
    0xc1, 0xc2, 0x16, 0x22, 0x62,

    /* U+0022 "\"" */
    0x3c, 0x1e, 0x7, 0x10, 0xe, 0x2e, 0x9,

    /* U+0023 "#" */
    0x0, 0x24, 0x1, 0xd0, 0x6, 0x3e, 0x6, 0x20,
    0x2, 0x7c, 0x4f, 0xd3, 0xf8, 0xa7, 0xae, 0xfb,
    0xdf, 0x88, 0x1, 0x8c, 0x9, 0xc0, 0x30, 0x88,
    0x4, 0x80, 0x15, 0xe5, 0xfe, 0x4e, 0xb0, 0xae,
    0x3f, 0xf1, 0x7d, 0x80, 0x9, 0x80, 0x44, 0x1,
    0x0,

    /* U+0024 "$" */
    0x0, 0xa4, 0x80, 0x3f, 0xc9, 0x8d, 0xb6, 0x63,
    0x76, 0x5a, 0xc7, 0x51, 0x73, 0x77, 0x22, 0x8c,
    0x90, 0x4, 0x38, 0x49, 0x90, 0x0, 0x3b, 0x69,
    0x5a, 0x0, 0xcb, 0x28, 0xb6, 0x86, 0xfe, 0xaa,
    0x3a, 0x5a, 0x1a, 0x8, 0xe6, 0xda, 0x10, 0xb,
    0x4c, 0x0,

    /* U+0025 "%" */
    0xa, 0xc8, 0x0, 0xb0, 0x41, 0xb3, 0x4, 0x40,
    0x7a, 0x10, 0xe5, 0xd, 0x62, 0xb6, 0x0, 0x6a,
    0x6, 0xb4, 0xf0, 0x4, 0xbf, 0x78, 0x86, 0xf7,
    0x20, 0x8, 0xb7, 0xa9, 0xeb, 0xf7, 0x0, 0xae,
    0x8, 0x80, 0x9a, 0x0, 0x43, 0x42, 0x20, 0x39,
    0x0, 0x22, 0x0, 0x39, 0x8e, 0x90,

    /* U+0026 "&" */
    0x0, 0x4f, 0x6a, 0x0, 0x65, 0x57, 0x72, 0x40,
    0x30, 0x80, 0x1c, 0x40, 0x32, 0x5, 0x4f, 0x0,
    0x63, 0x14, 0x52, 0x10, 0x0, 0xef, 0x7a, 0xb4,
    0xc0, 0x3a, 0x98, 0xe5, 0xbd, 0x1, 0x22, 0x4,
    0x84, 0x10, 0x12, 0x65, 0xdc, 0xad, 0xd0, 0x1,
    0xb7, 0xf5, 0x8a, 0xc0,

    /* U+0027 "'" */
    0x3c, 0x7, 0x0, 0x17, 0x0,

    /* U+0028 "(" */
    0xa, 0x71, 0x56, 0x43, 0x1c, 0x40, 0x2e, 0x7,
    0x20, 0x10, 0x0, 0x80, 0x1c, 0x80, 0xb8, 0x31,
    0x1, 0xc, 0x44, 0xac,

    /* U+0029 ")" */
    0x6b, 0x6, 0x42, 0x4, 0x40, 0x1e, 0x6, 0xb0,
    0x8, 0x81, 0xcc, 0x1c, 0xc0, 0x44, 0x4, 0xc1,
    0x98, 0x4, 0x76, 0x41,

    /* U+002A "*" */
    0x0, 0x58, 0x2, 0x25, 0xed, 0x60, 0x8c, 0xcb,
    0x18, 0x62, 0xb0, 0xed, 0x2a,

    /* U+002B "+" */
    0x0, 0xac, 0x3, 0xc8, 0x1, 0xfe, 0x2e, 0xe0,
    0x77, 0x8, 0x9f, 0xe0, 0xff, 0x10, 0x8, 0x80,
    0x44, 0x0,

    /* U+002C "," */
    0x18, 0x5, 0x71, 0x42, 0x13, 0x50,

    /* U+002D "-" */
    0x4f, 0xf6, 0xa6, 0xeb, 0xc0,

    /* U+002E "." */
    0x2a, 0x6, 0x70,

    /* U+002F "/" */
    0x0, 0xc6, 0x80, 0x1a, 0x4, 0x3, 0x22, 0x80,
    0x4a, 0x80, 0x1b, 0xf4, 0x3, 0x23, 0x80, 0x48,
    0x42, 0x1, 0x6d, 0x80, 0x67, 0x50, 0x8, 0xcc,
    0x40, 0x15, 0xd0, 0x6, 0x55, 0x0, 0x44, 0x4,
    0x1, 0x0,

    /* U+0030 "0" */
    0x0, 0x4f, 0x72, 0x40, 0x2a, 0x4a, 0xa2, 0x48,
    0xa, 0xfa, 0x23, 0xd8, 0x50, 0x48, 0x0, 0x44,
    0x43, 0x20, 0xc, 0x26, 0x62, 0x0, 0xc2, 0x68,
    0x24, 0x0, 0x22, 0x20, 0xaf, 0xa2, 0x3d, 0x44,
    0x29, 0x2a, 0x89, 0x40,

    /* U+0031 "1" */
    0xef, 0xf1, 0xe6, 0x80, 0x8, 0x80, 0x1f, 0xfc,
    0xe0,

    /* U+0032 "2" */
    0x19, 0xef, 0xc2, 0x9, 0x2a, 0xc6, 0xc0, 0x8b,
    0x43, 0x81, 0x10, 0x6, 0x71, 0x10, 0x4, 0x57,
    0x60, 0x8, 0x7e, 0x54, 0x0, 0x38, 0xae, 0x0,
    0x1c, 0x7a, 0x22, 0xc, 0x92, 0xee, 0xcc,

    /* U+0033 "3" */
    0x9f, 0xfe, 0x8, 0xdd, 0x89, 0xc0, 0x48, 0x96,
    0xd0, 0x1, 0x2b, 0x48, 0x6, 0x23, 0xd8, 0x0,
    0x9f, 0x35, 0xc8, 0x3, 0x10, 0xb5, 0xca, 0x1c,
    0x82, 0xc1, 0x56, 0x2e, 0x88,

    /* U+0034 "4" */
    0x0, 0xd3, 0x60, 0x1c, 0x8f, 0x40, 0x18, 0x6a,
    0xc4, 0x3, 0x5a, 0x28, 0x6, 0x54, 0xb0, 0xd4,
    0x1, 0xba, 0x10, 0xd, 0x23, 0x7f, 0xe2, 0xbd,
    0x9d, 0xdc, 0x33, 0xe2, 0x45, 0x80, 0x88,

    /* U+0035 "5" */
    0xc, 0xff, 0xc0, 0x2, 0xad, 0xd8, 0x0, 0x28,
    0x45, 0x0, 0x87, 0x72, 0xd0, 0x7, 0x76, 0x2b,
    0x20, 0x22, 0x1c, 0x92, 0x0, 0x7d, 0x36, 0x87,
    0x4, 0xf6, 0x35, 0x89, 0x62,

    /* U+0036 "6" */
    0x0, 0x36, 0xfe, 0xa8, 0x2, 0x2e, 0x37, 0x9c,
    0x5, 0xf1, 0x48, 0xc8, 0x10, 0x9f, 0x7a, 0x84,
    0xc, 0xab, 0xb5, 0xa8, 0xc, 0x38, 0xcd, 0xc8,
    0xe, 0x1, 0xf1, 0x2c, 0x91, 0x25, 0x40, 0x16,
    0x3b, 0xa1, 0xb0,

    /* U+0037 "7" */
    0xaf, 0xfe, 0xb0, 0x6d, 0xd8, 0xb3, 0x7c, 0x88,
    0x24, 0xce, 0xc0, 0x9, 0x61, 0x0, 0x85, 0x6c,
    0x3, 0x31, 0x90, 0x6, 0x99, 0x0, 0x65, 0x5,
    0x0, 0xd2, 0xc0, 0x10,

    /* U+0038 "8" */
    0x3, 0xcf, 0xea, 0x10, 0x6, 0xa7, 0x63, 0x58,
    0x10, 0xc8, 0x94, 0xb8, 0x10, 0xb0, 0xf, 0x20,
    0x2, 0x21, 0xfc, 0x96, 0x7, 0x35, 0xfc, 0xf8,
    0xa, 0x6a, 0x3, 0x2, 0x4a, 0x6c, 0x25, 0x22,
    0x47, 0x54, 0xed, 0x2c, 0x0,

    /* U+0039 "9" */
    0x7, 0xef, 0xc3, 0x6, 0x9d, 0xe9, 0xd1, 0xf6,
    0x31, 0x55, 0x4f, 0x28, 0x81, 0xa9, 0xbb, 0xbb,
    0xf9, 0xdc, 0x15, 0xfd, 0xa2, 0xe0, 0x10, 0x83,
    0x60, 0x31, 0x25, 0x9b, 0x8d, 0x6d, 0xe, 0x0,

    /* U+003A ":" */
    0x4d, 0x6, 0x70, 0x2a, 0x0, 0xf8, 0xa8, 0x19,
    0xc0,

    /* U+003B ";" */
    0x4d, 0x6, 0x70, 0x2a, 0x0, 0xf8, 0x60, 0x15,
    0xc5, 0x8, 0x4d, 0x40,

    /* U+003C "<" */
    0x0, 0xe2, 0x10, 0x9, 0x2f, 0x0, 0xf, 0xb1,
    0xdc, 0x13, 0x8a, 0xc5, 0x0, 0x1d, 0xe7, 0x38,
    0x80, 0x12, 0xf3, 0xbc, 0x80, 0x22, 0x9e, 0x20,

    /* U+003D "=" */
    0x3f, 0xfe, 0x33, 0x7f, 0xf1, 0x80, 0x7c, 0x5d,
    0xdc, 0x44, 0xff, 0xe2,

    /* U+003E ">" */
    0x12, 0x0, 0xe3, 0xcb, 0x40, 0x8, 0xbb, 0x91,
    0xac, 0x1, 0x2e, 0x2c, 0x90, 0xb, 0xf1, 0xd9,
    0x13, 0xfb, 0x2d, 0x0, 0xba, 0x48, 0x2,

    /* U+003F "?" */
    0x1a, 0xef, 0xc3, 0x8, 0xd, 0xd3, 0x68, 0x4d,
    0x19, 0x48, 0x80, 0x74, 0xa8, 0x6, 0x96, 0xa0,
    0x8, 0x9b, 0x40, 0x31, 0x70, 0x80, 0x62, 0x90,
    0xe, 0x65, 0x0, 0x80,

    /* U+0040 "@" */
    0x0, 0x92, 0xfb, 0x75, 0x2, 0x1, 0xa7, 0xe3,
    0xb7, 0x5d, 0x86, 0x0, 0x73, 0xbb, 0x77, 0x22,
    0xe3, 0x84, 0x2a, 0x8e, 0xb9, 0xe2, 0x4d, 0x6c,
    0x8e, 0x15, 0x24, 0x32, 0x0, 0x7c, 0x22, 0x1,
    0x30, 0x4, 0x40, 0x2e, 0x1, 0x13, 0x0, 0x44,
    0x2, 0xe4, 0x40, 0xa9, 0x21, 0x90, 0x66, 0x62,
    0x20, 0x1d, 0x73, 0xc6, 0xa9, 0x8e, 0x13, 0x41,
    0x1d, 0xc8, 0x5f, 0xb0, 0x3, 0x85, 0x98, 0x0,
    0x90, 0x3, 0xab, 0xa3, 0xb9, 0xe4, 0x1, 0x0,

    /* U+0041 "A" */
    0x0, 0xcd, 0xe6, 0x1, 0xf5, 0x95, 0x0, 0x79,
    0xf, 0x98, 0x40, 0x3b, 0xd8, 0xcc, 0xc0, 0x18,
    0x52, 0x82, 0xa4, 0x3, 0x49, 0x90, 0x38, 0xa8,
    0x4, 0xc7, 0xdc, 0xf0, 0xe0, 0x3, 0x6, 0xff,
    0xd6, 0x84, 0x15, 0x24, 0x23, 0x22, 0x2c,

    /* U+0042 "B" */
    0xbf, 0xfd, 0x64, 0x0, 0x8e, 0xe6, 0x8f, 0x80,
    0x42, 0x22, 0x92, 0x0, 0xf5, 0x18, 0x2, 0x3f,
    0xe6, 0x80, 0x3, 0xee, 0xd3, 0x64, 0x1e, 0x45,
    0x31, 0xa8, 0x0, 0x46, 0x53, 0x30, 0x47, 0x75,
    0x12, 0x80,

    /* U+0043 "C" */
    0x0, 0x1d, 0xff, 0xac, 0xc0, 0x9, 0x85, 0x98,
    0x3d, 0x0, 0x54, 0xc8, 0xcd, 0x1c, 0x8, 0xc,
    0x1, 0xe2, 0x20, 0x7, 0xc4, 0x40, 0xf, 0x90,
    0x18, 0x3, 0xea, 0x99, 0x1a, 0x47, 0x0, 0x13,
    0xb, 0x2c, 0xf4, 0x0,

    /* U+0044 "D" */
    0xbf, 0xfb, 0xa8, 0xc0, 0x27, 0xdd, 0x8f, 0x10,
    0x1, 0xe4, 0x43, 0x98, 0xa0, 0xf, 0x9c, 0x4c,
    0x3, 0xe1, 0x60, 0xf, 0x85, 0x80, 0x3c, 0xe2,
    0x61, 0xe4, 0x43, 0x98, 0xa0, 0x3, 0xee, 0xc5,
    0x88, 0x0,

    /* U+0045 "E" */
    0xbf, 0xfe, 0x30, 0x7d, 0xdc, 0x61, 0xe4, 0x58,
    0x3, 0xfa, 0x3f, 0xea, 0x0, 0x3e, 0xed, 0x60,
    0xf, 0x22, 0x84, 0x1, 0xe4, 0x58, 0x0, 0xfb,
    0xb9, 0x40,

    /* U+0046 "F" */
    0xbf, 0xfe, 0x30, 0x7d, 0xdc, 0x61, 0xe4, 0x58,
    0x3, 0xfa, 0x3f, 0xea, 0x0, 0x3e, 0xed, 0x60,
    0xf, 0x22, 0x84, 0x3, 0xff, 0x86,

    /* U+0047 "G" */
    0x0, 0x1d, 0xff, 0xb1, 0x0, 0x9, 0x85, 0x79,
    0x74, 0x21, 0x53, 0x24, 0x37, 0xe1, 0x40, 0x60,
    0xf, 0x11, 0x0, 0x3a, 0x8, 0xa0, 0xe, 0x61,
    0x40, 0x60, 0xf, 0xaa, 0x64, 0x66, 0x71, 0x0,
    0x26, 0x16, 0x62, 0xe8, 0xc0,

    /* U+0048 "H" */
    0xb7, 0x0, 0xd6, 0xe0, 0x1f, 0xfc, 0xd8, 0xff,
    0xc8, 0x0, 0x7d, 0xdc, 0x60, 0xf, 0x22, 0xce,
    0x1, 0xff, 0xc5,

    /* U+0049 "I" */
    0xb7, 0x0, 0xff, 0xe2, 0x0,

    /* U+004A "J" */
    0x4, 0xff, 0xc0, 0x9b, 0xaa, 0x0, 0x88, 0x8c,
    0x1, 0xff, 0xcb, 0x71, 0xd, 0x52, 0xf5, 0x8,
    0x86, 0x84, 0x80,

    /* U+004B "K" */
    0xb7, 0x0, 0x9b, 0x44, 0x3, 0x2c, 0x78, 0x80,
    0x49, 0x7a, 0x40, 0x11, 0xd5, 0xc, 0x2, 0xed,
    0x16, 0x0, 0xcc, 0xd7, 0x80, 0x65, 0x89, 0x1a,
    0x0, 0xb4, 0x1, 0xa8, 0xe0, 0x1c, 0x3b, 0x6,

    /* U+004C "L" */
    0xb7, 0x0, 0xff, 0xf2, 0x79, 0x16, 0x0, 0x3e,
    0xee, 0x0,

    /* U+004D "M" */
    0xb8, 0x0, 0xe1, 0xf2, 0x7, 0x10, 0xd, 0x0,
    0x20, 0x36, 0x1, 0x13, 0x80, 0x52, 0x86, 0x0,
    0x99, 0x0, 0x43, 0x30, 0x8, 0xce, 0x1, 0x9d,
    0x92, 0x20, 0x1, 0xe8, 0xb0, 0x50, 0xf, 0x2a,
    0x78, 0x7, 0xeb, 0x30, 0xc,

    /* U+004E "N" */
    0xb9, 0x0, 0xd6, 0xe0, 0xca, 0x1, 0xe3, 0xa2,
    0x0, 0xeb, 0x5f, 0x0, 0xf5, 0x4, 0x80, 0x7b,
    0xd9, 0x40, 0x38, 0xa6, 0x98, 0x3, 0x99, 0x48,
    0x3, 0xd4, 0x40,

    /* U+004F "O" */
    0x0, 0x1d, 0xff, 0xad, 0x0, 0x24, 0xc2, 0xcc,
    0x1d, 0xb0, 0x2, 0xa6, 0x46, 0x68, 0xa9, 0x14,
    0x6, 0x0, 0xca, 0x4e, 0x44, 0x0, 0xf3, 0x9,
    0x10, 0x3, 0xcc, 0x28, 0xc, 0x1, 0x94, 0x9c,
    0x2a, 0x60, 0xcd, 0x15, 0x22, 0x9, 0xa7, 0x98,
    0x4b, 0x60,

    /* U+0050 "P" */
    0xbf, 0xfb, 0x60, 0x2, 0x7d, 0xd4, 0xac, 0x80,
    0x3c, 0x88, 0x92, 0xe0, 0x1e, 0x71, 0x0, 0xe2,
    0xf5, 0x0, 0x47, 0xfb, 0x5a, 0xc0, 0xf, 0xba,
    0xfa, 0x10, 0x7, 0x91, 0x0, 0x3f, 0xf8, 0x0,

    /* U+0051 "Q" */
    0x0, 0x1d, 0xff, 0xad, 0x0, 0x24, 0xc2, 0xcc,
    0x1d, 0xb0, 0x2, 0xa6, 0x46, 0x68, 0xa9, 0x14,
    0x6, 0x0, 0xca, 0x48, 0x44, 0x0, 0xf3, 0x11,
    0x40, 0x1e, 0x61, 0x41, 0x60, 0xc, 0xa4, 0xe1,
    0x53, 0x6, 0x4f, 0x52, 0x20, 0xb6, 0x99, 0xb7,
    0x4c, 0x1, 0x26, 0x79, 0xba, 0x94, 0x0, 0x76,
    0x87, 0xef, 0x0, 0x70, 0xdf, 0xf9, 0x80,

    /* U+0052 "R" */
    0xbf, 0xfb, 0x60, 0x2, 0x7d, 0xd4, 0xac, 0x80,
    0x3c, 0x88, 0x92, 0xe0, 0x1e, 0x71, 0x0, 0xe2,
    0x84, 0x0, 0x47, 0xfb, 0x42, 0x80, 0xf, 0xba,
    0x42, 0x10, 0x7, 0x91, 0x29, 0x8c, 0x3, 0x86,
    0x38, 0x0,

    /* U+0053 "S" */
    0x4, 0xcf, 0xeb, 0x31, 0xb4, 0xdd, 0x63, 0xa8,
    0xc1, 0x1b, 0xa2, 0x8c, 0x10, 0x4, 0x38, 0x7b,
    0xa8, 0x0, 0x1d, 0xfc, 0xad, 0x0, 0x64, 0x94,
    0x5b, 0x42, 0x3f, 0x55, 0x1c, 0xee, 0x86, 0x80,

    /* U+0054 "T" */
    0xff, 0xfb, 0x75, 0x81, 0x9b, 0xa2, 0x28, 0x8,
    0xa0, 0xf, 0xfe, 0xf0,

    /* U+0055 "U" */
    0xd6, 0x0, 0xdc, 0x80, 0x1f, 0xfd, 0x41, 0x10,
    0x6, 0x17, 0x5d, 0x0, 0x88, 0xa, 0xd6, 0xd,
    0x7d, 0x44, 0xad, 0x32, 0x16, 0x80,

    /* U+0056 "V" */
    0xc, 0x70, 0xe, 0xd5, 0xa, 0x90, 0xc, 0x86,
    0xa0, 0xc2, 0x80, 0x17, 0x30, 0x4, 0xde, 0x0,
    0x15, 0xa0, 0xa, 0xd0, 0x81, 0x90, 0x80, 0x22,
    0x3a, 0x9, 0xf0, 0xe, 0x96, 0x50, 0x40, 0xe,
    0x50, 0xb9, 0x0, 0xf9, 0x85, 0x80, 0x20,

    /* U+0057 "W" */
    0x7c, 0x0, 0xdd, 0x0, 0x11, 0x78, 0x29, 0x88,
    0x0, 0xc5, 0x40, 0x25, 0x50, 0x11, 0x1c, 0x1,
    0x6c, 0x44, 0x0, 0x5f, 0x80, 0x17, 0x40, 0xb,
    0x48, 0xa0, 0x26, 0xa0, 0xb, 0x40, 0x33, 0xb6,
    0xc1, 0xd0, 0x2, 0x31, 0x5b, 0x70, 0x73, 0x1d,
    0xd0, 0x6, 0x7f, 0x5d, 0x1, 0x46, 0x47, 0x0,
    0xda, 0xa6, 0x80, 0xd, 0x83, 0x10, 0xc, 0x80,
    0x80, 0x13, 0x85, 0x80, 0x40,

    /* U+0058 "X" */
    0x5f, 0x10, 0xb, 0x95, 0x6a, 0x0, 0x4a, 0x28,
    0x5a, 0xb2, 0x3d, 0x80, 0x6, 0xa6, 0xa8, 0x20,
    0x12, 0x10, 0x20, 0x6, 0x70, 0x38, 0x0, 0x8a,
    0x3b, 0xdc, 0xc0, 0x1c, 0xe6, 0x51, 0xc1, 0x3,
    0x0, 0x7, 0x19,

    /* U+0059 "Y" */
    0xc, 0x80, 0xd, 0x50, 0x1e, 0xe2, 0x0, 0x34,
    0x80, 0x35, 0xb0, 0x7, 0xc0, 0x5, 0x6a, 0x6c,
    0xc, 0x1, 0xc, 0x7c, 0x78, 0x7, 0x39, 0x21,
    0x80, 0x79, 0x74, 0x3, 0xff, 0x92,

    /* U+005A "Z" */
    0x6f, 0xff, 0x2b, 0x6e, 0xe6, 0x25, 0x2, 0x28,
    0x5b, 0x80, 0x30, 0xec, 0x98, 0x6, 0xa4, 0x60,
    0xd, 0xd, 0x40, 0x19, 0x1f, 0xc0, 0x30, 0xd3,
    0x81, 0x14, 0x2c, 0x2f, 0xbb, 0xa4,

    /* U+005B "[" */
    0xbf, 0xc0, 0x9c, 0x0, 0xff, 0xe9, 0xce, 0x0,

    /* U+005C "\\" */
    0x35, 0x0, 0xc3, 0x60, 0x18, 0x8c, 0xc0, 0x19,
    0x6c, 0x3, 0x5a, 0x80, 0x63, 0x2, 0x0, 0xca,
    0xa0, 0xd, 0x76, 0x0, 0xc6, 0x44, 0x0, 0xce,
    0xa0, 0x1b, 0x6c, 0x3, 0x21, 0x8, 0x6, 0x47,

    /* U+005D "]" */
    0xcf, 0xbc, 0x80, 0x0, 0x80, 0x7f, 0xf3, 0x84,
    0x32, 0x0,

    /* U+005E "^" */
    0x0, 0x9c, 0x3, 0x96, 0x54, 0x3, 0x75, 0x70,
    0x4, 0x4e, 0x8e, 0x40, 0xa, 0xa0, 0x55, 0x0,
    0xa, 0xc0, 0xca, 0x0,

    /* U+005F "_" */
    0xdd, 0xf0,

    /* U+0060 "`" */
    0x27, 0x10, 0x22, 0x68, 0x80,

    /* U+0061 "a" */
    0x8, 0xdf, 0xc3, 0x0, 0x14, 0xea, 0xf0, 0x2,
    0x90, 0xa0, 0x84, 0x23, 0x7b, 0xc0, 0xd1, 0xb3,
    0xb8, 0x1, 0xe8, 0x0, 0x23, 0xff, 0x78, 0x0,

    /* U+0062 "b" */
    0xe4, 0x0, 0xff, 0xe4, 0x1e, 0x7e, 0x20, 0x2,
    0x27, 0x6e, 0xc4, 0x10, 0xa4, 0xe9, 0x40, 0x60,
    0x11, 0x90, 0x18, 0x4, 0x64, 0x10, 0xa4, 0xe9,
    0x41, 0x32, 0xdb, 0xb1, 0x0,

    /* U+0063 "c" */
    0x2, 0xbf, 0xe8, 0x0, 0x78, 0xed, 0x29, 0xa8,
    0x51, 0x26, 0x99, 0x30, 0x7, 0x13, 0x0, 0x72,
    0x85, 0x12, 0x69, 0x87, 0x8e, 0xd2, 0x98,

    /* U+0064 "d" */
    0x0, 0xe1, 0xf1, 0x0, 0xff, 0xe2, 0x95, 0xfe,
    0xb8, 0x5, 0x83, 0xbd, 0x0, 0x5, 0x3a, 0x23,
    0xa0, 0x1, 0x30, 0x4, 0xa0, 0x2, 0x60, 0x9,
    0x40, 0xa, 0x74, 0x47, 0x20, 0x16, 0xe, 0xf4,
    0x0, 0x0,

    /* U+0065 "e" */
    0x2, 0xbf, 0xd6, 0x0, 0x61, 0xf4, 0xc2, 0x29,
    0xc0, 0xa4, 0x71, 0x13, 0x76, 0xb6, 0x22, 0x6e,
    0xec, 0x50, 0x92, 0x3a, 0x20, 0xf2, 0xdd, 0x19,
    0x0,

    /* U+0066 "f" */
    0x1, 0xcf, 0x70, 0x86, 0xe6, 0x2, 0xc1, 0x16,
    0xa4, 0xf9, 0xea, 0x4f, 0x98, 0x7, 0xff, 0x34,

    /* U+0067 "g" */
    0x2, 0xbf, 0xe6, 0xe2, 0xc, 0x1d, 0xd5, 0x88,
    0x29, 0xd1, 0x1f, 0x80, 0x9, 0x80, 0x22, 0x0,
    0x13, 0x0, 0x44, 0x0, 0x53, 0xa2, 0x3f, 0x0,
    0xb0, 0x77, 0x50, 0x1, 0x15, 0xff, 0x38, 0x10,
    0x63, 0x11, 0xca, 0x0, 0x2a, 0x9b, 0xa1, 0xa0,

    /* U+0068 "h" */
    0xe4, 0x0, 0xff, 0xe4, 0x66, 0xfe, 0x10, 0x1,
    0xa3, 0x5b, 0xc0, 0x10, 0xa5, 0x4, 0x20, 0x40,
    0x2, 0x0, 0xfc, 0x60, 0x1f, 0xfc, 0x20,

    /* U+0069 "i" */
    0xd, 0x40, 0x56, 0x8, 0x20, 0xe4, 0x0, 0xff,
    0xe3, 0x0,

    /* U+006A "j" */
    0x0, 0xb5, 0x40, 0x2a, 0x70, 0x9, 0xc8, 0x2,
    0xd4, 0x0, 0xff, 0xec, 0x11, 0x4c, 0x1f, 0xae,
    0x40,

    /* U+006B "k" */
    0xe4, 0x0, 0xff, 0xe5, 0xdd, 0x0, 0x6b, 0xa,
    0x0, 0xad, 0xec, 0x2, 0xa4, 0x10, 0xc, 0x5c,
    0x12, 0x1, 0x40, 0xfb, 0x20, 0x6, 0x29, 0xa1,

    /* U+006C "l" */
    0xe4, 0x0, 0xff, 0xe3, 0x0,

    /* U+006D "m" */
    0xe7, 0xdf, 0xb2, 0x9e, 0xe4, 0x0, 0x2b, 0xb5,
    0xf4, 0xf3, 0x59, 0x42, 0xcc, 0xa0, 0x2c, 0x8d,
    0xf0, 0x8, 0x0, 0xe0, 0x20, 0x1, 0x30, 0xf,
    0xfe, 0xa8,

    /* U+006E "n" */
    0xe6, 0xdf, 0xc2, 0x0, 0x44, 0xf3, 0x78, 0x2,
    0x10, 0x6c, 0x84, 0x8, 0x0, 0x20, 0x1f, 0x8c,
    0x3, 0xff, 0x84,

    /* U+006F "o" */
    0x2, 0xbf, 0xe8, 0x0, 0xbc, 0x77, 0x4d, 0x0,
    0xa1, 0x44, 0x74, 0xe0, 0x4c, 0x1, 0x28, 0x9,
    0x30, 0x4, 0xa0, 0x2a, 0x14, 0x47, 0x4e, 0x0,
    0xf1, 0xdd, 0x34, 0x0,

    /* U+0070 "p" */
    0xe7, 0xdf, 0xc4, 0x0, 0x44, 0xf5, 0xd8, 0x82,
    0x50, 0x5d, 0x68, 0x8, 0x2, 0x22, 0x1, 0x80,
    0x46, 0x41, 0xa, 0x50, 0x94, 0x11, 0x3a, 0x96,
    0x40, 0x79, 0xf8, 0x80, 0x1f, 0xfc, 0x30,

    /* U+0071 "q" */
    0x2, 0xbf, 0xd5, 0xf1, 0xc, 0x1d, 0xeb, 0x0,
    0x29, 0xd1, 0x1d, 0x0, 0x9, 0x80, 0x25, 0x0,
    0x13, 0x0, 0x4a, 0x0, 0x53, 0xa2, 0x3a, 0x0,
    0xb0, 0x77, 0xa0, 0x2, 0x2b, 0xfd, 0x70, 0xf,
    0xfe, 0x30,

    /* U+0072 "r" */
    0xe7, 0xd8, 0x9, 0x89, 0x8, 0x51, 0x2, 0x0,
    0xff, 0xe1, 0x0,

    /* U+0073 "s" */
    0x8, 0xef, 0xc2, 0x65, 0xcd, 0xa3, 0x0, 0x89,
    0x85, 0x9f, 0x7a, 0x44, 0x2b, 0xf1, 0x65, 0x58,
    0x81, 0xc0, 0x6b, 0x30, 0x30,

    /* U+0074 "t" */
    0x5, 0x30, 0xb, 0x94, 0x1, 0xa9, 0x3e, 0x7a,
    0x93, 0xe6, 0x1, 0xff, 0xc4, 0x1c, 0x11, 0x4,
    0x3f, 0x38,

    /* U+0075 "u" */
    0xf3, 0x0, 0x17, 0x80, 0x7f, 0xf2, 0x85, 0xc0,
    0xc, 0x0, 0x48, 0x34, 0x90, 0x5, 0xbe, 0x54,
    0x0, 0x0,

    /* U+0076 "v" */
    0xd, 0x50, 0xa, 0x60, 0x2e, 0x40, 0x26, 0xa0,
    0x73, 0x20, 0x64, 0x20, 0x15, 0xa0, 0xae, 0x0,
    0xa5, 0x8c, 0x94, 0x2, 0x33, 0x73, 0x0, 0x75,
    0x95, 0x0, 0x0,

    /* U+0077 "w" */
    0xc5, 0x0, 0x1f, 0x88, 0x1, 0xe2, 0xbc, 0x1,
    0x40, 0xe0, 0xa, 0xb7, 0x50, 0x3, 0xc6, 0x81,
    0x1, 0x8a, 0x2a, 0x13, 0xa8, 0xd2, 0x80, 0x37,
    0xf6, 0x81, 0x1d, 0x6c, 0x0, 0xe8, 0xee, 0xe,
    0x80, 0x30, 0x0, 0xaa, 0x84, 0x10, 0x14, 0x0,

    /* U+0078 "x" */
    0x5d, 0x0, 0x27, 0xa, 0xbc, 0x8d, 0x50, 0x42,
    0xdf, 0x1d, 0x0, 0x2, 0xc5, 0x0, 0x11, 0x32,
    0x58, 0x5, 0xd3, 0x6e, 0xc0, 0xe0, 0xe1, 0xd2,
    0x40,

    /* U+0079 "y" */
    0xd, 0x50, 0xa, 0x60, 0x2b, 0x80, 0x27, 0xa0,
    0x64, 0x20, 0x52, 0x20, 0xa, 0x50, 0x74, 0x80,
    0x5e, 0xc2, 0xaa, 0x0, 0x90, 0x29, 0xc0, 0x39,
    0x92, 0x80, 0x3b, 0x48, 0xc0, 0x25, 0x29, 0xb0,
    0x8, 0x67, 0x55, 0x80, 0x20,

    /* U+007A "z" */
    0x7f, 0xfd, 0x6f, 0xfe, 0xd0, 0x80, 0xb, 0xa0,
    0xc0, 0x10, 0xee, 0x0, 0x23, 0x50, 0x0, 0x6a,
    0xc4, 0x1, 0x23, 0x5f, 0xed,

    /* U+007B "{" */
    0x0, 0x5f, 0x82, 0x23, 0x80, 0x4c, 0x40, 0x3f,
    0x8c, 0x0, 0x93, 0x40, 0x8f, 0xa0, 0xd, 0x70,
    0xf, 0xf0, 0x98, 0x82, 0x23, 0x80,

    /* U+007C "|" */
    0xb5, 0x0, 0xff, 0xe6, 0x0,

    /* U+007D "}" */
    0xcd, 0x10, 0xc1, 0x60, 0x2, 0xf0, 0x7, 0xf8,
    0x4c, 0x1, 0x6a, 0xe1, 0x68, 0xe0, 0x24, 0x1,
    0xfe, 0x51, 0xc, 0x1a, 0x0,

    /* U+007E "~" */
    0xb, 0xe8, 0xa, 0x33, 0xf, 0x8f, 0x9, 0x80,

    /* U+00A0 " " */

    /* U+00AB "«" */
    0x0, 0xf8, 0xb4, 0x71, 0x3, 0xa1, 0x95, 0x10,
    0xb, 0x10, 0x4, 0x5, 0x8b, 0x0, 0x6c, 0x33,
    0x10,

    /* U+00B0 "°" */
    0x7, 0xb7, 0x3, 0xfb, 0xf4, 0x5c, 0xb, 0x35,
    0xc0, 0xb3, 0x37, 0xdf, 0xa0,

    /* U+00BB "»" */
    0x0, 0xf2, 0x60, 0xe9, 0x2, 0x2c, 0xcb, 0x80,
    0x10, 0xe8, 0xa, 0x11, 0x4, 0x5, 0x45, 0x69,
    0xe0,

    /* U+00C0 "À" */
    0x0, 0x8d, 0xc0, 0x3f, 0x18, 0x58, 0x7, 0xe7,
    0xb0, 0xf, 0xcd, 0xe6, 0x1, 0xf5, 0x95, 0x0,
    0x79, 0xf, 0x98, 0x40, 0x3b, 0xd8, 0xcc, 0xc0,
    0x18, 0x52, 0x82, 0xa4, 0x3, 0x49, 0x90, 0x38,
    0xa8, 0x4, 0xc7, 0xdc, 0xf0, 0xe0, 0x3, 0x6,
    0xff, 0xd6, 0x84, 0x15, 0x24, 0x23, 0x22, 0x2c,

    /* U+00C1 "Á" */
    0x0, 0xe1, 0x72, 0x0, 0xf0, 0xe9, 0x10, 0x3,
    0xc3, 0x8a, 0x1, 0xf3, 0x79, 0x80, 0x7d, 0x65,
    0x40, 0x1e, 0x43, 0xe6, 0x10, 0xe, 0xf6, 0x33,
    0x30, 0x6, 0x14, 0xa0, 0xa9, 0x0, 0xd2, 0x64,
    0xe, 0x2a, 0x1, 0x31, 0xf7, 0x3c, 0x38, 0x0,
    0xc1, 0xbf, 0xf5, 0xa1, 0x5, 0x49, 0x8, 0xc8,
    0x8b,

    /* U+00C2 "Â" */
    0x0, 0xc6, 0xe2, 0x1, 0xe4, 0x82, 0xd2, 0x0,
    0xe4, 0xb5, 0xc2, 0x0, 0xf3, 0x79, 0x80, 0x7d,
    0x65, 0x40, 0x1e, 0x43, 0xe6, 0x10, 0xe, 0xf6,
    0x33, 0x30, 0x6, 0x14, 0xa0, 0xa9, 0x0, 0xd2,
    0x64, 0xe, 0x2a, 0x1, 0x31, 0xf7, 0x3c, 0x38,
    0x0, 0xc1, 0xbf, 0xf5, 0xa1, 0x5, 0x49, 0x8,
    0xc8, 0x8b,

    /* U+00C4 "Ä" */
    0x0, 0xff, 0xe0, 0x9e, 0x7, 0x80, 0x78, 0xf8,
    0x34, 0x3, 0xe4, 0xf1, 0x0, 0xfa, 0xca, 0x80,
    0x3c, 0x87, 0xcc, 0x20, 0x1d, 0xec, 0x66, 0x60,
    0xc, 0x29, 0x41, 0x52, 0x1, 0xa4, 0xc8, 0x1c,
    0x54, 0x2, 0x63, 0xee, 0x78, 0x70, 0x1, 0x83,
    0x7f, 0xeb, 0x42, 0xa, 0x92, 0x11, 0x91, 0x16,

    /* U+00C6 "Æ" */
    0x0, 0xe4, 0xff, 0xf5, 0x80, 0x74, 0xb0, 0x6e,
    0xea, 0x0, 0xcc, 0x14, 0x4, 0x58, 0x40, 0x34,
    0x40, 0x3, 0xfd, 0x6, 0xa0, 0xf, 0xfc, 0x60,
    0x1, 0x78, 0x0, 0xb7, 0x71, 0x80, 0x2c, 0x2f,
    0xb0, 0x8, 0xb0, 0x0, 0xd6, 0xff, 0xd6, 0x4,
    0x5c, 0x10, 0xe8, 0x22, 0x70, 0xdd, 0xd8,

    /* U+00C7 "Ç" */
    0x0, 0x1d, 0xff, 0xac, 0xc0, 0x9, 0x85, 0x98,
    0x3d, 0x0, 0x54, 0xc8, 0xcd, 0x1c, 0x8, 0xc,
    0x1, 0xe2, 0x20, 0x7, 0xc4, 0x40, 0xf, 0x90,
    0x18, 0x3, 0xea, 0x99, 0x1a, 0x47, 0x0, 0x13,
    0xb, 0x2c, 0xf4, 0x2, 0x3b, 0x7a, 0xb3, 0x0,
    0xe9, 0x90, 0x80, 0x71, 0xd3, 0x88, 0x0,

    /* U+00C8 "È" */
    0x5, 0x60, 0xe, 0x5f, 0x90, 0xe, 0x99, 0x0,
    0x57, 0xff, 0xc6, 0xf, 0xbb, 0x8c, 0x3c, 0x8b,
    0x0, 0x7f, 0x47, 0xfd, 0x40, 0x7, 0xdd, 0xac,
    0x1, 0xe4, 0x50, 0x80, 0x3c, 0x8b, 0x0, 0x1f,
    0x77, 0x28,

    /* U+00C9 "É" */
    0x0, 0x89, 0xc4, 0x2, 0x3e, 0x41, 0x0, 0x8f,
    0xc, 0x1, 0x7f, 0xfc, 0x60, 0xfb, 0xb8, 0xc3,
    0xc8, 0xb0, 0x7, 0xf4, 0x7f, 0xd4, 0x0, 0x7d,
    0xda, 0xc0, 0x1e, 0x45, 0x8, 0x3, 0xc8, 0xb0,
    0x1, 0xf7, 0x72, 0x80,

    /* U+00CA "Ê" */
    0x0, 0x23, 0x80, 0x66, 0xe2, 0xb1, 0x0, 0x35,
    0x2d, 0x88, 0x5f, 0xff, 0x18, 0x3e, 0xee, 0x30,
    0xf2, 0x2c, 0x1, 0xfd, 0x1f, 0xf5, 0x0, 0x1f,
    0x76, 0xb0, 0x7, 0x91, 0x42, 0x0, 0xf2, 0x2c,
    0x0, 0x7d, 0xdc, 0xa0,

    /* U+00CB "Ë" */
    0x0, 0xfc, 0xd2, 0x5a, 0x1, 0x34, 0x17, 0x80,
    0x2f, 0xfb, 0xf7, 0xcc, 0x1f, 0x77, 0x18, 0x79,
    0x16, 0x0, 0xfe, 0x8f, 0xfa, 0x80, 0xf, 0xbb,
    0x58, 0x3, 0xc8, 0xa1, 0x0, 0x79, 0x16, 0x0,
    0x3e, 0xee, 0x50,

    /* U+00CD "Í" */
    0x0, 0x2a, 0x80, 0xf, 0xea, 0x0, 0x7a, 0x0,
    0xad, 0xc0, 0x3f, 0xfb, 0xc0,

    /* U+00CE "Î" */
    0x0, 0x3a, 0x80, 0x56, 0x38, 0xe0, 0xb, 0x69,
    0x70, 0xa, 0xdc, 0x3, 0xff, 0xcc,

    /* U+00CF "Ï" */
    0x0, 0xd8, 0x70, 0xfc, 0x72, 0xc5, 0x6c, 0x20,
    0x1f, 0xfd, 0x40,

    /* U+00D3 "Ó" */
    0x0, 0xe3, 0x60, 0xf, 0x97, 0xdc, 0x3, 0xe5,
    0xc1, 0x0, 0xe3, 0xbf, 0xf5, 0xa0, 0x4, 0x98,
    0x59, 0x83, 0xb6, 0x0, 0x54, 0xc8, 0xcd, 0x15,
    0x22, 0x80, 0xc0, 0x19, 0x49, 0xc8, 0x80, 0x1e,
    0x61, 0x22, 0x0, 0x79, 0x85, 0x1, 0x80, 0x32,
    0x93, 0x85, 0x4c, 0x19, 0xa2, 0xa4, 0x41, 0x34,
    0xf3, 0x9, 0x6c, 0x0,

    /* U+00D4 "Ô" */
    0x0, 0xcc, 0xc0, 0xf, 0xa3, 0x86, 0x80, 0x3d,
    0x10, 0x7a, 0x0, 0xe3, 0xbf, 0xf5, 0xa0, 0x4,
    0x98, 0x59, 0x83, 0xb6, 0x0, 0x54, 0xc8, 0xcd,
    0x15, 0x22, 0x80, 0xc0, 0x19, 0x49, 0xc8, 0x80,
    0x1e, 0x61, 0x22, 0x0, 0x79, 0x85, 0x1, 0x80,
    0x32, 0x93, 0x85, 0x4c, 0x19, 0xa2, 0xa4, 0x41,
    0x34, 0xf3, 0x9, 0x6c, 0x0,

    /* U+00D6 "Ö" */
    0x0, 0xff, 0xe0, 0xcb, 0x2d, 0x0, 0x7a, 0x19,
    0x6c, 0x3, 0xc2, 0x0, 0x10, 0xe, 0x3b, 0xff,
    0x5a, 0x0, 0x49, 0x85, 0x98, 0x3b, 0x60, 0x5,
    0x4c, 0x8c, 0xd1, 0x52, 0x28, 0xc, 0x1, 0x94,
    0x9c, 0x88, 0x1, 0xe6, 0x12, 0x20, 0x7, 0x98,
    0x50, 0x18, 0x3, 0x29, 0x38, 0x54, 0xc1, 0x9a,
    0x2a, 0x44, 0x13, 0x4f, 0x30, 0x96, 0xc0,

    /* U+00D9 "Ù" */
    0x1, 0x72, 0x0, 0xe1, 0x4e, 0x30, 0xe, 0x3c,
    0x30, 0xb, 0x58, 0x3, 0x72, 0x0, 0x7f, 0xf5,
    0x4, 0x40, 0x18, 0x5d, 0x74, 0x2, 0x20, 0x2b,
    0x58, 0x35, 0xf5, 0x12, 0xb4, 0xc8, 0x5a, 0x0,

    /* U+00DA "Ú" */
    0x0, 0xcc, 0x80, 0x1d, 0x3e, 0x80, 0x1d, 0x32,
    0x0, 0xb5, 0x80, 0x37, 0x20, 0x7, 0xff, 0x50,
    0x44, 0x1, 0x85, 0xd7, 0x40, 0x22, 0x2, 0xb5,
    0x83, 0x5f, 0x51, 0x2b, 0x4c, 0x85, 0xa0,

    /* U+00DB "Û" */
    0x0, 0x9d, 0x0, 0x30, 0xd9, 0x7b, 0x0, 0x43,
    0x6b, 0x6c, 0x0, 0xd6, 0x0, 0xdc, 0x80, 0x1f,
    0xfd, 0x41, 0x10, 0x6, 0x17, 0x5d, 0x0, 0x88,
    0xa, 0xd6, 0xd, 0x7d, 0x44, 0xad, 0x32, 0x16,
    0x80,

    /* U+00DC "Ü" */
    0x0, 0xff, 0x69, 0x52, 0x80, 0x6f, 0x2b, 0x50,
    0xc, 0x40, 0x20, 0x16, 0xb0, 0x6, 0xe4, 0x0,
    0xff, 0xea, 0x8, 0x80, 0x30, 0xba, 0xe8, 0x4,
    0x40, 0x56, 0xb0, 0x6b, 0xea, 0x25, 0x69, 0x90,
    0xb4, 0x0,

    /* U+00DD "Ý" */
    0x0, 0xe5, 0x50, 0x7, 0x9f, 0xd4, 0x3, 0xcf,
    0x40, 0x1b, 0x20, 0x3, 0x54, 0x7, 0xb8, 0x80,
    0xd, 0x20, 0xd, 0x6c, 0x1, 0xf0, 0x1, 0x5a,
    0x9b, 0x3, 0x0, 0x43, 0x1f, 0x1e, 0x1, 0xce,
    0x48, 0x60, 0x1e, 0x5d, 0x0, 0xff, 0xe4, 0x80,

    /* U+00DF "ß" */
    0x8, 0xef, 0xb1, 0x7, 0x5d, 0xd0, 0x58, 0x5c,
    0x19, 0x7b, 0x81, 0x8, 0x3, 0x94, 0x2, 0x2f,
    0x5c, 0x0, 0x8b, 0x66, 0xcc, 0x2, 0x26, 0x5b,
    0x0, 0xfe, 0x11, 0x2a, 0xac, 0x1, 0x3d, 0x72,
    0x60,

    /* U+00E0 "à" */
    0x3, 0xe3, 0x0, 0xc7, 0xbe, 0x20, 0x18, 0xf0,
    0x40, 0x28, 0xdf, 0xc3, 0x0, 0x14, 0xea, 0xf0,
    0x2, 0x90, 0xa0, 0x84, 0x23, 0x7b, 0xc0, 0xd1,
    0xb3, 0xb8, 0x1, 0xe8, 0x0, 0x23, 0xff, 0x78,
    0x0,

    /* U+00E1 "á" */
    0x0, 0x8f, 0x8c, 0x2, 0x1f, 0xd3, 0x0, 0x87,
    0xc, 0x2, 0x8d, 0xfc, 0x30, 0x1, 0x4e, 0xaf,
    0x0, 0x29, 0xa, 0x8, 0x42, 0x37, 0xbc, 0xd,
    0x1b, 0x3b, 0x80, 0x1e, 0x80, 0x2, 0x3f, 0xf7,
    0x80, 0x0,

    /* U+00E2 "â" */
    0x0, 0x3f, 0xb8, 0x4, 0x99, 0xd8, 0x60, 0x4,
    0xb1, 0xb3, 0x0, 0x46, 0xfe, 0x18, 0x0, 0xa7,
    0x57, 0x80, 0x14, 0x85, 0x4, 0x21, 0x1b, 0xde,
    0x6, 0x8d, 0x9d, 0xc0, 0xf, 0x40, 0x1, 0x1f,
    0xfb, 0xc0, 0x0,

    /* U+00E4 "ä" */
    0x2, 0xc0, 0xd1, 0x0, 0x17, 0x87, 0x8, 0x4,
    0x60, 0x60, 0x14, 0x6f, 0xe1, 0x80, 0xa, 0x75,
    0x78, 0x1, 0x48, 0x50, 0x42, 0x11, 0xbd, 0xe0,
    0x68, 0xd9, 0xdc, 0x0, 0xf4, 0x0, 0x11, 0xff,
    0xbc, 0x0,

    /* U+00E6 "æ" */
    0x8, 0xdf, 0xc3, 0x6e, 0xfa, 0x10, 0x1, 0x4e,
    0xae, 0x45, 0x68, 0x68, 0x2, 0x90, 0xa0, 0x2d,
    0xa, 0x88, 0xc2, 0x37, 0xbc, 0x2f, 0xba, 0x6,
    0x45, 0xde, 0xe0, 0x5f, 0x76, 0x50, 0x33, 0x14,
    0x8d, 0xa1, 0x34, 0x2, 0x36, 0xe8, 0xfe, 0x65,
    0xb7, 0x80,

    /* U+00E7 "ç" */
    0x2, 0xbf, 0xe8, 0x0, 0x78, 0xed, 0x29, 0xa8,
    0x51, 0x26, 0x99, 0x30, 0x7, 0x13, 0x0, 0x72,
    0x85, 0x12, 0x69, 0x87, 0x8e, 0xd2, 0x98, 0x15,
    0x9e, 0x40, 0x6, 0xee, 0x0, 0x67, 0xe4, 0x0,
    0x0,

    /* U+00E8 "è" */
    0x2, 0xd5, 0x0, 0xc5, 0x92, 0x60, 0x18, 0x70,
    0xc0, 0x22, 0xbf, 0xd6, 0x0, 0x61, 0xf4, 0xc2,
    0x29, 0xc0, 0xa4, 0x71, 0x13, 0x76, 0xb6, 0x22,
    0x6e, 0xec, 0x50, 0x92, 0x3a, 0x20, 0xf2, 0xdd,
    0x19, 0x0,

    /* U+00E9 "é" */
    0x0, 0x87, 0x94, 0x3, 0x55, 0xa8, 0x6, 0xb5,
    0x0, 0x8a, 0xff, 0x58, 0x1, 0x87, 0xd3, 0x8,
    0xa7, 0x2, 0x91, 0xc4, 0x4d, 0xda, 0xd8, 0x89,
    0xbb, 0xb1, 0x42, 0x48, 0xe8, 0x83, 0xcb, 0x74,
    0x64,

    /* U+00EA "ê" */
    0x0, 0x27, 0xd0, 0x4, 0x51, 0xa6, 0xc0, 0x2,
    0xc2, 0x96, 0x0, 0x15, 0xfe, 0xb0, 0x3, 0xf,
    0xa6, 0x11, 0x4e, 0x5, 0x23, 0x88, 0x9b, 0xb5,
    0xb1, 0x13, 0x77, 0x62, 0x84, 0x91, 0xd1, 0x7,
    0x96, 0xe8, 0xc8,

    /* U+00EB "ë" */
    0x0, 0x68, 0xd2, 0x0, 0x5c, 0x30, 0x80, 0x11,
    0x81, 0x0, 0x45, 0x7f, 0xac, 0x0, 0xc3, 0xe9,
    0x84, 0x53, 0x81, 0x48, 0xe2, 0x26, 0xed, 0x6c,
    0x44, 0xdd, 0xd8, 0xa1, 0x24, 0x74, 0x41, 0xe5,
    0xba, 0x32,

    /* U+00ED "í" */
    0x1, 0xe5, 0xa, 0xa2, 0x85, 0xa0, 0x3, 0x90,
    0x3, 0xff, 0x9a,

    /* U+00EE "î" */
    0x3, 0xf8, 0x0, 0x46, 0x99, 0x82, 0xca, 0xcc,
    0x1, 0xc8, 0x1, 0xff, 0xd3,

    /* U+00EF "ï" */
    0xa4, 0xd0, 0x84, 0xe0, 0x20, 0x30, 0x7, 0x20,
    0x7, 0xff, 0x34,

    /* U+00F3 "ó" */
    0x0, 0xda, 0xe0, 0x1d, 0x54, 0x70, 0xe, 0xa7,
    0x0, 0xc5, 0x7f, 0xd0, 0x1, 0x78, 0xee, 0x9a,
    0x1, 0x42, 0x88, 0xe9, 0xc0, 0x98, 0x2, 0x50,
    0x12, 0x60, 0x9, 0x40, 0x54, 0x28, 0x8e, 0x9c,
    0x1, 0xe3, 0xba, 0x68, 0x0,

    /* U+00F4 "ô" */
    0x0, 0x1f, 0x58, 0x6, 0x1f, 0xd3, 0x80, 0x8,
    0x70, 0xe2, 0x0, 0x11, 0x5f, 0xf4, 0x0, 0x5e,
    0x3b, 0xa6, 0x80, 0x50, 0xa2, 0x3a, 0x70, 0x26,
    0x0, 0x94, 0x4, 0x98, 0x2, 0x50, 0x15, 0xa,
    0x23, 0xa7, 0x0, 0x78, 0xee, 0x9a, 0x0,

    /* U+00F6 "ö" */
    0x0, 0x61, 0x43, 0x0, 0x6f, 0x2a, 0x70, 0xc,
    0x60, 0x42, 0x1, 0x15, 0xff, 0x40, 0x5, 0xe3,
    0xba, 0x68, 0x5, 0xa, 0x23, 0xa7, 0x2, 0x60,
    0x9, 0x40, 0x49, 0x80, 0x25, 0x1, 0x50, 0xa2,
    0x3a, 0x70, 0x7, 0x8e, 0xe9, 0xa0, 0x0,

    /* U+00F9 "ù" */
    0x9, 0xb0, 0xe, 0x93, 0x70, 0xe, 0x87, 0x0,
    0xbc, 0xc0, 0x5, 0xe0, 0x1f, 0xfc, 0xa1, 0x70,
    0x3, 0x0, 0x12, 0xd, 0x24, 0x1, 0x6f, 0x95,
    0x0, 0x0,

    /* U+00FA "ú" */
    0x0, 0xaa, 0x80, 0x19, 0x8e, 0x80, 0x33, 0x48,
    0x5, 0xe6, 0x0, 0x2f, 0x0, 0xff, 0xe5, 0xb,
    0x80, 0x18, 0x0, 0x90, 0x69, 0x20, 0xb, 0x7c,
    0xa8, 0x0, 0x0,

    /* U+00FB "û" */
    0x1, 0xdd, 0x8, 0x5, 0x71, 0x34, 0x1, 0x52,
    0xa5, 0x80, 0x3c, 0xc0, 0x5, 0xe0, 0x1f, 0xfc,
    0xa1, 0x70, 0x3, 0x0, 0x12, 0xd, 0x24, 0x1,
    0x6f, 0x95, 0x0, 0x0,

    /* U+00FC "ü" */
    0x8, 0x65, 0x90, 0xa, 0x9d, 0x2c, 0x2, 0x21,
    0x11, 0x0, 0x3c, 0xc0, 0x5, 0xe0, 0x1f, 0xfc,
    0xa1, 0x70, 0x3, 0x0, 0x12, 0xd, 0x24, 0x1,
    0x6f, 0x95, 0x0, 0x0,

    /* U+00FD "ý" */
    0x0, 0xd1, 0x82, 0x1, 0x90, 0xf0, 0x40, 0x32,
    0x58, 0x6, 0xd5, 0x0, 0xa6, 0x2, 0xb8, 0x2,
    0x7a, 0x6, 0x42, 0x5, 0x22, 0x0, 0xa5, 0x7,
    0x48, 0x5, 0xec, 0x2a, 0xa0, 0x9, 0x2, 0x9c,
    0x3, 0x99, 0x28, 0x3, 0xb4, 0x8c, 0x2, 0x52,
    0x9b, 0x0, 0x86, 0x75, 0x58, 0x2,

    /* U+00FF "ÿ" */
    0x0, 0x34, 0x16, 0x0, 0x67, 0xa2, 0xf0, 0xc,
    0x24, 0x6, 0x1, 0x6a, 0x80, 0x53, 0x1, 0x5c,
    0x1, 0x3d, 0x3, 0x21, 0x2, 0x91, 0x0, 0x52,
    0x83, 0xa4, 0x2, 0xf6, 0x15, 0x50, 0x4, 0x81,
    0x4e, 0x1, 0xcc, 0x94, 0x1, 0xda, 0x46, 0x1,
    0x29, 0x4d, 0x80, 0x43, 0x3a, 0xac, 0x1, 0x0,

    /* U+0104 "Ą" */
    0x0, 0xcd, 0xe6, 0x1, 0xfa, 0xca, 0x80, 0x3e,
    0x43, 0xe6, 0x10, 0xf, 0x7b, 0x19, 0x98, 0x3,
    0x85, 0x28, 0x2a, 0x40, 0x3a, 0x4c, 0x81, 0xc5,
    0x40, 0x33, 0x1f, 0x73, 0xc3, 0x80, 0x26, 0xd,
    0xff, 0xad, 0x8, 0x1, 0x52, 0x42, 0x32, 0x22,
    0x40, 0x18, 0xe0, 0x18, 0x42, 0x0, 0x3f, 0x3e,
    0x18, 0x7, 0xe4, 0xab, 0x0,

    /* U+0105 "ą" */
    0x8, 0xdf, 0xc3, 0x0, 0x14, 0xea, 0xf0, 0x2,
    0x90, 0xa0, 0x84, 0x23, 0x7b, 0xc0, 0xd1, 0xb3,
    0xb8, 0x1, 0xe8, 0x0, 0x23, 0xff, 0x0, 0x69,
    0xee, 0x15, 0x10, 0x4, 0x2c, 0xa0, 0x18, 0x5f,
    0xc,

    /* U+0106 "Ć" */
    0x0, 0xe4, 0x60, 0xf, 0x37, 0xb8, 0x7, 0x9a,
    0xc4, 0x3, 0x1d, 0xff, 0xac, 0xc0, 0x9, 0x85,
    0x98, 0x3d, 0x0, 0x54, 0xc8, 0xcd, 0x1c, 0x8,
    0xc, 0x1, 0xe2, 0x20, 0x7, 0xc4, 0x40, 0xf,
    0x90, 0x18, 0x3, 0xea, 0x99, 0x1a, 0x47, 0x0,
    0x13, 0xb, 0x2c, 0xf4, 0x0,

    /* U+0107 "ć" */
    0x0, 0x87, 0x94, 0x3, 0x55, 0xa8, 0x6, 0xb5,
    0x0, 0x8a, 0xff, 0xa0, 0x1, 0xe3, 0xb4, 0xa6,
    0xa1, 0x44, 0x9a, 0x64, 0xc0, 0x1c, 0x4c, 0x1,
    0xca, 0x14, 0x49, 0xa6, 0x1e, 0x3b, 0x4a, 0x60,

    /* U+010C "Č" */
    0x0, 0x9c, 0x49, 0x80, 0x39, 0x33, 0x90, 0x3,
    0x8f, 0x70, 0x80, 0x31, 0xdf, 0xfa, 0xcc, 0x0,
    0x98, 0x59, 0x83, 0xd0, 0x5, 0x4c, 0x8c, 0xd1,
    0xc0, 0x80, 0xc0, 0x1e, 0x22, 0x0, 0x7c, 0x44,
    0x0, 0xf9, 0x1, 0x80, 0x3e, 0xa9, 0x91, 0xa4,
    0x70, 0x1, 0x30, 0xb2, 0xcf, 0x40,

    /* U+010D "č" */
    0x2, 0xd2, 0xa6, 0x0, 0x14, 0xe1, 0xb0, 0x4,
    0x9d, 0x20, 0x11, 0x5f, 0xf4, 0x0, 0x3c, 0x76,
    0x94, 0xd4, 0x28, 0x93, 0x4c, 0x98, 0x3, 0x89,
    0x80, 0x39, 0x42, 0x89, 0x34, 0xc3, 0xc7, 0x69,
    0x4c,

    /* U+010E "Ď" */
    0x2, 0x50, 0x53, 0x0, 0xc5, 0xba, 0xc3, 0x0,
    0xe8, 0xd9, 0x0, 0xd7, 0xff, 0x75, 0x18, 0x4,
    0xfb, 0xb1, 0xe2, 0x0, 0x3c, 0x88, 0x73, 0x14,
    0x1, 0xf3, 0x89, 0x80, 0x7c, 0x2c, 0x1, 0xf0,
    0xb0, 0x7, 0x9c, 0x4c, 0x3c, 0x88, 0x73, 0x14,
    0x0, 0x7d, 0xd8, 0xb1, 0x0,

    /* U+010F "ď" */
    0x0, 0xe1, 0xf1, 0xd1, 0x0, 0xfe, 0x10, 0xf,
    0xd4, 0x0, 0x2b, 0xfd, 0x70, 0x3, 0x80, 0x30,
    0x77, 0xa0, 0x3, 0x29, 0xd1, 0x1d, 0x0, 0x62,
    0x60, 0x9, 0x40, 0x31, 0x30, 0x4, 0xa0, 0x19,
    0x4e, 0x88, 0xe4, 0x3, 0xb0, 0x77, 0xa0, 0x3,
    0x0,

    /* U+0118 "Ę" */
    0xbf, 0xfe, 0x30, 0x7d, 0xdc, 0x61, 0xe4, 0x58,
    0x3, 0xfa, 0x3f, 0xea, 0x0, 0x3e, 0xed, 0x60,
    0xf, 0x22, 0x84, 0x1, 0xe4, 0x58, 0x0, 0xfb,
    0xb9, 0xaf, 0xfe, 0x96, 0x60, 0x6, 0xb9, 0x0,
    0xe5, 0xc6,

    /* U+0119 "ę" */
    0x2, 0xbf, 0xd6, 0x0, 0x61, 0xf4, 0xc2, 0x29,
    0xc0, 0xa4, 0x71, 0x13, 0x76, 0xb6, 0x22, 0x6e,
    0xec, 0x50, 0x92, 0x3a, 0x20, 0xf2, 0xdc, 0x62,
    0x2, 0xbf, 0x3d, 0x0, 0xc4, 0xc2, 0x1, 0x88,
    0x70, 0x80,

    /* U+0139 "Ĺ" */
    0x0, 0x2a, 0x80, 0x39, 0xfd, 0x40, 0x39, 0xe8,
    0x3, 0xd6, 0xe0, 0x1f, 0xfe, 0xbf, 0x22, 0xc0,
    0x13, 0xee, 0xe0,

    /* U+013A "ĺ" */
    0x3, 0xd4, 0x4, 0xc4, 0x9, 0x50, 0xf, 0xfe,
    0xc8,

    /* U+013D "Ľ" */
    0x0, 0xd8, 0x41, 0x6e, 0x1, 0x18, 0x7, 0x50,
    0x80, 0x73, 0x0, 0x7f, 0xf4, 0xfc, 0x8b, 0x0,
    0x1f, 0x77, 0x0,

    /* U+013E "ľ" */
    0xe4, 0xb3, 0x0, 0x84, 0x1, 0xc6, 0x0, 0x51,
    0x0, 0xff, 0xe6, 0x0,

    /* U+0141 "Ł" */
    0xa, 0x90, 0xf, 0xfe, 0x23, 0x10, 0x7, 0x36,
    0x90, 0x4, 0x2a, 0x16, 0x1, 0xac, 0x18, 0x3,
    0xa9, 0x40, 0x3f, 0x88, 0xb0, 0x4, 0xdb, 0xb8,
    0x40,

    /* U+0142 "ł" */
    0x0, 0x6a, 0x80, 0x7f, 0xf0, 0x8c, 0x40, 0x5,
    0x28, 0x6, 0xa, 0xa0, 0x80, 0xf0, 0x5, 0x90,
    0x7, 0xff, 0x0,

    /* U+0143 "Ń" */
    0x0, 0xca, 0xa0, 0xe, 0x7f, 0x50, 0xe, 0x7a,
    0x0, 0xae, 0x40, 0x35, 0xb8, 0x32, 0x80, 0x78,
    0xe8, 0x80, 0x3a, 0xd7, 0xc0, 0x3d, 0x41, 0x20,
    0x1e, 0xf6, 0x50, 0xe, 0x29, 0xa6, 0x0, 0xe6,
    0x52, 0x0, 0xf5, 0x10, 0x0,

    /* U+0144 "ń" */
    0x0, 0xa6, 0xc0, 0x32, 0x9d, 0x80, 0x65, 0xa0,
    0xb, 0x9b, 0x7f, 0x8, 0x1, 0x13, 0xcd, 0xe0,
    0x8, 0x41, 0xb2, 0x10, 0x20, 0x0, 0x80, 0x7e,
    0x30, 0xf, 0xfe, 0x10,

    /* U+0147 "Ň" */
    0x0, 0x38, 0x12, 0x80, 0x63, 0xde, 0x40, 0xc,
    0x9b, 0x82, 0x0, 0xb9, 0x0, 0xd6, 0xe0, 0xca,
    0x1, 0xe3, 0xa2, 0x0, 0xeb, 0x5f, 0x0, 0xf5,
    0x4, 0x80, 0x7b, 0xd9, 0x40, 0x38, 0xa6, 0x98,
    0x3, 0x99, 0x48, 0x3, 0xd4, 0x40,

    /* U+0148 "ň" */
    0x9, 0x84, 0xc0, 0xa, 0x4e, 0x74, 0x3, 0x5e,
    0x88, 0x3, 0x9b, 0x7f, 0x8, 0x1, 0x13, 0xcd,
    0xe0, 0x8, 0x41, 0xb2, 0x10, 0x20, 0x0, 0x80,
    0x7e, 0x30, 0xf, 0xfe, 0x10,

    /* U+0152 "Œ" */
    0x0, 0x1d, 0xf7, 0xff, 0xd4, 0xb, 0x87, 0xba,
    0xa1, 0xdd, 0xd6, 0x15, 0x30, 0x64, 0x20, 0x45,
    0x85, 0x5, 0x80, 0x3f, 0xc4, 0x40, 0xe, 0x1f,
    0xfc, 0x45, 0x0, 0x70, 0xee, 0xe2, 0x41, 0x60,
    0xe, 0x22, 0xc0, 0xa, 0x98, 0x32, 0x10, 0x22,
    0xc2, 0xb, 0x67, 0xba, 0xa1, 0xdd, 0xd8,

    /* U+0153 "œ" */
    0x2, 0xbf, 0xe7, 0x7, 0xef, 0xa1, 0x0, 0x78,
    0xee, 0xa7, 0x2b, 0x74, 0x14, 0xa, 0x14, 0x47,
    0x47, 0x26, 0x54, 0x82, 0x4c, 0x1, 0x28, 0x4e,
    0xec, 0x24, 0x46, 0x0, 0x94, 0x27, 0x76, 0xe3,
    0x50, 0xa2, 0x3a, 0x39, 0x42, 0x68, 0x0, 0x78,
    0xee, 0x9b, 0x2a, 0x76, 0xac, 0x0,

    /* U+0154 "Ŕ" */
    0x0, 0x85, 0xc8, 0x3, 0xe, 0x91, 0x0, 0x30,
    0xe2, 0x80, 0x57, 0xff, 0x6c, 0x0, 0x4f, 0xba,
    0x95, 0x90, 0x7, 0x91, 0x12, 0x5c, 0x3, 0xce,
    0x20, 0x1c, 0x50, 0x80, 0x8, 0xff, 0x68, 0x50,
    0x1, 0xf7, 0x48, 0x42, 0x0, 0xf2, 0x25, 0x31,
    0x80, 0x70, 0xc7, 0x0,

    /* U+0155 "ŕ" */
    0x0, 0x6b, 0x85, 0x5b, 0x85, 0x30, 0x73, 0xec,
    0x4, 0xc4, 0x84, 0x28, 0x81, 0x0, 0x7f, 0xf0,
    0x80,

    /* U+015A "Ś" */
    0x0, 0xca, 0xa0, 0xc, 0xfe, 0xa0, 0x19, 0xe8,
    0x2, 0x4c, 0xfe, 0xb3, 0x1b, 0x4d, 0xd6, 0x3a,
    0x8c, 0x11, 0xba, 0x28, 0xc1, 0x0, 0x43, 0x87,
    0xba, 0x80, 0x1, 0xdf, 0xca, 0xd0, 0x6, 0x49,
    0x45, 0xb4, 0x23, 0xf5, 0x51, 0xce, 0xe8, 0x68,

    /* U+015B "ś" */
    0x0, 0xae, 0x80, 0x27, 0x2a, 0x0, 0x9e, 0x40,
    0x28, 0xef, 0xc2, 0x65, 0xcd, 0xa3, 0x0, 0x89,
    0x85, 0x9f, 0x7a, 0x44, 0x2b, 0xf1, 0x65, 0x58,
    0x81, 0xc0, 0x6b, 0x30, 0x30,

    /* U+0160 "Š" */
    0x0, 0x38, 0x12, 0x80, 0x47, 0xbc, 0x80, 0x12,
    0x6e, 0x8, 0x1, 0x33, 0xfa, 0xcc, 0x6d, 0x37,
    0x58, 0xea, 0x30, 0x46, 0xe8, 0xa3, 0x4, 0x1,
    0xe, 0x1e, 0xea, 0x0, 0x7, 0x7f, 0x2b, 0x40,
    0x19, 0x25, 0x16, 0xd0, 0x8f, 0xd5, 0x47, 0x3b,
    0xa1, 0xa0,

    /* U+0161 "š" */
    0xb, 0x56, 0xb0, 0x5, 0x45, 0x58, 0x0, 0x77,
    0x0, 0x28, 0xef, 0xc2, 0x65, 0xcd, 0xa3, 0x0,
    0x89, 0x85, 0x9f, 0x7a, 0x44, 0x2b, 0xf1, 0x65,
    0x58, 0x81, 0xc0, 0x6b, 0x30, 0x30,

    /* U+0164 "Ť" */
    0x2, 0x50, 0x53, 0x0, 0x16, 0xeb, 0xc, 0x2,
    0x8d, 0x90, 0x7, 0xff, 0xdb, 0xac, 0xc, 0xdd,
    0x11, 0x40, 0x45, 0x0, 0x7f, 0xf7, 0x80,

    /* U+0165 "ť" */
    0x0, 0xa5, 0x1, 0x48, 0x1c, 0x39, 0x20, 0xf5,
    0x27, 0x8f, 0x52, 0x7c, 0xc0, 0x3f, 0xf8, 0x83,
    0x82, 0x20, 0x87, 0xe7,

    /* U+0178 "Ÿ" */
    0x0, 0xff, 0xe0, 0x5a, 0x43, 0x80, 0x74, 0xa4,
    0xb0, 0x5, 0x90, 0x40, 0x22, 0xa8, 0xf, 0x71,
    0x0, 0x1a, 0x40, 0x1a, 0xd8, 0x3, 0xe0, 0x2,
    0xb5, 0x36, 0x6, 0x0, 0x86, 0x3e, 0x3c, 0x3,
    0x9c, 0x90, 0xc0, 0x3c, 0xba, 0x1, 0xff, 0xc9,

    /* U+0179 "Ź" */
    0x0, 0xc8, 0xc0, 0x1c, 0xb0, 0xe0, 0x1c, 0xb8,
    0x20, 0x6, 0xff, 0xf2, 0xb6, 0xee, 0x62, 0x50,
    0x22, 0x85, 0xb8, 0x3, 0xe, 0xc9, 0x80, 0x6a,
    0x46, 0x0, 0xd0, 0xd4, 0x1, 0x91, 0xfc, 0x3,
    0xd, 0x38, 0x11, 0x42, 0xc2, 0xfb, 0xba, 0x40,

    /* U+017A "ź" */
    0x0, 0xa3, 0x0, 0x25, 0x2c, 0x0, 0x96, 0x80,
    0xf, 0xff, 0xad, 0xff, 0xda, 0x10, 0x1, 0x74,
    0x18, 0x2, 0x1d, 0xc0, 0x4, 0x6a, 0x0, 0xd,
    0x58, 0x80, 0x24, 0x6b, 0xfd, 0xa0,

    /* U+017B "Ż" */
    0x0, 0x8c, 0xc0, 0x1e, 0xba, 0x0, 0xf4, 0x48,
    0x4, 0xdf, 0xfe, 0x56, 0xdd, 0xcc, 0x4a, 0x4,
    0x50, 0xb7, 0x0, 0x61, 0xd9, 0x30, 0xd, 0x48,
    0xc0, 0x1a, 0x1a, 0x80, 0x32, 0x3f, 0x80, 0x61,
    0xa7, 0x2, 0x28, 0x58, 0x5f, 0x77, 0x48,

    /* U+017C "ż" */
    0x0, 0x35, 0x0, 0x64, 0xe0, 0xc, 0x48, 0x0,
    0x7f, 0xfd, 0x6f, 0xfe, 0xd0, 0x80, 0xb, 0xa0,
    0xc0, 0x10, 0xee, 0x0, 0x23, 0x50, 0x0, 0x6a,
    0xc4, 0x1, 0x23, 0x5f, 0xed,

    /* U+017D "Ž" */
    0x0, 0x30, 0x89, 0x80, 0x32, 0x6e, 0x28, 0x6,
    0x2c, 0xd3, 0x0, 0x37, 0xff, 0x95, 0xb7, 0x73,
    0x12, 0x81, 0x14, 0x2d, 0xc0, 0x18, 0x76, 0x4c,
    0x3, 0x52, 0x30, 0x6, 0x86, 0xa0, 0xc, 0x8f,
    0xe0, 0x18, 0x69, 0xc0, 0x8a, 0x16, 0x17, 0xdd,
    0xd2,

    /* U+017E "ž" */
    0x9, 0x84, 0xc0, 0x4, 0x94, 0xe8, 0x5, 0x5a,
    0x20, 0xff, 0xfa, 0xdf, 0xfd, 0xa1, 0x0, 0x17,
    0x41, 0x80, 0x21, 0xdc, 0x0, 0x46, 0xa0, 0x0,
    0xd5, 0x88, 0x2, 0x46, 0xbf, 0xda,

    /* U+0400 "Ѐ" */
    0x4, 0x60, 0xe, 0x4e, 0x90, 0xe, 0x89, 0x0,
    0xaf, 0xff, 0x8c, 0x1b, 0x77, 0x18, 0x9, 0x16,
    0x0, 0xfe, 0x7f, 0xfa, 0x80, 0xd, 0xbb, 0x58,
    0x0, 0x48, 0xa1, 0x0, 0x9, 0x16, 0x0, 0x36,
    0xee, 0x60,

    /* U+0401 "Ё" */
    0x0, 0xfc, 0xb4, 0x5c, 0x1, 0x2d, 0x96, 0x0,
    0x2f, 0xfb, 0xf7, 0xcc, 0x1b, 0x77, 0x18, 0x9,
    0x16, 0x0, 0xfe, 0x7f, 0xfa, 0x80, 0xd, 0xbb,
    0x58, 0x0, 0x48, 0xa1, 0x0, 0x9, 0x16, 0x0,
    0x36, 0xee, 0x60,

    /* U+0402 "Ђ" */
    0xdf, 0xff, 0x30, 0x3, 0x37, 0x41, 0x5b, 0xa6,
    0x0, 0x9, 0x10, 0x18, 0x88, 0x1, 0xf3, 0xab,
    0x20, 0x7, 0xaf, 0xb2, 0xb0, 0x3, 0xb2, 0xeb,
    0x85, 0x80, 0x3f, 0x37, 0x0, 0x7c, 0x88, 0xd0,
    0xe, 0x3f, 0xa8, 0x50, 0xb, 0xcc, 0xdf, 0xce,
    0x0,

    /* U+0403 "Ѓ" */
    0x0, 0x91, 0x80, 0x26, 0xf7, 0x0, 0x9a, 0xc4,
    0x2f, 0xff, 0x60, 0x3e, 0xee, 0xf, 0x22, 0x84,
    0x3, 0xff, 0xb0,

    /* U+0404 "Є" */
    0x0, 0x26, 0x7f, 0x51, 0x0, 0x12, 0xd7, 0x28,
    0xfc, 0x1, 0x51, 0x26, 0x93, 0xa0, 0x62, 0xe0,
    0x1e, 0x60, 0xff, 0xb8, 0x2, 0x60, 0xdd, 0xbc,
    0x2, 0x31, 0x52, 0x20, 0x80, 0x6a, 0x89, 0x34,
    0x9d, 0x0, 0x25, 0xae, 0x59, 0x78, 0x0,

    /* U+0405 "Ѕ" */
    0x3, 0xbf, 0xeb, 0x30, 0x6, 0x96, 0xe6, 0x18,
    0x8, 0x64, 0x88, 0xea, 0x4, 0x32, 0x40, 0x1d,
    0x87, 0xbd, 0x2, 0x0, 0x2a, 0xfa, 0x4d, 0x0,
    0xe4, 0xe3, 0x3, 0xc5, 0x23, 0x83, 0x3, 0xb8,
    0xdd, 0x6, 0x80,

    /* U+0406 "І" */
    0xb8, 0x0, 0xff, 0xe2, 0x0,

    /* U+0407 "Ї" */
    0x0, 0xd8, 0x70, 0xfc, 0x72, 0xc5, 0x6c, 0x20,
    0x1f, 0xfd, 0x40,

    /* U+0408 "Ј" */
    0xf, 0xfc, 0x81, 0xbb, 0x8, 0x0, 0x8a, 0x0,
    0xff, 0xe6, 0xb, 0xc4, 0x93, 0x81, 0x51, 0x6d,
    0x50, 0x40,

    /* U+0409 "Љ" */
    0x0, 0x67, 0xff, 0x28, 0x7, 0xea, 0xdd, 0x80,
    0x3f, 0x85, 0x88, 0xa0, 0xf, 0xfe, 0x1d, 0x77,
    0x31, 0xc0, 0x23, 0x10, 0xd, 0x3f, 0x93, 0x26,
    0x0, 0x9, 0x0, 0x63, 0x12, 0x56, 0xd0, 0x31,
    0x0, 0xfe, 0x11, 0x1f, 0xa0, 0x7, 0x69, 0x99,
    0xdb, 0xfc, 0x30, 0x1, 0xcf, 0x98, 0xa8, 0x50,

    /* U+040A "Њ" */
    0xb8, 0x0, 0xda, 0xa0, 0x1f, 0xfd, 0x47, 0xff,
    0xc5, 0x5f, 0xed, 0x70, 0x3, 0x6e, 0xe2, 0x8d,
    0xd5, 0xc3, 0x0, 0x91, 0x60, 0x22, 0x99, 0x98,
    0x1, 0xff, 0xcb, 0x46, 0xf0, 0xf, 0xab, 0xfd,
    0x30, 0xa0,

    /* U+040B "Ћ" */
    0xdf, 0xff, 0x28, 0x3, 0x37, 0x41, 0x5b, 0xa5,
    0x0, 0x9, 0x10, 0x18, 0x88, 0x1, 0xf4, 0xef,
    0xea, 0x0, 0x70, 0xc6, 0x25, 0x90, 0x6, 0x85,
    0x39, 0x24, 0x0, 0xfc, 0xfc, 0x1, 0xff, 0xc8,

    /* U+040C "Ќ" */
    0x0, 0x85, 0xc4, 0x3, 0x16, 0x98, 0x80, 0x62,
    0xc4, 0x0, 0xad, 0xc0, 0x26, 0xd0, 0xe, 0x28,
    0xe0, 0xe, 0x96, 0x30, 0xc, 0xcc, 0x80, 0xa,
    0x3e, 0x60, 0x3, 0x36, 0xb4, 0x0, 0x6e, 0x29,
    0x19, 0x0, 0xf7, 0x32, 0x0, 0x71, 0x4d, 0x8,

    /* U+040D "Ѝ" */
    0x0, 0x39, 0x80, 0x79, 0x7d, 0x0, 0x38, 0xb1,
    0x0, 0x2b, 0x80, 0xd, 0xb2, 0x1, 0xd2, 0x40,
    0x1c, 0xac, 0x80, 0x18, 0x6e, 0x88, 0x3, 0x52,
    0x28, 0x6, 0x76, 0xa0, 0xc, 0x71, 0xc0, 0x1c,
    0x90, 0x60, 0x1c, 0x6e, 0x1, 0xc0,

    /* U+040E "Ў" */
    0x0, 0x30, 0x1, 0x80, 0x3d, 0x98, 0xe0, 0xe,
    0x6c, 0xc4, 0x0, 0x53, 0x60, 0x18, 0xf8, 0x21,
    0x8, 0x2, 0x89, 0x1, 0x68, 0x0, 0x1a, 0xb8,
    0x2, 0xd4, 0x82, 0x64, 0x1, 0x13, 0x59, 0x23,
    0x80, 0x6b, 0x69, 0x90, 0x7, 0x12, 0xa9, 0xc0,
    0x3c, 0xd2, 0x1, 0xd9, 0xce, 0xe0, 0xe, 0xfd,
    0xb0, 0xe,

    /* U+040F "Џ" */
    0xb8, 0x0, 0xda, 0xa0, 0x1f, 0xfe, 0x51, 0x22,
    0xc0, 0x13, 0x6e, 0xe2, 0xb, 0xff, 0x24, 0xff,
    0x94, 0x3, 0xf0,

    /* U+0410 "А" */
    0x0, 0x93, 0xd4, 0x3, 0xdc, 0x52, 0x1, 0xc2,
    0xbe, 0x66, 0x0, 0xd2, 0x84, 0xb4, 0x1, 0x9b,
    0x83, 0x98, 0x40, 0xc, 0xa, 0x8, 0x4c, 0x0,
    0xa1, 0xee, 0x8a, 0x40, 0xcd, 0x9f, 0xf6, 0x8a,
    0xcb, 0x18, 0x8c, 0x4f, 0xc0,

    /* U+0411 "Б" */
    0xbf, 0xfe, 0xa0, 0x3, 0xf7, 0x6b, 0x0, 0x84,
    0x78, 0x0, 0xfd, 0xcd, 0xa1, 0x0, 0x3f, 0xfb,
    0x87, 0x40, 0x21, 0x11, 0xd1, 0x88, 0x7, 0xff,
    0x0, 0x6c, 0xc4, 0x1f, 0xfe, 0xd, 0x0,

    /* U+0412 "В" */
    0xbf, 0xfb, 0xa8, 0x40, 0xf, 0xfe, 0xc6, 0xb0,
    0xe, 0x2a, 0x60, 0xe, 0x1d, 0x40, 0x3, 0xff,
    0xb9, 0x68, 0x0, 0xff, 0xf4, 0x60, 0x7, 0x98,
    0x4c, 0x3, 0xb, 0x81, 0x3, 0xff, 0xba, 0xec,
    0x20,

    /* U+0413 "Г" */
    0xbf, 0xfd, 0x80, 0xfb, 0xb8, 0x3c, 0x8a, 0x10,
    0xf, 0xfe, 0xc0,

    /* U+0414 "Д" */
    0x0, 0x6f, 0xff, 0x8, 0x6, 0xbd, 0xd6, 0x0,
    0x71, 0xb1, 0x14, 0x1, 0xc2, 0x60, 0x1f, 0xc2,
    0x1, 0xf1, 0x0, 0x7f, 0x39, 0x80, 0x7c, 0x52,
    0x84, 0x58, 0x8, 0x3c, 0xdf, 0x76, 0xc0, 0xc5,
    0xb, 0xff, 0xf1, 0x80, 0x7f, 0xc0,

    /* U+0415 "Е" */
    0xbf, 0xfe, 0x30, 0x6d, 0xdc, 0x60, 0x24, 0x58,
    0x3, 0xf9, 0xff, 0xea, 0x0, 0x36, 0xed, 0x60,
    0x1, 0x22, 0x84, 0x0, 0x24, 0x58, 0x0, 0xdb,
    0xb9, 0x80,

    /* U+0416 "Ж" */
    0x4e, 0x10, 0x3, 0x60, 0x5, 0x54, 0x4, 0x59,
    0x0, 0xf1, 0xad, 0x80, 0x25, 0xc8, 0x3, 0xbe,
    0x4, 0x0, 0x4f, 0x0, 0x19, 0x45, 0xc0, 0x35,
    0x2f, 0xc9, 0xfd, 0x50, 0x3, 0xa0, 0xf5, 0xcf,
    0x62, 0x44, 0x2, 0x45, 0xe2, 0xe0, 0x27, 0x28,
    0x0, 0xa5, 0xc8, 0x3, 0xbd, 0x8c, 0x1c, 0xe0,
    0x3, 0xc6, 0xde, 0x0,

    /* U+0417 "З" */
    0x2a, 0xef, 0xd6, 0x6, 0x2a, 0xdb, 0x94, 0x44,
    0x21, 0x32, 0x60, 0x6, 0x15, 0xd0, 0x4f, 0xf7,
    0x12, 0x82, 0x6e, 0xb0, 0x24, 0x0, 0x44, 0x39,
    0x4a, 0x73, 0x24, 0x87, 0xec, 0xdd, 0x52, 0xd0,

    /* U+0418 "И" */
    0xb8, 0x0, 0xdb, 0x20, 0x1d, 0x24, 0x1, 0xca,
    0xc8, 0x1, 0x86, 0xe8, 0x80, 0x35, 0x22, 0x80,
    0x67, 0x6a, 0x0, 0xc7, 0x1c, 0x1, 0xc9, 0x6,
    0x1, 0xc6, 0xe0, 0x1c,

    /* U+0419 "Й" */
    0x0, 0x30, 0x1, 0x80, 0x37, 0x66, 0x0, 0x3a,
    0x33, 0xc, 0x0, 0xb8, 0x0, 0xdb, 0x20, 0x1d,
    0x24, 0x1, 0xca, 0xc8, 0x1, 0x86, 0xe8, 0x80,
    0x35, 0x22, 0x80, 0x67, 0x6a, 0x0, 0xc7, 0x1c,
    0x1, 0xc9, 0x6, 0x1, 0xc6, 0xe0, 0x1c,

    /* U+041A "К" */
    0xb7, 0x0, 0x9b, 0x40, 0x38, 0xa3, 0x80, 0x3a,
    0x58, 0xc0, 0x33, 0x32, 0x0, 0x28, 0xf9, 0x80,
    0xc, 0xda, 0xd0, 0x1, 0xb8, 0xa4, 0x64, 0x3,
    0xdc, 0xc8, 0x1, 0xc5, 0x34, 0x20,

    /* U+041B "Л" */
    0x0, 0x67, 0xff, 0x10, 0x5, 0x5b, 0xb0, 0x6,
    0x16, 0x22, 0x80, 0x3f, 0xf8, 0x26, 0x20, 0x1f,
    0x9, 0x0, 0x78, 0xc4, 0x3, 0xc7, 0xe8, 0x1,
    0xef, 0x18, 0x0, 0xf0,

    /* U+041C "М" */
    0xb9, 0x0, 0xe1, 0xf3, 0x6, 0x20, 0xd, 0x0,
    0x10, 0xc0, 0x4, 0x4e, 0x1, 0x32, 0x18, 0x2,
    0x24, 0x40, 0x1f, 0x1e, 0x6, 0x8e, 0x1, 0x98,
    0x57, 0xe0, 0x3, 0xd3, 0x42, 0xc0, 0x1e, 0x45,
    0x90, 0xf, 0xd4, 0x80, 0x18,

    /* U+041D "Н" */
    0xb8, 0x0, 0xd5, 0x0, 0x1f, 0xfc, 0xd7, 0xff,
    0xca, 0x0, 0x6d, 0xdc, 0x80, 0x1, 0x22, 0xc2,
    0x1, 0xff, 0xc5,

    /* U+041E "О" */
    0x0, 0x1d, 0xff, 0xb1, 0x0, 0x24, 0xc2, 0xcc,
    0x25, 0xb0, 0x2, 0x62, 0x4c, 0xd1, 0x52, 0x28,
    0x4e, 0x1, 0x94, 0x9c, 0x48, 0x3, 0xcd, 0xc2,
    0x40, 0x1e, 0x6e, 0x41, 0x70, 0xc, 0xa4, 0xe1,
    0x51, 0x26, 0x68, 0xa9, 0x10, 0x4d, 0x2c, 0xc2,
    0x5b, 0x0,

    /* U+041F "П" */
    0xbf, 0xff, 0x40, 0x36, 0xee, 0x50, 0x0, 0x91,
    0x60, 0xf, 0xff, 0x30,

    /* U+0420 "Р" */
    0xbf, 0xfb, 0x60, 0x2, 0x6d, 0xd4, 0xad, 0x0,
    0x4, 0x88, 0x9c, 0xa0, 0x1f, 0xfc, 0x11, 0x84,
    0x0, 0x3f, 0xfb, 0x82, 0x80, 0xd, 0xba, 0xfb,
    0x10, 0x0, 0x91, 0x0, 0x3f, 0xf8, 0x0,

    /* U+0421 "С" */
    0x0, 0x1d, 0xff, 0xb1, 0x0, 0x9, 0x85, 0x78,
    0x94, 0x21, 0x31, 0x28, 0x71, 0xc2, 0x84, 0xe0,
    0x1e, 0x12, 0x0, 0xf8, 0x48, 0x3, 0xe4, 0x27,
    0x0, 0xfa, 0x62, 0x50, 0xe3, 0x84, 0x13, 0xa,
    0xf1, 0x34, 0x40,

    /* U+0422 "Т" */
    0xdf, 0xff, 0xe, 0x6e, 0x82, 0xb7, 0x42, 0x22,
    0x20, 0x31, 0x10, 0x3, 0xff, 0xca,

    /* U+0423 "У" */
    0x9b, 0x0, 0xc7, 0xc1, 0x8, 0x40, 0x14, 0x48,
    0xb, 0x40, 0x0, 0xd5, 0xc0, 0x16, 0xa4, 0x13,
    0x20, 0x8, 0x9a, 0xc9, 0x1c, 0x3, 0x5b, 0x4c,
    0x80, 0x38, 0x95, 0x4e, 0x1, 0xe6, 0x90, 0xe,
    0xce, 0x77, 0x0, 0x77, 0xed, 0x80, 0x70,

    /* U+0424 "Ф" */
    0x0, 0xed, 0x10, 0xf, 0x2d, 0xf1, 0x7e, 0x30,
    0x5, 0x37, 0xb8, 0x15, 0x37, 0x40, 0x4d, 0x8c,
    0x40, 0xcb, 0x88, 0x91, 0x90, 0x7, 0xa, 0x60,
    0x7, 0xfc, 0xa6, 0x20, 0x1e, 0x4d, 0x34, 0xd3,
    0x0, 0x8a, 0xcd, 0x42, 0xd3, 0x7c, 0x37, 0x45,
    0x80, 0x14, 0x77, 0x3, 0x3e, 0x44, 0x0,

    /* U+0425 "Х" */
    0x4f, 0x20, 0x1, 0x7a, 0x21, 0xb8, 0x1, 0xcc,
    0x81, 0x4, 0xee, 0x29, 0x0, 0xd, 0x44, 0x28,
    0x3, 0x20, 0x89, 0x0, 0x33, 0x98, 0x40, 0x4,
    0x51, 0x34, 0xe6, 0x0, 0xe6, 0x44, 0x37, 0x83,
    0x8c, 0x80, 0x24, 0x9c,

    /* U+0426 "Ц" */
    0xb8, 0x0, 0xda, 0xa0, 0x1f, 0xfe, 0xc1, 0x22,
    0xc0, 0x42, 0xd, 0xbb, 0x8a, 0x2e, 0xdf, 0xfe,
    0x80, 0xf, 0xf0,

    /* U+0427 "Ч" */
    0x99, 0x0, 0x6e, 0x40, 0xf, 0xfe, 0x27, 0x10,
    0x7, 0x91, 0xa, 0x2, 0xa2, 0x7, 0x15, 0xfd,
    0x20, 0x13, 0xfe, 0xf6, 0x8, 0x6, 0x21, 0x0,
    0xff, 0x80,

    /* U+0428 "Ш" */
    0xb8, 0x0, 0xbc, 0x80, 0xb, 0xa0, 0x1f, 0xff,
    0x71, 0x22, 0x81, 0x88, 0x86, 0x0, 0x6d, 0xd8,
    0x2f, 0x75, 0x20,

    /* U+0429 "Щ" */
    0xb8, 0x0, 0xbc, 0x80, 0xb, 0xa0, 0x1f, 0xff,
    0xf0, 0xf, 0x9, 0x14, 0xc, 0x45, 0xc0, 0x6,
    0xdd, 0x82, 0xf7, 0x50, 0x1a, 0x37, 0xff, 0xfe,
    0x0, 0xff, 0xe1, 0x80,

    /* U+042A "Ъ" */
    0xdf, 0xf7, 0x0, 0x7b, 0x36, 0x40, 0x3e, 0x12,
    0x30, 0xf, 0xf0, 0xf7, 0x56, 0x80, 0x18, 0x7f,
    0xd9, 0x8b, 0x20, 0xc, 0x22, 0x27, 0x24, 0x0,
    0xfe, 0x30, 0xf, 0xb, 0x92, 0x0, 0x43, 0xfe,
    0xeb, 0xb0, 0x80,

    /* U+042B "Ы" */
    0xb8, 0x0, 0xf4, 0xc8, 0x3, 0xff, 0x92, 0xfd,
    0xcd, 0x91, 0x0, 0xcf, 0xfe, 0xe5, 0xa0, 0xe,
    0x11, 0x1f, 0xa0, 0x7, 0xff, 0x14, 0xa1, 0x0,
    0x33, 0xff, 0xb0, 0xa8, 0x2,

    /* U+042C "Ь" */
    0xb8, 0x0, 0xff, 0xe5, 0xbf, 0x73, 0x64, 0x40,
    0xf, 0xfe, 0xe5, 0xa0, 0x8, 0x44, 0x7e, 0x80,
    0x1f, 0xfc, 0x12, 0x84, 0x0, 0x3f, 0xfb, 0xa,
    0x80,

    /* U+042D "Э" */
    0x7, 0xdf, 0xe8, 0x0, 0x35, 0x46, 0x5a, 0xe0,
    0x36, 0xa9, 0xae, 0x13, 0x0, 0x70, 0xb6, 0x80,
    0x1b, 0xfe, 0x76, 0x0, 0x36, 0xec, 0xec, 0x1,
    0x11, 0x4b, 0xad, 0x8a, 0x6b, 0xa2, 0xcc, 0xb8,
    0xcb, 0x5c, 0x0,

    /* U+042E "Ю" */
    0xb8, 0x0, 0xa7, 0xbf, 0x14, 0x3, 0xda, 0x5b,
    0xd5, 0x6e, 0x1, 0xa0, 0x6c, 0xc5, 0xb6, 0x4,
    0x2, 0x59, 0x0, 0xc6, 0x67, 0x7, 0xf2, 0x60,
    0xe, 0x6e, 0x6, 0xd1, 0x50, 0xe, 0x7e, 0x1,
    0x27, 0xb0, 0xc, 0x84, 0xe0, 0x14, 0x1e, 0x29,
    0xbd, 0xc0, 0x80, 0x43, 0xeb, 0x79, 0x74, 0xe0,

    /* U+042F "Я" */
    0x2, 0xbf, 0xfc, 0xe1, 0xe1, 0x9b, 0xa3, 0x3,
    0x2b, 0x32, 0x23, 0x80, 0x7f, 0x18, 0x40, 0x7,
    0xb1, 0x7f, 0xe4, 0x0, 0x18, 0xc6, 0xe8, 0xc0,
    0xc, 0x2e, 0x44, 0x70, 0x18, 0x90, 0xe,

    /* U+0430 "а" */
    0x8, 0xdf, 0xc3, 0x0, 0x17, 0x6a, 0xf0, 0x2,
    0x8c, 0xa0, 0x80, 0x13, 0xbd, 0xe0, 0x28, 0x8c,
    0xee, 0x0, 0x4, 0xc0, 0x10, 0x0, 0x57, 0xee,
    0x78, 0x0,

    /* U+0431 "б" */
    0x0, 0xe1, 0x40, 0x8, 0x5f, 0x3a, 0x40, 0x3,
    0x98, 0x9e, 0xd0, 0x5, 0x52, 0xd4, 0x40, 0x24,
    0x2d, 0xeb, 0x10, 0x30, 0x89, 0xd0, 0xc0, 0xa,
    0x50, 0xec, 0xd0, 0x41, 0x40, 0x22, 0x28, 0x14,
    0x2, 0x22, 0x3, 0x49, 0x8d, 0x1a, 0x4, 0xa6,
    0xf0, 0x60, 0x0,

    /* U+0432 "в" */
    0xef, 0xfa, 0x80, 0x17, 0xfc, 0xec, 0x1, 0x8,
    0x10, 0x57, 0x78, 0xa8, 0x57, 0x7b, 0x40, 0x7,
    0xd7, 0xfe, 0x6b,

    /* U+0433 "г" */
    0xef, 0xfb, 0x2, 0xbb, 0x9a, 0x2, 0x38, 0x3,
    0xff, 0x90,

    /* U+0434 "д" */
    0x5, 0xff, 0xd2, 0x0, 0x34, 0xee, 0x30, 0x6,
    0x11, 0xc0, 0x10, 0x98, 0x7, 0xb7, 0xc0, 0x38,
    0x91, 0x44, 0x63, 0xc, 0x1c, 0xee, 0x32, 0xc8,
    0x67, 0xfe, 0x70, 0x62, 0x0, 0xd9, 0x80,

    /* U+0435 "е" */
    0x2, 0xbf, 0xd6, 0x0, 0x79, 0xf4, 0xc2, 0x28,
    0x40, 0xa4, 0x79, 0x13, 0x76, 0xb7, 0x22, 0x6e,
    0xec, 0x50, 0x92, 0x39, 0x20, 0xc2, 0xdc, 0x2,

    /* U+0436 "ж" */
    0x6d, 0x0, 0x3d, 0x0, 0x2a, 0x41, 0x85, 0x80,
    0x31, 0xa4, 0x0, 0x3e, 0x0, 0x37, 0xc0, 0x80,
    0xc, 0xbe, 0x17, 0xcd, 0x80, 0x24, 0x3c, 0x74,
    0xd2, 0x70, 0xa, 0x60, 0xfc, 0x4a, 0x60, 0x82,
    0x1, 0xc0, 0x32, 0x2c, 0x80,

    /* U+0437 "з" */
    0x2b, 0xfe, 0xa1, 0x3d, 0xd6, 0x34, 0xb, 0x11,
    0x18, 0x40, 0xbb, 0xd2, 0x40, 0xbb, 0xdb, 0x51,
    0x48, 0xa0, 0x7e, 0xcc, 0xf, 0x0,

    /* U+0438 "и" */
    0xe4, 0x0, 0x1f, 0x98, 0x4, 0x3a, 0x1, 0xd4,
    0xe0, 0x1a, 0x1e, 0x40, 0x2c, 0x6e, 0x0, 0xcf,
    0x64, 0x1, 0x9d, 0x40, 0x30,

    /* U+0439 "й" */
    0x5, 0x0, 0x30, 0x4, 0x37, 0x80, 0x19, 0x2f,
    0x18, 0x1, 0xc8, 0x0, 0x3f, 0x30, 0x8, 0x74,
    0x3, 0xa9, 0xc0, 0x34, 0x3c, 0x80, 0x58, 0xdc,
    0x1, 0x9e, 0xc8, 0x3, 0x3a, 0x80, 0x60,

    /* U+043A "к" */
    0xe4, 0x0, 0x54, 0x0, 0x65, 0x78, 0x0, 0x86,
    0xf8, 0x2, 0xbe, 0x53, 0x0, 0xab, 0x11, 0x0,
    0x10, 0x9c, 0xd0, 0x80, 0x66, 0x4a, 0x0,

    /* U+043B "л" */
    0x5, 0xff, 0xd2, 0x6, 0x9d, 0xc6, 0x0, 0x88,
    0x44, 0x1, 0x8, 0x80, 0x3b, 0xb8, 0x1, 0x89,
    0xd4, 0x3, 0x62, 0x18, 0x6,

    /* U+043C "м" */
    0xe8, 0x0, 0xda, 0xe0, 0xe2, 0x0, 0x72, 0x0,
    0x2c, 0x0, 0x25, 0x0, 0x12, 0xe5, 0xc, 0x40,
    0x1, 0x89, 0x68, 0x0, 0xcc, 0xc8, 0x0, 0xf6,
    0x30, 0x4,

    /* U+043D "н" */
    0xe4, 0x0, 0xf, 0x80, 0x7f, 0xf1, 0x2f, 0xfd,
    0xc0, 0x15, 0x6e, 0xb0, 0x2, 0x12, 0x28, 0x3,
    0xf8,

    /* U+043E "о" */
    0x1, 0xbf, 0xe8, 0x0, 0xb0, 0x77, 0x4b, 0x0,
    0xa1, 0x44, 0x7c, 0xe0, 0x4c, 0x1, 0x18, 0x9,
    0x30, 0x4, 0x60, 0x2a, 0x14, 0x47, 0xce, 0x0,
    0xc1, 0xdd, 0x2c, 0x0,

    /* U+043F "п" */
    0xef, 0xfe, 0x0, 0x57, 0x73, 0x0, 0x21, 0x1c,
    0x1, 0xff, 0xd2,

    /* U+0440 "р" */
    0xe7, 0xdf, 0xc4, 0x0, 0x44, 0xf5, 0xd8, 0x82,
    0x50, 0x5d, 0x68, 0x8, 0x2, 0xd2, 0x3, 0x0,
    0xb4, 0x82, 0x14, 0x9d, 0x68, 0x22, 0x76, 0xec,
    0x40, 0x79, 0xf8, 0x80, 0x1f, 0xfc, 0x30,

    /* U+0441 "с" */
    0x1, 0xbf, 0xe8, 0x0, 0x60, 0xed, 0x21, 0xa8,
    0x51, 0x26, 0x19, 0x30, 0x7, 0x13, 0x0, 0x72,
    0x85, 0x12, 0x69, 0x86, 0xe, 0xd2, 0x98,

    /* U+0442 "т" */
    0xff, 0xed, 0xee, 0x2b, 0x76, 0x8, 0x80, 0x46,
    0x0, 0xff, 0xe6, 0x0,

    /* U+0443 "у" */
    0xc, 0x60, 0xa, 0x24, 0x2a, 0xc0, 0x26, 0xa0,
    0x62, 0x30, 0x43, 0x30, 0x1, 0xa8, 0x3a, 0x80,
    0x2a, 0x71, 0x56, 0x0, 0x8c, 0xd4, 0xa2, 0x1,
    0xa9, 0x38, 0x3, 0x8c, 0x50, 0x2, 0x52, 0xf9,
    0x0, 0xd3, 0xa2, 0xe0, 0x10,

    /* U+0444 "ф" */
    0x0, 0xd6, 0xc0, 0x1f, 0xfc, 0x31, 0xae, 0x49,
    0xd7, 0x0, 0xb0, 0x68, 0xde, 0x2a, 0x1, 0x42,
    0xd1, 0xf9, 0x79, 0xc0, 0x98, 0x3, 0x8c, 0x4,
    0x98, 0x3, 0x90, 0x5, 0x42, 0x8d, 0xc5, 0x69,
    0xc0, 0x18, 0x1a, 0x71, 0x9, 0x80, 0x0, 0xd7,
    0x24, 0xeb, 0x80, 0x7f, 0xf2, 0x80,

    /* U+0445 "х" */
    0x6d, 0x0, 0x2e, 0x83, 0x32, 0x6, 0xf8, 0x1,
    0x4d, 0x8c, 0x60, 0x1, 0x72, 0x90, 0x8, 0x9d,
    0x20, 0x2, 0xf8, 0xb7, 0x50, 0x86, 0x60, 0x55,
    0x88,

    /* U+0446 "ц" */
    0xe4, 0x0, 0x27, 0x0, 0x7f, 0xf4, 0x84, 0x70,
    0x8, 0x57, 0x72, 0x87, 0xfb, 0xff, 0x60, 0x7,
    0x89, 0x80,

    /* U+0447 "ч" */
    0x8a, 0x0, 0xbc, 0xc0, 0x3e, 0xf0, 0xf, 0x12,
    0x8, 0x18, 0x1, 0x53, 0xbf, 0xc0, 0x15, 0x7f,
    0xb0, 0x3, 0xf8,

    /* U+0448 "ш" */
    0xe4, 0x0, 0x71, 0x80, 0x3c, 0x80, 0x3f, 0xfb,
    0xa2, 0x30, 0x38, 0x88, 0x2, 0xae, 0xe0, 0xdf,
    0x70, 0x0,

    /* U+0449 "щ" */
    0xe4, 0x0, 0x71, 0x80, 0x3c, 0x80, 0x3f, 0xfc,
    0x42, 0x30, 0x38, 0x88, 0x18, 0x1, 0x5d, 0xc1,
    0xbe, 0xe0, 0x58, 0xf7, 0xff, 0xe0, 0xf, 0xfa,
    0x4,

    /* U+044A "ъ" */
    0xff, 0x88, 0x3, 0x77, 0x0, 0x3c, 0x22, 0xd,
    0xfd, 0x60, 0xd, 0xbf, 0xd2, 0x40, 0x1c, 0x62,
    0xc0, 0x1c, 0x62, 0xa0, 0x16, 0xff, 0x50, 0x80,

    /* U+044B "ы" */
    0xe4, 0x0, 0xd3, 0x20, 0xf, 0xea, 0xed, 0x80,
    0xd, 0x5d, 0xec, 0x80, 0x1c, 0x4a, 0x40, 0x1c,
    0x4a, 0xa0, 0xa, 0xff, 0x24, 0xc0, 0x0,

    /* U+044C "ь" */
    0xe4, 0x0, 0xff, 0xab, 0xb9, 0x0, 0xa, 0xef,
    0x65, 0x0, 0x85, 0x34, 0x2, 0x14, 0xd0, 0xbf,
    0xf3, 0x28,

    /* U+044D "э" */
    0x2b, 0xfe, 0x91, 0x7, 0xce, 0xc3, 0xd0, 0x57,
    0x12, 0xa2, 0x30, 0x6, 0xf7, 0x5, 0x80, 0x1b,
    0xdc, 0x16, 0x57, 0x12, 0xa2, 0x34, 0xce, 0xc3,
    0xd0,

    /* U+044E "ю" */
    0xe4, 0x1, 0xbf, 0xe7, 0x0, 0xd8, 0x5d, 0xb2,
    0xc0, 0x4, 0x9, 0x13, 0xbb, 0x5, 0xd9, 0xc0,
    0x26, 0x20, 0x98, 0x70, 0x9, 0x48, 0x9, 0xce,
    0x49, 0x26, 0xc0, 0x2c, 0x2d, 0xa9, 0x60,

    /* U+044F "я" */
    0x5, 0xdf, 0xf8, 0xca, 0xa3, 0xb8, 0x40, 0xe4,
    0xa2, 0x20, 0x3, 0x91, 0x0, 0x31, 0x4e, 0xf7,
    0x8, 0x2, 0x3e, 0xe1, 0x1, 0x47, 0x0, 0x60,

    /* U+0450 "ѐ" */
    0x1, 0x71, 0x0, 0xc2, 0x9a, 0x40, 0x18, 0xf0,
    0x80, 0x22, 0xbf, 0xd6, 0x0, 0x79, 0xf4, 0xc2,
    0x28, 0x40, 0xa4, 0x79, 0x13, 0x76, 0xb7, 0x22,
    0x6e, 0xec, 0x50, 0x92, 0x39, 0x20, 0xc2, 0xdc,
    0x2,

    /* U+0451 "ё" */
    0x0, 0x68, 0xd2, 0x0, 0x5c, 0x30, 0xa0, 0x2,
    0x8f, 0xf3, 0x80, 0x3c, 0xfa, 0x61, 0x14, 0x20,
    0x52, 0x3c, 0x89, 0xbb, 0x5b, 0x91, 0x37, 0x76,
    0x28, 0x49, 0x1c, 0x90, 0x61, 0x6e, 0x1, 0x0,

    /* U+0452 "ђ" */
    0x0, 0x38, 0x80, 0x7d, 0x24, 0x1, 0xc3, 0xc3,
    0xbd, 0xc1, 0x0, 0xf, 0xc, 0x10, 0xe9, 0x0,
    0x68, 0x9d, 0x6f, 0x0, 0xd2, 0xa5, 0x64, 0x20,
    0x11, 0x80, 0x4, 0xc, 0x3, 0xff, 0xa3, 0xc8,
    0x1, 0xfe, 0x34, 0x2, 0x0, 0xc3, 0xb5, 0x20,

    /* U+0453 "ѓ" */
    0x0, 0x9c, 0x80, 0x6c, 0x48, 0x6, 0xd8, 0x3b,
    0xfe, 0xc0, 0xae, 0xe6, 0x80, 0x8e, 0x0, 0xff,
    0xe4, 0x0,

    /* U+0454 "є" */
    0x1, 0xaf, 0xf5, 0x8, 0x61, 0xee, 0x89, 0x54,
    0x12, 0x44, 0x84, 0x22, 0x7f, 0xb0, 0x0, 0x44,
    0xff, 0x60, 0x1, 0x42, 0x44, 0x50, 0x81, 0x87,
    0xdc, 0x25,

    /* U+0455 "ѕ" */
    0x6, 0xdf, 0xd5, 0x29, 0x97, 0x43, 0x0, 0x42,
    0xa6, 0x51, 0x5f, 0x64, 0xf, 0xda, 0x5c, 0x50,
    0x66, 0x10, 0x1, 0xef, 0x1f, 0x0,

    /* U+0456 "і" */
    0xd, 0x40, 0x56, 0x8, 0x20, 0xe4, 0x0, 0xff,
    0xe3, 0x0,

    /* U+0457 "ї" */
    0xa4, 0xd0, 0x84, 0xe0, 0x2e, 0x70, 0xf, 0xfe,
    0x68,

    /* U+0458 "ј" */
    0x0, 0x9c, 0x80, 0x2a, 0x70, 0xb, 0x54, 0x2,
    0xe4, 0x0, 0xff, 0xec, 0x11, 0x5, 0x83, 0xf5,
    0xc8,

    /* U+0459 "љ" */
    0x5, 0xff, 0xe0, 0xe, 0x34, 0xee, 0x0, 0x7e,
    0x21, 0x10, 0x3, 0xb9, 0x62, 0x2, 0x20, 0xd,
    0xdc, 0x1b, 0xe, 0xe0, 0x7, 0xb1, 0x89, 0xd4,
    0x3, 0x11, 0xd2, 0xe2, 0x18, 0x6, 0xdc, 0x78,

    /* U+045A "њ" */
    0xe4, 0x0, 0x1f, 0x0, 0x7f, 0xf4, 0x2f, 0xfd,
    0x83, 0xfd, 0xaa, 0x0, 0xad, 0xd5, 0xe, 0xe5,
    0xd0, 0x0, 0x48, 0x8c, 0x4, 0x50, 0x7, 0xc3,
    0xdc, 0x9a, 0x0,

    /* U+045B "ћ" */
    0x0, 0x49, 0x80, 0x72, 0xe3, 0x76, 0x60, 0x40,
    0xb, 0x83, 0x39, 0x81, 0x0, 0xec, 0xdf, 0xc3,
    0x0, 0xcd, 0x1a, 0xdc, 0x1, 0xa5, 0x4a, 0xc8,
    0x40, 0x23, 0x0, 0x8, 0x18, 0x7, 0xff, 0x3c,

    /* U+045C "ќ" */
    0x0, 0x99, 0x0, 0x35, 0x72, 0x0, 0x6a, 0x80,
    0xb, 0x90, 0x1, 0x50, 0x1, 0x95, 0xe0, 0x2,
    0x1b, 0xe0, 0xa, 0xf9, 0x4c, 0x2, 0xac, 0x44,
    0x0, 0x42, 0x73, 0x42, 0x1, 0x99, 0x28, 0x0,

    /* U+045D "ѝ" */
    0x6, 0x50, 0xe, 0x7e, 0x70, 0xc, 0x36, 0xe0,
    0x17, 0x20, 0x0, 0xfc, 0xc0, 0x21, 0xd0, 0xe,
    0xa7, 0x0, 0xd0, 0xf2, 0x1, 0x63, 0x70, 0x6,
    0x7b, 0x20, 0xc, 0xea, 0x1, 0x80,

    /* U+045E "ў" */
    0x0, 0x20, 0x82, 0x80, 0x63, 0x70, 0x90, 0xc,
    0xf9, 0x72, 0x1, 0x63, 0x55, 0xac, 0x48, 0x55,
    0x80, 0x4d, 0x40, 0xc4, 0x60, 0x86, 0x60, 0x3,
    0x50, 0x75, 0x0, 0x54, 0xe2, 0xac, 0x1, 0x19,
    0xa9, 0x44, 0x3, 0x52, 0x70, 0x7, 0x18, 0xa0,
    0x4, 0xa5, 0xf2, 0x1, 0xa7, 0x45, 0xc0, 0x20,

    /* U+045F "џ" */
    0xe4, 0x0, 0x45, 0x0, 0x7f, 0xf3, 0x44, 0x70,
    0x2, 0xbb, 0x8c, 0x1d, 0xeb, 0x3f, 0x40, 0xf,
    0x50, 0x0,

    /* U+0462 "Ѣ" */
    0x0, 0x22, 0x80, 0x7e, 0xcf, 0x0, 0xf5, 0xfb,
    0xaf, 0xf8, 0xc0, 0x2b, 0xf7, 0x5f, 0xf1, 0x80,
    0x79, 0x7b, 0xaa, 0x20, 0xc, 0xbf, 0xed, 0xf,
    0x0, 0xe1, 0x11, 0xd1, 0x10, 0x3, 0xff, 0x88,
    0x32, 0x44, 0x0, 0x97, 0xfe, 0x2f, 0x0,

    /* U+0463 "ѣ" */
    0x3, 0x50, 0xe, 0x5e, 0x0, 0xff, 0xba, 0x53,
    0xb8, 0x21, 0xd2, 0x9d, 0xc1, 0x0, 0x93, 0xb9,
    0x84, 0x0, 0x4e, 0xe2, 0x70, 0x7, 0x59, 0x80,
    0x75, 0x98, 0x1, 0x3f, 0xc9, 0xc0,

    /* U+046A "Ѫ" */
    0xc, 0xff, 0xfa, 0x40, 0x1e, 0x5d, 0xff, 0x61,
    0x40, 0x0, 0xe7, 0x40, 0x5, 0xde, 0x20, 0x12,
    0x4d, 0x8f, 0x79, 0x0, 0x65, 0x84, 0xe3, 0xe3,
    0x0, 0x92, 0xa7, 0x43, 0xeb, 0x8, 0x1, 0x12,
    0x80, 0x13, 0x2d, 0x81, 0x99, 0x80, 0x3a, 0x58,
    0x29, 0x40, 0x3c, 0x64, 0xc0,

    /* U+046B "ѫ" */
    0x1f, 0xee, 0xde, 0xe0, 0x32, 0x9d, 0xca, 0x37,
    0x0, 0x36, 0xc9, 0xc6, 0x80, 0x45, 0x6d, 0x84,
    0xc0, 0x17, 0xd5, 0xa7, 0xd2, 0x2, 0x3, 0x0,
    0x6, 0xfc, 0x3a, 0x80, 0x33, 0xa0, 0x80,

    /* U+0472 "Ѳ" */
    0x0, 0x1d, 0xff, 0xb1, 0x0, 0x24, 0xc2, 0xbc,
    0x4b, 0x60, 0x4, 0xbc, 0xa1, 0xc5, 0x48, 0xa1,
    0x40, 0x6, 0x52, 0x71, 0xe, 0xef, 0x17, 0x8,
    0x7f, 0xf8, 0xb9, 0x5, 0xc4, 0x72, 0x93, 0x85,
    0x4c, 0x19, 0x9e, 0xe4, 0x41, 0x34, 0xf3, 0x17,
    0x66, 0x0,

    /* U+0473 "ѳ" */
    0x1, 0xbf, 0xe8, 0x0, 0xb0, 0x76, 0x96, 0x1,
    0x4e, 0x89, 0x25, 0xc0, 0x87, 0xba, 0xa0, 0x12,
    0x27, 0x75, 0xa0, 0x2a, 0x12, 0x47, 0xce, 0x0,
    0xc2, 0xdd, 0x2c, 0x0,

    /* U+0474 "Ѵ" */
    0x0, 0xfe, 0xaa, 0x0, 0x63, 0xee, 0x94, 0x40,
    0x2f, 0x4d, 0x42, 0x70, 0x1, 0x9a, 0xcc, 0x2a,
    0xc0, 0x16, 0xa2, 0x0, 0x62, 0x30, 0x6f, 0x0,
    0x85, 0x28, 0xc5, 0x40, 0x37, 0x3d, 0x28, 0x7,
    0x28, 0x37, 0x0, 0x79, 0xc1, 0x0, 0x20,

    /* U+0475 "ѵ" */
    0x0, 0xfd, 0x70, 0x1, 0x5f, 0x87, 0x30, 0x0,
    0xd2, 0xc1, 0x41, 0x2, 0x99, 0x0, 0xd, 0xe0,
    0xf4, 0x1, 0x52, 0x30, 0x18, 0x4, 0x47, 0x2c,
    0x1, 0xd2, 0x14, 0x1, 0x0,

    /* U+048A "Ҋ" */
    0x0, 0x30, 0x1, 0x80, 0x38, 0x73, 0x0, 0x1e,
    0x7c, 0xc3, 0x0, 0x57, 0x0, 0x1b, 0x64, 0x3,
    0xd2, 0x40, 0x1e, 0x56, 0x40, 0xe, 0x1b, 0xa2,
    0x0, 0xed, 0x45, 0x0, 0xe7, 0x1a, 0x0, 0xe3,
    0x8e, 0x0, 0xf2, 0x41, 0x80, 0x61, 0x3, 0x70,
    0xc, 0xd1, 0x78, 0x1, 0xa5, 0x30, 0x3, 0xe5,
    0x40,

    /* U+048B "ҋ" */
    0x6, 0x0, 0x30, 0x6, 0x2b, 0xb0, 0x7, 0x25,
    0xd9, 0x80, 0x2e, 0x40, 0x1, 0xf9, 0x80, 0x61,
    0xd0, 0xf, 0x52, 0x0, 0x73, 0xb5, 0x0, 0x63,
    0x9f, 0x0, 0xe8, 0xb2, 0x0, 0xe7, 0x50, 0xb,
    0x7, 0xa0, 0x2, 0xd2, 0x10, 0xe, 0x18, 0x0,

    /* U+048C "Ҍ" */
    0x3, 0x60, 0xf, 0x96, 0x80, 0x3d, 0x32, 0x3f,
    0xf2, 0x80, 0x53, 0x23, 0xff, 0x28, 0x7, 0x1f,
    0x75, 0x66, 0x1, 0x17, 0xfb, 0xf, 0x4, 0x0,
    0x23, 0x14, 0xa, 0x0, 0x7e, 0x10, 0xe, 0x18,
    0x5, 0x0, 0x1f, 0xfb, 0x93, 0x44,

    /* U+048D "ҍ" */
    0x8, 0xa0, 0xd, 0x6e, 0xbf, 0xe0, 0x5, 0xba,
    0xff, 0x80, 0x32, 0xf7, 0x30, 0xc0, 0xb, 0xdc,
    0xbe, 0x0, 0xef, 0x10, 0x2, 0xff, 0x93, 0xc0,

    /* U+048E "Ҏ" */
    0xbf, 0xfb, 0x60, 0x2, 0x6d, 0xd4, 0xad, 0x0,
    0x4, 0x88, 0x9c, 0xa0, 0x1a, 0x90, 0x3, 0xd7,
    0x30, 0x80, 0x7, 0xfe, 0x24, 0xa0, 0x3, 0x6e,
    0xbd, 0x98, 0x0, 0x12, 0x20, 0x48, 0x7, 0xe7,
    0x0,

    /* U+048F "ҏ" */
    0xe5, 0xcf, 0xd5, 0x0, 0x5c, 0x75, 0xd1, 0x84,
    0xa0, 0xb3, 0x28, 0xc, 0x2, 0xe2, 0x3, 0x3,
    0xad, 0x20, 0x95, 0x17, 0x5b, 0x8, 0xed, 0x2,
    0x0, 0x15, 0xfe, 0xcb, 0x0, 0x72, 0x20, 0x3,
    0xe0,

    /* U+0490 "Ґ" */
    0x0, 0xc9, 0xa0, 0x1e, 0xbf, 0xfa, 0xc0, 0xd,
    0xbb, 0x60, 0x9, 0x14, 0x20, 0x1f, 0xfd, 0x80,

    /* U+0491 "ґ" */
    0x0, 0x91, 0x0, 0x16, 0xe7, 0x7f, 0x98, 0x1,
    0x5d, 0xc8, 0x1, 0x18, 0x3, 0xff, 0x92,

    /* U+0492 "Ғ" */
    0x6, 0xff, 0xe2, 0x0, 0x16, 0xee, 0x20, 0x0,
    0x91, 0x60, 0xf, 0xe9, 0x91, 0xff, 0xca, 0x13,
    0x22, 0xff, 0x94, 0x3, 0xff, 0x9a,

    /* U+0493 "ғ" */
    0xb, 0xff, 0xc0, 0x7, 0xee, 0x80, 0x1e, 0x23,
    0x0, 0x79, 0x92, 0x7b, 0x84, 0xc9, 0x3d, 0xc2,
    0x0, 0xf0,

    /* U+0494 "Ҕ" */
    0xbf, 0xfe, 0x10, 0x6d, 0xdc, 0x20, 0x24, 0x58,
    0x3, 0xf9, 0x3b, 0xfa, 0x0, 0xf, 0xfe, 0xd6,
    0x60, 0x18, 0x81, 0xcd, 0x0, 0x71, 0x8, 0x7,
    0x63, 0xdc, 0x2, 0x43, 0x40, 0x0, 0x64, 0xec,
    0x80,

    /* U+0495 "ҕ" */
    0xef, 0xfa, 0x80, 0x15, 0xdc, 0xb0, 0x0, 0x8e,
    0x0, 0x6d, 0xd9, 0x80, 0x5, 0xdb, 0xc, 0x1e,
    0xad, 0x16, 0x1, 0x88, 0xf9, 0x0, 0x18, 0xa0,
    0x7, 0xa7, 0x80, 0x7, 0x96, 0x98,

    /* U+0496 "Җ" */
    0x4e, 0x10, 0x3, 0x60, 0x5, 0x54, 0x4, 0x59,
    0x0, 0xf1, 0xad, 0x80, 0x25, 0xc8, 0x3, 0xbe,
    0x4, 0x0, 0x4f, 0x0, 0x19, 0x45, 0xc0, 0x35,
    0x2f, 0xc9, 0xfd, 0x50, 0x3, 0xa0, 0xf5, 0xcf,
    0x62, 0x44, 0x2, 0x45, 0xe2, 0xe0, 0x27, 0x28,
    0x0, 0xa5, 0xc8, 0x3, 0xbd, 0x94, 0x5c, 0xe0,
    0x3, 0xc6, 0x55, 0x6f, 0xc0, 0x13, 0x60, 0x5,
    0xb0, 0x1, 0xff, 0xc2,

    /* U+0497 "җ" */
    0x6d, 0x0, 0x3d, 0x0, 0x2a, 0x41, 0x85, 0x80,
    0x31, 0xa4, 0x0, 0x3e, 0x0, 0x37, 0xc0, 0x80,
    0xc, 0xbe, 0x17, 0xcd, 0x80, 0x24, 0x3c, 0x74,
    0xd2, 0x70, 0xa, 0x60, 0xfc, 0x4a, 0x60, 0xc2,
    0x1, 0xc0, 0x32, 0x6, 0x44, 0x34, 0x0, 0xf4,
    0x0, 0xf7, 0x0, 0xff, 0x66, 0x0,

    /* U+0498 "Ҙ" */
    0x2a, 0xef, 0xd6, 0x6, 0x2a, 0xdb, 0x94, 0x44,
    0x21, 0x32, 0x60, 0x6, 0x15, 0xd0, 0x4f, 0xf7,
    0x12, 0x82, 0x6e, 0xb0, 0x24, 0x0, 0x44, 0x39,
    0x4a, 0x73, 0x24, 0x87, 0xec, 0xc6, 0xd2, 0xd2,
    0x5c, 0xa7, 0x40, 0x7, 0xe0,

    /* U+0499 "ҙ" */
    0x2b, 0xfe, 0xa1, 0x3d, 0xd6, 0x34, 0xb, 0x11,
    0x18, 0x40, 0xbb, 0xd2, 0x40, 0xbb, 0xdb, 0x51,
    0x48, 0xa0, 0x7e, 0xdd, 0xf, 0x1d, 0xbb, 0x59,
    0x0, 0x33, 0x40, 0x0,

    /* U+049A "Қ" */
    0xb7, 0x0, 0x9b, 0x40, 0x38, 0xa3, 0x80, 0x3a,
    0x58, 0xc0, 0x33, 0x32, 0x0, 0x28, 0xf9, 0x80,
    0xc, 0xda, 0xd0, 0x1, 0xb8, 0xa4, 0x64, 0x3,
    0xdc, 0xcc, 0x20, 0xc, 0x51, 0x3b, 0x6e, 0x1,
    0x3e, 0x8, 0x7, 0xe0,

    /* U+049B "қ" */
    0xe4, 0x0, 0x54, 0x0, 0x65, 0x78, 0x0, 0x86,
    0xf8, 0x2, 0xbe, 0x53, 0x0, 0xab, 0x11, 0x0,
    0x10, 0x9c, 0xd1, 0x0, 0x66, 0xd, 0x9e, 0x40,
    0x7, 0x40, 0x7, 0x93, 0x40,

    /* U+049C "Ҝ" */
    0xb7, 0x0, 0x8b, 0xc8, 0x3, 0xa5, 0xc8, 0x1,
    0x46, 0xaa, 0x80, 0xc, 0xf1, 0x60, 0x14, 0x2d,
    0x9a, 0x80, 0x4c, 0x92, 0xc, 0x1, 0x71, 0xa5,
    0xc8, 0x80, 0x50, 0x4a, 0x94, 0x1, 0xea, 0x45,

    /* U+049D "ҝ" */
    0xe4, 0x0, 0x3e, 0x0, 0x61, 0x9e, 0x0, 0x15,
    0xc3, 0x10, 0x2, 0x51, 0xa4, 0x2, 0x84, 0x44,
    0x0, 0x45, 0x94, 0xc8, 0x0, 0x17, 0x18, 0x90,

    /* U+049E "Ҟ" */
    0x6, 0xc0, 0x8, 0xfc, 0xa2, 0x4f, 0xac, 0x3e,
    0xa, 0x24, 0xfa, 0xdc, 0x1c, 0x3, 0x8a, 0x78,
    0x3, 0x1f, 0xeb, 0x90, 0x6, 0x3d, 0xa6, 0x30,
    0xe, 0x25, 0x7e, 0x0, 0xfa, 0x2, 0x0, 0x3e,
    0xf7, 0x40,

    /* U+049F "ҟ" */
    0x9, 0x30, 0xe, 0xe6, 0xde, 0x10, 0xb, 0x86,
    0xb8, 0x40, 0x3f, 0x54, 0x0, 0x72, 0xbc, 0x0,
    0x61, 0xbe, 0x0, 0xd7, 0xc8, 0x60, 0x1a, 0xb1,
    0x50, 0x3, 0x9, 0xcd, 0x8, 0x7, 0x32, 0x50,
    0x0,

    /* U+04A0 "Ҡ" */
    0xdf, 0xf7, 0x0, 0x43, 0xc7, 0x9b, 0x20, 0x1a,
    0x9c, 0xc4, 0x88, 0x1, 0x2b, 0x48, 0x7, 0x86,
    0xf8, 0x3, 0x87, 0xf9, 0x4c, 0x3, 0x87, 0x6d,
    0x10, 0x1, 0xe2, 0x49, 0xa1, 0x0, 0xf9, 0x96,
    0xc0, 0x3f, 0x52, 0x28,

    /* U+04A1 "ҡ" */
    0xff, 0x88, 0x1, 0x8d, 0xdc, 0x0, 0x9d, 0xcc,
    0x22, 0x0, 0x14, 0xd0, 0x6, 0xdd, 0x30, 0x80,
    0x6c, 0xa7, 0x20, 0xc, 0x2a, 0xfe, 0x1, 0xe8,
    0x19,

    /* U+04A2 "Ң" */
    0xb8, 0x0, 0xd5, 0x0, 0x1f, 0xfd, 0x17, 0xff,
    0xca, 0x1, 0x36, 0xee, 0x40, 0x8, 0x48, 0xb0,
    0x80, 0x7e, 0x62, 0x10, 0xf, 0x1a, 0xe5, 0xc0,
    0x6, 0xfb, 0x0, 0xff, 0x0,

    /* U+04A3 "ң" */
    0xe4, 0x0, 0xf, 0x80, 0x7f, 0xf1, 0xef, 0xfd,
    0xc0, 0x1a, 0xb7, 0x58, 0x1, 0x84, 0x8a, 0x2,
    0x0, 0xe2, 0xd, 0xe, 0x40, 0x1, 0xf8, 0x7,
    0xe7, 0x0,

    /* U+04A4 "Ҥ" */
    0xb8, 0x0, 0xdf, 0xfd, 0xc0, 0x1f, 0xb7, 0x6f,
    0x0, 0xfc, 0x45, 0x8, 0x7, 0xff, 0x5, 0xff,
    0xf0, 0x7, 0xcd, 0xbb, 0x80, 0x3e, 0x12, 0x2c,
    0x1, 0xff, 0xd2,

    /* U+04A5 "ҥ" */
    0xe4, 0x0, 0x1f, 0xfe, 0x90, 0xf, 0x67, 0x72,
    0x0, 0x3c, 0x42, 0x30, 0x5f, 0xfb, 0x0, 0x3d,
    0x5b, 0xaa, 0x0, 0xf0, 0x91, 0x18, 0x3, 0xff,
    0x86,

    /* U+04A6 "Ҧ" */
    0xbf, 0xff, 0x40, 0x7, 0x9b, 0x77, 0x28, 0x7,
    0xc2, 0x45, 0x80, 0x3f, 0xf9, 0xeb, 0xdf, 0xd0,
    0x1, 0xf8, 0x73, 0xf5, 0x98, 0x1, 0xf2, 0x10,
    0x1c, 0x50, 0x7, 0xfc, 0x62, 0x1, 0xff, 0x63,
    0x5c, 0x0, 0x6a, 0x80, 0x47, 0x69, 0x0, 0xfe,
    0x9c, 0xb2,

    /* U+04A7 "ҧ" */
    0xef, 0xfd, 0xa0, 0x1e, 0xae, 0xe4, 0x80, 0x7c,
    0x23, 0x18, 0x7, 0xfc, 0x73, 0x72, 0x40, 0x1e,
    0x11, 0x71, 0xe0, 0x7, 0x8a, 0x16, 0x8d, 0x40,
    0x3f, 0x98, 0xf9, 0x0, 0xb, 0xa0, 0x1, 0x52,
    0x0, 0xf1, 0xc6, 0x2a, 0x0, 0x7c, 0x37, 0x60,

    /* U+04A8 "Ҩ" */
    0x0, 0x52, 0x82, 0x67, 0xea, 0x0, 0x21, 0xd4,
    0xad, 0x31, 0x6c, 0x81, 0xe4, 0x2d, 0x20, 0xe1,
    0x2c, 0xc1, 0x0, 0xb0, 0x2, 0x32, 0x71, 0x0,
    0xfc, 0x2c, 0x22, 0x3, 0xd0, 0x8, 0xf0, 0x8e,
    0x42, 0x90, 0x40, 0x99, 0x81, 0xcd, 0x21, 0x7a,
    0x73, 0xe2, 0x5, 0x87, 0x94, 0x30, 0x99, 0x60,

    /* U+04A9 "ҩ" */
    0x5, 0xb0, 0x5e, 0xfa, 0x1, 0xaf, 0x2a, 0xa6,
    0xb4, 0xa1, 0x22, 0xa2, 0xa, 0x50, 0xd8, 0x0,
    0x20, 0x10, 0xaa, 0x81, 0x10, 0x0, 0xfb, 0x35,
    0xb1, 0x6a, 0x76, 0x60, 0x59, 0xe3, 0xba, 0x8f,
    0x40,

    /* U+04AA "Ҫ" */
    0x0, 0x1d, 0xff, 0xb1, 0x0, 0x9, 0x85, 0x78,
    0x94, 0x21, 0x31, 0x28, 0x71, 0xc2, 0x84, 0xe0,
    0x1e, 0x12, 0x0, 0xf8, 0x48, 0x3, 0xe4, 0x27,
    0x0, 0xfa, 0x62, 0x50, 0xe3, 0x84, 0x13, 0xa,
    0xf1, 0x34, 0x40, 0x7, 0x6c, 0xcc, 0x30, 0xf,
    0xf0,

    /* U+04AB "ҫ" */
    0x1, 0xbf, 0xe8, 0x0, 0x60, 0xed, 0x21, 0xa8,
    0x51, 0x26, 0x19, 0x30, 0x7, 0x13, 0x0, 0x72,
    0x85, 0x12, 0x69, 0x86, 0xe, 0xda, 0x98, 0xd,
    0x9d, 0x40, 0x6, 0xa7, 0x0, 0x0,

    /* U+04AC "Ҭ" */
    0xdf, 0xff, 0xe, 0x6e, 0x82, 0xb7, 0x42, 0x22,
    0x20, 0x31, 0x10, 0x3, 0xff, 0xb2, 0xc2, 0x1,
    0xea, 0x60, 0xe, 0xf5, 0x0, 0xff, 0x80,

    /* U+04AD "ҭ" */
    0xff, 0xed, 0xee, 0x2b, 0x76, 0x8, 0x80, 0x46,
    0x0, 0xff, 0xe4, 0xbc, 0x0, 0x54, 0xc0, 0x1d,
    0x98, 0x0,

    /* U+04AE "Ү" */
    0xaa, 0x0, 0x68, 0xab, 0x53, 0x0, 0x13, 0x58,
    0xbf, 0x80, 0x21, 0x84, 0x20, 0x94, 0xd2, 0x0,
    0x2b, 0xb7, 0x58, 0x6, 0x52, 0x15, 0x0, 0xe5,
    0x50, 0x7, 0xff, 0x1c,

    /* U+04AF "ү" */
    0xb7, 0x0, 0x9e, 0x7a, 0x80, 0x2a, 0xa2, 0x91,
    0x82, 0x1, 0x83, 0x50, 0x75, 0x0, 0x29, 0xc5,
    0x58, 0x0, 0x66, 0xa4, 0x10, 0xa, 0x93, 0x80,
    0x32, 0x82, 0x80, 0x7f, 0xf1, 0x0,

    /* U+04B0 "Ұ" */
    0x9a, 0x0, 0xd1, 0x50, 0x88, 0x0, 0x13, 0x58,
    0xc4, 0x80, 0x3a, 0x4, 0x18, 0x5d, 0x45, 0x80,
    0x2f, 0x8b, 0xe0, 0xa, 0x34, 0x7, 0x5c, 0x1,
    0x1c, 0xcc, 0xe7, 0x0, 0xff, 0xe2, 0x80,

    /* U+04B1 "ұ" */
    0xb7, 0x0, 0x9e, 0xb6, 0x80, 0x2a, 0xe6, 0x22,
    0x1, 0x99, 0x1, 0x68, 0x29, 0x80, 0x1c, 0xc0,
    0xf4, 0x0, 0x40, 0x93, 0x20, 0x9, 0xda, 0x80,
    0x5, 0xce, 0x13, 0xc0, 0x5d, 0x81, 0xdc, 0x0,
    0xfc,

    /* U+04B2 "Ҳ" */
    0x4f, 0x20, 0x1, 0x7a, 0x2, 0x37, 0x0, 0x39,
    0x90, 0x1, 0x24, 0xee, 0x29, 0x0, 0xd5, 0x10,
    0xa0, 0xe, 0x41, 0x12, 0x0, 0x73, 0x98, 0x40,
    0x6, 0x28, 0x9a, 0x73, 0x0, 0xb9, 0x91, 0xd,
    0xa4, 0xe, 0x32, 0x0, 0x91, 0xd5, 0x7d, 0x0,
    0xde, 0x60, 0x1f, 0xe0,

    /* U+04B3 "ҳ" */
    0x6d, 0x0, 0x2e, 0x83, 0x32, 0x6, 0xf8, 0x1,
    0x4d, 0x8c, 0x60, 0x1, 0x72, 0x90, 0x8, 0x9d,
    0x20, 0x2, 0xf8, 0xa7, 0x61, 0x86, 0x60, 0xd4,
    0xf4, 0x58, 0x1, 0x34, 0x40, 0x38, 0xe4,

    /* U+04B4 "Ҵ" */
    0xdf, 0xfe, 0xc0, 0x1f, 0x10, 0xcd, 0xd0, 0x56,
    0xe8, 0x3, 0x84, 0x88, 0xc, 0x42, 0x1, 0xff,
    0xed, 0x62, 0x2c, 0x4, 0x1, 0xd5, 0xbb, 0x60,
    0x63, 0x0, 0x5f, 0xff, 0x20, 0x7, 0xff, 0x4,

    /* U+04B5 "ҵ" */
    0xff, 0xe6, 0x4e, 0xe, 0xe2, 0xb7, 0x30, 0x4,
    0x22, 0x31, 0x10, 0x7, 0xff, 0x34, 0x47, 0x0,
    0x80, 0x4d, 0xdc, 0xa1, 0xc0, 0x4, 0xff, 0xeb,
    0x0, 0xfc, 0xd6,

    /* U+04B6 "Ҷ" */
    0x99, 0x0, 0x6e, 0x40, 0xf, 0xfe, 0x3f, 0x10,
    0x7, 0xc8, 0x85, 0x1, 0x51, 0x0, 0x1c, 0x57,
    0xf4, 0x80, 0x67, 0xfd, 0xec, 0x10, 0xe, 0x21,
    0x1, 0x31, 0x0, 0xfa, 0x20, 0x1, 0xef, 0x70,
    0xf, 0xf0,

    /* U+04B7 "ҷ" */
    0x8a, 0x0, 0xbc, 0xc0, 0x3f, 0xbc, 0x3, 0xe2,
    0x41, 0x3, 0x0, 0x95, 0x3b, 0xfc, 0x1, 0xab,
    0xfd, 0x80, 0xe0, 0x1f, 0x59, 0x80, 0x77, 0x88,
    0x7, 0xd2, 0x40,

    /* U+04B8 "Ҹ" */
    0x99, 0x0, 0x6e, 0x40, 0xf, 0xfe, 0x27, 0x10,
    0x4a, 0x80, 0x48, 0x88, 0x3d, 0x71, 0x3, 0xa5,
    0x53, 0x68, 0x4, 0xba, 0xd7, 0x42, 0x1, 0xb8,
    0x40, 0x3c, 0xe8, 0x1, 0x0,

    /* U+04B9 "ҹ" */
    0x8a, 0x0, 0xbc, 0xc0, 0x3e, 0xf1, 0x9, 0x0,
    0x91, 0x10, 0xf2, 0x0, 0x3a, 0x20, 0xc0, 0x9,
    0x6c, 0x94, 0x3, 0xe, 0x0, 0x40,

    /* U+04BA "Һ" */
    0xb8, 0x0, 0xff, 0xe5, 0x9d, 0xf7, 0x28, 0x40,
    0xd, 0xba, 0xa6, 0xd0, 0x2, 0xb1, 0xa7, 0x18,
    0x80, 0x71, 0x1, 0x80, 0x7c, 0x20, 0x1f, 0x80,

    /* U+04BB "һ" */
    0xa2, 0x0, 0xe4, 0x60, 0xf, 0xfe, 0xe, 0x6f,
    0xe1, 0x80, 0x1a, 0x35, 0xb8, 0x1, 0xa, 0x56,
    0x42, 0x4, 0x0, 0x10, 0x30, 0xf, 0xfe, 0x48,

    /* U+04BC "Ҽ" */
    0x0, 0xc5, 0x5f, 0xeb, 0x30, 0x0, 0x88, 0xb,
    0x43, 0x30, 0x78, 0x81, 0x36, 0x1c, 0xd4, 0x66,
    0x89, 0xa0, 0x11, 0x11, 0xc0, 0x6, 0x61, 0x4b,
    0x5d, 0xe, 0xff, 0xe0, 0x12, 0xec, 0xb, 0xdd,
    0xf2, 0x80, 0xc, 0xb4, 0x8b, 0xc0, 0x1b, 0xda,
    0x90, 0xdf, 0xd0, 0x3, 0x16, 0x85, 0x65, 0xd2,
    0x0,

    /* U+04BD "ҽ" */
    0x0, 0x93, 0x7f, 0x50, 0x14, 0xcd, 0x71, 0xd1,
    0x67, 0xcd, 0x2e, 0xa2, 0xaf, 0x5f, 0x6a, 0xfd,
    0xd3, 0x12, 0x72, 0xb7, 0x76, 0xb0, 0x4, 0xb3,
    0x91, 0xd0, 0x80, 0xe, 0xed, 0xbb, 0x8,

    /* U+04BE "Ҿ" */
    0x0, 0xc5, 0x5f, 0xeb, 0x30, 0x0, 0x88, 0xb,
    0x43, 0x30, 0x78, 0x81, 0x36, 0x1c, 0xd4, 0x66,
    0x89, 0xa0, 0x11, 0x11, 0xc0, 0x6, 0x61, 0x4b,
    0x5d, 0xe, 0xff, 0xe0, 0x12, 0xec, 0xb, 0xdd,
    0xf2, 0x80, 0xc, 0xb4, 0x8b, 0xc0, 0x1b, 0xda,
    0x90, 0xdf, 0xd0, 0x3, 0x16, 0x85, 0xe5, 0xd2,
    0x0, 0x71, 0x54, 0xa6, 0x28, 0x7, 0xff, 0x8,

    /* U+04BF "ҿ" */
    0x0, 0x93, 0x7f, 0x50, 0x14, 0xcd, 0x71, 0xd1,
    0x67, 0xcd, 0x2e, 0xa2, 0xaf, 0x5f, 0x6a, 0xfd,
    0xd3, 0x12, 0x72, 0xb7, 0x76, 0xb0, 0x4, 0xb3,
    0x91, 0xd0, 0x80, 0xe, 0xed, 0xb9, 0xa2, 0x1,
    0x26, 0x6, 0xb8, 0x7, 0xa0, 0xc0, 0x0,

    /* U+04C0 "Ӏ" */
    0xb8, 0x0, 0xff, 0xe2, 0x0,

    /* U+04C1 "Ӂ" */
    0x0, 0xcc, 0x0, 0x51, 0x0, 0xfc, 0x77, 0x6c,
    0x10, 0xf, 0xcb, 0x76, 0x90, 0xe, 0x4e, 0x10,
    0x3, 0x60, 0x5, 0x54, 0x4, 0x59, 0x0, 0xf1,
    0xad, 0x80, 0x25, 0xc8, 0x3, 0xbe, 0x4, 0x0,
    0x4f, 0x0, 0x19, 0x45, 0xc0, 0x35, 0x2f, 0xc9,
    0xfd, 0x50, 0x3, 0xa0, 0xf5, 0xcf, 0x62, 0x44,
    0x2, 0x45, 0xe2, 0xe0, 0x27, 0x28, 0x0, 0xa5,
    0xc8, 0x3, 0xbd, 0x8c, 0x1c, 0xe0, 0x3, 0xc6,
    0xde, 0x0,

    /* U+04C2 "ӂ" */
    0x0, 0x94, 0x0, 0xc0, 0x1f, 0xd, 0xe0, 0x7,
    0xe4, 0xbc, 0x60, 0xc, 0xda, 0x0, 0x7a, 0x0,
    0x54, 0x83, 0xb, 0x0, 0x63, 0x48, 0x0, 0x7c,
    0x0, 0x6f, 0x81, 0x0, 0x19, 0x7c, 0x2f, 0x9b,
    0x0, 0x48, 0x78, 0xe9, 0xa4, 0xe0, 0x14, 0xc1,
    0xf8, 0x94, 0xc1, 0x4, 0x3, 0x80, 0x64, 0x59,
    0x0,

    /* U+04C3 "Ӄ" */
    0xb7, 0x0, 0x9f, 0x40, 0x38, 0xa3, 0x80, 0x3a,
    0x5c, 0xc0, 0x33, 0x32, 0x0, 0x28, 0xf9, 0xb0,
    0xc, 0xda, 0xf0, 0x20, 0x17, 0x14, 0x26, 0x0,
    0x7a, 0x8e, 0x0, 0x3d, 0x6e, 0x16, 0xe0, 0x12,
    0x82, 0x0, 0x63, 0x50, 0x60, 0xd, 0xd4, 0xe4,

    /* U+04C4 "ӄ" */
    0xe4, 0x0, 0x54, 0x0, 0x4a, 0xf0, 0x0, 0x1b,
    0xe0, 0x5, 0xf1, 0x18, 0x2, 0xb4, 0x60, 0x0,
    0x25, 0xee, 0x40, 0x11, 0x35, 0xf2, 0x0, 0x31,
    0x40, 0x2, 0x5a, 0xe0, 0x5, 0xc5, 0x80,

    /* U+04C5 "Ӆ" */
    0x0, 0x67, 0xff, 0x10, 0x6, 0xad, 0xd8, 0x3,
    0x85, 0x88, 0xa0, 0xf, 0xfe, 0x19, 0x88, 0x7,
    0xe1, 0x20, 0xf, 0x88, 0x40, 0x3e, 0x18, 0x40,
    0xe, 0x60, 0xd7, 0x80, 0xe, 0xb3, 0xcd, 0x20,
    0xd, 0xc2, 0x60, 0x1f, 0x22, 0x0,

    /* U+04C6 "ӆ" */
    0x5, 0xff, 0xd2, 0x0, 0x34, 0xee, 0x30, 0x6,
    0x21, 0x10, 0x6, 0x11, 0x0, 0x7b, 0xb8, 0x1,
    0xc2, 0xea, 0x1, 0xde, 0x86, 0x1, 0x33, 0x3a,
    0x80, 0x29, 0x24, 0x0, 0xf5, 0x10,

    /* U+04C7 "Ӈ" */
    0xb8, 0x0, 0xd7, 0x0, 0x1f, 0xfc, 0xd7, 0xff,
    0xc8, 0x0, 0x6d, 0xdc, 0x80, 0x1, 0x22, 0xc0,
    0x1f, 0xfc, 0x6b, 0x80, 0xe, 0xf0, 0xc, 0xf2,
    0x86, 0x1, 0x88, 0x6d, 0x0,

    /* U+04C8 "ӈ" */
    0xe4, 0x0, 0xbc, 0x40, 0x3f, 0xf8, 0x77, 0xff,
    0x0, 0x55, 0xbb, 0x0, 0x42, 0x45, 0x0, 0x7f,
    0x72, 0x0, 0x7e, 0x35, 0x1, 0x0, 0xe, 0xdc,
    0x80,

    /* U+04C9 "Ӊ" */
    0xb8, 0x0, 0xd5, 0x0, 0x1f, 0xfd, 0x17, 0xff,
    0xca, 0x1, 0x36, 0xee, 0x40, 0x8, 0x48, 0xb0,
    0x80, 0x7f, 0x8, 0x80, 0x3e, 0x68, 0xb8, 0x0,
    0xd4, 0x98, 0x1, 0xf2, 0xa0,

    /* U+04CA "ӊ" */
    0xe4, 0x0, 0xf, 0x80, 0x7f, 0xf1, 0xef, 0xfd,
    0xc0, 0x1a, 0xb7, 0x58, 0x1, 0x84, 0x8a, 0x0,
    0xfe, 0xe0, 0xe4, 0x0, 0xd, 0x20, 0x7, 0x87,
    0x80,

    /* U+04CB "Ӌ" */
    0x6c, 0x0, 0xd6, 0xe0, 0x1f, 0xfc, 0x42, 0x20,
    0x7, 0x94, 0x60, 0x0, 0x8c, 0x3, 0x6d, 0xfe,
    0x93, 0x0, 0x27, 0x75, 0xaa, 0x1, 0x84, 0x44,
    0xe0, 0x1c, 0x5a, 0x60, 0x1f, 0x7b, 0x80, 0x7e,

    /* U+04CC "ӌ" */
    0x8a, 0x0, 0xbc, 0x80, 0x3e, 0xe7, 0x10, 0x20,
    0x3, 0xf, 0x7f, 0x0, 0x59, 0xfe, 0xc0, 0xf,
    0xfe, 0x0, 0xf8, 0x7, 0xde, 0x40, 0x10, 0xb8,
    0x0,

    /* U+04CD "Ӎ" */
    0xb9, 0x0, 0xe1, 0xf3, 0x0, 0x31, 0x0, 0x68,
    0x0, 0xc3, 0x0, 0x11, 0x38, 0x6, 0x64, 0x30,
    0x4, 0x48, 0x80, 0x5f, 0x1e, 0x6, 0x8e, 0x1,
    0xcc, 0x2b, 0xf6, 0x1, 0xf4, 0xd0, 0x28, 0x7,
    0xc8, 0xb0, 0x1, 0x30, 0x80, 0x6a, 0x40, 0xa,
    0x9e, 0xdc, 0x3, 0xdc, 0x2e, 0x1, 0xf8, 0x8c,
    0x40,

    /* U+04CE "ӎ" */
    0xe8, 0x0, 0xda, 0xe0, 0x7, 0x10, 0x3, 0x10,
    0x4, 0xb0, 0x0, 0x84, 0x0, 0xa5, 0xca, 0x18,
    0x80, 0x21, 0x89, 0x69, 0x0, 0xe6, 0x64, 0x88,
    0x7, 0xbd, 0xc0, 0x10, 0xfc, 0x40, 0x40, 0x9,
    0x25, 0x0, 0xf9, 0x48,

    /* U+04CF "ӏ" */
    0x93, 0x77, 0x0, 0x7f, 0xf1, 0x0,

    /* U+04D0 "Ӑ" */
    0x0, 0x19, 0x80, 0x90, 0x3, 0x14, 0xdc, 0xb0,
    0x6, 0x1a, 0xbb, 0x10, 0x7, 0x27, 0xa8, 0x7,
    0xb8, 0xa4, 0x3, 0x85, 0x7c, 0xcc, 0x1, 0xa5,
    0x9, 0x68, 0x3, 0x37, 0x7, 0x30, 0x80, 0x18,
    0x14, 0x10, 0x98, 0x1, 0x43, 0xdd, 0x14, 0x81,
    0x9b, 0x3f, 0xed, 0x15, 0x96, 0x31, 0x18, 0x9f,
    0x80,

    /* U+04D1 "ӑ" */
    0x2, 0x30, 0x42, 0x0, 0x1c, 0xdf, 0x10, 0x0,
    0x6a, 0xe8, 0x2, 0x8d, 0xfc, 0x30, 0x1, 0x76,
    0xaf, 0x0, 0x28, 0xca, 0x8, 0x1, 0x3b, 0xde,
    0x2, 0x88, 0xce, 0xe0, 0x0, 0x4c, 0x1, 0x0,
    0x5, 0x7e, 0xe7, 0x80, 0x0,

    /* U+04D2 "Ӓ" */
    0x0, 0xff, 0x87, 0x83, 0x48, 0x3, 0xe, 0x7,
    0x90, 0x7, 0x37, 0xb8, 0x7, 0xb8, 0xa4, 0x3,
    0x85, 0x7c, 0xcc, 0x1, 0xa5, 0x9, 0x68, 0x3,
    0x37, 0x7, 0x30, 0x80, 0x18, 0x14, 0x10, 0x98,
    0x1, 0x43, 0xdd, 0x14, 0x81, 0x9b, 0x3f, 0xed,
    0x15, 0x96, 0x31, 0x18, 0x9f, 0x80,

    /* U+04D3 "ӓ" */
    0x2, 0xc0, 0xd1, 0x0, 0x17, 0x87, 0x8, 0x2,
    0x3b, 0xfc, 0x60, 0x2, 0xed, 0x5e, 0x0, 0x51,
    0x94, 0x10, 0x2, 0x77, 0xbc, 0x5, 0x11, 0x9d,
    0xc0, 0x0, 0x98, 0x2, 0x0, 0xa, 0xfd, 0xcf,
    0x0, 0x0,

    /* U+04D4 "Ӕ" */
    0x0, 0xc7, 0xff, 0xed, 0x0, 0xd0, 0xc1, 0x9b,
    0xb6, 0x0, 0x48, 0xb6, 0x4, 0x58, 0x40, 0x29,
    0x91, 0x80, 0x7e, 0x63, 0x70, 0x7, 0x7f, 0xc8,
    0x0, 0x88, 0x0, 0x59, 0xbb, 0x20, 0x40, 0xc7,
    0x78, 0x11, 0x60, 0x17, 0xaf, 0xf6, 0x81, 0x17,
    0x5a, 0xa8, 0x44, 0x41, 0x9b, 0xb8,

    /* U+04D5 "ӕ" */
    0x8, 0xdf, 0xc3, 0x6e, 0xfa, 0x10, 0x1, 0x76,
    0xae, 0x5d, 0x68, 0x68, 0x2, 0x8c, 0xa0, 0x21,
    0xa, 0x8c, 0xc1, 0x3b, 0xde, 0x17, 0xdd, 0xb,
    0xa2, 0x37, 0xbc, 0x2b, 0xbb, 0x20, 0x19, 0x8a,
    0xc6, 0x90, 0x9a, 0x1, 0x1b, 0x74, 0x1f, 0x32,
    0xdb, 0xc0,

    /* U+04D6 "Ӗ" */
    0x5, 0x10, 0x52, 0x0, 0xd, 0x5e, 0x10, 0x1,
    0x2e, 0xd2, 0x0, 0xbf, 0xfe, 0x30, 0x6d, 0xdc,
    0x60, 0x24, 0x58, 0x3, 0xf9, 0xff, 0xea, 0x0,
    0x36, 0xed, 0x60, 0x1, 0x22, 0x84, 0x0, 0x24,
    0x58, 0x0, 0xdb, 0xb9, 0x80,

    /* U+04D7 "ӗ" */
    0x0, 0x28, 0x12, 0x0, 0x5b, 0x92, 0xc0, 0x14,
    0x65, 0x90, 0x0, 0xaf, 0xf5, 0x80, 0x1e, 0x7d,
    0x30, 0x8a, 0x10, 0x29, 0x1e, 0x44, 0xdd, 0xad,
    0xc8, 0x9b, 0xbb, 0x14, 0x24, 0x8e, 0x48, 0x30,
    0xb7, 0x0, 0x80,

    /* U+04D8 "Ә" */
    0x0, 0x36, 0x7f, 0x51, 0x0, 0x4d, 0x17, 0x94,
    0x3a, 0x60, 0x6, 0xf7, 0x34, 0xb5, 0xe0, 0x8,
    0x40, 0x34, 0x11, 0x1f, 0xff, 0xda, 0x2, 0x22,
    0xff, 0xee, 0x1, 0x72, 0x40, 0xd, 0x6, 0x43,
    0x36, 0xe6, 0x6a, 0x6f, 0x0, 0x35, 0x5e, 0x68,
    0x69, 0x80,

    /* U+04D9 "ә" */
    0x6, 0xdf, 0xd5, 0x0, 0x64, 0xed, 0xd2, 0x5,
    0x21, 0x33, 0xfb, 0xf6, 0xec, 0xcc, 0x22, 0x6e,
    0xd2, 0xca, 0x4e, 0x4b, 0x3e, 0x19, 0x7b, 0x16,
    0x80,

    /* U+04DA "Ӛ" */
    0x0, 0xff, 0xe0, 0xd2, 0xbc, 0x80, 0x7a, 0xd5,
    0xe0, 0x3, 0xc2, 0x0, 0x10, 0xe, 0x6c, 0xfe,
    0xa2, 0x0, 0x9a, 0x2f, 0x28, 0x74, 0xc0, 0xd,
    0xee, 0x69, 0x6b, 0xc0, 0x10, 0x80, 0x68, 0x22,
    0x3f, 0xff, 0xb4, 0x4, 0x45, 0xff, 0xdc, 0x2,
    0xe4, 0x80, 0x1a, 0xc, 0x86, 0x6d, 0xcc, 0xd4,
    0xde, 0x0, 0x6a, 0xbc, 0xd0, 0xd3, 0x0,

    /* U+04DB "ӛ" */
    0x0, 0x68, 0xd2, 0x0, 0x5c, 0x32, 0x80, 0x6,
    0xef, 0xe5, 0x0, 0x64, 0xed, 0xd2, 0x5, 0x21,
    0x33, 0xfb, 0xf6, 0xec, 0xcc, 0x22, 0x6e, 0xd2,
    0xca, 0x4e, 0x4b, 0x3e, 0x19, 0x7b, 0x16, 0x80,

    /* U+04DC "Ӝ" */
    0x0, 0xff, 0xe2, 0xb4, 0x9e, 0x0, 0x7f, 0x34,
    0x1f, 0x0, 0x72, 0x70, 0x80, 0x1f, 0x8, 0x1,
    0x54, 0x4, 0x59, 0x0, 0xf1, 0xad, 0x80, 0x25,
    0xc8, 0x3, 0xbe, 0x4, 0x0, 0x4f, 0x0, 0x19,
    0x45, 0xc0, 0x35, 0x2f, 0xc9, 0xfd, 0x50, 0x3,
    0xa0, 0xf5, 0xcf, 0x62, 0x44, 0x2, 0x45, 0xe2,
    0xe0, 0x27, 0x28, 0x0, 0xa5, 0xc8, 0x3, 0xbd,
    0x8c, 0x1c, 0xe0, 0x3, 0xc6, 0xde, 0x0,

    /* U+04DD "ӝ" */
    0x0, 0xa1, 0x92, 0x80, 0x3e, 0xa7, 0x48, 0x0,
    0xcd, 0xa0, 0x4d, 0x44, 0x15, 0x20, 0xc2, 0xc0,
    0x18, 0xd2, 0x0, 0x1f, 0x0, 0x1b, 0xe0, 0x40,
    0x6, 0x5f, 0xb, 0xe6, 0xc0, 0x12, 0x1e, 0x3a,
    0x69, 0x38, 0x5, 0x30, 0x7e, 0x25, 0x30, 0x41,
    0x0, 0xe0, 0x19, 0x16, 0x40,

    /* U+04DE "Ӟ" */
    0x0, 0xfc, 0xf0, 0x78, 0x1, 0x34, 0x9f, 0x0,
    0x42, 0x20, 0x20, 0x1, 0x57, 0x7e, 0xb0, 0x31,
    0x56, 0xdc, 0xa2, 0x21, 0x9, 0x93, 0x0, 0x30,
    0xae, 0x82, 0x7f, 0xb8, 0x94, 0x13, 0x75, 0x81,
    0x20, 0x2, 0x21, 0xca, 0x53, 0x99, 0x24, 0x3f,
    0x66, 0xea, 0x96, 0x80,

    /* U+04DF "ӟ" */
    0x7, 0x83, 0xb0, 0x3, 0x51, 0xc0, 0x15, 0x6f,
    0x48, 0x9e, 0xeb, 0x1a, 0x5, 0x88, 0x8c, 0x20,
    0x5d, 0xe9, 0x20, 0x5d, 0xed, 0xa8, 0xa4, 0x50,
    0x3f, 0x66, 0x7, 0x80,

    /* U+04E0 "Ӡ" */
    0x4f, 0xfe, 0x74, 0xdd, 0xa4, 0x54, 0x8, 0x81,
    0x14, 0x40, 0x17, 0x32, 0x0, 0x46, 0x66, 0xa1,
    0x0, 0x1f, 0xf8, 0x6c, 0x3, 0xf, 0x3b, 0x4a,
    0x12, 0x42, 0x38, 0x56, 0xd2, 0x48,

    /* U+04E1 "ӡ" */
    0xf, 0xfe, 0x80, 0xee, 0xac, 0x28, 0x4, 0x68,
    0x81, 0x0, 0x50, 0xe, 0x1, 0x9c, 0x58, 0x3,
    0x5d, 0xa2, 0x0, 0x12, 0x35, 0xa8, 0x7, 0xc3,
    0xca, 0x47, 0xa, 0x31, 0x3b, 0xa4, 0x80,

    /* U+04E2 "Ӣ" */
    0x0, 0x66, 0x54, 0x1, 0xb3, 0x2a, 0x0, 0x5c,
    0x0, 0x6d, 0x90, 0xe, 0x92, 0x0, 0xe5, 0x64,
    0x0, 0xc3, 0x74, 0x40, 0x1a, 0x91, 0x40, 0x33,
    0xb5, 0x0, 0x63, 0x8e, 0x0, 0xe4, 0x83, 0x0,
    0xe3, 0x70, 0xe,

    /* U+04E3 "ӣ" */
    0xa, 0xcc, 0x80, 0x2a, 0xcc, 0x80, 0x1c, 0x80,
    0x3, 0xf3, 0x0, 0x87, 0x40, 0x3a, 0x9c, 0x3,
    0x43, 0xc8, 0x5, 0x8d, 0xc0, 0x19, 0xec, 0x80,
    0x33, 0xa8, 0x6,

    /* U+04E4 "Ӥ" */
    0x0, 0xff, 0x5a, 0x3c, 0x0, 0x6a, 0x46, 0x90,
    0x5, 0xc0, 0x80, 0x8b, 0x64, 0x3, 0xa4, 0x80,
    0x39, 0x59, 0x0, 0x30, 0xdd, 0x10, 0x6, 0xa4,
    0x50, 0xc, 0xed, 0x40, 0x18, 0xe3, 0x80, 0x39,
    0x20, 0xc0, 0x38, 0xdc, 0x3, 0x80,

    /* U+04E5 "ӥ" */
    0x8, 0x74, 0xa0, 0xa, 0x99, 0x20, 0x1, 0xcc,
    0x20, 0x3e, 0x60, 0x10, 0xe8, 0x7, 0x53, 0x80,
    0x68, 0x79, 0x0, 0xb1, 0xb8, 0x3, 0x3d, 0x90,
    0x6, 0x75, 0x0, 0xc0,

    /* U+04E6 "Ӧ" */
    0x0, 0xff, 0xe0, 0xc3, 0xa5, 0x80, 0x7a, 0x59,
    0x28, 0x3, 0xc2, 0x20, 0x10, 0xe, 0x3b, 0xff,
    0x62, 0x0, 0x49, 0x85, 0x98, 0x4b, 0x60, 0x4,
    0xc4, 0x99, 0xa2, 0xa4, 0x50, 0x9c, 0x3, 0x29,
    0x38, 0x90, 0x7, 0x9b, 0x84, 0x80, 0x3c, 0xdc,
    0x82, 0xe0, 0x19, 0x49, 0xc2, 0xa2, 0x4c, 0xd1,
    0x52, 0x20, 0x9a, 0x59, 0x84, 0xb6, 0x0,

    /* U+04E7 "ӧ" */
    0x0, 0x59, 0xc3, 0x0, 0x68, 0x3a, 0x70, 0x8,
    0x63, 0xf2, 0x40, 0x2c, 0x1d, 0xd2, 0xc0, 0x28,
    0x51, 0x1f, 0x38, 0x13, 0x0, 0x46, 0x2, 0x4c,
    0x1, 0x18, 0xa, 0x85, 0x11, 0xf3, 0x80, 0x30,
    0x77, 0x4b, 0x0,

    /* U+04E8 "Ө" */
    0x0, 0x1d, 0xff, 0xb1, 0x0, 0x24, 0xc2, 0xbc,
    0x4b, 0x60, 0x4, 0xbc, 0xa1, 0xc5, 0x48, 0xa1,
    0x40, 0x6, 0x52, 0x71, 0xe, 0xef, 0x17, 0x8,
    0x7f, 0xf8, 0xb9, 0x5, 0xc4, 0x72, 0x93, 0x85,
    0x4c, 0x19, 0x9e, 0xe4, 0x41, 0x34, 0xf3, 0x17,
    0x66, 0x0,

    /* U+04E9 "ө" */
    0x1, 0xbf, 0xe8, 0x0, 0xb0, 0x76, 0x96, 0x1,
    0x4e, 0x89, 0x25, 0xc0, 0x87, 0xba, 0xa0, 0x12,
    0x27, 0x75, 0xa0, 0x2a, 0x12, 0x47, 0xce, 0x0,
    0xc2, 0xdd, 0x2c, 0x0,

    /* U+04EA "Ӫ" */
    0x0, 0xff, 0xe0, 0xc3, 0xa5, 0x80, 0x7a, 0x59,
    0x28, 0x3, 0xc2, 0x20, 0x10, 0xe, 0x3b, 0xff,
    0x62, 0x0, 0x49, 0x85, 0x78, 0x96, 0xc0, 0x9,
    0x79, 0x43, 0x8a, 0x91, 0x42, 0x80, 0xc, 0xa4,
    0xe2, 0x1d, 0xde, 0x2e, 0x10, 0xff, 0xf1, 0x72,
    0xb, 0x88, 0xe5, 0x27, 0xa, 0x98, 0x33, 0x3d,
    0xc8, 0x82, 0x69, 0xe6, 0x2e, 0xcc, 0x0,

    /* U+04EB "ӫ" */
    0x0, 0x59, 0xc3, 0x0, 0x68, 0x3a, 0x70, 0x8,
    0x63, 0xf2, 0x40, 0x2c, 0x1d, 0xa5, 0x80, 0x53,
    0xa2, 0x49, 0x70, 0x21, 0xee, 0xa8, 0x4, 0x89,
    0xdd, 0x68, 0xa, 0x84, 0x91, 0xf3, 0x80, 0x30,
    0xb7, 0x4b, 0x0,

    /* U+04EC "Ӭ" */
    0x0, 0xff, 0x61, 0xc3, 0x80, 0x6e, 0x39, 0x70,
    0xc, 0x40, 0x20, 0x19, 0xf7, 0xfa, 0x0, 0xd,
    0x51, 0x96, 0xb8, 0xd, 0xaa, 0x6b, 0x84, 0xc0,
    0x1c, 0x2d, 0xa0, 0x6, 0xff, 0x9d, 0x80, 0xd,
    0xbb, 0x3b, 0x0, 0x44, 0x52, 0xeb, 0x62, 0x9a,
    0xe8, 0xb3, 0x2e, 0x32, 0xd7, 0x0,

    /* U+04ED "ӭ" */
    0x7, 0x83, 0xb0, 0x9, 0xa8, 0xe0, 0x0, 0x55,
    0xbd, 0x42, 0xf, 0x9d, 0x87, 0xa0, 0xae, 0x25,
    0x44, 0x60, 0xd, 0xee, 0xb, 0x0, 0x37, 0xb8,
    0x2c, 0xae, 0x25, 0x44, 0x69, 0x9d, 0x87, 0xa0,

    /* U+04EE "Ӯ" */
    0x0, 0x56, 0x64, 0x1, 0xd5, 0x99, 0x0, 0x53,
    0x60, 0x18, 0xf8, 0x21, 0x8, 0x2, 0x89, 0x1,
    0x68, 0x0, 0x1a, 0xb8, 0x2, 0xd4, 0x82, 0x64,
    0x1, 0x13, 0x59, 0x23, 0x80, 0x6b, 0x69, 0x90,
    0x7, 0x12, 0xa9, 0xc0, 0x3c, 0xd2, 0x1, 0xd9,
    0xce, 0xe0, 0xe, 0xfd, 0xb0, 0xe,

    /* U+04EF "ӯ" */
    0x0, 0x46, 0x64, 0x40, 0x14, 0x66, 0x44, 0x0,
    0xc6, 0x0, 0xa2, 0x42, 0xac, 0x2, 0x6a, 0x6,
    0x23, 0x4, 0x33, 0x0, 0x1a, 0x83, 0xa8, 0x2,
    0xa7, 0x15, 0x60, 0x8, 0xcd, 0x4a, 0x20, 0x1a,
    0x93, 0x80, 0x38, 0xc5, 0x0, 0x25, 0x2f, 0x90,
    0xd, 0x3a, 0x2e, 0x1, 0x0,

    /* U+04F0 "Ӱ" */
    0x0, 0xff, 0xa1, 0xd6, 0xc0, 0x3a, 0x59, 0x68,
    0x2, 0x9b, 0x11, 0x0, 0x9f, 0x4, 0x21, 0x0,
    0x51, 0x20, 0x2d, 0x0, 0x3, 0x57, 0x0, 0x5a,
    0x90, 0x4c, 0x80, 0x22, 0x6b, 0x24, 0x70, 0xd,
    0x6d, 0x32, 0x0, 0xe2, 0x55, 0x38, 0x7, 0x9a,
    0x40, 0x3b, 0x39, 0xdc, 0x1, 0xdf, 0xb6, 0x1,
    0xc0,

    /* U+04F1 "ӱ" */
    0x0, 0x2c, 0x96, 0x0, 0x64, 0xb2, 0xf0, 0xb,
    0x1c, 0x80, 0xe2, 0x42, 0xac, 0x2, 0x6a, 0x6,
    0x23, 0x4, 0x33, 0x0, 0x1a, 0x83, 0xa8, 0x2,
    0xa7, 0x15, 0x60, 0x8, 0xcd, 0x4a, 0x20, 0x1a,
    0x93, 0x80, 0x38, 0xc5, 0x0, 0x25, 0x2f, 0x90,
    0xd, 0x3a, 0x2e, 0x1, 0x0,

    /* U+04F2 "Ӳ" */
    0x0, 0x99, 0x8a, 0xe0, 0x18, 0xad, 0x21, 0x80,
    0x31, 0x69, 0x68, 0x80, 0x26, 0xc0, 0x31, 0xf0,
    0x42, 0x10, 0x5, 0x12, 0x2, 0xd0, 0x0, 0x35,
    0x70, 0x5, 0xa9, 0x4, 0xc8, 0x2, 0x26, 0xb2,
    0x47, 0x0, 0xd6, 0xd3, 0x20, 0xe, 0x25, 0x53,
    0x80, 0x79, 0xa4, 0x3, 0xb3, 0x9d, 0xc0, 0x1d,
    0xfb, 0x60, 0x1c,

    /* U+04F3 "ӳ" */
    0x0, 0xa2, 0x9a, 0xc0, 0x30, 0xdf, 0xd0, 0x3,
    0x1a, 0x46, 0x66, 0xa, 0xb0, 0x9, 0xa8, 0x18,
    0x8c, 0x10, 0xcc, 0x0, 0x6a, 0xe, 0xa0, 0xa,
    0x9c, 0x55, 0x80, 0x23, 0x35, 0x28, 0x80, 0x6a,
    0x4e, 0x0, 0xe3, 0x14, 0x0, 0x94, 0xbe, 0x40,
    0x34, 0xe8, 0xb8, 0x4,

    /* U+04F4 "Ӵ" */
    0x0, 0xff, 0x61, 0xc3, 0x80, 0x6e, 0x39, 0x60,
    0x4, 0xc8, 0x80, 0x45, 0xc8, 0x1, 0xff, 0xc4,
    0xe2, 0x0, 0xf2, 0x21, 0x40, 0x54, 0x40, 0xe2,
    0xbf, 0xa4, 0x2, 0x7f, 0xde, 0xc1, 0x0, 0xc4,
    0x20, 0x1f, 0xf0,

    /* U+04F5 "ӵ" */
    0x4, 0xa1, 0xd0, 0x9, 0x20, 0x78, 0x1, 0x14,
    0x40, 0x7e, 0x60, 0x1f, 0x78, 0x7, 0x89, 0x4,
    0xc, 0x0, 0xa9, 0xdf, 0xe0, 0xa, 0xbf, 0xd8,
    0x1, 0xfc,

    /* U+04F6 "Ӷ" */
    0xbf, 0xfd, 0x80, 0xfb, 0xb8, 0x3c, 0x8a, 0x10,
    0xf, 0xfe, 0x63, 0xe8, 0x80, 0x46, 0xba, 0x1,
    0x7d, 0x0, 0x7f, 0x80,

    /* U+04F7 "ӷ" */
    0xef, 0xfb, 0x2, 0xbb, 0x9a, 0x2, 0x38, 0x3,
    0xfc, 0x22, 0x0, 0xd4, 0x80, 0xf, 0x20, 0xd,
    0x6c, 0x0,

    /* U+04F8 "Ӹ" */
    0x0, 0xff, 0xe0, 0xd2, 0xb4, 0x80, 0x7a, 0xd5,
    0xa0, 0x2, 0xb8, 0x1, 0x0, 0x8, 0x4c, 0x80,
    0x3f, 0xf9, 0x2f, 0xdc, 0xd9, 0x10, 0xc, 0xff,
    0xee, 0x5a, 0x0, 0xe1, 0x11, 0xfa, 0x0, 0x7f,
    0xf1, 0x4a, 0x10, 0x3, 0x3f, 0xfb, 0xa, 0x80,
    0x20,

    /* U+04F9 "ӹ" */
    0x0, 0x4a, 0xaa, 0x40, 0x35, 0xa2, 0x2c, 0x1,
    0xc8, 0x42, 0x22, 0x99, 0x0, 0x7f, 0x57, 0x6c,
    0x0, 0x6a, 0xef, 0x64, 0x0, 0xe2, 0x52, 0x0,
    0xe2, 0x55, 0x0, 0x57, 0xf9, 0x26, 0x0,

    /* U+04FA "Ӻ" */
    0x6, 0xff, 0xe2, 0x0, 0x16, 0xee, 0x20, 0x8,
    0x8b, 0x0, 0x7f, 0xf1, 0x6a, 0x4b, 0xfe, 0x50,
    0xa9, 0x2f, 0xf9, 0x40, 0x31, 0x0, 0x78, 0xb4,
    0x3, 0x9b, 0x40, 0x3c, 0x4a, 0x20, 0x18, 0xf2,
    0x68, 0x3, 0x0,

    /* U+04FB "ӻ" */
    0x9, 0xff, 0xa4, 0x0, 0xdd, 0xc8, 0x0, 0x84,
    0x60, 0xf, 0x43, 0x33, 0xb8, 0x30, 0xcc, 0xee,
    0x8, 0x1, 0xd8, 0x2, 0x94, 0xe0, 0x1, 0xb,
    0xf0, 0x2, 0xf9, 0x98, 0x0,

    /* U+04FC "Ӽ" */
    0x5f, 0x10, 0x0, 0xf2, 0xad, 0x40, 0xb, 0x45,
    0xb, 0x56, 0x44, 0x58, 0x0, 0x6a, 0x6a, 0x82,
    0x1, 0x21, 0x2, 0x0, 0x67, 0x2, 0x90, 0x8,
    0xa3, 0xb8, 0xc8, 0x0, 0xe7, 0x32, 0x79, 0x7,
    0x18, 0x0, 0x41, 0xb3, 0xe8, 0x6, 0x4c, 0x0,
    0xc2, 0x26, 0x30, 0xc, 0xdc, 0x10,

    /* U+04FD "ӽ" */
    0x6d, 0x0, 0x2f, 0x3, 0x32, 0x46, 0xe8, 0x1,
    0x4f, 0x8c, 0x80, 0x1, 0x72, 0xa0, 0x8, 0x99,
    0x24, 0x2, 0xe8, 0xb6, 0x60, 0x40, 0x38, 0x4c,
    0x4, 0x60, 0x1, 0x1, 0x0, 0x22, 0x20, 0x7,
    0x4e, 0xba, 0x0,

    /* U+04FE "Ӿ" */
    0x2f, 0x30, 0x0, 0xf2, 0x93, 0xf0, 0x2, 0xd5,
    0x41, 0x1, 0xa, 0xaa, 0x0, 0xa5, 0xee, 0x44,
    0x1, 0xb6, 0x3, 0x3e, 0x0, 0xda, 0x2, 0x6f,
    0x0, 0xd, 0xcf, 0x32, 0x0, 0x2d, 0x58, 0xde,
    0x41, 0x52, 0x80, 0x10, 0x12,

    /* U+04FF "ӿ" */
    0x4e, 0x10, 0x2e, 0x24, 0x7a, 0xf, 0x82, 0x9,
    0x5c, 0x66, 0x0, 0x34, 0x4d, 0x6c, 0x1, 0x82,
    0x87, 0x60, 0xa, 0x7b, 0x18, 0x6, 0x64, 0x87,
    0x39, 0x80,

    /* U+1E9E "ẞ" */
    0x3, 0xcf, 0xeb, 0x30, 0x2c, 0x4c, 0xc0, 0xc0,
    0x5a, 0x41, 0x82, 0x40, 0x2e, 0x0, 0xfc, 0x18,
    0x8, 0x82, 0xa, 0x20, 0x1, 0xa7, 0xf5, 0x94,
    0x3, 0x8d, 0x74, 0x2, 0x32, 0x54, 0xd0, 0xb,
    0xb6, 0xe1, 0x40,

    /* U+2013 "–" */
    0xee, 0xf0,

    /* U+2014 "—" */
    0xee, 0xff, 0xe0, 0x0,

    /* U+2018 "‘" */
    0xc, 0x2, 0x70, 0x44, 0x3, 0xb8, 0x0,

    /* U+2019 "’" */
    0x4e, 0x6, 0x10, 0x34, 0x3, 0xe0,

    /* U+201C "“" */
    0xc, 0x9, 0x32, 0x70, 0x43, 0x44, 0x11, 0x11,
    0xdc, 0x4e, 0xa0,

    /* U+201D "”" */
    0x4e, 0x1e, 0x46, 0x10, 0x30, 0x34, 0x11, 0x21,
    0xf0, 0x58, 0x0,

    /* U+201E "„" */
    0x18, 0x8, 0x15, 0x72, 0x74, 0x41, 0x10, 0xd0,
    0xd4, 0x0, 0x20,

    /* U+2022 "•" */
    0x3, 0x21, 0xcc, 0x9, 0x20,

    /* U+2026 "…" */
    0x2a, 0x5, 0x80, 0x76, 0x63, 0x81, 0x18, 0x6f,
    0x0
};


/*---------------------
 *  GLYPH DESCRIPTION
 *--------------------*/

static const lv_font_fmt_txt_glyph_dsc_t glyph_dsc[] = {
    {.bitmap_index = 0, .adv_w = 0, .box_w = 0, .box_h = 0, .ofs_x = 0, .ofs_y = 0} /* id = 0 reserved */,
    {.bitmap_index = 0, .adv_w = 52, .box_w = 0, .box_h = 0, .ofs_x = 0, .ofs_y = 0},
    {.bitmap_index = 0, .adv_w = 51, .box_w = 3, .box_h = 9, .ofs_x = 0, .ofs_y = 0},
    {.bitmap_index = 13, .adv_w = 75, .box_w = 4, .box_h = 4, .ofs_x = 0, .ofs_y = 5},
    {.bitmap_index = 20, .adv_w = 135, .box_w = 9, .box_h = 9, .ofs_x = 0, .ofs_y = 0},
    {.bitmap_index = 61, .adv_w = 119, .box_w = 7, .box_h = 13, .ofs_x = 0, .ofs_y = -2},
    {.bitmap_index = 103, .adv_w = 162, .box_w = 10, .box_h = 9, .ofs_x = 0, .ofs_y = 0},
    {.bitmap_index = 149, .adv_w = 132, .box_w = 9, .box_h = 10, .ofs_x = 0, .ofs_y = -1},
    {.bitmap_index = 193, .adv_w = 40, .box_w = 2, .box_h = 4, .ofs_x = 0, .ofs_y = 5},
    {.bitmap_index = 198, .adv_w = 65, .box_w = 3, .box_h = 13, .ofs_x = 1, .ofs_y = -3},
    {.bitmap_index = 218, .adv_w = 65, .box_w = 3, .box_h = 13, .ofs_x = 0, .ofs_y = -3},
    {.bitmap_index = 238, .adv_w = 77, .box_w = 5, .box_h = 5, .ofs_x = 0, .ofs_y = 5},
    {.bitmap_index = 251, .adv_w = 112, .box_w = 7, .box_h = 6, .ofs_x = 0, .ofs_y = 2},
    {.bitmap_index = 269, .adv_w = 44, .box_w = 3, .box_h = 4, .ofs_x = 0, .ofs_y = -2},
    {.bitmap_index = 275, .adv_w = 74, .box_w = 4, .box_h = 2, .ofs_x = 0, .ofs_y = 2},
    {.bitmap_index = 280, .adv_w = 44, .box_w = 3, .box_h = 2, .ofs_x = 0, .ofs_y = 0},
    {.bitmap_index = 283, .adv_w = 68, .box_w = 6, .box_h = 13, .ofs_x = -1, .ofs_y = -1},
    {.bitmap_index = 317, .adv_w = 128, .box_w = 8, .box_h = 9, .ofs_x = 0, .ofs_y = 0},
    {.bitmap_index = 353, .adv_w = 71, .box_w = 4, .box_h = 9, .ofs_x = 0, .ofs_y = 0},
    {.bitmap_index = 362, .adv_w = 110, .box_w = 7, .box_h = 9, .ofs_x = 0, .ofs_y = 0},
    {.bitmap_index = 393, .adv_w = 110, .box_w = 7, .box_h = 9, .ofs_x = 0, .ofs_y = 0},
    {.bitmap_index = 422, .adv_w = 128, .box_w = 8, .box_h = 9, .ofs_x = 0, .ofs_y = 0},
    {.bitmap_index = 453, .adv_w = 110, .box_w = 7, .box_h = 9, .ofs_x = 0, .ofs_y = 0},
    {.bitmap_index = 482, .adv_w = 118, .box_w = 8, .box_h = 9, .ofs_x = 0, .ofs_y = 0},
    {.bitmap_index = 517, .adv_w = 115, .box_w = 7, .box_h = 9, .ofs_x = 0, .ofs_y = 0},
    {.bitmap_index = 545, .adv_w = 124, .box_w = 8, .box_h = 9, .ofs_x = 0, .ofs_y = 0},
    {.bitmap_index = 582, .adv_w = 118, .box_w = 7, .box_h = 9, .ofs_x = 0, .ofs_y = 0},
    {.bitmap_index = 614, .adv_w = 44, .box_w = 3, .box_h = 7, .ofs_x = 0, .ofs_y = 0},
    {.bitmap_index = 623, .adv_w = 44, .box_w = 3, .box_h = 9, .ofs_x = 0, .ofs_y = -2},
    {.bitmap_index = 635, .adv_w = 112, .box_w = 7, .box_h = 7, .ofs_x = 0, .ofs_y = 1},
    {.bitmap_index = 659, .adv_w = 112, .box_w = 7, .box_h = 5, .ofs_x = 0, .ofs_y = 2},
    {.bitmap_index = 671, .adv_w = 112, .box_w = 7, .box_h = 7, .ofs_x = 0, .ofs_y = 1},
    {.bitmap_index = 694, .adv_w = 110, .box_w = 7, .box_h = 9, .ofs_x = 0, .ofs_y = 0},
    {.bitmap_index = 722, .adv_w = 199, .box_w = 12, .box_h = 12, .ofs_x = 0, .ofs_y = -3},
    {.bitmap_index = 794, .adv_w = 141, .box_w = 10, .box_h = 9, .ofs_x = -1, .ofs_y = 0},
    {.bitmap_index = 833, .adv_w = 145, .box_w = 8, .box_h = 9, .ofs_x = 1, .ofs_y = 0},
    {.bitmap_index = 867, .adv_w = 137, .box_w = 9, .box_h = 9, .ofs_x = 0, .ofs_y = 0},
    {.bitmap_index = 903, .adv_w = 159, .box_w = 9, .box_h = 9, .ofs_x = 1, .ofs_y = 0},
    {.bitmap_index = 937, .adv_w = 129, .box_w = 7, .box_h = 9, .ofs_x = 1, .ofs_y = 0},
    {.bitmap_index = 963, .adv_w = 122, .box_w = 7, .box_h = 9, .ofs_x = 1, .ofs_y = 0},
    {.bitmap_index = 985, .adv_w = 148, .box_w = 9, .box_h = 9, .ofs_x = 0, .ofs_y = 0},
    {.bitmap_index = 1022, .adv_w = 156, .box_w = 8, .box_h = 9, .ofs_x = 1, .ofs_y = 0},
    {.bitmap_index = 1041, .adv_w = 60, .box_w = 2, .box_h = 9, .ofs_x = 1, .ofs_y = 0},
    {.bitmap_index = 1046, .adv_w = 98, .box_w = 6, .box_h = 9, .ofs_x = -1, .ofs_y = 0},
    {.bitmap_index = 1065, .adv_w = 138, .box_w = 8, .box_h = 9, .ofs_x = 1, .ofs_y = 0},
    {.bitmap_index = 1097, .adv_w = 114, .box_w = 7, .box_h = 9, .ofs_x = 1, .ofs_y = 0},
    {.bitmap_index = 1107, .adv_w = 183, .box_w = 10, .box_h = 9, .ofs_x = 1, .ofs_y = 0},
    {.bitmap_index = 1144, .adv_w = 156, .box_w = 8, .box_h = 9, .ofs_x = 1, .ofs_y = 0},
    {.bitmap_index = 1171, .adv_w = 161, .box_w = 10, .box_h = 9, .ofs_x = 0, .ofs_y = 0},
    {.bitmap_index = 1213, .adv_w = 139, .box_w = 8, .box_h = 9, .ofs_x = 1, .ofs_y = 0},
    {.bitmap_index = 1245, .adv_w = 161, .box_w = 10, .box_h = 12, .ofs_x = 0, .ofs_y = -3},
    {.bitmap_index = 1300, .adv_w = 140, .box_w = 8, .box_h = 9, .ofs_x = 1, .ofs_y = 0},
    {.bitmap_index = 1334, .adv_w = 119, .box_w = 7, .box_h = 9, .ofs_x = 0, .ofs_y = 0},
    {.bitmap_index = 1366, .adv_w = 113, .box_w = 7, .box_h = 9, .ofs_x = 0, .ofs_y = 0},
    {.bitmap_index = 1378, .adv_w = 152, .box_w = 8, .box_h = 9, .ofs_x = 1, .ofs_y = 0},
    {.bitmap_index = 1400, .adv_w = 137, .box_w = 10, .box_h = 9, .ofs_x = -1, .ofs_y = 0},
    {.bitmap_index = 1439, .adv_w = 216, .box_w = 14, .box_h = 9, .ofs_x = 0, .ofs_y = 0},
    {.bitmap_index = 1500, .adv_w = 129, .box_w = 8, .box_h = 9, .ofs_x = 0, .ofs_y = 0},
    {.bitmap_index = 1535, .adv_w = 124, .box_w = 9, .box_h = 9, .ofs_x = -1, .ofs_y = 0},
    {.bitmap_index = 1565, .adv_w = 126, .box_w = 8, .box_h = 9, .ofs_x = 0, .ofs_y = 0},
    {.bitmap_index = 1595, .adv_w = 64, .box_w = 3, .box_h = 13, .ofs_x = 1, .ofs_y = -3},
    {.bitmap_index = 1603, .adv_w = 68, .box_w = 6, .box_h = 13, .ofs_x = -1, .ofs_y = -1},
    {.bitmap_index = 1635, .adv_w = 64, .box_w = 3, .box_h = 13, .ofs_x = 0, .ofs_y = -3},
    {.bitmap_index = 1645, .adv_w = 112, .box_w = 7, .box_h = 6, .ofs_x = 0, .ofs_y = 2},
    {.bitmap_index = 1665, .adv_w = 96, .box_w = 6, .box_h = 1, .ofs_x = 0, .ofs_y = -1},
    {.bitmap_index = 1667, .adv_w = 115, .box_w = 4, .box_h = 2, .ofs_x = 1, .ofs_y = 8},
    {.bitmap_index = 1672, .adv_w = 115, .box_w = 7, .box_h = 7, .ofs_x = 0, .ofs_y = 0},
    {.bitmap_index = 1696, .adv_w = 131, .box_w = 7, .box_h = 10, .ofs_x = 1, .ofs_y = 0},
    {.bitmap_index = 1725, .adv_w = 110, .box_w = 7, .box_h = 7, .ofs_x = 0, .ofs_y = 0},
    {.bitmap_index = 1748, .adv_w = 131, .box_w = 8, .box_h = 10, .ofs_x = 0, .ofs_y = 0},
    {.bitmap_index = 1782, .adv_w = 118, .box_w = 7, .box_h = 7, .ofs_x = 0, .ofs_y = 0},
    {.bitmap_index = 1807, .adv_w = 68, .box_w = 5, .box_h = 10, .ofs_x = 0, .ofs_y = 0},
    {.bitmap_index = 1823, .adv_w = 132, .box_w = 8, .box_h = 10, .ofs_x = 0, .ofs_y = -3},
    {.bitmap_index = 1863, .adv_w = 131, .box_w = 7, .box_h = 10, .ofs_x = 1, .ofs_y = 0},
    {.bitmap_index = 1886, .adv_w = 54, .box_w = 3, .box_h = 10, .ofs_x = 0, .ofs_y = 0},
    {.bitmap_index = 1896, .adv_w = 55, .box_w = 5, .box_h = 13, .ofs_x = -2, .ofs_y = -3},
    {.bitmap_index = 1913, .adv_w = 118, .box_w = 7, .box_h = 10, .ofs_x = 1, .ofs_y = 0},
    {.bitmap_index = 1937, .adv_w = 54, .box_w = 2, .box_h = 10, .ofs_x = 1, .ofs_y = 0},
    {.bitmap_index = 1942, .adv_w = 203, .box_w = 11, .box_h = 7, .ofs_x = 1, .ofs_y = 0},
    {.bitmap_index = 1968, .adv_w = 131, .box_w = 7, .box_h = 7, .ofs_x = 1, .ofs_y = 0},
    {.bitmap_index = 1987, .adv_w = 122, .box_w = 8, .box_h = 7, .ofs_x = 0, .ofs_y = 0},
    {.bitmap_index = 2015, .adv_w = 131, .box_w = 7, .box_h = 10, .ofs_x = 1, .ofs_y = -3},
    {.bitmap_index = 2046, .adv_w = 131, .box_w = 8, .box_h = 10, .ofs_x = 0, .ofs_y = -3},
    {.bitmap_index = 2080, .adv_w = 79, .box_w = 4, .box_h = 7, .ofs_x = 1, .ofs_y = 0},
    {.bitmap_index = 2091, .adv_w = 96, .box_w = 6, .box_h = 7, .ofs_x = 0, .ofs_y = 0},
    {.bitmap_index = 2112, .adv_w = 79, .box_w = 5, .box_h = 9, .ofs_x = 0, .ofs_y = 0},
    {.bitmap_index = 2130, .adv_w = 130, .box_w = 7, .box_h = 7, .ofs_x = 1, .ofs_y = 0},
    {.bitmap_index = 2148, .adv_w = 107, .box_w = 8, .box_h = 7, .ofs_x = -1, .ofs_y = 0},
    {.bitmap_index = 2175, .adv_w = 173, .box_w = 11, .box_h = 7, .ofs_x = 0, .ofs_y = 0},
    {.bitmap_index = 2215, .adv_w = 106, .box_w = 7, .box_h = 7, .ofs_x = 0, .ofs_y = 0},
    {.bitmap_index = 2240, .adv_w = 107, .box_w = 8, .box_h = 10, .ofs_x = -1, .ofs_y = -3},
    {.bitmap_index = 2277, .adv_w = 100, .box_w = 6, .box_h = 7, .ofs_x = 0, .ofs_y = 0},
    {.bitmap_index = 2298, .adv_w = 67, .box_w = 4, .box_h = 13, .ofs_x = 0, .ofs_y = -3},
    {.bitmap_index = 2320, .adv_w = 57, .box_w = 2, .box_h = 13, .ofs_x = 1, .ofs_y = -3},
    {.bitmap_index = 2325, .adv_w = 67, .box_w = 4, .box_h = 13, .ofs_x = 0, .ofs_y = -3},
    {.bitmap_index = 2346, .adv_w = 112, .box_w = 7, .box_h = 2, .ofs_x = 0, .ofs_y = 3},
    {.bitmap_index = 2354, .adv_w = 52, .box_w = 0, .box_h = 0, .ofs_x = 0, .ofs_y = 0},
    {.bitmap_index = 2354, .adv_w = 97, .box_w = 6, .box_h = 6, .ofs_x = 0, .ofs_y = 1},
    {.bitmap_index = 2371, .adv_w = 80, .box_w = 5, .box_h = 5, .ofs_x = 0, .ofs_y = 5},
    {.bitmap_index = 2384, .adv_w = 97, .box_w = 6, .box_h = 6, .ofs_x = 0, .ofs_y = 1},
    {.bitmap_index = 2401, .adv_w = 141, .box_w = 10, .box_h = 12, .ofs_x = -1, .ofs_y = 0},
    {.bitmap_index = 2449, .adv_w = 141, .box_w = 10, .box_h = 12, .ofs_x = -1, .ofs_y = 0},
    {.bitmap_index = 2498, .adv_w = 141, .box_w = 10, .box_h = 12, .ofs_x = -1, .ofs_y = 0},
    {.bitmap_index = 2548, .adv_w = 141, .box_w = 10, .box_h = 12, .ofs_x = -1, .ofs_y = 0},
    {.bitmap_index = 2596, .adv_w = 201, .box_w = 13, .box_h = 9, .ofs_x = -1, .ofs_y = 0},
    {.bitmap_index = 2643, .adv_w = 137, .box_w = 9, .box_h = 12, .ofs_x = 0, .ofs_y = -3},
    {.bitmap_index = 2690, .adv_w = 129, .box_w = 7, .box_h = 12, .ofs_x = 1, .ofs_y = 0},
    {.bitmap_index = 2724, .adv_w = 129, .box_w = 7, .box_h = 12, .ofs_x = 1, .ofs_y = 0},
    {.bitmap_index = 2760, .adv_w = 129, .box_w = 7, .box_h = 12, .ofs_x = 1, .ofs_y = 0},
    {.bitmap_index = 2796, .adv_w = 129, .box_w = 7, .box_h = 12, .ofs_x = 1, .ofs_y = 0},
    {.bitmap_index = 2831, .adv_w = 60, .box_w = 5, .box_h = 12, .ofs_x = 0, .ofs_y = 0},
    {.bitmap_index = 2844, .adv_w = 60, .box_w = 6, .box_h = 12, .ofs_x = -1, .ofs_y = 0},
    {.bitmap_index = 2858, .adv_w = 60, .box_w = 4, .box_h = 12, .ofs_x = 0, .ofs_y = 0},
    {.bitmap_index = 2869, .adv_w = 161, .box_w = 10, .box_h = 12, .ofs_x = 0, .ofs_y = 0},
    {.bitmap_index = 2921, .adv_w = 161, .box_w = 10, .box_h = 12, .ofs_x = 0, .ofs_y = 0},
    {.bitmap_index = 2974, .adv_w = 161, .box_w = 10, .box_h = 13, .ofs_x = 0, .ofs_y = 0},
    {.bitmap_index = 3029, .adv_w = 152, .box_w = 8, .box_h = 12, .ofs_x = 1, .ofs_y = 0},
    {.bitmap_index = 3061, .adv_w = 152, .box_w = 8, .box_h = 12, .ofs_x = 1, .ofs_y = 0},
    {.bitmap_index = 3092, .adv_w = 152, .box_w = 8, .box_h = 12, .ofs_x = 1, .ofs_y = 0},
    {.bitmap_index = 3125, .adv_w = 152, .box_w = 8, .box_h = 13, .ofs_x = 1, .ofs_y = 0},
    {.bitmap_index = 3159, .adv_w = 124, .box_w = 9, .box_h = 12, .ofs_x = -1, .ofs_y = 0},
    {.bitmap_index = 3199, .adv_w = 130, .box_w = 7, .box_h = 10, .ofs_x = 1, .ofs_y = 0},
    {.bitmap_index = 3232, .adv_w = 115, .box_w = 7, .box_h = 10, .ofs_x = 0, .ofs_y = 0},
    {.bitmap_index = 3265, .adv_w = 115, .box_w = 7, .box_h = 10, .ofs_x = 0, .ofs_y = 0},
    {.bitmap_index = 3299, .adv_w = 115, .box_w = 7, .box_h = 10, .ofs_x = 0, .ofs_y = 0},
    {.bitmap_index = 3334, .adv_w = 115, .box_w = 7, .box_h = 10, .ofs_x = 0, .ofs_y = 0},
    {.bitmap_index = 3368, .adv_w = 190, .box_w = 12, .box_h = 7, .ofs_x = 0, .ofs_y = 0},
    {.bitmap_index = 3410, .adv_w = 110, .box_w = 7, .box_h = 10, .ofs_x = 0, .ofs_y = -3},
    {.bitmap_index = 3443, .adv_w = 118, .box_w = 7, .box_h = 10, .ofs_x = 0, .ofs_y = 0},
    {.bitmap_index = 3477, .adv_w = 118, .box_w = 7, .box_h = 10, .ofs_x = 0, .ofs_y = 0},
    {.bitmap_index = 3510, .adv_w = 118, .box_w = 7, .box_h = 10, .ofs_x = 0, .ofs_y = 0},
    {.bitmap_index = 3545, .adv_w = 118, .box_w = 7, .box_h = 10, .ofs_x = 0, .ofs_y = 0},
    {.bitmap_index = 3579, .adv_w = 54, .box_w = 4, .box_h = 10, .ofs_x = 0, .ofs_y = 0},
    {.bitmap_index = 3590, .adv_w = 54, .box_w = 5, .box_h = 10, .ofs_x = -1, .ofs_y = 0},
    {.bitmap_index = 3603, .adv_w = 54, .box_w = 4, .box_h = 10, .ofs_x = 0, .ofs_y = 0},
    {.bitmap_index = 3614, .adv_w = 122, .box_w = 8, .box_h = 10, .ofs_x = 0, .ofs_y = 0},
    {.bitmap_index = 3651, .adv_w = 122, .box_w = 8, .box_h = 10, .ofs_x = 0, .ofs_y = 0},
    {.bitmap_index = 3690, .adv_w = 122, .box_w = 8, .box_h = 10, .ofs_x = 0, .ofs_y = 0},
    {.bitmap_index = 3729, .adv_w = 130, .box_w = 7, .box_h = 10, .ofs_x = 1, .ofs_y = 0},
    {.bitmap_index = 3755, .adv_w = 130, .box_w = 7, .box_h = 10, .ofs_x = 1, .ofs_y = 0},
    {.bitmap_index = 3782, .adv_w = 130, .box_w = 7, .box_h = 10, .ofs_x = 1, .ofs_y = 0},
    {.bitmap_index = 3810, .adv_w = 130, .box_w = 7, .box_h = 10, .ofs_x = 1, .ofs_y = 0},
    {.bitmap_index = 3838, .adv_w = 107, .box_w = 8, .box_h = 13, .ofs_x = -1, .ofs_y = -3},
    {.bitmap_index = 3884, .adv_w = 107, .box_w = 8, .box_h = 13, .ofs_x = -1, .ofs_y = -3},
    {.bitmap_index = 3932, .adv_w = 141, .box_w = 11, .box_h = 12, .ofs_x = -1, .ofs_y = -3},
    {.bitmap_index = 3985, .adv_w = 115, .box_w = 7, .box_h = 10, .ofs_x = 0, .ofs_y = -3},
    {.bitmap_index = 4018, .adv_w = 137, .box_w = 9, .box_h = 12, .ofs_x = 0, .ofs_y = 0},
    {.bitmap_index = 4063, .adv_w = 110, .box_w = 7, .box_h = 10, .ofs_x = 0, .ofs_y = 0},
    {.bitmap_index = 4095, .adv_w = 137, .box_w = 9, .box_h = 12, .ofs_x = 0, .ofs_y = 0},
    {.bitmap_index = 4141, .adv_w = 110, .box_w = 7, .box_h = 10, .ofs_x = 0, .ofs_y = 0},
    {.bitmap_index = 4174, .adv_w = 159, .box_w = 9, .box_h = 12, .ofs_x = 1, .ofs_y = 0},
    {.bitmap_index = 4219, .adv_w = 131, .box_w = 10, .box_h = 10, .ofs_x = 0, .ofs_y = 0},
    {.bitmap_index = 4260, .adv_w = 129, .box_w = 7, .box_h = 12, .ofs_x = 1, .ofs_y = -3},
    {.bitmap_index = 4294, .adv_w = 118, .box_w = 7, .box_h = 10, .ofs_x = 0, .ofs_y = -3},
    {.bitmap_index = 4328, .adv_w = 114, .box_w = 8, .box_h = 12, .ofs_x = 0, .ofs_y = 0},
    {.bitmap_index = 4347, .adv_w = 54, .box_w = 4, .box_h = 12, .ofs_x = 0, .ofs_y = 0},
    {.bitmap_index = 4356, .adv_w = 114, .box_w = 7, .box_h = 10, .ofs_x = 1, .ofs_y = 0},
    {.bitmap_index = 4375, .adv_w = 54, .box_w = 4, .box_h = 10, .ofs_x = 1, .ofs_y = 0},
    {.bitmap_index = 4387, .adv_w = 115, .box_w = 8, .box_h = 9, .ofs_x = 0, .ofs_y = 0},
    {.bitmap_index = 4412, .adv_w = 56, .box_w = 5, .box_h = 10, .ofs_x = -1, .ofs_y = 0},
    {.bitmap_index = 4431, .adv_w = 156, .box_w = 8, .box_h = 12, .ofs_x = 1, .ofs_y = 0},
    {.bitmap_index = 4468, .adv_w = 131, .box_w = 7, .box_h = 10, .ofs_x = 1, .ofs_y = 0},
    {.bitmap_index = 4496, .adv_w = 156, .box_w = 8, .box_h = 12, .ofs_x = 1, .ofs_y = 0},
    {.bitmap_index = 4534, .adv_w = 131, .box_w = 7, .box_h = 10, .ofs_x = 1, .ofs_y = 0},
    {.bitmap_index = 4563, .adv_w = 216, .box_w = 13, .box_h = 9, .ofs_x = 0, .ofs_y = 0},
    {.bitmap_index = 4610, .adv_w = 205, .box_w = 13, .box_h = 7, .ofs_x = 0, .ofs_y = 0},
    {.bitmap_index = 4656, .adv_w = 140, .box_w = 8, .box_h = 12, .ofs_x = 1, .ofs_y = 0},
    {.bitmap_index = 4700, .adv_w = 79, .box_w = 4, .box_h = 10, .ofs_x = 1, .ofs_y = 0},
    {.bitmap_index = 4717, .adv_w = 119, .box_w = 7, .box_h = 12, .ofs_x = 0, .ofs_y = 0},
    {.bitmap_index = 4757, .adv_w = 96, .box_w = 6, .box_h = 10, .ofs_x = 0, .ofs_y = 0},
    {.bitmap_index = 4786, .adv_w = 119, .box_w = 7, .box_h = 12, .ofs_x = 0, .ofs_y = 0},
    {.bitmap_index = 4828, .adv_w = 96, .box_w = 6, .box_h = 10, .ofs_x = 0, .ofs_y = 0},
    {.bitmap_index = 4858, .adv_w = 113, .box_w = 7, .box_h = 12, .ofs_x = 0, .ofs_y = 0},
    {.bitmap_index = 4881, .adv_w = 79, .box_w = 5, .box_h = 10, .ofs_x = 0, .ofs_y = 0},
    {.bitmap_index = 4901, .adv_w = 124, .box_w = 9, .box_h = 12, .ofs_x = -1, .ofs_y = 0},
    {.bitmap_index = 4941, .adv_w = 126, .box_w = 8, .box_h = 12, .ofs_x = 0, .ofs_y = 0},
    {.bitmap_index = 4981, .adv_w = 100, .box_w = 6, .box_h = 10, .ofs_x = 0, .ofs_y = 0},
    {.bitmap_index = 5011, .adv_w = 126, .box_w = 8, .box_h = 12, .ofs_x = 0, .ofs_y = 0},
    {.bitmap_index = 5050, .adv_w = 100, .box_w = 6, .box_h = 10, .ofs_x = 0, .ofs_y = 0},
    {.bitmap_index = 5079, .adv_w = 126, .box_w = 8, .box_h = 12, .ofs_x = 0, .ofs_y = 0},
    {.bitmap_index = 5120, .adv_w = 100, .box_w = 6, .box_h = 10, .ofs_x = 0, .ofs_y = 0},
    {.bitmap_index = 5150, .adv_w = 128, .box_w = 7, .box_h = 12, .ofs_x = 1, .ofs_y = 0},
    {.bitmap_index = 5184, .adv_w = 128, .box_w = 7, .box_h = 12, .ofs_x = 1, .ofs_y = 0},
    {.bitmap_index = 5219, .adv_w = 160, .box_w = 10, .box_h = 10, .ofs_x = 0, .ofs_y = -1},
    {.bitmap_index = 5260, .adv_w = 111, .box_w = 6, .box_h = 12, .ofs_x = 1, .ofs_y = 0},
    {.bitmap_index = 5279, .adv_w = 136, .box_w = 9, .box_h = 9, .ofs_x = 0, .ofs_y = 0},
    {.bitmap_index = 5318, .adv_w = 122, .box_w = 8, .box_h = 9, .ofs_x = 0, .ofs_y = 0},
    {.bitmap_index = 5353, .adv_w = 61, .box_w = 2, .box_h = 9, .ofs_x = 1, .ofs_y = 0},
    {.bitmap_index = 5358, .adv_w = 60, .box_w = 4, .box_h = 12, .ofs_x = 0, .ofs_y = 0},
    {.bitmap_index = 5369, .adv_w = 104, .box_w = 6, .box_h = 9, .ofs_x = 0, .ofs_y = 0},
    {.bitmap_index = 5387, .adv_w = 228, .box_w = 14, .box_h = 9, .ofs_x = 0, .ofs_y = 0},
    {.bitmap_index = 5435, .adv_w = 227, .box_w = 13, .box_h = 9, .ofs_x = 1, .ofs_y = 0},
    {.bitmap_index = 5469, .adv_w = 161, .box_w = 10, .box_h = 9, .ofs_x = 0, .ofs_y = 0},
    {.bitmap_index = 5501, .adv_w = 137, .box_w = 8, .box_h = 12, .ofs_x = 1, .ofs_y = 0},
    {.bitmap_index = 5541, .adv_w = 158, .box_w = 8, .box_h = 12, .ofs_x = 1, .ofs_y = 0},
    {.bitmap_index = 5579, .adv_w = 133, .box_w = 9, .box_h = 13, .ofs_x = 0, .ofs_y = -1},
    {.bitmap_index = 5629, .adv_w = 155, .box_w = 8, .box_h = 11, .ofs_x = 1, .ofs_y = -2},
    {.bitmap_index = 5648, .adv_w = 146, .box_w = 9, .box_h = 9, .ofs_x = 0, .ofs_y = 0},
    {.bitmap_index = 5685, .adv_w = 140, .box_w = 8, .box_h = 9, .ofs_x = 1, .ofs_y = 0},
    {.bitmap_index = 5716, .adv_w = 143, .box_w = 8, .box_h = 9, .ofs_x = 1, .ofs_y = 0},
    {.bitmap_index = 5749, .adv_w = 111, .box_w = 6, .box_h = 9, .ofs_x = 1, .ofs_y = 0},
    {.bitmap_index = 5760, .adv_w = 154, .box_w = 10, .box_h = 11, .ofs_x = 0, .ofs_y = -2},
    {.bitmap_index = 5798, .adv_w = 128, .box_w = 7, .box_h = 9, .ofs_x = 1, .ofs_y = 0},
    {.bitmap_index = 5824, .adv_w = 198, .box_w = 13, .box_h = 9, .ofs_x = 0, .ofs_y = 0},
    {.bitmap_index = 5876, .adv_w = 122, .box_w = 7, .box_h = 9, .ofs_x = 0, .ofs_y = 0},
    {.bitmap_index = 5908, .adv_w = 158, .box_w = 8, .box_h = 9, .ofs_x = 1, .ofs_y = 0},
    {.bitmap_index = 5936, .adv_w = 158, .box_w = 8, .box_h = 12, .ofs_x = 1, .ofs_y = 0},
    {.bitmap_index = 5975, .adv_w = 137, .box_w = 8, .box_h = 9, .ofs_x = 1, .ofs_y = 0},
    {.bitmap_index = 6005, .adv_w = 152, .box_w = 9, .box_h = 9, .ofs_x = 0, .ofs_y = 0},
    {.bitmap_index = 6033, .adv_w = 185, .box_w = 10, .box_h = 9, .ofs_x = 1, .ofs_y = 0},
    {.bitmap_index = 6070, .adv_w = 157, .box_w = 8, .box_h = 9, .ofs_x = 1, .ofs_y = 0},
    {.bitmap_index = 6089, .adv_w = 163, .box_w = 10, .box_h = 9, .ofs_x = 0, .ofs_y = 0},
    {.bitmap_index = 6131, .adv_w = 158, .box_w = 8, .box_h = 9, .ofs_x = 1, .ofs_y = 0},
    {.bitmap_index = 6143, .adv_w = 137, .box_w = 8, .box_h = 9, .ofs_x = 1, .ofs_y = 0},
    {.bitmap_index = 6174, .adv_w = 138, .box_w = 9, .box_h = 9, .ofs_x = 0, .ofs_y = 0},
    {.bitmap_index = 6209, .adv_w = 116, .box_w = 8, .box_h = 9, .ofs_x = 0, .ofs_y = 0},
    {.bitmap_index = 6223, .adv_w = 133, .box_w = 9, .box_h = 10, .ofs_x = 0, .ofs_y = -1},
    {.bitmap_index = 6262, .adv_w = 178, .box_w = 11, .box_h = 10, .ofs_x = 0, .ofs_y = 0},
    {.bitmap_index = 6309, .adv_w = 128, .box_w = 8, .box_h = 9, .ofs_x = 0, .ofs_y = 0},
    {.bitmap_index = 6345, .adv_w = 159, .box_w = 9, .box_h = 11, .ofs_x = 1, .ofs_y = -2},
    {.bitmap_index = 6364, .adv_w = 138, .box_w = 8, .box_h = 9, .ofs_x = 0, .ofs_y = 0},
    {.bitmap_index = 6390, .adv_w = 210, .box_w = 11, .box_h = 9, .ofs_x = 1, .ofs_y = 0},
    {.bitmap_index = 6409, .adv_w = 215, .box_w = 13, .box_h = 11, .ofs_x = 1, .ofs_y = -2},
    {.bitmap_index = 6437, .adv_w = 159, .box_w = 10, .box_h = 9, .ofs_x = 0, .ofs_y = 0},
    {.bitmap_index = 6472, .adv_w = 191, .box_w = 10, .box_h = 9, .ofs_x = 1, .ofs_y = 0},
    {.bitmap_index = 6501, .adv_w = 137, .box_w = 8, .box_h = 9, .ofs_x = 1, .ofs_y = 0},
    {.bitmap_index = 6526, .adv_w = 136, .box_w = 8, .box_h = 9, .ofs_x = 0, .ofs_y = 0},
    {.bitmap_index = 6561, .adv_w = 211, .box_w = 12, .box_h = 9, .ofs_x = 1, .ofs_y = 0},
    {.bitmap_index = 6609, .adv_w = 140, .box_w = 8, .box_h = 9, .ofs_x = 0, .ofs_y = 0},
    {.bitmap_index = 6640, .adv_w = 113, .box_w = 7, .box_h = 7, .ofs_x = 0, .ofs_y = 0},
    {.bitmap_index = 6666, .adv_w = 127, .box_w = 8, .box_h = 11, .ofs_x = 0, .ofs_y = 0},
    {.bitmap_index = 6709, .adv_w = 118, .box_w = 6, .box_h = 7, .ofs_x = 1, .ofs_y = 0},
    {.bitmap_index = 6728, .adv_w = 94, .box_w = 5, .box_h = 7, .ofs_x = 1, .ofs_y = 0},
    {.bitmap_index = 6738, .adv_w = 127, .box_w = 8, .box_h = 9, .ofs_x = 0, .ofs_y = -2},
    {.bitmap_index = 6769, .adv_w = 121, .box_w = 7, .box_h = 7, .ofs_x = 0, .ofs_y = 0},
    {.bitmap_index = 6793, .adv_w = 163, .box_w = 11, .box_h = 7, .ofs_x = 0, .ofs_y = 0},
    {.bitmap_index = 6830, .adv_w = 104, .box_w = 6, .box_h = 7, .ofs_x = 0, .ofs_y = 0},
    {.bitmap_index = 6852, .adv_w = 133, .box_w = 7, .box_h = 7, .ofs_x = 1, .ofs_y = 0},
    {.bitmap_index = 6873, .adv_w = 133, .box_w = 7, .box_h = 10, .ofs_x = 1, .ofs_y = 0},
    {.bitmap_index = 6904, .adv_w = 115, .box_w = 7, .box_h = 7, .ofs_x = 1, .ofs_y = 0},
    {.bitmap_index = 6927, .adv_w = 123, .box_w = 7, .box_h = 7, .ofs_x = 0, .ofs_y = 0},
    {.bitmap_index = 6948, .adv_w = 153, .box_w = 8, .box_h = 7, .ofs_x = 1, .ofs_y = 0},
    {.bitmap_index = 6974, .adv_w = 131, .box_w = 7, .box_h = 7, .ofs_x = 1, .ofs_y = 0},
    {.bitmap_index = 6991, .adv_w = 123, .box_w = 8, .box_h = 7, .ofs_x = 0, .ofs_y = 0},
    {.bitmap_index = 7019, .adv_w = 130, .box_w = 7, .box_h = 7, .ofs_x = 1, .ofs_y = 0},
    {.bitmap_index = 7030, .adv_w = 132, .box_w = 7, .box_h = 10, .ofs_x = 1, .ofs_y = -3},
    {.bitmap_index = 7061, .adv_w = 110, .box_w = 7, .box_h = 7, .ofs_x = 0, .ofs_y = 0},
    {.bitmap_index = 7084, .adv_w = 95, .box_w = 6, .box_h = 7, .ofs_x = 0, .ofs_y = 0},
    {.bitmap_index = 7096, .adv_w = 110, .box_w = 8, .box_h = 10, .ofs_x = -1, .ofs_y = -3},
    {.bitmap_index = 7133, .adv_w = 155, .box_w = 10, .box_h = 12, .ofs_x = 0, .ofs_y = -3},
    {.bitmap_index = 7179, .adv_w = 104, .box_w = 7, .box_h = 7, .ofs_x = 0, .ofs_y = 0},
    {.bitmap_index = 7204, .adv_w = 132, .box_w = 7, .box_h = 9, .ofs_x = 1, .ofs_y = -2},
    {.bitmap_index = 7222, .adv_w = 117, .box_w = 7, .box_h = 7, .ofs_x = 0, .ofs_y = 0},
    {.bitmap_index = 7241, .adv_w = 181, .box_w = 10, .box_h = 7, .ofs_x = 1, .ofs_y = 0},
    {.bitmap_index = 7259, .adv_w = 181, .box_w = 11, .box_h = 9, .ofs_x = 1, .ofs_y = -2},
    {.bitmap_index = 7284, .adv_w = 123, .box_w = 8, .box_h = 7, .ofs_x = 0, .ofs_y = 0},
    {.bitmap_index = 7308, .adv_w = 155, .box_w = 8, .box_h = 7, .ofs_x = 1, .ofs_y = 0},
    {.bitmap_index = 7331, .adv_w = 110, .box_w = 6, .box_h = 7, .ofs_x = 1, .ofs_y = 0},
    {.bitmap_index = 7349, .adv_w = 110, .box_w = 7, .box_h = 7, .ofs_x = 0, .ofs_y = 0},
    {.bitmap_index = 7374, .adv_w = 168, .box_w = 9, .box_h = 7, .ofs_x = 1, .ofs_y = 0},
    {.bitmap_index = 7405, .adv_w = 118, .box_w = 7, .box_h = 7, .ofs_x = 0, .ofs_y = 0},
    {.bitmap_index = 7429, .adv_w = 121, .box_w = 7, .box_h = 10, .ofs_x = 0, .ofs_y = 0},
    {.bitmap_index = 7462, .adv_w = 121, .box_w = 7, .box_h = 9, .ofs_x = 0, .ofs_y = 0},
    {.bitmap_index = 7494, .adv_w = 130, .box_w = 9, .box_h = 13, .ofs_x = -1, .ofs_y = -3},
    {.bitmap_index = 7534, .adv_w = 94, .box_w = 5, .box_h = 10, .ofs_x = 1, .ofs_y = 0},
    {.bitmap_index = 7552, .adv_w = 111, .box_w = 7, .box_h = 7, .ofs_x = 0, .ofs_y = 0},
    {.bitmap_index = 7578, .adv_w = 103, .box_w = 6, .box_h = 7, .ofs_x = 0, .ofs_y = 0},
    {.bitmap_index = 7600, .adv_w = 54, .box_w = 3, .box_h = 10, .ofs_x = 0, .ofs_y = 0},
    {.bitmap_index = 7610, .adv_w = 54, .box_w = 4, .box_h = 9, .ofs_x = 0, .ofs_y = 0},
    {.bitmap_index = 7619, .adv_w = 55, .box_w = 5, .box_h = 13, .ofs_x = -2, .ofs_y = -3},
    {.bitmap_index = 7636, .adv_w = 179, .box_w = 11, .box_h = 7, .ofs_x = 0, .ofs_y = 0},
    {.bitmap_index = 7668, .adv_w = 183, .box_w = 11, .box_h = 7, .ofs_x = 1, .ofs_y = 0},
    {.bitmap_index = 7695, .adv_w = 129, .box_w = 9, .box_h = 10, .ofs_x = -1, .ofs_y = 0},
    {.bitmap_index = 7727, .adv_w = 115, .box_w = 7, .box_h = 10, .ofs_x = 1, .ofs_y = 0},
    {.bitmap_index = 7759, .adv_w = 133, .box_w = 7, .box_h = 10, .ofs_x = 1, .ofs_y = 0},
    {.bitmap_index = 7789, .adv_w = 110, .box_w = 8, .box_h = 13, .ofs_x = -1, .ofs_y = -3},
    {.bitmap_index = 7837, .adv_w = 124, .box_w = 6, .box_h = 9, .ofs_x = 1, .ofs_y = -2},
    {.bitmap_index = 7855, .adv_w = 156, .box_w = 10, .box_h = 10, .ofs_x = 0, .ofs_y = 0},
    {.bitmap_index = 7894, .adv_w = 118, .box_w = 7, .box_h = 10, .ofs_x = 0, .ofs_y = 0},
    {.bitmap_index = 7924, .adv_w = 173, .box_w = 11, .box_h = 9, .ofs_x = 0, .ofs_y = 0},
    {.bitmap_index = 7969, .adv_w = 135, .box_w = 9, .box_h = 7, .ofs_x = 0, .ofs_y = 0},
    {.bitmap_index = 8000, .adv_w = 163, .box_w = 10, .box_h = 9, .ofs_x = 0, .ofs_y = 0},
    {.bitmap_index = 8042, .adv_w = 125, .box_w = 8, .box_h = 7, .ofs_x = 0, .ofs_y = 0},
    {.bitmap_index = 8070, .adv_w = 146, .box_w = 9, .box_h = 10, .ofs_x = 0, .ofs_y = 0},
    {.bitmap_index = 8109, .adv_w = 114, .box_w = 8, .box_h = 8, .ofs_x = 0, .ofs_y = 0},
    {.bitmap_index = 8138, .adv_w = 161, .box_w = 9, .box_h = 14, .ofs_x = 1, .ofs_y = -2},
    {.bitmap_index = 8187, .adv_w = 137, .box_w = 8, .box_h = 12, .ofs_x = 1, .ofs_y = -2},
    {.bitmap_index = 8227, .adv_w = 142, .box_w = 9, .box_h = 10, .ofs_x = 0, .ofs_y = 0},
    {.bitmap_index = 8265, .adv_w = 116, .box_w = 7, .box_h = 7, .ofs_x = 0, .ofs_y = 0},
    {.bitmap_index = 8289, .adv_w = 141, .box_w = 8, .box_h = 9, .ofs_x = 1, .ofs_y = 0},
    {.bitmap_index = 8322, .adv_w = 134, .box_w = 7, .box_h = 10, .ofs_x = 1, .ofs_y = -3},
    {.bitmap_index = 8355, .adv_w = 112, .box_w = 6, .box_h = 11, .ofs_x = 1, .ofs_y = 0},
    {.bitmap_index = 8371, .adv_w = 89, .box_w = 5, .box_h = 9, .ofs_x = 1, .ofs_y = 0},
    {.bitmap_index = 8386, .adv_w = 119, .box_w = 8, .box_h = 9, .ofs_x = 0, .ofs_y = 0},
    {.bitmap_index = 8408, .adv_w = 99, .box_w = 6, .box_h = 7, .ofs_x = 0, .ofs_y = 0},
    {.bitmap_index = 8426, .adv_w = 135, .box_w = 7, .box_h = 11, .ofs_x = 1, .ofs_y = -2},
    {.bitmap_index = 8459, .adv_w = 115, .box_w = 6, .box_h = 10, .ofs_x = 1, .ofs_y = -3},
    {.bitmap_index = 8489, .adv_w = 205, .box_w = 13, .box_h = 11, .ofs_x = 0, .ofs_y = -2},
    {.bitmap_index = 8549, .adv_w = 169, .box_w = 11, .box_h = 9, .ofs_x = 0, .ofs_y = -2},
    {.bitmap_index = 8595, .adv_w = 122, .box_w = 7, .box_h = 11, .ofs_x = 0, .ofs_y = -2},
    {.bitmap_index = 8632, .adv_w = 104, .box_w = 6, .box_h = 9, .ofs_x = 0, .ofs_y = -2},
    {.bitmap_index = 8660, .adv_w = 145, .box_w = 8, .box_h = 11, .ofs_x = 1, .ofs_y = -2},
    {.bitmap_index = 8696, .adv_w = 115, .box_w = 7, .box_h = 9, .ofs_x = 1, .ofs_y = -2},
    {.bitmap_index = 8725, .adv_w = 142, .box_w = 8, .box_h = 9, .ofs_x = 1, .ofs_y = 0},
    {.bitmap_index = 8757, .adv_w = 118, .box_w = 7, .box_h = 7, .ofs_x = 1, .ofs_y = 0},
    {.bitmap_index = 8781, .adv_w = 141, .box_w = 9, .box_h = 9, .ofs_x = 0, .ofs_y = 0},
    {.bitmap_index = 8815, .adv_w = 115, .box_w = 8, .box_h = 10, .ofs_x = 0, .ofs_y = 0},
    {.bitmap_index = 8848, .adv_w = 159, .box_w = 10, .box_h = 9, .ofs_x = 0, .ofs_y = 0},
    {.bitmap_index = 8884, .adv_w = 129, .box_w = 8, .box_h = 7, .ofs_x = 0, .ofs_y = 0},
    {.bitmap_index = 8909, .adv_w = 163, .box_w = 9, .box_h = 11, .ofs_x = 1, .ofs_y = -2},
    {.bitmap_index = 8938, .adv_w = 135, .box_w = 8, .box_h = 9, .ofs_x = 1, .ofs_y = -2},
    {.bitmap_index = 8964, .adv_w = 209, .box_w = 12, .box_h = 9, .ofs_x = 1, .ofs_y = 0},
    {.bitmap_index = 8991, .adv_w = 170, .box_w = 10, .box_h = 7, .ofs_x = 1, .ofs_y = 0},
    {.bitmap_index = 9016, .adv_w = 230, .box_w = 13, .box_h = 11, .ofs_x = 1, .ofs_y = -2},
    {.bitmap_index = 9058, .adv_w = 187, .box_w = 11, .box_h = 10, .ofs_x = 1, .ofs_y = -3},
    {.bitmap_index = 9098, .adv_w = 187, .box_w = 11, .box_h = 9, .ofs_x = 0, .ofs_y = 0},
    {.bitmap_index = 9146, .adv_w = 152, .box_w = 9, .box_h = 7, .ofs_x = 0, .ofs_y = 0},
    {.bitmap_index = 9179, .adv_w = 138, .box_w = 9, .box_h = 11, .ofs_x = 0, .ofs_y = -2},
    {.bitmap_index = 9220, .adv_w = 110, .box_w = 7, .box_h = 9, .ofs_x = 0, .ofs_y = -2},
    {.bitmap_index = 9250, .adv_w = 116, .box_w = 8, .box_h = 11, .ofs_x = 0, .ofs_y = -2},
    {.bitmap_index = 9273, .adv_w = 95, .box_w = 6, .box_h = 9, .ofs_x = 0, .ofs_y = -2},
    {.bitmap_index = 9291, .adv_w = 128, .box_w = 8, .box_h = 9, .ofs_x = 0, .ofs_y = 0},
    {.bitmap_index = 9319, .adv_w = 110, .box_w = 7, .box_h = 10, .ofs_x = 0, .ofs_y = -3},
    {.bitmap_index = 9349, .adv_w = 128, .box_w = 8, .box_h = 9, .ofs_x = 0, .ofs_y = 0},
    {.bitmap_index = 9380, .adv_w = 110, .box_w = 7, .box_h = 10, .ofs_x = 0, .ofs_y = -3},
    {.bitmap_index = 9413, .adv_w = 135, .box_w = 9, .box_h = 11, .ofs_x = 0, .ofs_y = -2},
    {.bitmap_index = 9457, .adv_w = 104, .box_w = 7, .box_h = 9, .ofs_x = 0, .ofs_y = -2},
    {.bitmap_index = 9488, .adv_w = 187, .box_w = 12, .box_h = 11, .ofs_x = 0, .ofs_y = -2},
    {.bitmap_index = 9520, .adv_w = 148, .box_w = 9, .box_h = 9, .ofs_x = 0, .ofs_y = -2},
    {.bitmap_index = 9547, .adv_w = 143, .box_w = 9, .box_h = 11, .ofs_x = 0, .ofs_y = -2},
    {.bitmap_index = 9581, .adv_w = 122, .box_w = 8, .box_h = 9, .ofs_x = 0, .ofs_y = -2},
    {.bitmap_index = 9608, .adv_w = 141, .box_w = 8, .box_h = 9, .ofs_x = 0, .ofs_y = 0},
    {.bitmap_index = 9637, .adv_w = 117, .box_w = 7, .box_h = 7, .ofs_x = 0, .ofs_y = 0},
    {.bitmap_index = 9659, .adv_w = 141, .box_w = 8, .box_h = 9, .ofs_x = 1, .ofs_y = 0},
    {.bitmap_index = 9683, .adv_w = 129, .box_w = 7, .box_h = 10, .ofs_x = 1, .ofs_y = 0},
    {.bitmap_index = 9707, .adv_w = 190, .box_w = 12, .box_h = 9, .ofs_x = 0, .ofs_y = 0},
    {.bitmap_index = 9756, .adv_w = 148, .box_w = 9, .box_h = 7, .ofs_x = 0, .ofs_y = 0},
    {.bitmap_index = 9787, .adv_w = 190, .box_w = 12, .box_h = 11, .ofs_x = 0, .ofs_y = -2},
    {.bitmap_index = 9843, .adv_w = 148, .box_w = 9, .box_h = 9, .ofs_x = 0, .ofs_y = -2},
    {.bitmap_index = 9882, .adv_w = 61, .box_w = 2, .box_h = 9, .ofs_x = 1, .ofs_y = 0},
    {.bitmap_index = 9887, .adv_w = 198, .box_w = 13, .box_h = 12, .ofs_x = 0, .ofs_y = 0},
    {.bitmap_index = 9953, .adv_w = 163, .box_w = 11, .box_h = 10, .ofs_x = 0, .ofs_y = 0},
    {.bitmap_index = 10002, .adv_w = 137, .box_w = 8, .box_h = 12, .ofs_x = 1, .ofs_y = -3},
    {.bitmap_index = 10042, .adv_w = 115, .box_w = 6, .box_h = 10, .ofs_x = 1, .ofs_y = -3},
    {.bitmap_index = 10073, .adv_w = 155, .box_w = 10, .box_h = 11, .ofs_x = 0, .ofs_y = -2},
    {.bitmap_index = 10111, .adv_w = 127, .box_w = 8, .box_h = 9, .ofs_x = 0, .ofs_y = -2},
    {.bitmap_index = 10141, .adv_w = 157, .box_w = 8, .box_h = 12, .ofs_x = 1, .ofs_y = -3},
    {.bitmap_index = 10170, .adv_w = 132, .box_w = 7, .box_h = 10, .ofs_x = 1, .ofs_y = -3},
    {.bitmap_index = 10195, .adv_w = 161, .box_w = 9, .box_h = 11, .ofs_x = 1, .ofs_y = -2},
    {.bitmap_index = 10224, .adv_w = 135, .box_w = 8, .box_h = 9, .ofs_x = 1, .ofs_y = -2},
    {.bitmap_index = 10249, .adv_w = 141, .box_w = 8, .box_h = 11, .ofs_x = 0, .ofs_y = -2},
    {.bitmap_index = 10281, .adv_w = 116, .box_w = 7, .box_h = 9, .ofs_x = 0, .ofs_y = -2},
    {.bitmap_index = 10306, .adv_w = 190, .box_w = 11, .box_h = 11, .ofs_x = 1, .ofs_y = -2},
    {.bitmap_index = 10355, .adv_w = 159, .box_w = 9, .box_h = 9, .ofs_x = 1, .ofs_y = -2},
    {.bitmap_index = 10391, .adv_w = 54, .box_w = 2, .box_h = 10, .ofs_x = 1, .ofs_y = 0},
    {.bitmap_index = 10397, .adv_w = 146, .box_w = 9, .box_h = 12, .ofs_x = 0, .ofs_y = 0},
    {.bitmap_index = 10446, .adv_w = 113, .box_w = 7, .box_h = 10, .ofs_x = 0, .ofs_y = 0},
    {.bitmap_index = 10483, .adv_w = 146, .box_w = 9, .box_h = 12, .ofs_x = 0, .ofs_y = 0},
    {.bitmap_index = 10529, .adv_w = 113, .box_w = 7, .box_h = 9, .ofs_x = 0, .ofs_y = 0},
    {.bitmap_index = 10563, .adv_w = 201, .box_w = 12, .box_h = 9, .ofs_x = 0, .ofs_y = 0},
    {.bitmap_index = 10609, .adv_w = 191, .box_w = 12, .box_h = 7, .ofs_x = 0, .ofs_y = 0},
    {.bitmap_index = 10651, .adv_w = 128, .box_w = 7, .box_h = 12, .ofs_x = 1, .ofs_y = 0},
    {.bitmap_index = 10688, .adv_w = 121, .box_w = 7, .box_h = 10, .ofs_x = 0, .ofs_y = 0},
    {.bitmap_index = 10723, .adv_w = 158, .box_w = 10, .box_h = 9, .ofs_x = 0, .ofs_y = 0},
    {.bitmap_index = 10765, .adv_w = 118, .box_w = 7, .box_h = 7, .ofs_x = 0, .ofs_y = 0},
    {.bitmap_index = 10790, .adv_w = 158, .box_w = 10, .box_h = 13, .ofs_x = 0, .ofs_y = 0},
    {.bitmap_index = 10845, .adv_w = 118, .box_w = 7, .box_h = 9, .ofs_x = 0, .ofs_y = 0},
    {.bitmap_index = 10877, .adv_w = 198, .box_w = 13, .box_h = 12, .ofs_x = 0, .ofs_y = 0},
    {.bitmap_index = 10940, .adv_w = 163, .box_w = 11, .box_h = 9, .ofs_x = 0, .ofs_y = 0},
    {.bitmap_index = 10985, .adv_w = 122, .box_w = 7, .box_h = 13, .ofs_x = 0, .ofs_y = 0},
    {.bitmap_index = 11029, .adv_w = 104, .box_w = 6, .box_h = 9, .ofs_x = 0, .ofs_y = 0},
    {.bitmap_index = 11057, .adv_w = 120, .box_w = 7, .box_h = 9, .ofs_x = 0, .ofs_y = 0},
    {.bitmap_index = 11087, .adv_w = 101, .box_w = 7, .box_h = 10, .ofs_x = -1, .ofs_y = -3},
    {.bitmap_index = 11118, .adv_w = 158, .box_w = 8, .box_h = 11, .ofs_x = 1, .ofs_y = 0},
    {.bitmap_index = 11153, .adv_w = 133, .box_w = 7, .box_h = 9, .ofs_x = 1, .ofs_y = 0},
    {.bitmap_index = 11180, .adv_w = 158, .box_w = 8, .box_h = 12, .ofs_x = 1, .ofs_y = 0},
    {.bitmap_index = 11218, .adv_w = 133, .box_w = 7, .box_h = 9, .ofs_x = 1, .ofs_y = 0},
    {.bitmap_index = 11246, .adv_w = 163, .box_w = 10, .box_h = 13, .ofs_x = 0, .ofs_y = 0},
    {.bitmap_index = 11301, .adv_w = 123, .box_w = 8, .box_h = 9, .ofs_x = 0, .ofs_y = 0},
    {.bitmap_index = 11336, .adv_w = 163, .box_w = 10, .box_h = 9, .ofs_x = 0, .ofs_y = 0},
    {.bitmap_index = 11378, .adv_w = 123, .box_w = 8, .box_h = 7, .ofs_x = 0, .ofs_y = 0},
    {.bitmap_index = 11406, .adv_w = 163, .box_w = 10, .box_h = 13, .ofs_x = 0, .ofs_y = 0},
    {.bitmap_index = 11461, .adv_w = 123, .box_w = 8, .box_h = 9, .ofs_x = 0, .ofs_y = 0},
    {.bitmap_index = 11496, .adv_w = 136, .box_w = 8, .box_h = 13, .ofs_x = 0, .ofs_y = 0},
    {.bitmap_index = 11542, .adv_w = 110, .box_w = 7, .box_h = 9, .ofs_x = 0, .ofs_y = 0},
    {.bitmap_index = 11574, .adv_w = 133, .box_w = 9, .box_h = 12, .ofs_x = 0, .ofs_y = -1},
    {.bitmap_index = 11620, .adv_w = 110, .box_w = 8, .box_h = 12, .ofs_x = -1, .ofs_y = -3},
    {.bitmap_index = 11665, .adv_w = 133, .box_w = 9, .box_h = 13, .ofs_x = 0, .ofs_y = -1},
    {.bitmap_index = 11714, .adv_w = 110, .box_w = 8, .box_h = 12, .ofs_x = -1, .ofs_y = -3},
    {.bitmap_index = 11759, .adv_w = 133, .box_w = 9, .box_h = 13, .ofs_x = 0, .ofs_y = -1},
    {.bitmap_index = 11810, .adv_w = 110, .box_w = 8, .box_h = 12, .ofs_x = -1, .ofs_y = -3},
    {.bitmap_index = 11854, .adv_w = 138, .box_w = 8, .box_h = 12, .ofs_x = 0, .ofs_y = 0},
    {.bitmap_index = 11889, .adv_w = 117, .box_w = 7, .box_h = 9, .ofs_x = 0, .ofs_y = 0},
    {.bitmap_index = 11915, .adv_w = 111, .box_w = 6, .box_h = 11, .ofs_x = 1, .ofs_y = -2},
    {.bitmap_index = 11935, .adv_w = 94, .box_w = 5, .box_h = 9, .ofs_x = 1, .ofs_y = -2},
    {.bitmap_index = 11953, .adv_w = 191, .box_w = 10, .box_h = 12, .ofs_x = 1, .ofs_y = 0},
    {.bitmap_index = 11994, .adv_w = 155, .box_w = 8, .box_h = 9, .ofs_x = 1, .ofs_y = 0},
    {.bitmap_index = 12025, .adv_w = 119, .box_w = 8, .box_h = 12, .ofs_x = 0, .ofs_y = -3},
    {.bitmap_index = 12060, .adv_w = 94, .box_w = 6, .box_h = 10, .ofs_x = 0, .ofs_y = -3},
    {.bitmap_index = 12089, .adv_w = 129, .box_w = 8, .box_h = 12, .ofs_x = 0, .ofs_y = -3},
    {.bitmap_index = 12135, .adv_w = 104, .box_w = 7, .box_h = 10, .ofs_x = 0, .ofs_y = -3},
    {.bitmap_index = 12170, .adv_w = 131, .box_w = 8, .box_h = 9, .ofs_x = 0, .ofs_y = 0},
    {.bitmap_index = 12207, .adv_w = 109, .box_w = 7, .box_h = 7, .ofs_x = 0, .ofs_y = 0},
    {.bitmap_index = 12233, .adv_w = 146, .box_w = 8, .box_h = 9, .ofs_x = 1, .ofs_y = 0},
    {.bitmap_index = 12268, .adv_w = 96, .box_w = 6, .box_h = 1, .ofs_x = 0, .ofs_y = 3},
    {.bitmap_index = 12270, .adv_w = 192, .box_w = 12, .box_h = 1, .ofs_x = 0, .ofs_y = 3},
    {.bitmap_index = 12274, .adv_w = 44, .box_w = 3, .box_h = 4, .ofs_x = 0, .ofs_y = 6},
    {.bitmap_index = 12281, .adv_w = 44, .box_w = 3, .box_h = 4, .ofs_x = 0, .ofs_y = 6},
    {.bitmap_index = 12287, .adv_w = 80, .box_w = 5, .box_h = 4, .ofs_x = 0, .ofs_y = 6},
    {.bitmap_index = 12298, .adv_w = 80, .box_w = 5, .box_h = 4, .ofs_x = 0, .ofs_y = 6},
    {.bitmap_index = 12309, .adv_w = 80, .box_w = 5, .box_h = 4, .ofs_x = 0, .ofs_y = -2},
    {.bitmap_index = 12320, .adv_w = 60, .box_w = 3, .box_h = 3, .ofs_x = 0, .ofs_y = 2},
    {.bitmap_index = 12325, .adv_w = 133, .box_w = 8, .box_h = 2, .ofs_x = 0, .ofs_y = 0}
};

/*---------------------
 *  CHARACTER MAPPING
 *--------------------*/

static const uint16_t unicode_list_1[] = {
    0x0, 0xb, 0x10, 0x1b, 0x20, 0x21, 0x22, 0x24,
    0x26, 0x27, 0x28, 0x29, 0x2a, 0x2b, 0x2d, 0x2e,
    0x2f, 0x33, 0x34, 0x36, 0x39, 0x3a, 0x3b, 0x3c,
    0x3d, 0x3f, 0x40, 0x41, 0x42, 0x44, 0x46, 0x47,
    0x48, 0x49, 0x4a, 0x4b, 0x4d, 0x4e, 0x4f, 0x53,
    0x54, 0x56, 0x59, 0x5a, 0x5b, 0x5c, 0x5d, 0x5f,
    0x64, 0x65, 0x66, 0x67, 0x6c, 0x6d, 0x6e, 0x6f,
    0x78, 0x79, 0x99, 0x9a, 0x9d, 0x9e, 0xa1, 0xa2,
    0xa3, 0xa4, 0xa7, 0xa8, 0xb2, 0xb3, 0xb4, 0xb5,
    0xba, 0xbb, 0xc0, 0xc1, 0xc4, 0xc5, 0xd8, 0xd9,
    0xda, 0xdb, 0xdc, 0xdd, 0xde
};

static const uint16_t unicode_list_3[] = {
    0x0, 0x1, 0x8, 0x9, 0x10, 0x11, 0x12, 0x13
};

static const uint16_t unicode_list_5[] = {
    0x0, 0x175, 0x176, 0x17a, 0x17b, 0x17e, 0x17f, 0x180,
    0x184, 0x188
};

/*Collect the unicode lists and glyph_id offsets*/
static const lv_font_fmt_txt_cmap_t cmaps[] =
{
    {
        .range_start = 32, .range_length = 95, .glyph_id_start = 1,
        .unicode_list = NULL, .glyph_id_ofs_list = NULL, .list_length = 0, .type = LV_FONT_FMT_TXT_CMAP_FORMAT0_TINY
    },
    {
        .range_start = 160, .range_length = 223, .glyph_id_start = 96,
        .unicode_list = unicode_list_1, .glyph_id_ofs_list = NULL, .list_length = 85, .type = LV_FONT_FMT_TXT_CMAP_SPARSE_TINY
    },
    {
        .range_start = 1024, .range_length = 96, .glyph_id_start = 181,
        .unicode_list = NULL, .glyph_id_ofs_list = NULL, .list_length = 0, .type = LV_FONT_FMT_TXT_CMAP_FORMAT0_TINY
    },
    {
        .range_start = 1122, .range_length = 20, .glyph_id_start = 277,
        .unicode_list = unicode_list_3, .glyph_id_ofs_list = NULL, .list_length = 8, .type = LV_FONT_FMT_TXT_CMAP_SPARSE_TINY
    },
    {
        .range_start = 1162, .range_length = 118, .glyph_id_start = 285,
        .unicode_list = NULL, .glyph_id_ofs_list = NULL, .list_length = 0, .type = LV_FONT_FMT_TXT_CMAP_FORMAT0_TINY
    },
    {
        .range_start = 7838, .range_length = 393, .glyph_id_start = 403,
        .unicode_list = unicode_list_5, .glyph_id_ofs_list = NULL, .list_length = 10, .type = LV_FONT_FMT_TXT_CMAP_SPARSE_TINY
    }
};

/*-----------------
 *    KERNING
 *----------------*/


/*Map glyph_ids to kern left classes*/
static const uint8_t kern_left_class_mapping[] =
{
    0, 0, 1, 2, 0, 3, 4, 5,
    2, 6, 0, 7, 8, 9, 8, 9,
    10, 11, 0, 12, 13, 14, 15, 16,
    17, 18, 11, 19, 19, 0, 0, 0,
    20, 21, 0, 0, 0, 0, 0, 0,
    0, 0, 0, 0, 0, 0, 0, 0,
    0, 0, 0, 0, 0, 0, 0, 0,
    0, 0, 0, 0, 22, 23, 0, 0,
    24, 0, 0, 0, 0, 0, 0, 0,
    0, 0, 0, 0, 0, 0, 0, 0,
    0, 0, 0, 0, 0, 0, 0, 0,
    0, 0, 0, 0, 22, 0, 0, 8,
    0, 25, 26, 8, 0, 0, 0, 0,
    0, 0, 0, 0, 0, 0, 0, 0,
    0, 0, 0, 0, 0, 0, 0, 0,
    0, 0, 0, 0, 0, 0, 0, 0,
    0, 0, 0, 0, 0, 0, 0, 0,
    0, 0, 0, 0, 0, 0, 0, 0,
    0, 0, 0, 0, 0, 0, 0, 0,
    0, 0, 0, 0, 0, 0, 0, 0,
    0, 0, 0, 0, 0, 0, 0, 0,
    0, 0, 0, 0, 0, 0, 0, 0,
    0, 0, 0, 0, 0, 0, 0, 0,
    0, 0, 0, 0, 0, 0, 0, 0,
    0, 0, 0, 0, 0, 0, 0, 0,
    0, 0, 0, 0, 0, 0, 0, 0,
    0, 0, 0, 0, 0, 0, 0, 0,
    0, 0, 0, 0, 0, 0, 0, 0,
    0, 0, 0, 0, 0, 0, 0, 0,
    0, 0, 0, 0, 0, 0, 0, 0,
    0, 0, 0, 0, 0, 0, 0, 0,
    0, 0, 0, 0, 0, 0, 0, 0,
    0, 0, 0, 0, 0, 0, 0, 0,
    0, 0, 0, 0, 0, 0, 0, 0,
    0, 0, 0, 0, 0, 0, 0, 0,
    0, 0, 0, 0, 0, 0, 0, 0,
    0, 0, 0, 0, 0, 0, 0, 0,
    0, 0, 0, 0, 0, 0, 0, 0,
    0, 0, 0, 0, 0, 0, 0, 0,
    0, 0, 0, 0, 0, 0, 0, 0,
    0, 0, 0, 0, 0, 0, 0, 0,
    0, 0, 0, 0, 0, 0, 0, 0,
    0, 0, 0, 0, 0, 0, 0, 0,
    0, 0, 0, 0, 0, 0, 0, 0,
    0, 0, 0, 0, 0, 0, 0, 0,
    0, 0, 0, 0, 0, 0, 0, 0,
    0, 0, 0, 0, 0, 0, 0, 0,
    0, 0, 0, 0, 0, 0, 0, 0,
    0, 0, 0, 0, 0, 0, 0, 0,
    0, 0, 0, 0, 0, 0, 0, 0,
    0, 0, 0, 0, 8, 0, 27, 28,
    27, 28, 9, 8, 9
};

/*Map glyph_ids to kern right classes*/
static const uint8_t kern_right_class_mapping[] =
{
    0, 0, 1, 2, 0, 3, 4, 5,
    2, 0, 6, 7, 8, 9, 8, 9,
    10, 11, 12, 13, 14, 15, 16, 11,
    17, 18, 19, 20, 20, 0, 0, 0,
    21, 22, 0, 0, 0, 0, 0, 0,
    0, 0, 0, 0, 0, 0, 0, 0,
    0, 0, 0, 0, 0, 0, 0, 0,
    0, 0, 0, 0, 23, 24, 25, 0,
    26, 0, 0, 0, 0, 0, 0, 0,
    0, 0, 0, 0, 0, 0, 0, 0,
    0, 0, 0, 0, 0, 0, 0, 0,
    0, 0, 0, 0, 0, 0, 25, 8,
    0, 8, 27, 28, 0, 0, 0, 0,
    0, 0, 0, 0, 0, 0, 0, 0,
    0, 0, 0, 0, 0, 0, 0, 0,
    0, 0, 0, 0, 0, 0, 0, 0,
    0, 0, 0, 0, 0, 0, 0, 0,
    0, 0, 0, 0, 0, 0, 0, 0,
    0, 0, 0, 0, 0, 0, 0, 0,
    0, 0, 0, 0, 0, 0, 0, 0,
    0, 0, 0, 0, 0, 0, 0, 0,
    0, 0, 0, 0, 0, 0, 0, 0,
    0, 0, 0, 0, 0, 0, 0, 0,
    0, 0, 0, 0, 0, 0, 0, 0,
    0, 0, 0, 0, 0, 0, 0, 0,
    0, 0, 0, 0, 0, 0, 0, 0,
    0, 0, 0, 0, 0, 0, 0, 0,
    0, 0, 0, 0, 0, 0, 0, 0,
    0, 0, 0, 0, 0, 0, 0, 0,
    0, 0, 0, 0, 0, 0, 0, 0,
    0, 0, 0, 0, 0, 0, 0, 0,
    0, 0, 0, 0, 0, 0, 0, 0,
    0, 0, 0, 0, 0, 0, 0, 0,
    0, 0, 0, 0, 0, 0, 0, 0,
    0, 0, 0, 0, 0, 0, 0, 0,
    0, 0, 0, 0, 0, 0, 0, 0,
    0, 0, 0, 0, 0, 0, 0, 0,
    0, 0, 0, 0, 0, 0, 0, 0,
    0, 0, 0, 0, 0, 0, 0, 0,
    0, 0, 0, 0, 0, 0, 0, 0,
    0, 0, 0, 0, 0, 0, 0, 0,
    0, 0, 0, 0, 0, 0, 0, 0,
    0, 0, 0, 0, 0, 0, 0, 0,
    0, 0, 0, 0, 0, 0, 0, 0,
    0, 0, 0, 0, 0, 0, 0, 0,
    0, 0, 0, 0, 0, 0, 0, 0,
    0, 0, 0, 0, 0, 0, 0, 0,
    0, 0, 0, 0, 0, 0, 0, 0,
    0, 0, 0, 0, 0, 0, 0, 0,
    0, 0, 0, 0, 0, 0, 0, 0,
    0, 0, 0, 0, 8, 0, 29, 30,
    29, 30, 9, 8, 9
};

/*Kern values between classes*/
static const int8_t kern_class_values[] =
{
    0, 0, 0, 0, 0, 0, 1, 0,
    0, 0, 0, 2, 0, 0, 0, 0,
    1, 0, 0, 0, 0, 0, 0, 0,
    0, 0, 0, 0, 0, 0, 0, 9,
    0, 5, -4, 0, 4, 0, -11, -12,
    1, 9, 4, 3, -8, 1, 9, 0,
    8, 2, 6, -3, 0, 12, 2, -1,
    4, 0, 0, 0, 0, -6, 0, 0,
    0, 0, -4, 3, 4, 0, 0, -2,
    0, -1, 2, 0, -2, 0, -2, -1,
    -4, 0, 0, -2, 0, -4, -3, 0,
    -5, -2, 0, -5, 0, -23, 0, -4,
    -10, 4, 6, 0, 0, -4, 2, 2,
    6, 4, -3, 4, 0, 0, -11, 0,
    0, -7, 0, 0, -5, 0, -4, -4,
    -2, -9, 0, -8, -1, 0, -6, 0,
    0, 7, 0, -6, -2, 0, 0, 0,
    -3, 0, 0, -1, -14, 0, 0, -15,
    -2, 7, -8, 0, -6, -5, 0, 0,
    0, 0, 0, 0, 0, 0, 0, 6,
    0, 2, 0, 0, -4, 0, 0, 0,
    0, 0, 0, 0, 0, 7, 2, 0,
    0, 0, 0, 0, 1, 4, 2, 6,
    -2, 0, 4, -2, -6, -26, 1, 5,
    4, 0, -2, 0, 7, 0, 6, 0,
    6, 0, 0, 0, 0, -2, 6, 2,
    6, 6, 0, 0, -3, -7, 0, 0,
    -2, 0, -1, 0, 1, -3, -2, -4,
    1, 0, -2, 0, 0, 0, -8, 1,
    0, -12, 0, 0, 0, -2, 0, 0,
    0, -11, 2, -12, 0, 0, -6, -1,
    0, 19, -2, -2, 2, 2, -2, 0,
    -2, 2, 0, 0, -10, -4, 0, -19,
    0, 2, -12, 0, -3, -3, 0, 12,
    -4, 0, -7, 6, 0, -13, -19, -13,
    -4, 6, 0, 0, -13, 0, 2, -4,
    0, -3, 0, -4, 0, 5, 6, -23,
    9, -9, 9, 10, 0, 1, 0, 0,
    0, 0, 1, 1, -2, -4, 0, 0,
    0, -2, 0, 0, -1, 0, 0, 0,
    -4, 0, 0, -4, 0, -4, 0, 0,
    0, 0, 0, 0, 0, 2, -1, 0,
    0, -1, 2, 2, 0, 0, 0, 0,
    -4, 0, 0, 0, 0, 0, 0, 0,
    0, -1, 0, 6, 0, 0, 0, 0,
    0, -2, 0, -2, 0, 0, 0, 0,
    0, 0, 0, 0, -1, -1, 0, -2,
    -2, 0, 0, 0, 0, 0, 0, 0,
    0, 0, -3, 0, 0, 0, 0, -6,
    -1, -6, 4, 0, -4, 2, 4, 5,
    0, -5, 0, -2, 0, 0, -9, 2,
    -1, 1, -10, 2, 0, -10, 0, 4,
    -6, 0, -4, -2, 0, 0, 0, -2,
    0, 0, -2, 0, 0, 0, 0, 0,
    -1, -1, 0, -1, -2, 0, 0, 0,
    0, 0, 0, -2, 0, 0, -2, 0,
    0, 0, 0, -1, 0, -4, 2, 0,
    -2, 1, 2, 2, 0, 0, 0, 0,
    0, 0, -1, 0, 0, 0, 0, 0,
    0, 0, 0, 0, -4, 0, -2, 0,
    0, 6, -1, 0, -6, 0, 5, -10,
    -10, -8, -4, 2, 0, -2, -12, -3,
    0, -3, 0, -4, 3, -3, 0, 2,
    0, -6, 1, -3, 2, 4, 0, 0,
    0, -2, 0, 0, 1, 0, 2, 0,
    0, 0, 0, 0, 0, 0, 0, 0,
    0, 0, -2, 0, 0, -6, 0, 0,
    0, 0, -1, 0, 0, 2, 0, 0,
    0, 0, 0, 0, 0, 9, 0, 0,
    0, 0, 0, 0, 1, 0, 0, 0,
    -2, 0, 0, -3, 0, 2, 0, 0,
    0, 0, -1, 0, 0, 0, -4, 0,
    2, 0, -10, -6, 0, 0, 0, -3,
    -10, 0, 0, -2, 2, 0, -9, 0,
    -3, 0, 0, -4, 2, 2, 4, 4,
    0, -3, 0, 0, 0, 2, 0, 1,
    -4, -4, 0, -2, -2, -2, 0, 0,
    0, 0, 0, 0, -6, 0, 0, -4,
    2, -6, 2, 0, -2, -3, 0, 2,
    0, 0, 0, 2, 0, -2, 0, 7,
    0, 3, 0, 0, -2, 0, 4, 0,
    0, 0, 2, 0, 0, 6, 0, 5,
    0, 0, 0, 0, 0, -12, 0, -2,
    3, 6, -26, 0, 19, 2, -4, -4,
    2, 2, -1, 0, -10, 0, 0, 9,
    -12, -4, 0, -13, 7, 27, -12, 2,
    -10, -10, 0, -1, 4, -5, 0, 0,
    -2, 0, 2, 25, -4, -2, 6, 5,
    -5, 2, 0, 0, 2, 2, -2, -6,
    0, -25, 5, 0, 0, 2, 0, 0,
    0, 0, 0, 0, 0, 0, 2, -2,
    0, 2, 0, 0, 0, 0, 1, 1,
    0, 0, 0, 0, -2, 0, 0, -11,
    0, 2, 0, 0, 0, 0, 0, 4,
    4, 4, 0, 0, 6, 0, -12, -11,
    0, 8, 6, 3, -8, 1, 8, 0,
    7, 0, 4, 2, 0, 10, 0, 0,
    0, 0, 0, 0, 0, 0, 2, 8,
    -2, 0, 6, 0, -3, -10, 0, 7,
    2, 4, -7, 0, 8, -1, 6, 0,
    7, 0, 0, 10, 0, 0, 0, 0,
    5, 5, 0, 0, 2, 8, -2, 0,
    6, 0, -3, -10, 0, 9, 4, 3,
    -11, 0, 5, 0, 2, 0, 7, 0,
    0, 10, 0, 0, 0, 0, 5, 5
};


/*Collect the kern class' data in one place*/
static const lv_font_fmt_txt_kern_classes_t kern_classes =
{
    .class_pair_values   = kern_class_values,
    .left_class_mapping  = kern_left_class_mapping,
    .right_class_mapping = kern_right_class_mapping,
    .left_class_cnt      = 28,
    .right_class_cnt     = 30,
};

/*--------------------
 *  ALL CUSTOM DATA
 *--------------------*/

#if LVGL_VERSION_MAJOR == 8
/*Store all the custom data of the font*/
static  lv_font_fmt_txt_glyph_cache_t cache;
#endif

#if LVGL_VERSION_MAJOR >= 8
static const lv_font_fmt_txt_dsc_t font_dsc = {
#else
static lv_font_fmt_txt_dsc_t font_dsc = {
#endif
    .glyph_bitmap = glyph_bitmap,
    .glyph_dsc = glyph_dsc,
    .cmaps = cmaps,
    .kern_dsc = &kern_classes,
    .kern_scale = 16,
    .cmap_num = 6,
    .bpp = 4,
    .kern_classes = 1,
    .bitmap_format = 1,
#if LVGL_VERSION_MAJOR == 8
    .cache = &cache
#endif
};



/*-----------------
 *  PUBLIC FONT
 *----------------*/

/*Initialize a public general font descriptor*/
#if LVGL_VERSION_MAJOR >= 8
const lv_font_t lv_font_yora_montserrat_12_cyr = {
#else
lv_font_t lv_font_yora_montserrat_12_cyr = {
#endif
    .get_glyph_dsc = lv_font_get_glyph_dsc_fmt_txt,    /*Function pointer to get glyph's data*/
    .get_glyph_bitmap = lv_font_get_bitmap_fmt_txt,    /*Function pointer to get glyph's bitmap*/
    .line_height = 16,          /*The maximum line height required by the font*/
    .base_line = 3,             /*Baseline measured from the bottom of the line*/
#if !(LVGL_VERSION_MAJOR == 6 && LVGL_VERSION_MINOR == 0)
    .subpx = LV_FONT_SUBPX_NONE,
#endif
#if LV_VERSION_CHECK(7, 4, 0) || LVGL_VERSION_MAJOR >= 8
    .underline_position = -1,
    .underline_thickness = 1,
#endif
    .dsc = &font_dsc,          /*The custom font data. Will be accessed by `get_glyph_bitmap/dsc` */
#if LV_VERSION_CHECK(8, 2, 0) || LVGL_VERSION_MAJOR >= 9
    .fallback = NULL,
#endif
    .user_data = NULL,
};



#endif /*#if LV_FONT_YORA_MONTSERRAT_12_CYR*/

