/*******************************************************************************
 * Size: 18 px
 * Bpp: 4
 * Opts: --font g:\Github\Yoradio_RGB_Panel-1\fonts\Montserrat\static\Montserrat-Medium.ttf -r 0x20-0x7F,0x400-0x4FF,0xB0,0x2026,0x2022 --size 18 --bpp 4 --format lvgl --lv-include lvgl.h --lv-font-name lv_font_yora_montserrat_18_cyr -o g:\Github\Yoradio_RGB_Panel-1\src\src\lvgl_ui\fonts\lv_font_yora_montserrat_18_cyr.c
 ******************************************************************************/

#ifdef LV_LVGL_H_INCLUDE_SIMPLE
#include "lvgl.h"
#else
#include "lvgl.h"
#endif

#ifndef LV_FONT_YORA_MONTSERRAT_18_CYR
#define LV_FONT_YORA_MONTSERRAT_18_CYR 1
#endif

#if LV_FONT_YORA_MONTSERRAT_18_CYR

/*-----------------
 *    BITMAPS
 *----------------*/

/*Store the image of the glyphs*/
static LV_ATTRIBUTE_LARGE_CONST const uint8_t glyph_bitmap[] = {
    /* U+0020 " " */

    /* U+0021 "!" */
    0x9f, 0x61, 0x0, 0xc7, 0xe0, 0x22, 0x0, 0xce,
    0x60, 0x18, 0x44, 0x6, 0x9e, 0x22, 0x50, 0xaa,
    0x46, 0x6, 0x80,

    /* U+0022 "\"" */
    0xda, 0x9, 0xe0, 0x30, 0x1, 0x80, 0x42, 0x2,
    0x20, 0xf, 0x87, 0x20, 0x23, 0x0,

    /* U+0023 "#" */
    0x0, 0xdc, 0xa0, 0x4, 0xf0, 0xf, 0x85, 0x80,
    0x4, 0x20, 0x1e, 0x20, 0x10, 0x7, 0x10, 0x6,
    0xff, 0x68, 0x6f, 0xf9, 0xcf, 0xfc, 0x41, 0x54,
    0x51, 0xaa, 0x89, 0x2a, 0x86, 0xa, 0xa2, 0x22,
    0xac, 0x1a, 0xaa, 0x10, 0x8, 0x98, 0x2, 0x22,
    0x0, 0x61, 0x13, 0x18, 0x88, 0xc0, 0x2, 0x0,
    0x8e, 0xe1, 0xb7, 0x73, 0x2, 0xfa, 0x42, 0xae,
    0xc1, 0x17, 0x67, 0xb, 0xb8, 0x9, 0x18, 0x15,
    0x11, 0xe4, 0x88, 0x20, 0x8, 0x40, 0x80, 0x1c,
    0xc0, 0x1e, 0x61, 0x0, 0x88, 0x80, 0x18,

    /* U+0024 "$" */
    0x0, 0xe7, 0x20, 0xf, 0xe9, 0x60, 0xf, 0xfe,
    0x29, 0x57, 0xd, 0xec, 0x10, 0x0, 0xf5, 0x54,
    0x8, 0x2f, 0xc0, 0xf, 0xb, 0xb0, 0xfe, 0x6f,
    0x80, 0xc, 0x90, 0x3, 0x11, 0x80, 0x8, 0x86,
    0x1, 0xfa, 0x3, 0x28, 0x44, 0x1, 0xcb, 0x88,
    0xa1, 0x5a, 0xe0, 0x18, 0xef, 0xc5, 0xe, 0x30,
    0x3, 0xef, 0xe4, 0x35, 0x0, 0xfd, 0xc0, 0x61,
    0x6a, 0x1, 0xdc, 0xa, 0x2b, 0x5d, 0x63, 0x1c,
    0x8a, 0x63, 0xd2, 0xaa, 0x3, 0x29, 0xa0, 0x9,
    0xaf, 0x86, 0xf1, 0x80, 0x3f, 0xf8, 0x20,

    /* U+0025 "%" */
    0x2, 0xcf, 0xd4, 0x0, 0xc5, 0xe8, 0x1, 0x7d,
    0xfc, 0xd8, 0x80, 0x5c, 0xc8, 0x0, 0x32, 0x70,
    0x43, 0x70, 0x3, 0x94, 0x80, 0x4c, 0x40, 0x13,
    0x70, 0x14, 0x50, 0x6, 0x62, 0x0, 0x9b, 0x83,
    0x99, 0x0, 0x31, 0x8b, 0x82, 0x1a, 0x39, 0x48,
    0x7, 0xb6, 0x7e, 0xe8, 0x22, 0x8a, 0xfb, 0xc,
    0x0, 0x7d, 0xcf, 0x5e, 0x54, 0xf2, 0xcb, 0xd1,
    0x0, 0x84, 0x18, 0xac, 0xca, 0x49, 0xcd, 0xc0,
    0x31, 0x4d, 0xb, 0x10, 0x4, 0xfc, 0x1, 0xa5,
    0x50, 0x18, 0xc0, 0x26, 0xe0, 0x9, 0x96, 0xc0,
    0x6, 0x67, 0x4, 0x37, 0x0, 0x14, 0xd8, 0x80,
    0x5f, 0x7f, 0x36, 0x20,

    /* U+0026 "&" */
    0x0, 0x97, 0x7f, 0xa4, 0x3, 0xe4, 0xa6, 0xa9,
    0x6a, 0x0, 0xf6, 0x85, 0xab, 0xb3, 0x80, 0x7e,
    0x10, 0x2, 0x30, 0x7, 0xa8, 0x2c, 0xb0, 0xa0,
    0x3, 0xc6, 0xeb, 0xa1, 0xa6, 0x1, 0xe5, 0x60,
    0x2, 0x10, 0x0, 0x40, 0x25, 0xa7, 0xf6, 0x78,
    0x1, 0xe5, 0x0, 0x59, 0xc8, 0x4a, 0xbb, 0xc0,
    0xe0, 0x42, 0x80, 0x15, 0x2c, 0x4a, 0x10, 0x18,
    0x28, 0x6, 0xb0, 0x1, 0x80, 0x5, 0xcb, 0xa6,
    0x2b, 0x80, 0xdd, 0x80, 0x11, 0x44, 0xce, 0xe6,
    0xec, 0x4a, 0x0, 0x97, 0x3f, 0xdb, 0x22, 0x17,
    0xa0,

    /* U+0027 "'" */
    0xda, 0x3, 0x0, 0x8, 0x80, 0x19, 0x0,

    /* U+0028 "(" */
    0x0, 0x37, 0x98, 0x2, 0xc, 0xc0, 0x83, 0x40,
    0xd, 0x7, 0x0, 0x21, 0x8, 0x0, 0x9c, 0x0,
    0x40, 0x40, 0x1, 0xf, 0x0, 0x38, 0x8, 0x7,
    0xce, 0x2, 0x0, 0x10, 0xf0, 0x1, 0x1, 0x0,
    0x44, 0xe0, 0x12, 0x10, 0x80, 0x34, 0x1c, 0x0,
    0x85, 0x40, 0x15, 0x99, 0x80,

    /* U+0029 ")" */
    0x2f, 0x70, 0x1, 0x24, 0x0, 0x5c, 0xc, 0x0,
    0x50, 0xc0, 0x8, 0xd0, 0x2, 0x51, 0x10, 0x3,
    0x80, 0x80, 0x4, 0xc, 0x1, 0xff, 0xc5, 0x20,
    0x60, 0x7, 0x1, 0x0, 0x14, 0x44, 0x0, 0x34,
    0x0, 0x28, 0x78, 0x3, 0x85, 0x40, 0x92, 0x40,
    0x0,

    /* U+002A "*" */
    0x0, 0xbc, 0x80, 0x6, 0xc0, 0x20, 0xac, 0xf7,
    0x83, 0xd4, 0x9, 0x82, 0x7, 0xac, 0x9e, 0x20,
    0x9a, 0xcf, 0x18, 0x33, 0x66, 0x66, 0x0, 0x91,
    0x40,

    /* U+002B "+" */
    0x0, 0x96, 0x80, 0x3e, 0xd5, 0x0, 0xff, 0xe0,
    0x91, 0x42, 0x4, 0x50, 0x76, 0xe9, 0x83, 0x76,
    0x48, 0xaa, 0x28, 0x55, 0x4a, 0x8a, 0xa2, 0x5,
    0x58, 0x40, 0x3f, 0xf8, 0x1c, 0x40, 0x18,

    /* U+002C "," */
    0x5, 0x60, 0x1a, 0x93, 0x12, 0x2, 0x5, 0x31,
    0x4, 0xa0, 0x5, 0xb8, 0x0,

    /* U+002D "-" */
    0x88, 0xce, 0xfd, 0x20,

    /* U+002E "." */
    0x6, 0x60, 0x14, 0xc8, 0x8b, 0x18,

    /* U+002F "/" */
    0x0, 0xf2, 0xb8, 0x7, 0xaf, 0x40, 0x38, 0xc7,
    0xc0, 0x3a, 0x81, 0x40, 0x39, 0xd4, 0x3, 0x90,
    0x78, 0x3, 0xb4, 0x10, 0x3, 0x9d, 0x40, 0x39,
    0x7, 0x80, 0x3b, 0x45, 0x0, 0x39, 0xdc, 0x1,
    0xc8, 0x3a, 0x1, 0xdc, 0x28, 0x1, 0xca, 0xe0,
    0x1c, 0xa1, 0xa0, 0x1d, 0xe2, 0x80, 0x1c, 0xae,
    0x1, 0xca, 0x14, 0x1, 0xc0,

    /* U+0030 "0" */
    0x0, 0x93, 0x3f, 0xd8, 0x80, 0x1c, 0xf6, 0x68,
    0x83, 0xb7, 0x0, 0x8e, 0xb, 0xae, 0xdc, 0x50,
    0x60, 0x9, 0xe, 0x10, 0x0, 0xf0, 0x48, 0x1,
    0x44, 0xc0, 0x31, 0x8a, 0x80, 0x82, 0x80, 0x79,
    0x40, 0x4c, 0x4, 0x3, 0xc2, 0x6, 0x60, 0x10,
    0xf, 0x8, 0x18, 0x82, 0x80, 0x79, 0x40, 0x41,
    0x45, 0x0, 0x31, 0x8a, 0x80, 0x24, 0x24, 0x40,
    0x3, 0xc1, 0x20, 0x3, 0x82, 0xeb, 0xb7, 0x14,
    0x18, 0x4, 0xf6, 0x68, 0x83, 0xb7, 0x0, 0x0,

    /* U+0031 "1" */
    0xdf, 0xfb, 0x15, 0x60, 0x4, 0x55, 0x0, 0x3f,
    0xfd, 0x0,

    /* U+0032 "2" */
    0x2, 0x9d, 0xff, 0x62, 0x80, 0x17, 0x58, 0x55,
    0xe, 0xa0, 0x18, 0xf3, 0x15, 0x7a, 0xe, 0x7,
    0x86, 0x1, 0x12, 0x81, 0x0, 0x7c, 0x20, 0x60,
    0x1e, 0x34, 0x40, 0x80, 0x71, 0x68, 0x48, 0x7,
    0x16, 0xd, 0x90, 0x6, 0x2c, 0x1b, 0x40, 0xc,
    0x58, 0x38, 0x80, 0x18, 0xb0, 0x70, 0xc0, 0x31,
    0x60, 0x9c, 0xd5, 0x67, 0x70, 0x81, 0xaa, 0xf6,
    0x0,

    /* U+0033 "3" */
    0x5f, 0xff, 0xc0, 0xca, 0xbc, 0x40, 0x60, 0x75,
    0x5a, 0xc, 0xb4, 0x3, 0x87, 0x3, 0xc4, 0x3,
    0xb4, 0x74, 0x80, 0x39, 0x8c, 0x39, 0xc0, 0x39,
    0x5d, 0x8e, 0x2c, 0x3, 0x1c, 0x4f, 0x1a, 0x18,
    0x7, 0xd2, 0x8, 0x1, 0xf1, 0x80, 0xb5, 0x8,
    0x4, 0x36, 0x9, 0x8b, 0xd9, 0x79, 0xc4, 0xe5,
    0x56, 0xa4, 0x86, 0x6a, 0x80,

    /* U+0034 "4" */
    0x0, 0xf2, 0x7d, 0x80, 0x7e, 0x1a, 0x2a, 0x0,
    0xfd, 0xa3, 0xc2, 0x1, 0xf4, 0x9c, 0x98, 0x7,
    0xca, 0xcd, 0x0, 0x7c, 0x54, 0x72, 0x7, 0x8a,
    0x1, 0xf, 0x87, 0x0, 0x1c, 0xc8, 0x2, 0xa2,
    0xb2, 0x0, 0xf9, 0x10, 0x17, 0xff, 0x58, 0x47,
    0xeb, 0xb3, 0x79, 0x0, 0xd9, 0x4e, 0x67, 0xdc,
    0x17, 0x30, 0x1, 0xff, 0xcc,

    /* U+0035 "5" */
    0x2, 0xff, 0xf8, 0x0, 0xc0, 0x6a, 0xbc, 0x0,
    0x10, 0x8a, 0xae, 0x0, 0x10, 0x38, 0x7, 0xdc,
    0x4, 0x1, 0xf1, 0x87, 0x7f, 0xb1, 0xc0, 0x2d,
    0x55, 0x90, 0xe3, 0x40, 0xf, 0x55, 0x5f, 0xa9,
    0x38, 0x7, 0xd0, 0x1a, 0x1, 0xfe, 0x3b, 0x20,
    0xd, 0x21, 0x8a, 0x9b, 0xab, 0xb7, 0x21, 0xb3,
    0x31, 0x81, 0x10, 0x71, 0x80,

    /* U+0036 "6" */
    0x0, 0x8a, 0x77, 0xfd, 0x8c, 0x1, 0x26, 0xb0,
    0xaa, 0x87, 0xc0, 0x5, 0x63, 0x98, 0xaa, 0x6c,
    0x80, 0x2c, 0x28, 0xc0, 0x3e, 0x71, 0x40, 0xf,
    0x84, 0x4a, 0x57, 0xdf, 0xb0, 0x0, 0x30, 0x6d,
    0x66, 0x81, 0xf0, 0xc, 0x9, 0x76, 0x27, 0x54,
    0xd4, 0x40, 0x10, 0x1, 0xa4, 0x30, 0x10, 0x3,
    0xfd, 0xe1, 0x0, 0x1a, 0x43, 0x41, 0x19, 0x76,
    0x63, 0x55, 0x48, 0x0, 0x9a, 0x16, 0x70, 0x8a,
    0x0,

    /* U+0037 "7" */
    0x7f, 0xff, 0xe0, 0x9, 0x15, 0x78, 0x4, 0x2,
    0xfa, 0xad, 0xe0, 0xc0, 0x20, 0x1e, 0x90, 0x90,
    0x6f, 0x40, 0x8, 0xcc, 0xa2, 0x1, 0xf4, 0x84,
    0x80, 0x7c, 0x4a, 0x66, 0x0, 0xfa, 0x82, 0x40,
    0x3f, 0x38, 0xa8, 0x7, 0xcc, 0x12, 0x1, 0xfa,
    0xc1, 0x80, 0x3e, 0x42, 0x61, 0x0, 0xfb, 0xc2,
    0xc0, 0x38,

    /* U+0038 "8" */
    0x0, 0xc, 0xf7, 0xfb, 0x18, 0x2, 0x1f, 0x65,
    0x76, 0x29, 0x90, 0x2, 0x46, 0x2e, 0x27, 0x8d,
    0x88, 0xc, 0x18, 0x3, 0x58, 0x38, 0x8, 0x18,
    0x6, 0xf0, 0x60, 0xe0, 0xf3, 0x1, 0x67, 0x23,
    0x4, 0x52, 0xcf, 0xe9, 0xe, 0x0, 0x42, 0x9d,
    0x5d, 0xa0, 0x70, 0x85, 0xcf, 0x15, 0x10, 0xfa,
    0x10, 0x40, 0xc0, 0x1c, 0x60, 0xc6, 0x8, 0x40,
    0x19, 0xc1, 0x42, 0x47, 0x6a, 0x27, 0x20, 0x60,
    0x1b, 0x15, 0x1d, 0x85, 0xfc, 0x40,

    /* U+0039 "9" */
    0x0, 0x36, 0x7f, 0xb1, 0x80, 0x35, 0x48, 0xbb,
    0x82, 0x6c, 0x0, 0x8a, 0xad, 0x88, 0x64, 0x23,
    0x1, 0x87, 0x0, 0x67, 0xb, 0x1, 0x2, 0x0,
    0xc4, 0x4, 0x2e, 0x10, 0xa0, 0x4, 0xf0, 0x1,
    0xd, 0x8d, 0x7f, 0xac, 0x54, 0x2, 0x4e, 0xa7,
    0x8b, 0xc0, 0x0, 0x80, 0x5, 0x61, 0xd0, 0x1c,
    0x8, 0x3, 0xe4, 0x24, 0x0, 0xf8, 0xe8, 0x20,
    0x1, 0x1d, 0x53, 0x98, 0x1a, 0x30, 0x6, 0x92,
    0xb1, 0x2e, 0xa8, 0x0,

    /* U+003A ":" */
    0xd, 0xd0, 0x88, 0x88, 0x63, 0x32, 0x20, 0x66,
    0x0, 0x7f, 0xf0, 0x99, 0x80, 0x53, 0x22, 0x2c,
    0x60,

    /* U+003B ";" */
    0xd, 0xd0, 0x88, 0x88, 0x63, 0x32, 0x20, 0x66,
    0x0, 0x7f, 0xf0, 0x95, 0x80, 0x6a, 0x4c, 0x48,
    0x8, 0x14, 0xc4, 0x12, 0x80, 0x16, 0xe0,

    /* U+003C "<" */
    0x0, 0xf9, 0x48, 0x3, 0xc, 0x75, 0x30, 0x1,
    0x2f, 0x9d, 0xd8, 0x8d, 0xb6, 0xf3, 0xf2, 0x61,
    0x45, 0x18, 0xc0, 0x1a, 0x4e, 0x39, 0xc4, 0x2,
    0x5c, 0xc3, 0xc7, 0x5a, 0x0, 0x47, 0x3d, 0x2d,
    0x68, 0x1, 0x85, 0xb6, 0xd8,

    /* U+003D "=" */
    0xcf, 0xff, 0x92, 0xa2, 0x3e, 0x66, 0x3b, 0xfc,
    0x40, 0x1f, 0xc2, 0x45, 0xf0, 0x6e, 0xfe, 0x48,
    0xaa, 0xf9, 0x40,

    /* U+003E ">" */
    0x62, 0x0, 0xfa, 0xb6, 0xd0, 0x3, 0xb2, 0x5a,
    0xf9, 0xc4, 0x2, 0x6d, 0xc7, 0x8e, 0xa1, 0x0,
    0x8e, 0x74, 0x95, 0x40, 0x12, 0x5e, 0x93, 0x28,
    0xc7, 0x5b, 0xcf, 0xc8, 0xeb, 0xa6, 0x61, 0x80,
    0x29, 0xea, 0x30, 0xe,

    /* U+003F "?" */
    0x2, 0x9e, 0xff, 0x63, 0x0, 0x17, 0x59, 0x59,
    0x4e, 0x60, 0x4, 0xf6, 0xe6, 0xb4, 0x1c, 0x13,
    0x8, 0x2, 0x23, 0x1, 0x0, 0xf0, 0x99, 0x8,
    0x7, 0xe, 0x84, 0x80, 0x70, 0xe1, 0xda, 0x0,
    0x74, 0x15, 0x20, 0x7, 0x88, 0xd4, 0x3, 0xeb,
    0xc0, 0xf, 0xc6, 0x80, 0x1f, 0xe, 0x58, 0x80,
    0x78, 0x48, 0x82, 0x1, 0x0,

    /* U+0040 "@" */
    0x0, 0xe3, 0x9d, 0xff, 0x76, 0x40, 0x80, 0x7e,
    0xac, 0x5a, 0xbc, 0xbb, 0x2f, 0x38, 0x7, 0xe,
    0xbe, 0x61, 0xd0, 0xd5, 0xf6, 0xa6, 0x80, 0x35,
    0x86, 0x18, 0x0, 0x40, 0x21, 0x4c, 0x47, 0x0,
    0x22, 0xf0, 0x82, 0xef, 0x7e, 0xad, 0x61, 0x5c,
    0x8, 0x72, 0x18, 0x3d, 0xd, 0x5a, 0xd2, 0x80,
    0x14, 0x5c, 0x13, 0x40, 0x61, 0x31, 0x52, 0x2c,
    0x40, 0x27, 0xf1, 0x12, 0x82, 0x7, 0x80, 0x64,
    0x20, 0xb, 0x88, 0xc0, 0x40, 0x81, 0x80, 0x38,
    0x40, 0x38, 0xc0, 0x40, 0x81, 0xc0, 0x38, 0x40,
    0x2e, 0x11, 0x94, 0x14, 0x20, 0x3, 0x31, 0x0,
    0x49, 0x80, 0x9a, 0x0, 0xa2, 0xe8, 0x7b, 0x93,
    0x28, 0xa3, 0x70, 0x94, 0x30, 0x5b, 0x27, 0x80,
    0xcd, 0x37, 0x76, 0x88, 0x1a, 0xf0, 0x82, 0x67,
    0xfa, 0xcc, 0x73, 0xf4, 0xc0, 0x2a, 0x1f, 0x30,
    0xf, 0xfe, 0x1e, 0x26, 0x61, 0xd1, 0xd, 0x5c,
    0x1, 0xfd, 0x58, 0xb5, 0x76, 0x81, 0x80, 0xe,

    /* U+0041 "A" */
    0x0, 0xf4, 0x7d, 0x80, 0x7f, 0xf0, 0x18, 0x10,
    0x80, 0x3f, 0xcc, 0x30, 0x16, 0x1, 0xfe, 0xb2,
    0x74, 0x60, 0xf, 0xe4, 0x2a, 0xf, 0x7, 0x0,
    0xfd, 0xe0, 0xc0, 0x85, 0x40, 0x1f, 0x12, 0x30,
    0x80, 0x28, 0x94, 0x3, 0xd6, 0x16, 0x1, 0x30,
    0x48, 0x7, 0xb, 0x6, 0xff, 0xdc, 0x6, 0x60,
    0xc, 0xc0, 0xce, 0xfe, 0x9, 0x0, 0xd2, 0x33,
    0x11, 0xe3, 0x51, 0x0, 0x28, 0xc8, 0x7, 0xd2,
    0x12, 0x0, 0x90, 0x60, 0xf, 0x94, 0x58, 0x0,

    /* U+0042 "B" */
    0x1f, 0xff, 0xad, 0x40, 0x31, 0x3b, 0xe5, 0x4a,
    0x70, 0x9, 0xa2, 0x35, 0x70, 0x48, 0x7, 0xf0,
    0x98, 0x80, 0x7f, 0x9, 0x88, 0x4, 0xd1, 0x1a,
    0xb8, 0x20, 0x2, 0x27, 0x7c, 0xa0, 0x6e, 0x1,
    0x27, 0xff, 0x58, 0xf8, 0x80, 0x7e, 0x4e, 0x18,
    0x0, 0xfe, 0x10, 0x20, 0xf, 0xe5, 0x2, 0x0,
    0x34, 0x46, 0x9c, 0x80, 0xb0, 0x1, 0x3b, 0xe6,
    0x16, 0xd2,

    /* U+0043 "C" */
    0x0, 0xcb, 0x7d, 0xfd, 0x6a, 0x1, 0x86, 0xe9,
    0x9, 0x54, 0x95, 0x60, 0x16, 0xa2, 0xf6, 0x55,
    0xf3, 0x38, 0x1, 0x8d, 0x68, 0x40, 0x21, 0x9c,
    0x0, 0x58, 0x58, 0x7, 0xf0, 0x91, 0x88, 0x7,
    0xf1, 0x83, 0x0, 0x7f, 0x8c, 0x18, 0x3, 0xfc,
    0x24, 0x62, 0x1, 0xfe, 0xb0, 0xb0, 0xf, 0xf3,
    0x1a, 0xd0, 0x80, 0x43, 0x38, 0x20, 0xd, 0x45,
    0xec, 0xac, 0xe6, 0x71, 0x0, 0xd, 0xd2, 0x12,
    0x92, 0x55, 0x80,

    /* U+0044 "D" */
    0x1f, 0xff, 0x75, 0x20, 0x7, 0xa, 0xae, 0x25,
    0xbb, 0x0, 0x65, 0xaa, 0xd9, 0xa8, 0x8b, 0x0,
    0xfe, 0x2b, 0x44, 0x28, 0x7, 0xfa, 0x43, 0x80,
    0x3f, 0xc4, 0x2a, 0x1, 0xff, 0x10, 0x80, 0x7f,
    0xc4, 0x20, 0x1f, 0xe2, 0x15, 0x0, 0xff, 0x48,
    0x70, 0x7, 0xe2, 0xb4, 0x42, 0x80, 0x16, 0xab,
    0x66, 0xa2, 0x2c, 0x2, 0x15, 0x5c, 0x4b, 0x76,
    0x0, 0x0,

    /* U+0045 "E" */
    0x1f, 0xff, 0xd8, 0x1, 0xa, 0xaf, 0xac, 0x2,
    0x5a, 0xaf, 0x38, 0x7, 0xff, 0x35, 0x66, 0x7c,
    0x1, 0x85, 0x9b, 0xc0, 0x19, 0x3f, 0xfc, 0x1,
    0xff, 0xd9, 0x5a, 0xaf, 0x80, 0x21, 0x55, 0xf8,
    0x0,

    /* U+0046 "F" */
    0x1f, 0xff, 0xd8, 0x0, 0x15, 0x5f, 0x58, 0x1,
    0x6a, 0xbc, 0xe0, 0x1f, 0xfd, 0x44, 0xff, 0xf0,
    0x4, 0x2c, 0xde, 0x0, 0x96, 0x67, 0xc0, 0x1f,
    0xfd, 0xd0,

    /* U+0047 "G" */
    0x0, 0xcb, 0x7d, 0xfe, 0xc6, 0x0, 0xc3, 0x74,
    0x84, 0xa8, 0x73, 0xa2, 0x0, 0xd4, 0x5e, 0xca,
    0xbf, 0x80, 0x9, 0x8d, 0x68, 0x40, 0x33, 0xe8,
    0x85, 0x85, 0x80, 0x7f, 0x9, 0x18, 0x80, 0x7f,
    0x18, 0x30, 0x7, 0xc7, 0x26, 0x60, 0x60, 0xf,
    0x95, 0x98, 0x24, 0x62, 0x1, 0xfe, 0xb0, 0xb0,
    0xf, 0xf3, 0x1a, 0xd9, 0x0, 0x6f, 0x0, 0xda,
    0x88, 0xdc, 0xbb, 0x7b, 0xb, 0x80, 0x6, 0xe9,
    0x9, 0x10, 0x71, 0xc4,

    /* U+0048 "H" */
    0x1f, 0xb0, 0xf, 0xf, 0xd8, 0x7, 0xff, 0x99,
    0x6a, 0xbd, 0x60, 0x18, 0x55, 0x7e, 0x0, 0xc9,
    0xff, 0xee, 0x0, 0xff, 0xf9, 0x0,

    /* U+0049 "I" */
    0x1f, 0xb0, 0xf, 0xfe, 0xc0,

    /* U+004A "J" */
    0x0, 0x77, 0xff, 0x38, 0x1, 0x95, 0x63, 0x0,
    0xd1, 0x55, 0x48, 0x7, 0xff, 0xc8, 0xc0, 0x42,
    0x9c, 0x2, 0xd0, 0x50, 0x68, 0xda, 0xd4, 0x33,
    0x6, 0x39, 0xa9, 0xb6, 0x80,

    /* U+004B "K" */
    0x1f, 0xb0, 0xe, 0x1d, 0xf2, 0x0, 0xf8, 0x70,
    0xb0, 0x80, 0x3e, 0xd2, 0xb3, 0x0, 0xfa, 0xce,
    0x50, 0x3, 0xea, 0x48, 0x60, 0xf, 0xa9, 0x5d,
    0xc0, 0x1f, 0x4a, 0x81, 0x80, 0x7c, 0x8c, 0x89,
    0x40, 0x7, 0xc9, 0x74, 0x4e, 0xa0, 0x1c, 0x56,
    0x3, 0xe1, 0x44, 0x1, 0x98, 0x2, 0x2b, 0xf,
    0x10, 0xf, 0xc9, 0x25, 0x40, 0x1f, 0xcc, 0xc4,
    0x80,

    /* U+004C "L" */
    0x1f, 0xb0, 0xf, 0xff, 0xf8, 0x7, 0xff, 0x59,
    0x6a, 0xbc, 0xa0, 0x1, 0x55, 0xf6, 0x80,

    /* U+004D "M" */
    0x1f, 0xa0, 0xf, 0xe7, 0xf4, 0x0, 0x29, 0x80,
    0x7c, 0x30, 0x1, 0xde, 0x1, 0xf4, 0x0, 0x78,
    0xd4, 0x3, 0x89, 0x80, 0x39, 0x46, 0xc0, 0x3a,
    0x41, 0x80, 0x3a, 0xc6, 0x0, 0x24, 0x43, 0xf0,
    0x7, 0x29, 0xb8, 0x80, 0x24, 0x60, 0x3, 0xee,
    0xb, 0x6, 0x2b, 0x0, 0xfc, 0x4c, 0xa9, 0x8,
    0xa0, 0x1f, 0xd0, 0x36, 0x32, 0x1, 0xfe, 0x18,
    0x6, 0x20, 0x0, 0x80, 0x7e, 0x69, 0x90, 0x7,
    0xff, 0x5, 0x80, 0x3e,

    /* U+004E "N" */
    0x1f, 0xb0, 0xf, 0xf, 0xd8, 0x1, 0x20, 0x3,
    0xfe, 0x74, 0x0, 0xfe, 0x20, 0xb2, 0x0, 0xfc,
    0xd4, 0x1e, 0x1, 0xfc, 0xac, 0x54, 0x1, 0xfd,
    0x26, 0xac, 0x1, 0xfd, 0xa3, 0x26, 0x1, 0xf8,
    0x68, 0x34, 0xc0, 0x3f, 0x24, 0xf, 0x0, 0x7f,
    0x3a, 0x98, 0x7, 0xfa, 0x88, 0x3, 0xfe, 0xf0,
    0x0,

    /* U+004F "O" */
    0x0, 0xcb, 0x7d, 0xfd, 0x6c, 0x1, 0xe1, 0xba,
    0x42, 0x55, 0x24, 0xe9, 0x0, 0x6d, 0x45, 0xec,
    0xab, 0xe6, 0x2f, 0x10, 0x3, 0x1a, 0xd0, 0x80,
    0x43, 0x2e, 0x52, 0x0, 0xb0, 0xb0, 0xf, 0xa0,
    0x5c, 0x4, 0x8c, 0x40, 0x3f, 0x20, 0x11, 0x83,
    0x0, 0x7f, 0x10, 0x9, 0x83, 0x0, 0x7f, 0x10,
    0x8, 0x88, 0xc4, 0x3, 0xf2, 0x9, 0x5, 0x85,
    0x80, 0x7d, 0x22, 0xc0, 0x6, 0x35, 0xb1, 0x0,
    0x86, 0x58, 0xa0, 0x2, 0xc4, 0x47, 0x65, 0x67,
    0x31, 0x60, 0x7, 0x5d, 0x21, 0x29, 0xa4, 0xe8,
    0x80, 0x0,

    /* U+0050 "P" */
    0x1f, 0xff, 0x6c, 0x0, 0x70, 0xaa, 0xe3, 0x7d,
    0x10, 0x9, 0x6a, 0xb7, 0x39, 0x58, 0x7, 0xf4,
    0xa, 0x80, 0x7f, 0x88, 0x3, 0xfe, 0x20, 0xf,
    0xf4, 0xa, 0x80, 0x4b, 0x55, 0xb9, 0xca, 0xc0,
    0x21, 0x55, 0xc6, 0xfa, 0x20, 0x12, 0x7f, 0xed,
    0x80, 0xf, 0xfe, 0xd8,

    /* U+0051 "Q" */
    0x0, 0xcb, 0x7d, 0xfd, 0x6c, 0x1, 0xe1, 0xba,
    0x42, 0x55, 0x24, 0xe9, 0x0, 0x6d, 0x45, 0xec,
    0xab, 0xe6, 0x2f, 0x10, 0x3, 0x1a, 0xd0, 0x80,
    0x43, 0x2e, 0x52, 0x0, 0xb0, 0xb0, 0xf, 0xa0,
    0x5c, 0x4, 0x8c, 0x40, 0x3f, 0x20, 0x11, 0x83,
    0x0, 0x7f, 0x10, 0x9, 0x83, 0x0, 0x7f, 0x10,
    0x8, 0x88, 0xc4, 0x3, 0xf2, 0x9, 0x5, 0x85,
    0x0, 0x7d, 0x22, 0xc0, 0x6, 0x34, 0xb1, 0x0,
    0x86, 0x58, 0xa0, 0x2, 0xc4, 0x47, 0x65, 0x67,
    0x31, 0x60, 0x7, 0x5d, 0x21, 0x29, 0x94, 0xe8,
    0x80, 0x79, 0x6f, 0xa8, 0x8, 0x48, 0xea, 0x0,
    0x3e, 0x5c, 0x38, 0xdc, 0x4b, 0x0, 0xfc, 0x79,
    0xb5, 0x7c, 0x60,

    /* U+0052 "R" */
    0x1f, 0xff, 0x6c, 0x0, 0x70, 0xaa, 0xe3, 0x7d,
    0x10, 0x9, 0x6a, 0xb7, 0x39, 0x58, 0x7, 0xf4,
    0xa, 0x80, 0x7f, 0x88, 0x3, 0xfe, 0x20, 0xf,
    0xf4, 0xa, 0x80, 0x4b, 0x33, 0x57, 0x39, 0x58,
    0x4, 0x2c, 0xd2, 0x8a, 0xe8, 0x80, 0x49, 0xff,
    0x70, 0x38, 0x7, 0xf0, 0xd1, 0x48, 0x7, 0xf2,
    0xa3, 0x20, 0x7, 0xf5, 0xd, 0x0,

    /* U+0053 "S" */
    0x0, 0x15, 0x77, 0xfb, 0x60, 0x80, 0x7, 0xaa,
    0xa6, 0x51, 0x7e, 0x0, 0x78, 0x5d, 0xa6, 0xb3,
    0x7c, 0x0, 0x64, 0x80, 0x18, 0x8c, 0x0, 0x44,
    0x30, 0xf, 0xd0, 0x19, 0x4a, 0x20, 0x1c, 0xb8,
    0x8b, 0x5d, 0xae, 0x1, 0x8e, 0xfe, 0xd8, 0xe3,
    0x0, 0x3c, 0x93, 0xc8, 0x6a, 0x1, 0xfb, 0x80,
    0xc2, 0xd4, 0x3, 0xb8, 0x14, 0x56, 0xba, 0xe6,
    0xb9, 0x14, 0xc7, 0xa5, 0x54, 0xca, 0x53, 0x40,

    /* U+0054 "T" */
    0xef, 0xff, 0xe8, 0x75, 0x58, 0x81, 0x15, 0x6d,
    0x9a, 0xa9, 0x2, 0x6a, 0xa5, 0x0, 0xff, 0xff,
    0x80, 0x7f, 0xf5, 0xc0,

    /* U+0055 "U" */
    0x3f, 0x90, 0xf, 0x2f, 0xb8, 0x7, 0xff, 0xfc,
    0x3, 0xf0, 0x88, 0x8, 0x3, 0xc6, 0x6, 0x42,
    0x80, 0x1e, 0xd0, 0x70, 0x60, 0xa0, 0xc, 0xe8,
    0x64, 0x10, 0x6b, 0xf7, 0x6e, 0x81, 0xe0, 0xb,
    0x20, 0xd1, 0x6, 0xfe, 0x40,

    /* U+0056 "V" */
    0xc, 0xf2, 0x0, 0xf8, 0xbe, 0x42, 0x82, 0x80,
    0x3e, 0xb0, 0xa0, 0x61, 0x70, 0xf, 0xb, 0x19,
    0x80, 0xc, 0xc, 0x1, 0xcc, 0x12, 0x1, 0x48,
    0x58, 0x7, 0x48, 0xa8, 0x4, 0x2a, 0x48, 0x1,
    0x28, 0xc8, 0x7, 0x48, 0x70, 0x5, 0x20, 0xc0,
    0x1c, 0x64, 0xa4, 0x4, 0x6a, 0x20, 0x1e, 0xb0,
    0xa0, 0xb0, 0x90, 0xf, 0x98, 0x58, 0x58, 0xcc,
    0x1, 0xf9, 0x87, 0x42, 0x40, 0x3f, 0xa8, 0xc,
    0x54, 0x3, 0xf8, 0x94, 0x18, 0x3, 0x80,

    /* U+0057 "W" */
    0x4f, 0x90, 0xf, 0x67, 0x98, 0x7, 0x17, 0xc2,
    0xb, 0x80, 0x71, 0x18, 0x58, 0x7, 0x50, 0x58,
    0x38, 0x98, 0x6, 0x50, 0x2, 0x80, 0x72, 0x89,
    0x86, 0x85, 0x0, 0x6b, 0x27, 0x22, 0x0, 0x44,
    0x46, 0x0, 0x20, 0x38, 0x4, 0x46, 0xb6, 0x14,
    0x1, 0x28, 0x58, 0x4, 0xa2, 0x60, 0x5, 0xb,
    0x31, 0x50, 0xa, 0x84, 0xc0, 0x2f, 0xb, 0x0,
    0x59, 0x18, 0x31, 0x10, 0x8, 0x8e, 0x1, 0x94,
    0x14, 0x8, 0xd4, 0x1, 0x60, 0xa0, 0xa1, 0xa0,
    0x1c, 0xa4, 0x45, 0xb, 0x0, 0x18, 0xd0, 0x58,
    0xa0, 0x7, 0x78, 0x2d, 0x89, 0x80, 0x4e, 0x48,
    0x6e, 0x1, 0xe5, 0x9, 0x36, 0x0, 0xd4, 0x14,
    0x1a, 0x1, 0xf2, 0x8, 0x58, 0x6, 0x31, 0x10,
    0x20, 0x7, 0xda, 0x2, 0x60, 0x1c, 0xe0, 0xa0,
    0x18,

    /* U+0058 "X" */
    0x2f, 0xe0, 0xf, 0x5f, 0x99, 0x48, 0xd0, 0x6,
    0x74, 0x73, 0x6, 0x45, 0x50, 0x0, 0xa0, 0xe0,
    0x2, 0xa1, 0xb1, 0xf, 0xe, 0x0, 0xc3, 0x63,
    0x52, 0x52, 0x40, 0x1c, 0xaa, 0x46, 0x56, 0x0,
    0xfa, 0x40, 0x1e, 0x1, 0xfb, 0x80, 0x16, 0x20,
    0x1e, 0x92, 0x9a, 0x1b, 0x0, 0xe4, 0x64, 0x65,
    0x59, 0x80, 0x21, 0xa1, 0xa0, 0x5, 0x8c, 0x90,
    0x2, 0x86, 0xc4, 0x0, 0x34, 0x1c, 0xc, 0x8a,
    0xa0, 0xc, 0x8e, 0x70,

    /* U+0059 "Y" */
    0xc, 0xf2, 0x0, 0xf2, 0xfb, 0x7, 0x84, 0x80,
    0x7a, 0xc9, 0x80, 0xd9, 0x14, 0x3, 0x40, 0xf0,
    0x5, 0x3, 0x60, 0x11, 0x3a, 0x98, 0x4, 0x30,
    0x30, 0x0, 0x90, 0xb0, 0xe, 0x62, 0x72, 0x54,
    0x81, 0x0, 0xf7, 0x4, 0xd9, 0x38, 0x7, 0xc6,
    0xa8, 0x32, 0x1, 0xfd, 0x0, 0x68, 0x1, 0xfc,
    0x60, 0xe0, 0x1f, 0xfe, 0x0,

    /* U+005A "Z" */
    0x1f, 0xff, 0xf0, 0x89, 0x57, 0xe3, 0x2, 0x10,
    0xaa, 0xf5, 0x90, 0x78, 0x7, 0xed, 0x1a, 0x20,
    0xf, 0xa4, 0xdd, 0x40, 0x3e, 0x56, 0x38, 0x0,
    0xf8, 0xa8, 0x74, 0x3, 0xf7, 0x86, 0x88, 0x7,
    0xd6, 0x50, 0x60, 0x1f, 0x3a, 0x2b, 0x80, 0x7c,
    0x90, 0x54, 0x1, 0xf0, 0xd0, 0xd, 0x57, 0xc6,
    0x42, 0x6, 0xab, 0xf3, 0x80,

    /* U+005B "[" */
    0x1f, 0xfa, 0x80, 0x7, 0x1c, 0x0, 0x67, 0x40,
    0xf, 0xff, 0xbb, 0x3a, 0x0, 0xe, 0x38,

    /* U+005C "\\" */
    0x47, 0x0, 0xf0, 0xc1, 0x80, 0x72, 0x85, 0x80,
    0x79, 0x58, 0x3, 0xde, 0x26, 0x1, 0xca, 0x14,
    0x1, 0xe5, 0x70, 0xf, 0x78, 0xa0, 0x7, 0x28,
    0x68, 0x7, 0x95, 0xc0, 0x3d, 0xc2, 0x80, 0x1c,
    0x83, 0xa0, 0x1e, 0x77, 0x0, 0x7b, 0x45, 0x0,
    0x39, 0x7, 0x80, 0x3c, 0xea, 0x1, 0xed, 0x5,
    0x0, 0xe4, 0x1f,

    /* U+005D "]" */
    0xaf, 0xf8, 0x7a, 0xc, 0x0, 0x8e, 0xc0, 0x1f,
    0xff, 0x74, 0x76, 0x0, 0x74, 0x18, 0x0,

    /* U+005E "^" */
    0x0, 0xab, 0xc8, 0x3, 0x85, 0x42, 0xc0, 0x39,
    0x81, 0xdc, 0x1, 0xd4, 0xd2, 0x2a, 0x1, 0x21,
    0x58, 0xac, 0x80, 0x5c, 0x64, 0x1c, 0x64, 0x2,
    0xb2, 0x0, 0x42, 0xa0, 0x61, 0x50, 0xa, 0x98,
    0x0,

    /* U+005F "_" */
    0xff, 0xfe, 0xdd, 0xfe,

    /* U+0060 "`" */
    0x48, 0x40, 0x2, 0x15, 0xa0, 0x2, 0xa2, 0xd0,

    /* U+0061 "a" */
    0x1, 0x8d, 0xff, 0x6b, 0x80, 0x50, 0xec, 0xd1,
    0xc4, 0x0, 0x11, 0xb7, 0x32, 0xf1, 0x70, 0x0,
    0x90, 0x4, 0x2e, 0x4, 0x3, 0x5f, 0xf9, 0x80,
    0x42, 0x96, 0x2f, 0x30, 0xa0, 0x12, 0x21, 0xd0,
    0xcc, 0x40, 0x1f, 0xca, 0x1, 0x2a, 0x4a, 0x36,
    0x90, 0x5, 0x4e, 0xeb, 0x85, 0x80, 0x0,

    /* U+0062 "b" */
    0x5f, 0x50, 0xf, 0xff, 0x3, 0x6f, 0xf5, 0x10,
    0x6, 0x89, 0x16, 0x55, 0x6a, 0x0, 0x45, 0x59,
    0x37, 0x81, 0x40, 0x12, 0xa8, 0x2, 0x37, 0x15,
    0x0, 0x60, 0x7, 0x60, 0x10, 0x7, 0xff, 0x7,
    0x0, 0x3b, 0x0, 0x80, 0xa, 0xa0, 0x8, 0xdc,
    0x54, 0x0, 0x55, 0x93, 0x78, 0x14, 0x1, 0x4c,
    0x85, 0x95, 0x5a, 0x80,

    /* U+0063 "c" */
    0x0, 0xa3, 0x7f, 0xd6, 0x60, 0x1, 0xd7, 0x6,
    0x54, 0xc4, 0xb, 0x28, 0xd9, 0xad, 0x37, 0x15,
    0x37, 0x0, 0x8b, 0xc, 0x81, 0x0, 0x3f, 0xf8,
    0xa6, 0x8, 0x1, 0xf9, 0x8d, 0xc0, 0x22, 0xc3,
    0x8, 0x28, 0xd9, 0xad, 0x37, 0x1, 0xd8, 0x6,
    0x54, 0xc4,

    /* U+0064 "d" */
    0x0, 0xfc, 0x3f, 0x40, 0x1f, 0xfd, 0x71, 0x8e,
    0xfe, 0x93, 0x0, 0x87, 0x1c, 0x99, 0x1b, 0xc0,
    0x2b, 0x28, 0xc9, 0xad, 0x30, 0x0, 0xa9, 0xb8,
    0x4, 0x50, 0x0, 0x20, 0x40, 0xe, 0x70, 0xf,
    0xfe, 0x9, 0x2, 0x0, 0x73, 0x80, 0x5, 0x4d,
    0xc0, 0x22, 0x80, 0xa, 0xca, 0x32, 0x6b, 0x4c,
    0x2, 0x1c, 0x72, 0x64, 0x6c, 0x0, 0x0,

    /* U+0065 "e" */
    0x0, 0xc, 0x77, 0xf4, 0x88, 0x4, 0x38, 0xea,
    0xe8, 0xde, 0x40, 0xb, 0x2b, 0xb4, 0x56, 0x8f,
    0x0, 0xaa, 0x20, 0x2, 0x27, 0x31, 0x20, 0x4f,
    0xfe, 0x70, 0x20, 0x3, 0x66, 0x7c, 0x66, 0x5,
    0x33, 0xf8, 0x0, 0xa6, 0xe0, 0x1a, 0x44, 0x1,
    0x65, 0x1b, 0x32, 0xe6, 0x70, 0x0, 0xec, 0x3,
    0x30, 0xa9, 0x80,

    /* U+0066 "f" */
    0x0, 0xd, 0x7f, 0xa8, 0x1, 0x4a, 0xce, 0x40,
    0x4, 0x44, 0xc4, 0x0, 0x40, 0x80, 0x2b, 0xe0,
    0x6f, 0xf2, 0xf3, 0x81, 0xc4, 0x1d, 0x64, 0x19,
    0xdc, 0x40, 0x1f, 0xfe, 0x50,

    /* U+0067 "g" */
    0x0, 0xc, 0x77, 0xf4, 0x8f, 0x60, 0xe, 0x3a,
    0xc3, 0x3f, 0x80, 0x56, 0x53, 0x6f, 0x1c, 0x42,
    0x2, 0xa6, 0xc0, 0x1b, 0xc0, 0x4, 0x8, 0x1,
    0xc6, 0x1, 0xff, 0xc1, 0x20, 0x50, 0xe, 0x40,
    0x0, 0xa9, 0x40, 0x4, 0x32, 0x1, 0x59, 0x3e,
    0xcd, 0x70, 0x6, 0x1c, 0x73, 0x64, 0x6c, 0x7,
    0x0, 0xc, 0x77, 0xf4, 0x98, 0x10, 0x13, 0x80,
    0x74, 0x86, 0x85, 0x47, 0xdc, 0xcb, 0x91, 0x20,
    0x8b, 0x55, 0x33, 0xa, 0x6c, 0x0,

    /* U+0068 "h" */
    0x5f, 0x50, 0xf, 0xfe, 0xe3, 0xef, 0xf5, 0x8,
    0x5, 0x70, 0xca, 0x6b, 0x80, 0x10, 0xe5, 0xd6,
    0xb1, 0x30, 0x1, 0x8c, 0x2, 0xb0, 0xc0, 0x7,
    0x80, 0x62, 0x0, 0xc6, 0x1, 0xe1, 0x0, 0xff,
    0xee, 0x0,

    /* U+0069 "i" */
    0x6f, 0x6f, 0xf, 0x9b, 0x90, 0x40, 0x5f, 0x50,
    0xf, 0xfe, 0x78,

    /* U+006A "j" */
    0x0, 0x97, 0xdc, 0x2, 0x20, 0xd0, 0x9, 0xee,
    0xc0, 0x19, 0x4, 0x2, 0x4f, 0x70, 0xf, 0xff,
    0x99, 0x1, 0x25, 0x44, 0x1, 0x5, 0x1c, 0xec,
    0x40,

    /* U+006B "k" */
    0x5f, 0x50, 0xf, 0xff, 0x18, 0xef, 0x98, 0x7,
    0x8b, 0xb, 0xc, 0x3, 0x8b, 0xa, 0xcc, 0x3,
    0x8b, 0x6, 0xd0, 0x3, 0xb7, 0x4, 0x48, 0x1,
    0xe7, 0x15, 0x1a, 0x0, 0xfb, 0x29, 0x15, 0x80,
    0x3a, 0x4c, 0x28, 0x64, 0xc0, 0x31, 0x80, 0x7,
    0x43, 0x80, 0x3f, 0x1c, 0x15, 0x0,

    /* U+006C "l" */
    0x5f, 0x50, 0xf, 0xfe, 0xd8,

    /* U+006D "m" */
    0x5f, 0x58, 0xef, 0xe8, 0x1, 0x8e, 0xfe, 0x80,
    0xd, 0x6e, 0xf1, 0xbd, 0xe3, 0xbc, 0x4f, 0x60,
    0x10, 0xec, 0xc6, 0x9a, 0x16, 0xcc, 0x62, 0x20,
    0xc0, 0xe, 0x40, 0x15, 0x3, 0x10, 0x5, 0xc0,
    0xa0, 0xe, 0x0, 0xc6, 0x1c, 0x1, 0x84, 0x4,
    0x0, 0x60, 0x1e, 0x10, 0xf, 0xff, 0xf8,

    /* U+006E "n" */
    0x5f, 0x57, 0xdf, 0xea, 0x10, 0xa, 0xe1, 0xdc,
    0xaa, 0xc0, 0x8, 0x76, 0xa2, 0xd8, 0x98, 0x0,
    0xe4, 0x1, 0x58, 0x60, 0x3, 0x80, 0x31, 0x0,
    0x63, 0x0, 0xf0, 0x80, 0x7f, 0xf7, 0x0,

    /* U+006F "o" */
    0x0, 0xa3, 0x7f, 0xac, 0xc0, 0x21, 0xd7, 0x16,
    0x44, 0x62, 0x80, 0x2c, 0xa3, 0x26, 0xb4, 0x68,
    0x44, 0xa6, 0xe0, 0x11, 0x58, 0x31, 0x2, 0x0,
    0x72, 0x6, 0x80, 0x7f, 0xc6, 0x8, 0x1, 0xce,
    0x1a, 0xc, 0x6e, 0x1, 0x14, 0x3, 0x4, 0x14,
    0x64, 0xd6, 0x8d, 0x8, 0xe, 0xb8, 0xb2, 0x23,
    0x14, 0x0,

    /* U+0070 "p" */
    0x5f, 0x46, 0xdf, 0xea, 0x20, 0xd, 0x32, 0x16,
    0x55, 0x6a, 0x0, 0x45, 0x59, 0x37, 0x81, 0x40,
    0x12, 0xa8, 0x2, 0x37, 0x15, 0x0, 0x60, 0x7,
    0x60, 0x10, 0x7, 0xff, 0x7, 0x0, 0x3b, 0x0,
    0x80, 0xa, 0xa0, 0x8, 0xdc, 0x54, 0x0, 0x55,
    0x93, 0x78, 0x14, 0x1, 0x44, 0x8b, 0x2a, 0xb5,
    0x0, 0x33, 0x6f, 0xf5, 0x10, 0x7, 0xff, 0x5c,

    /* U+0071 "q" */
    0x0, 0xc, 0x77, 0xf4, 0x8f, 0xd0, 0xe, 0x39,
    0x32, 0x36, 0x0, 0x56, 0x51, 0x93, 0x5a, 0x60,
    0x1, 0x53, 0x70, 0x8, 0xac, 0x0, 0x40, 0x80,
    0x1c, 0x80, 0x1f, 0xfc, 0x12, 0x4, 0x0, 0xe7,
    0x0, 0xa, 0x9b, 0x80, 0x45, 0x0, 0x15, 0x94,
    0x64, 0xd6, 0x98, 0x4, 0x38, 0xe4, 0xc8, 0xfe,
    0x1, 0x86, 0x3b, 0xfa, 0xc, 0x3, 0xff, 0xae,

    /* U+0072 "r" */
    0x5f, 0x57, 0xdc, 0x0, 0x44, 0x6, 0xc0, 0x5,
    0x78, 0xe0, 0x6, 0x40, 0xd, 0xe0, 0x1c, 0x60,
    0x1f, 0xfc, 0xf0,

    /* U+0073 "s" */
    0x1, 0x9e, 0xff, 0x63, 0x80, 0x31, 0x95, 0xd8,
    0x68, 0xc, 0x9a, 0xe2, 0x77, 0x0, 0x22, 0x0,
    0xc2, 0x6, 0x88, 0xfb, 0x85, 0x0, 0xae, 0x99,
    0xdd, 0x5a, 0x20, 0x5, 0x9c, 0xf7, 0x27, 0x5,
    0x0, 0xda, 0x2, 0xb5, 0xd5, 0x15, 0x40, 0x55,
    0x49, 0x2b, 0xa2, 0xe9, 0x0,

    /* U+0074 "t" */
    0x1, 0xfa, 0x0, 0xff, 0x5f, 0x2, 0xff, 0x97,
    0x9c, 0xe, 0x20, 0xeb, 0x20, 0xce, 0xe2, 0x0,
    0xff, 0xe9, 0x88, 0x6, 0x13, 0x4a, 0x99, 0x0,
    0x39, 0x15, 0x80,

    /* U+0075 "u" */
    0x7f, 0x40, 0xc, 0x7f, 0x0, 0x1f, 0xfe, 0x61,
    0x2, 0x0, 0xca, 0x0, 0x40, 0xb0, 0x8, 0x60,
    0x0, 0x4a, 0x5d, 0x54, 0xe3, 0x0, 0xa9, 0xcd,
    0x51, 0xbc, 0x0,

    /* U+0076 "v" */
    0xd, 0xe0, 0xf, 0x6e, 0x80, 0x16, 0x2c, 0x1,
    0x8c, 0xa8, 0x0, 0xc1, 0x40, 0x1a, 0x41, 0x80,
    0x26, 0x33, 0x0, 0x5, 0x58, 0x40, 0x2b, 0xa,
    0x0, 0x30, 0x50, 0x6, 0x24, 0x60, 0x4, 0x99,
    0x80, 0x3b, 0x81, 0x94, 0x64, 0x3, 0xca, 0x37,
    0xc2, 0xa0, 0x1f, 0x49, 0x23, 0x0, 0x7e, 0x60,
    0x5, 0x0, 0x60,

    /* U+0077 "w" */
    0xbe, 0x0, 0xec, 0xf1, 0x0, 0xd5, 0xc1, 0xc2,
    0x80, 0x11, 0x18, 0x38, 0x6, 0x56, 0x5, 0xd,
    0x0, 0xa8, 0x7, 0x40, 0x25, 0xb, 0x0, 0x2b,
    0x0, 0x4a, 0x8c, 0x82, 0x0, 0xe2, 0x30, 0x7,
    0x2, 0x81, 0x97, 0x50, 0x30, 0xa, 0x50, 0x4,
    0x83, 0xe1, 0x40, 0xa4, 0x76, 0xe, 0xc, 0x1,
    0x9d, 0x45, 0xd8, 0x1, 0x46, 0x54, 0x62, 0x1,
    0xa8, 0x2c, 0x68, 0x0, 0xe1, 0x7, 0x40, 0x1c,
    0x62, 0xa4, 0x60, 0x1, 0x45, 0x7, 0x0, 0xf3,
    0x2, 0x80, 0x6e, 0x4, 0x10, 0x8,

    /* U+0078 "x" */
    0x3f, 0xb0, 0xd, 0x9e, 0x47, 0x8, 0xe0, 0x8,
    0x39, 0x20, 0x74, 0x83, 0x33, 0xab, 0x0, 0x54,
    0x3d, 0xa5, 0x40, 0x18, 0x68, 0x87, 0x80, 0x3c,
    0x60, 0x6, 0x0, 0xe3, 0x84, 0x3a, 0x20, 0xd,
    0xc3, 0x5c, 0x1c, 0x1, 0x51, 0x50, 0x95, 0x1c,
    0x83, 0x2b, 0xa0, 0x1, 0x54, 0xca,

    /* U+0079 "y" */
    0xd, 0xe0, 0xf, 0x6e, 0x80, 0x16, 0x2c, 0x1,
    0x8c, 0xa8, 0x0, 0xc1, 0x40, 0x1a, 0x41, 0x80,
    0x26, 0x33, 0x0, 0x5, 0x54, 0x20, 0x15, 0x85,
    0x0, 0x18, 0x24, 0x3, 0x11, 0xb0, 0x2, 0x8c,
    0xc0, 0x1d, 0x20, 0xc6, 0x54, 0x1, 0xe5, 0x1b,
    0x91, 0x60, 0xf, 0x98, 0x95, 0x80, 0x3f, 0x48,
    0x2, 0x80, 0x3f, 0x8, 0x21, 0x0, 0x70, 0x80,
    0x18, 0x38, 0x3, 0x87, 0xea, 0x64, 0x6a, 0x1,
    0xe4, 0x56, 0x5d, 0x0, 0xf0,

    /* U+007A "z" */
    0x2f, 0xff, 0xa4, 0xe2, 0x38, 0x43, 0x45, 0xdf,
    0x8, 0x9d, 0x0, 0x31, 0xc9, 0xc0, 0x6, 0x1d,
    0x1d, 0x0, 0xea, 0x1a, 0x10, 0xc, 0xe9, 0x8,
    0x1, 0x92, 0x11, 0xc0, 0x30, 0xd0, 0x1b, 0xbe,
    0x55, 0x8, 0x3c, 0x46, 0xe0,

    /* U+007B "{" */
    0x0, 0x47, 0x78, 0x23, 0x9c, 0x6, 0x4, 0xb8,
    0x4, 0xe0, 0x1f, 0xfc, 0x71, 0x7, 0x61, 0x20,
    0x81, 0x40, 0x7, 0xaa, 0x88, 0x0, 0x40, 0x20,
    0x1f, 0xfc, 0x77, 0x0, 0x68, 0x4b, 0x82, 0xb9,
    0xc0,

    /* U+007C "|" */
    0x1f, 0x70, 0xf, 0xff, 0x38,

    /* U+007D "}" */
    0xaf, 0xb1, 0x0, 0x72, 0x22, 0x0, 0x9, 0x62,
    0x80, 0x18, 0xcc, 0x1, 0xff, 0xd0, 0x71, 0x92,
    0x0, 0x78, 0x33, 0x0, 0x10, 0x1c, 0x80, 0x10,
    0x88, 0x3, 0xff, 0x92, 0x66, 0x0, 0x25, 0xb,
    0x80, 0x39, 0x52, 0xc0, 0x0,

    /* U+007E "~" */
    0x0, 0x8, 0x6, 0x10, 0x2d, 0xec, 0x20, 0x6,
    0xb4, 0xd, 0x6, 0x22, 0xd, 0x52, 0x17, 0x12,
    0xec, 0xa7, 0x48, 0x0, 0xac, 0xc5, 0x0,

    /* U+00B0 "°" */
    0x1, 0xbf, 0xe6, 0x0, 0x69, 0xfe, 0x5a, 0x11,
    0x20, 0xa, 0xf8, 0x3, 0x8c, 0x48, 0xdc, 0x6,
    0x38, 0x3e, 0xff, 0x95, 0x40, 0x59, 0xdf, 0x0,

    /* U+0400 "Ѐ" */
    0x0, 0x24, 0x20, 0x7, 0xe4, 0x2b, 0x40, 0xf,
    0xd5, 0x16, 0x80, 0x1f, 0x9f, 0xd0, 0x3, 0xbf,
    0xff, 0x68, 0x4, 0x2a, 0xbf, 0x0, 0x45, 0x55,
    0xe8, 0x0, 0xff, 0xe6, 0x94, 0xcf, 0x80, 0x30,
    0xb3, 0x78, 0x40, 0x23, 0xff, 0xf0, 0x80, 0x7f,
    0xf6, 0xa, 0xab, 0xe1, 0x0, 0xa, 0xaf, 0xc0,

    /* U+0401 "Ё" */
    0x0, 0xf, 0x38, 0x56, 0x0, 0x78, 0xc4, 0xc,
    0x3, 0xc3, 0xac, 0x13, 0x80, 0x1b, 0xff, 0xf6,
    0x80, 0x42, 0xab, 0xf0, 0x4, 0x55, 0x5e, 0x80,
    0xf, 0xfe, 0x69, 0x4c, 0xf8, 0x3, 0xb, 0x37,
    0x84, 0x2, 0x3f, 0xff, 0x8, 0x7, 0xff, 0x60,
    0xaa, 0xbe, 0x10, 0x0, 0xaa, 0xfc, 0x0,

    /* U+0402 "Ђ" */
    0xcf, 0xff, 0xf0, 0x80, 0x56, 0xab, 0x18, 0x1a,
    0xae, 0x10, 0x9, 0xea, 0xb0, 0x4d, 0x56, 0x0,
    0xff, 0xee, 0x6c, 0xe7, 0x72, 0xd0, 0x3, 0xf3,
    0xb0, 0x21, 0x25, 0xb8, 0x7, 0xcf, 0xf9, 0x59,
    0xa3, 0x2, 0x1, 0xed, 0x0, 0xc4, 0xc0, 0xa0,
    0x1f, 0xfc, 0xf5, 0x5, 0x0, 0xfc, 0x51, 0xd,
    0x25, 0x10, 0xf, 0xce, 0xf1, 0xbd, 0x0, 0x73,
    0x7a, 0x82, 0xf7, 0x50, 0x0,

    /* U+0403 "Ѓ" */
    0x0, 0xe1, 0x87, 0x0, 0xf0, 0xe2, 0xa8, 0x3,
    0x87, 0x1b, 0x8, 0x3, 0x87, 0x6c, 0x40, 0x37,
    0xff, 0xe3, 0x0, 0xa, 0xaf, 0x84, 0x0, 0xb5,
    0x5e, 0x20, 0xf, 0xff, 0xf8, 0x7, 0xce, 0x1,
    0xff, 0xc5,

    /* U+0404 "Є" */
    0x0, 0xcd, 0x9f, 0xee, 0xa4, 0x0, 0xc3, 0x92,
    0x66, 0x52, 0x5b, 0xa0, 0xb, 0x4d, 0x7b, 0x2b,
    0x39, 0x80, 0x26, 0x34, 0xa1, 0x0, 0x86, 0x68,
    0x1, 0x41, 0x20, 0x1f, 0xe3, 0xa, 0x88, 0xce,
    0x1, 0xf3, 0xbf, 0x48, 0x7, 0x8b, 0xff, 0xb8,
    0x3, 0x8c, 0x88, 0x1, 0xfe, 0xa0, 0x90, 0xf,
    0x84, 0x0, 0xc6, 0x94, 0x20, 0x11, 0x66, 0x80,
    0x5a, 0x6b, 0xd9, 0x79, 0xa6, 0xa0, 0x10, 0xe4,
    0x99, 0x90, 0x96, 0xe4, 0x0,

    /* U+0405 "Ѕ" */
    0x0, 0xc, 0xef, 0xfb, 0x64, 0x80, 0x5, 0xec,
    0x2c, 0xc1, 0x6c, 0x0, 0x58, 0xce, 0x4c, 0xb3,
    0xa8, 0x0, 0xa0, 0xc0, 0x18, 0x50, 0x0, 0xe0,
    0xa0, 0x1f, 0xa0, 0x2a, 0xd8, 0x80, 0x38, 0xf5,
    0x52, 0x77, 0xa0, 0x40, 0x22, 0xaf, 0xb7, 0x37,
    0xc1, 0x0, 0xe4, 0x8d, 0x62, 0x60, 0xf, 0xd4,
    0x1c, 0x14, 0xc0, 0x1d, 0x41, 0x80, 0xf3, 0xf7,
    0x35, 0xac, 0x6a, 0x1b, 0x48, 0xac, 0xa3, 0x18,
    0x0,

    /* U+0406 "І" */
    0xf, 0xc0, 0xf, 0xfe, 0xc0,

    /* U+0407 "Ї" */
    0x9d, 0x4, 0xf3, 0x1, 0x0, 0x8, 0x4e, 0x2,
    0x71, 0x80, 0xfd, 0x80, 0x7f, 0xff, 0x80,

    /* U+0408 "Ј" */
    0x6, 0xff, 0xf0, 0x2a, 0xf0, 0x4, 0x75, 0x58,
    0x80, 0x3f, 0xfd, 0x66, 0x27, 0x82, 0x0, 0x41,
    0x56, 0x3e, 0xaa, 0x58, 0x7a, 0xda, 0x2a, 0x8e,
    0xd0,

    /* U+0409 "Љ" */
    0x0, 0xab, 0xff, 0xf2, 0x0, 0x7f, 0xf0, 0x55,
    0x78, 0x80, 0x3f, 0xf8, 0x22, 0x2a, 0xae, 0x50,
    0xf, 0xfe, 0x11, 0x80, 0x7c, 0x45, 0x84, 0x3,
    0xe7, 0x0, 0xfd, 0x3b, 0xb7, 0x7d, 0x8, 0x6,
    0x11, 0x0, 0x7c, 0xf5, 0x54, 0xa2, 0xe0, 0x6,
    0x37, 0x0, 0xfb, 0x15, 0x66, 0xb6, 0x25, 0x0,
    0x84, 0x40, 0x1f, 0xfc, 0x1a, 0xc, 0x0, 0x8,
    0x18, 0x7, 0xff, 0x4, 0x40, 0xc0, 0x8, 0x1e,
    0x1, 0xff, 0xc1, 0x40, 0x20, 0x4, 0x82, 0x0,
    0x7f, 0xf0, 0xe, 0x2, 0xe3, 0x4d, 0x8, 0x3,
    0xe9, 0xcc, 0xb7, 0x5, 0x8c, 0x88, 0x94, 0x1,
    0xf8, 0x8c, 0xe2, 0x39, 0x90, 0x0,

    /* U+040A "Њ" */
    0xf, 0xc0, 0xf, 0x27, 0xc0, 0x7, 0xff, 0xfc,
    0x3, 0xff, 0x86, 0x7f, 0xfe, 0xb0, 0x7f, 0xfd,
    0xd0, 0x20, 0x10, 0xb3, 0x79, 0x0, 0x99, 0xa5,
    0x7, 0xc0, 0x8, 0xa6, 0x7d, 0xe0, 0xb3, 0x35,
    0x72, 0x13, 0x0, 0x7f, 0xf1, 0x7c, 0x3c, 0x3,
    0xff, 0x8e, 0x20, 0x1f, 0xfc, 0x5f, 0xd, 0x0,
    0xff, 0x91, 0xde, 0x8d, 0x44, 0x28, 0x7, 0xfc,
    0x71, 0x13, 0x84, 0x58, 0x0,

    /* U+040B "Ћ" */
    0xcf, 0xff, 0xf0, 0x6, 0xb5, 0x58, 0xc1, 0x15,
    0x66, 0x0, 0xcf, 0x55, 0x58, 0x7d, 0x55, 0x20,
    0x1f, 0xfd, 0xcc, 0xad, 0xff, 0x62, 0x80, 0x7e,
    0x75, 0x15, 0x33, 0x53, 0x0, 0x7c, 0xff, 0x95,
    0x96, 0x12, 0x1, 0xf6, 0x0, 0x64, 0x40, 0x18,
    0x7, 0xff, 0x0, 0xc1, 0xc0, 0x3f, 0xfc, 0x20,

    /* U+040C "Ќ" */
    0x0, 0xf2, 0xc1, 0x80, 0x7e, 0x6a, 0x3, 0x0,
    0xf9, 0xa6, 0xa0, 0x3, 0xf3, 0x7a, 0x80, 0x7b,
    0xec, 0x3, 0x87, 0xb4, 0x3, 0xfa, 0x87, 0x80,
    0x3f, 0x3a, 0x49, 0x80, 0x7c, 0x70, 0xac, 0x1,
    0xf0, 0xe9, 0x50, 0x7, 0x2d, 0x53, 0x7, 0x80,
    0x3c, 0x2a, 0xa2, 0x1, 0x0, 0xf2, 0x7f, 0xa8,
    0x38, 0x3, 0xf9, 0x54, 0x6e, 0x1, 0xfd, 0x63,
    0x4, 0x1, 0xf8, 0x68, 0x38, 0x3, 0xf9, 0x18,
    0xdc, 0x3, 0xfa, 0x4a, 0x8,

    /* U+040D "Ѝ" */
    0x0, 0x92, 0x10, 0x3, 0xf9, 0xa, 0xd0, 0x3,
    0xfa, 0xa2, 0xd0, 0x3, 0xf9, 0xfd, 0x0, 0x3b,
    0xf0, 0x3, 0xc7, 0xfa, 0x1, 0xfd, 0xc0, 0x1f,
    0xea, 0x20, 0xf, 0xe6, 0x54, 0x10, 0xf, 0x8a,
    0x46, 0x80, 0x3f, 0x78, 0x68, 0x80, 0x7d, 0x45,
    0x6, 0x1, 0xf2, 0xa9, 0x1c, 0x3, 0xe2, 0xa1,
    0xa0, 0xf, 0xde, 0x1a, 0x20, 0x1f, 0x19, 0x41,
    0x80, 0x7f, 0x23, 0x80, 0x7f, 0xd, 0x0, 0x7e,

    /* U+040E "Ў" */
    0x0, 0xb9, 0x80, 0x3, 0xe4, 0x1, 0xe4, 0xa1,
    0x8, 0x12, 0x0, 0xf5, 0xbf, 0x7a, 0x68, 0x7,
    0xc3, 0x7f, 0xda, 0x60, 0x19, 0xfd, 0xc0, 0x21,
    0x0, 0xb3, 0xc5, 0xc6, 0x40, 0x3c, 0x87, 0x2,
    0x10, 0x2e, 0x1, 0xd0, 0x2e, 0x0, 0x62, 0x90,
    0xc, 0xa7, 0x0, 0x1a, 0x5, 0xc0, 0x28, 0x26,
    0x0, 0xca, 0x52, 0x0, 0x52, 0x80, 0xf, 0x40,
    0xb8, 0x41, 0x28, 0x7, 0x94, 0xe1, 0xca, 0x40,
    0x3f, 0x40, 0x41, 0xa0, 0x7, 0xe4, 0x20, 0xf0,
    0xf, 0xe3, 0x24, 0x30, 0xf, 0x15, 0xd6, 0x4,
    0x80, 0x7c, 0xea, 0xa3, 0xd2, 0x0, 0xf0,

    /* U+040F "Џ" */
    0xf, 0xc0, 0xf, 0x1f, 0xc0, 0x7, 0xff, 0xfc,
    0x3, 0xff, 0xc6, 0x55, 0x5e, 0x80, 0xc, 0x2a,
    0xbe, 0x40, 0xb, 0xff, 0x30, 0x77, 0xfd, 0x0,
    0x1f, 0xfc, 0xc0,

    /* U+0410 "А" */
    0x0, 0xe4, 0xfe, 0x0, 0xff, 0xbc, 0x5, 0x40,
    0x3f, 0x89, 0x1c, 0x64, 0x3, 0xfa, 0xc2, 0x58,
    0xcc, 0x1, 0xf0, 0xb2, 0x8c, 0x84, 0x0, 0x7c,
    0xc1, 0x20, 0x2a, 0x84, 0x1, 0xe9, 0x23, 0x0,
    0x48, 0x50, 0x7, 0x28, 0xd8, 0x4, 0x66, 0x70,
    0xe, 0x90, 0x9f, 0xfc, 0x60, 0xe0, 0x11, 0x99,
    0x1d, 0xfc, 0x34, 0x1, 0x40, 0x4c, 0x47, 0x98,
    0x94, 0x9, 0x10, 0x40, 0x1e, 0x90, 0x90, 0xa0,
    0xf0, 0xf, 0x85, 0x4c, 0xc0,

    /* U+0411 "Б" */
    0xf, 0xff, 0xe7, 0x0, 0x85, 0x9b, 0xe3, 0x0,
    0x8a, 0x67, 0xe4, 0x0, 0xff, 0xe2, 0x11, 0x61,
    0x0, 0xf1, 0xee, 0xee, 0xe4, 0x0, 0x62, 0xaa,
    0xd0, 0x6f, 0x20, 0x10, 0xaa, 0xe7, 0xd1, 0x61,
    0x0, 0xfe, 0x70, 0x20, 0xf, 0xe3, 0x0, 0xff,
    0x12, 0x1, 0x80, 0x5, 0xdf, 0x56, 0x8c, 0x80,
    0x45, 0x11, 0x91, 0x16, 0xc0,

    /* U+0412 "В" */
    0xf, 0xff, 0x75, 0x18, 0x6, 0x28, 0x89, 0xd1,
    0x70, 0xc0, 0x21, 0x77, 0xa2, 0xa4, 0x24, 0x3,
    0xf9, 0xc1, 0x80, 0x3f, 0x88, 0x14, 0x3, 0x8,
    0xc4, 0x9c, 0x36, 0x1, 0x1f, 0x75, 0xb6, 0x50,
    0x40, 0x11, 0x5d, 0xea, 0x59, 0xb0, 0x8, 0x51,
    0x32, 0xd3, 0x21, 0x80, 0x7f, 0x70, 0x28, 0x7,
    0xf6, 0x1, 0x0, 0x5, 0xdf, 0x46, 0xa1, 0xa0,
    0x0, 0xa2, 0x33, 0x84, 0x60, 0x0,

    /* U+0413 "Г" */
    0xf, 0xff, 0xc6, 0x0, 0x15, 0x5f, 0x8, 0x1,
    0x6a, 0xbc, 0x40, 0x1f, 0xff, 0xf0, 0xf, 0x9c,
    0x3, 0xff, 0x8a,

    /* U+0414 "Д" */
    0x0, 0xb3, 0xff, 0xf0, 0x80, 0x70, 0xaa, 0xf0,
    0x80, 0x78, 0x4a, 0xab, 0x90, 0x3, 0xff, 0x90,
    0x6e, 0x1, 0xff, 0xc0, 0x11, 0x0, 0x7f, 0xf0,
    0x4c, 0x3, 0xfe, 0x10, 0xe0, 0xf, 0xf9, 0x40,
    0x80, 0x3f, 0xe3, 0x7, 0x0, 0xff, 0xa4, 0xc8,
    0x3, 0xf9, 0xf4, 0x42, 0xab, 0xc8, 0x17, 0x36,
    0x40, 0x6a, 0xbe, 0x10, 0x56, 0x1, 0xff, 0xff,
    0x20, 0x7, 0xff, 0x44,

    /* U+0415 "Е" */
    0xf, 0xff, 0xda, 0x1, 0xa, 0xaf, 0xc0, 0x11,
    0x55, 0x7a, 0x0, 0x3f, 0xf9, 0xa5, 0x33, 0xe0,
    0xc, 0x2c, 0xde, 0x10, 0x8, 0xff, 0xfc, 0x20,
    0x1f, 0xfd, 0x82, 0xaa, 0xf8, 0x40, 0x2, 0xab,
    0xf0, 0x0,

    /* U+0416 "Ж" */
    0x1f, 0xd0, 0xe, 0x9f, 0x20, 0xc, 0xbf, 0x0,
    0x32, 0x50, 0x1, 0xfe, 0x1b, 0x28, 0x0, 0x32,
    0x39, 0x0, 0x7f, 0x58, 0xc8, 0x6, 0x90, 0xe0,
    0xf, 0xc8, 0xac, 0x80, 0x18, 0xa0, 0xd8, 0x3,
    0xe9, 0x18, 0x0, 0xf3, 0x9c, 0xd5, 0x1c, 0x26,
    0xb0, 0xac, 0x40, 0x3f, 0x95, 0x42, 0x8, 0xa6,
    0x1, 0xfc, 0xc6, 0x9f, 0xe6, 0xd, 0xfd, 0x8,
    0x0, 0xf0, 0xc0, 0x48, 0x7, 0x89, 0x8a, 0x0,
    0x3a, 0x5, 0xc8, 0x3, 0xe8, 0x17, 0x20, 0x8,
    0xd8, 0x60, 0x3, 0xf0, 0xc0, 0x48, 0x5, 0xe1,
    0x60, 0x1f, 0xe6, 0x34, 0x40, 0x29, 0x99, 0x40,
    0x3f, 0xef, 0x9, 0x0,

    /* U+0417 "З" */
    0x4, 0xad, 0xff, 0x6c, 0x8, 0x0, 0xed, 0x45,
    0x54, 0xf, 0xe4, 0x7, 0x3f, 0x95, 0x4d, 0x81,
    0x80, 0x3, 0x0, 0x73, 0x83, 0x80, 0x7e, 0x30,
    0x60, 0x8, 0xe2, 0x2a, 0xc0, 0x80, 0x9, 0x5d,
    0xe5, 0x6, 0x30, 0x9, 0xbf, 0xee, 0x96, 0xb0,
    0xf, 0x85, 0x9d, 0xc, 0x3, 0xfc, 0xce, 0xa0,
    0x1c, 0x4c, 0xf, 0x75, 0xf7, 0x54, 0xcd, 0x18,
    0x2c, 0xa4, 0x55, 0x89, 0x6d, 0xc0,

    /* U+0418 "И" */
    0xf, 0xc0, 0xf, 0x1f, 0xe8, 0x7, 0xf7, 0x0,
    0x7f, 0xa8, 0x80, 0x3f, 0x99, 0x50, 0x40, 0x3e,
    0x29, 0x1a, 0x0, 0xfd, 0xe1, 0xa2, 0x1, 0xf5,
    0x14, 0x18, 0x7, 0xca, 0xa4, 0x70, 0xf, 0x8a,
    0x86, 0x80, 0x3f, 0x78, 0x68, 0x80, 0x7c, 0x65,
    0x6, 0x1, 0xfc, 0x8e, 0x1, 0xfc, 0x34, 0x1,
    0xf8,

    /* U+0419 "Й" */
    0x0, 0x95, 0x0, 0x26, 0x30, 0xe, 0xda, 0x10,
    0x49, 0x0, 0xf4, 0x27, 0x7d, 0xc1, 0x80, 0x7a,
    0xbf, 0xbd, 0xc0, 0x37, 0xe0, 0x4, 0x20, 0x3,
    0xfd, 0x0, 0xfe, 0xe0, 0xf, 0xf5, 0x10, 0x7,
    0xf3, 0x2a, 0x8, 0x7, 0xc5, 0x23, 0x40, 0x1f,
    0xbc, 0x34, 0x40, 0x3e, 0xa2, 0x83, 0x0, 0xf9,
    0x54, 0x8e, 0x1, 0xf1, 0x50, 0xd0, 0x7, 0xef,
    0xd, 0x10, 0xf, 0x8c, 0xa0, 0xc0, 0x3f, 0x91,
    0xc0, 0x3f, 0x86, 0x80, 0x3f, 0x0,

    /* U+041A "К" */
    0xf, 0xb0, 0xe, 0x1e, 0xd0, 0xf, 0xea, 0x1e,
    0x0, 0xfc, 0xe9, 0x26, 0x1, 0xf1, 0xc2, 0xb0,
    0x7, 0xc3, 0xa5, 0x40, 0x1c, 0xb5, 0x4c, 0x1e,
    0x0, 0xf0, 0xaa, 0x88, 0x4, 0x3, 0xc9, 0xfe,
    0xa0, 0xe0, 0xf, 0xe5, 0x51, 0xb8, 0x7, 0xf5,
    0x8c, 0x10, 0x7, 0xe1, 0xa0, 0xe0, 0xf, 0xe4,
    0x63, 0x70, 0xf, 0xe9, 0x28, 0x20,

    /* U+041B "Л" */
    0x0, 0xab, 0xff, 0xf2, 0x0, 0x72, 0xaf, 0x10,
    0x7, 0x8, 0xaa, 0xb9, 0x40, 0x3c, 0x60, 0x1f,
    0xf3, 0x80, 0x7f, 0xf0, 0x4, 0x40, 0x1f, 0xf1,
    0xb8, 0x7, 0xfc, 0x22, 0x0, 0xff, 0x8, 0x18,
    0x7, 0xf9, 0x3, 0xc0, 0x3f, 0xd2, 0x8, 0x1,
    0xfa, 0x34, 0xd0, 0x80, 0x3f, 0x11, 0x12, 0x80,
    0x3f, 0x80,

    /* U+041C "М" */
    0xf, 0xb0, 0xf, 0xe6, 0xf5, 0x0, 0x22, 0x0,
    0x3f, 0x40, 0x7, 0x48, 0x7, 0xd0, 0x20, 0x1c,
    0x4e, 0x1, 0xc4, 0xe0, 0x1c, 0x85, 0x22, 0x1,
    0xa0, 0x1c, 0x3, 0xa4, 0x60, 0x2, 0x35, 0x6e,
    0x0, 0xe4, 0x43, 0x10, 0x3, 0xc6, 0x0, 0x3e,
    0x90, 0x90, 0x53, 0x81, 0x0, 0x18, 0x6, 0x27,
    0x45, 0xb3, 0x60, 0x30, 0xf, 0xa0, 0xa8, 0x7c,
    0x3, 0xfe, 0x80, 0x53, 0x0, 0xff, 0x96, 0x6c,
    0x3, 0xff, 0x82, 0xc2, 0x1, 0xe0,

    /* U+041D "Н" */
    0xf, 0xc0, 0xf, 0xbf, 0x0, 0x3f, 0xfc, 0xc5,
    0x55, 0xf0, 0x6, 0x15, 0x5f, 0x80, 0x31, 0xff,
    0xfc, 0x1, 0xff, 0xf2,

    /* U+041E "О" */
    0x0, 0xc9, 0x7d, 0xfe, 0xc6, 0x0, 0xfa, 0xec,
    0x84, 0xa8, 0x73, 0xa4, 0x1, 0xad, 0x11, 0xd9,
    0x57, 0xee, 0x58, 0x20, 0x5, 0x44, 0x58, 0x80,
    0x68, 0x71, 0x80, 0x4, 0x84, 0x80, 0x7d, 0x2,
    0xc0, 0x3, 0x22, 0x0, 0x7e, 0x70, 0x31, 0x6,
    0x0, 0xfe, 0xe0, 0x71, 0x6, 0x0, 0xfe, 0xe0,
    0x70, 0x32, 0x20, 0x7, 0xe7, 0x3, 0x9, 0x9,
    0x0, 0xfa, 0x5, 0x80, 0xa, 0x88, 0xb2, 0x0,
    0xd2, 0xe3, 0x0, 0x15, 0xa2, 0x37, 0x2b, 0x3d,
    0x8b, 0x4, 0x3, 0x5d, 0x90, 0x94, 0xcd, 0x3a,
    0x40, 0x0,

    /* U+041F "П" */
    0xf, 0xff, 0xf6, 0x80, 0x5, 0x57, 0xe0, 0xc,
    0x55, 0x5f, 0x0, 0x7f, 0xff, 0xc0, 0x3f, 0xfc,
    0x60,

    /* U+0420 "Р" */
    0xf, 0xff, 0x6c, 0x8, 0x6, 0x15, 0x5c, 0x6f,
    0xe4, 0x1, 0x15, 0x56, 0xe8, 0x19, 0x0, 0xfe,
    0x72, 0x40, 0xf, 0xf3, 0x0, 0x80, 0x7f, 0x30,
    0x8, 0x7, 0xe7, 0x24, 0x0, 0x8a, 0xab, 0x74,
    0xc, 0x80, 0x42, 0xab, 0x8d, 0xfc, 0x80, 0x23,
    0xff, 0xdb, 0x2, 0x1, 0xff, 0xda,

    /* U+0421 "С" */
    0x0, 0xc9, 0x7d, 0xfe, 0xc6, 0x0, 0xeb, 0xb2,
    0x12, 0xa1, 0xce, 0x8, 0x2, 0xd1, 0x1b, 0x95,
    0x7e, 0xe2, 0x0, 0x54, 0x45, 0x90, 0x6, 0x8d,
    0x10, 0x90, 0x90, 0xf, 0xf1, 0x91, 0x0, 0x3f,
    0xe6, 0x0, 0xff, 0xe0, 0x30, 0x7, 0xfc, 0x64,
    0x40, 0xf, 0xf4, 0x84, 0x80, 0x7f, 0x95, 0x11,
    0x64, 0x1, 0xa7, 0x44, 0x1, 0x68, 0x8d, 0xcb,
    0xb7, 0xb0, 0x80, 0x6b, 0xb2, 0x12, 0x25, 0x38,
    0x20,

    /* U+0422 "Т" */
    0xcf, 0xff, 0xea, 0xb5, 0x58, 0xc1, 0x15, 0x6c,
    0x7a, 0xaa, 0xc3, 0xea, 0xa6, 0x0, 0xff, 0xff,
    0x80, 0x7f, 0xf5, 0xc0,

    /* U+0423 "У" */
    0x7f, 0x70, 0xf, 0xb3, 0xc5, 0xc6, 0x40, 0x3c,
    0x87, 0x2, 0x10, 0x2e, 0x1, 0xd0, 0x2e, 0x0,
    0x62, 0x90, 0xc, 0xa7, 0x0, 0x1a, 0x5, 0xc0,
    0x28, 0x26, 0x0, 0xca, 0x52, 0x0, 0x52, 0x80,
    0xf, 0x40, 0xb8, 0x41, 0x28, 0x7, 0x94, 0xe1,
    0xca, 0x40, 0x3f, 0x40, 0x41, 0xa0, 0x7, 0xe4,
    0x20, 0xf0, 0xf, 0xe3, 0x24, 0x30, 0xf, 0x15,
    0xd6, 0x4, 0x80, 0x7c, 0xea, 0xa3, 0xd2, 0x0,
    0xf0,

    /* U+0424 "Ф" */
    0x0, 0xf8, 0x48, 0x3, 0xff, 0x85, 0x3a, 0x80,
    0x1f, 0xc5, 0x3b, 0xee, 0x17, 0xf8, 0xe0, 0x1c,
    0xda, 0xcc, 0x84, 0x7, 0x70, 0xc7, 0x10, 0x1,
    0x24, 0xb6, 0xdc, 0xc2, 0xe3, 0x68, 0x70, 0x42,
    0x43, 0xc8, 0x3, 0xe5, 0x91, 0x61, 0x24, 0x20,
    0xf, 0xe6, 0xb, 0x30, 0x20, 0xf, 0xf8, 0x44,
    0x60, 0x60, 0x1f, 0xf0, 0x8e, 0x40, 0xf, 0xf2,
    0x2, 0x4, 0xd, 0x80, 0x7e, 0x2a, 0xa, 0x6,
    0x62, 0x74, 0x20, 0x83, 0x2c, 0xe8, 0xd1, 0x0,
    0x26, 0x89, 0xed, 0x82, 0xa8, 0xcb, 0xaa, 0x1,
    0x97, 0x3b, 0x14, 0x27, 0x3e, 0x88, 0x3, 0xe1,
    0x3c, 0x24, 0x30, 0xe,

    /* U+0425 "Х" */
    0x1f, 0xe1, 0x0, 0xc5, 0xfc, 0x22, 0x91, 0xa0,
    0xd, 0xc1, 0x62, 0xc, 0x88, 0x60, 0x3, 0x9a,
    0xa8, 0x2, 0xa1, 0x92, 0x38, 0x1b, 0x0, 0xc3,
    0x61, 0xdc, 0xa, 0x10, 0xe, 0x55, 0x19, 0x32,
    0x0, 0x7d, 0xc0, 0xc, 0x0, 0xfd, 0x40, 0xb,
    0x10, 0xf, 0x48, 0xc3, 0x8d, 0x80, 0x72, 0x31,
    0xbc, 0x12, 0xa8, 0x2, 0x1a, 0xe, 0x0, 0x78,
    0x58, 0x80, 0x2c, 0x64, 0x80, 0x5, 0x3, 0x40,
    0xaa, 0x46, 0x0, 0xce, 0x88, 0x60,

    /* U+0426 "Ц" */
    0xf, 0xc0, 0xf, 0x1f, 0xc0, 0x7, 0xff, 0xfc,
    0x3, 0xff, 0xf2, 0x55, 0x5e, 0x80, 0x5a, 0x40,
    0x0, 0xaa, 0xf9, 0x0, 0x94, 0xc3, 0xff, 0xfd,
    0x80, 0x1f, 0xfd, 0x20,

    /* U+0427 "Ч" */
    0x5f, 0x60, 0xf, 0x6f, 0x80, 0x7f, 0xf5, 0xc4,
    0x3, 0xf3, 0x5, 0x80, 0x7e, 0x32, 0x3a, 0x20,
    0x13, 0x82, 0x0, 0x78, 0xae, 0xff, 0x63, 0x80,
    0x45, 0xd4, 0xca, 0xf5, 0xc4, 0x1, 0x96, 0x6a,
    0x14, 0x40, 0x3f, 0xfa, 0xe0,

    /* U+0428 "Ш" */
    0xf, 0xc0, 0xe, 0xfc, 0x0, 0xef, 0xc0, 0xf,
    0xff, 0xf8, 0x7, 0xff, 0xfc, 0x3, 0xff, 0x94,
    0x55, 0x5c, 0x5, 0x55, 0xc0, 0x18, 0x55, 0x78,
    0x5, 0x57, 0x80, 0x0,

    /* U+0429 "Щ" */
    0xf, 0xc0, 0xe, 0xfc, 0x0, 0xef, 0xc0, 0xf,
    0xff, 0xf8, 0x7, 0xff, 0xfc, 0x3, 0xff, 0xc0,
    0x55, 0x5c, 0x5, 0x55, 0xc0, 0x54, 0xc0, 0x1,
    0x55, 0xe0, 0x15, 0x5e, 0x1, 0x5c, 0xf, 0xff,
    0xfe, 0x20, 0x7, 0xff, 0x70,

    /* U+042A "Ъ" */
    0xcf, 0xfd, 0xa0, 0x1f, 0xd6, 0xab, 0x0, 0x7f,
    0xcf, 0x55, 0x0, 0x7f, 0xf5, 0x8, 0xb0, 0x80,
    0x7f, 0x16, 0xee, 0xee, 0x38, 0x7, 0xc3, 0x55,
    0xa0, 0xe2, 0x0, 0x1e, 0x35, 0x5c, 0xf8, 0x2e,
    0x1, 0xff, 0xc0, 0x14, 0x2, 0x0, 0xff, 0xe0,
    0x8, 0x7, 0xff, 0x4, 0xd0, 0x48, 0x3, 0x8d,
    0xde, 0x8a, 0xc0, 0xb0, 0xf, 0xc, 0x44, 0xe8,
    0xb8, 0xa0,

    /* U+042B "Ы" */
    0xf, 0xc0, 0xf, 0xf7, 0x70, 0x3, 0xff, 0xc8,
    0x45, 0x84, 0x3, 0xf8, 0xf7, 0x77, 0x6b, 0x0,
    0x7c, 0x55, 0x59, 0xce, 0x5c, 0x3, 0xc2, 0xab,
    0xa3, 0xc2, 0x40, 0x3f, 0xf8, 0x2, 0x82, 0x20,
    0xf, 0xfe, 0x3, 0x80, 0x7f, 0xf0, 0x4c, 0xc4,
    0x20, 0x1c, 0x2e, 0xf4, 0x5e, 0x4, 0x80, 0x78,
    0xa2, 0x27, 0x55, 0x6a, 0x0, 0x60,

    /* U+042C "Ь" */
    0xf, 0xc0, 0xf, 0xff, 0x21, 0x16, 0x10, 0xf,
    0x1e, 0xee, 0xed, 0x60, 0xc, 0x55, 0x59, 0xce,
    0x5c, 0x2, 0x15, 0x5d, 0x1e, 0x12, 0x1, 0xfc,
    0x28, 0x22, 0x0, 0xfe, 0x70, 0xf, 0xf1, 0x98,
    0x84, 0x0, 0x2e, 0xf4, 0x5e, 0x4, 0x80, 0x45,
    0x11, 0x3a, 0xab, 0x50, 0x0,

    /* U+042D "Э" */
    0x0, 0x35, 0xf7, 0xf5, 0x20, 0x4, 0x3b, 0x28,
    0xa8, 0x6b, 0x72, 0x1, 0xa3, 0xee, 0xdb, 0x84,
    0xd0, 0x3, 0xae, 0x1, 0x8f, 0x5, 0xc4, 0x3,
    0xf0, 0xc0, 0x30, 0x4, 0x31, 0x1d, 0x81, 0x80,
    0x11, 0x3b, 0xf2, 0x83, 0x80, 0x47, 0xff, 0xda,
    0xe, 0x1, 0xfc, 0x81, 0x80, 0x1f, 0x86, 0x1,
    0x8b, 0xa0, 0x3, 0x1e, 0xc, 0x9, 0x93, 0xfe,
    0x5e, 0xe1, 0x3b, 0x80, 0x72, 0x50, 0x90, 0xd7,
    0x20, 0x0,

    /* U+042E "Ю" */
    0xf, 0xc0, 0xe, 0x5b, 0xef, 0xea, 0x40, 0xf,
    0xf5, 0xd2, 0x12, 0x12, 0xdc, 0x80, 0x7e, 0xb4,
    0x47, 0x65, 0xe6, 0x9b, 0x40, 0x7, 0x95, 0xe,
    0xc4, 0x2, 0x2d, 0x27, 0x20, 0xe, 0xe0, 0xf0,
    0xf, 0xc, 0x5, 0x0, 0xa, 0xec, 0x82, 0x60,
    0x1f, 0x20, 0x18, 0x0, 0x51, 0x0, 0x60, 0x1f,
    0x84, 0x1c, 0x0, 0x7f, 0xe1, 0x30, 0xf, 0xc2,
    0xe, 0x1, 0xca, 0x26, 0x1, 0xf3, 0x81, 0x80,
    0x77, 0x7, 0x80, 0x78, 0x60, 0x28, 0x3, 0x95,
    0xe, 0xc8, 0x2, 0x2c, 0x17, 0x20, 0xf, 0x5a,
    0x23, 0x72, 0xf7, 0x44, 0xd0, 0x1, 0xfa, 0xe9,
    0xd, 0xd, 0x72, 0x40, 0x0,

    /* U+042F "Я" */
    0x0, 0x3e, 0x7f, 0xf8, 0xc3, 0x20, 0x95, 0x71,
    0x0, 0x20, 0xd7, 0xaa, 0xb2, 0x0, 0x14, 0x28,
    0x3, 0xf1, 0x8, 0x7, 0xf1, 0x8, 0x7, 0xf2,
    0x4, 0x0, 0x7e, 0x82, 0x7d, 0xa9, 0x99, 0x0,
    0x3, 0x8a, 0x4a, 0xcd, 0x10, 0x4, 0x22, 0xd,
    0xff, 0x98, 0x2, 0x54, 0x72, 0x0, 0xf0, 0xd9,
    0x40, 0x7, 0xd6, 0x32, 0x1, 0xf8,

    /* U+0430 "а" */
    0x1, 0x8d, 0xff, 0x6b, 0x0, 0x56, 0xec, 0xd1,
    0xcb, 0x80, 0x23, 0x6e, 0x65, 0xe3, 0x0, 0x2,
    0x20, 0x4, 0x28, 0x4, 0x3, 0x5f, 0xf9, 0x40,
    0x2d, 0x58, 0xbc, 0xc2, 0x80, 0x4, 0xd5, 0xd0,
    0xce, 0x0, 0xc2, 0x1, 0xb, 0x80, 0x5, 0x11,
    0x8, 0xd8, 0x20, 0x15, 0xb3, 0x2e, 0x16, 0x0,
    0x0,

    /* U+0431 "б" */
    0x0, 0xf8, 0x94, 0xc0, 0x39, 0xab, 0xb6, 0xac,
    0x2, 0x6f, 0x95, 0x26, 0xa9, 0x0, 0x34, 0x95,
    0x7e, 0x4a, 0x88, 0xc, 0x9e, 0xa8, 0x7, 0x98,
    0x3c, 0x9e, 0x60, 0x80, 0x2c, 0x15, 0xd8, 0x67,
    0xd8, 0x0, 0x30, 0xcc, 0x77, 0xd9, 0x3b, 0x1,
    0x83, 0xb8, 0x41, 0x3c, 0x2c, 0xc, 0x28, 0x3,
    0x12, 0x10, 0xb0, 0x18, 0x7, 0x8, 0x0, 0xc1,
    0x0, 0x39, 0x0, 0x68, 0x2c, 0x40, 0x28, 0x17,
    0x2, 0x81, 0xf9, 0x8c, 0x73, 0x80, 0x3, 0xd1,
    0x33, 0x8c, 0x60, 0x0,

    /* U+0432 "в" */
    0x5f, 0xfe, 0xd7, 0x0, 0xcd, 0x33, 0xc, 0x38,
    0x5, 0x8c, 0xd6, 0x86, 0x80, 0x46, 0x0, 0x19,
    0xf, 0x0, 0xa7, 0xfd, 0xce, 0xaa, 0x0, 0x9f,
    0x31, 0x6e, 0xb2, 0x1, 0x69, 0x99, 0x20, 0xd8,
    0x3, 0xff, 0x83, 0x8c, 0xd5, 0x1a, 0x80, 0x4d,
    0x33, 0x23, 0x50, 0x0,

    /* U+0433 "г" */
    0x5f, 0xff, 0x58, 0x0, 0xd9, 0xb6, 0x80, 0x2a,
    0x67, 0x30, 0x7, 0xff, 0xb0,

    /* U+0434 "д" */
    0x0, 0x47, 0xff, 0xb8, 0x3, 0xcc, 0xd8, 0x40,
    0x38, 0x42, 0x67, 0x18, 0x7, 0x18, 0x7, 0xfc,
    0x22, 0x0, 0xff, 0x39, 0x80, 0x7f, 0x8d, 0xc0,
    0x3f, 0x90, 0x30, 0x3, 0xf4, 0x50, 0x7c, 0x46,
    0x31, 0x83, 0x51, 0x6, 0x77, 0xc2, 0xe, 0xa0,
    0x7f, 0xff, 0x58, 0x7, 0xff, 0xa, 0xe8, 0x3,
    0xe6, 0x75,

    /* U+0435 "е" */
    0x0, 0xc, 0x77, 0xf5, 0x10, 0x4, 0x38, 0xea,
    0xe8, 0xba, 0x40, 0x8, 0x2a, 0xb8, 0xad, 0x1e,
    0x0, 0x32, 0x28, 0x4, 0x4c, 0x64, 0x40, 0x4f,
    0xfe, 0x70, 0x60, 0x2, 0xe6, 0x7c, 0x84, 0xc,
    0x67, 0xf0, 0x1, 0x8d, 0xc0, 0x34, 0x8, 0x2,
    0x4e, 0x36, 0x65, 0xce, 0xc0, 0x16, 0x40, 0x33,
    0xa, 0x9c, 0x0,

    /* U+0436 "ж" */
    0x3f, 0x90, 0x8, 0xfe, 0x0, 0x25, 0xf7, 0x3,
    0x66, 0x18, 0x7, 0xeb, 0x27, 0x0, 0x40, 0xf8,
    0x7, 0xd0, 0x32, 0x1, 0xc, 0x1a, 0x80, 0x71,
    0x3a, 0x20, 0x3, 0x31, 0xdc, 0x48, 0x24, 0x70,
    0x48, 0x7, 0xc2, 0xea, 0x6, 0xe6, 0x6, 0x1,
    0xce, 0x6d, 0xf8, 0xf, 0xf6, 0x14, 0x1, 0x8a,
    0xa, 0x40, 0x39, 0x15, 0x18, 0x2, 0xe0, 0x90,
    0xf, 0xac, 0x64, 0x41, 0xcd, 0x90, 0x3, 0xe1,
    0xb0, 0xa0,

    /* U+0437 "з" */
    0x5, 0xbe, 0xfe, 0xa3, 0x0, 0x5b, 0x23, 0x2a,
    0xb0, 0xc3, 0xf6, 0xa6, 0xe8, 0x2c, 0x4, 0x2,
    0x2c, 0xb, 0x0, 0x27, 0xfb, 0x5a, 0x4c, 0x0,
    0x99, 0x8b, 0x49, 0x60, 0x8, 0xcc, 0x96, 0x14,
    0x8, 0x1, 0x8c, 0x1d, 0x6f, 0x66, 0x2b, 0x2,
    0x16, 0x59, 0xdc, 0x8b, 0x86,

    /* U+0438 "и" */
    0x5f, 0x60, 0xc, 0x7f, 0xa0, 0x1e, 0x1d, 0x0,
    0xfd, 0x42, 0x1, 0xf4, 0xa4, 0x8, 0x7, 0x2b,
    0x2b, 0x80, 0x71, 0xd1, 0x50, 0x7, 0xe, 0x8f,
    0x80, 0x7a, 0x6, 0x88, 0x3, 0xe8, 0x40, 0xf,
    0x95, 0xc0, 0x3c,

    /* U+0439 "й" */
    0x0, 0x54, 0x0, 0x13, 0xc0, 0x36, 0x30, 0x87,
    0xa8, 0x6, 0x67, 0xef, 0x7b, 0x0, 0xe9, 0xfe,
    0xc1, 0x0, 0x2f, 0xb0, 0x0, 0x40, 0xff, 0x40,
    0x3c, 0x3a, 0x1, 0xfa, 0x84, 0x3, 0xe9, 0x48,
    0x10, 0xe, 0x56, 0x57, 0x0, 0xe3, 0xa2, 0xa0,
    0xe, 0x1d, 0x1f, 0x0, 0xf4, 0xd, 0x10, 0x7,
    0xd0, 0x80, 0x1f, 0x2b, 0x80, 0x78,

    /* U+043A "к" */
    0x5f, 0x60, 0xd, 0xbc, 0x20, 0x1e, 0x82, 0xa1,
    0x0, 0xe4, 0x76, 0x40, 0xf, 0x51, 0x48, 0x6,
    0xd8, 0xb1, 0xf0, 0xe, 0x47, 0x40, 0xf, 0xa7,
    0xf0, 0x3c, 0x3, 0xe3, 0x92, 0xa0, 0xf, 0x99,
    0x8a, 0xe0, 0x1f, 0x49, 0xc2, 0x0,

    /* U+043B "л" */
    0x0, 0x3f, 0xff, 0xb4, 0x1, 0xe0, 0xcd, 0x80,
    0x30, 0x84, 0xce, 0x20, 0xc, 0x20, 0x1f, 0x8c,
    0x3, 0xf9, 0x88, 0x3, 0xf1, 0x30, 0x7, 0xc6,
    0x3a, 0x1, 0xe8, 0xd0, 0x50, 0xf, 0x20, 0xc9,
    0x0, 0x78,

    /* U+043C "м" */
    0x5f, 0xb0, 0xf, 0x1f, 0xd0, 0x1, 0x10, 0x1,
    0xde, 0x1, 0xd2, 0x1, 0x98, 0xc0, 0x33, 0x93,
    0x0, 0x50, 0xa2, 0x1, 0x62, 0x40, 0x2, 0x6,
    0xc0, 0x3a, 0x46, 0x5, 0xe0, 0x40, 0x38, 0x9d,
    0xd4, 0x2e, 0x1, 0xf4, 0x8a, 0x58, 0x7, 0xe1,
    0x85, 0x50, 0x7, 0xf3, 0x50, 0x7, 0x0,

    /* U+043D "н" */
    0x5f, 0x60, 0xc, 0x5f, 0x20, 0x1f, 0xfd, 0x4d,
    0x88, 0xd6, 0x1, 0x91, 0xdf, 0x30, 0x6, 0x9f,
    0xfd, 0xa0, 0x1f, 0xfd, 0x40,

    /* U+043E "о" */
    0x0, 0xa3, 0x7f, 0xd6, 0x60, 0x1b, 0x1c, 0x19,
    0x53, 0x18, 0x1, 0x26, 0xfb, 0x35, 0xc5, 0x24,
    0xc, 0x50, 0x1, 0xc, 0x5, 0x10, 0x20, 0x7,
    0x20, 0x10, 0x7, 0xfc, 0x40, 0x80, 0x1c, 0x81,
    0xa0, 0xc5, 0x0, 0x10, 0xc0, 0x30, 0x49, 0xbe,
    0xcd, 0x71, 0x50, 0x80, 0x32, 0x1, 0x95, 0x31,
    0x40,

    /* U+043F "п" */
    0x5f, 0xff, 0xd0, 0x0, 0x36, 0x6c, 0xa0, 0x1a,
    0xa6, 0x78, 0x3, 0xff, 0xf8,

    /* U+0440 "р" */
    0x5f, 0x56, 0xdf, 0xf5, 0x98, 0x6, 0x89, 0x16,
    0x44, 0x62, 0x0, 0x45, 0x59, 0x37, 0x81, 0x40,
    0x12, 0xa8, 0x2, 0x38, 0x15, 0x0, 0x60, 0x7,
    0x20, 0x68, 0x0, 0x40, 0x3f, 0xd8, 0x1, 0xc8,
    0x1a, 0x0, 0x45, 0x0, 0x8e, 0x5, 0x40, 0x5,
    0x59, 0x37, 0x81, 0x40, 0x15, 0xc8, 0xb2, 0x23,
    0x10, 0x3, 0x36, 0xff, 0xac, 0xc0, 0x3f, 0xfa,
    0xe0,

    /* U+0441 "с" */
    0x0, 0x9f, 0x7f, 0xd6, 0x60, 0x16, 0x40, 0x32,
    0xa6, 0x28, 0x49, 0xbe, 0xcd, 0x6a, 0x30, 0x31,
    0x40, 0x4, 0x56, 0x64, 0x8, 0x1, 0xff, 0xc5,
    0x20, 0x40, 0xf, 0xcc, 0x50, 0x1, 0x15, 0x98,
    0x49, 0xbe, 0xcd, 0x6a, 0x38, 0x3, 0x20, 0x19,
    0x53, 0x10,

    /* U+0442 "т" */
    0xef, 0xff, 0xb1, 0x9a, 0x30, 0x46, 0x65, 0xc4,
    0xca, 0xc3, 0xe6, 0x4e, 0x1, 0xff, 0xf3,

    /* U+0443 "у" */
    0xb, 0xf1, 0x0, 0xeb, 0xf0, 0x7, 0x83, 0x0,
    0x61, 0x46, 0x0, 0x21, 0x48, 0x6, 0x90, 0xb0,
    0xa, 0x85, 0x0, 0x26, 0x42, 0x0, 0x98, 0x3c,
    0x0, 0xa3, 0xc0, 0x18, 0x55, 0x8, 0x38, 0x54,
    0x3, 0xa4, 0x28, 0x92, 0x40, 0x3c, 0x66, 0x6b,
    0x6, 0x0, 0xfa, 0x85, 0x94, 0x40, 0x3e, 0x60,
    0x7, 0x0, 0x7f, 0x11, 0x10, 0x3, 0x84, 0x0,
    0xa5, 0x60, 0x1e, 0xfa, 0x9a, 0x26, 0x0, 0xf3,
    0xa3, 0x27, 0x80, 0x78,

    /* U+0444 "ф" */
    0x0, 0xf2, 0x40, 0x7, 0xff, 0x3, 0x5c, 0x40,
    0x3f, 0xfb, 0xb, 0x7c, 0xc1, 0xd9, 0x2, 0x1,
    0xb2, 0x91, 0x48, 0x14, 0x5f, 0x90, 0x1, 0x26,
    0xdf, 0x68, 0x17, 0xb8, 0x36, 0x40, 0xc7, 0x20,
    0x1e, 0x3b, 0xa, 0x30, 0x40, 0xf, 0xca, 0x6,
    0x1, 0xff, 0xc2, 0x30, 0x50, 0xf, 0xca, 0x6,
    0xc, 0x52, 0x1, 0xe4, 0xb0, 0x90, 0x94, 0x6f,
    0xb4, 0xb, 0xdb, 0x1b, 0x10, 0x5, 0xd2, 0x29,
    0x2, 0x8b, 0xf2, 0x0, 0x65, 0xbe, 0x60, 0xec,
    0x81, 0x0, 0xff, 0xf0, 0x0,

    /* U+0445 "х" */
    0x4f, 0xa0, 0xd, 0xbc, 0x28, 0xea, 0xa0, 0x4,
    0x95, 0x8, 0x41, 0xd1, 0x2b, 0x3a, 0x0, 0x5c,
    0x1f, 0x67, 0x0, 0x18, 0xa4, 0x87, 0x80, 0x3d,
    0xc0, 0x6, 0x0, 0xe4, 0x75, 0x2a, 0x10, 0x8,
    0x68, 0xab, 0x86, 0x80, 0x2a, 0x1e, 0x3, 0x84,
    0x70, 0x74, 0x83, 0x0, 0x3a, 0x41, 0x80,

    /* U+0446 "ц" */
    0x5f, 0x60, 0xc, 0xde, 0xa0, 0x1f, 0xff, 0xf0,
    0xe, 0xa9, 0x9d, 0xa1, 0xce, 0x0, 0x36, 0x6c,
    0x80, 0x94, 0xbf, 0xff, 0x8c, 0x3, 0xff, 0x93,
    0x56,

    /* U+0447 "ч" */
    0x4f, 0x70, 0xc, 0xfe, 0x80, 0x1f, 0xfc, 0x87,
    0xe, 0x0, 0xf8, 0xc5, 0x98, 0x46, 0xd6, 0x1,
    0x50, 0xce, 0xe4, 0x88, 0x4, 0x9d, 0x95, 0x9f,
    0x40, 0x1c, 0x6a, 0x60, 0x1f, 0xfc, 0xc0,

    /* U+0448 "ш" */
    0x5f, 0x60, 0x9, 0xbd, 0x40, 0x27, 0xf4, 0x0,
    0xff, 0xff, 0x80, 0x7f, 0xf5, 0x2a, 0x66, 0xa0,
    0xe9, 0x9a, 0xc0, 0x31, 0xb3, 0x46, 0x8, 0xcd,
    0x18, 0x0,

    /* U+0449 "щ" */
    0x5f, 0x60, 0x9, 0xbd, 0x40, 0x27, 0xf4, 0x0,
    0xff, 0xff, 0x80, 0x7f, 0xf7, 0x2a, 0x66, 0xa0,
    0xe9, 0x9a, 0xc3, 0xd8, 0x0, 0x6c, 0xd1, 0x82,
    0x33, 0x46, 0x9, 0x8b, 0xff, 0xff, 0xc1, 0x0,
    0xff, 0xe3, 0x0,

    /* U+044A "ъ" */
    0xef, 0xfa, 0xc0, 0x3c, 0xcd, 0x0, 0x7e, 0x89,
    0x90, 0x7, 0xff, 0x4, 0x44, 0x1, 0xf9, 0x3b,
    0x9f, 0xe9, 0x0, 0xe3, 0xbb, 0x99, 0x92, 0x1,
    0x9d, 0x12, 0x92, 0x70, 0xf, 0xe3, 0x0, 0xe6,
    0x55, 0x35, 0x8b, 0x0, 0x62, 0xaa, 0x4b, 0x44,
    0x0,

    /* U+044B "ы" */
    0x5f, 0x60, 0xf, 0xbb, 0x40, 0x3f, 0xf9, 0xc2,
    0x30, 0x7, 0xf4, 0x77, 0x3f, 0x58, 0x3, 0xcf,
    0x76, 0xa1, 0x95, 0x0, 0xee, 0x44, 0x2f, 0x7,
    0x80, 0x7f, 0x8, 0x18, 0x7, 0x7a, 0xa9, 0xf4,
    0x34, 0x3, 0x9a, 0xa9, 0xb, 0x68, 0x1, 0x0,

    /* U+044C "ь" */
    0x5f, 0x60, 0xf, 0xfe, 0x70, 0x8c, 0x1, 0xe8,
    0xee, 0x7f, 0x38, 0x4, 0xf7, 0x6a, 0x58, 0x70,
    0x7, 0x22, 0x16, 0xc2, 0xc0, 0x3c, 0x20, 0xe0,
    0xf, 0x55, 0x3e, 0x7, 0x0, 0x1a, 0xa9, 0x3,
    0x4a,

    /* U+044D "э" */
    0x4, 0xbe, 0xfe, 0x91, 0x0, 0x25, 0xb3, 0x21,
    0x1b, 0x8c, 0x12, 0xf6, 0x1e, 0xb4, 0x74, 0x0,
    0x80, 0x1, 0x11, 0xc0, 0xa8, 0x5, 0xbd, 0xd4,
    0x86, 0x80, 0x5d, 0x77, 0x50, 0x7, 0x1a, 0x24,
    0x0, 0xd0, 0x70, 0xc, 0x56, 0x2a, 0x91, 0xd2,
    0xf5, 0xa3, 0xa0, 0x96, 0xaf, 0x8, 0xda, 0x60,

    /* U+044E "ю" */
    0x5f, 0x60, 0x9, 0x2f, 0xfd, 0xac, 0x1, 0xf3,
    0xda, 0x2b, 0x4, 0xd0, 0x7, 0x14, 0x17, 0x54,
    0xea, 0xac, 0x1, 0xa8, 0x24, 0x40, 0x2b, 0x9,
    0x0, 0x4f, 0xb8, 0x20, 0x6, 0x13, 0x20, 0x1,
    0xa8, 0x80, 0x7f, 0xd5, 0x46, 0x4, 0x0, 0xc2,
    0x6a, 0x1, 0xa8, 0x24, 0x40, 0x2b, 0xe, 0x0,
    0xc5, 0x25, 0xd5, 0x3c, 0xab, 0x0, 0x73, 0x5a,
    0x2b, 0x14, 0xd0, 0x0,

    /* U+044F "я" */
    0x0, 0x2e, 0x7f, 0xf2, 0x83, 0x51, 0x2b, 0x31,
    0x40, 0x28, 0xf, 0xa9, 0x98, 0x2, 0x14, 0x10,
    0xf, 0xcc, 0x1, 0xf9, 0x4a, 0x4, 0x0, 0xe0,
    0x15, 0x2b, 0xf7, 0xfa, 0xc0, 0x34, 0x83, 0x66,
    0x24, 0x2, 0x1d, 0x39, 0x33, 0x28, 0x5, 0xa3,
    0xc0, 0x1e,

    /* U+0450 "ѐ" */
    0x0, 0x1f, 0x68, 0x80, 0x7c, 0x7e, 0x38, 0x20,
    0x1f, 0xe, 0x52, 0x0, 0x7f, 0x3a, 0x80, 0x78,
    0x63, 0xbf, 0xa8, 0x80, 0x21, 0xc7, 0x57, 0x45,
    0xd2, 0x0, 0x41, 0x55, 0xc5, 0x68, 0xf0, 0x1,
    0x91, 0x40, 0x22, 0x63, 0x22, 0x2, 0x7f, 0xf3,
    0x83, 0x0, 0x17, 0x33, 0xe4, 0x20, 0x63, 0x3f,
    0x80, 0xc, 0x6e, 0x1, 0xa0, 0x40, 0x12, 0x71,
    0xb3, 0x2e, 0x76, 0x0, 0xb2, 0x1, 0x98, 0x54,
    0xe0,

    /* U+0451 "ё" */
    0x0, 0xb6, 0x41, 0xf8, 0x3, 0xc2, 0x20, 0x1,
    0x80, 0x7b, 0x20, 0x1f, 0x40, 0x38, 0x63, 0xbf,
    0xa8, 0x80, 0x21, 0xc7, 0x57, 0x45, 0xd2, 0x0,
    0x41, 0x55, 0xc5, 0x68, 0xf0, 0x1, 0x91, 0x40,
    0x22, 0x63, 0x22, 0x2, 0x7f, 0xf3, 0x83, 0x0,
    0x17, 0x33, 0xe4, 0x20, 0x63, 0x3f, 0x80, 0xc,
    0x6e, 0x1, 0xa0, 0x40, 0x12, 0x71, 0xb3, 0x2e,
    0x76, 0x0, 0xb2, 0x1, 0x98, 0x54, 0xe0,

    /* U+0452 "ђ" */
    0x0, 0x14, 0x10, 0x7, 0xf3, 0xbc, 0x1, 0xf1,
    0xfd, 0x5, 0x7f, 0xd4, 0x1, 0x1e, 0x40, 0x46,
    0x65, 0x0, 0x18, 0xc8, 0x9, 0x7b, 0x36, 0x84,
    0x3, 0xa2, 0x59, 0x49, 0x7c, 0x40, 0x31, 0x65,
    0xd6, 0xb0, 0xb0, 0x6, 0x53, 0x0, 0xa0, 0x30,
    0x3, 0x68, 0x6, 0x10, 0xf, 0x8, 0x7, 0x9c,
    0x3, 0xff, 0xcc, 0xbe, 0xc0, 0x1e, 0x70, 0xf,
    0xe1, 0x1, 0x0, 0xf0, 0xe4, 0x60, 0x78, 0x7,
    0x8c, 0x5c, 0xe1, 0x40,

    /* U+0453 "ѓ" */
    0x0, 0xc7, 0xf8, 0x20, 0x11, 0xea, 0xe0, 0x80,
    0x4b, 0x14, 0x1, 0xcc, 0xc0, 0x9, 0x7f, 0xfd,
    0x60, 0x3, 0x66, 0xda, 0x0, 0xa9, 0x9c, 0xc0,
    0x1f, 0xfe, 0xc0,

    /* U+0454 "є" */
    0x0, 0x9f, 0x3f, 0xd8, 0xe0, 0x16, 0x40, 0x3b,
    0xd1, 0x41, 0x7, 0x19, 0x10, 0xbd, 0xb0, 0x73,
    0x61, 0x18, 0x8, 0x48, 0xf, 0xbb, 0x18, 0x6,
    0x6b, 0xbc, 0x60, 0x2, 0x2, 0x44, 0xc0, 0x19,
    0x91, 0x80, 0x33, 0x18, 0x49, 0xce, 0x3b, 0xb2,
    0x64, 0x0, 0xc8, 0x18, 0x80, 0x45, 0x0,

    /* U+0455 "ѕ" */
    0x0, 0x36, 0xff, 0xb6, 0x48, 0x1e, 0x41, 0x9d,
    0x98, 0x21, 0x43, 0xb3, 0x17, 0xc6, 0x0, 0x12,
    0x0, 0x84, 0x1, 0x61, 0xba, 0x96, 0x10, 0x3,
    0x6b, 0xb3, 0xcf, 0x20, 0x0, 0xa2, 0xfa, 0xc2,
    0x1, 0x4, 0x2, 0x40, 0x0, 0xdf, 0x5c, 0xcb,
    0x42, 0x86, 0xd5, 0x4c, 0xc1, 0xa6,

    /* U+0456 "і" */
    0x5f, 0x7d, 0xe, 0x8b, 0x90, 0x40, 0x5f, 0x60,
    0xf, 0xfe, 0x78,

    /* U+0457 "ї" */
    0x7e, 0x1e, 0x81, 0x21, 0x2e, 0x6c, 0xc, 0x60,
    0x5f, 0x50, 0xf, 0xff, 0x10,

    /* U+0458 "ј" */
    0x0, 0x97, 0xdc, 0x2, 0xd0, 0xd0, 0xa, 0x2e,
    0x80, 0x32, 0x0, 0x65, 0xf6, 0x0, 0xff, 0xf9,
    0x90, 0x1a, 0xd4, 0xc0, 0x21, 0xa3, 0x1e, 0x8,

    /* U+0459 "љ" */
    0x0, 0x3f, 0xff, 0xc0, 0x1f, 0xde, 0xc, 0xd8,
    0x3, 0xfe, 0x10, 0x99, 0xc0, 0x1, 0x10, 0x7,
    0xe1, 0x0, 0xf7, 0x73, 0xfd, 0x42, 0x1, 0x18,
    0x7, 0xd7, 0x73, 0xae, 0x80, 0x4c, 0x40, 0x1e,
    0x44, 0xa1, 0x4c, 0x80, 0x4, 0xc0, 0x1f, 0xe2,
    0x1, 0x3, 0x1d, 0x0, 0xff, 0x28, 0x14, 0x68,
    0x28, 0x7, 0xaa, 0xae, 0x25, 0x14, 0x19, 0x20,
    0xf, 0x2a, 0xc6, 0xf4, 0x0,

    /* U+045A "њ" */
    0x5f, 0x60, 0xc, 0xbe, 0xc0, 0x1f, 0xfe, 0xc9,
    0xff, 0xd4, 0x13, 0xff, 0x6b, 0x0, 0x48, 0xcd,
    0x90, 0x11, 0x98, 0xa5, 0x2a, 0x0, 0xd9, 0x9d,
    0xc1, 0xb3, 0x2a, 0xc0, 0xf0, 0xf, 0xfe, 0x19,
    0x80, 0x7f, 0x7a, 0xa9, 0xb8, 0x28, 0x3, 0xf9,
    0xaa, 0x92, 0x36, 0x60,

    /* U+045B "ћ" */
    0x0, 0x2f, 0xb0, 0x7, 0xff, 0x1e, 0x7e, 0x82,
    0x7f, 0xea, 0x0, 0xa3, 0x64, 0x1f, 0x76, 0xb0,
    0x8, 0x48, 0xc3, 0x93, 0xf7, 0xa8, 0x80, 0x3a,
    0x25, 0x94, 0x97, 0x4, 0x3, 0xe, 0x5d, 0x6b,
    0xb, 0x0, 0x65, 0x30, 0xa, 0x3, 0x0, 0x36,
    0x80, 0x61, 0x0, 0xf0, 0x80, 0x79, 0xc0, 0x3f,
    0xfc, 0x80,

    /* U+045C "ќ" */
    0x0, 0xec, 0xf4, 0x0, 0xf6, 0xe, 0xa0, 0x7,
    0x25, 0xe1, 0x0, 0x79, 0x1c, 0x40, 0x32, 0xfb,
    0x0, 0x6d, 0xe1, 0x0, 0xf4, 0x15, 0x8, 0x7,
    0x23, 0xb2, 0x0, 0x7a, 0x8a, 0x40, 0x36, 0xc5,
    0x8f, 0x80, 0x72, 0x3a, 0x0, 0x7d, 0x3f, 0x81,
    0xe0, 0x1f, 0x1c, 0x95, 0x0, 0x7c, 0xcc, 0x57,
    0x0, 0xfa, 0x4e, 0x10,

    /* U+045D "ѝ" */
    0x0, 0x47, 0xc0, 0x7, 0xd1, 0x4f, 0x0, 0x1f,
    0x2e, 0x0, 0x80, 0x7c, 0x70, 0x20, 0x12, 0xfb,
    0x0, 0x63, 0xfd, 0x0, 0xf0, 0xe8, 0x7, 0xea,
    0x10, 0xf, 0xa5, 0x20, 0x40, 0x39, 0x59, 0x5c,
    0x3, 0x8e, 0x8a, 0x80, 0x38, 0x74, 0x7c, 0x3,
    0xd0, 0x34, 0x40, 0x1f, 0x42, 0x0, 0x7c, 0xae,
    0x1, 0xe0,

    /* U+045E "ў" */
    0x0, 0x9c, 0x80, 0x8, 0xa0, 0x1e, 0xc8, 0x1,
    0x9d, 0x0, 0xf4, 0xbf, 0xf3, 0x48, 0x7, 0x8b,
    0x7b, 0xec, 0x40, 0x35, 0xf8, 0x80, 0x80, 0x57,
    0xe0, 0xf, 0x6, 0x0, 0xc2, 0x8c, 0x0, 0x42,
    0x90, 0xd, 0x21, 0x60, 0x15, 0xa, 0x0, 0x4c,
    0x84, 0x1, 0x30, 0x78, 0x1, 0x47, 0x80, 0x30,
    0xaa, 0x10, 0x70, 0xa8, 0x7, 0x48, 0x51, 0x24,
    0x80, 0x78, 0xcc, 0xd6, 0xc, 0x1, 0xf5, 0xb,
    0x28, 0x80, 0x7c, 0xc0, 0xe, 0x0, 0xfe, 0x22,
    0x20, 0x7, 0x8, 0x1, 0x4a, 0xc0, 0x3d, 0xf5,
    0x34, 0x4c, 0x1, 0xe7, 0x46, 0x4f, 0x0, 0xf0,

    /* U+045F "џ" */
    0x5f, 0x60, 0xd, 0x9e, 0x1, 0xff, 0xf5, 0xa9,
    0x9c, 0x40, 0x11, 0xb3, 0x61, 0x5, 0xff, 0x81,
    0x7f, 0xe0, 0xf, 0xfe, 0xb, 0xf8, 0x4,

    /* U+0462 "Ѣ" */
    0x0, 0x93, 0xdc, 0x3, 0xf0, 0x8e, 0xf, 0x11,
    0x80, 0x3a, 0xfb, 0x94, 0xf, 0xdd, 0x28, 0x6,
    0x8b, 0xb4, 0x2, 0xdd, 0xc8, 0x1, 0x89, 0x10,
    0x61, 0xa8, 0x90, 0x80, 0x7f, 0x79, 0x16, 0x0,
    0xfe, 0x7d, 0xdd, 0xf8, 0x80, 0x1e, 0x5a, 0xac,
    0xc7, 0x66, 0x1, 0xda, 0xab, 0xa6, 0x82, 0x0,
    0x3f, 0xe5, 0x6, 0x0, 0xff, 0xe6, 0xb8, 0x20,
    0x7, 0x63, 0xbd, 0x19, 0x3, 0x0, 0x1c, 0x91,
    0x13, 0x8b, 0x78, 0x80,

    /* U+0463 "ѣ" */
    0x0, 0x57, 0x88, 0x7, 0xff, 0x6f, 0xfc, 0xa1,
    0xdf, 0xe9, 0x0, 0xaa, 0x86, 0x13, 0x55, 0x0,
    0x4a, 0xa6, 0x7, 0x55, 0x18, 0x7, 0xc6, 0x22,
    0x0, 0xfd, 0xbd, 0xcf, 0xc4, 0x0, 0xea, 0xbb,
    0x49, 0x59, 0x0, 0x64, 0x49, 0xac, 0x14, 0x3,
    0xf1, 0x80, 0x80, 0x67, 0x55, 0x44, 0x83, 0x80,
    0x69, 0xaa, 0x32, 0xe8, 0x80,

    /* U+046A "Ѫ" */
    0x3, 0xff, 0xff, 0xe0, 0x30, 0x0, 0x88, 0xf,
    0x11, 0xf0, 0x82, 0x0, 0x7, 0xc5, 0x1d, 0xfd,
    0xc3, 0x64, 0x1, 0x16, 0x9d, 0x80, 0x68, 0x69,
    0x40, 0xe, 0x3a, 0x4a, 0x0, 0x3b, 0xcc, 0x1,
    0xf2, 0xc2, 0xc2, 0xc2, 0xc0, 0x7, 0xe5, 0xe0,
    0x7a, 0x0, 0x30, 0x7, 0xd5, 0x47, 0x41, 0x4,
    0x79, 0xd1, 0x0, 0xd0, 0xad, 0xd6, 0x41, 0x7b,
    0x25, 0xa0, 0x11, 0x3a, 0x48, 0x7, 0x99, 0xcd,
    0x40, 0x16, 0x10, 0x1, 0xfa, 0x42, 0x40, 0xc,
    0x46, 0x1, 0xf8, 0x58, 0xcc, 0xe1, 0x60, 0x1f,
    0xea, 0x9,

    /* U+046B "ѫ" */
    0x9, 0xff, 0xfe, 0x30, 0x6, 0x82, 0xdd, 0xf0,
    0x99, 0x80, 0x9, 0x6a, 0x28, 0x97, 0x96, 0x80,
    0x64, 0xba, 0x40, 0xa7, 0xd1, 0x0, 0xe2, 0x25,
    0xe2, 0xb2, 0x80, 0x75, 0x4b, 0x19, 0x95, 0xed,
    0x80, 0x25, 0x54, 0xdd, 0x82, 0xf5, 0x24, 0x40,
    0x12, 0x4c, 0x1, 0xd0, 0xc, 0x4, 0x74, 0x1,
    0xe3, 0x2a, 0xa, 0x5, 0x0, 0xfa, 0x88, 0xc0,

    /* U+0472 "Ѳ" */
    0x0, 0xc9, 0x7d, 0xfe, 0xc6, 0x0, 0xfa, 0xec,
    0x84, 0xa8, 0x73, 0xa4, 0x1, 0xad, 0xf, 0x72,
    0xaf, 0x98, 0xb0, 0x40, 0xa, 0x87, 0x84, 0x1,
    0xc, 0xb8, 0xc0, 0x2, 0x43, 0x80, 0x3e, 0x81,
    0x60, 0x1, 0x88, 0x11, 0x7e, 0x50, 0x31, 0x1,
    0xdd, 0xfe, 0x40, 0x71, 0x1, 0xaa, 0xfe, 0x40,
    0x70, 0x31, 0x45, 0x5f, 0xcc, 0x6, 0x12, 0x16,
    0x1, 0xf3, 0x93, 0x0, 0x15, 0x16, 0x84, 0x3,
    0x44, 0x6, 0x0, 0x2b, 0x45, 0xec, 0xab, 0xf7,
    0x2c, 0x10, 0xd, 0x76, 0x42, 0x54, 0x39, 0xd2,
    0x0, 0x0,

    /* U+0473 "ѳ" */
    0x0, 0xa3, 0x7f, 0xd6, 0x60, 0x1b, 0x1c, 0x19,
    0x53, 0x18, 0x1, 0x26, 0xfb, 0x35, 0xc5, 0x24,
    0xc, 0x50, 0x1, 0xc, 0x5, 0x10, 0x17, 0xff,
    0x50, 0x10, 0x1, 0x73, 0x3a, 0xc0, 0x4, 0xe,
    0x67, 0xc2, 0x1a, 0xc, 0x50, 0x1, 0xc, 0x3,
    0x4, 0x9b, 0xec, 0xd7, 0x15, 0x8, 0x3, 0x20,
    0x19, 0x53, 0x14, 0x0,

    /* U+0474 "Ѵ" */
    0x0, 0xff, 0x84, 0x82, 0x3d, 0x80, 0x3e, 0x8e,
    0xd6, 0xa0, 0xb0, 0xf, 0x33, 0x81, 0x91, 0xc,
    0x8c, 0x3, 0xa0, 0x37, 0x10, 0x24, 0x28, 0x3,
    0x20, 0xb1, 0x0, 0x4a, 0x2c, 0x1, 0xb4, 0x28,
    0x3, 0x98, 0x18, 0x2, 0x72, 0x30, 0xe, 0xa0,
    0xb0, 0x2, 0x8a, 0x80, 0x78, 0x8c, 0x8c, 0x3c,
    0x28, 0x3, 0xe9, 0xa, 0x5, 0x32, 0x0, 0xf9,
    0x45, 0x98, 0x16, 0x1, 0xfc, 0xc1, 0x20, 0xc0,
    0x1f, 0xd4, 0x0, 0x41, 0x0, 0xfe, 0x23, 0xd,
    0x0, 0xf0,

    /* U+0475 "ѵ" */
    0x0, 0xfe, 0x20, 0xbf, 0x30, 0xc, 0x3b, 0xa9,
    0xf0, 0xa0, 0xd, 0x4, 0x7e, 0x84, 0xc2, 0x1,
    0x31, 0x63, 0x5, 0x3, 0x80, 0x18, 0x2c, 0x2,
    0x60, 0xb0, 0x6, 0x83, 0x80, 0x42, 0xc4, 0x62,
    0x8a, 0x20, 0x1a, 0x82, 0x58, 0x3c, 0x3, 0x8c,
    0xcb, 0x42, 0xa0, 0x1e, 0x90, 0x27, 0x0, 0xf9,
    0x44, 0x28, 0x3, 0x0,

    /* U+048A "Ҋ" */
    0x0, 0x95, 0x0, 0x26, 0x30, 0xf, 0xb6, 0x84,
    0x12, 0x5c, 0x3, 0xe8, 0x4e, 0xfb, 0x84, 0x0,
    0xfd, 0x5f, 0xde, 0xe0, 0x1e, 0xfc, 0x0, 0x84,
    0x0, 0x7f, 0xa0, 0x1f, 0xf7, 0x0, 0x7f, 0xf0,
    0x28, 0x80, 0x3f, 0xe6, 0x54, 0x10, 0xf, 0xe2,
    0x91, 0xa0, 0xf, 0xf7, 0x86, 0x88, 0x7, 0xf5,
    0x14, 0x18, 0x7, 0xf3, 0x2a, 0x38, 0x7, 0xf1,
    0x48, 0xd0, 0x7, 0xfb, 0xc3, 0x44, 0x3, 0xf8,
    0xca, 0xc, 0x3, 0xfe, 0x47, 0x0, 0xe1, 0x2a,
    0x50, 0x0, 0xd0, 0x7, 0xe5, 0x0, 0x7f, 0x8,
    0x7, 0xbe, 0x1, 0x0, 0x3f, 0xec, 0x31, 0x0,
    0xff, 0x95, 0x0,

    /* U+048B "ҋ" */
    0x0, 0x5b, 0x80, 0xf, 0xc0, 0x3d, 0xb4, 0x21,
    0x28, 0x1, 0xe6, 0x4e, 0xf6, 0xa0, 0xf, 0xa7,
    0xfb, 0x4, 0x3, 0x2f, 0xb0, 0x0, 0x40, 0xff,
    0x40, 0x3f, 0xe, 0x80, 0x7f, 0xa8, 0x40, 0x3f,
    0xa5, 0x20, 0x40, 0x3e, 0x56, 0x57, 0x0, 0xf8,
    0xe8, 0xa8, 0x3, 0xe1, 0xd1, 0xf0, 0xf, 0xd0,
    0x34, 0x40, 0x1f, 0xd0, 0x80, 0x10, 0x9c, 0x90,
    0x1, 0x5c, 0x3, 0x85, 0x89, 0x7e, 0x80, 0x3b,
    0xd1, 0x0, 0x1f, 0xe4, 0xd0,

    /* U+048C "Ҍ" */
    0x0, 0x4f, 0x98, 0x7, 0xf0, 0x98, 0x38, 0x8c,
    0x1, 0xcf, 0xca, 0x17, 0xdd, 0x0, 0x72, 0xda,
    0x4, 0xdd, 0xc0, 0x1c, 0x48, 0x40, 0xa8, 0x90,
    0x7, 0xf3, 0x91, 0x42, 0x1, 0xfa, 0xf7, 0x6e,
    0xfa, 0x20, 0xe, 0x8a, 0xaa, 0x51, 0x70, 0x3,
    0x91, 0x56, 0x6b, 0x61, 0x60, 0xf, 0xf6, 0x87,
    0x0, 0x7f, 0x84, 0x3, 0xff, 0x81, 0xc1, 0x80,
    0x1a, 0x9d, 0xe9, 0xd4, 0x48, 0x3, 0x34, 0x44,
    0xc3, 0x36, 0x0,

    /* U+048D "ҍ" */
    0x1, 0xcf, 0x11, 0x80, 0x34, 0xf1, 0x87, 0x75,
    0x0, 0x15, 0xd8, 0x82, 0xee, 0xa0, 0x8, 0x90,
    0x41, 0x12, 0x20, 0xf, 0xbf, 0xf6, 0x20, 0x7,
    0x66, 0x52, 0x56, 0x20, 0x18, 0xce, 0x68, 0x4,
    0x0, 0xfd, 0xc0, 0x1e, 0x55, 0x34, 0x38, 0xa8,
    0x6, 0xaa, 0x4b, 0x2e, 0x0,

    /* U+048E "Ҏ" */
    0xf, 0xff, 0x6c, 0x8, 0x6, 0x15, 0x5c, 0x6f,
    0xe4, 0x1, 0x15, 0x56, 0xe8, 0x19, 0x0, 0xfe,
    0x72, 0x40, 0xf, 0x2b, 0x0, 0x18, 0x4, 0x3,
    0x8e, 0x4c, 0x18, 0x4, 0x3, 0x99, 0x7a, 0x9,
    0x0, 0x22, 0x99, 0x84, 0x9c, 0x64, 0x2, 0x16,
    0x69, 0x8, 0x24, 0x80, 0x23, 0xff, 0xdb, 0x30,
    0x60, 0x1f, 0xcc, 0xb2, 0x1, 0xfe, 0xaa, 0x0,
    0x7f, 0xf0, 0x40,

    /* U+048F "ҏ" */
    0x5f, 0x54, 0xcf, 0xf5, 0xa0, 0x6, 0xcb, 0x6,
    0x54, 0xb5, 0x0, 0x9a, 0x72, 0x6b, 0x46, 0x84,
    0x0, 0x8c, 0x1, 0x14, 0x3, 0x80, 0x30, 0x3,
    0x90, 0x3c, 0x3, 0xc4, 0x1, 0xec, 0x0, 0xb1,
    0xd0, 0x3c, 0x0, 0x8a, 0x0, 0xb8, 0x80, 0x38,
    0x1, 0x6b, 0x27, 0xc0, 0x60, 0x40, 0x19, 0x80,
    0x65, 0x43, 0xb0, 0xc, 0x79, 0xfe, 0xbd, 0x12,
    0x0, 0xfc, 0x3a, 0x40, 0x1f, 0xfc, 0xa0,

    /* U+0490 "Ґ" */
    0x0, 0xf9, 0xfc, 0xc0, 0x3f, 0xf9, 0x3f, 0xfe,
    0x80, 0xc, 0x2a, 0xbe, 0x10, 0x1, 0x55, 0x78,
    0x80, 0x3f, 0xff, 0xe0, 0x1f, 0xfc, 0xd0,

    /* U+0491 "ґ" */
    0x0, 0xe5, 0xf4, 0x0, 0xfc, 0xbf, 0xfa, 0x80,
    0x32, 0x33, 0x70, 0x3, 0x66, 0x71, 0x0, 0x7f,
    0xfb, 0x0,

    /* U+0492 "Ғ" */
    0x0, 0x47, 0xff, 0xd6, 0x1, 0x91, 0x57, 0xb4,
    0x3, 0x45, 0x57, 0x30, 0x7, 0xff, 0x2c, 0x44,
    0xe, 0x23, 0x80, 0xf, 0xcc, 0x17, 0xdd, 0x9c,
    0x16, 0xd4, 0x22, 0xef, 0x28, 0x12, 0x10, 0x22,
    0x71, 0x0, 0x7f, 0xf8, 0x40,

    /* U+0493 "ғ" */
    0x0, 0x7f, 0xfc, 0x1, 0xb, 0x36, 0x70, 0x9,
    0x66, 0x74, 0x0, 0x7f, 0x84, 0x3, 0xe3, 0xe0,
    0x4f, 0xfb, 0x0, 0xec, 0xf, 0x32, 0xe0, 0x2,
    0x3, 0x99, 0xc4, 0x1, 0xff, 0xc7,

    /* U+0494 "Ҕ" */
    0xf, 0xff, 0xd2, 0x1, 0xa, 0xaf, 0xb0, 0x2,
    0x2a, 0xaf, 0x28, 0x7, 0xff, 0x3c, 0x95, 0x44,
    0x1, 0xc5, 0xba, 0xaa, 0x6e, 0x10, 0x4, 0x2d,
    0x5b, 0x8c, 0x78, 0x1, 0x1d, 0xa9, 0x1c, 0xb0,
    0xb8, 0x7, 0xe8, 0xc, 0x0, 0xfc, 0x20, 0xe0,
    0x1f, 0x84, 0x1c, 0x3, 0xf3, 0x6, 0x7, 0xe0,
    0x6, 0x68, 0x17, 0x0, 0xee, 0xf9, 0x1d, 0x0,
    0xe1, 0x45, 0x8e, 0x30,

    /* U+0495 "ҕ" */
    0x5f, 0xff, 0x40, 0x6, 0x36, 0x6d, 0x80, 0x1a,
    0xa6, 0x72, 0x0, 0x7f, 0xf0, 0xc9, 0x58, 0xc0,
    0x3a, 0x36, 0xa7, 0x30, 0x20, 0x11, 0xce, 0x61,
    0x8f, 0x40, 0x2b, 0x63, 0x34, 0xa1, 0x98, 0x3,
    0xed, 0x5, 0x0, 0xff, 0x2f, 0xb0, 0x6, 0xc0,
    0x50, 0xf, 0x3a, 0x99, 0x80, 0x24, 0xef, 0x81,
    0xe0, 0xe, 0x55, 0x47, 0x10, 0x0,

    /* U+0496 "Җ" */
    0x1f, 0xd0, 0xe, 0x9f, 0x20, 0xc, 0xbf, 0x0,
    0x32, 0x50, 0x1, 0xfe, 0x1b, 0x28, 0x0, 0x32,
    0x39, 0x0, 0x7f, 0x58, 0xc8, 0x6, 0x90, 0xe0,
    0xf, 0xc8, 0xac, 0x80, 0x18, 0xa0, 0xd8, 0x3,
    0xe9, 0x18, 0x0, 0xf3, 0x9c, 0xd5, 0x1c, 0x26,
    0xb0, 0xac, 0x40, 0x3f, 0x95, 0x42, 0x8, 0xa6,
    0x1, 0xfc, 0xc6, 0x9f, 0xe6, 0xd, 0xfd, 0x8,
    0x0, 0xf0, 0xc0, 0x48, 0x7, 0x89, 0x8a, 0x0,
    0x3a, 0x5, 0xc8, 0x3, 0xe8, 0x17, 0x20, 0x8,
    0xd8, 0x60, 0x3, 0xf0, 0xc0, 0x48, 0x5, 0xe1,
    0x60, 0x1f, 0xe6, 0x34, 0xa9, 0x53, 0x32, 0x80,
    0x7f, 0xde, 0xa, 0xcb, 0xf8, 0x1, 0xd3, 0xe4,
    0x1, 0x8f, 0xd0, 0x3, 0xff, 0xb6,

    /* U+0497 "җ" */
    0x3f, 0x90, 0x8, 0xfe, 0x0, 0x25, 0xf7, 0x3,
    0x66, 0x18, 0x7, 0xeb, 0x27, 0x0, 0x40, 0xf8,
    0x7, 0xd0, 0x32, 0x1, 0xc, 0x1a, 0x80, 0x71,
    0x3a, 0x20, 0x3, 0x31, 0xdc, 0x48, 0x24, 0x70,
    0x48, 0x7, 0xc2, 0xea, 0x6, 0xe6, 0x6, 0x1,
    0xce, 0x6d, 0xf8, 0xf, 0xf6, 0x14, 0x1, 0x8a,
    0xa, 0x40, 0x39, 0x15, 0x18, 0x2, 0xe0, 0x90,
    0xf, 0xac, 0x66, 0x19, 0xcd, 0x90, 0x3, 0xe1,
    0xb0, 0x7a, 0x7f, 0x90, 0x8, 0xfe, 0x0, 0x25,
    0xf3, 0x0, 0xff, 0xe2, 0x80,

    /* U+0498 "Ҙ" */
    0x4, 0xad, 0xff, 0x6c, 0x8, 0x0, 0xed, 0x45,
    0x54, 0xf, 0xe4, 0x7, 0x3f, 0x95, 0x4d, 0x81,
    0x80, 0x3, 0x0, 0x73, 0x83, 0x80, 0x7e, 0x30,
    0x60, 0x8, 0xe2, 0x2a, 0xc0, 0x80, 0x9, 0x5d,
    0xe5, 0x6, 0x30, 0x9, 0xbf, 0xee, 0x96, 0xb0,
    0xf, 0x85, 0x9d, 0xc, 0x3, 0xfc, 0xce, 0xa0,
    0x1c, 0x4c, 0xf, 0x75, 0xf7, 0x54, 0xcd, 0x18,
    0x2c, 0xa4, 0x55, 0x89, 0x6d, 0xc0, 0xb, 0x7e,
    0xd, 0xd4, 0x80, 0x1f, 0xfc, 0x41, 0x7d, 0x0,
    0xe0,

    /* U+0499 "ҙ" */
    0x5, 0xbe, 0xfe, 0xa3, 0x0, 0x5b, 0x23, 0x2a,
    0xb0, 0xc3, 0xf6, 0xa6, 0xe8, 0x2c, 0x4, 0x2,
    0x2c, 0xb, 0x0, 0x27, 0xfb, 0x5a, 0x4c, 0x0,
    0x99, 0x8b, 0x49, 0x60, 0x8, 0xcc, 0x96, 0x14,
    0x8, 0x1, 0x8c, 0x1d, 0x6f, 0x66, 0x2b, 0x2,
    0x16, 0x59, 0x8e, 0xaa, 0xc3, 0x6, 0xbb, 0x5,
    0x50, 0xc0, 0x3f, 0xc0,

    /* U+049A "Қ" */
    0xf, 0xb0, 0xe, 0x1e, 0xd0, 0xf, 0xf5, 0xf,
    0x0, 0x7f, 0x3a, 0x49, 0x80, 0x7e, 0x38, 0x56,
    0x0, 0xfc, 0x3a, 0x54, 0x1, 0xe5, 0xaa, 0x60,
    0xf0, 0x7, 0xc2, 0xaa, 0x20, 0x10, 0xf, 0x93,
    0xfd, 0x41, 0xc0, 0x1f, 0xe5, 0x51, 0xb8, 0x7,
    0xfa, 0xc6, 0x8, 0x3, 0xf8, 0x68, 0x38, 0x3,
    0xfc, 0x8c, 0x77, 0x46, 0x1, 0xfa, 0x49, 0x15,
    0x83, 0xec, 0x3, 0xdb, 0x40, 0x1f, 0xfd, 0x0,

    /* U+049B "қ" */
    0x5f, 0x60, 0xd, 0xbc, 0x20, 0x1f, 0x41, 0x50,
    0x80, 0x79, 0x1d, 0x90, 0x3, 0xea, 0x29, 0x0,
    0xed, 0x8b, 0x1f, 0x0, 0xf2, 0x3a, 0x0, 0x7e,
    0x9f, 0xc0, 0xf0, 0xf, 0xc7, 0x25, 0x40, 0x1f,
    0x99, 0x8b, 0x50, 0x60, 0x1e, 0x93, 0x57, 0x65,
    0xf6, 0x0, 0xd9, 0x80, 0xf, 0xfe, 0x8,

    /* U+049C "Ҝ" */
    0xf, 0xb0, 0xf, 0x4f, 0xa8, 0x7, 0xe4, 0x65,
    0x50, 0x7, 0xe9, 0x1b, 0x0, 0xef, 0x50, 0x92,
    0xb1, 0x0, 0xf8, 0xd9, 0x54, 0x1, 0x96, 0x82,
    0x74, 0x6c, 0x3, 0x85, 0x40, 0xc4, 0x4, 0x3,
    0x93, 0xc2, 0x9c, 0x60, 0x3, 0xfa, 0x9, 0xcc,
    0x3, 0xc8, 0x21, 0x21, 0xe0, 0x1e, 0xb4, 0x4,
    0x53, 0x60, 0xf, 0xeb, 0x9, 0x10, 0xf, 0xc3,
    0x21, 0x40,

    /* U+049D "ҝ" */
    0x5f, 0x50, 0xd, 0x1e, 0x80, 0x1e, 0x27, 0x54,
    0x0, 0x99, 0x2, 0x42, 0xc0, 0x36, 0xe2, 0xa4,
    0x88, 0x5, 0xca, 0x96, 0x6c, 0x1, 0x90, 0x4c,
    0x40, 0x3d, 0x48, 0xec, 0x6e, 0x1, 0xc7, 0xd2,
    0x50, 0x40, 0x1a, 0x18, 0x38, 0x38, 0x3, 0xe3,
    0x73, 0x80,

    /* U+049E "Ҟ" */
    0x0, 0x57, 0x90, 0x7, 0x4f, 0xa0, 0x8, 0x0,
    0x46, 0x0, 0x2b, 0x3a, 0x37, 0x28, 0x67, 0x70,
    0x89, 0x47, 0x0, 0xf6, 0x81, 0x57, 0x63, 0xe1,
    0xe0, 0x0, 0xa0, 0x83, 0xa2, 0x24, 0xec, 0x80,
    0x3d, 0x35, 0x47, 0x65, 0x0, 0xf9, 0x15, 0x41,
    0xc0, 0x1f, 0xb7, 0xfc, 0x30, 0x40, 0x1f, 0xea,
    0xf, 0x0, 0xff, 0x23, 0x14, 0x0, 0x7f, 0xa4,
    0x9c, 0xc0, 0x3f, 0xdc, 0x1c, 0x1, 0xfe, 0x37,
    0x28,

    /* U+049F "ҟ" */
    0x5, 0xf6, 0x0, 0xff, 0x8, 0x7, 0xdf, 0x41,
    0x1f, 0xe2, 0x0, 0xd9, 0x0, 0xf9, 0x82, 0x0,
    0xc6, 0x41, 0xc6, 0x60, 0x6, 0xf0, 0x80, 0x7d,
    0x5, 0x42, 0x1, 0xe4, 0x76, 0x40, 0xf, 0xd,
    0x14, 0x80, 0x76, 0xc6, 0x8f, 0x80, 0x79, 0x1c,
    0xc0, 0x3f, 0x4f, 0xe0, 0x78, 0x7, 0xe3, 0x92,
    0xa0, 0xf, 0xcc, 0xaa, 0x70, 0xf, 0xd4, 0x70,
    0x80,

    /* U+04A0 "Ҡ" */
    0xcf, 0xfd, 0xa0, 0x1e, 0xde, 0x1b, 0x55, 0x80,
    0x3e, 0xa2, 0xd1, 0x7a, 0xa8, 0x3, 0xcc, 0xb0,
    0x60, 0x1f, 0xe2, 0x94, 0x70, 0xf, 0xfb, 0xc6,
    0x80, 0x3f, 0x15, 0x53, 0xa, 0x84, 0x3, 0xf9,
    0x54, 0x60, 0xe0, 0x1f, 0xc5, 0xfe, 0xc0, 0xe0,
    0xf, 0xfe, 0x1, 0xb9, 0x40, 0x7, 0xff, 0x2,
    0x9, 0xcc, 0x3, 0xff, 0x81, 0xc1, 0xc0, 0x1f,
    0xfc, 0x3, 0x82, 0x90, 0xf, 0xfe, 0x3, 0x9b,
    0x18,

    /* U+04A1 "ҡ" */
    0xef, 0xfb, 0x0, 0x34, 0x7a, 0xb3, 0xb8, 0x1c,
    0x2, 0x47, 0x65, 0x88, 0x80, 0x3a, 0x8a, 0x40,
    0x3f, 0x50, 0xf0, 0x7, 0x96, 0x25, 0x60, 0xc0,
    0x3c, 0x2e, 0xc0, 0x20, 0x1f, 0x27, 0xf8, 0xa4,
    0xc0, 0x3f, 0xbc, 0x34, 0x40, 0x3f, 0x15, 0x8e,
    0x80, 0x7f, 0x24, 0x1c, 0x0,

    /* U+04A2 "Ң" */
    0xf, 0xc0, 0xf, 0xbf, 0x0, 0x3f, 0xfe, 0x5,
    0x55, 0xf0, 0x7, 0x85, 0x57, 0xe0, 0xf, 0x1f,
    0xff, 0xc0, 0x1f, 0xfe, 0xd2, 0xa7, 0x0, 0xff,
    0x85, 0x6c, 0x3f, 0x0, 0x3e, 0xff, 0x8, 0x7,
    0xff, 0x44,

    /* U+04A3 "ң" */
    0x5f, 0x60, 0xc, 0x5f, 0x20, 0x1f, 0xfd, 0xcd,
    0x88, 0xd6, 0x1, 0xe4, 0x77, 0xcc, 0x1, 0xe9,
    0xff, 0xda, 0x1, 0xff, 0xcb, 0x10, 0x49, 0x0,
    0xfc, 0xe0, 0x4c, 0x2b, 0xec, 0x1, 0x93, 0xd8,
    0x3, 0xff, 0x84,

    /* U+04A4 "Ҥ" */
    0xf, 0xc0, 0xf, 0xbf, 0xff, 0x28, 0x7, 0xff,
    0x1, 0x57, 0xcc, 0x1, 0xff, 0xd, 0x57, 0x8c,
    0x3, 0xff, 0xb8, 0x55, 0x5f, 0x0, 0x7f, 0xc2,
    0xab, 0xf0, 0x7, 0xfc, 0x7f, 0xff, 0x0, 0x7f,
    0xff, 0xc0, 0x3f, 0xfa, 0x20,

    /* U+04A5 "ҥ" */
    0x5f, 0x60, 0xc, 0x9f, 0xfe, 0xd0, 0xf, 0xe2,
    0x66, 0xd4, 0x1, 0xfc, 0xf3, 0x39, 0xc0, 0x3f,
    0xf8, 0xbb, 0x11, 0xb8, 0x3, 0xf9, 0x1d, 0xf2,
    0x80, 0x7f, 0x4f, 0xfe, 0xb0, 0xf, 0xff, 0x40,

    /* U+04A6 "Ҧ" */
    0xf, 0xff, 0xf6, 0x80, 0x7f, 0x85, 0x57, 0xe0,
    0xf, 0xfe, 0x1, 0x55, 0x7c, 0x1, 0xff, 0xf3,
    0x25, 0x51, 0x80, 0x7f, 0xf0, 0x8f, 0x75, 0x54,
    0xcc, 0x10, 0x7, 0xff, 0x0, 0x5a, 0xb7, 0x18,
    0xf0, 0x40, 0x3f, 0xe2, 0xb5, 0x23, 0x97, 0x16,
    0x0, 0xff, 0xe2, 0xc8, 0x58, 0x7, 0xff, 0x14,
    0x40, 0x40, 0x3f, 0xf8, 0xa2, 0xc, 0x1, 0xff,
    0xc5, 0x60, 0xc0, 0xfc, 0x0, 0xfb, 0xf4, 0x3,
    0x2c, 0xb, 0x0, 0x7f, 0xf0, 0xbb, 0xe8, 0x74,
    0x40, 0x3f, 0xf8, 0x22, 0x8b, 0x1e, 0x60,

    /* U+04A7 "ҧ" */
    0x5f, 0xff, 0xc8, 0x1, 0xfc, 0x6c, 0xd8, 0xc0,
    0x3f, 0xea, 0x99, 0xd6, 0x1, 0xff, 0xd8, 0x35,
    0x51, 0x0, 0x7f, 0xf0, 0x2f, 0x2a, 0x9b, 0x40,
    0x1f, 0xf2, 0x56, 0xda, 0x2c, 0x0, 0x7f, 0xbd,
    0x49, 0x2c, 0x5c, 0x3, 0xff, 0x86, 0xe0, 0x40,
    0x1f, 0xfc, 0x55, 0xf6, 0x0, 0xcf, 0xe8, 0x1,
    0x90, 0x8, 0x3, 0xff, 0x83, 0x24, 0xc0, 0x1f,
    0xf3, 0xf7, 0xb1, 0xc8, 0x7, 0xff, 0x1, 0x55,
    0x58, 0x0,

    /* U+04A8 "Ҩ" */
    0x0, 0x36, 0x10, 0x0, 0xab, 0xbf, 0x60, 0x3,
    0x34, 0x81, 0x82, 0x6a, 0x92, 0x1b, 0xe0, 0x0,
    0x64, 0x74, 0x42, 0x82, 0xf2, 0xf9, 0xd, 0xc1,
    0x82, 0x4, 0x14, 0x59, 0x0, 0x2a, 0x9, 0xb,
    0x7, 0x0, 0x60, 0x68, 0x6, 0x13, 0x11, 0x10,
    0x88, 0x0, 0x60, 0xc0, 0x1c, 0xe0, 0x1, 0x30,
    0xe, 0x10, 0xe, 0x70, 0x12, 0x20, 0x5, 0xa0,
    0xa0, 0x1c, 0x66, 0x4, 0x4, 0x0, 0x28, 0x50,
    0x6, 0x50, 0xa0, 0xb0, 0x90, 0x1, 0x29, 0xb0,
    0x0, 0x6c, 0x98, 0x9, 0xcb, 0x8, 0x28, 0xa5,
    0x8f, 0x3, 0xc0, 0x28, 0x73, 0xda, 0x7a, 0x9,
    0xc2, 0x64, 0x91, 0x0, 0x46, 0xb3, 0xc4, 0x5,
    0x54, 0x2f, 0x28, 0x60, 0x11, 0x4e, 0xff, 0xba,
    0xa9, 0xdf, 0xed, 0x20,

    /* U+04A9 "ҩ" */
    0x0, 0x2e, 0xa0, 0xc, 0xf7, 0xeb, 0x0, 0x47,
    0x40, 0xa1, 0x8c, 0xae, 0x13, 0x0, 0x8, 0xf,
    0x16, 0x28, 0xb8, 0xd2, 0x71, 0x4, 0x32, 0xd,
    0x7, 0x0, 0xa8, 0x8, 0x80, 0xa0, 0x7, 0x0,
    0xe1, 0x7, 0x30, 0x30, 0x3, 0x0, 0x80, 0x5e,
    0xa, 0x24, 0x80, 0xf, 0x9, 0x0, 0xb, 0xa0,
    0x85, 0x8d, 0x82, 0x9b, 0xa8, 0xe8, 0x48, 0x1,
    0x9d, 0x3a, 0x2c, 0x2b, 0x8d, 0xd4, 0x80, 0x11,
    0x68, 0xd0, 0x6, 0x40, 0xd4, 0xc0,

    /* U+04AA "Ҫ" */
    0x0, 0xc9, 0x7d, 0xfe, 0xc6, 0x0, 0xeb, 0xb2,
    0x12, 0xa1, 0xce, 0x8, 0x2, 0xd1, 0x1b, 0x95,
    0x7e, 0xe2, 0x0, 0x54, 0x45, 0x90, 0x6, 0x8d,
    0x10, 0x90, 0x90, 0xf, 0xf1, 0x91, 0x0, 0x3f,
    0xe6, 0x0, 0xff, 0xe0, 0x30, 0x7, 0xfc, 0x64,
    0x40, 0xf, 0xf4, 0x84, 0x80, 0x7f, 0x95, 0x11,
    0x64, 0x1, 0xa7, 0x44, 0x1, 0x68, 0x8d, 0xcb,
    0xb7, 0xb0, 0x80, 0x6b, 0xb2, 0x1a, 0x25, 0x38,
    0x20, 0x19, 0x2e, 0x82, 0xad, 0x80, 0x3f, 0xf9,
    0x2e, 0xf0, 0x6,

    /* U+04AB "ҫ" */
    0x0, 0x9f, 0x7f, 0xd6, 0x60, 0x16, 0x40, 0x32,
    0xa6, 0x28, 0x49, 0xbe, 0xcd, 0x6a, 0x30, 0x31,
    0x40, 0x4, 0x56, 0x64, 0x8, 0x1, 0xff, 0xc5,
    0x20, 0x40, 0xf, 0xcc, 0x50, 0x1, 0x15, 0x98,
    0x49, 0xbe, 0xcd, 0x6a, 0x38, 0x3, 0x20, 0x19,
    0x53, 0x10, 0x2, 0x7f, 0x7, 0xb3, 0x0, 0xff,
    0x80,

    /* U+04AC "Ҭ" */
    0xcf, 0xff, 0xea, 0xb5, 0x58, 0xc1, 0x15, 0x6c,
    0x7a, 0xaa, 0xc3, 0xea, 0xa6, 0x0, 0xff, 0xff,
    0x80, 0x7f, 0xf1, 0xfe, 0x88, 0x3, 0xde, 0x8,
    0xa2, 0x1, 0xe8, 0xf8, 0x0, 0xff, 0xe7, 0x0,

    /* U+04AD "ҭ" */
    0xef, 0xff, 0xb1, 0x9a, 0x30, 0x46, 0x65, 0xc4,
    0xca, 0xc3, 0xe6, 0x4e, 0x1, 0xff, 0xe6, 0xf7,
    0x0, 0xef, 0x4, 0xb0, 0xe, 0x8f, 0x20, 0xf,
    0xfe, 0x0,

    /* U+04AE "Ү" */
    0x9f, 0x50, 0xf, 0x1f, 0xcc, 0xd, 0x80, 0x7b,
    0xc6, 0x6, 0x6, 0x0, 0x32, 0x9c, 0x8, 0x31,
    0xb9, 0x0, 0x56, 0x4c, 0x1, 0x78, 0x40, 0x2,
    0x7, 0x80, 0x31, 0xaa, 0x90, 0x9d, 0x4c, 0x3,
    0xac, 0x26, 0x41, 0x60, 0x1e, 0x18, 0x24, 0x81,
    0x0, 0xf9, 0xc0, 0xe, 0x1, 0xfc, 0x22, 0x0,
    0xff, 0xee, 0x80,

    /* U+04AF "ү" */
    0xbf, 0x20, 0xe, 0xaf, 0xf, 0xa, 0x0, 0xc2,
    0xac, 0x8, 0x4c, 0x1, 0x98, 0x28, 0x1, 0x42,
    0xa0, 0x14, 0x99, 0x80, 0xc, 0x1c, 0x0, 0x51,
    0x90, 0x8, 0x55, 0x8, 0x38, 0x54, 0x3, 0x48,
    0x51, 0x23, 0x0, 0x71, 0x99, 0xac, 0x28, 0x3,
    0xd4, 0x2c, 0x84, 0x1, 0xe6, 0x0, 0x78, 0x7,
    0xe4, 0x4, 0x0, 0xff, 0xec, 0x80,

    /* U+04B0 "Ұ" */
    0x9f, 0x50, 0xf, 0x1f, 0xcc, 0xc, 0x0, 0x7a,
    0x2, 0x6, 0x9, 0xc0, 0x32, 0xa4, 0x8, 0x31,
    0x40, 0x80, 0x50, 0x4e, 0x1, 0x48, 0x40, 0x1,
    0xca, 0x40, 0x32, 0x21, 0x8c, 0x61, 0x10, 0x1,
    0xd2, 0x11, 0x0, 0x90, 0xf, 0x13, 0x23, 0x30,
    0x80, 0x3b, 0xbd, 0x80, 0xd, 0xfa, 0x1, 0xb7,
    0x30, 0x22, 0xcc, 0x78, 0x6, 0x33, 0x80, 0x6,
    0x62, 0x0, 0xff, 0xe7, 0x0,

    /* U+04B1 "ұ" */
    0xbf, 0x10, 0xe, 0xaf, 0xf, 0x6, 0x0, 0xc2,
    0xac, 0x8, 0x34, 0x1, 0x9c, 0x28, 0x1, 0x24,
    0x80, 0x15, 0x19, 0x80, 0xc, 0x1c, 0x0, 0x33,
    0x50, 0x4, 0x2a, 0xa0, 0x5, 0x3, 0x0, 0x6e,
    0x6, 0x7, 0x60, 0xe, 0x42, 0xa5, 0x1a, 0x0,
    0xf5, 0x1c, 0x19, 0x80, 0x30, 0x89, 0x0, 0xac,
    0x44, 0x1, 0x5f, 0xe8, 0x2, 0x7f, 0xc0, 0x15,
    0x77, 0x10, 0x3b, 0xa0, 0xf, 0xfe, 0x60,

    /* U+04B2 "Ҳ" */
    0x1f, 0xe1, 0x0, 0xc5, 0xfc, 0x20, 0x32, 0x34,
    0x1, 0xb8, 0x2c, 0x40, 0xc, 0x88, 0x60, 0x3,
    0x9a, 0xa8, 0x3, 0x50, 0xc9, 0x1c, 0xd, 0x80,
    0x70, 0xd8, 0x77, 0x2, 0x84, 0x3, 0xca, 0xa3,
    0x26, 0x40, 0xf, 0xdc, 0x0, 0xc0, 0xf, 0xea,
    0x0, 0x58, 0x80, 0x7d, 0x23, 0xe, 0x36, 0x1,
    0xe4, 0x63, 0x78, 0x25, 0x50, 0x6, 0x1a, 0xe,
    0x0, 0x78, 0x58, 0x80, 0x56, 0x32, 0x40, 0x2,
    0x81, 0xca, 0x45, 0x52, 0x30, 0x6, 0x73, 0x25,
    0x35, 0xfb, 0x0, 0xf6, 0x60, 0x3, 0xff, 0xa0,

    /* U+04B3 "ҳ" */
    0x4f, 0xa0, 0xd, 0xbc, 0x20, 0x8c, 0xaa, 0x0,
    0x49, 0x50, 0x80, 0x24, 0xe8, 0x95, 0x9d, 0x0,
    0x37, 0x7, 0x59, 0xc0, 0x7, 0x14, 0x98, 0xf0,
    0x7, 0xdc, 0x0, 0x60, 0xf, 0x23, 0xa9, 0x50,
    0x80, 0x61, 0xa2, 0xae, 0x1a, 0x0, 0xd4, 0x3c,
    0x7, 0x9, 0x50, 0x6e, 0x90, 0x60, 0x7, 0x45,
    0x75, 0x7f, 0x70, 0xd, 0x78, 0x1, 0xff, 0xc1,

    /* U+04B4 "Ҵ" */
    0xcf, 0xff, 0xe2, 0x0, 0x57, 0x90, 0x2, 0xd5,
    0x63, 0x3, 0x55, 0x8c, 0x3, 0xe7, 0xaa, 0xc1,
    0x35, 0x50, 0x80, 0x7f, 0xff, 0xc0, 0x3f, 0xff,
    0xe0, 0x1f, 0x4d, 0x57, 0x90, 0x26, 0x80, 0x3e,
    0x35, 0x5f, 0x8, 0x22, 0x88, 0x6, 0x6f, 0xff,
    0xf3, 0x0, 0x7f, 0xf6, 0x80,

    /* U+04B5 "ҵ" */
    0xef, 0xff, 0x84, 0x37, 0x40, 0x6, 0x68, 0xc1,
    0x19, 0x82, 0x1, 0xd1, 0x32, 0xa0, 0xe9, 0x90,
    0x7, 0xff, 0xfc, 0x3, 0xdd, 0x33, 0x88, 0x92,
    0x40, 0x1c, 0x8c, 0xd8, 0x0, 0xc2, 0x1, 0x37,
    0xff, 0xd2, 0x1, 0xff, 0xc4,

    /* U+04B6 "Ҷ" */
    0x5f, 0x60, 0xf, 0x6f, 0x80, 0x7f, 0xf7, 0xc4,
    0x3, 0xfc, 0xc1, 0x60, 0x1f, 0xe3, 0x23, 0xa2,
    0x1, 0x38, 0x20, 0xd, 0xe2, 0xbb, 0xfd, 0x8e,
    0x1, 0xc5, 0xd4, 0xca, 0xf5, 0xc4, 0x1, 0xe5,
    0x9a, 0x85, 0x10, 0xf, 0xfe, 0x85, 0x40, 0x7,
    0xf1, 0x82, 0xb0, 0x7, 0xf7, 0x79, 0x80, 0x7f,
    0xf3, 0xc0,

    /* U+04B7 "ҷ" */
    0x4f, 0x70, 0xc, 0xfe, 0x80, 0x1f, 0xfc, 0xb7,
    0xe, 0x0, 0xfc, 0x62, 0xcc, 0x23, 0x6b, 0x0,
    0xd4, 0x33, 0xb9, 0x22, 0x1, 0x93, 0xb2, 0xb3,
    0xe8, 0x3, 0xc6, 0xa6, 0x1, 0xff, 0xc2, 0xf7,
    0x0, 0xfb, 0xc1, 0x2c, 0x3, 0xe8, 0xf2, 0x0,
    0xff, 0xe0, 0x0,

    /* U+04B8 "Ҹ" */
    0x6f, 0x60, 0xf, 0x6f, 0x80, 0x7f, 0xf5, 0x4c,
    0x4, 0x1, 0xa, 0x1, 0x98, 0x30, 0x0, 0xba,
    0x1, 0x8c, 0x92, 0x88, 0x0, 0x70, 0x40, 0xf,
    0x15, 0xd2, 0x7c, 0x70, 0x8, 0xba, 0x98, 0xe,
    0xb8, 0x80, 0x32, 0xc9, 0x22, 0x88, 0x7, 0xff,
    0x1b, 0xa4, 0x3, 0xf8, 0xc4, 0x3, 0x0,

    /* U+04B9 "ҹ" */
    0x4f, 0x70, 0xc, 0xfe, 0x80, 0x1f, 0xfc, 0x87,
    0xe, 0x9, 0xb0, 0xc, 0x60, 0xcc, 0x37, 0x6a,
    0x0, 0xac, 0x65, 0x4e, 0x40, 0x32, 0x76, 0x22,
    0x3e, 0x80, 0x38, 0xc8, 0x3, 0xfa, 0xbc, 0x3,
    0xf1, 0xa0, 0x6,

    /* U+04BA "Һ" */
    0xf, 0xc0, 0xf, 0xff, 0x20, 0xb4, 0xd4, 0xa8,
    0x7, 0x1f, 0x4b, 0x2b, 0x56, 0x88, 0x6, 0x7c,
    0xff, 0x6a, 0x96, 0x80, 0x47, 0x6, 0x0, 0x2a,
    0x23, 0x20, 0xf, 0xe5, 0x6, 0x0, 0xfe, 0xf0,
    0xf, 0xfe, 0xd0,

    /* U+04BB "һ" */
    0x4e, 0x50, 0xf, 0x84, 0x46, 0x1, 0xff, 0xd2,
    0x6d, 0xff, 0x51, 0x0, 0x51, 0x2c, 0xa4, 0xb8,
    0x20, 0x1, 0xcb, 0xad, 0x61, 0x60, 0x3, 0x18,
    0x5, 0x1, 0xa0, 0xf, 0x0, 0xc2, 0x2, 0x1,
    0xff, 0xe6,

    /* U+04BC "Ҽ" */
    0x0, 0xf8, 0xeb, 0xbf, 0xd8, 0xc0, 0x1f, 0xe9,
    0xc5, 0x25, 0x43, 0x9d, 0x10, 0xa, 0x10, 0x1,
    0xc, 0x7b, 0x95, 0x7e, 0xe5, 0x80, 0x5, 0x72,
    0x3, 0x72, 0xc2, 0x0, 0xd0, 0xe4, 0xe0, 0x60,
    0x15, 0x4, 0x0, 0x7d, 0x1, 0x40, 0x81, 0x34,
    0xe1, 0xf3, 0x3f, 0x80, 0x80, 0xac, 0x94, 0x41,
    0x59, 0xbf, 0x0, 0x64, 0xdf, 0x30, 0xff, 0xff,
    0x80, 0x39, 0x41, 0x40, 0x3f, 0xf8, 0x74, 0x10,
    0x20, 0x1e, 0x20, 0xf, 0x8d, 0x8b, 0xc, 0x3,
    0x46, 0xb0, 0x7, 0xd2, 0xc5, 0x9b, 0x57, 0xee,
    0x2a, 0x1, 0xfa, 0x71, 0x4d, 0x50, 0xe7, 0x8c,
    0x0,

    /* U+04BD "ҽ" */
    0x0, 0xe3, 0xbf, 0xf6, 0xc0, 0x80, 0x79, 0x71,
    0x59, 0xd9, 0xf0, 0x41, 0xfc, 0x6, 0x8b, 0xe6,
    0x2e, 0x8a, 0xc3, 0x80, 0xd8, 0x20, 0x40, 0x25,
    0x45, 0xa, 0x1c, 0x80, 0xaf, 0xfe, 0x40, 0x23,
    0xec, 0x40, 0xac, 0xcf, 0x88, 0x0, 0x78, 0x6,
    0x7f, 0x80, 0x33, 0x4, 0x18, 0x4, 0x32, 0x1,
    0xc3, 0x63, 0x97, 0x35, 0xcc, 0x80, 0x1c, 0x9a,
    0xaa, 0x64, 0x46, 0x20, 0x0,

    /* U+04BE "Ҿ" */
    0x0, 0xf8, 0xeb, 0xbf, 0xd8, 0xc0, 0x1f, 0xe9,
    0xc5, 0x25, 0x43, 0x9d, 0x10, 0xa, 0x10, 0x1,
    0xc, 0x7b, 0x95, 0x7e, 0xe5, 0x80, 0x5, 0x72,
    0x3, 0x72, 0xc2, 0x0, 0xd0, 0xe4, 0xe0, 0x60,
    0x15, 0x4, 0x0, 0x7d, 0x1, 0x40, 0x81, 0x34,
    0xe1, 0xf3, 0x3f, 0x80, 0x80, 0xac, 0x94, 0x41,
    0x59, 0xbf, 0x0, 0x64, 0xdf, 0x30, 0xff, 0xff,
    0x80, 0x39, 0x41, 0x40, 0x3f, 0xf8, 0x74, 0x10,
    0x20, 0x1e, 0x20, 0xf, 0x8d, 0x8b, 0xc, 0x3,
    0x46, 0xb0, 0x7, 0xd2, 0xc5, 0x9b, 0x57, 0xee,
    0x2a, 0x1, 0xfa, 0x71, 0x4d, 0x50, 0xe7, 0x8c,
    0x3, 0xf8, 0xeb, 0xc1, 0xb1, 0x80, 0x3f, 0xfa,
    0x62, 0xfa, 0x1, 0xe0,

    /* U+04BF "ҿ" */
    0x0, 0xe3, 0xbf, 0xf6, 0xc0, 0x80, 0x79, 0x71,
    0x59, 0xd9, 0xf0, 0x41, 0xfc, 0x6, 0x8b, 0xe6,
    0x2e, 0x8a, 0xc3, 0x80, 0xd8, 0x20, 0x40, 0x25,
    0x45, 0xa, 0x1c, 0x80, 0xaf, 0xfe, 0x40, 0x23,
    0xec, 0x40, 0xac, 0xcf, 0x88, 0x0, 0x78, 0x6,
    0x7f, 0x80, 0x33, 0x4, 0x18, 0x4, 0x32, 0x1,
    0xc3, 0x63, 0x97, 0x35, 0xcc, 0x80, 0x1c, 0x9a,
    0xaa, 0x65, 0x4c, 0x40, 0xf, 0x15, 0x48, 0x65,
    0x98, 0x7, 0xff, 0x10,

    /* U+04C0 "Ӏ" */
    0xf, 0xc0, 0xf, 0xfe, 0xc0,

    /* U+04C1 "Ӂ" */
    0x0, 0xf3, 0x20, 0x4, 0xe4, 0x1, 0xff, 0xc0,
    0xf9, 0x10, 0x58, 0x0, 0xff, 0xe0, 0xc3, 0x77,
    0xdc, 0x90, 0x7, 0xff, 0x0, 0x6f, 0xfb, 0x8c,
    0x1, 0xf0, 0xfe, 0x80, 0x74, 0xf1, 0x0, 0x65,
    0xf8, 0x1, 0x92, 0x80, 0xf, 0xf0, 0xd9, 0x40,
    0x1, 0x91, 0xc8, 0x3, 0xfa, 0xc6, 0x40, 0x34,
    0x87, 0x0, 0x7e, 0x45, 0x64, 0x0, 0xc5, 0x6,
    0xc0, 0x1f, 0x48, 0xc0, 0x7, 0x9c, 0xe6, 0xa8,
    0xe1, 0x35, 0x85, 0x62, 0x1, 0xfc, 0xaa, 0x10,
    0x45, 0x30, 0xf, 0xe6, 0x34, 0xff, 0x30, 0x6f,
    0xe8, 0x40, 0x7, 0x86, 0x2, 0x40, 0x3c, 0x4c,
    0x50, 0x1, 0xd0, 0x2e, 0x40, 0x1f, 0x40, 0xb9,
    0x0, 0x46, 0xc3, 0x0, 0x1f, 0x86, 0x2, 0x40,
    0x2f, 0xb, 0x0, 0xff, 0x31, 0xa2, 0x1, 0x4c,
    0xca, 0x1, 0xff, 0x78, 0x48, 0x0,

    /* U+04C2 "ӂ" */
    0x0, 0xc5, 0xe0, 0x16, 0x30, 0x7, 0xf1, 0xb,
    0x82, 0x1a, 0x0, 0x7f, 0xb6, 0x7e, 0xe0, 0x80,
    0x3f, 0xc7, 0xdc, 0xf7, 0x0, 0xf1, 0xfc, 0x80,
    0x47, 0xd0, 0x1, 0x2f, 0xb8, 0x1b, 0x30, 0xc0,
    0x3f, 0x59, 0x38, 0x2, 0x7, 0xc0, 0x3e, 0x81,
    0x90, 0x8, 0x60, 0xd4, 0x3, 0x89, 0xd1, 0x0,
    0x19, 0x8e, 0xe2, 0x41, 0x23, 0x82, 0x40, 0x3e,
    0x17, 0x50, 0x37, 0x30, 0x30, 0xe, 0x73, 0x6f,
    0xc0, 0x7f, 0xb0, 0xa0, 0xc, 0x50, 0x52, 0x1,
    0xc8, 0xa8, 0xc0, 0x17, 0x4, 0x80, 0x7d, 0x63,
    0x22, 0xe, 0x6c, 0x80, 0x1f, 0xd, 0x85, 0x0,

    /* U+04C3 "Ӄ" */
    0xf, 0xb0, 0xe, 0x1e, 0xe0, 0x7, 0xf5, 0x8d,
    0x0, 0x7e, 0x55, 0x32, 0x0, 0x7c, 0x36, 0x52,
    0x1, 0xfa, 0xc7, 0x80, 0x3f, 0x2a, 0x9c, 0xc0,
    0x39, 0x3f, 0xd4, 0x30, 0x1, 0xe1, 0x55, 0x10,
    0xc8, 0x7, 0x96, 0xa9, 0xa8, 0xce, 0x1, 0xfd,
    0x65, 0xa, 0x1, 0xfd, 0xe1, 0x44, 0x1, 0xf8,
    0xa4, 0x24, 0x3, 0xf9, 0x89, 0x8, 0x3e, 0xc0,
    0x3c, 0xa0, 0x80, 0x1f, 0xc4, 0x1, 0xf9, 0x6e,
    0xca, 0xe, 0x1, 0xf2, 0xa1, 0x58, 0x80,

    /* U+04C4 "ӄ" */
    0x5f, 0x60, 0xd, 0xbc, 0x20, 0x1e, 0x82, 0xa1,
    0x0, 0xe4, 0x76, 0x40, 0xf, 0x51, 0x48, 0x6,
    0xd8, 0xc1, 0xf0, 0xe, 0x47, 0x30, 0x50, 0xe,
    0x9f, 0xe3, 0x85, 0x0, 0xf0, 0xe8, 0xd0, 0x80,
    0x78, 0x68, 0x2c, 0x3, 0xe4, 0x35, 0x15, 0xf6,
    0x0, 0xd6, 0xa, 0x1, 0xf7, 0x80, 0x79, 0x66,
    0x4e, 0x28, 0x1, 0x8d, 0xd8, 0xf4, 0x0,

    /* U+04C5 "Ӆ" */
    0x0, 0xab, 0xff, 0xf2, 0x0, 0x7c, 0xab, 0xc4,
    0x1, 0xf0, 0x8a, 0xab, 0x94, 0x3, 0xf1, 0x80,
    0x7f, 0xf0, 0x5c, 0x3, 0xff, 0x84, 0x22, 0x0,
    0xff, 0xe1, 0x38, 0x7, 0xff, 0x4, 0x84, 0x3,
    0xff, 0x80, 0x20, 0x60, 0x1f, 0xfc, 0x5, 0xf,
    0x0, 0xff, 0xe0, 0x78, 0x20, 0x7, 0xf9, 0xb1,
    0x10, 0x40, 0x1f, 0x7c, 0x86, 0x9a, 0x50, 0x7,
    0xe4, 0x50, 0xbf, 0xb1, 0x0, 0xf4, 0x70, 0x58,
    0x7, 0xff, 0x1, 0x41, 0x0, 0x3f, 0xf8, 0x18,
    0x26, 0x0,

    /* U+04C6 "ӆ" */
    0x0, 0x3f, 0xff, 0xb4, 0x3, 0x78, 0x33, 0x60,
    0xf, 0x8, 0x4c, 0xe2, 0x0, 0xf0, 0x80, 0x7f,
    0x8c, 0x3, 0xfe, 0x12, 0x0, 0xff, 0x2b, 0x0,
    0x7f, 0x10, 0xe8, 0x7, 0xe7, 0xc0, 0x50, 0xc,
    0x65, 0x25, 0x43, 0x24, 0x1, 0x84, 0x18, 0xf7,
    0xd8, 0x3, 0xbd, 0xc, 0x40, 0x3f, 0x92, 0xc0,

    /* U+04C7 "Ӈ" */
    0xf, 0xc0, 0xf, 0xbf, 0x0, 0x3f, 0xfc, 0xc5,
    0x55, 0xf0, 0x6, 0x15, 0x5f, 0x80, 0x31, 0xff,
    0xfc, 0x1, 0xff, 0xf3, 0xfc, 0x0, 0xff, 0xe2,
    0x8, 0x20, 0x30, 0x7, 0x87, 0xb6, 0xc3, 0x80,
    0x3e, 0x76, 0x5c, 0x40,

    /* U+04C8 "ӈ" */
    0x5f, 0x60, 0xe, 0xfa, 0x0, 0xff, 0xea, 0x6c,
    0x46, 0x90, 0xc, 0x8e, 0xf9, 0x80, 0x34, 0xff,
    0xf0, 0x7, 0xff, 0x51, 0x7d, 0x80, 0x3f, 0xf8,
    0x44, 0x6, 0x1, 0x87, 0x23, 0xc3, 0x40, 0x31,
    0x83, 0x9c, 0xa0,

    /* U+04C9 "Ӊ" */
    0xf, 0xc0, 0xf, 0xbf, 0x0, 0x3f, 0xfe, 0x5,
    0x55, 0xf0, 0x7, 0x85, 0x57, 0xe0, 0xf, 0x1f,
    0xff, 0xc0, 0x1f, 0xfe, 0xd2, 0xa5, 0x0, 0xff,
    0x85, 0x40, 0x1f, 0x80, 0x1f, 0x7b, 0x82, 0x0,
    0x7f, 0xc6, 0x61, 0x0, 0xff, 0x91, 0x0,

    /* U+04CA "ӊ" */
    0x5f, 0x60, 0xc, 0x5f, 0x20, 0x1f, 0xfd, 0xcd,
    0x88, 0xd6, 0x1, 0xe4, 0x77, 0xcc, 0x1, 0xe9,
    0xff, 0xda, 0x1, 0xff, 0xcb, 0x10, 0x49, 0x0,
    0xfc, 0xe0, 0x4a, 0xb, 0xec, 0x1, 0x93, 0xc2,
    0xc0, 0x3f, 0x8c, 0x14, 0x0,

    /* U+04CB "Ӌ" */
    0x1f, 0xb0, 0xf, 0x4f, 0x98, 0x7, 0xff, 0x60,
    0x41, 0x80, 0x3f, 0xc6, 0x4e, 0x1, 0x84, 0x80,
    0x2f, 0x8, 0xda, 0xa6, 0x72, 0x0, 0x47, 0xaa,
    0x6a, 0xa0, 0x75, 0x0, 0xc5, 0x5d, 0xfe, 0xc8,
    0x30, 0xf, 0xfe, 0xab, 0xd2, 0x0, 0x7f, 0x5a,
    0x90, 0x38, 0x7, 0xe1, 0xff, 0x20, 0x7, 0xff,
    0x30,

    /* U+04CC "ӌ" */
    0x4f, 0x70, 0xd, 0x1e, 0x60, 0x1f, 0xfc, 0xae,
    0x0, 0xf9, 0x1, 0x98, 0x46, 0xca, 0x1, 0x58,
    0xce, 0xe4, 0x80, 0x64, 0xec, 0xac, 0xf5, 0x0,
    0xe3, 0x53, 0x0, 0xfe, 0x18, 0x40, 0xf, 0x8d,
    0xcc, 0x1c, 0x3, 0xe8, 0xf4, 0x0, 0xff, 0x0,

    /* U+04CD "Ӎ" */
    0xf, 0xb0, 0xf, 0xe6, 0xf5, 0x0, 0xc8, 0x80,
    0xf, 0xd0, 0x1, 0xf4, 0x80, 0x7d, 0x2, 0x1,
    0xf1, 0x38, 0x7, 0x13, 0x80, 0x7c, 0x85, 0x2,
    0x1, 0xa0, 0x1c, 0x3, 0xe9, 0x8, 0x0, 0x8d,
    0x5b, 0x80, 0x3e, 0x45, 0x62, 0x0, 0x78, 0xc0,
    0x7, 0xf5, 0x84, 0x83, 0x1c, 0x8, 0x0, 0xc0,
    0x3c, 0x30, 0x8b, 0x6, 0xc0, 0x60, 0x1f, 0xce,
    0x54, 0x3e, 0x1, 0xff, 0xc1, 0x90, 0x63, 0x0,
    0xff, 0xe0, 0xa5, 0x40, 0x7, 0x55, 0x8, 0x3,
    0xe5, 0x10, 0xe, 0x35, 0x30, 0xfb, 0x0, 0xfe,
    0x5f, 0x33, 0x8, 0x7, 0xff, 0x8, 0xec, 0x3,
    0xff, 0x84, 0x60, 0x80,

    /* U+04CE "ӎ" */
    0x5f, 0xb0, 0xf, 0x1f, 0xd0, 0x6, 0x44, 0x0,
    0x77, 0x80, 0x7d, 0x20, 0x19, 0x4c, 0x3, 0xce,
    0x4c, 0x1, 0x5a, 0x88, 0x7, 0x62, 0x40, 0x2,
    0x6, 0xc0, 0x3e, 0x91, 0x81, 0x78, 0x10, 0xf,
    0x89, 0x9e, 0x85, 0xc0, 0x3f, 0xa0, 0x52, 0xc0,
    0x3f, 0xc3, 0x8, 0xa0, 0x1, 0x49, 0x20, 0xe,
    0x6b, 0x0, 0xc2, 0xc6, 0xbe, 0x80, 0x1f, 0x7a,
    0x20, 0x40, 0x3f, 0xe4, 0xc0,

    /* U+04CF "ӏ" */
    0x4e, 0x51, 0x11, 0x80, 0x7f, 0xf6, 0x0,

    /* U+04D0 "Ӑ" */
    0x0, 0x86, 0x0, 0x23, 0x70, 0xf, 0xce, 0xe0,
    0x4, 0x60, 0x7, 0xc3, 0x53, 0xfe, 0x79, 0x0,
    0xfc, 0xbd, 0xcf, 0xc2, 0x0, 0xfe, 0x4e, 0xe0,
    0x7, 0xfd, 0xe0, 0x2a, 0x1, 0xfc, 0x48, 0xe3,
    0x20, 0x1f, 0xd6, 0x12, 0xc6, 0x60, 0xf, 0x85,
    0x94, 0x64, 0x20, 0x3, 0xe6, 0x9, 0x1, 0x54,
    0x20, 0xf, 0x49, 0x18, 0x2, 0x42, 0x80, 0x39,
    0x46, 0xc0, 0x23, 0x33, 0x80, 0x74, 0x84, 0xff,
    0xe3, 0x7, 0x0, 0x8c, 0xc8, 0xef, 0xe1, 0xa0,
    0xa, 0x2, 0x62, 0x3c, 0xc4, 0xa0, 0x48, 0x82,
    0x0, 0xf4, 0x84, 0x85, 0x7, 0x80, 0x7c, 0x2a,
    0x66,

    /* U+04D1 "ӑ" */
    0x0, 0x4c, 0x80, 0x7, 0xe0, 0x1b, 0x1c, 0x82,
    0x4c, 0x3, 0x2b, 0xef, 0xbf, 0x0, 0x74, 0xff,
    0x69, 0x0, 0x43, 0x1b, 0xfd, 0xac, 0x1, 0x5b,
    0xb3, 0x47, 0x2e, 0x0, 0x8d, 0xb9, 0x97, 0x8c,
    0x0, 0x8, 0x80, 0x10, 0xa0, 0x10, 0xd, 0x7f,
    0xe5, 0x0, 0xb5, 0x62, 0xf3, 0xa, 0x0, 0x13,
    0x57, 0x43, 0x38, 0x3, 0x8, 0x4, 0x2e, 0x0,
    0x14, 0x44, 0x23, 0x60, 0x80, 0x56, 0xcc, 0xb8,
    0x58, 0x0, 0x0,

    /* U+04D2 "Ӓ" */
    0x0, 0xd3, 0xa0, 0x9e, 0x60, 0x1f, 0x84, 0x40,
    0xe2, 0x1, 0xfd, 0x18, 0x7, 0xc6, 0x1, 0xfc,
    0x9f, 0xc0, 0x1f, 0xf7, 0x80, 0xa8, 0x7, 0xf1,
    0x23, 0x8c, 0x80, 0x7f, 0x58, 0x4b, 0x19, 0x80,
    0x3e, 0x16, 0x51, 0x90, 0x80, 0xf, 0x98, 0x24,
    0x5, 0x50, 0x80, 0x3d, 0x24, 0x60, 0x9, 0xa,
    0x0, 0xe5, 0x1b, 0x0, 0x8c, 0xce, 0x1, 0xd2,
    0x13, 0xff, 0x8c, 0x1c, 0x2, 0x33, 0x23, 0xbf,
    0x86, 0x80, 0x28, 0x9, 0x88, 0xf3, 0x12, 0x81,
    0x22, 0x8, 0x3, 0xd2, 0x12, 0x14, 0x1e, 0x1,
    0xf0, 0xa9, 0x98,

    /* U+04D3 "ӓ" */
    0x0, 0x1f, 0xa0, 0x6c, 0x80, 0x71, 0x38, 0x8,
    0x80, 0x31, 0xe9, 0x86, 0x40, 0x4, 0x31, 0xbf,
    0xed, 0x60, 0xa, 0xdd, 0x9a, 0x39, 0x70, 0x4,
    0x6d, 0xcc, 0xbc, 0x60, 0x0, 0x44, 0x0, 0x85,
    0x0, 0x80, 0x6b, 0xff, 0x28, 0x5, 0xab, 0x17,
    0x98, 0x50, 0x0, 0x9a, 0xba, 0x19, 0xc0, 0x18,
    0x40, 0x21, 0x70, 0x0, 0xa2, 0x21, 0x1b, 0x4,
    0x2, 0xb6, 0x65, 0xc2, 0xc0, 0x0,

    /* U+04D4 "Ӕ" */
    0x0, 0xfa, 0xbf, 0xff, 0xac, 0x3, 0xc6, 0xa4,
    0x4, 0xab, 0xec, 0x0, 0xf7, 0xf, 0x3, 0xd5,
    0x79, 0xc0, 0x39, 0x8a, 0x4, 0x3, 0xff, 0x85,
    0x4, 0xc0, 0x1f, 0xfc, 0x28, 0x19, 0x0, 0x9e,
    0x67, 0xa0, 0x3, 0x13, 0xa2, 0x0, 0x22, 0x66,
    0xe7, 0x0, 0xd2, 0x12, 0x1, 0x97, 0xff, 0xc0,
    0x12, 0x20, 0x37, 0xfd, 0xa0, 0x1f, 0xf4, 0x8b,
    0xbe, 0x60, 0xf, 0xf3, 0x14, 0x47, 0x58, 0x7,
    0xf0, 0xc1, 0x30, 0x7, 0x9e, 0xab, 0xd3, 0x3,
    0x20, 0x1f, 0x12, 0xaf, 0x98,

    /* U+04D5 "ӕ" */
    0x1, 0x8d, 0xff, 0x6b, 0x81, 0xdf, 0x7e, 0xc0,
    0x6, 0xb7, 0x66, 0x8e, 0x2f, 0x11, 0xc, 0x2f,
    0x80, 0x14, 0x75, 0xcc, 0xbc, 0x50, 0x76, 0xa7,
    0x24, 0xe0, 0x0, 0x42, 0x1, 0xa, 0x4, 0x90,
    0x4, 0xc4, 0xc0, 0x1, 0xaf, 0xfc, 0xa1, 0x1f,
    0xfc, 0x42, 0x0, 0xd5, 0x8b, 0xcc, 0x28, 0x4e,
    0x67, 0xc0, 0x26, 0xae, 0x86, 0x70, 0x0, 0xcf,
    0xe0, 0x8, 0x40, 0x21, 0x70, 0x81, 0x0, 0x86,
    0x0, 0x2, 0xa9, 0x4c, 0xf8, 0x16, 0x3f, 0xd,
    0x1e, 0xe4, 0x0, 0xa7, 0x49, 0x92, 0x7a, 0x6b,
    0xb4, 0xb2, 0x61, 0x0,

    /* U+04D6 "Ӗ" */
    0x0, 0x2a, 0x80, 0x26, 0x30, 0xc, 0x56, 0x40,
    0x72, 0xe0, 0x19, 0xd3, 0x7f, 0x1d, 0x0, 0x3a,
    0xbf, 0xbe, 0x0, 0x37, 0xfe, 0xef, 0xfb, 0x40,
    0x21, 0x55, 0xf8, 0x2, 0x2a, 0xaf, 0x40, 0x7,
    0xff, 0x34, 0xa6, 0x7c, 0x1, 0x85, 0x9b, 0xc2,
    0x1, 0x1f, 0xff, 0x84, 0x3, 0xff, 0xb0, 0x55,
    0x5f, 0x8, 0x0, 0x55, 0x7e, 0x0,

    /* U+04D7 "ӗ" */
    0x0, 0x1f, 0x80, 0x5a, 0xa0, 0x18, 0xc1, 0x81,
    0x49, 0xc0, 0x3a, 0xe3, 0xea, 0x48, 0x3, 0x93,
    0xb9, 0xec, 0x1, 0xc3, 0x1d, 0xd5, 0x10, 0x4,
    0x38, 0xea, 0xe8, 0xba, 0x40, 0x8, 0x2a, 0xb8,
    0xad, 0x1e, 0x0, 0x32, 0x28, 0x4, 0x4c, 0x64,
    0x40, 0x4f, 0xfe, 0x70, 0x60, 0x2, 0xe6, 0x7c,
    0x84, 0xc, 0x67, 0xf0, 0x1, 0x8d, 0xc0, 0x34,
    0x8, 0x2, 0x4e, 0x36, 0x65, 0xce, 0xc0, 0x16,
    0x40, 0x33, 0xa, 0x9c, 0x0,

    /* U+04D8 "Ә" */
    0x0, 0x85, 0xf3, 0xfd, 0xd4, 0x60, 0x1c, 0xdd,
    0x4, 0x8a, 0x6b, 0x92, 0x1, 0xb8, 0x67, 0xae,
    0xb7, 0x9, 0xa4, 0x2, 0x8f, 0x60, 0xc, 0x78,
    0x4c, 0x60, 0x10, 0x80, 0x78, 0x60, 0x28, 0x4,
    0x7f, 0xc8, 0xa, 0x9d, 0xdf, 0xf0, 0xb, 0x82,
    0x5d, 0xff, 0x0, 0x98, 0x32, 0x27, 0xe1, 0x5,
    0x5, 0x26, 0x0, 0xf0, 0xc0, 0x58, 0x58, 0xcb,
    0x80, 0x63, 0xc2, 0x72, 0x1, 0xd1, 0x8e, 0xba,
    0xdc, 0x27, 0x80, 0x8, 0xfa, 0x9, 0x14, 0xd7,
    0x20, 0x0,

    /* U+04D9 "ә" */
    0x0, 0x2e, 0x7f, 0xb6, 0x0, 0x32, 0xd0, 0xb3,
    0x1, 0xf4, 0x40, 0xb, 0x5b, 0x32, 0xd9, 0x2b,
    0x0, 0x94, 0x3, 0x32, 0x28, 0x9f, 0xff, 0xc8,
    0x4, 0x20, 0xd9, 0x9c, 0xc0, 0x2, 0x12, 0x33,
    0xf0, 0x10, 0x32, 0x28, 0x4, 0x8a, 0xa1, 0x8,
    0x3a, 0xb8, 0xbb, 0x15, 0x80, 0x58, 0xea, 0xea,
    0xf8, 0x20,

    /* U+04DA "Ӛ" */
    0x0, 0xed, 0x70, 0x9c, 0x0, 0xfc, 0x26, 0x0,
    0x31, 0x0, 0xfc, 0x3c, 0xe1, 0x5a, 0x1, 0xff,
    0xc9, 0x17, 0xcf, 0xf7, 0x51, 0x80, 0x73, 0x74,
    0x12, 0x29, 0xae, 0x48, 0x6, 0xe1, 0x9e, 0xba,
    0xdc, 0x26, 0x90, 0xa, 0x3d, 0x80, 0x31, 0xe1,
    0x31, 0x80, 0x42, 0x1, 0xe1, 0x80, 0xa0, 0x11,
    0xff, 0x20, 0x2a, 0x77, 0x7f, 0xc0, 0x2e, 0x9,
    0x77, 0xfc, 0x2, 0x60, 0xc8, 0x9f, 0x84, 0x14,
    0x14, 0x98, 0x3, 0xc3, 0x1, 0x61, 0x63, 0x2e,
    0x1, 0x8f, 0x9, 0xc8, 0x7, 0x46, 0x3a, 0xeb,
    0x70, 0x9e, 0x0, 0x23, 0xe8, 0x24, 0x53, 0x5c,
    0x80, 0x0,

    /* U+04DB "ӛ" */
    0x0, 0xb6, 0x42, 0x38, 0x3, 0xc2, 0x20, 0xf2,
    0x0, 0xf6, 0x40, 0x3e, 0x0, 0x72, 0xe7, 0xfb,
    0x60, 0x3, 0x2d, 0xb, 0x30, 0x1f, 0x44, 0x0,
    0xb5, 0xb3, 0x2d, 0x92, 0xb0, 0x9, 0x40, 0x33,
    0x22, 0x89, 0xff, 0xfc, 0x80, 0x42, 0xd, 0x99,
    0xcc, 0x0, 0x21, 0x23, 0x3f, 0x1, 0x3, 0x22,
    0x80, 0x48, 0xaa, 0x10, 0x83, 0xab, 0x8b, 0xb1,
    0x58, 0x5, 0x8e, 0xae, 0xaf, 0x82, 0x0,

    /* U+04DC "Ӝ" */
    0x0, 0xf1, 0x7a, 0x86, 0x58, 0x7, 0xff, 0x8,
    0x40, 0xe, 0x20, 0x1f, 0xfc, 0x12, 0xe5, 0xb,
    0xa0, 0xf, 0x87, 0xf4, 0x3, 0xa7, 0xc8, 0x3,
    0x2f, 0xc0, 0xc, 0x94, 0x0, 0x7f, 0x86, 0xca,
    0x0, 0xc, 0x8e, 0x40, 0x1f, 0xd6, 0x32, 0x1,
    0xa4, 0x38, 0x3, 0xf2, 0x2b, 0x20, 0x6, 0x28,
    0x36, 0x0, 0xfa, 0x46, 0x0, 0x3c, 0xe7, 0x35,
    0x47, 0x9, 0xac, 0x2b, 0x10, 0xf, 0xe5, 0x50,
    0x82, 0x29, 0x80, 0x7f, 0x31, 0xa7, 0xf9, 0x83,
    0x7f, 0x42, 0x0, 0x3c, 0x30, 0x12, 0x1, 0xe2,
    0x62, 0x80, 0xe, 0x81, 0x72, 0x0, 0xfa, 0x5,
    0xc8, 0x2, 0x36, 0x18, 0x0, 0xfc, 0x30, 0x12,
    0x1, 0x78, 0x58, 0x7, 0xf9, 0x8d, 0x10, 0xa,
    0x66, 0x50, 0xf, 0xfb, 0xc2, 0x40,

    /* U+04DD "ӝ" */
    0x0, 0xec, 0xb0, 0x6e, 0x10, 0xf, 0xf3, 0x88,
    0x0, 0xc0, 0x3f, 0xeb, 0xa0, 0x6d, 0x10, 0xe,
    0x3f, 0x90, 0x8, 0xfe, 0x0, 0x25, 0xf7, 0x3,
    0x66, 0x18, 0x7, 0xeb, 0x27, 0x0, 0x40, 0xf8,
    0x7, 0xd0, 0x32, 0x1, 0xc, 0x1a, 0x80, 0x71,
    0x3a, 0x20, 0x3, 0x31, 0xdc, 0x48, 0x24, 0x70,
    0x48, 0x7, 0xc2, 0xea, 0x6, 0xe6, 0x6, 0x1,
    0xce, 0x6d, 0xf8, 0xf, 0xf6, 0x14, 0x1, 0x8a,
    0xa, 0x40, 0x39, 0x15, 0x18, 0x2, 0xe0, 0x90,
    0xf, 0xac, 0x64, 0x41, 0xcd, 0x90, 0x3, 0xe1,
    0xb0, 0xa0,

    /* U+04DE "Ӟ" */
    0x0, 0x4d, 0x82, 0x71, 0x0, 0x71, 0xb0, 0x8,
    0xc0, 0x1d, 0x5a, 0xb, 0xe6, 0x1, 0xff, 0xc3,
    0x4a, 0xdf, 0xf6, 0xc0, 0x80, 0xe, 0xd4, 0x55,
    0x40, 0xfe, 0x40, 0x73, 0xf9, 0x54, 0xd8, 0x18,
    0x0, 0x30, 0x7, 0x38, 0x38, 0x7, 0xe3, 0x6,
    0x0, 0x8e, 0x22, 0xac, 0x8, 0x0, 0x95, 0xde,
    0x50, 0x63, 0x0, 0x9b, 0xfe, 0xe9, 0x6b, 0x0,
    0xf8, 0x59, 0xd0, 0xc0, 0x3f, 0xcc, 0xea, 0x1,
    0xc4, 0xc0, 0xf7, 0x5f, 0x75, 0x4c, 0xd1, 0x82,
    0xca, 0x45, 0x58, 0x96, 0xdc, 0x0,

    /* U+04DF "ӟ" */
    0x0, 0x56, 0x2, 0xf9, 0x0, 0x46, 0xe0, 0x24,
    0x1, 0xa6, 0xc1, 0x34, 0x80, 0xb, 0x7d, 0xfd,
    0x46, 0x0, 0xb6, 0x46, 0x55, 0x61, 0x87, 0xed,
    0x4d, 0xd0, 0x58, 0x8, 0x4, 0x58, 0x16, 0x0,
    0x4f, 0xf6, 0xb4, 0x98, 0x1, 0x33, 0x16, 0x92,
    0xc0, 0x11, 0x99, 0x2c, 0x28, 0x10, 0x3, 0x18,
    0x3a, 0xde, 0xcc, 0x56, 0x4, 0x2c, 0xb3, 0xb9,
    0x17, 0xc,

    /* U+04E0 "Ӡ" */
    0xf, 0xff, 0xd8, 0x0, 0x65, 0x5e, 0x10, 0x40,
    0x4, 0xd5, 0x6d, 0x16, 0x80, 0xf, 0x3c, 0x34,
    0x80, 0x79, 0xa1, 0x64, 0x3, 0xeb, 0x5, 0xd7,
    0x0, 0xf4, 0xd4, 0x4, 0x48, 0x7, 0x22, 0xbe,
    0x9b, 0x8, 0x7, 0xeb, 0x5, 0x0, 0xfd, 0xe0,
    0x1, 0xd4, 0x0, 0xc6, 0xe2, 0x84, 0x4b, 0xeb,
    0xac, 0xc0, 0x58, 0x1f, 0x39, 0x22, 0x92, 0xe2,
    0x80,

    /* U+04E1 "ӡ" */
    0xe, 0xff, 0xf9, 0x41, 0x9b, 0xc0, 0x6, 0x8,
    0x99, 0xdc, 0x10, 0x60, 0x1c, 0x70, 0x8e, 0x1,
    0xc3, 0xa3, 0x40, 0x1e, 0xa1, 0xa1, 0x0, 0xe2,
    0x40, 0xbc, 0x40, 0xc, 0x55, 0x46, 0x3b, 0x30,
    0xc, 0xaa, 0x9c, 0x8, 0x0, 0xf8, 0xc5, 0x40,
    0x3f, 0x9, 0x86, 0xa0, 0x6, 0x70, 0x52, 0x3b,
    0xd9, 0x96, 0x41, 0x49, 0x7b, 0x8b, 0x30, 0x5f,
    0x4,

    /* U+04E2 "Ӣ" */
    0x0, 0xa3, 0xff, 0x90, 0x3, 0xa7, 0x77, 0x90,
    0x3, 0x84, 0x8b, 0x80, 0x37, 0xe0, 0x7, 0x8f,
    0xf4, 0x3, 0xfb, 0x80, 0x3f, 0xd4, 0x40, 0x1f,
    0xcc, 0xa8, 0x20, 0x1f, 0x14, 0x8d, 0x0, 0x7e,
    0xf0, 0xd1, 0x0, 0xfa, 0x8a, 0xc, 0x3, 0xe5,
    0x52, 0x38, 0x7, 0xc5, 0x43, 0x40, 0x1f, 0xbc,
    0x34, 0x40, 0x3e, 0x32, 0x83, 0x0, 0xfe, 0x47,
    0x0, 0xfe, 0x1a, 0x0, 0xfc,

    /* U+04E3 "ӣ" */
    0x0, 0x67, 0xff, 0x8, 0x5, 0xbb, 0xe1, 0x0,
    0x84, 0x8b, 0x80, 0xb, 0xec, 0x1, 0x8f, 0xf4,
    0x3, 0xc3, 0xa0, 0x1f, 0xa8, 0x40, 0x3e, 0x94,
    0x81, 0x0, 0xe5, 0x65, 0x70, 0xe, 0x3a, 0x2a,
    0x0, 0xe1, 0xd1, 0xf0, 0xf, 0x40, 0xd1, 0x0,
    0x7d, 0x8, 0x1, 0xf2, 0xb8, 0x7, 0x80,

    /* U+04E4 "Ӥ" */
    0x0, 0x87, 0x9c, 0x2b, 0x0, 0x3e, 0x31, 0x0,
    0x38, 0x7, 0x87, 0x58, 0x2a, 0xc0, 0x37, 0xe0,
    0x7, 0x8f, 0xf4, 0x3, 0xfb, 0x80, 0x3f, 0xd4,
    0x40, 0x1f, 0xcc, 0xa8, 0x20, 0x1f, 0x14, 0x8d,
    0x0, 0x7e, 0xf0, 0xd1, 0x0, 0xfa, 0x8a, 0xc,
    0x3, 0xe5, 0x52, 0x38, 0x7, 0xc5, 0x43, 0x40,
    0x1f, 0xbc, 0x34, 0x40, 0x3e, 0x32, 0x83, 0x0,
    0xfe, 0x47, 0x0, 0xfe, 0x1a, 0x0, 0xfc,

    /* U+04E5 "ӥ" */
    0x0, 0x27, 0x98, 0x74, 0x0, 0x67, 0x20, 0x1,
    0x78, 0x6, 0x3d, 0x30, 0xc7, 0x0, 0x2f, 0xb0,
    0x6, 0x3f, 0xd0, 0xf, 0xe, 0x80, 0x7e, 0xa1,
    0x0, 0xfa, 0x52, 0x4, 0x3, 0x95, 0x95, 0xc0,
    0x38, 0xe8, 0xa8, 0x3, 0x87, 0x47, 0xc0, 0x3d,
    0x3, 0x44, 0x1, 0xf4, 0x20, 0x7, 0xca, 0xe0,
    0x1e,

    /* U+04E6 "Ӧ" */
    0x0, 0xeb, 0xa0, 0x6d, 0x10, 0xf, 0xe7, 0x10,
    0x1, 0x80, 0x7f, 0xb2, 0xc1, 0xb8, 0x40, 0x3f,
    0xf9, 0x69, 0x7d, 0xfe, 0xc6, 0x0, 0xfa, 0xec,
    0x84, 0xa8, 0x73, 0xa4, 0x1, 0xad, 0x11, 0xd9,
    0x57, 0xee, 0x58, 0x20, 0x5, 0x44, 0x58, 0x80,
    0x68, 0x71, 0x80, 0x4, 0x84, 0x80, 0x7d, 0x2,
    0xc0, 0x3, 0x22, 0x0, 0x7e, 0x70, 0x31, 0x6,
    0x0, 0xfe, 0xe0, 0x71, 0x6, 0x0, 0xfe, 0xe0,
    0x70, 0x32, 0x20, 0x7, 0xe7, 0x3, 0x9, 0x9,
    0x0, 0xfa, 0x5, 0x80, 0xa, 0x88, 0xb2, 0x0,
    0xd2, 0xe3, 0x0, 0x15, 0xa2, 0x37, 0x2b, 0x3d,
    0x8b, 0x4, 0x3, 0x5d, 0x90, 0x94, 0xcd, 0x3a,
    0x40, 0x0,

    /* U+04E7 "ӧ" */
    0x0, 0xab, 0x1, 0x7c, 0x80, 0x38, 0xdc, 0x4,
    0x80, 0x3d, 0x36, 0x9, 0xa4, 0x1, 0xd1, 0xbf,
    0xeb, 0x30, 0xd, 0x8e, 0xc, 0xa9, 0x8c, 0x0,
    0x93, 0x7d, 0x9a, 0xe2, 0x92, 0x6, 0x28, 0x0,
    0x86, 0x2, 0x88, 0x10, 0x3, 0x90, 0x8, 0x3,
    0xfe, 0x20, 0x40, 0xe, 0x40, 0xd0, 0x62, 0x80,
    0x8, 0x60, 0x18, 0x24, 0xdf, 0x66, 0xb8, 0xa8,
    0x40, 0x19, 0x0, 0xca, 0x98, 0xa0,

    /* U+04E8 "Ө" */
    0x0, 0xc9, 0x7d, 0xfe, 0xc6, 0x0, 0xfa, 0xec,
    0x84, 0xa8, 0x73, 0xa4, 0x1, 0xad, 0xf, 0x72,
    0xaf, 0x98, 0xb0, 0x40, 0xa, 0x87, 0x84, 0x1,
    0xc, 0xb8, 0xc0, 0x2, 0x43, 0x80, 0x3e, 0x81,
    0x60, 0x1, 0x88, 0x11, 0x7e, 0x50, 0x31, 0x1,
    0xdd, 0xfe, 0x40, 0x71, 0x1, 0xaa, 0xfe, 0x40,
    0x70, 0x31, 0x45, 0x5f, 0xcc, 0x6, 0x12, 0x16,
    0x1, 0xf3, 0x93, 0x0, 0x15, 0x16, 0x84, 0x3,
    0x44, 0x6, 0x0, 0x2b, 0x45, 0xec, 0xab, 0xf7,
    0x2c, 0x10, 0xd, 0x76, 0x42, 0x54, 0x39, 0xd2,
    0x0, 0x0,

    /* U+04E9 "ө" */
    0x0, 0xa3, 0x7f, 0xd6, 0x60, 0x1b, 0x1c, 0x19,
    0x53, 0x18, 0x1, 0x26, 0xfb, 0x35, 0xc5, 0x24,
    0xc, 0x50, 0x1, 0xc, 0x5, 0x10, 0x17, 0xff,
    0x50, 0x10, 0x1, 0x73, 0x3a, 0xc0, 0x4, 0xe,
    0x67, 0xc2, 0x1a, 0xc, 0x50, 0x1, 0xc, 0x3,
    0x4, 0x9b, 0xec, 0xd7, 0x15, 0x8, 0x3, 0x20,
    0x19, 0x53, 0x14, 0x0,

    /* U+04EA "Ӫ" */
    0x0, 0xeb, 0xa0, 0x6d, 0x10, 0xf, 0xe7, 0x10,
    0x1, 0x80, 0x7f, 0xb2, 0xc1, 0xb8, 0x40, 0x3f,
    0xf9, 0x69, 0x7d, 0xfe, 0xc6, 0x0, 0xfa, 0xec,
    0x84, 0xa8, 0x73, 0xa4, 0x1, 0xad, 0xf, 0x72,
    0xaf, 0x98, 0xb0, 0x40, 0xa, 0x87, 0x84, 0x1,
    0xc, 0xb8, 0xc0, 0x2, 0x43, 0x80, 0x3e, 0x81,
    0x60, 0x1, 0x88, 0x11, 0x7e, 0x50, 0x31, 0x1,
    0xdd, 0xfe, 0x40, 0x71, 0x1, 0xaa, 0xfe, 0x40,
    0x70, 0x31, 0x45, 0x5f, 0xcc, 0x6, 0x12, 0x16,
    0x1, 0xf3, 0x93, 0x0, 0x15, 0x16, 0x84, 0x3,
    0x44, 0x6, 0x0, 0x2b, 0x45, 0xec, 0xab, 0xf7,
    0x2c, 0x10, 0xd, 0x76, 0x42, 0x54, 0x39, 0xd2,
    0x0, 0x0,

    /* U+04EB "ӫ" */
    0x0, 0xab, 0x1, 0x7c, 0x80, 0x38, 0xdc, 0x4,
    0x80, 0x3d, 0x36, 0x9, 0xa4, 0x1, 0xd1, 0xbf,
    0xeb, 0x30, 0xd, 0x8e, 0xc, 0xa9, 0x8c, 0x0,
    0x93, 0x7d, 0x9a, 0xe2, 0x92, 0x6, 0x28, 0x0,
    0x86, 0x2, 0x88, 0xb, 0xff, 0xa8, 0x8, 0x0,
    0xb9, 0x9d, 0x60, 0x2, 0x7, 0x33, 0xe1, 0xd,
    0x6, 0x28, 0x0, 0x86, 0x1, 0x82, 0x4d, 0xf6,
    0x6b, 0x8a, 0x84, 0x1, 0x90, 0xc, 0xa9, 0x8a,
    0x0,

    /* U+04EC "Ӭ" */
    0x0, 0xa7, 0x1, 0x38, 0x80, 0x3c, 0x62, 0x0,
    0x11, 0x0, 0x7a, 0xb4, 0x13, 0xcc, 0x3, 0xff,
    0x8a, 0xd7, 0xdf, 0xd4, 0x80, 0x10, 0xec, 0xa2,
    0xa1, 0xad, 0xc8, 0x6, 0x8f, 0xbb, 0x6e, 0x13,
    0x40, 0xe, 0xb8, 0x6, 0x3c, 0x17, 0x10, 0xf,
    0xc3, 0x0, 0xc0, 0x10, 0xc4, 0x76, 0x6, 0x0,
    0x44, 0xef, 0xca, 0xe, 0x1, 0x1f, 0xff, 0x68,
    0x38, 0x7, 0xf2, 0x6, 0x0, 0x7e, 0x18, 0x6,
    0x2e, 0x80, 0xc, 0x78, 0x30, 0x26, 0x4f, 0xf9,
    0x7b, 0x84, 0xee, 0x1, 0xc9, 0x42, 0x43, 0x5c,
    0x80, 0x0,

    /* U+04ED "ӭ" */
    0x0, 0x56, 0x2, 0xf9, 0x0, 0x63, 0x70, 0x12,
    0x0, 0xe9, 0xb0, 0x4d, 0x20, 0x9, 0x2f, 0xbf,
    0xa4, 0x40, 0x9, 0x6c, 0xc8, 0x46, 0xe3, 0x4,
    0xbd, 0x87, 0xad, 0x1d, 0x0, 0x20, 0x0, 0x44,
    0x70, 0x2a, 0x1, 0x6f, 0x75, 0x21, 0xa0, 0x17,
    0x5d, 0xd4, 0x1, 0xc6, 0x89, 0x0, 0x34, 0x1c,
    0x3, 0x15, 0x8a, 0xa4, 0x74, 0xbd, 0x68, 0xe8,
    0x25, 0xab, 0xc2, 0x36, 0x98, 0x0,

    /* U+04EE "Ӯ" */
    0x0, 0xb3, 0xff, 0x80, 0x3e, 0xed, 0xde, 0x0,
    0xf8, 0x8b, 0xc0, 0x19, 0xfd, 0xc0, 0x3e, 0xcf,
    0x17, 0x19, 0x0, 0xf2, 0x1c, 0x8, 0x40, 0xb8,
    0x7, 0x40, 0xb8, 0x1, 0x8a, 0x40, 0x32, 0x9c,
    0x0, 0x68, 0x17, 0x0, 0xa0, 0x98, 0x3, 0x29,
    0x48, 0x1, 0x4a, 0x0, 0x3d, 0x2, 0xe1, 0x4,
    0xa0, 0x1e, 0x53, 0x87, 0x29, 0x0, 0xfd, 0x1,
    0x6, 0x80, 0x1f, 0x90, 0x83, 0xc0, 0x3f, 0x8c,
    0x90, 0xc0, 0x3c, 0x57, 0x58, 0x12, 0x1, 0xf3,
    0xaa, 0x8f, 0x48, 0x3, 0xc0,

    /* U+04EF "ӯ" */
    0x0, 0xbf, 0xfb, 0x40, 0x3d, 0xbb, 0xd8, 0x1,
    0xe2, 0x2e, 0x10, 0xd, 0x7e, 0x20, 0x1d, 0x7e,
    0x0, 0xf0, 0x60, 0xc, 0x28, 0xc0, 0x4, 0x29,
    0x0, 0xd2, 0x16, 0x1, 0x50, 0xa0, 0x4, 0xc8,
    0x40, 0x13, 0x7, 0x80, 0x14, 0x78, 0x3, 0xa,
    0xa1, 0x7, 0xa, 0x80, 0x74, 0x85, 0x12, 0x48,
    0x7, 0x8c, 0xcd, 0x60, 0xc0, 0x1f, 0x50, 0xb2,
    0x88, 0x7, 0xcc, 0x0, 0xe0, 0xf, 0xe2, 0x22,
    0x0, 0x70, 0x80, 0x14, 0xac, 0x3, 0xdf, 0x53,
    0x44, 0xc0, 0x1e, 0x74, 0x64, 0xf0, 0xf, 0x0,

    /* U+04F0 "Ӱ" */
    0x0, 0x93, 0x8c, 0x35, 0xc0, 0x3f, 0x8, 0x0,
    0xfc, 0x3, 0xe4, 0xf3, 0xe, 0x80, 0xf, 0xfe,
    0x2b, 0xfb, 0x80, 0x7d, 0x9e, 0x2e, 0x32, 0x1,
    0xe4, 0x38, 0x10, 0x81, 0x70, 0xe, 0x81, 0x70,
    0x3, 0x14, 0x80, 0x65, 0x38, 0x0, 0xd0, 0x2e,
    0x1, 0x41, 0x30, 0x6, 0x52, 0x90, 0x2, 0x94,
    0x0, 0x7a, 0x5, 0xc2, 0x9, 0x40, 0x3c, 0xa7,
    0xe, 0x52, 0x1, 0xfa, 0x2, 0xd, 0x0, 0x3f,
    0x21, 0x7, 0x80, 0x7f, 0x19, 0x21, 0x80, 0x78,
    0xae, 0xb0, 0x24, 0x3, 0xe7, 0x55, 0x1e, 0x90,
    0x7, 0x80,

    /* U+04F1 "ӱ" */
    0x0, 0xa3, 0x80, 0xfd, 0x40, 0x3d, 0xe6, 0x2,
    0x42, 0x1, 0xe7, 0xd0, 0x2d, 0x40, 0xd, 0x7e,
    0x20, 0x1d, 0x7e, 0x0, 0xf0, 0x60, 0xc, 0x28,
    0xc0, 0x4, 0x29, 0x0, 0xd2, 0x16, 0x1, 0x50,
    0xa0, 0x4, 0xc8, 0x40, 0x13, 0x7, 0x80, 0x14,
    0x78, 0x3, 0xa, 0xa1, 0x7, 0xa, 0x80, 0x74,
    0x85, 0x12, 0x48, 0x7, 0x8c, 0xcd, 0x60, 0xc0,
    0x1f, 0x50, 0xb2, 0x88, 0x7, 0xcc, 0x0, 0xe0,
    0xf, 0xe2, 0x22, 0x0, 0x70, 0x80, 0x14, 0xac,
    0x3, 0xdf, 0x53, 0x44, 0xc0, 0x1e, 0x74, 0x64,
    0xf0, 0xf, 0x0,

    /* U+04F2 "Ӳ" */
    0x0, 0xed, 0xd0, 0x67, 0x8, 0x7, 0xa4, 0xf1,
    0x8f, 0x44, 0x3, 0xdf, 0xa2, 0x16, 0x60, 0x1f,
    0x31, 0x83, 0x20, 0x6, 0x7f, 0x70, 0xf, 0xb3,
    0xc5, 0xc6, 0x40, 0x3c, 0x87, 0x2, 0x10, 0x2e,
    0x1, 0xd0, 0x2e, 0x0, 0x62, 0x90, 0xc, 0xa7,
    0x0, 0x1a, 0x5, 0xc0, 0x28, 0x26, 0x0, 0xca,
    0x52, 0x0, 0x52, 0x80, 0xf, 0x40, 0xb8, 0x41,
    0x28, 0x7, 0x94, 0xe1, 0xca, 0x40, 0x3f, 0x40,
    0x41, 0xa0, 0x7, 0xe4, 0x20, 0xf0, 0xf, 0xe3,
    0x24, 0x30, 0xf, 0x15, 0xd6, 0x4, 0x80, 0x7c,
    0xea, 0xa3, 0xd2, 0x0, 0xf0,

    /* U+04F3 "ӳ" */
    0x0, 0xe6, 0x60, 0x2b, 0x0, 0x79, 0xa4, 0x92,
    0x80, 0x3c, 0x53, 0x9, 0x4c, 0xc0, 0xe, 0x2f,
    0x70, 0xe9, 0x0, 0xd7, 0xe2, 0x1, 0xd7, 0xe0,
    0xf, 0x6, 0x0, 0xc2, 0x8c, 0x0, 0x42, 0x90,
    0xd, 0x21, 0x60, 0x15, 0xa, 0x0, 0x4c, 0x84,
    0x1, 0x30, 0x78, 0x1, 0x47, 0x80, 0x30, 0xaa,
    0x10, 0x70, 0xa8, 0x7, 0x48, 0x51, 0x24, 0x80,
    0x78, 0xcc, 0xd6, 0xc, 0x1, 0xf5, 0xb, 0x28,
    0x80, 0x7c, 0xc0, 0xe, 0x0, 0xfe, 0x22, 0x20,
    0x7, 0x8, 0x1, 0x4a, 0xc0, 0x3d, 0xf5, 0x34,
    0x4c, 0x1, 0xe7, 0x46, 0x4f, 0x0, 0xf0,

    /* U+04F4 "Ӵ" */
    0x0, 0xa7, 0x41, 0x3c, 0xc0, 0x38, 0x44, 0x0,
    0x10, 0xf, 0x46, 0x2, 0x71, 0x80, 0x17, 0xd8,
    0x3, 0xdb, 0xe0, 0x1f, 0xfd, 0x71, 0x0, 0xfc,
    0xc1, 0x60, 0x1f, 0x8c, 0x8e, 0x88, 0x4, 0xe0,
    0x80, 0x1e, 0x2b, 0xbf, 0xd8, 0xe0, 0x11, 0x75,
    0x32, 0xbd, 0x71, 0x0, 0x65, 0x9a, 0x85, 0x10,
    0xf, 0xfe, 0xb8,

    /* U+04F5 "ӵ" */
    0x0, 0x3f, 0x9, 0x7b, 0x0, 0x61, 0x30, 0x1,
    0x18, 0x6, 0x6d, 0x12, 0xd5, 0x0, 0x27, 0xb8,
    0x6, 0x7f, 0x40, 0xf, 0xfe, 0x43, 0x87, 0x0,
    0x7c, 0x62, 0xcc, 0x23, 0x6b, 0x0, 0xa8, 0x67,
    0x72, 0x44, 0x2, 0x4e, 0xca, 0xcf, 0xa0, 0xe,
    0x35, 0x30, 0xf, 0xfe, 0x60,

    /* U+04F6 "Ӷ" */
    0xf, 0xff, 0xc6, 0x0, 0x15, 0x5f, 0x8, 0x1,
    0x6a, 0xbc, 0x40, 0x1f, 0xff, 0xf0, 0xf, 0x96,
    0x98, 0x3, 0x84, 0x5, 0x70, 0x3, 0x87, 0xfc,
    0x1, 0xff, 0xcf,

    /* U+04F7 "ӷ" */
    0x5f, 0xff, 0x58, 0x0, 0xd9, 0xb6, 0x80, 0x2a,
    0x67, 0x30, 0x7, 0xff, 0x70, 0xc2, 0xa0, 0x3,
    0xc6, 0xc0, 0x19, 0xbd, 0x0, 0x3f, 0xf8, 0x20,

    /* U+04F8 "Ӹ" */
    0x0, 0xe7, 0xe1, 0x2f, 0x60, 0xf, 0xe1, 0x30,
    0x0, 0x98, 0x7, 0xf3, 0x68, 0x97, 0x28, 0x7,
    0x7e, 0x0, 0x7f, 0xbb, 0x80, 0x1f, 0xfe, 0x42,
    0x2c, 0x20, 0x1f, 0xc7, 0xbb, 0xbb, 0x58, 0x3,
    0xe2, 0xaa, 0xce, 0x72, 0xe0, 0x1e, 0x15, 0x5d,
    0x1e, 0x12, 0x1, 0xff, 0xc0, 0x14, 0x11, 0x0,
    0x7f, 0xf0, 0x1c, 0x3, 0xff, 0x82, 0x66, 0x21,
    0x0, 0xe1, 0x77, 0xa2, 0xf0, 0x24, 0x3, 0xc5,
    0x11, 0x3a, 0xab, 0x50, 0x3, 0x0,

    /* U+04F9 "ӹ" */
    0x0, 0xdd, 0x1, 0x3a, 0x1, 0xf1, 0x78, 0x8,
    0x80, 0x3e, 0xc7, 0x8, 0xc0, 0x9, 0x7d, 0x80,
    0x3e, 0xed, 0x0, 0xff, 0xe7, 0x8, 0xc0, 0x1f,
    0xd1, 0xdc, 0xfd, 0x60, 0xf, 0x3d, 0xda, 0x86,
    0x54, 0x3, 0xb9, 0x10, 0xbc, 0x1e, 0x1, 0xfc,
    0x20, 0x60, 0x1d, 0xea, 0xa7, 0xd0, 0xd0, 0xe,
    0x6a, 0xa4, 0x2d, 0xa0, 0x4,

    /* U+04FA "Ӻ" */
    0x0, 0x47, 0xff, 0xd6, 0x1, 0x91, 0x57, 0xb0,
    0x3, 0x45, 0x57, 0x38, 0x7, 0xff, 0x58, 0x44,
    0xe, 0x23, 0x80, 0xf, 0xcc, 0x17, 0xdd, 0x9c,
    0x16, 0xd4, 0x22, 0xef, 0x28, 0x12, 0x10, 0x22,
    0x71, 0x0, 0x7f, 0xf0, 0x84, 0x22, 0x80, 0x3f,
    0x91, 0x40, 0x3e, 0x9f, 0x40, 0xf, 0xf2, 0x80,
    0x7d, 0x73, 0x62, 0xa0, 0x1e, 0x16, 0x45, 0xa0,
    0xe,

    /* U+04FB "ӻ" */
    0x0, 0x77, 0xff, 0x30, 0x4, 0x2c, 0xd9, 0x40,
    0x23, 0x99, 0xc6, 0x1, 0xff, 0xc6, 0x6f, 0x12,
    0xff, 0xa8, 0x1f, 0x4, 0xb3, 0x28, 0x1, 0x30,
    0x1, 0x9c, 0x40, 0x10, 0x9c, 0x90, 0x7, 0x85,
    0x9c, 0x3, 0xbe, 0x40, 0x3f, 0x78, 0x30, 0x4,
    0xd3, 0xc, 0x26, 0x1, 0x9d, 0xc7, 0x80, 0x18,

    /* U+04FC "Ӽ" */
    0x2f, 0xe1, 0x0, 0xec, 0xf3, 0x29, 0x1b, 0x0,
    0xce, 0x70, 0x60, 0xc8, 0xaa, 0x0, 0x1c, 0x1b,
    0x80, 0x54, 0x36, 0x21, 0xc1, 0xa0, 0x18, 0x6c,
    0x6a, 0x4a, 0x84, 0x3, 0x95, 0x91, 0x95, 0x40,
    0x1f, 0x50, 0x3, 0x0, 0x3f, 0x70, 0x2, 0x8,
    0x3, 0xd2, 0x53, 0x43, 0xc0, 0x1c, 0x8c, 0x8c,
    0xac, 0x70, 0x1, 0xd, 0x5, 0x0, 0x24, 0x9c,
    0xc0, 0x16, 0x34, 0x20, 0x17, 0x7, 0x3, 0x2a,
    0xc0, 0x18, 0xd0, 0x91, 0xbe, 0x80, 0x3d, 0xa1,
    0x80, 0x1f, 0xc2, 0x1, 0xf8, 0xea, 0x20, 0x16,
    0x1, 0xe7, 0x78, 0xa8, 0xc0,

    /* U+04FD "ӽ" */
    0x4f, 0xb0, 0xd, 0xbc, 0x28, 0xe8, 0xc0, 0x9,
    0x2b, 0x10, 0x83, 0x92, 0x56, 0x62, 0x80, 0x5c,
    0x1f, 0x65, 0x20, 0x18, 0xa8, 0x87, 0xc0, 0x3d,
    0xa0, 0x5, 0x0, 0xe4, 0x74, 0x38, 0x30, 0x8,
    0x68, 0x6b, 0x47, 0x44, 0x1, 0x43, 0x42, 0x2a,
    0x1b, 0x6, 0x47, 0x40, 0x2, 0x2a, 0x89, 0xbe,
    0x0, 0x37, 0x2, 0x80, 0x7f, 0x78, 0x6, 0x2b,
    0x8a, 0xb, 0x0, 0xc2, 0xce, 0x74, 0x60,

    /* U+04FE "Ӿ" */
    0xd, 0xf3, 0x0, 0xed, 0xf3, 0xe, 0xe, 0x0,
    0xd2, 0x4e, 0x60, 0x6c, 0x50, 0x0, 0x36, 0x28,
    0x0, 0xa4, 0x9c, 0xc3, 0x83, 0x80, 0x3a, 0x43,
    0xa4, 0x98, 0xc0, 0x30, 0xaa, 0x89, 0x86, 0xc4,
    0x2, 0x5e, 0xe2, 0x80, 0x7, 0x7a, 0x0, 0x9,
    0x76, 0x30, 0xa, 0x6e, 0x80, 0x2, 0x82, 0x66,
    0x70, 0xd4, 0x20, 0x8, 0x6c, 0x3a, 0xd, 0x18,
    0x3, 0x50, 0xd1, 0x7, 0x4, 0x90, 0x1, 0xd1,
    0x54, 0x0, 0x2a, 0xe, 0x3, 0x82, 0xa0, 0xc,
    0xac, 0x70,

    /* U+04FF "ӿ" */
    0x1e, 0xe0, 0x80, 0x53, 0xe8, 0x34, 0x34, 0x0,
    0x66, 0x42, 0x2, 0x42, 0x41, 0xca, 0xb8, 0x4,
    0xe8, 0xfa, 0x56, 0x1, 0x3f, 0xa0, 0x9, 0x75,
    0x80, 0x1b, 0x10, 0x0, 0x39, 0x20, 0x1, 0x4,
    0x58, 0x14, 0x20, 0xb, 0x86, 0xdc, 0xe0, 0x80,
    0x12, 0x56, 0x21, 0xc1, 0xc0, 0x8c, 0xaa, 0x0,
    0x13, 0x9b, 0x80,

    /* U+2022 "•" */
    0x5, 0x30, 0x9a, 0xc3, 0x50, 0x2, 0xc0, 0x93,
    0x80,

    /* U+2026 "…" */
    0x6, 0x60, 0x1, 0x1c, 0x0, 0x50, 0x25, 0x32,
    0x20, 0xb8, 0x50, 0xe7, 0x92, 0x28, 0xc1, 0x45,
    0xc1, 0x3, 0x0
};


/*---------------------
 *  GLYPH DESCRIPTION
 *--------------------*/

static const lv_font_fmt_txt_glyph_dsc_t glyph_dsc[] = {
    {.bitmap_index = 0, .adv_w = 0, .box_w = 0, .box_h = 0, .ofs_x = 0, .ofs_y = 0} /* id = 0 reserved */,
    {.bitmap_index = 0, .adv_w = 77, .box_w = 0, .box_h = 0, .ofs_x = 0, .ofs_y = 0},
    {.bitmap_index = 0, .adv_w = 77, .box_w = 3, .box_h = 13, .ofs_x = 1, .ofs_y = 0},
    {.bitmap_index = 19, .adv_w = 113, .box_w = 5, .box_h = 6, .ofs_x = 1, .ofs_y = 7},
    {.bitmap_index = 33, .adv_w = 202, .box_w = 13, .box_h = 13, .ofs_x = 0, .ofs_y = 0},
    {.bitmap_index = 112, .adv_w = 179, .box_w = 11, .box_h = 18, .ofs_x = 0, .ofs_y = -2},
    {.bitmap_index = 191, .adv_w = 243, .box_w = 15, .box_h = 13, .ofs_x = 0, .ofs_y = 0},
    {.bitmap_index = 283, .adv_w = 198, .box_w = 13, .box_h = 14, .ofs_x = 0, .ofs_y = -1},
    {.bitmap_index = 364, .adv_w = 60, .box_w = 2, .box_h = 6, .ofs_x = 1, .ofs_y = 7},
    {.bitmap_index = 371, .adv_w = 97, .box_w = 5, .box_h = 18, .ofs_x = 1, .ofs_y = -4},
    {.bitmap_index = 416, .adv_w = 97, .box_w = 5, .box_h = 18, .ofs_x = 0, .ofs_y = -4},
    {.bitmap_index = 457, .adv_w = 115, .box_w = 7, .box_h = 7, .ofs_x = 0, .ofs_y = 7},
    {.bitmap_index = 482, .adv_w = 168, .box_w = 9, .box_h = 9, .ofs_x = 1, .ofs_y = 2},
    {.bitmap_index = 513, .adv_w = 65, .box_w = 4, .box_h = 6, .ofs_x = 0, .ofs_y = -3},
    {.bitmap_index = 526, .adv_w = 110, .box_w = 5, .box_h = 2, .ofs_x = 1, .ofs_y = 4},
    {.bitmap_index = 530, .adv_w = 65, .box_w = 4, .box_h = 3, .ofs_x = 0, .ofs_y = 0},
    {.bitmap_index = 536, .adv_w = 101, .box_w = 8, .box_h = 18, .ofs_x = -1, .ofs_y = -2},
    {.bitmap_index = 589, .adv_w = 192, .box_w = 12, .box_h = 13, .ofs_x = 0, .ofs_y = 0},
    {.bitmap_index = 661, .adv_w = 107, .box_w = 5, .box_h = 13, .ofs_x = 0, .ofs_y = 0},
    {.bitmap_index = 671, .adv_w = 165, .box_w = 10, .box_h = 13, .ofs_x = 0, .ofs_y = 0},
    {.bitmap_index = 728, .adv_w = 165, .box_w = 10, .box_h = 13, .ofs_x = 0, .ofs_y = 0},
    {.bitmap_index = 781, .adv_w = 193, .box_w = 12, .box_h = 13, .ofs_x = 0, .ofs_y = 0},
    {.bitmap_index = 834, .adv_w = 165, .box_w = 10, .box_h = 13, .ofs_x = 0, .ofs_y = 0},
    {.bitmap_index = 887, .adv_w = 178, .box_w = 11, .box_h = 13, .ofs_x = 0, .ofs_y = 0},
    {.bitmap_index = 952, .adv_w = 172, .box_w = 11, .box_h = 13, .ofs_x = 0, .ofs_y = 0},
    {.bitmap_index = 1002, .adv_w = 185, .box_w = 11, .box_h = 13, .ofs_x = 0, .ofs_y = 0},
    {.bitmap_index = 1072, .adv_w = 178, .box_w = 11, .box_h = 13, .ofs_x = 0, .ofs_y = 0},
    {.bitmap_index = 1140, .adv_w = 65, .box_w = 4, .box_h = 10, .ofs_x = 0, .ofs_y = 0},
    {.bitmap_index = 1157, .adv_w = 65, .box_w = 4, .box_h = 13, .ofs_x = 0, .ofs_y = -3},
    {.bitmap_index = 1180, .adv_w = 168, .box_w = 9, .box_h = 9, .ofs_x = 1, .ofs_y = 2},
    {.bitmap_index = 1217, .adv_w = 168, .box_w = 9, .box_h = 7, .ofs_x = 1, .ofs_y = 3},
    {.bitmap_index = 1236, .adv_w = 168, .box_w = 9, .box_h = 9, .ofs_x = 1, .ofs_y = 2},
    {.bitmap_index = 1272, .adv_w = 165, .box_w = 10, .box_h = 13, .ofs_x = 0, .ofs_y = 0},
    {.bitmap_index = 1325, .adv_w = 298, .box_w = 18, .box_h = 17, .ofs_x = 0, .ofs_y = -4},
    {.bitmap_index = 1461, .adv_w = 211, .box_w = 15, .box_h = 13, .ofs_x = -1, .ofs_y = 0},
    {.bitmap_index = 1533, .adv_w = 218, .box_w = 12, .box_h = 13, .ofs_x = 1, .ofs_y = 0},
    {.bitmap_index = 1591, .adv_w = 205, .box_w = 13, .box_h = 13, .ofs_x = 0, .ofs_y = 0},
    {.bitmap_index = 1658, .adv_w = 238, .box_w = 13, .box_h = 13, .ofs_x = 1, .ofs_y = 0},
    {.bitmap_index = 1716, .adv_w = 193, .box_w = 11, .box_h = 13, .ofs_x = 1, .ofs_y = 0},
    {.bitmap_index = 1749, .adv_w = 183, .box_w = 10, .box_h = 13, .ofs_x = 1, .ofs_y = 0},
    {.bitmap_index = 1775, .adv_w = 222, .box_w = 13, .box_h = 13, .ofs_x = 0, .ofs_y = 0},
    {.bitmap_index = 1843, .adv_w = 234, .box_w = 12, .box_h = 13, .ofs_x = 1, .ofs_y = 0},
    {.bitmap_index = 1865, .adv_w = 89, .box_w = 3, .box_h = 13, .ofs_x = 1, .ofs_y = 0},
    {.bitmap_index = 1870, .adv_w = 148, .box_w = 9, .box_h = 13, .ofs_x = -1, .ofs_y = 0},
    {.bitmap_index = 1899, .adv_w = 207, .box_w = 12, .box_h = 13, .ofs_x = 1, .ofs_y = 0},
    {.bitmap_index = 1956, .adv_w = 171, .box_w = 10, .box_h = 13, .ofs_x = 1, .ofs_y = 0},
    {.bitmap_index = 1971, .adv_w = 275, .box_w = 15, .box_h = 13, .ofs_x = 1, .ofs_y = 0},
    {.bitmap_index = 2039, .adv_w = 234, .box_w = 12, .box_h = 13, .ofs_x = 1, .ofs_y = 0},
    {.bitmap_index = 2088, .adv_w = 242, .box_w = 15, .box_h = 13, .ofs_x = 0, .ofs_y = 0},
    {.bitmap_index = 2170, .adv_w = 208, .box_w = 12, .box_h = 13, .ofs_x = 1, .ofs_y = 0},
    {.bitmap_index = 2214, .adv_w = 242, .box_w = 15, .box_h = 16, .ofs_x = 0, .ofs_y = -3},
    {.bitmap_index = 2313, .adv_w = 209, .box_w = 12, .box_h = 13, .ofs_x = 1, .ofs_y = 0},
    {.bitmap_index = 2367, .adv_w = 179, .box_w = 11, .box_h = 13, .ofs_x = 0, .ofs_y = 0},
    {.bitmap_index = 2431, .adv_w = 169, .box_w = 11, .box_h = 13, .ofs_x = 0, .ofs_y = 0},
    {.bitmap_index = 2451, .adv_w = 228, .box_w = 12, .box_h = 13, .ofs_x = 1, .ofs_y = 0},
    {.bitmap_index = 2488, .adv_w = 205, .box_w = 14, .box_h = 13, .ofs_x = -1, .ofs_y = 0},
    {.bitmap_index = 2559, .adv_w = 324, .box_w = 20, .box_h = 13, .ofs_x = 0, .ofs_y = 0},
    {.bitmap_index = 2672, .adv_w = 194, .box_w = 12, .box_h = 13, .ofs_x = 0, .ofs_y = 0},
    {.bitmap_index = 2740, .adv_w = 186, .box_w = 13, .box_h = 13, .ofs_x = -1, .ofs_y = 0},
    {.bitmap_index = 2793, .adv_w = 189, .box_w = 12, .box_h = 13, .ofs_x = 0, .ofs_y = 0},
    {.bitmap_index = 2846, .adv_w = 96, .box_w = 5, .box_h = 18, .ofs_x = 1, .ofs_y = -4},
    {.bitmap_index = 2861, .adv_w = 101, .box_w = 8, .box_h = 18, .ofs_x = -1, .ofs_y = -2},
    {.bitmap_index = 2912, .adv_w = 96, .box_w = 5, .box_h = 18, .ofs_x = 0, .ofs_y = -4},
    {.bitmap_index = 2927, .adv_w = 168, .box_w = 9, .box_h = 8, .ofs_x = 1, .ofs_y = 3},
    {.bitmap_index = 2960, .adv_w = 144, .box_w = 9, .box_h = 2, .ofs_x = 0, .ofs_y = -2},
    {.bitmap_index = 2964, .adv_w = 173, .box_w = 5, .box_h = 3, .ofs_x = 2, .ofs_y = 11},
    {.bitmap_index = 2972, .adv_w = 172, .box_w = 10, .box_h = 10, .ofs_x = 0, .ofs_y = 0},
    {.bitmap_index = 3019, .adv_w = 196, .box_w = 11, .box_h = 14, .ofs_x = 1, .ofs_y = 0},
    {.bitmap_index = 3071, .adv_w = 164, .box_w = 10, .box_h = 10, .ofs_x = 0, .ofs_y = 0},
    {.bitmap_index = 3113, .adv_w = 196, .box_w = 11, .box_h = 14, .ofs_x = 0, .ofs_y = 0},
    {.bitmap_index = 3168, .adv_w = 176, .box_w = 11, .box_h = 10, .ofs_x = 0, .ofs_y = 0},
    {.bitmap_index = 3219, .adv_w = 102, .box_w = 7, .box_h = 14, .ofs_x = 0, .ofs_y = 0},
    {.bitmap_index = 3248, .adv_w = 199, .box_w = 11, .box_h = 14, .ofs_x = 0, .ofs_y = -4},
    {.bitmap_index = 3318, .adv_w = 196, .box_w = 10, .box_h = 14, .ofs_x = 1, .ofs_y = 0},
    {.bitmap_index = 3352, .adv_w = 80, .box_w = 3, .box_h = 14, .ofs_x = 1, .ofs_y = 0},
    {.bitmap_index = 3363, .adv_w = 82, .box_w = 6, .box_h = 18, .ofs_x = -2, .ofs_y = -4},
    {.bitmap_index = 3388, .adv_w = 177, .box_w = 11, .box_h = 14, .ofs_x = 1, .ofs_y = 0},
    {.bitmap_index = 3434, .adv_w = 80, .box_w = 3, .box_h = 14, .ofs_x = 1, .ofs_y = 0},
    {.bitmap_index = 3439, .adv_w = 304, .box_w = 17, .box_h = 10, .ofs_x = 1, .ofs_y = 0},
    {.bitmap_index = 3486, .adv_w = 196, .box_w = 10, .box_h = 10, .ofs_x = 1, .ofs_y = 0},
    {.bitmap_index = 3517, .adv_w = 183, .box_w = 11, .box_h = 10, .ofs_x = 0, .ofs_y = 0},
    {.bitmap_index = 3567, .adv_w = 196, .box_w = 11, .box_h = 14, .ofs_x = 1, .ofs_y = -4},
    {.bitmap_index = 3623, .adv_w = 196, .box_w = 11, .box_h = 14, .ofs_x = 0, .ofs_y = -4},
    {.bitmap_index = 3679, .adv_w = 118, .box_w = 6, .box_h = 10, .ofs_x = 1, .ofs_y = 0},
    {.bitmap_index = 3698, .adv_w = 144, .box_w = 9, .box_h = 10, .ofs_x = 0, .ofs_y = 0},
    {.bitmap_index = 3743, .adv_w = 119, .box_w = 7, .box_h = 12, .ofs_x = 0, .ofs_y = 0},
    {.bitmap_index = 3770, .adv_w = 195, .box_w = 10, .box_h = 10, .ofs_x = 1, .ofs_y = 0},
    {.bitmap_index = 3797, .adv_w = 161, .box_w = 12, .box_h = 10, .ofs_x = -1, .ofs_y = 0},
    {.bitmap_index = 3848, .adv_w = 259, .box_w = 17, .box_h = 10, .ofs_x = 0, .ofs_y = 0},
    {.bitmap_index = 3926, .adv_w = 159, .box_w = 10, .box_h = 10, .ofs_x = 0, .ofs_y = 0},
    {.bitmap_index = 3972, .adv_w = 161, .box_w = 12, .box_h = 14, .ofs_x = -1, .ofs_y = -4},
    {.bitmap_index = 4041, .adv_w = 150, .box_w = 9, .box_h = 10, .ofs_x = 0, .ofs_y = 0},
    {.bitmap_index = 4078, .adv_w = 101, .box_w = 5, .box_h = 18, .ofs_x = 1, .ofs_y = -4},
    {.bitmap_index = 4111, .adv_w = 86, .box_w = 3, .box_h = 18, .ofs_x = 1, .ofs_y = -4},
    {.bitmap_index = 4116, .adv_w = 101, .box_w = 6, .box_h = 18, .ofs_x = 0, .ofs_y = -4},
    {.bitmap_index = 4153, .adv_w = 168, .box_w = 9, .box_h = 5, .ofs_x = 1, .ofs_y = 4},
    {.bitmap_index = 4176, .adv_w = 121, .box_w = 7, .box_h = 7, .ofs_x = 0, .ofs_y = 6},
    {.bitmap_index = 4200, .adv_w = 192, .box_w = 11, .box_h = 17, .ofs_x = 1, .ofs_y = 0},
    {.bitmap_index = 4248, .adv_w = 192, .box_w = 11, .box_h = 16, .ofs_x = 1, .ofs_y = 0},
    {.bitmap_index = 4295, .adv_w = 240, .box_w = 15, .box_h = 14, .ofs_x = 0, .ofs_y = -1},
    {.bitmap_index = 4356, .adv_w = 166, .box_w = 10, .box_h = 17, .ofs_x = 1, .ofs_y = 0},
    {.bitmap_index = 4390, .adv_w = 204, .box_w = 13, .box_h = 13, .ofs_x = 0, .ofs_y = 0},
    {.bitmap_index = 4459, .adv_w = 183, .box_w = 11, .box_h = 13, .ofs_x = 0, .ofs_y = 0},
    {.bitmap_index = 4524, .adv_w = 91, .box_w = 3, .box_h = 13, .ofs_x = 1, .ofs_y = 0},
    {.bitmap_index = 4529, .adv_w = 89, .box_w = 6, .box_h = 16, .ofs_x = 0, .ofs_y = 0},
    {.bitmap_index = 4544, .adv_w = 156, .box_w = 8, .box_h = 13, .ofs_x = 0, .ofs_y = 0},
    {.bitmap_index = 4569, .adv_w = 342, .box_w = 21, .box_h = 13, .ofs_x = 0, .ofs_y = 0},
    {.bitmap_index = 4663, .adv_w = 340, .box_w = 20, .box_h = 13, .ofs_x = 1, .ofs_y = 0},
    {.bitmap_index = 4724, .adv_w = 242, .box_w = 15, .box_h = 13, .ofs_x = 0, .ofs_y = 0},
    {.bitmap_index = 4772, .adv_w = 205, .box_w = 12, .box_h = 17, .ofs_x = 1, .ofs_y = 0},
    {.bitmap_index = 4841, .adv_w = 237, .box_w = 12, .box_h = 17, .ofs_x = 1, .ofs_y = 0},
    {.bitmap_index = 4905, .adv_w = 199, .box_w = 13, .box_h = 17, .ofs_x = 0, .ofs_y = 0},
    {.bitmap_index = 4992, .adv_w = 232, .box_w = 12, .box_h = 16, .ofs_x = 1, .ofs_y = -3},
    {.bitmap_index = 5019, .adv_w = 218, .box_w = 14, .box_h = 13, .ofs_x = 0, .ofs_y = 0},
    {.bitmap_index = 5088, .adv_w = 211, .box_w = 12, .box_h = 13, .ofs_x = 1, .ofs_y = 0},
    {.bitmap_index = 5141, .adv_w = 215, .box_w = 12, .box_h = 13, .ofs_x = 1, .ofs_y = 0},
    {.bitmap_index = 5203, .adv_w = 166, .box_w = 10, .box_h = 13, .ofs_x = 1, .ofs_y = 0},
    {.bitmap_index = 5222, .adv_w = 232, .box_w = 14, .box_h = 16, .ofs_x = 0, .ofs_y = -3},
    {.bitmap_index = 5282, .adv_w = 192, .box_w = 11, .box_h = 13, .ofs_x = 1, .ofs_y = 0},
    {.bitmap_index = 5316, .adv_w = 296, .box_w = 19, .box_h = 13, .ofs_x = 0, .ofs_y = 0},
    {.bitmap_index = 5408, .adv_w = 182, .box_w = 11, .box_h = 13, .ofs_x = 0, .ofs_y = 0},
    {.bitmap_index = 5470, .adv_w = 237, .box_w = 12, .box_h = 13, .ofs_x = 1, .ofs_y = 0},
    {.bitmap_index = 5519, .adv_w = 237, .box_w = 12, .box_h = 17, .ofs_x = 1, .ofs_y = 0},
    {.bitmap_index = 5589, .adv_w = 205, .box_w = 12, .box_h = 13, .ofs_x = 1, .ofs_y = 0},
    {.bitmap_index = 5643, .adv_w = 228, .box_w = 13, .box_h = 13, .ofs_x = 0, .ofs_y = 0},
    {.bitmap_index = 5693, .adv_w = 277, .box_w = 15, .box_h = 13, .ofs_x = 1, .ofs_y = 0},
    {.bitmap_index = 5763, .adv_w = 236, .box_w = 12, .box_h = 13, .ofs_x = 1, .ofs_y = 0},
    {.bitmap_index = 5783, .adv_w = 244, .box_w = 15, .box_h = 13, .ofs_x = 0, .ofs_y = 0},
    {.bitmap_index = 5865, .adv_w = 236, .box_w = 12, .box_h = 13, .ofs_x = 1, .ofs_y = 0},
    {.bitmap_index = 5882, .adv_w = 206, .box_w = 12, .box_h = 13, .ofs_x = 1, .ofs_y = 0},
    {.bitmap_index = 5928, .adv_w = 207, .box_w = 13, .box_h = 13, .ofs_x = 0, .ofs_y = 0},
    {.bitmap_index = 5993, .adv_w = 174, .box_w = 11, .box_h = 13, .ofs_x = 0, .ofs_y = 0},
    {.bitmap_index = 6013, .adv_w = 199, .box_w = 13, .box_h = 13, .ofs_x = 0, .ofs_y = 0},
    {.bitmap_index = 6078, .adv_w = 267, .box_w = 16, .box_h = 15, .ofs_x = 0, .ofs_y = -1},
    {.bitmap_index = 6170, .adv_w = 192, .box_w = 12, .box_h = 13, .ofs_x = 0, .ofs_y = 0},
    {.bitmap_index = 6240, .adv_w = 239, .box_w = 14, .box_h = 16, .ofs_x = 1, .ofs_y = -3},
    {.bitmap_index = 6268, .adv_w = 207, .box_w = 11, .box_h = 13, .ofs_x = 0, .ofs_y = 0},
    {.bitmap_index = 6305, .adv_w = 315, .box_w = 17, .box_h = 13, .ofs_x = 1, .ofs_y = 0},
    {.bitmap_index = 6333, .adv_w = 323, .box_w = 19, .box_h = 16, .ofs_x = 1, .ofs_y = -3},
    {.bitmap_index = 6370, .adv_w = 238, .box_w = 15, .box_h = 13, .ofs_x = 0, .ofs_y = 0},
    {.bitmap_index = 6428, .adv_w = 286, .box_w = 15, .box_h = 13, .ofs_x = 1, .ofs_y = 0},
    {.bitmap_index = 6482, .adv_w = 205, .box_w = 12, .box_h = 13, .ofs_x = 1, .ofs_y = 0},
    {.bitmap_index = 6527, .adv_w = 204, .box_w = 12, .box_h = 13, .ofs_x = 0, .ofs_y = 0},
    {.bitmap_index = 6593, .adv_w = 317, .box_w = 18, .box_h = 13, .ofs_x = 1, .ofs_y = 0},
    {.bitmap_index = 6686, .adv_w = 211, .box_w = 11, .box_h = 13, .ofs_x = 1, .ofs_y = 0},
    {.bitmap_index = 6740, .adv_w = 170, .box_w = 10, .box_h = 10, .ofs_x = 0, .ofs_y = 0},
    {.bitmap_index = 6789, .adv_w = 191, .box_w = 11, .box_h = 15, .ofs_x = 1, .ofs_y = 0},
    {.bitmap_index = 6865, .adv_w = 177, .box_w = 10, .box_h = 10, .ofs_x = 1, .ofs_y = 0},
    {.bitmap_index = 6909, .adv_w = 141, .box_w = 8, .box_h = 10, .ofs_x = 1, .ofs_y = 0},
    {.bitmap_index = 6922, .adv_w = 191, .box_w = 12, .box_h = 13, .ofs_x = 0, .ofs_y = -3},
    {.bitmap_index = 6972, .adv_w = 181, .box_w = 11, .box_h = 10, .ofs_x = 0, .ofs_y = 0},
    {.bitmap_index = 7023, .adv_w = 245, .box_w = 16, .box_h = 10, .ofs_x = 0, .ofs_y = 0},
    {.bitmap_index = 7089, .adv_w = 157, .box_w = 9, .box_h = 10, .ofs_x = 0, .ofs_y = 0},
    {.bitmap_index = 7134, .adv_w = 200, .box_w = 10, .box_h = 10, .ofs_x = 1, .ofs_y = 0},
    {.bitmap_index = 7169, .adv_w = 200, .box_w = 10, .box_h = 14, .ofs_x = 1, .ofs_y = 0},
    {.bitmap_index = 7223, .adv_w = 172, .box_w = 10, .box_h = 10, .ofs_x = 1, .ofs_y = 0},
    {.bitmap_index = 7261, .adv_w = 185, .box_w = 10, .box_h = 10, .ofs_x = 0, .ofs_y = 0},
    {.bitmap_index = 7295, .adv_w = 230, .box_w = 12, .box_h = 10, .ofs_x = 1, .ofs_y = 0},
    {.bitmap_index = 7342, .adv_w = 196, .box_w = 10, .box_h = 10, .ofs_x = 1, .ofs_y = 0},
    {.bitmap_index = 7363, .adv_w = 185, .box_w = 11, .box_h = 10, .ofs_x = 0, .ofs_y = 0},
    {.bitmap_index = 7412, .adv_w = 195, .box_w = 10, .box_h = 10, .ofs_x = 1, .ofs_y = 0},
    {.bitmap_index = 7425, .adv_w = 198, .box_w = 11, .box_h = 14, .ofs_x = 1, .ofs_y = -4},
    {.bitmap_index = 7482, .adv_w = 164, .box_w = 10, .box_h = 10, .ofs_x = 0, .ofs_y = 0},
    {.bitmap_index = 7524, .adv_w = 142, .box_w = 9, .box_h = 10, .ofs_x = 0, .ofs_y = 0},
    {.bitmap_index = 7539, .adv_w = 164, .box_w = 12, .box_h = 14, .ofs_x = -1, .ofs_y = -4},
    {.bitmap_index = 7607, .adv_w = 232, .box_w = 14, .box_h = 18, .ofs_x = 0, .ofs_y = -4},
    {.bitmap_index = 7684, .adv_w = 156, .box_w = 10, .box_h = 10, .ofs_x = 0, .ofs_y = 0},
    {.bitmap_index = 7731, .adv_w = 199, .box_w = 11, .box_h = 13, .ofs_x = 1, .ofs_y = -3},
    {.bitmap_index = 7756, .adv_w = 175, .box_w = 10, .box_h = 10, .ofs_x = 0, .ofs_y = 0},
    {.bitmap_index = 7787, .adv_w = 271, .box_w = 15, .box_h = 10, .ofs_x = 1, .ofs_y = 0},
    {.bitmap_index = 7813, .adv_w = 271, .box_w = 16, .box_h = 12, .ofs_x = 1, .ofs_y = -2},
    {.bitmap_index = 7848, .adv_w = 184, .box_w = 11, .box_h = 10, .ofs_x = 0, .ofs_y = 0},
    {.bitmap_index = 7889, .adv_w = 232, .box_w = 12, .box_h = 10, .ofs_x = 1, .ofs_y = 0},
    {.bitmap_index = 7929, .adv_w = 166, .box_w = 9, .box_h = 10, .ofs_x = 1, .ofs_y = 0},
    {.bitmap_index = 7962, .adv_w = 166, .box_w = 10, .box_h = 10, .ofs_x = 0, .ofs_y = 0},
    {.bitmap_index = 8010, .adv_w = 252, .box_w = 14, .box_h = 10, .ofs_x = 1, .ofs_y = 0},
    {.bitmap_index = 8070, .adv_w = 176, .box_w = 10, .box_h = 10, .ofs_x = 0, .ofs_y = 0},
    {.bitmap_index = 8112, .adv_w = 182, .box_w = 11, .box_h = 14, .ofs_x = 0, .ofs_y = 0},
    {.bitmap_index = 8177, .adv_w = 181, .box_w = 11, .box_h = 13, .ofs_x = 0, .ofs_y = 0},
    {.bitmap_index = 8240, .adv_w = 194, .box_w = 12, .box_h = 18, .ofs_x = -1, .ofs_y = -4},
    {.bitmap_index = 8308, .adv_w = 141, .box_w = 8, .box_h = 14, .ofs_x = 1, .ofs_y = 0},
    {.bitmap_index = 8335, .adv_w = 166, .box_w = 10, .box_h = 10, .ofs_x = 0, .ofs_y = 0},
    {.bitmap_index = 8382, .adv_w = 154, .box_w = 9, .box_h = 10, .ofs_x = 0, .ofs_y = 0},
    {.bitmap_index = 8428, .adv_w = 82, .box_w = 3, .box_h = 14, .ofs_x = 1, .ofs_y = 0},
    {.bitmap_index = 8439, .adv_w = 80, .box_w = 5, .box_h = 13, .ofs_x = 0, .ofs_y = 0},
    {.bitmap_index = 8452, .adv_w = 82, .box_w = 6, .box_h = 18, .ofs_x = -2, .ofs_y = -4},
    {.bitmap_index = 8476, .adv_w = 269, .box_w = 17, .box_h = 10, .ofs_x = 0, .ofs_y = 0},
    {.bitmap_index = 8537, .adv_w = 274, .box_w = 16, .box_h = 10, .ofs_x = 1, .ofs_y = 0},
    {.bitmap_index = 8581, .adv_w = 194, .box_w = 12, .box_h = 14, .ofs_x = -1, .ofs_y = 0},
    {.bitmap_index = 8631, .adv_w = 172, .box_w = 10, .box_h = 14, .ofs_x = 1, .ofs_y = 0},
    {.bitmap_index = 8683, .adv_w = 200, .box_w = 10, .box_h = 14, .ofs_x = 1, .ofs_y = 0},
    {.bitmap_index = 8733, .adv_w = 164, .box_w = 12, .box_h = 18, .ofs_x = -1, .ofs_y = -4},
    {.bitmap_index = 8821, .adv_w = 186, .box_w = 9, .box_h = 13, .ofs_x = 1, .ofs_y = -3},
    {.bitmap_index = 8844, .adv_w = 234, .box_w = 14, .box_h = 14, .ofs_x = 0, .ofs_y = 0},
    {.bitmap_index = 8912, .adv_w = 177, .box_w = 11, .box_h = 14, .ofs_x = 0, .ofs_y = 0},
    {.bitmap_index = 8965, .adv_w = 259, .box_w = 16, .box_h = 13, .ofs_x = 0, .ofs_y = 0},
    {.bitmap_index = 9047, .adv_w = 203, .box_w = 13, .box_h = 10, .ofs_x = 0, .ofs_y = 0},
    {.bitmap_index = 9103, .adv_w = 244, .box_w = 15, .box_h = 13, .ofs_x = 0, .ofs_y = 0},
    {.bitmap_index = 9185, .adv_w = 187, .box_w = 11, .box_h = 10, .ofs_x = 0, .ofs_y = 0},
    {.bitmap_index = 9237, .adv_w = 219, .box_w = 14, .box_h = 14, .ofs_x = 0, .ofs_y = 0},
    {.bitmap_index = 9311, .adv_w = 172, .box_w = 11, .box_h = 11, .ofs_x = 0, .ofs_y = 0},
    {.bitmap_index = 9363, .adv_w = 242, .box_w = 14, .box_h = 20, .ofs_x = 1, .ofs_y = -3},
    {.bitmap_index = 9454, .adv_w = 206, .box_w = 12, .box_h = 16, .ofs_x = 1, .ofs_y = -2},
    {.bitmap_index = 9523, .adv_w = 213, .box_w = 13, .box_h = 14, .ofs_x = 0, .ofs_y = 0},
    {.bitmap_index = 9590, .adv_w = 175, .box_w = 11, .box_h = 10, .ofs_x = 0, .ofs_y = 0},
    {.bitmap_index = 9635, .adv_w = 211, .box_w = 12, .box_h = 13, .ofs_x = 1, .ofs_y = 0},
    {.bitmap_index = 9694, .adv_w = 201, .box_w = 11, .box_h = 14, .ofs_x = 1, .ofs_y = -4},
    {.bitmap_index = 9757, .adv_w = 167, .box_w = 10, .box_h = 16, .ofs_x = 1, .ofs_y = 0},
    {.bitmap_index = 9780, .adv_w = 134, .box_w = 8, .box_h = 12, .ofs_x = 1, .ofs_y = 0},
    {.bitmap_index = 9798, .adv_w = 178, .box_w = 11, .box_h = 13, .ofs_x = 0, .ofs_y = 0},
    {.bitmap_index = 9835, .adv_w = 149, .box_w = 9, .box_h = 10, .ofs_x = 0, .ofs_y = 0},
    {.bitmap_index = 9865, .adv_w = 202, .box_w = 11, .box_h = 16, .ofs_x = 1, .ofs_y = -3},
    {.bitmap_index = 9925, .adv_w = 173, .box_w = 10, .box_h = 14, .ofs_x = 1, .ofs_y = -4},
    {.bitmap_index = 9979, .adv_w = 307, .box_w = 19, .box_h = 16, .ofs_x = 0, .ofs_y = -3},
    {.bitmap_index = 10081, .adv_w = 254, .box_w = 16, .box_h = 12, .ofs_x = 0, .ofs_y = -2},
    {.bitmap_index = 10158, .adv_w = 182, .box_w = 11, .box_h = 16, .ofs_x = 0, .ofs_y = -3},
    {.bitmap_index = 10231, .adv_w = 157, .box_w = 9, .box_h = 12, .ofs_x = 0, .ofs_y = -2},
    {.bitmap_index = 10283, .adv_w = 217, .box_w = 13, .box_h = 16, .ofs_x = 1, .ofs_y = -3},
    {.bitmap_index = 10347, .adv_w = 172, .box_w = 11, .box_h = 12, .ofs_x = 1, .ofs_y = -2},
    {.bitmap_index = 10394, .adv_w = 213, .box_w = 12, .box_h = 13, .ofs_x = 1, .ofs_y = 0},
    {.bitmap_index = 10452, .adv_w = 177, .box_w = 10, .box_h = 10, .ofs_x = 1, .ofs_y = 0},
    {.bitmap_index = 10494, .adv_w = 211, .box_w = 13, .box_h = 13, .ofs_x = 0, .ofs_y = 0},
    {.bitmap_index = 10559, .adv_w = 172, .box_w = 11, .box_h = 14, .ofs_x = 0, .ofs_y = 0},
    {.bitmap_index = 10616, .adv_w = 238, .box_w = 15, .box_h = 13, .ofs_x = 0, .ofs_y = 0},
    {.bitmap_index = 10681, .adv_w = 193, .box_w = 12, .box_h = 10, .ofs_x = 0, .ofs_y = 0},
    {.bitmap_index = 10726, .adv_w = 244, .box_w = 14, .box_h = 16, .ofs_x = 1, .ofs_y = -3},
    {.bitmap_index = 10760, .adv_w = 202, .box_w = 12, .box_h = 12, .ofs_x = 1, .ofs_y = -2},
    {.bitmap_index = 10795, .adv_w = 313, .box_w = 19, .box_h = 13, .ofs_x = 1, .ofs_y = 0},
    {.bitmap_index = 10832, .adv_w = 255, .box_w = 15, .box_h = 10, .ofs_x = 1, .ofs_y = 0},
    {.bitmap_index = 10864, .adv_w = 344, .box_w = 20, .box_h = 16, .ofs_x = 1, .ofs_y = -3},
    {.bitmap_index = 10943, .adv_w = 281, .box_w = 17, .box_h = 14, .ofs_x = 1, .ofs_y = -4},
    {.bitmap_index = 11009, .adv_w = 281, .box_w = 16, .box_h = 14, .ofs_x = 1, .ofs_y = -1},
    {.bitmap_index = 11117, .adv_w = 228, .box_w = 14, .box_h = 10, .ofs_x = 0, .ofs_y = 0},
    {.bitmap_index = 11187, .adv_w = 207, .box_w = 13, .box_h = 16, .ofs_x = 0, .ofs_y = -3},
    {.bitmap_index = 11262, .adv_w = 164, .box_w = 10, .box_h = 12, .ofs_x = 0, .ofs_y = -2},
    {.bitmap_index = 11311, .adv_w = 174, .box_w = 11, .box_h = 16, .ofs_x = 0, .ofs_y = -3},
    {.bitmap_index = 11343, .adv_w = 142, .box_w = 9, .box_h = 12, .ofs_x = 0, .ofs_y = -2},
    {.bitmap_index = 11369, .adv_w = 192, .box_w = 12, .box_h = 13, .ofs_x = 0, .ofs_y = 0},
    {.bitmap_index = 11420, .adv_w = 165, .box_w = 11, .box_h = 14, .ofs_x = 0, .ofs_y = -4},
    {.bitmap_index = 11474, .adv_w = 192, .box_w = 12, .box_h = 13, .ofs_x = 0, .ofs_y = 0},
    {.bitmap_index = 11535, .adv_w = 165, .box_w = 11, .box_h = 14, .ofs_x = 0, .ofs_y = -4},
    {.bitmap_index = 11598, .adv_w = 203, .box_w = 13, .box_h = 16, .ofs_x = 0, .ofs_y = -3},
    {.bitmap_index = 11678, .adv_w = 156, .box_w = 11, .box_h = 12, .ofs_x = 0, .ofs_y = -2},
    {.bitmap_index = 11734, .adv_w = 281, .box_w = 18, .box_h = 16, .ofs_x = 0, .ofs_y = -3},
    {.bitmap_index = 11779, .adv_w = 222, .box_w = 14, .box_h = 12, .ofs_x = 0, .ofs_y = -2},
    {.bitmap_index = 11816, .adv_w = 215, .box_w = 13, .box_h = 16, .ofs_x = 0, .ofs_y = -3},
    {.bitmap_index = 11866, .adv_w = 183, .box_w = 11, .box_h = 12, .ofs_x = 0, .ofs_y = -2},
    {.bitmap_index = 11909, .adv_w = 212, .box_w = 11, .box_h = 13, .ofs_x = 0, .ofs_y = 0},
    {.bitmap_index = 11956, .adv_w = 175, .box_w = 10, .box_h = 10, .ofs_x = 0, .ofs_y = 0},
    {.bitmap_index = 11991, .adv_w = 212, .box_w = 12, .box_h = 13, .ofs_x = 1, .ofs_y = 0},
    {.bitmap_index = 12026, .adv_w = 194, .box_w = 10, .box_h = 14, .ofs_x = 1, .ofs_y = 0},
    {.bitmap_index = 12060, .adv_w = 285, .box_w = 18, .box_h = 13, .ofs_x = 0, .ofs_y = 0},
    {.bitmap_index = 12149, .adv_w = 222, .box_w = 14, .box_h = 10, .ofs_x = 0, .ofs_y = 0},
    {.bitmap_index = 12210, .adv_w = 285, .box_w = 18, .box_h = 16, .ofs_x = 0, .ofs_y = -3},
    {.bitmap_index = 12310, .adv_w = 222, .box_w = 14, .box_h = 12, .ofs_x = 0, .ofs_y = -2},
    {.bitmap_index = 12378, .adv_w = 92, .box_w = 3, .box_h = 13, .ofs_x = 1, .ofs_y = 0},
    {.bitmap_index = 12383, .adv_w = 296, .box_w = 19, .box_h = 17, .ofs_x = 0, .ofs_y = 0},
    {.bitmap_index = 12501, .adv_w = 245, .box_w = 16, .box_h = 14, .ofs_x = 0, .ofs_y = 0},
    {.bitmap_index = 12589, .adv_w = 206, .box_w = 12, .box_h = 17, .ofs_x = 1, .ofs_y = -4},
    {.bitmap_index = 12660, .adv_w = 172, .box_w = 10, .box_h = 14, .ofs_x = 1, .ofs_y = -4},
    {.bitmap_index = 12715, .adv_w = 232, .box_w = 15, .box_h = 16, .ofs_x = 0, .ofs_y = -3},
    {.bitmap_index = 12789, .adv_w = 191, .box_w = 12, .box_h = 12, .ofs_x = 0, .ofs_y = -2},
    {.bitmap_index = 12837, .adv_w = 236, .box_w = 12, .box_h = 17, .ofs_x = 1, .ofs_y = -4},
    {.bitmap_index = 12873, .adv_w = 198, .box_w = 10, .box_h = 14, .ofs_x = 1, .ofs_y = -4},
    {.bitmap_index = 12908, .adv_w = 241, .box_w = 14, .box_h = 16, .ofs_x = 1, .ofs_y = -3},
    {.bitmap_index = 12947, .adv_w = 202, .box_w = 12, .box_h = 12, .ofs_x = 1, .ofs_y = -2},
    {.bitmap_index = 12984, .adv_w = 211, .box_w = 12, .box_h = 16, .ofs_x = 0, .ofs_y = -3},
    {.bitmap_index = 13033, .adv_w = 175, .box_w = 10, .box_h = 12, .ofs_x = 0, .ofs_y = -2},
    {.bitmap_index = 13073, .adv_w = 285, .box_w = 17, .box_h = 16, .ofs_x = 1, .ofs_y = -3},
    {.bitmap_index = 13165, .adv_w = 238, .box_w = 14, .box_h = 12, .ofs_x = 1, .ofs_y = -2},
    {.bitmap_index = 13226, .adv_w = 82, .box_w = 3, .box_h = 14, .ofs_x = 1, .ofs_y = 0},
    {.bitmap_index = 13233, .adv_w = 218, .box_w = 14, .box_h = 17, .ofs_x = 0, .ofs_y = 0},
    {.bitmap_index = 13322, .adv_w = 170, .box_w = 10, .box_h = 14, .ofs_x = 0, .ofs_y = 0},
    {.bitmap_index = 13389, .adv_w = 218, .box_w = 14, .box_h = 16, .ofs_x = 0, .ofs_y = 0},
    {.bitmap_index = 13472, .adv_w = 170, .box_w = 10, .box_h = 13, .ofs_x = 0, .ofs_y = 0},
    {.bitmap_index = 13534, .adv_w = 301, .box_w = 18, .box_h = 13, .ofs_x = 0, .ofs_y = 0},
    {.bitmap_index = 13611, .adv_w = 287, .box_w = 18, .box_h = 10, .ofs_x = 0, .ofs_y = 0},
    {.bitmap_index = 13695, .adv_w = 192, .box_w = 11, .box_h = 17, .ofs_x = 1, .ofs_y = 0},
    {.bitmap_index = 13749, .adv_w = 182, .box_w = 11, .box_h = 14, .ofs_x = 0, .ofs_y = 0},
    {.bitmap_index = 13818, .adv_w = 237, .box_w = 14, .box_h = 13, .ofs_x = 0, .ofs_y = 0},
    {.bitmap_index = 13892, .adv_w = 176, .box_w = 11, .box_h = 10, .ofs_x = 0, .ofs_y = 0},
    {.bitmap_index = 13942, .adv_w = 237, .box_w = 14, .box_h = 17, .ofs_x = 0, .ofs_y = 0},
    {.bitmap_index = 14032, .adv_w = 177, .box_w = 11, .box_h = 13, .ofs_x = 0, .ofs_y = 0},
    {.bitmap_index = 14095, .adv_w = 296, .box_w = 19, .box_h = 16, .ofs_x = 0, .ofs_y = 0},
    {.bitmap_index = 14205, .adv_w = 245, .box_w = 16, .box_h = 13, .ofs_x = 0, .ofs_y = 0},
    {.bitmap_index = 14287, .adv_w = 182, .box_w = 11, .box_h = 17, .ofs_x = 0, .ofs_y = 0},
    {.bitmap_index = 14365, .adv_w = 157, .box_w = 9, .box_h = 13, .ofs_x = 0, .ofs_y = 0},
    {.bitmap_index = 14423, .adv_w = 180, .box_w = 11, .box_h = 13, .ofs_x = 0, .ofs_y = 0},
    {.bitmap_index = 14480, .adv_w = 152, .box_w = 10, .box_h = 14, .ofs_x = -1, .ofs_y = -4},
    {.bitmap_index = 14537, .adv_w = 237, .box_w = 12, .box_h = 16, .ofs_x = 1, .ofs_y = 0},
    {.bitmap_index = 14598, .adv_w = 200, .box_w = 10, .box_h = 13, .ofs_x = 1, .ofs_y = 0},
    {.bitmap_index = 14645, .adv_w = 237, .box_w = 12, .box_h = 16, .ofs_x = 1, .ofs_y = 0},
    {.bitmap_index = 14708, .adv_w = 200, .box_w = 10, .box_h = 13, .ofs_x = 1, .ofs_y = 0},
    {.bitmap_index = 14757, .adv_w = 244, .box_w = 15, .box_h = 17, .ofs_x = 0, .ofs_y = 0},
    {.bitmap_index = 14855, .adv_w = 185, .box_w = 11, .box_h = 13, .ofs_x = 0, .ofs_y = 0},
    {.bitmap_index = 14917, .adv_w = 244, .box_w = 15, .box_h = 13, .ofs_x = 0, .ofs_y = 0},
    {.bitmap_index = 14999, .adv_w = 185, .box_w = 11, .box_h = 10, .ofs_x = 0, .ofs_y = 0},
    {.bitmap_index = 15051, .adv_w = 244, .box_w = 15, .box_h = 17, .ofs_x = 0, .ofs_y = 0},
    {.bitmap_index = 15149, .adv_w = 185, .box_w = 11, .box_h = 13, .ofs_x = 0, .ofs_y = 0},
    {.bitmap_index = 15214, .adv_w = 204, .box_w = 12, .box_h = 17, .ofs_x = 0, .ofs_y = 0},
    {.bitmap_index = 15296, .adv_w = 166, .box_w = 10, .box_h = 13, .ofs_x = 0, .ofs_y = 0},
    {.bitmap_index = 15358, .adv_w = 199, .box_w = 13, .box_h = 16, .ofs_x = 0, .ofs_y = 0},
    {.bitmap_index = 15435, .adv_w = 164, .box_w = 12, .box_h = 17, .ofs_x = -1, .ofs_y = -4},
    {.bitmap_index = 15515, .adv_w = 199, .box_w = 13, .box_h = 17, .ofs_x = 0, .ofs_y = 0},
    {.bitmap_index = 15597, .adv_w = 164, .box_w = 12, .box_h = 17, .ofs_x = -1, .ofs_y = -4},
    {.bitmap_index = 15680, .adv_w = 199, .box_w = 13, .box_h = 17, .ofs_x = 0, .ofs_y = 0},
    {.bitmap_index = 15765, .adv_w = 164, .box_w = 12, .box_h = 18, .ofs_x = -1, .ofs_y = -4},
    {.bitmap_index = 15852, .adv_w = 207, .box_w = 11, .box_h = 16, .ofs_x = 0, .ofs_y = 0},
    {.bitmap_index = 15903, .adv_w = 175, .box_w = 10, .box_h = 13, .ofs_x = 0, .ofs_y = 0},
    {.bitmap_index = 15948, .adv_w = 166, .box_w = 10, .box_h = 16, .ofs_x = 1, .ofs_y = -3},
    {.bitmap_index = 15975, .adv_w = 141, .box_w = 8, .box_h = 12, .ofs_x = 1, .ofs_y = -2},
    {.bitmap_index = 15999, .adv_w = 286, .box_w = 15, .box_h = 16, .ofs_x = 1, .ofs_y = 0},
    {.bitmap_index = 16069, .adv_w = 232, .box_w = 12, .box_h = 13, .ofs_x = 1, .ofs_y = 0},
    {.bitmap_index = 16122, .adv_w = 178, .box_w = 11, .box_h = 17, .ofs_x = 0, .ofs_y = -4},
    {.bitmap_index = 16179, .adv_w = 142, .box_w = 9, .box_h = 14, .ofs_x = 0, .ofs_y = -4},
    {.bitmap_index = 16227, .adv_w = 194, .box_w = 12, .box_h = 17, .ofs_x = 0, .ofs_y = -4},
    {.bitmap_index = 16312, .adv_w = 156, .box_w = 10, .box_h = 14, .ofs_x = 0, .ofs_y = -4},
    {.bitmap_index = 16375, .adv_w = 197, .box_w = 12, .box_h = 13, .ofs_x = 0, .ofs_y = 0},
    {.bitmap_index = 16449, .adv_w = 164, .box_w = 10, .box_h = 10, .ofs_x = 0, .ofs_y = 0},
    {.bitmap_index = 16500, .adv_w = 90, .box_w = 4, .box_h = 4, .ofs_x = 1, .ofs_y = 3},
    {.bitmap_index = 16509, .adv_w = 199, .box_w = 12, .box_h = 3, .ofs_x = 0, .ofs_y = 0}
};

/*---------------------
 *  CHARACTER MAPPING
 *--------------------*/

static const uint16_t unicode_list_3[] = {
    0x0, 0x1, 0x8, 0x9, 0x10, 0x11, 0x12, 0x13
};

static const uint16_t unicode_list_5[] = {
    0x0, 0x4
};

/*Collect the unicode lists and glyph_id offsets*/
static const lv_font_fmt_txt_cmap_t cmaps[] =
{
    {
        .range_start = 32, .range_length = 95, .glyph_id_start = 1,
        .unicode_list = NULL, .glyph_id_ofs_list = NULL, .list_length = 0, .type = LV_FONT_FMT_TXT_CMAP_FORMAT0_TINY
    },
    {
        .range_start = 176, .range_length = 1, .glyph_id_start = 96,
        .unicode_list = NULL, .glyph_id_ofs_list = NULL, .list_length = 0, .type = LV_FONT_FMT_TXT_CMAP_FORMAT0_TINY
    },
    {
        .range_start = 1024, .range_length = 96, .glyph_id_start = 97,
        .unicode_list = NULL, .glyph_id_ofs_list = NULL, .list_length = 0, .type = LV_FONT_FMT_TXT_CMAP_FORMAT0_TINY
    },
    {
        .range_start = 1122, .range_length = 20, .glyph_id_start = 193,
        .unicode_list = unicode_list_3, .glyph_id_ofs_list = NULL, .list_length = 8, .type = LV_FONT_FMT_TXT_CMAP_SPARSE_TINY
    },
    {
        .range_start = 1162, .range_length = 118, .glyph_id_start = 201,
        .unicode_list = NULL, .glyph_id_ofs_list = NULL, .list_length = 0, .type = LV_FONT_FMT_TXT_CMAP_FORMAT0_TINY
    },
    {
        .range_start = 8226, .range_length = 5, .glyph_id_start = 319,
        .unicode_list = unicode_list_5, .glyph_id_ofs_list = NULL, .list_length = 2, .type = LV_FONT_FMT_TXT_CMAP_SPARSE_TINY
    }
};



/*--------------------
 *  ALL CUSTOM DATA
 *--------------------*/

#if LVGL_VERSION_MAJOR == 8
/*Store all the custom data of the font*/
static  lv_font_fmt_txt_glyph_cache_t cache;
#endif

#if LVGL_VERSION_MAJOR >= 8
static const lv_font_fmt_txt_dsc_t font_dsc = {
#else
static lv_font_fmt_txt_dsc_t font_dsc = {
#endif
    .glyph_bitmap = glyph_bitmap,
    .glyph_dsc = glyph_dsc,
    .cmaps = cmaps,
    .kern_dsc = NULL,
    .kern_scale = 0,
    .cmap_num = 6,
    .bpp = 4,
    .kern_classes = 0,
    .bitmap_format = 1,
#if LVGL_VERSION_MAJOR == 8
    .cache = &cache
#endif
};



/*-----------------
 *  PUBLIC FONT
 *----------------*/

/*Initialize a public general font descriptor*/
#if LVGL_VERSION_MAJOR >= 8
const lv_font_t lv_font_yora_montserrat_18_cyr = {
#else
lv_font_t lv_font_yora_montserrat_18_cyr = {
#endif
    .get_glyph_dsc = lv_font_get_glyph_dsc_fmt_txt,    /*Function pointer to get glyph's data*/
    .get_glyph_bitmap = lv_font_get_bitmap_fmt_txt,    /*Function pointer to get glyph's bitmap*/
    .line_height = 21,          /*The maximum line height required by the font*/
    .base_line = 4,             /*Baseline measured from the bottom of the line*/
#if !(LVGL_VERSION_MAJOR == 6 && LVGL_VERSION_MINOR == 0)
    .subpx = LV_FONT_SUBPX_NONE,
#endif
#if LV_VERSION_CHECK(7, 4, 0) || LVGL_VERSION_MAJOR >= 8
    .underline_position = -2,
    .underline_thickness = 1,
#endif
    .dsc = &font_dsc,          /*The custom font data. Will be accessed by `get_glyph_bitmap/dsc` */
#if LV_VERSION_CHECK(8, 2, 0) || LVGL_VERSION_MAJOR >= 9
    .fallback = NULL,
#endif
    .user_data = NULL,
};



#endif /*#if LV_FONT_YORA_MONTSERRAT_18_CYR*/

