/*******************************************************************************
 * Size: 20 px
 * Bpp: 4
 * Opts: --font g:\Github\Yoradio_RGB_Panel-1\fonts\Montserrat\static\Montserrat-Medium.ttf -r 0x20-0x7F,0x400-0x4FF,0xB0,0x2026,0x2022 --size 20 --bpp 4 --format lvgl --lv-include lvgl.h --lv-font-name lv_font_yora_montserrat_20_cyr -o g:\Github\Yoradio_RGB_Panel-1\src\src\lvgl_ui\fonts\lv_font_yora_montserrat_20_cyr.c
 ******************************************************************************/

#ifdef LV_LVGL_H_INCLUDE_SIMPLE
#include "lvgl.h"
#else
#include "lvgl.h"
#endif

#ifndef LV_FONT_YORA_MONTSERRAT_20_CYR
#define LV_FONT_YORA_MONTSERRAT_20_CYR 1
#endif

#if LV_FONT_YORA_MONTSERRAT_20_CYR

/*-----------------
 *    BITMAPS
 *----------------*/

/*Store the image of the glyphs*/
static LV_ATTRIBUTE_LARGE_CONST const uint8_t glyph_bitmap[] = {
    /* U+0020 " " */

    /* U+0021 "!" */
    0x6f, 0xc0, 0x8, 0xc1, 0xc0, 0x2, 0x20, 0x3,
    0x81, 0x80, 0x42, 0x2, 0x0, 0xf3, 0x21, 0x16,
    0xb0, 0xca, 0xc3, 0x56, 0x82, 0x80,

    /* U+0022 "\"" */
    0xbe, 0x1, 0xf8, 0x0, 0xf0, 0x80, 0x78, 0xc0,
    0x43, 0xc0, 0x3d, 0xf4, 0x0, 0x74,

    /* U+0023 "#" */
    0x0, 0xcf, 0xe0, 0x12, 0x79, 0x0, 0x7b, 0x88,
    0x2, 0x20, 0x20, 0xf, 0x13, 0x0, 0x5c, 0x20,
    0x1b, 0x7f, 0xc8, 0x8f, 0xf9, 0xc7, 0xfd, 0x1,
    0x6e, 0xe0, 0x47, 0x78, 0x49, 0xdd, 0x80, 0xd1,
    0x21, 0xd1, 0x10, 0x2c, 0x41, 0x0, 0x22, 0x6,
    0x0, 0x87, 0x80, 0x3c, 0xc0, 0x40, 0x2, 0x2,
    0x0, 0xf1, 0x0, 0x80, 0x18, 0x18, 0x2, 0x7f,
    0xf4, 0x7, 0xfd, 0x61, 0xbf, 0xc0, 0x8e, 0xe2,
    0x23, 0xbc, 0x60, 0xee, 0x90, 0x38, 0x80, 0x24,
    0x44, 0xc7, 0x10, 0x70, 0xc, 0x5c, 0x1, 0x33,
    0x0, 0x3c, 0x20, 0x40, 0x11, 0x10, 0x3, 0x0,

    /* U+0024 "$" */
    0x0, 0xe5, 0xf0, 0xf, 0xfe, 0xa3, 0xe5, 0x7,
    0xe3, 0x88, 0x0, 0x76, 0xc, 0x40, 0x8e, 0x30,
    0x1, 0x24, 0x9d, 0x61, 0xbf, 0x36, 0x0, 0x50,
    0x81, 0x0, 0xcc, 0xc0, 0x0, 0x83, 0x80, 0x7f,
    0x58, 0x53, 0x18, 0x7, 0xce, 0xe1, 0x99, 0x4,
    0x20, 0x7, 0x47, 0x49, 0x83, 0xdf, 0x28, 0x6,
    0x16, 0x90, 0xc6, 0x1a, 0x30, 0xf, 0x8e, 0x5c,
    0x2c, 0x4, 0x3, 0xee, 0x1, 0xc, 0xb3, 0x0,
    0xc7, 0x1, 0xa0, 0xc9, 0x9d, 0x1, 0xb8, 0x2c,
    0x81, 0x78, 0xc6, 0x40, 0x69, 0x52, 0x1, 0x1c,
    0xed, 0x7, 0x5a, 0x80, 0x7f, 0xf1, 0xde, 0x0,
    0x38,

    /* U+0025 "%" */
    0x1, 0xaf, 0xf5, 0x8, 0x7, 0x6d, 0x0, 0x6a,
    0x6d, 0xd3, 0x50, 0x6, 0x93, 0xb0, 0x8, 0x93,
    0xc8, 0x9e, 0x82, 0x0, 0x46, 0xa1, 0x0, 0x98,
    0x8, 0x0, 0x40, 0x40, 0x34, 0xc8, 0x1, 0x98,
    0xc, 0x0, 0x60, 0x21, 0x67, 0x20, 0x1c, 0x47,
    0x22, 0x29, 0x32, 0x55, 0x70, 0x7, 0xdc, 0xfd,
    0xc6, 0xe1, 0xb7, 0x2a, 0xfe, 0x70, 0x8, 0xb3,
    0x76, 0x2b, 0x38, 0xa6, 0xcb, 0x87, 0x0, 0xc4,
    0x40, 0x55, 0x71, 0x27, 0x1a, 0xc4, 0x80, 0x78,
    0x6a, 0xd, 0xc0, 0x80, 0x8, 0x22, 0x0, 0xea,
    0x37, 0x0, 0x8, 0x7, 0xf9, 0x93, 0x80, 0xe,
    0x22, 0x0, 0x28, 0x88, 0x2, 0x29, 0x82, 0x0,
    0x12, 0x50, 0x9c, 0x48, 0x6, 0xe3, 0x70, 0xd,
    0x43, 0xda, 0xce, 0x0,

    /* U+0026 "&" */
    0x0, 0x86, 0x7b, 0xf9, 0xc0, 0x3f, 0x63, 0x3c,
    0x2c, 0x40, 0x3, 0xc8, 0x4d, 0x2f, 0x64, 0xa0,
    0x1e, 0x10, 0xe0, 0xc, 0x20, 0x1e, 0x40, 0xa0,
    0x5, 0x14, 0x80, 0x78, 0x5c, 0xaf, 0x96, 0x94,
    0x3, 0xec, 0x4, 0xe, 0x50, 0xf, 0xa6, 0xd1,
    0x3, 0x0, 0x14, 0x18, 0x1, 0xd9, 0xee, 0xc8,
    0xd2, 0x2, 0xf4, 0x0, 0x81, 0x80, 0x5, 0xa3,
    0x4c, 0x83, 0x40, 0x40, 0xc0, 0x35, 0x9b, 0x39,
    0xa0, 0x8, 0x89, 0x80, 0x35, 0x0, 0x14, 0x2,
    0xa0, 0x9d, 0xab, 0xe9, 0x13, 0x68, 0x0, 0x26,
    0xb1, 0xaa, 0x14, 0x76, 0x9b, 0x98, 0x0, 0xa7,
    0xbf, 0xd8, 0xe0, 0x3b, 0x26,

    /* U+0027 "'" */
    0xbe, 0x0, 0x8, 0x0, 0xc0, 0x1f, 0x40,

    /* U+0028 "(" */
    0x0, 0xf, 0x68, 0x5, 0x23, 0x0, 0x13, 0xa,
    0x80, 0x10, 0x5c, 0x2, 0xc0, 0xc0, 0x8, 0xc1,
    0xc0, 0x25, 0x2, 0x0, 0x84, 0x40, 0x10, 0x81,
    0x0, 0x7f, 0xf0, 0xc4, 0x8, 0x3, 0x8, 0x80,
    0x32, 0x81, 0x0, 0x46, 0xe, 0x1, 0x60, 0x60,
    0x4, 0x82, 0xe0, 0x19, 0x85, 0x40, 0x29, 0x18,
    0x0,

    /* U+0029 ")" */
    0x1f, 0xc0, 0x0, 0xb1, 0xa0, 0x2, 0x83, 0xc0,
    0x6, 0x48, 0x1, 0x20, 0x20, 0x3, 0xc3, 0x0,
    0xa, 0x4, 0x0, 0x20, 0x60, 0x0, 0x80, 0x80,
    0x7f, 0xf0, 0x4, 0x4, 0x0, 0x40, 0xc0, 0x5,
    0x2, 0x0, 0x78, 0x60, 0x1, 0x1, 0x0, 0xc9,
    0x40, 0x14, 0x1c, 0x2, 0xc8, 0x80,

    /* U+002A "*" */
    0x0, 0xa6, 0x40, 0x11, 0x30, 0x6, 0x62, 0x79,
    0xc2, 0x26, 0x4b, 0xae, 0xba, 0x21, 0xf5, 0x41,
    0x14, 0x0, 0xaa, 0x6, 0x98, 0x66, 0x44, 0x19,
    0x9c, 0xc0, 0x6, 0xe6, 0x1, 0xf, 0xf0, 0x8,
    0x0,

    /* U+002B "+" */
    0x0, 0xd0, 0xa0, 0x1f, 0x9f, 0xc0, 0x3f, 0xf9,
    0x8d, 0x55, 0x2, 0x55, 0x47, 0x8a, 0xb0, 0xa,
    0xac, 0xf5, 0xff, 0x2, 0xff, 0xc8, 0x1, 0xff,
    0xcc, 0x7f, 0x0, 0xc0,

    /* U+002C "," */
    0x7, 0xb2, 0x8, 0x4b, 0x4, 0xe, 0xe, 0x5,
    0xc, 0x32, 0x4, 0xb0,

    /* U+002D "-" */
    0x9b, 0xbc, 0xa8, 0x9d, 0xa0,

    /* U+002E "." */
    0x8, 0xc2, 0x7, 0x3b, 0x4, 0xd,

    /* U+002F "/" */
    0x0, 0xf9, 0xd4, 0x3, 0xc9, 0x4, 0x1, 0xee,
    0x6, 0x0, 0xf2, 0x98, 0x80, 0x72, 0x85, 0x0,
    0x7b, 0xc1, 0xc0, 0x3c, 0xa6, 0x20, 0x1c, 0xa1,
    0x40, 0x1e, 0xf0, 0x70, 0xf, 0x2a, 0x8, 0x7,
    0x28, 0x68, 0x7, 0xbc, 0x1c, 0x3, 0xca, 0x82,
    0x1, 0xca, 0x1a, 0x1, 0xee, 0x7, 0x0, 0xe1,
    0x44, 0x8, 0x7, 0x38, 0x70, 0x7, 0xb4, 0x14,
    0x3, 0x85, 0x10, 0x1, 0xe7, 0xe, 0x0, 0xf0,

    /* U+0030 "0" */
    0x0, 0x86, 0x37, 0xfa, 0xcc, 0x3, 0x8b, 0xdc,
    0x88, 0x9, 0x8e, 0x1, 0xbc, 0x57, 0xb7, 0xa8,
    0x20, 0xc0, 0xc, 0x47, 0x42, 0x0, 0x59, 0xf,
    0x0, 0x50, 0x40, 0x7, 0x30, 0x18, 0x81, 0x82,
    0x80, 0x79, 0x1, 0x40, 0x21, 0x0, 0xf0, 0x80,
    0x80, 0x7f, 0xf1, 0x4, 0x3, 0xc2, 0x2, 0x6,
    0xa, 0x1, 0xe4, 0x5, 0xa, 0x8, 0x0, 0xe6,
    0x3, 0x10, 0x62, 0x3a, 0x10, 0x2, 0xc8, 0x78,
    0x5, 0xe2, 0xbd, 0xbf, 0x41, 0x26, 0x1, 0x17,
    0xb9, 0x10, 0x57, 0x18, 0x0,

    /* U+0031 "1" */
    0xdf, 0xfc, 0x8e, 0x66, 0x0, 0xab, 0x30, 0x80,
    0x1f, 0xff, 0x80,

    /* U+0032 "2" */
    0x0, 0x3e, 0x7f, 0xba, 0xcc, 0x0, 0x5d, 0x6,
    0x24, 0x29, 0x8a, 0xe, 0x2d, 0xdc, 0xdf, 0x70,
    0xb0, 0x5e, 0x91, 0x0, 0xa0, 0x44, 0x40, 0x20,
    0x1e, 0x30, 0xf, 0xe2, 0x20, 0x90, 0x7, 0xdc,
    0x16, 0x1, 0xe1, 0xc3, 0x75, 0x0, 0xe1, 0xc3,
    0x68, 0x0, 0xe1, 0xc2, 0x79, 0x0, 0xe2, 0xf2,
    0x88, 0x0, 0x71, 0x60, 0xcb, 0x80, 0x71, 0x60,
    0x85, 0x66, 0x74, 0xb0, 0x80, 0xc, 0xfc, 0xa0,

    /* U+0033 "3" */
    0x4f, 0xff, 0xe0, 0x73, 0x3f, 0x0, 0x8, 0xf,
    0x33, 0xa0, 0x7, 0x0, 0x3c, 0x76, 0x38, 0x20,
    0x1c, 0x5a, 0x1a, 0x40, 0x1e, 0xc1, 0x25, 0x10,
    0xf, 0x8, 0x14, 0xf2, 0x0, 0x77, 0xfb, 0x58,
    0x2c, 0x40, 0x3c, 0x52, 0x80, 0xe0, 0x1f, 0xb0,
    0x38, 0x4, 0x3, 0xda, 0x1e, 0xfe, 0xe2, 0x1,
    0x3a, 0x83, 0x78, 0xc7, 0x73, 0x7e, 0x2, 0x46,
    0x35, 0xc8, 0x48, 0x57, 0x18, 0x0,

    /* U+0034 "4" */
    0x0, 0xf9, 0xfe, 0xc0, 0x3f, 0xc7, 0x5, 0x40,
    0x1f, 0xc3, 0xa1, 0xc2, 0x1, 0xfd, 0xa3, 0x26,
    0x1, 0xfd, 0x6, 0xac, 0x1, 0xfc, 0x8e, 0x54,
    0x0, 0x10, 0xf, 0x15, 0x7, 0x80, 0x1b, 0x9c,
    0x3, 0xb8, 0x64, 0x80, 0x3f, 0xa4, 0xd9, 0x80,
    0x1f, 0xc6, 0xc0, 0xdf, 0xfa, 0x42, 0x3f, 0xc4,
    0x26, 0x7f, 0x8, 0x9, 0x9c, 0x59, 0x9f, 0x48,
    0x4e, 0x60, 0x40, 0x3f, 0xfa, 0x0,

    /* U+0035 "5" */
    0x0, 0x7f, 0xfe, 0x0, 0x8, 0x0, 0xcf, 0xc0,
    0x3, 0x4, 0xcc, 0xf0, 0x1, 0x80, 0x80, 0x3f,
    0x10, 0x70, 0x7, 0xe1, 0x9, 0xcc, 0x5c, 0x10,
    0x5, 0xc0, 0x26, 0x64, 0x7d, 0x80, 0x4, 0xff,
    0xed, 0x70, 0x74, 0x0, 0xf1, 0x44, 0x3, 0x80,
    0x3f, 0x20, 0x30, 0x8, 0x7, 0x94, 0x18, 0xfa,
    0x8, 0x2, 0x48, 0xf, 0x60, 0x7d, 0xed, 0xfb,
    0x16, 0x55, 0x74, 0x18, 0x10, 0xa5, 0x48, 0x0,

    /* U+0036 "6" */
    0x0, 0xcb, 0x7d, 0xfe, 0xc7, 0x0, 0xd7, 0x48,
    0x6, 0x47, 0x80, 0x15, 0xa1, 0xef, 0x66, 0xfd,
    0x0, 0x11, 0x7, 0x84, 0x1, 0x84, 0x1, 0xe1,
    0x0, 0x1f, 0xca, 0xa, 0xd9, 0xfe, 0xc6, 0x0,
    0x84, 0x2e, 0x45, 0x4c, 0xd3, 0x60, 0x19, 0x67,
    0x6b, 0x34, 0x91, 0x80, 0x25, 0x60, 0x8, 0xa0,
    0x34, 0xc, 0x34, 0x3, 0x9c, 0x1c, 0x2c, 0x34,
    0x3, 0x9c, 0x18, 0x18, 0x55, 0x80, 0x22, 0xb0,
    0xe0, 0x1a, 0x9, 0xdb, 0xcd, 0x16, 0x40, 0x2,
    0x73, 0x2, 0x19, 0xaa, 0x40,

    /* U+0037 "7" */
    0x6f, 0xff, 0xf1, 0x0, 0x4, 0xcf, 0x88, 0x0,
    0x60, 0x6, 0xcc, 0xeb, 0x5, 0x10, 0xf, 0xd6,
    0x12, 0xf, 0x74, 0x1, 0x94, 0x8c, 0xc0, 0x28,
    0x40, 0x1a, 0x42, 0x40, 0x3f, 0x19, 0x89, 0x40,
    0x3f, 0x40, 0x58, 0x7, 0xe2, 0x41, 0x60, 0xf,
    0xd6, 0xc, 0x1, 0xf8, 0x58, 0x24, 0x3, 0xf3,
    0x3, 0x8, 0x7, 0xe9, 0xb, 0x0, 0xfc, 0xc2,
    0x84, 0x1, 0xc0,

    /* U+0038 "8" */
    0x0, 0x9f, 0x3f, 0xdd, 0x6a, 0x1, 0xb2, 0xd,
    0x14, 0x92, 0xa8, 0x0, 0x63, 0x2e, 0xba, 0xcd,
    0x15, 0x40, 0xf0, 0xb1, 0x0, 0x89, 0x80, 0xc3,
    0x83, 0x80, 0x38, 0x40, 0x81, 0x89, 0xdc, 0x64,
    0x70, 0xc6, 0xa0, 0x3c, 0x11, 0x9b, 0x8e, 0x3c,
    0x0, 0x4c, 0x6, 0xab, 0xa5, 0x1c, 0x20, 0x90,
    0xb9, 0x54, 0x5a, 0x91, 0x91, 0x21, 0x40, 0xe,
    0x60, 0x40, 0x0, 0x80, 0x78, 0x80, 0x44, 0x81,
    0x40, 0x18, 0x78, 0x1c, 0x24, 0x57, 0xf2, 0xf3,
    0x8c, 0xa0, 0xb, 0xe0, 0xcc, 0x84, 0x73, 0xa2,

    /* U+0039 "9" */
    0x0, 0x1d, 0x77, 0xf5, 0xa0, 0x6, 0x6c, 0x52,
    0x55, 0x25, 0xc8, 0x0, 0xa4, 0x33, 0x15, 0x7c,
    0x8c, 0xa0, 0x80, 0xc6, 0x1, 0xc, 0x84, 0x0,
    0x7f, 0xc4, 0x44, 0x6, 0x30, 0x8, 0x78, 0x0,
    0xc4, 0xe1, 0x98, 0xab, 0xe3, 0x20, 0x10, 0x8a,
    0x43, 0x55, 0xb5, 0xc0, 0x32, 0xdf, 0xfb, 0xa8,
    0x98, 0x18, 0x3, 0xf0, 0x98, 0x18, 0x7, 0xe8,
    0x5, 0x0, 0x8c, 0x2, 0x19, 0x61, 0xb0, 0x3,
    0x67, 0x66, 0xf3, 0xe, 0x88, 0x1, 0x54, 0x6,
    0x47, 0x1e, 0x60, 0x0,

    /* U+003A ":" */
    0xb, 0xf4, 0x4, 0xd, 0x7, 0x3b, 0x8, 0xc2,
    0x0, 0xff, 0xe2, 0xc6, 0x10, 0x39, 0xd8, 0x20,
    0x68,

    /* U+003B ";" */
    0xb, 0xf4, 0x4, 0xd, 0x7, 0x3b, 0x8, 0xc2,
    0x0, 0xff, 0xe2, 0xbd, 0x90, 0x42, 0x58, 0x20,
    0x70, 0x70, 0x28, 0x61, 0x90, 0x25, 0x80,

    /* U+003C "<" */
    0x0, 0xfc, 0xc6, 0x1, 0xc5, 0x3f, 0x2e, 0x1,
    0x2e, 0x6b, 0x25, 0xa1, 0x47, 0x51, 0x47, 0x5a,
    0x4, 0x39, 0x5f, 0x38, 0x80, 0x44, 0x7, 0xc8,
    0x1, 0xd1, 0xac, 0x97, 0xce, 0x20, 0x11, 0x4f,
    0x49, 0x47, 0x59, 0x0, 0x66, 0xcc, 0x32, 0x30,
    0x7, 0x8e, 0x7d, 0x40,

    /* U+003D "=" */
    0xaf, 0xff, 0xc9, 0x8a, 0xbf, 0x9d, 0xaa, 0xbf,
    0x18, 0x7, 0xff, 0x22, 0xbf, 0xff, 0x26, 0x2a,
    0xfe, 0x70,

    /* U+003E ">" */
    0x64, 0x0, 0xfd, 0x97, 0xae, 0x20, 0x1d, 0x70,
    0x11, 0xd4, 0x60, 0x10, 0xbe, 0xe2, 0xab, 0x30,
    0xc0, 0x18, 0xeb, 0xa4, 0xa5, 0x0, 0x30, 0xbd,
    0x88, 0x38, 0x0, 0xeb, 0xa4, 0x27, 0xcd, 0x77,
    0x15, 0x59, 0xac, 0x0, 0xf0, 0x8e, 0xa3, 0x0,
    0xd1, 0xae, 0x20, 0x1e,

    /* U+003F "?" */
    0x0, 0x3e, 0x7f, 0xba, 0xd0, 0x0, 0x5d, 0x6,
    0x70, 0x25, 0xb0, 0x20, 0xc7, 0xe6, 0x39, 0xc2,
    0x1, 0xb9, 0xc0, 0x34, 0x0, 0x88, 0x4, 0x3,
    0x84, 0x4, 0x40, 0x1f, 0x50, 0x48, 0x7, 0x87,
    0x11, 0xdc, 0x1, 0xed, 0x37, 0x80, 0xf, 0x21,
    0x9a, 0x0, 0x3e, 0x78, 0x80, 0x7, 0xe3, 0x74,
    0x0, 0xfc, 0x52, 0x60, 0x1f, 0xa1, 0xb8, 0x3,
    0xf6, 0x2, 0x80, 0x60,

    /* U+0040 "@" */
    0x0, 0xf2, 0x56, 0xff, 0xd9, 0x26, 0x1, 0xfc,
    0x9b, 0x6c, 0xb3, 0x52, 0xa9, 0x96, 0x40, 0x1e,
    0x6b, 0x1c, 0xc4, 0x32, 0xb4, 0xee, 0x36, 0x98,
    0x6, 0x49, 0x5c, 0x30, 0x47, 0x72, 0x1, 0xdf,
    0x26, 0x10, 0x5, 0x47, 0x40, 0x5b, 0x71, 0xb,
    0xc4, 0x76, 0xb2, 0x90, 0x3, 0xf, 0x80, 0xe1,
    0x47, 0x7e, 0x4, 0x0, 0x52, 0x84, 0x1a, 0x66,
    0x9, 0x19, 0x71, 0x3, 0xc1, 0x0, 0x90, 0x54,
    0x15, 0x0, 0xa, 0xc, 0x1, 0xcc, 0x1, 0x97,
    0x40, 0x7c, 0x0, 0x64, 0x1, 0xed, 0x0, 0xc2,
    0x20, 0xf, 0x18, 0x7, 0x8c, 0x3, 0x84, 0x7,
    0xc0, 0x8, 0x26, 0x1, 0xda, 0x1, 0x9c, 0x81,
    0x50, 0x1, 0x21, 0xc2, 0x1, 0x32, 0x1, 0x81,
    0x96, 0x6, 0x99, 0x80, 0xdc, 0xba, 0xa7, 0x26,
    0x2, 0x27, 0x4d, 0x1, 0x87, 0xc0, 0x11, 0x46,
    0xac, 0x16, 0xf2, 0xc, 0x9a, 0x1, 0x51, 0xc8,
    0x1, 0x73, 0xfd, 0x88, 0xd, 0xdf, 0x42, 0x1,
    0x25, 0x36, 0x18, 0x7, 0xff, 0x11, 0x70, 0x73,
    0x10, 0xcc, 0x7a, 0xf7, 0x0, 0xfe, 0x3d, 0xb6,
    0x59, 0x98, 0x61, 0x80, 0x38,

    /* U+0041 "A" */
    0x0, 0xfb, 0xbe, 0x0, 0x3f, 0xf8, 0xa, 0x20,
    0xc0, 0x1f, 0xfc, 0x8, 0x6, 0x16, 0x0, 0xff,
    0x21, 0x2c, 0x5, 0x80, 0x7f, 0xbc, 0x24, 0x58,
    0x94, 0x3, 0xf1, 0x21, 0x98, 0x2c, 0x24, 0x3,
    0xf4, 0x4, 0x80, 0x9, 0xd, 0x0, 0x3c, 0x2a,
    0x2a, 0x1, 0x78, 0x78, 0x7, 0xa4, 0x24, 0x3,
    0x21, 0x21, 0x0, 0x73, 0x4, 0x7f, 0xf1, 0x5,
    0x80, 0x66, 0x13, 0x55, 0xf8, 0x18, 0x40, 0x2b,
    0xe, 0xaa, 0xf9, 0xc2, 0x40, 0xa, 0x48, 0x40,
    0x1f, 0x48, 0x30, 0x2, 0x43, 0xc0, 0x3f, 0xa,
    0x8b, 0x0,

    /* U+0042 "B" */
    0xef, 0xff, 0x76, 0x30, 0x7, 0x22, 0xac, 0x86,
    0x69, 0xb0, 0xd, 0x55, 0xaf, 0x70, 0x11, 0x0,
    0x1f, 0xc6, 0xa0, 0x40, 0x1f, 0xe1, 0x5, 0x0,
    0xfc, 0x50, 0x8a, 0x60, 0x17, 0x7f, 0xed, 0x71,
    0x80, 0xc, 0x8a, 0xb9, 0x4, 0x5a, 0x80, 0x15,
    0x57, 0x5f, 0x38, 0x48, 0x7, 0xfa, 0x0, 0x84,
    0x3, 0xff, 0x94, 0xe0, 0x42, 0x0, 0xaa, 0xeb,
    0xe8, 0x9, 0x0, 0x91, 0x57, 0x21, 0xb6, 0xa0,
    0x0,

    /* U+0043 "C" */
    0x0, 0xc2, 0xf9, 0xfe, 0xeb, 0x60, 0xe, 0x5e,
    0x83, 0x12, 0x4, 0x9d, 0x10, 0x3, 0x50, 0x36,
    0xf6, 0xf6, 0x21, 0x20, 0x14, 0x85, 0x49, 0x0,
    0x47, 0x78, 0xa1, 0x60, 0xca, 0x1, 0xf1, 0x80,
    0x1c, 0x2c, 0x3, 0xfe, 0x10, 0x20, 0xf, 0xfe,
    0x68, 0x81, 0x0, 0x7f, 0xce, 0x16, 0x1, 0xff,
    0x58, 0x32, 0x80, 0x7c, 0x60, 0x2, 0x90, 0xa9,
    0x20, 0x8, 0xef, 0x14, 0x0, 0xd4, 0xd, 0xbd,
    0xbf, 0x88, 0x68, 0x1, 0x2f, 0x41, 0x89, 0xa,
    0x56, 0x8,

    /* U+0044 "D" */
    0xef, 0xff, 0x75, 0x20, 0x7, 0x88, 0xce, 0x21,
    0x5b, 0xc1, 0x0, 0xd9, 0x9b, 0x7e, 0xcc, 0xde,
    0x20, 0x1f, 0xc9, 0x88, 0x36, 0x1, 0xff, 0x50,
    0x29, 0x0, 0x7f, 0x85, 0x41, 0x0, 0x3f, 0xed,
    0xe, 0x0, 0xff, 0xe6, 0xe8, 0x70, 0x7, 0xf8,
    0x54, 0x10, 0x3, 0xfd, 0x40, 0xa4, 0x1, 0xf9,
    0x31, 0x6, 0xc0, 0x2d, 0xcc, 0xb7, 0xec, 0xcd,
    0xe2, 0x1, 0x19, 0xe2, 0x15, 0xbc, 0x10, 0x0,

    /* U+0045 "E" */
    0xef, 0xff, 0xe0, 0x8, 0x8c, 0xfe, 0x0, 0xb3,
    0x3f, 0x0, 0x7f, 0xf6, 0x3b, 0xff, 0xc4, 0x1,
    0x19, 0xfe, 0x0, 0xb7, 0x33, 0xc2, 0x1, 0xff,
    0xd8, 0xdc, 0xcf, 0x8c, 0x0, 0x67, 0xf9, 0xc0,

    /* U+0046 "F" */
    0xef, 0xff, 0xe0, 0x1, 0x19, 0xfc, 0x0, 0xcc,
    0xfc, 0x1, 0xff, 0xd4, 0xdc, 0xcf, 0x8, 0x0,
    0xcf, 0xf0, 0x3, 0xbf, 0xfc, 0x40, 0x1f, 0xfe,
    0x60,

    /* U+0047 "G" */
    0x0, 0xc2, 0xf9, 0xfe, 0xec, 0x70, 0xe, 0x5e,
    0x83, 0x12, 0x3, 0x8e, 0x30, 0x3, 0x50, 0x36,
    0xf6, 0xf6, 0xb0, 0xa0, 0x14, 0x85, 0x49, 0x0,
    0x45, 0x3a, 0xe1, 0x60, 0xca, 0x1, 0xf1, 0x0,
    0x1c, 0x2c, 0x3, 0xfe, 0x10, 0x20, 0xf, 0xc2,
    0x20, 0xf, 0xf8, 0xfa, 0x80, 0x40, 0x80, 0x3f,
    0xe7, 0xb, 0x0, 0xff, 0xac, 0x19, 0x40, 0x3f,
    0xc5, 0x21, 0x52, 0x40, 0x11, 0x50, 0x6, 0x6a,
    0x6, 0xde, 0xde, 0xd6, 0x1e, 0x0, 0x97, 0xa0,
    0xc4, 0x81, 0x23, 0xd4,

    /* U+0048 "H" */
    0xef, 0x10, 0xf, 0xb7, 0xc8, 0x3, 0xff, 0xef,
    0xdf, 0xff, 0x10, 0x6, 0x23, 0x3f, 0x80, 0x3b,
    0x33, 0xf1, 0x0, 0x7f, 0xfd, 0xc0,

    /* U+0049 "I" */
    0xef, 0x10, 0xf, 0xfe, 0xd8,

    /* U+004A "J" */
    0x0, 0x67, 0xff, 0x90, 0x0, 0xa6, 0x78, 0x3,
    0xa7, 0x33, 0x20, 0x7, 0xff, 0xf4, 0x40, 0x39,
    0x81, 0xc3, 0x70, 0x40, 0xa, 0x40, 0x60, 0xc7,
    0xdb, 0xaa, 0x8, 0x0, 0x54, 0x99, 0x10, 0xe9,
    0xc0,

    /* U+004B "K" */
    0xef, 0x10, 0xf, 0x5f, 0xc0, 0x7, 0xf5, 0xa3,
    0xc0, 0x7, 0xeb, 0x46, 0x80, 0xf, 0xd4, 0x8b,
    0x20, 0x1f, 0xa9, 0x52, 0x80, 0x3f, 0x4a, 0xa5,
    0x80, 0x7e, 0x96, 0x8, 0x0, 0xfd, 0x6c, 0x0,
    0xd1, 0x0, 0xf9, 0x4b, 0x90, 0x74, 0x3, 0xe2,
    0xc1, 0xb3, 0x35, 0x0, 0x7b, 0x84, 0x1, 0xa2,
    0xae, 0x1, 0xc4, 0x1, 0xe, 0x4, 0x20, 0x7,
    0xf1, 0x58, 0x59, 0x0, 0x7f, 0x24, 0x87, 0x88,

    /* U+004C "L" */
    0xef, 0x10, 0xf, 0xff, 0xf8, 0x7, 0xff, 0x83,
    0x73, 0x3d, 0x0, 0x3, 0x3f, 0xc0,

    /* U+004D "M" */
    0xef, 0x10, 0xf, 0xf7, 0x78, 0x2, 0xc0, 0x3f,
    0xa0, 0x40, 0x25, 0x30, 0xf, 0x89, 0xc0, 0x3b,
    0xc0, 0x3e, 0x90, 0xe, 0x63, 0x60, 0xe, 0x44,
    0x28, 0x6, 0x81, 0x81, 0x0, 0xd2, 0x16, 0x1,
    0x86, 0x6, 0x0, 0x27, 0x29, 0x10, 0xe, 0x63,
    0x63, 0x1, 0x82, 0x60, 0xf, 0xbc, 0x3c, 0x2c,
    0x24, 0x3, 0xf1, 0xb1, 0xca, 0xa9, 0x0, 0x2,
    0x1, 0xe8, 0x16, 0xb, 0x0, 0xff, 0xc, 0x4,
    0x8, 0x7, 0xfc, 0xd6, 0xe0, 0x1f, 0xfc, 0x14,
    0x0, 0xf8,

    /* U+004E "N" */
    0xef, 0x20, 0xf, 0xb7, 0xc8, 0x1, 0xe0, 0x1f,
    0xfc, 0x2, 0xb0, 0xf, 0xf8, 0xd1, 0xc0, 0x3f,
    0xdc, 0x30, 0x80, 0x1f, 0xc7, 0xa1, 0x42, 0x1,
    0xfc, 0x72, 0x3a, 0x1, 0xfe, 0x66, 0x1c, 0x80,
    0x7f, 0xa4, 0xd9, 0x80, 0x1f, 0xed, 0x19, 0x30,
    0xf, 0xe1, 0xa0, 0xd3, 0x0, 0xfe, 0x48, 0x11,
    0x0, 0x7f, 0x9d, 0x40, 0x3f, 0xf8, 0x14, 0x40,
    0x0,

    /* U+004F "O" */
    0x0, 0xc2, 0xf9, 0xfe, 0xeb, 0x60, 0xf, 0x97,
    0xa0, 0xc4, 0x81, 0x27, 0x8c, 0x3, 0x35, 0x3,
    0x6f, 0x6f, 0x62, 0xe, 0x18, 0x0, 0xa4, 0x2a,
    0x48, 0x2, 0x3b, 0x70, 0xd0, 0x5, 0x83, 0x28,
    0x7, 0xd0, 0x62, 0xc0, 0xe1, 0x60, 0x1f, 0xd4,
    0x18, 0x2, 0x4, 0x1, 0xfc, 0xa0, 0xe0, 0x1f,
    0xfc, 0x51, 0x2, 0x0, 0xfe, 0x50, 0x70, 0x70,
    0xb0, 0xf, 0xea, 0xc, 0xb, 0x6, 0x50, 0xf,
    0xa0, 0xc5, 0x80, 0xa4, 0x2a, 0x48, 0x2, 0x3b,
    0x70, 0xd0, 0x9, 0xa8, 0x1b, 0x7b, 0x7f, 0x10,
    0x70, 0xc0, 0x32, 0xf4, 0x18, 0x90, 0xa4, 0xf1,
    0x80, 0x0,

    /* U+0050 "P" */
    0xef, 0xff, 0x63, 0x88, 0x6, 0x23, 0x38, 0x4e,
    0x3c, 0x80, 0x2c, 0xcd, 0xdc, 0x41, 0xf0, 0xf,
    0xc3, 0x62, 0x46, 0x1, 0xfc, 0x80, 0xa0, 0x1f,
    0xf1, 0x80, 0x7e, 0x15, 0x7, 0x0, 0xf0, 0xae,
    0x2, 0x90, 0x3, 0xbf, 0xee, 0xa2, 0x4a, 0x0,
    0x8c, 0xf2, 0x35, 0xd8, 0x3, 0x6e, 0x65, 0x72,
    0x80, 0x1f, 0xfd, 0xb0,

    /* U+0051 "Q" */
    0x0, 0xc2, 0xf9, 0xfe, 0xeb, 0x60, 0xf, 0xcb,
    0xd0, 0x62, 0x40, 0x93, 0xc6, 0x1, 0xcd, 0x40,
    0xdb, 0xdb, 0xd8, 0x83, 0x86, 0x1, 0x14, 0x85,
    0x49, 0x0, 0x47, 0x6e, 0x1a, 0x1, 0x58, 0x32,
    0x80, 0x7d, 0x6, 0x2c, 0x0, 0x70, 0xb0, 0xf,
    0xea, 0xc, 0x0, 0x8, 0x10, 0x7, 0xf2, 0x83,
    0x80, 0x7f, 0xf1, 0xc4, 0xc, 0x3, 0xf9, 0x41,
    0xc0, 0xe, 0x14, 0x1, 0xfd, 0x61, 0x80, 0xb,
    0x6, 0x60, 0x7, 0xd0, 0x42, 0xc0, 0x2, 0x90,
    0x99, 0x10, 0x4, 0x76, 0xe1, 0xa0, 0x19, 0xa8,
    0x1b, 0x7b, 0x7f, 0x10, 0x70, 0xc0, 0x39, 0x7a,
    0xc, 0x48, 0xa, 0x78, 0xc0, 0x3e, 0x17, 0xcf,
    0x60, 0x2, 0x0, 0x6, 0xc4, 0x3, 0xf4, 0xb1,
    0x6d, 0xd7, 0x22, 0x80, 0x7f, 0x4d, 0x9a, 0x29,
    0xda, 0x0,

    /* U+0052 "R" */
    0xef, 0xff, 0x63, 0x80, 0x71, 0x19, 0xc2, 0x71,
    0xc4, 0x1, 0x66, 0x6e, 0xe2, 0xf, 0x80, 0x7e,
    0x1b, 0x12, 0x30, 0xf, 0xe4, 0x5, 0x0, 0xff,
    0x8c, 0x3, 0xf0, 0xa8, 0x38, 0x7, 0x85, 0x70,
    0x14, 0x80, 0x1d, 0xff, 0x75, 0x12, 0x50, 0x4,
    0x67, 0x21, 0x3, 0x58, 0x6, 0xdc, 0xc5, 0xe0,
    0xb1, 0x80, 0x7e, 0x1a, 0xe, 0x0, 0xfe, 0x46,
    0x29, 0x0, 0xfe, 0x92, 0x64,

    /* U+0053 "S" */
    0x0, 0x9f, 0x3f, 0xec, 0x71, 0x0, 0xe, 0xc1,
    0x92, 0x11, 0xc6, 0x0, 0x24, 0x93, 0xb6, 0xf7,
    0xe6, 0xc0, 0xa, 0x10, 0x20, 0x19, 0x98, 0x0,
    0x10, 0x70, 0xf, 0xeb, 0xa, 0x61, 0x0, 0xf9,
    0xdc, 0x33, 0xdb, 0x8, 0x1, 0xd1, 0xd2, 0x86,
    0xf7, 0xca, 0x1, 0x85, 0xaf, 0xb1, 0x86, 0x8c,
    0x3, 0xe3, 0x97, 0xb, 0x1, 0x0, 0xfb, 0x80,
    0x43, 0x2c, 0xc0, 0x31, 0xc0, 0x68, 0x32, 0x67,
    0x66, 0x37, 0x5, 0x90, 0x2f, 0x18, 0xcf, 0x25,
    0x48, 0x0,

    /* U+0054 "T" */
    0xef, 0xff, 0xf5, 0x29, 0x9c, 0x40, 0x3, 0x3c,
    0x57, 0x99, 0x78, 0x16, 0x66, 0x80, 0xf, 0xff,
    0xf8, 0x7, 0xff, 0xb4,

    /* U+0055 "U" */
    0xf, 0xf0, 0x7, 0xc5, 0xfa, 0x1, 0xff, 0xff,
    0x0, 0xff, 0xe8, 0x8, 0x8, 0x18, 0x7, 0x9c,
    0x18, 0x1c, 0x28, 0x3, 0xdc, 0x18, 0x16, 0xd,
    0x2, 0x0, 0x1a, 0x41, 0x60, 0x2a, 0x7, 0xed,
    0xee, 0x28, 0xe8, 0x4, 0xba, 0xc2, 0x42, 0x4f,
    0xe6, 0x0,

    /* U+0056 "V" */
    0xc, 0xf5, 0x0, 0xfe, 0xef, 0x10, 0x90, 0x90,
    0xf, 0xcc, 0x2c, 0x20, 0xa2, 0x66, 0x0, 0xfa,
    0xc2, 0xc0, 0x29, 0x9, 0x0, 0xf2, 0x12, 0x10,
    0x4, 0xc0, 0xa4, 0x1, 0xde, 0x1e, 0x1, 0x85,
    0x82, 0x80, 0x31, 0x21, 0x20, 0x7, 0x58, 0x38,
    0x6, 0xb0, 0xb0, 0xf, 0x12, 0x3, 0x0, 0x5,
    0x85, 0x80, 0x3e, 0xf0, 0xb0, 0x3, 0x3, 0x0,
    0x7e, 0x42, 0x22, 0x4, 0x84, 0x80, 0x7f, 0x58,
    0x7a, 0x8a, 0x88, 0x7, 0xf3, 0xa, 0x58, 0x48,
    0x7, 0xfc, 0xc0, 0x26, 0x60, 0xf, 0xfa, 0x40,
    0x12, 0x1, 0xe0,

    /* U+0057 "W" */
    0x3f, 0xd0, 0xf, 0xb3, 0xd8, 0x3, 0xc5, 0xf6,
    0x64, 0x43, 0x0, 0xe1, 0x30, 0xa0, 0xf, 0x50,
    0x68, 0x28, 0x58, 0x7, 0x30, 0x0, 0xc4, 0x3,
    0x94, 0x1c, 0x2c, 0x14, 0x3, 0xac, 0x1c, 0x18,
    0x3, 0x19, 0x20, 0x81, 0x91, 0xc, 0x2, 0x23,
    0x4a, 0xb, 0x0, 0xd6, 0x1a, 0x1, 0x28, 0x58,
    0x4, 0xa1, 0xc4, 0x66, 0x20, 0x9, 0x41, 0xc0,
    0x2b, 0x5, 0x0, 0xa8, 0x14, 0x2c, 0x14, 0x0,
    0x64, 0x82, 0x1, 0x19, 0x10, 0xc0, 0x88, 0xa0,
    0x6, 0xb, 0x0, 0x58, 0x70, 0x7, 0x28, 0x58,
    0x50, 0x78, 0x0, 0x4c, 0xc4, 0xc, 0x8, 0x1,
    0xd6, 0xa, 0xa, 0xa, 0x1, 0x58, 0x29, 0x8a,
    0x8, 0x7, 0x19, 0x11, 0x89, 0x40, 0x33, 0x5,
    0xd8, 0x38, 0x3, 0xe5, 0x9, 0xf, 0x0, 0xc2,
    0x66, 0x70, 0x40, 0xf, 0xac, 0x2, 0x50, 0xe,
    0xa0, 0x2, 0x8, 0x7, 0xc6, 0x40, 0xa0, 0x1e,
    0x70, 0x7, 0x0, 0x60,

    /* U+0058 "X" */
    0x2f, 0xf1, 0x80, 0x7a, 0xfd, 0xc0, 0xa8, 0x34,
    0x40, 0x33, 0x22, 0x1c, 0x0, 0xac, 0x36, 0x1,
    0x14, 0x8d, 0x0, 0x69, 0x25, 0x60, 0x7, 0x85,
    0x8, 0x7, 0x70, 0x49, 0x49, 0x3a, 0x0, 0x78,
    0xe0, 0x31, 0x8e, 0x0, 0x3f, 0x3a, 0x8, 0x70,
    0x7, 0xf0, 0xa8, 0x1, 0x40, 0x3f, 0xa8, 0x58,
    0x20, 0xc0, 0x3e, 0x74, 0x39, 0xa0, 0xe0, 0xf,
    0x1c, 0x7, 0x2, 0xa8, 0xa8, 0x3, 0xb8, 0x28,
    0x80, 0x14, 0x4a, 0xa0, 0xa, 0x89, 0x54, 0x1,
    0xb8, 0x28, 0x81, 0x54, 0x54, 0x1, 0xc7, 0x1,
    0xc0,

    /* U+0059 "Y" */
    0xc, 0xf5, 0x0, 0xf9, 0x3e, 0xc0, 0x1c, 0x16,
    0x20, 0x1e, 0x90, 0x90, 0x1, 0x38, 0xc0, 0x7,
    0x39, 0x39, 0x0, 0x50, 0x2c, 0x60, 0x11, 0x41,
    0x40, 0x7, 0x58, 0x78, 0x5, 0x21, 0x20, 0x1e,
    0x54, 0x36, 0x5, 0x45, 0x40, 0xf, 0xa4, 0x20,
    0x6c, 0x2c, 0x3, 0xf1, 0x38, 0xf8, 0xc0, 0x80,
    0x7f, 0x41, 0x9, 0x38, 0x7, 0xfc, 0xa1, 0x40,
    0x1f, 0xff, 0x60,

    /* U+005A "Z" */
    0xf, 0xff, 0xf9, 0x0, 0xcf, 0xf0, 0x80, 0x18,
    0x33, 0x3e, 0xd3, 0x9, 0x20, 0xf, 0xd4, 0x4c,
    0xc0, 0xf, 0xd2, 0x87, 0x20, 0x1f, 0x99, 0x83,
    0xa0, 0x1f, 0x8e, 0x43, 0x44, 0x3, 0xe1, 0xd0,
    0x93, 0x0, 0xfd, 0xa2, 0xcc, 0x0, 0xfd, 0x26,
    0x92, 0x1, 0xf9, 0x98, 0x34, 0x1, 0xf9, 0x24,
    0x30, 0x40, 0x3e, 0x1a, 0x1, 0xec, 0xcf, 0x9c,
    0xc4, 0x4, 0xcf, 0xf7, 0x0,

    /* U+005B "[" */
    0xef, 0xf9, 0x0, 0xa, 0xa6, 0x0, 0x55, 0x8,
    0x3, 0xff, 0xf9, 0x54, 0x20, 0x2, 0xa9, 0x80,

    /* U+005C "\\" */
    0x58, 0x0, 0xf8, 0xdd, 0x40, 0x3c, 0xe1, 0xe0,
    0x1e, 0x13, 0x50, 0xf, 0xa8, 0x14, 0x3, 0xce,
    0x1e, 0x1, 0xe1, 0x45, 0x0, 0xfb, 0x41, 0x40,
    0x3c, 0xe1, 0xc0, 0x1e, 0x14, 0x40, 0x7, 0xda,
    0xa, 0x1, 0xe7, 0xe, 0x0, 0xf0, 0xa2, 0x4,
    0x3, 0xdc, 0xe, 0x1, 0xe5, 0xd, 0x0, 0xf9,
    0x50, 0x40, 0x3d, 0xe0, 0xe0, 0x1e, 0x50, 0xd0,
    0xf, 0x95, 0x4, 0x3, 0xde, 0xe,

    /* U+005D "]" */
    0xaf, 0xfa, 0x71, 0x4c, 0x0, 0xd5, 0x20, 0x1f,
    0xff, 0xc6, 0xa9, 0x0, 0x62, 0x98, 0x0,

    /* U+005E "^" */
    0x0, 0xce, 0xa0, 0x1f, 0x2c, 0x50, 0x80, 0x7a,
    0x54, 0x18, 0x3, 0x8c, 0xd2, 0xd4, 0x1, 0xd2,
    0x47, 0x64, 0x80, 0x10, 0xad, 0x1, 0x1f, 0x80,
    0x4c, 0xc, 0x0, 0xa4, 0x20, 0x5, 0x28, 0x80,
    0x18, 0x28, 0x10, 0xa4, 0x3, 0x33, 0x0,

    /* U+005F "_" */
    0x0, 0xff, 0x7f, 0xff, 0xb3, 0x3f, 0xc0,

    /* U+0060 "`" */
    0x28, 0x70, 0x8, 0xb6, 0x30, 0x40, 0xb, 0xa3,
    0x82,

    /* U+0061 "a" */
    0x5, 0xbe, 0xff, 0x62, 0x0, 0x22, 0x90, 0x90,
    0x8e, 0xd8, 0x29, 0x7b, 0x2f, 0x64, 0x20, 0xa,
    0x84, 0x2, 0x62, 0x12, 0x0, 0x84, 0x73, 0x0,
    0x84, 0x77, 0x72, 0x0, 0x25, 0xd6, 0xae, 0xe3,
    0x0, 0x30, 0x5a, 0xa2, 0x4e, 0x0, 0x10, 0x10,
    0x8, 0xd0, 0x1, 0x21, 0x8e, 0xd3, 0x82, 0x0,
    0x79, 0x8, 0x95, 0xa7, 0x0, 0x0,

    /* U+0062 "b" */
    0x3f, 0xb0, 0xf, 0xff, 0x20, 0xcf, 0x7f, 0x49,
    0x0, 0x66, 0xf6, 0x33, 0x3, 0x6a, 0x0, 0x44,
    0x19, 0xb9, 0xd0, 0x14, 0x20, 0x16, 0x98, 0x4,
    0xea, 0x2c, 0x0, 0x23, 0x0, 0xee, 0xc, 0x0,
    0x8, 0x7, 0x98, 0x1c, 0x0, 0x20, 0x1e, 0x60,
    0x70, 0x1, 0x18, 0x7, 0x70, 0x60, 0x5, 0xa6,
    0x1, 0x3a, 0x8b, 0x0, 0xc, 0x33, 0x73, 0xa0,
    0x28, 0x40, 0xd, 0xec, 0x66, 0x6, 0xd4, 0x0,

    /* U+0063 "c" */
    0x0, 0x92, 0xfb, 0xfa, 0x88, 0x2, 0x8b, 0x43,
    0x30, 0x2e, 0x98, 0x2b, 0x8d, 0xee, 0x74, 0x82,
    0x84, 0x5, 0x20, 0x4, 0xdc, 0xc2, 0x42, 0x80,
    0x1c, 0x20, 0x60, 0x40, 0x1f, 0x8c, 0x8, 0x3,
    0xf0, 0x98, 0xa0, 0x7, 0x8, 0x2, 0x42, 0x90,
    0x2, 0x6e, 0x60, 0x58, 0x1b, 0xdc, 0xe9, 0x15,
    0x0, 0x3e, 0x21, 0x98, 0x1b, 0xcc,

    /* U+0064 "d" */
    0x0, 0xfe, 0x1f, 0xd0, 0xf, 0xfe, 0xda, 0xdf,
    0xfb, 0x5c, 0x3, 0xa6, 0x90, 0x8c, 0xd1, 0xa0,
    0x12, 0xb0, 0xe6, 0xe7, 0x41, 0x80, 0x50, 0x14,
    0x60, 0x13, 0xb0, 0x0, 0x48, 0x50, 0x3, 0xa8,
    0x0, 0x60, 0x40, 0x1e, 0x20, 0x1, 0x81, 0x0,
    0x78, 0x80, 0x2, 0x42, 0x80, 0x1d, 0x40, 0x14,
    0x5, 0x18, 0x4, 0xec, 0x1, 0x2b, 0xe, 0x6e,
    0x74, 0x20, 0x6, 0x9a, 0x42, 0x33, 0x45, 0x80,
    0x0,

    /* U+0065 "e" */
    0x0, 0x96, 0xff, 0xda, 0xe0, 0x1d, 0x34, 0x89,
    0x1c, 0x60, 0x4, 0xac, 0x7d, 0x76, 0xe6, 0x39,
    0x0, 0x40, 0x70, 0x80, 0x52, 0x4c, 0x22, 0x22,
    0x18, 0x8f, 0x20, 0x29, 0x81, 0x77, 0x79, 0x80,
    0x8c, 0x6, 0xef, 0xf3, 0x89, 0xb, 0xa2, 0x7c,
    0x21, 0x1, 0xa8, 0x1, 0x15, 0x90, 0x1, 0x5c,
    0x6f, 0x73, 0x74, 0x88, 0x0, 0xa3, 0x14, 0xce,
    0x4c, 0x60,

    /* U+0066 "f" */
    0x0, 0x9b, 0x7f, 0x98, 0x0, 0xd2, 0x6a, 0x40,
    0x15, 0x6, 0xd6, 0x30, 0x0, 0x80, 0xc0, 0x2b,
    0xf1, 0xf, 0xf8, 0x71, 0x40, 0xa, 0xb0, 0xbd,
    0x8, 0x55, 0x40, 0x1f, 0xff, 0x50,

    /* U+0067 "g" */
    0x0, 0x92, 0xff, 0xda, 0xe1, 0xbe, 0x0, 0x9b,
    0x44, 0x28, 0xc6, 0x18, 0x1, 0x58, 0xb6, 0xeb,
    0x30, 0x42, 0x0, 0x80, 0xe2, 0x0, 0x8e, 0x0,
    0x2, 0x42, 0x60, 0x1c, 0xc0, 0x3, 0x2, 0x0,
    0xfe, 0x30, 0x20, 0xf, 0x8, 0x0, 0x48, 0x50,
    0x3, 0x98, 0x2, 0x80, 0xa4, 0x0, 0x96, 0x0,
    0x25, 0x71, 0xbd, 0xbe, 0xa3, 0x0, 0xd1, 0x68,
    0x48, 0x71, 0x80, 0x20, 0x12, 0x5f, 0xfb, 0x5c,
    0xc1, 0x40, 0x68, 0xc0, 0x31, 0x70, 0x70, 0x22,
    0xe7, 0x65, 0xee, 0x89, 0x54, 0xb, 0xae, 0x46,
    0x86, 0x95, 0x40,

    /* U+0068 "h" */
    0x3f, 0xb0, 0xf, 0xff, 0x1, 0x57, 0x7f, 0x48,
    0x80, 0x4d, 0xaa, 0x66, 0x16, 0xc0, 0x8, 0x8f,
    0x75, 0x9c, 0x44, 0x70, 0xb, 0x88, 0x0, 0x32,
    0x16, 0x0, 0x22, 0x0, 0x65, 0x1, 0x0, 0x30,
    0x7, 0x8, 0x18, 0x7, 0xff, 0xac,

    /* U+0069 "i" */
    0x3e, 0xb0, 0x41, 0x40, 0x77, 0x50, 0x2, 0x14,
    0xf, 0xec, 0x3, 0xff, 0xba,

    /* U+006A "j" */
    0x0, 0x8b, 0xb0, 0x3, 0x38, 0x99, 0x0, 0x4b,
    0x12, 0x40, 0x19, 0xd8, 0x3, 0xf, 0xe8, 0x7,
    0xff, 0xfc, 0x3, 0xca, 0xc, 0xf, 0x97, 0x60,
    0xe0, 0x1, 0x21, 0x4a, 0x80,

    /* U+006B "k" */
    0x3f, 0xb0, 0xf, 0xff, 0x41, 0x6f, 0xa8, 0x7,
    0xc5, 0x85, 0x2a, 0x1, 0xe3, 0xc1, 0x96, 0x0,
    0xf1, 0xe0, 0xcb, 0x0, 0x79, 0x30, 0x19, 0x80,
    0x1e, 0x5b, 0x0, 0x31, 0x0, 0x78, 0x42, 0xd8,
    0x3c, 0x3, 0xeb, 0x49, 0x32, 0xa0, 0xe, 0x44,
    0x0, 0x34, 0x55, 0x80, 0x3f, 0xd, 0x4, 0x90,
    0x7, 0xe4, 0x80, 0xf0,

    /* U+006C "l" */
    0x3f, 0xb0, 0xf, 0xfe, 0xf0,

    /* U+006D "m" */
    0x3f, 0xa2, 0xae, 0xfd, 0x70, 0x2, 0xe7, 0xfb,
    0x14, 0x3, 0x3e, 0xa2, 0xa1, 0x45, 0xd5, 0x9,
    0x4c, 0xd4, 0xe0, 0x11, 0x27, 0x5d, 0xb4, 0x51,
    0x5b, 0xab, 0x2c, 0x20, 0x40, 0x2a, 0x0, 0x89,
    0x80, 0x64, 0x2, 0x44, 0x2, 0x0, 0xc, 0x40,
    0x36, 0x82, 0x0, 0x71, 0x81, 0x80, 0x1c, 0x3,
    0xe3, 0x0, 0xff, 0xff, 0x80, 0x7f, 0xf4, 0x0,

    /* U+006E "n" */
    0x3f, 0xa2, 0xae, 0xfe, 0x91, 0x0, 0x9f, 0x55,
    0x48, 0xd, 0x80, 0x11, 0x27, 0x5d, 0xb8, 0xc9,
    0xc0, 0x2a, 0x10, 0xa, 0x2, 0xc0, 0x6, 0x20,
    0x19, 0x40, 0x40, 0xe, 0x1, 0xc2, 0x6, 0x1,
    0xff, 0xeb,

    /* U+006F "o" */
    0x0, 0x92, 0xfb, 0xfa, 0x48, 0x3, 0x45, 0xa1,
    0x98, 0x1b, 0x50, 0x0, 0xae, 0x39, 0xb9, 0xd2,
    0x16, 0x21, 0x1, 0x46, 0x1, 0x33, 0x84, 0x89,
    0xa, 0x0, 0x75, 0x82, 0x18, 0x10, 0x7, 0x88,
    0x4, 0xc0, 0x80, 0x3c, 0x40, 0x22, 0x31, 0x40,
    0xe, 0xa0, 0x40, 0x90, 0xa3, 0x0, 0x99, 0x81,
    0x20, 0xb0, 0x39, 0xb9, 0xd2, 0x16, 0x20, 0x7,
    0xb4, 0x33, 0x3, 0x6a, 0x0,

    /* U+0070 "p" */
    0x3f, 0xa1, 0x9e, 0xfe, 0x92, 0x0, 0xcd, 0xec,
    0x66, 0x6, 0xd4, 0x0, 0x8c, 0x33, 0x73, 0xa0,
    0x28, 0x40, 0x2d, 0x30, 0x9, 0xd4, 0x58, 0x0,
    0x46, 0x1, 0xdc, 0x18, 0x0, 0x10, 0xf, 0x30,
    0x38, 0x0, 0x40, 0x3c, 0xc0, 0xe0, 0x2, 0x30,
    0xe, 0xe0, 0xc0, 0xb, 0x4c, 0x2, 0x75, 0x16,
    0x0, 0x10, 0x66, 0xe7, 0x40, 0x50, 0x80, 0x1b,
    0xd8, 0xcc, 0xd, 0xa8, 0x1, 0x86, 0x7b, 0xfa,
    0x48, 0x3, 0xff, 0xb4,

    /* U+0071 "q" */
    0x0, 0x96, 0xff, 0xda, 0xe1, 0xfa, 0x0, 0x9a,
    0x42, 0x33, 0x45, 0x80, 0x4a, 0xc3, 0x9b, 0x9d,
    0x8, 0x1, 0x40, 0x51, 0x80, 0x4e, 0xc0, 0x1,
    0x21, 0x40, 0xe, 0xa0, 0x1, 0x81, 0x0, 0x78,
    0x80, 0x6, 0x4, 0x1, 0xe2, 0x0, 0x9, 0xa,
    0x0, 0x75, 0x0, 0x50, 0x14, 0x60, 0x13, 0xb0,
    0x4, 0xac, 0x39, 0xb9, 0xd0, 0x80, 0x1a, 0x69,
    0x8, 0xcd, 0x34, 0x1, 0xcb, 0x7f, 0xed, 0x60,
    0xf, 0xfe, 0xd8,

    /* U+0072 "r" */
    0x3f, 0xa2, 0xae, 0x80, 0x3, 0x62, 0x9f, 0x0,
    0xc, 0xdb, 0xa6, 0x0, 0xbc, 0x80, 0x31, 0x10,
    0x3, 0x98, 0x3, 0xff, 0xb6,

    /* U+0073 "s" */
    0x0, 0x36, 0x7f, 0xba, 0xd4, 0x1, 0x32, 0x34,
    0x41, 0xa4, 0x0, 0xb0, 0xf5, 0xdb, 0x75, 0xc0,
    0x60, 0x42, 0x1, 0x11, 0x81, 0x9, 0xe3, 0x18,
    0x7, 0x62, 0x1c, 0xe7, 0xd9, 0x80, 0xa, 0xfa,
    0xe1, 0x11, 0x84, 0x1, 0xa, 0x3d, 0xb0, 0x20,
    0x49, 0x80, 0x62, 0x3, 0x56, 0xce, 0xbb, 0x72,
    0x1a, 0xaa, 0x94, 0x11, 0x6, 0xf8, 0x0,

    /* U+0074 "t" */
    0x0, 0x3c, 0x0, 0x7a, 0x5c, 0x3, 0xff, 0x81,
    0x7e, 0x21, 0xff, 0xe, 0x28, 0x1, 0x56, 0x17,
    0xa1, 0xa, 0xa8, 0x3, 0xff, 0xbe, 0x40, 0x80,
    0x1d, 0x61, 0x76, 0xd7, 0x0, 0x3c, 0xa, 0x0,
    0x80,

    /* U+0075 "u" */
    0x4f, 0xa0, 0xe, 0x3f, 0xb0, 0xf, 0xff, 0x9b,
    0x80, 0x18, 0x1c, 0x3, 0xb4, 0x0, 0x42, 0x50,
    0x1, 0x33, 0x0, 0x2a, 0x7, 0xec, 0xe9, 0x30,
    0x9, 0x31, 0x4, 0xcd, 0x1c, 0x0,

    /* U+0076 "v" */
    0xd, 0xf2, 0x0, 0xf7, 0x78, 0x2, 0xc2, 0xc0,
    0x39, 0x45, 0x80, 0xc, 0xc, 0x1, 0xdc, 0x16,
    0x1, 0x30, 0x30, 0x4, 0x48, 0x82, 0x0, 0xac,
    0x2c, 0x2, 0xb0, 0xf0, 0xc, 0x48, 0x46, 0x0,
    0x62, 0x40, 0xe, 0xf0, 0x90, 0x60, 0xa0, 0xf,
    0x21, 0x28, 0xd8, 0x30, 0x7, 0xd4, 0x14, 0x4c,
    0x20, 0x1f, 0x30, 0x20, 0x50, 0x7, 0xe1, 0x60,
    0x33, 0x0, 0x60,

    /* U+0077 "w" */
    0xbf, 0x10, 0xe, 0xff, 0x0, 0x70, 0xfd, 0x70,
    0x30, 0x6, 0x50, 0x3, 0x0, 0x67, 0xf, 0x50,
    0xa0, 0xd, 0xc0, 0xd, 0x0, 0xd4, 0x2a, 0xc,
    0x44, 0x0, 0xa, 0x26, 0x10, 0x0, 0x9b, 0x80,
    0x34, 0x28, 0x0, 0xe1, 0xdc, 0x6, 0x0, 0x30,
    0x50, 0x1, 0x5, 0x40, 0x14, 0x2a, 0xa1, 0xa0,
    0x5, 0x9, 0x80, 0x4c, 0x46, 0x46, 0xe0, 0x7,
    0x22, 0x19, 0x30, 0x6, 0xb0, 0xaa, 0x5, 0x0,
    0x28, 0x2a, 0xc2, 0x80, 0x31, 0x93, 0xb1, 0x18,
    0x0, 0xc9, 0x98, 0x64, 0x1, 0xd4, 0x22, 0xa0,
    0xd, 0x42, 0x2b, 0x0, 0xf3, 0x0, 0x18, 0x3,
    0x28, 0x1, 0x80, 0x20,

    /* U+0078 "x" */
    0x2f, 0xe1, 0x0, 0xdb, 0xe6, 0x52, 0x34, 0x1,
    0x51, 0x49, 0x83, 0x2a, 0x38, 0x32, 0xa9, 0x80,
    0x2b, 0x28, 0x59, 0x2b, 0x0, 0xc3, 0xc1, 0x41,
    0xc2, 0x1, 0xc6, 0x80, 0x66, 0x0, 0xf3, 0x20,
    0x1b, 0x0, 0x71, 0x48, 0xe8, 0xc9, 0x0, 0x6f,
    0xa, 0x2a, 0xf, 0x0, 0xa4, 0x9d, 0x1, 0x1c,
    0xa8, 0x15, 0x8e, 0x0, 0x28, 0x35, 0x60,

    /* U+0079 "y" */
    0xd, 0xf2, 0x0, 0xf7, 0x78, 0x2, 0xc2, 0xc0,
    0x39, 0x45, 0xc0, 0xc, 0x2c, 0x1, 0xdc, 0x14,
    0x1, 0x30, 0x38, 0x4, 0x48, 0x82, 0x0, 0xa4,
    0x28, 0x2, 0xb0, 0xf0, 0xc, 0x2a, 0x48, 0x0,
    0x62, 0x40, 0xe, 0x90, 0xf0, 0x60, 0xb0, 0xf,
    0x19, 0x21, 0x58, 0x30, 0x7, 0xd6, 0x1c, 0x4e,
    0x1, 0xf9, 0x84, 0xc2, 0x80, 0x3f, 0x98, 0x10,
    0x80, 0x3f, 0x88, 0x3c, 0x3, 0xc6, 0x0, 0x35,
    0x24, 0x0, 0xe2, 0xcd, 0xbc, 0xe, 0x0, 0xf1,
    0xb1, 0xa1, 0xd9, 0x80, 0x78,

    /* U+007A "z" */
    0x1f, 0xff, 0xd0, 0x2a, 0xbe, 0x0, 0x68, 0x55,
    0x71, 0x83, 0x28, 0x7, 0x33, 0xe, 0x40, 0x38,
    0xe4, 0x74, 0x3, 0x87, 0x82, 0x84, 0x3, 0xa8,
    0xa1, 0x0, 0x39, 0xd1, 0xe, 0x1, 0xc9, 0x5,
    0x40, 0x1c, 0x34, 0x3, 0x75, 0x59, 0x88, 0x40,
    0xd5, 0x7b, 0x40,

    /* U+007B "{" */
    0x0, 0x26, 0x7d, 0x0, 0x2c, 0xcd, 0x80, 0x60,
    0x78, 0xc0, 0xe0, 0xc0, 0x1f, 0xfc, 0xe8, 0x90,
    0xc0, 0x2, 0x90, 0xa0, 0x3, 0x64, 0x6c, 0x2,
    0x20, 0x30, 0xf, 0xfe, 0x7b, 0x83, 0x0, 0x46,
    0x27, 0x8c, 0x0, 0xd3, 0x36, 0x0,

    /* U+007C "|" */
    0xee, 0x0, 0x7f, 0xf6, 0x0,

    /* U+007D "}" */
    0xaf, 0xd4, 0x0, 0x62, 0x15, 0x88, 0x35, 0xa0,
    0x28, 0x4, 0x20, 0x1f, 0xfc, 0xb3, 0x1, 0x0,
    0xbc, 0x2e, 0x0, 0x8, 0x22, 0x50, 0x5, 0x8c,
    0x68, 0x0, 0xc0, 0xc0, 0x3f, 0xf9, 0xec, 0xe,
    0xd, 0x86, 0x26, 0x18, 0x66, 0xd0, 0x0,

    /* U+007E "~" */
    0x2, 0x76, 0x0, 0xcc, 0x65, 0xb1, 0x3a, 0x40,
    0x9, 0x5b, 0x2e, 0xc0, 0xd9, 0xc0, 0x75, 0xa1,
    0x3c, 0x56, 0x2a, 0x10,

    /* U+00B0 "°" */
    0x0, 0x3e, 0xf5, 0x8, 0x1, 0xea, 0x70, 0x30,
    0x1, 0x3c, 0x85, 0x40, 0xa2, 0x23, 0x0, 0x9c,
    0x84, 0x8, 0x2, 0x72, 0x6, 0xe1, 0x8, 0x35,
    0x9, 0x6e, 0xf5, 0xd0, 0xa, 0xbb, 0x9a, 0x60,

    /* U+0400 "Ѐ" */
    0x1, 0xcf, 0x70, 0xf, 0x87, 0x1e, 0x20, 0x1,
    0xfa, 0x2c, 0x8, 0x3, 0xf2, 0x41, 0x0, 0x6d,
    0xff, 0xfe, 0x10, 0x1, 0x19, 0xfc, 0x20, 0xe,
    0xcc, 0xf8, 0x3, 0xff, 0xb1, 0x9f, 0xfe, 0x30,
    0x8, 0xcf, 0xe1, 0x0, 0xbf, 0x33, 0xc4, 0x1,
    0xff, 0xd8, 0xec, 0xcf, 0x90, 0x0, 0x46, 0x7f,
    0x8,

    /* U+0401 "Ё" */
    0x0, 0x47, 0x10, 0x66, 0x0, 0x38, 0x44, 0x0,
    0x21, 0x0, 0xe9, 0xe2, 0xe, 0xd0, 0xf, 0x8,
    0x7, 0xdb, 0xff, 0xfc, 0x20, 0x2, 0x33, 0xf8,
    0x40, 0x1d, 0x99, 0xf0, 0x7, 0xff, 0x63, 0x3f,
    0xfc, 0x60, 0x11, 0x9f, 0xc2, 0x1, 0x7e, 0x67,
    0x88, 0x3, 0xff, 0xb1, 0xd9, 0x9f, 0x20, 0x0,
    0x8c, 0xfe, 0x10,

    /* U+0402 "Ђ" */
    0xbf, 0xff, 0xf9, 0x0, 0x22, 0x33, 0xc0, 0x3,
    0x3e, 0x70, 0xa, 0x73, 0x30, 0x86, 0x67, 0x18,
    0x7, 0xff, 0x7c, 0x95, 0xdc, 0xa2, 0x1, 0xfd,
    0xdb, 0x51, 0xa, 0xe6, 0x0, 0xfc, 0x6f, 0x79,
    0x6c, 0x12, 0x80, 0x1f, 0x6c, 0x21, 0xa4, 0xc0,
    0x78, 0x7, 0xff, 0x5, 0x81, 0x40, 0x3f, 0xf8,
    0x26, 0x6, 0x1, 0xff, 0xc1, 0x80, 0x40, 0xf,
    0xe2, 0xa9, 0xd5, 0x1b, 0x0, 0xfe, 0x45, 0x62,
    0x4c, 0x20, 0xe, 0xef, 0x0, 0x37, 0x6f, 0xd9,
    0x0,

    /* U+0403 "Ѓ" */
    0x0, 0xeb, 0xf9, 0x0, 0xf6, 0x2d, 0x48, 0x7,
    0x2d, 0xe2, 0x80, 0x79, 0x5c, 0x80, 0x36, 0xff,
    0xfe, 0x50, 0x1, 0x19, 0xf8, 0x40, 0x1f, 0x99,
    0xe4, 0x0, 0xff, 0xff, 0x80, 0x7f, 0xf5, 0xc0,

    /* U+0404 "Є" */
    0x0, 0x8a, 0x37, 0xfd, 0xd4, 0x80, 0x19, 0xb5,
    0xc8, 0x48, 0x56, 0xec, 0x20, 0xd2, 0xd, 0xbd,
    0xbf, 0x88, 0x82, 0x19, 0xa, 0x92, 0x0, 0x8e,
    0xf4, 0xe4, 0x15, 0x40, 0x1f, 0x10, 0x20, 0x70,
    0x7, 0xf8, 0x82, 0xff, 0xfb, 0x80, 0x3c, 0x8a,
    0xbc, 0xe0, 0x18, 0x83, 0xea, 0xba, 0x40, 0x32,
    0x7, 0x0, 0x7f, 0xa4, 0x15, 0x40, 0x1f, 0x20,
    0xc, 0x85, 0x49, 0x0, 0x49, 0xb6, 0x80, 0xd2,
    0xd, 0xbd, 0xbf, 0x64, 0x88, 0x0, 0x37, 0x39,
    0x9, 0xa, 0xdd, 0x80,

    /* U+0405 "Ѕ" */
    0x0, 0x9a, 0xfb, 0xfd, 0x90, 0x40, 0x15, 0xca,
    0x1a, 0x19, 0x9f, 0x40, 0xc, 0x85, 0xba, 0xbc,
    0xfb, 0x70, 0x6, 0x4, 0x10, 0x6, 0x48, 0x0,
    0xc6, 0x1, 0xfd, 0xc1, 0x2e, 0x20, 0x1f, 0x24,
    0x84, 0x76, 0xca, 0x80, 0x73, 0x7d, 0x29, 0xb5,
    0x73, 0x0, 0x72, 0xd7, 0x6b, 0x8c, 0xa8, 0x7,
    0xc5, 0x12, 0x1c, 0x2, 0x1, 0xf1, 0x0, 0x57,
    0x88, 0x1, 0x8a, 0x3, 0x0, 0xcd, 0x7f, 0x98,
    0xdd, 0x1a, 0x38, 0x4e, 0xb9, 0x19, 0xe9, 0xb0,

    /* U+0406 "І" */
    0xdf, 0x20, 0xf, 0xfe, 0xd8,

    /* U+0407 "Ї" */
    0x8e, 0x10, 0xdc, 0x21, 0x30, 0x31, 0xae, 0x20,
    0xed, 0x1, 0x0, 0xf7, 0x78, 0x80, 0x7f, 0xff,
    0xc0, 0x30,

    /* U+0408 "Ј" */
    0x3, 0xff, 0xf6, 0x80, 0x99, 0xe2, 0x0, 0x8b,
    0x33, 0x78, 0x7, 0xff, 0xd0, 0x40, 0x80, 0x33,
    0x3, 0xa6, 0xb0, 0x5, 0x1, 0x8e, 0x13, 0xd9,
    0xe6, 0x2c, 0x7a, 0xc0, 0x62, 0xbe, 0x20,

    /* U+0409 "Љ" */
    0x0, 0x93, 0xff, 0xfb, 0x0, 0x3f, 0xf8, 0x42,
    0x67, 0xc2, 0x1, 0xff, 0xc2, 0x10, 0x9c, 0xce,
    0x90, 0xf, 0xfe, 0x20, 0x80, 0x7f, 0xf2, 0xc,
    0xc, 0x3, 0xe2, 0xaa, 0xd2, 0xe4, 0x1, 0xc2,
    0x1, 0xfc, 0x2a, 0xb9, 0xa3, 0x60, 0x3, 0xc2,
    0x1, 0xf1, 0xff, 0xee, 0x90, 0x75, 0x0, 0xb8,
    0x1c, 0x3, 0xff, 0x80, 0x2d, 0x21, 0xc0, 0x11,
    0x80, 0x80, 0x7f, 0xf0, 0x9c, 0x14, 0x2, 0x70,
    0x20, 0xf, 0xfe, 0x38, 0x91, 0x0, 0x3f, 0xf8,
    0x6e, 0x4, 0x0, 0xb0, 0x50, 0xf, 0xfe, 0x13,
    0x48, 0x54, 0xfa, 0x84, 0x80, 0x7e, 0x3e, 0xed,
    0xf2, 0x8, 0xc6, 0x5, 0x62, 0x1, 0xfc, 0x23,
    0xc9, 0x36, 0x0,

    /* U+040A "Њ" */
    0xdf, 0x20, 0xf, 0x17, 0xf8, 0x3, 0xff, 0xfe,
    0x1, 0xff, 0xc8, 0xfc, 0xcf, 0x78, 0x3, 0x33,
    0xa9, 0x40, 0x31, 0x19, 0xf8, 0x80, 0x6, 0x7c,
    0xb5, 0x60, 0x16, 0xff, 0xfb, 0x40, 0x1f, 0xfb,
    0xa4, 0x11, 0xc0, 0x3f, 0xf8, 0x82, 0xd2, 0x16,
    0x1, 0xff, 0xc6, 0x40, 0x10, 0xf, 0xfe, 0x33,
    0x0, 0x80, 0x7f, 0xf1, 0x46, 0x2, 0xc0, 0x3f,
    0xf8, 0x15, 0x5a, 0xf8, 0xcc, 0xe0, 0x1f, 0xfc,
    0x5, 0x5c, 0x87, 0x18, 0x0,

    /* U+040B "Ћ" */
    0xcf, 0xff, 0xf8, 0xc0, 0x25, 0x33, 0xc0, 0x3,
    0x3e, 0x10, 0xa, 0x73, 0x30, 0x3, 0x33, 0x88,
    0x3, 0xff, 0xbc, 0x4f, 0x79, 0x8a, 0x40, 0xf,
    0xed, 0x84, 0x33, 0x2d, 0xc8, 0x7, 0xe4, 0xae,
    0xfe, 0x70, 0x65, 0x0, 0xfa, 0xd4, 0x40, 0x61,
    0xc3, 0x80, 0x3f, 0xf8, 0x36, 0xc, 0x1, 0xff,
    0xc1, 0x10, 0xf, 0xff, 0x30,

    /* U+040C "Ќ" */
    0x0, 0xe3, 0xee, 0x20, 0x7, 0xc9, 0x8b, 0xe8,
    0x1, 0xf1, 0xcd, 0x88, 0x7, 0xe7, 0x60, 0xf,
    0x6f, 0x90, 0x7, 0xb7, 0xd0, 0x3, 0xf4, 0x93,
    0xa0, 0x7, 0xca, 0xc7, 0x0, 0x1f, 0xd, 0x8e,
    0x80, 0x7e, 0xd1, 0xa1, 0x0, 0xfa, 0xd, 0xd0,
    0x3, 0xb7, 0xfc, 0xe5, 0x0, 0x1e, 0x22, 0x80,
    0x8c, 0x3, 0xdf, 0xba, 0x90, 0xe0, 0xf, 0xe6,
    0x42, 0xa0, 0xf, 0xea, 0x15, 0x50, 0x7, 0xe1,
    0xd0, 0xa2, 0x0, 0xfc, 0x6e, 0x1c, 0x1, 0xfd,
    0x6, 0x68,

    /* U+040D "Ѝ" */
    0x0, 0xd, 0xfc, 0x0, 0x7f, 0xd, 0xc3, 0xc8,
    0x7, 0xf9, 0xf0, 0x4c, 0x3, 0xfc, 0x70, 0x60,
    0x1d, 0xbe, 0x40, 0x1e, 0x1e, 0xf4, 0x0, 0xfe,
    0xa1, 0x0, 0xff, 0x3a, 0x0, 0x7f, 0x92, 0x0,
    0x80, 0x3f, 0xd, 0x5, 0x30, 0x7, 0xed, 0x17,
    0x50, 0xf, 0xd0, 0x66, 0x80, 0xf, 0xca, 0xe3,
    0xa0, 0x1f, 0x8a, 0x82, 0x84, 0x3, 0xe1, 0xf0,
    0x84, 0x0, 0xfd, 0xe4, 0x8e, 0x1, 0xfc, 0x65,
    0x40, 0x1f, 0xf7, 0x8, 0x7, 0xfa, 0x4c, 0x3,
    0xf8,

    /* U+040E "Ў" */
    0x0, 0x91, 0x80, 0x21, 0x81, 0x0, 0xf1, 0x4a,
    0x80, 0xdb, 0x80, 0x7c, 0xcc, 0xaf, 0xe4, 0xb1,
    0x0, 0xfa, 0x7f, 0x7b, 0x88, 0x1, 0xfe, 0x21,
    0x0, 0xf3, 0x7d, 0x80, 0x7e, 0x9f, 0x56, 0x24,
    0x30, 0xf, 0x13, 0x12, 0x84, 0x7, 0x80, 0x7a,
    0x2, 0x40, 0xa, 0x66, 0x40, 0xc, 0x6a, 0x88,
    0x0, 0xa0, 0x20, 0x3, 0x78, 0x40, 0x6, 0x44,
    0x1a, 0x80, 0x10, 0xd4, 0xc0, 0x3a, 0x2, 0x0,
    0x10, 0x16, 0x1, 0xe3, 0x52, 0x55, 0x1b, 0x88,
    0x7, 0xd0, 0x11, 0x1, 0x90, 0xf, 0xc4, 0xc4,
    0x49, 0x10, 0xf, 0xea, 0x2, 0x70, 0xf, 0xe1,
    0xf0, 0x80, 0xf, 0xdb, 0x7e, 0x6a, 0xa0, 0xf,
    0x88, 0x10, 0x1e, 0x80, 0x3e,

    /* U+040F "Џ" */
    0xdf, 0x20, 0xf, 0xbf, 0xc0, 0x1f, 0xff, 0xf0,
    0xf, 0xff, 0x7f, 0xe6, 0x7c, 0x1, 0x88, 0xcf,
    0xe0, 0x6, 0xff, 0xe2, 0xf, 0xfe, 0x0, 0xff,
    0xe8, 0xdc, 0x0, 0x70,

    /* U+0410 "А" */
    0x0, 0xf5, 0x7e, 0x0, 0x7f, 0xc2, 0xa0, 0x66,
    0x0, 0xff, 0x48, 0x30, 0x40, 0x7, 0xf9, 0xc6,
    0x4d, 0x8, 0x3, 0xf3, 0x84, 0x84, 0x85, 0x80,
    0x7e, 0x90, 0x60, 0x51, 0x61, 0x0, 0xf2, 0x8b,
    0x8, 0x2, 0x42, 0x40, 0x3d, 0x1, 0x60, 0x13,
    0x3, 0x0, 0x72, 0x12, 0x10, 0x4, 0x2c, 0x2c,
    0x1, 0xbc, 0x13, 0xff, 0x98, 0x2c, 0x2, 0x24,
    0x15, 0x5f, 0x88, 0x8a, 0x0, 0x80, 0x8a, 0xaf,
    0xa4, 0x24, 0x5, 0x45, 0x80, 0x3e, 0x42, 0x33,
    0x48, 0x30, 0x7, 0xf5, 0x84, 0x0,

    /* U+0411 "Б" */
    0xdf, 0xff, 0xeb, 0x0, 0x8c, 0xff, 0x80, 0x2e,
    0xcc, 0xfa, 0x0, 0x3f, 0xf9, 0xf1, 0x55, 0x4c,
    0x98, 0x40, 0x32, 0xae, 0x66, 0x4f, 0x28, 0x5,
    0xbf, 0xfb, 0x5c, 0x28, 0x80, 0x3e, 0x28, 0x60,
    0xa0, 0xf, 0xef, 0x1, 0x0, 0xfe, 0xe0, 0x10,
    0xf, 0xc6, 0xc1, 0x60, 0x8, 0xaa, 0xd9, 0x81,
    0x73, 0x0, 0x2a, 0xf1, 0x25, 0xc0, 0x0,

    /* U+0412 "В" */
    0xdf, 0xff, 0x75, 0xa0, 0x6, 0x55, 0xe3, 0x4b,
    0x60, 0xa, 0x2a, 0xb6, 0xc0, 0x40, 0x7, 0xf3,
    0x80, 0x88, 0x3, 0xf0, 0x80, 0x88, 0x3, 0xe3,
    0xa0, 0xb0, 0xb, 0x7f, 0xf6, 0x23, 0xa8, 0x4,
    0xac, 0xd9, 0x45, 0xf0, 0x2, 0x89, 0x9d, 0x5c,
    0x87, 0x0, 0x1f, 0xde, 0x6, 0x1, 0xff, 0xc9,
    0x80, 0x30, 0x4, 0x55, 0x6b, 0xf3, 0x29, 0x0,
    0x2a, 0xf2, 0x1c, 0x68, 0x80,

    /* U+0413 "Г" */
    0xdf, 0xff, 0xca, 0x0, 0x23, 0x3f, 0x8, 0x3,
    0xf3, 0x3c, 0x80, 0x1f, 0xff, 0xf0, 0xf, 0xfe,
    0xb8,

    /* U+0414 "Д" */
    0x0, 0x9b, 0xff, 0xf9, 0xc0, 0x3e, 0x23, 0x3e,
    0x10, 0xf, 0x84, 0x23, 0x33, 0x98, 0x3, 0xf8,
    0x40, 0x3f, 0xf8, 0x3e, 0xe, 0x1, 0xff, 0xc1,
    0x10, 0xf, 0xfe, 0x19, 0x80, 0x80, 0x7f, 0xf0,
    0x44, 0x8, 0x3, 0xff, 0x82, 0xc2, 0x1, 0xff,
    0xc2, 0x22, 0x0, 0x7f, 0xf0, 0x50, 0x10, 0x3,
    0xff, 0x83, 0x1, 0x40, 0x1f, 0xf4, 0xf1, 0x87,
    0x66, 0x79, 0x82, 0x71, 0x88, 0x40, 0x6, 0x7f,
    0x8, 0x9, 0xf0, 0x3, 0x7f, 0xff, 0xd4, 0x1,
    0xff, 0xd6,

    /* U+0415 "Е" */
    0xdf, 0xff, 0xe1, 0x0, 0x11, 0x9f, 0xc2, 0x0,
    0xec, 0xcf, 0x80, 0x3f, 0xfb, 0x19, 0xff, 0xe3,
    0x0, 0x8c, 0xfe, 0x10, 0xb, 0xf3, 0x3c, 0x40,
    0x1f, 0xfd, 0x8e, 0xcc, 0xf9, 0x0, 0x4, 0x67,
    0xf0, 0x80,

    /* U+0416 "Ж" */
    0x1e, 0xf3, 0x0, 0xeb, 0xf4, 0x0, 0xe9, 0xf8,
    0x1, 0xb0, 0xf0, 0xf, 0xfe, 0x1, 0xb1, 0x40,
    0x1, 0x54, 0x6c, 0x1, 0xff, 0x70, 0x48, 0x6,
    0xb0, 0x91, 0x0, 0xfe, 0x72, 0x54, 0x0, 0xc3,
    0x21, 0x60, 0x1f, 0x8a, 0x6, 0xc0, 0x3c, 0xc6,
    0xa8, 0x1, 0xf4, 0x85, 0x88, 0x7, 0xde, 0x17,
    0xfe, 0x40, 0xbf, 0xf2, 0x1a, 0x80, 0x7e, 0xb0,
    0x12, 0x20, 0x0, 0x8a, 0x3, 0x20, 0xf, 0x89,
    0xc3, 0x76, 0x40, 0x9d, 0xd3, 0x4, 0x80, 0x7d,
    0xc0, 0xe6, 0x1, 0xf4, 0xa, 0x28, 0x7, 0x31,
    0x8c, 0x0, 0x7e, 0x1b, 0xb, 0x10, 0x8, 0x64,
    0x28, 0x3, 0xfc, 0xa8, 0x36, 0x1, 0x58, 0x2a,
    0x0, 0x7f, 0xd2, 0xa, 0x80, 0xaa, 0xb, 0x0,
    0xff, 0xe0, 0x14, 0x4, 0x80,

    /* U+0417 "З" */
    0x2, 0x8c, 0xef, 0xf6, 0x40, 0x80, 0xb, 0x5c,
    0xce, 0x23, 0x7f, 0x20, 0x28, 0xcf, 0xdc, 0xde,
    0x51, 0x90, 0x3, 0x98, 0x6, 0x1b, 0x5, 0x0,
    0xfe, 0x70, 0x20, 0x8, 0x6a, 0xab, 0xd9, 0x8,
    0x0, 0x8d, 0x56, 0x42, 0x6, 0x40, 0x8, 0xbf,
    0xf6, 0xb3, 0x28, 0x3, 0xf1, 0x4a, 0x2a, 0x0,
    0x7f, 0x18, 0x18, 0x80, 0x7e, 0x30, 0x5, 0xe2,
    0x0, 0x74, 0x20, 0x28, 0x1d, 0xfe, 0xe6, 0xfb,
    0x85, 0x15, 0x63, 0x11, 0xc, 0x88, 0xda, 0xa0,

    /* U+0418 "И" */
    0xdf, 0x20, 0xf, 0xf, 0x7a, 0x0, 0x7f, 0x50,
    0x80, 0x7f, 0x9d, 0x0, 0x3f, 0xc9, 0x0, 0x40,
    0x1f, 0x86, 0x82, 0x98, 0x3, 0xf6, 0x8b, 0xa8,
    0x7, 0xe8, 0x33, 0x40, 0x7, 0xe5, 0x71, 0xd0,
    0xf, 0xc5, 0x41, 0x42, 0x1, 0xf0, 0xf8, 0x42,
    0x0, 0x7e, 0xf2, 0x47, 0x0, 0xfe, 0x32, 0xa0,
    0xf, 0xfb, 0x84, 0x3, 0xfd, 0x26, 0x1, 0xfc,

    /* U+0419 "Й" */
    0x0, 0x17, 0xb8, 0x0, 0xfa, 0x0, 0x38, 0xa6,
    0x5f, 0xec, 0x49, 0x0, 0xf3, 0x77, 0x37, 0xe8,
    0x40, 0x3f, 0x9, 0x0, 0x7b, 0x7c, 0x80, 0x3c,
    0x3d, 0xe8, 0x1, 0xfd, 0x42, 0x1, 0xfe, 0x74,
    0x0, 0xff, 0x24, 0x1, 0x0, 0x7e, 0x1a, 0xa,
    0x60, 0xf, 0xda, 0x2e, 0xa0, 0x1f, 0xa0, 0xcd,
    0x0, 0x1f, 0x95, 0xc7, 0x40, 0x3f, 0x15, 0x5,
    0x8, 0x7, 0xc3, 0xe1, 0x8, 0x1, 0xfb, 0xc9,
    0x1c, 0x3, 0xf8, 0xca, 0x80, 0x3f, 0xee, 0x10,
    0xf, 0xf4, 0x98, 0x7, 0xf0,

    /* U+041A "К" */
    0xdf, 0x20, 0xf, 0x6f, 0xa0, 0x7, 0xe9, 0x27,
    0x40, 0xf, 0x95, 0x8e, 0x0, 0x3e, 0x1b, 0x1d,
    0x0, 0xfd, 0xa3, 0x42, 0x1, 0xf4, 0x1b, 0xa0,
    0x7, 0x6f, 0xf9, 0xca, 0x0, 0x3c, 0x45, 0x1,
    0x18, 0x7, 0xbf, 0x75, 0x21, 0xc0, 0x1f, 0xcc,
    0x85, 0x40, 0x1f, 0xd4, 0x2a, 0xa0, 0xf, 0xc3,
    0xa1, 0x44, 0x1, 0xf8, 0xdc, 0x38, 0x3, 0xfa,
    0xc, 0xd0,

    /* U+041B "Л" */
    0x0, 0x93, 0xff, 0xfa, 0x80, 0x38, 0x4c, 0xf8,
    0x80, 0x38, 0x42, 0x73, 0x3a, 0x0, 0x3e, 0x10,
    0xf, 0xf8, 0xc0, 0xc0, 0x3f, 0xe1, 0x0, 0xff,
    0xe1, 0x88, 0x7, 0xfd, 0xc0, 0xe0, 0x1f, 0xf1,
    0x80, 0x80, 0x7f, 0xce, 0x4, 0x1, 0xfe, 0x12,
    0x20, 0x7, 0xfd, 0x60, 0xa0, 0x1f, 0xd3, 0xea,
    0x12, 0x1, 0xfc, 0x60, 0x56, 0x20, 0x1f, 0xc0,

    /* U+041C "М" */
    0xdf, 0x20, 0xf, 0xf6, 0xf8, 0x80, 0x24, 0x3,
    0xf9, 0xc8, 0x3, 0x22, 0x0, 0x3e, 0x18, 0x0,
    0xf4, 0x80, 0x7d, 0x60, 0x1e, 0x62, 0x70, 0xe,
    0x35, 0x42, 0x0, 0xd6, 0x30, 0x20, 0x1b, 0xc2,
    0x40, 0x38, 0xec, 0x2c, 0x2, 0x63, 0x72, 0x0,
    0xf2, 0xa2, 0xa0, 0x2, 0x6, 0x0, 0x3f, 0x48,
    0x48, 0x48, 0xd8, 0x7, 0xf1, 0x39, 0x4b, 0x22,
    0x80, 0x7f, 0xa0, 0x58, 0x24, 0x3, 0xff, 0x81,
    0x60, 0xe4, 0x1, 0xff, 0xc0, 0x5b, 0x80, 0xf,
    0xfe, 0x12, 0x0, 0x7e,

    /* U+041D "Н" */
    0xdf, 0x30, 0xf, 0xb3, 0xcc, 0x3, 0xff, 0xef,
    0x9f, 0xff, 0x18, 0x6, 0x23, 0x3f, 0x80, 0x3b,
    0xb3, 0x3e, 0x30, 0xf, 0xff, 0xb8,

    /* U+041E "О" */
    0x0, 0x85, 0xf3, 0xbf, 0xb1, 0xc0, 0x3c, 0x9f,
    0x6, 0x4, 0x7, 0x1c, 0x80, 0x12, 0xd8, 0xb6,
    0xf6, 0xf6, 0xa8, 0xda, 0x0, 0xd0, 0x4c, 0x88,
    0x2, 0x2a, 0x80, 0xa1, 0x90, 0x56, 0x0, 0xf9,
    0xd0, 0x59, 0x42, 0x40, 0x3f, 0xb8, 0x30, 0x80,
    0xc0, 0x3f, 0x9c, 0x14, 0x3, 0xff, 0x86, 0x40,
    0x60, 0x1f, 0xce, 0xa, 0xa0, 0x90, 0xf, 0xee,
    0xc, 0x90, 0x56, 0x0, 0xf9, 0xd0, 0x58, 0x68,
    0x26, 0x88, 0x2, 0x3a, 0x80, 0xa1, 0x5, 0xb1,
    0x5d, 0xed, 0xec, 0x51, 0xb4, 0x0, 0x93, 0xe0,
    0xc0, 0x80, 0xe3, 0x90, 0x0,

    /* U+041F "П" */
    0xdf, 0xff, 0xf8, 0xc0, 0x4, 0x67, 0xf0, 0x7,
    0x7e, 0x67, 0xc8, 0x1, 0xff, 0xff, 0x0, 0xff,
    0xfd, 0x0,

    /* U+0420 "Р" */
    0xdf, 0xff, 0x6c, 0x8, 0x6, 0x23, 0x38, 0x88,
    0xfe, 0x60, 0x17, 0x66, 0x5b, 0xca, 0x3c, 0x1,
    0xf8, 0x68, 0x88, 0x80, 0x1f, 0xca, 0x6, 0x1,
    0xfc, 0x20, 0x1f, 0xf3, 0x82, 0x0, 0x78, 0x53,
    0x44, 0xcc, 0x0, 0xcf, 0xfb, 0xac, 0x8f, 0x40,
    0x22, 0x33, 0x91, 0xaf, 0x4, 0x2, 0xec, 0xca,
    0xe5, 0x0, 0x3f, 0xfb, 0x60,

    /* U+0421 "С" */
    0x0, 0x85, 0xf3, 0xbf, 0xad, 0x80, 0x32, 0xfc,
    0x18, 0x10, 0x24, 0xe9, 0x2, 0xd0, 0xae, 0xf6,
    0xf6, 0xa9, 0x20, 0xd0, 0x4d, 0x10, 0x4, 0x55,
    0x8d, 0x20, 0xac, 0x1, 0xf1, 0x82, 0x7, 0x0,
    0x7f, 0x88, 0x14, 0x3, 0xff, 0x96, 0x40, 0xa0,
    0x1f, 0xe4, 0xe, 0x0, 0xff, 0x48, 0x2b, 0x0,
    0x7c, 0x60, 0x34, 0x13, 0x46, 0x1, 0x15, 0x63,
    0x82, 0xd8, 0xae, 0x76, 0xf6, 0xa9, 0x28, 0x1,
    0x3e, 0xc, 0x48, 0x12, 0x74, 0x80,

    /* U+0422 "Т" */
    0xbf, 0xff, 0xf6, 0x11, 0x9e, 0x0, 0x19, 0xe6,
    0x9c, 0xcc, 0x0, 0xcc, 0xd4, 0x1, 0xff, 0xff,
    0x0, 0xff, 0xf6, 0x80,

    /* U+0423 "У" */
    0x6f, 0xb0, 0xf, 0xd3, 0xea, 0xc4, 0x86, 0x1,
    0xe2, 0x62, 0x50, 0x80, 0xf0, 0xf, 0x40, 0x48,
    0x1, 0x4c, 0xc8, 0x1, 0x8d, 0x51, 0x0, 0x14,
    0x4, 0x0, 0x6f, 0x8, 0x0, 0xc8, 0x83, 0x50,
    0x2, 0x1a, 0x98, 0x7, 0x40, 0x40, 0x2, 0x2,
    0xc0, 0x3c, 0x6a, 0x4a, 0xa3, 0x71, 0x0, 0xfa,
    0x2, 0x20, 0x32, 0x1, 0xf8, 0x98, 0x89, 0x22,
    0x1, 0xfd, 0x40, 0x4e, 0x1, 0xfc, 0x3e, 0x10,
    0x1, 0xfb, 0x6f, 0xcd, 0x54, 0x1, 0xf1, 0x2,
    0x3, 0xd0, 0x7, 0xc0,

    /* U+0424 "Ф" */
    0x0, 0xfd, 0x5e, 0x60, 0x1f, 0xfc, 0x2, 0x68,
    0x40, 0x97, 0x40, 0xf, 0xc9, 0x9b, 0x2e, 0x20,
    0xb1, 0x7f, 0x22, 0x1, 0x9e, 0xcd, 0x6b, 0x94,
    0x2f, 0x64, 0x9b, 0x4, 0x0, 0x90, 0x39, 0x4a,
    0x20, 0x7, 0x26, 0xd6, 0x2d, 0x0, 0x78, 0x59,
    0x80, 0x7f, 0x49, 0x1a, 0x2, 0x2, 0x80, 0x7f,
    0xd4, 0x18, 0x20, 0x40, 0x1f, 0xfc, 0x2, 0x1,
    0x10, 0x18, 0x7, 0xff, 0x0, 0xc0, 0x22, 0x12,
    0x0, 0xff, 0xb0, 0x3c, 0x28, 0x38, 0x3, 0xfc,
    0x6a, 0xe, 0xe, 0x66, 0xc4, 0x0, 0xf9, 0xf0,
    0x28, 0x40, 0x1a, 0xa7, 0x7d, 0x68, 0x11, 0x9f,
    0x3, 0x4a, 0x1, 0xd, 0x63, 0x92, 0x88, 0x21,
    0x24, 0xf2, 0x80, 0x78, 0xe3, 0x39, 0x43, 0x3a,
    0xd8, 0x3, 0xff, 0x81, 0xee, 0x40, 0x1f, 0x0,

    /* U+0425 "Х" */
    0x1e, 0xf5, 0x0, 0xe2, 0xff, 0x20, 0xd, 0x5,
    0x8, 0x6, 0xe0, 0x64, 0x0, 0x23, 0x6, 0x80,
    0x4e, 0x65, 0x20, 0x1a, 0x48, 0xdc, 0xe, 0x3,
    0x80, 0x3d, 0xc1, 0x9, 0xc1, 0x6, 0x1, 0xe3,
    0x80, 0xb2, 0x37, 0x0, 0xfc, 0xe6, 0x0, 0xe0,
    0xf, 0xe2, 0x30, 0x2, 0x80, 0x7f, 0x70, 0x18,
    0x41, 0x0, 0x7c, 0xe6, 0x58, 0xc1, 0xe0, 0x1e,
    0x38, 0xf, 0x9, 0x22, 0x48, 0x7, 0x70, 0x49,
    0x0, 0x3c, 0x19, 0x0, 0x29, 0x24, 0x60, 0x8,
    0xa4, 0x28, 0x41, 0x18, 0x68, 0x3, 0x99, 0x6,
    0xc0,

    /* U+0426 "Ц" */
    0xdf, 0x20, 0xf, 0xbf, 0xc0, 0x1f, 0xff, 0xf0,
    0xf, 0xff, 0xf8, 0x7, 0xff, 0x23, 0xf3, 0x3e,
    0x0, 0x66, 0x4, 0x0, 0x46, 0x7f, 0x0, 0xc,
    0xc1, 0xbf, 0xff, 0xf1, 0x80, 0x7f, 0xf8, 0x29,
    0xc4,

    /* U+0427 "Ч" */
    0x4f, 0xb0, 0xf, 0xb3, 0xc8, 0x3, 0xff, 0xd0,
    0xc0, 0x80, 0x1f, 0xe2, 0x20, 0x59, 0x0, 0x42,
    0xc4, 0x1, 0x70, 0x26, 0xf6, 0xf7, 0x24, 0x40,
    0x23, 0xd6, 0x21, 0x20, 0x5a, 0x20, 0xc, 0x53,
    0xbf, 0xee, 0xa5, 0x10, 0xf, 0xff, 0x50,

    /* U+0428 "Ш" */
    0xdf, 0x20, 0xe, 0xff, 0x0, 0x71, 0xfd, 0x80,
    0x7f, 0xff, 0xc0, 0x3f, 0xff, 0xe0, 0x1f, 0xfe,
    0x6f, 0xcc, 0xe0, 0x6, 0x67, 0x70, 0x6, 0x23,
    0x3e, 0x0, 0x19, 0xf1, 0x0, 0x0,

    /* U+0429 "Щ" */
    0xdf, 0x20, 0xe, 0xff, 0x0, 0x71, 0xfd, 0x80,
    0x7f, 0xff, 0xc0, 0x3f, 0xff, 0xe0, 0x1f, 0xff,
    0xef, 0xcc, 0xe0, 0x6, 0x67, 0x70, 0x26, 0x50,
    0x0, 0x8c, 0xf8, 0x0, 0x67, 0xc4, 0x0, 0x37,
    0xdf, 0xff, 0xfe, 0x28, 0x7, 0xff, 0x78,

    /* U+042A "Ъ" */
    0xbf, 0xfe, 0x70, 0xf, 0xe2, 0x33, 0x84, 0x3,
    0xfe, 0x9c, 0xc9, 0x80, 0x3f, 0xfa, 0xb7, 0x55,
    0xa5, 0x84, 0x3, 0xf1, 0xaa, 0xe6, 0x9e, 0x50,
    0xf, 0xa3, 0xff, 0x6b, 0x85, 0x10, 0x7, 0xfc,
    0x50, 0xc1, 0x60, 0x1f, 0xfc, 0x1d, 0x2, 0x0,
    0xff, 0xe8, 0x98, 0x10, 0x7, 0xff, 0x0, 0xe0,
    0x28, 0x3, 0xd7, 0x55, 0xb3, 0x0, 0xe6, 0x1,
    0xe3, 0x55, 0xc4, 0x97, 0x0,

    /* U+042B "Ы" */
    0xdf, 0x20, 0xf, 0xf2, 0x7d, 0x80, 0x7f, 0xf9,
    0xa2, 0xaa, 0x98, 0x50, 0xf, 0xe5, 0x5c, 0xcf,
    0x5a, 0x40, 0x1f, 0x6f, 0xfe, 0xc4, 0x2f, 0x0,
    0xff, 0xe0, 0x1d, 0x91, 0x10, 0x3, 0xff, 0x82,
    0x80, 0x60, 0x1f, 0xfc, 0x11, 0x0, 0xff, 0xe1,
    0xa0, 0x10, 0x7, 0xff, 0x1, 0xcc, 0x54, 0x3,
    0xd1, 0x55, 0xba, 0x2, 0x80, 0x3e, 0x55, 0xe3,
    0x6d, 0x40, 0xe,

    /* U+042C "Ь" */
    0xdf, 0x20, 0xf, 0xff, 0x1c, 0x55, 0x53, 0xa,
    0x1, 0xca, 0xb9, 0x9e, 0xb4, 0x80, 0x2d, 0xff,
    0xd8, 0x85, 0xe0, 0x1f, 0x8e, 0xc8, 0x88, 0x1,
    0xfc, 0x80, 0x60, 0x1f, 0xc2, 0x1, 0xff, 0x20,
    0x10, 0x7, 0xe7, 0x31, 0x50, 0x4, 0x55, 0x6e,
    0x80, 0xa0, 0x9, 0x57, 0x8d, 0xb5, 0x0,

    /* U+042D "Э" */
    0x0, 0x1c, 0xef, 0xfb, 0x64, 0x80, 0x3a, 0x71,
    0x88, 0x82, 0x4d, 0xb0, 0x1, 0x13, 0x95, 0x7e,
    0xf7, 0x20, 0x1e, 0x0, 0x5, 0x9a, 0xa0, 0x10,
    0xbd, 0x83, 0x98, 0x0, 0x80, 0x3e, 0x47, 0x9,
    0x0, 0xff, 0xa8, 0x10, 0x3, 0xb3, 0xff, 0xb4,
    0x4, 0x3, 0x91, 0x3e, 0x0, 0xfa, 0x2e, 0xfa,
    0x40, 0x40, 0x3f, 0xea, 0x4, 0x0, 0x10, 0x7,
    0xc8, 0xe1, 0x20, 0x59, 0xaa, 0x1, 0xc, 0x58,
    0x39, 0x81, 0x39, 0x57, 0xf7, 0x4e, 0x11, 0x0,
    0xa, 0x71, 0x88, 0x44, 0x4d, 0xae, 0x1, 0x0,

    /* U+042E "Ю" */
    0xdf, 0x20, 0xe, 0x4a, 0xef, 0xf6, 0x40, 0x80,
    0x7f, 0xaa, 0xd4, 0x48, 0x4d, 0xf9, 0x40, 0x3f,
    0x5a, 0x8d, 0x7e, 0xf6, 0xb0, 0x52, 0x80, 0x79,
    0xd0, 0x7d, 0x40, 0x22, 0x99, 0x5, 0x8, 0x7,
    0x48, 0x50, 0x80, 0x79, 0x90, 0x18, 0x3, 0x10,
    0x89, 0x0, 0x3f, 0x78, 0x58, 0x3, 0x7f, 0x41,
    0x40, 0x3f, 0x94, 0x8, 0x0, 0x44, 0x10, 0xf,
    0xfe, 0x27, 0xee, 0x2, 0x80, 0x7f, 0x28, 0x10,
    0x6, 0x21, 0x12, 0x80, 0x7e, 0xf0, 0xb0, 0xe,
    0x80, 0xb1, 0x0, 0xf3, 0x20, 0x30, 0x7, 0x32,
    0xf, 0xb0, 0x4, 0x53, 0x20, 0xa1, 0x0, 0xf5,
    0xa8, 0xcf, 0xf7, 0x35, 0x82, 0x94, 0x3, 0xf5,
    0x5a, 0x88, 0xc6, 0xfc, 0xa0, 0x0,

    /* U+042F "Я" */
    0x0, 0x1d, 0x77, 0xff, 0x9c, 0x1f, 0x14, 0x48,
    0xce, 0x10, 0x2, 0x40, 0x57, 0xee, 0x64, 0xc0,
    0xe, 0x8, 0x50, 0xf, 0xce, 0x8, 0x1, 0xfc,
    0x20, 0x1f, 0xf3, 0x5, 0x0, 0x7f, 0x48, 0x34,
    0x10, 0x7, 0xc7, 0x40, 0xfb, 0xff, 0x9c, 0x2,
    0x5e, 0x0, 0x22, 0x61, 0x0, 0xcc, 0xd, 0x77,
    0x98, 0x2, 0x38, 0x29, 0x0, 0xfd, 0xc1, 0x20,
    0x1f, 0xa0, 0x99, 0x0, 0x3f, 0x0,

    /* U+0430 "а" */
    0x0, 0x2d, 0xf7, 0xfa, 0xd0, 0x2, 0x8a, 0x42,
    0x42, 0x4b, 0x50, 0x5, 0x37, 0x65, 0xec, 0x85,
    0x80, 0xa, 0x44, 0x2, 0x62, 0x11, 0x0, 0x61,
    0x1e, 0x3, 0x0, 0x4f, 0x77, 0x18, 0x8, 0x53,
    0x2d, 0x5d, 0xc4, 0x1, 0x28, 0xda, 0xa2, 0x42,
    0x1, 0x84, 0x3, 0x19, 0x80, 0x27, 0xd, 0x76,
    0x9c, 0x10, 0xa, 0x24, 0x22, 0x56, 0x90, 0x0,

    /* U+0431 "б" */
    0x0, 0xfe, 0x33, 0x0, 0x79, 0x23, 0x3f, 0x24,
    0x3, 0x47, 0xdb, 0x98, 0xaf, 0x80, 0x58, 0xe2,
    0xd5, 0xdc, 0xa5, 0x0, 0x51, 0xaf, 0x4a, 0x88,
    0x6, 0x25, 0x2a, 0x0, 0xfc, 0xa1, 0x67, 0x7f,
    0xed, 0x81, 0x0, 0x68, 0x76, 0x21, 0x14, 0xf8,
    0x20, 0x20, 0xed, 0xdb, 0xae, 0x42, 0xa0, 0x70,
    0x39, 0x10, 0x0, 0xd8, 0xa1, 0x38, 0x58, 0x7,
    0x90, 0x1c, 0xc0, 0x3f, 0xec, 0xb, 0x0, 0xf2,
    0x3, 0xa1, 0x1c, 0x80, 0x6b, 0x15, 0x20, 0xf1,
    0x6e, 0xbb, 0x7a, 0x1d, 0x80, 0xb, 0xd8, 0x11,
    0x7, 0x18, 0x20,

    /* U+0432 "в" */
    0x2f, 0xff, 0x62, 0x80, 0x62, 0x77, 0x98, 0xe9,
    0x80, 0x26, 0x88, 0xa6, 0xc3, 0x40, 0x3f, 0x38,
    0x7, 0x38, 0x8c, 0x7e, 0x1e, 0x1, 0x1f, 0x75,
    0x86, 0xc8, 0x1, 0x15, 0xdd, 0x4a, 0xd6, 0x1,
    0x32, 0x24, 0xb4, 0x48, 0x20, 0x1f, 0x8c, 0x3,
    0x34, 0x45, 0x3a, 0x28, 0x20, 0x2, 0x77, 0x98,
    0x1e, 0xc0,

    /* U+0433 "г" */
    0x2f, 0xff, 0xa8, 0x2, 0x44, 0xed, 0x0, 0x1d,
    0xdf, 0x38, 0x7, 0xff, 0xf0,

    /* U+0434 "д" */
    0x0, 0x1f, 0xff, 0xe0, 0xc, 0xe0, 0x48, 0x98,
    0x3, 0xf5, 0x5d, 0xe1, 0x0, 0xe1, 0x1, 0x0,
    0xff, 0x18, 0x18, 0x7, 0xf8, 0x40, 0x40, 0x3f,
    0xdc, 0xe, 0x1, 0xfe, 0x40, 0x30, 0xf, 0xe3,
    0x24, 0x0, 0xfe, 0x9c, 0x7, 0xbb, 0xe1, 0xb,
    0x74, 0x0, 0x1a, 0x27, 0x0, 0x13, 0x40, 0x1f,
    0xff, 0xb4, 0x3, 0xff, 0x87, 0x70, 0x1, 0xf8,
    0xdf, 0xc0,

    /* U+0435 "е" */
    0x0, 0x92, 0xff, 0xda, 0xe0, 0x1d, 0x16, 0x86,
    0x87, 0x18, 0x1, 0x2b, 0x96, 0xe5, 0xf3, 0x1c,
    0x80, 0x24, 0x3c, 0x80, 0x29, 0x36, 0x10, 0x32,
    0x31, 0x1e, 0x40, 0x41, 0x2, 0xee, 0xf3, 0x81,
    0x88, 0xd, 0xdf, 0xe7, 0x3, 0x10, 0x44, 0xf8,
    0x42, 0x2, 0x90, 0x2, 0x2b, 0x20, 0x2, 0x40,
    0xdf, 0x66, 0xe9, 0x14, 0x2, 0x7c, 0x50, 0x33,
    0x25, 0xb8, 0x0,

    /* U+0436 "ж" */
    0x2f, 0xd0, 0xc, 0xfe, 0xe0, 0x1b, 0xbc, 0x88,
    0xc4, 0xe0, 0x1f, 0xce, 0x2e, 0x41, 0x23, 0x2,
    0x1, 0xf0, 0xc0, 0xc0, 0x5, 0x1, 0x0, 0x1f,
    0x58, 0x58, 0x6, 0x63, 0x63, 0x0, 0xe3, 0x53,
    0x50, 0xe, 0x80, 0xcf, 0x80, 0x8f, 0xc0, 0x80,
    0xf, 0x78, 0x1a, 0x10, 0x12, 0x10, 0x70, 0x7,
    0x32, 0x16, 0x5d, 0x5, 0x5e, 0x92, 0xa8, 0x2,
    0x19, 0xe, 0x0, 0xfa, 0x42, 0xc4, 0x1, 0x40,
    0xe6, 0x1, 0xf2, 0x30, 0xd0, 0x32, 0x14, 0x0,
    0x7f, 0x49, 0x23, 0x0,

    /* U+0437 "з" */
    0x3, 0x9e, 0xff, 0x6c, 0x8, 0x3, 0x98, 0xd0,
    0xc9, 0xf0, 0x42, 0x77, 0x57, 0x9e, 0x64, 0xc0,
    0x84, 0x1, 0xac, 0x3, 0x84, 0x44, 0xb2, 0x4c,
    0x1, 0x77, 0x36, 0x86, 0x44, 0x2, 0xbb, 0xa4,
    0xad, 0x40, 0x24, 0x49, 0xb8, 0x24, 0x18, 0x40,
    0x35, 0x83, 0xa4, 0xf6, 0xdd, 0xb9, 0xc6, 0x12,
    0xd4, 0x11, 0x6, 0xde, 0x60,

    /* U+0438 "и" */
    0x2f, 0xc0, 0xe, 0x2f, 0xf0, 0x7, 0xe1, 0xf0,
    0xf, 0xf5, 0x10, 0x7, 0xf4, 0x22, 0x88, 0x7,
    0xca, 0xe5, 0x40, 0x1f, 0x1d, 0xf, 0x80, 0x7c,
    0x3a, 0x14, 0x40, 0x1f, 0x68, 0xc2, 0x0, 0x7c,
    0x66, 0x57, 0x0, 0xfe, 0x3a, 0x0, 0xfe, 0x1d,
    0x0, 0xfc,

    /* U+0439 "й" */
    0x0, 0x27, 0x80, 0x4d, 0xc0, 0x1c, 0x81, 0x20,
    0x56, 0x80, 0x1e, 0xb7, 0xfd, 0x1b, 0x0, 0xf2,
    0x76, 0xf6, 0x8, 0x4, 0x5f, 0x80, 0x2, 0x10,
    0x2f, 0xf0, 0x7, 0xe1, 0xf0, 0xf, 0xf5, 0x10,
    0x7, 0xf4, 0x22, 0x88, 0x7, 0xca, 0xe5, 0x40,
    0x1f, 0x1d, 0xf, 0x80, 0x7c, 0x3a, 0x14, 0x40,
    0x1f, 0x68, 0xc2, 0x0, 0x7c, 0x66, 0x57, 0x0,
    0xfe, 0x3a, 0x0, 0xfe, 0x1d, 0x0, 0xfc,

    /* U+043A "к" */
    0x2f, 0xc0, 0xe, 0xdf, 0x30, 0xf, 0xa4, 0xa0,
    0xc0, 0x3c, 0x8c, 0x8e, 0x1, 0xe1, 0xa1, 0xa0,
    0xf, 0xac, 0x6c, 0x40, 0x31, 0xff, 0x95, 0x14,
    0x3, 0xc8, 0x80, 0x43, 0x0, 0xe3, 0xbb, 0x50,
    0x68, 0x80, 0x7c, 0xae, 0x3a, 0x1, 0xfa, 0x14,
    0xe4, 0x3, 0xf5, 0x13, 0x30,

    /* U+043B "л" */
    0x0, 0x1f, 0xff, 0xe0, 0x3, 0x81, 0x22, 0x60,
    0xf, 0x55, 0xde, 0x0, 0xc2, 0x2, 0x1, 0xf8,
    0xc0, 0xc0, 0x3f, 0x8, 0x8, 0x7, 0xee, 0x6,
    0x0, 0xfc, 0x40, 0x40, 0x1f, 0x12, 0x18, 0x7,
    0xd5, 0xa1, 0x40, 0x1f, 0x30, 0x33, 0x0, 0x3e,

    /* U+043C "м" */
    0x2f, 0xf1, 0x0, 0x78, 0x7b, 0xc4, 0x2, 0x80,
    0xf, 0x40, 0x80, 0x72, 0x98, 0x6, 0x26, 0x0,
    0xe4, 0xf, 0x0, 0xd2, 0x8, 0x1, 0x86, 0xd,
    0x40, 0xa, 0x90, 0x20, 0x1c, 0xe5, 0x60, 0x8,
    0x27, 0x0, 0xfa, 0x5, 0xdc, 0x52, 0x1, 0xf9,
    0x4e, 0x20, 0x88, 0x0, 0xfe, 0xf0, 0x4, 0x80,
    0x7f, 0x8d, 0xe0, 0x80, 0x3f, 0xe8, 0x70, 0xf,
    0x0,

    /* U+043D "н" */
    0x2f, 0xc0, 0xe, 0x3f, 0xb0, 0xf, 0xff, 0x11,
    0xff, 0xf6, 0x0, 0x61, 0x44, 0xe3, 0x0, 0xc5,
    0x77, 0xde, 0x1, 0xff, 0xd7,

    /* U+043E "о" */
    0x0, 0x8e, 0xfb, 0xfa, 0x48, 0x3, 0x3e, 0x21,
    0x98, 0x1b, 0x50, 0x0, 0x90, 0x37, 0xb9, 0xd2,
    0x16, 0x41, 0x1, 0x68, 0x1, 0x33, 0x85, 0x81,
    0x8a, 0x80, 0x75, 0x2, 0x8, 0x18, 0x7, 0x88,
    0xc, 0x40, 0xc0, 0x3c, 0x40, 0x60, 0x62, 0xa0,
    0x1d, 0x40, 0x81, 0x1, 0x68, 0x1, 0x33, 0x84,
    0x2, 0x40, 0xde, 0xe7, 0x48, 0x58, 0x80, 0x1f,
    0x10, 0xcc, 0xd, 0xa8, 0x0,

    /* U+043F "п" */
    0x2f, 0xff, 0xeb, 0x0, 0x91, 0x38, 0xc0, 0x31,
    0xdd, 0xf7, 0x80, 0x7f, 0xff, 0xc0, 0x3f, 0xf8,
    0x60,

    /* U+0440 "р" */
    0x2f, 0xb1, 0x9e, 0xfe, 0xa2, 0x0, 0xcd, 0xec,
    0x66, 0x5, 0xd4, 0x0, 0x88, 0x33, 0x73, 0xa0,
    0x2c, 0x40, 0x2a, 0x30, 0x9, 0xd8, 0x24, 0x0,
    0x28, 0x1, 0xd4, 0x8, 0x0, 0x20, 0xf, 0x10,
    0x8, 0x0, 0x80, 0x3c, 0x40, 0x20, 0x1, 0x40,
    0xe, 0xa0, 0x40, 0xa, 0x8c, 0x2, 0x76, 0x9,
    0x0, 0x10, 0x66, 0xe7, 0x40, 0x58, 0x80, 0x7,
    0xd8, 0xcc, 0xb, 0xa8, 0x1, 0x86, 0x7b, 0xfa,
    0x88, 0x3, 0xff, 0xb4,

    /* U+0441 "с" */
    0x0, 0x8e, 0xbb, 0xfa, 0x88, 0x2, 0x7c, 0x53,
    0x30, 0x2e, 0x98, 0x24, 0xd, 0xee, 0x74, 0x82,
    0x84, 0x5, 0xa0, 0x4, 0xdc, 0xc0, 0x62, 0xa0,
    0x1c, 0x20, 0x20, 0x60, 0x1f, 0x84, 0xc, 0x3,
    0xf8, 0xc5, 0x40, 0x38, 0x40, 0x10, 0x16, 0x80,
    0x13, 0x73, 0x82, 0x40, 0xde, 0xe7, 0x48, 0x20,
    0x1, 0xf1, 0x4c, 0xc0, 0xba, 0x60,

    /* U+0442 "т" */
    0xef, 0xff, 0xd8, 0x89, 0x80, 0x8, 0x9a, 0xae,
    0xe0, 0x1b, 0xba, 0x0, 0x3f, 0xff, 0xe0, 0x1c,

    /* U+0443 "у" */
    0xb, 0xf4, 0x0, 0xf6, 0x78, 0x87, 0x87, 0x80,
    0x71, 0x99, 0x44, 0x10, 0x90, 0x80, 0x35, 0x4,
    0x80, 0x56, 0x16, 0x1, 0xb, 0x11, 0x80, 0x4c,
    0xc, 0x1, 0x30, 0x58, 0x7, 0x38, 0x30, 0x2,
    0x85, 0x80, 0x3a, 0x82, 0xc1, 0x9, 0x80, 0x3c,
    0x48, 0x49, 0xe1, 0x20, 0x1f, 0x78, 0x42, 0x28,
    0x80, 0x7c, 0x84, 0x61, 0xc0, 0x1f, 0xd6, 0x4,
    0x80, 0x1f, 0xdc, 0x16, 0x1, 0xe3, 0x0, 0x13,
    0x8b, 0x0, 0x70, 0xe6, 0xde, 0x85, 0x80, 0x78,
    0x5c, 0xd0, 0xa9, 0x40, 0x3c,

    /* U+0444 "ф" */
    0x0, 0xfb, 0xbc, 0x3, 0xff, 0xdc, 0x51, 0x9c,
    0x21, 0xd9, 0x4, 0x1, 0xcd, 0xae, 0x66, 0x0,
    0x19, 0x9f, 0x5c, 0x2, 0x59, 0x9, 0xfd, 0x10,
    0xdf, 0x91, 0x86, 0x0, 0x40, 0x5b, 0x0, 0x79,
    0xb4, 0x20, 0x4, 0x85, 0x0, 0x3f, 0x19, 0x84,
    0x8c, 0x8, 0x3, 0xfc, 0xc0, 0x24, 0x4, 0x1,
    0xfe, 0x60, 0x10, 0x31, 0x50, 0xf, 0xc6, 0x61,
    0x20, 0x80, 0xa6, 0x0, 0xf3, 0x68, 0x58, 0x1,
    0x24, 0x27, 0xf0, 0x43, 0x3e, 0x46, 0x14, 0x2,
    0x6d, 0x73, 0x30, 0x0, 0x8d, 0xf5, 0xc0, 0x38,
    0xa3, 0x3c, 0x43, 0xb2, 0x8, 0x3, 0xff, 0xce,

    /* U+0445 "х" */
    0x4f, 0xd0, 0xc, 0x3d, 0xe4, 0x8e, 0x52, 0x1,
    0x50, 0xd1, 0x4, 0x1b, 0x28, 0x3a, 0x32, 0x80,
    0x5a, 0x34, 0xd0, 0x52, 0x1, 0x86, 0x82, 0x43,
    0xc0, 0x3c, 0x84, 0xa, 0x40, 0x1e, 0x72, 0x5,
    0x40, 0xe, 0x38, 0x2d, 0xa, 0x10, 0x8, 0x74,
    0x3c, 0xa8, 0x74, 0x2, 0xa1, 0x92, 0x5, 0x63,
    0x80, 0x74, 0x56, 0x0, 0xa4, 0x9d, 0x0,

    /* U+0446 "ц" */
    0x2f, 0xc0, 0xe, 0x6f, 0x80, 0xf, 0xff, 0xf8,
    0x7, 0xff, 0x54, 0xee, 0xfc, 0xb, 0x64, 0x1,
    0x22, 0x71, 0x1, 0x20, 0x97, 0xff, 0xf2, 0x80,
    0x7f, 0xf3, 0x7d, 0xc8,

    /* U+0447 "ч" */
    0x2f, 0xc0, 0xe, 0x9f, 0x50, 0xf, 0xfe, 0xa9,
    0x81, 0x0, 0x7e, 0x12, 0x19, 0x10, 0x26, 0x70,
    0xb, 0x85, 0xbb, 0xf6, 0x44, 0x2, 0x3f, 0x96,
    0x64, 0x6b, 0x0, 0x61, 0x69, 0x93, 0x90, 0x7,
    0xff, 0x34,

    /* U+0448 "ш" */
    0x2f, 0xc0, 0xd, 0x1e, 0xc0, 0x1b, 0xfc, 0x1,
    0xff, 0xff, 0x0, 0xff, 0xf5, 0x9d, 0xde, 0x60,
    0xbb, 0xe0, 0xe, 0x44, 0xc2, 0x4, 0x89, 0x80,
    0x0,

    /* U+0449 "щ" */
    0x2f, 0xc0, 0xd, 0x1e, 0xc0, 0x1b, 0xfc, 0x1,
    0xff, 0xff, 0x0, 0xff, 0xfe, 0x9d, 0xde, 0x60,
    0xbb, 0xe0, 0x5, 0xb0, 0x4, 0x89, 0x84, 0x9,
    0x13, 0x0, 0x13, 0x8b, 0xff, 0xff, 0x85, 0x60,
    0x1f, 0xfd, 0x76, 0x7c,

    /* U+044A "ъ" */
    0xef, 0xfc, 0x60, 0x1f, 0x22, 0x42, 0x1, 0xfd,
    0x57, 0x65, 0x0, 0xff, 0xe1, 0x31, 0x10, 0x40,
    0x3f, 0xab, 0x75, 0xdf, 0x42, 0x1, 0xe8, 0xaa,
    0x49, 0xad, 0x0, 0x79, 0x15, 0x4d, 0x82, 0x82,
    0x1, 0xfe, 0x20, 0x30, 0xf, 0xe1, 0x30, 0x20,
    0xe, 0xa8, 0x84, 0xf8, 0x38, 0x7, 0x99, 0xdc,
    0xc5, 0x30, 0x0,

    /* U+044B "ы" */
    0x2f, 0xc0, 0xf, 0xd5, 0xe8, 0x1, 0xff, 0xd3,
    0x22, 0x8, 0x80, 0x3f, 0x8f, 0x75, 0xdc, 0xd5,
    0x0, 0xf8, 0xaa, 0xa7, 0x2a, 0x40, 0xf, 0xa,
    0xad, 0x14, 0x1c, 0x1, 0xff, 0x30, 0x30, 0x7,
    0xfd, 0x60, 0xa0, 0x1e, 0x28, 0x8a, 0xdc, 0x2c,
    0x3, 0xc2, 0xef, 0x2a, 0xb4, 0x80, 0x30,

    /* U+044C "ь" */
    0x2f, 0xc0, 0xf, 0xfe, 0x91, 0x14, 0x20, 0x1c,
    0x7b, 0xb7, 0x71, 0xc0, 0x22, 0xaa, 0xa0, 0x21,
    0x80, 0x2, 0xab, 0x3e, 0x85, 0x0, 0x7c, 0x40,
    0x40, 0x1f, 0x38, 0x28, 0x0, 0xa2, 0x2a, 0x90,
    0xf0, 0x0, 0xbb, 0xc8, 0x8c, 0x40,

    /* U+044D "э" */
    0x1, 0x9d, 0xff, 0x63, 0x80, 0x47, 0xcc, 0x2c,
    0xa5, 0x1a, 0x20, 0x69, 0x98, 0x9a, 0xe7, 0x2d,
    0x0, 0x59, 0x80, 0x68, 0x53, 0x40, 0x8, 0x48,
    0xb6, 0x6, 0x0, 0x53, 0xbb, 0xa4, 0x8, 0x2,
    0xaa, 0xe7, 0x2, 0x0, 0x89, 0x57, 0x18, 0x60,
    0x49, 0x80, 0x68, 0x43, 0x43, 0x6c, 0xc5, 0x53,
    0x9c, 0xb4, 0xf, 0x98, 0x55, 0x45, 0x1a, 0x20,

    /* U+044E "ю" */
    0x2f, 0xc0, 0xc, 0x97, 0xfe, 0xd8, 0x10, 0xf,
    0xd1, 0x68, 0x46, 0x4f, 0xe4, 0x1, 0xe5, 0x71,
    0xcd, 0xcf, 0x61, 0xf0, 0xf, 0x40, 0x69, 0x80,
    0x52, 0x64, 0x80, 0x3, 0xdd, 0x10, 0x98, 0x7,
    0x50, 0x60, 0x4, 0x44, 0x2, 0x0, 0xf1, 0x0,
    0x80, 0xf, 0xfc, 0x4, 0x1, 0xe2, 0x1, 0x0,
    0xe3, 0x14, 0x0, 0xea, 0xc, 0x0, 0xe9, 0xa,
    0x30, 0xa, 0x4c, 0xc8, 0x1, 0xca, 0xe3, 0x9b,
    0x9e, 0xc3, 0xc0, 0x1f, 0x45, 0xa1, 0x19, 0x3f,
    0x90, 0x0,

    /* U+044F "я" */
    0x0, 0x15, 0x77, 0xff, 0x28, 0x1e, 0xa8, 0x22,
    0x44, 0x1, 0x78, 0x47, 0x5d, 0xd0, 0x1, 0x10,
    0x38, 0x7, 0xe3, 0x2, 0x0, 0xfc, 0xa1, 0xc8,
    0x23, 0x10, 0x5, 0xe, 0x77, 0xdd, 0x40, 0x6,
    0x83, 0x9, 0xbb, 0x38, 0x6, 0x63, 0x66, 0x22,
    0x34, 0x2, 0x19, 0x18, 0x0, 0xfa, 0x82, 0xc4,
    0x3, 0xc0,

    /* U+0450 "ѐ" */
    0x0, 0xb, 0xc0, 0x80, 0x7e, 0x11, 0x3e, 0x80,
    0x7f, 0x35, 0x9d, 0x80, 0x7f, 0x26, 0x19, 0x80,
    0x3f, 0x8e, 0xc, 0x3, 0xe4, 0xbf, 0xf6, 0xb8,
    0x7, 0x45, 0xa1, 0xa1, 0xc6, 0x0, 0x4a, 0xe5,
    0xb9, 0x7c, 0xc7, 0x20, 0x9, 0xf, 0x20, 0xa,
    0x4d, 0x84, 0xc, 0x8c, 0x47, 0x90, 0x10, 0x40,
    0xbb, 0xbc, 0xe0, 0x62, 0x3, 0x77, 0xf9, 0xc0,
    0xc4, 0x11, 0x3e, 0x10, 0x80, 0xa4, 0x0, 0x8a,
    0xc8, 0x0, 0x90, 0x37, 0xd9, 0xba, 0x45, 0x0,
    0x9f, 0x14, 0xc, 0xc9, 0x6e, 0x0,

    /* U+0451 "ё" */
    0x0, 0x9f, 0xc8, 0x33, 0x40, 0x3d, 0xe0, 0x20,
    0x26, 0x1, 0xe8, 0xe3, 0xd, 0xe0, 0xf, 0x25,
    0x7f, 0xb5, 0xc0, 0x3a, 0x2d, 0xd, 0xe, 0x30,
    0x2, 0x57, 0x2d, 0xcb, 0xe6, 0x39, 0x0, 0x48,
    0x79, 0x0, 0x52, 0x6c, 0x20, 0x64, 0x62, 0x3c,
    0x80, 0x82, 0x5, 0xdd, 0xe7, 0x3, 0x10, 0x1b,
    0xbf, 0xce, 0x6, 0x20, 0x89, 0xf0, 0x84, 0x5,
    0x20, 0x4, 0x56, 0x40, 0x4, 0x81, 0xbe, 0xcd,
    0xd2, 0x28, 0x4, 0xf8, 0xa0, 0x66, 0x4b, 0x70,

    /* U+0452 "ђ" */
    0x0, 0xc, 0x28, 0x7, 0xf0, 0x93, 0xf0, 0x8e,
    0x0, 0xc7, 0xd8, 0x9, 0xdd, 0xa0, 0x2, 0x3b,
    0x90, 0x3b, 0xbd, 0x40, 0x19, 0x10, 0xe, 0x89,
    0x88, 0x3, 0xf0, 0xcf, 0x7f, 0x48, 0x80, 0x73,
    0x7b, 0x19, 0x85, 0xbc, 0x40, 0x31, 0x1e, 0xeb,
    0x38, 0xc6, 0x40, 0x3b, 0xc8, 0x0, 0x3e, 0xa,
    0x1, 0x84, 0x80, 0x31, 0x81, 0x80, 0x62, 0x0,
    0xf8, 0x40, 0x3f, 0xfe, 0xe5, 0xf8, 0x1, 0xf0,
    0x80, 0x7f, 0x8c, 0x8, 0x3, 0xe6, 0xda, 0xd0,
    0xa0, 0xf, 0xc6, 0xa1, 0xc,

    /* U+0453 "ѓ" */
    0x0, 0xe8, 0xfb, 0x10, 0xd, 0x2f, 0x16, 0x20,
    0x11, 0x8e, 0x38, 0x7, 0x1c, 0x18, 0x4, 0x5f,
    0xff, 0x50, 0x4, 0x89, 0xda, 0x0, 0x3b, 0xbe,
    0x70, 0xf, 0xff, 0xe0,

    /* U+0454 "є" */
    0x0, 0x8e, 0xbb, 0xfd, 0x6c, 0x1, 0x9b, 0x14,
    0x95, 0x16, 0x6c, 0x0, 0x92, 0x39, 0x8a, 0xbe,
    0x7e, 0x0, 0x40, 0x69, 0x80, 0x68, 0x50, 0x1,
    0x90, 0x91, 0x60, 0xc, 0x20, 0x5b, 0xbc, 0x1,
    0x84, 0x6, 0xab, 0x80, 0x38, 0xc5, 0x95, 0x70,
    0x7, 0x40, 0x69, 0x80, 0x68, 0x50, 0x2, 0x48,
    0xe6, 0x2a, 0x9c, 0xfc, 0x1, 0x36, 0x29, 0x2a,
    0xd5, 0x60,

    /* U+0455 "ѕ" */
    0x0, 0x1d, 0x77, 0xfb, 0x1c, 0x40, 0xf1, 0x49,
    0xc, 0xd0, 0x41, 0x1, 0x59, 0x79, 0xf6, 0x60,
    0xe0, 0xc0, 0x19, 0x0, 0x8, 0x1b, 0x8, 0x40,
    0x1a, 0x1c, 0x5e, 0xf7, 0x9c, 0x2, 0x8f, 0xc9,
    0x60, 0x88, 0x0, 0x63, 0x69, 0xd0, 0x40, 0x65,
    0x0, 0xcc, 0xe, 0x11, 0x5f, 0x97, 0x94, 0x1e,
    0x18, 0xe4, 0x68, 0x4b, 0x88,

    /* U+0456 "і" */
    0x8, 0x50, 0x67, 0xa1, 0x51, 0x31, 0x3e, 0xc0,
    0xe, 0x2f, 0xc0, 0xf, 0xfe, 0xe8,

    /* U+0457 "ї" */
    0x6f, 0x29, 0xe1, 0x10, 0x9, 0x88, 0x3f, 0x9d,
    0x78, 0x81, 0xfd, 0x80, 0x7f, 0xfc, 0x80,

    /* U+0458 "ј" */
    0x0, 0xd0, 0xa0, 0x19, 0x9e, 0x84, 0x2, 0x41,
    0x31, 0x0, 0x8b, 0xb0, 0x3, 0xfe, 0x2f, 0xc0,
    0xf, 0xff, 0xf8, 0x7, 0x9c, 0x18, 0x23, 0x2e,
    0x83, 0x83, 0xc9, 0xa, 0x90, 0x0,

    /* U+0459 "љ" */
    0x0, 0x1f, 0xff, 0xe0, 0xf, 0xf3, 0x81, 0x22,
    0x60, 0xf, 0xfe, 0x15, 0x5d, 0xe0, 0xf, 0xfe,
    0x0, 0x80, 0x80, 0x78, 0x8a, 0x10, 0xf, 0x18,
    0x18, 0x7, 0xb7, 0x6e, 0xe4, 0x0, 0x61, 0x1,
    0x0, 0xf5, 0x55, 0x26, 0xf2, 0x1, 0x70, 0x30,
    0x7, 0x95, 0x66, 0xc0, 0x60, 0x8, 0x80, 0x80,
    0x3f, 0xc2, 0x1, 0x89, 0xc, 0x3, 0xfe, 0x60,
    0x10, 0xad, 0xa, 0x0, 0xfb, 0x32, 0xe9, 0x8,
    0x6, 0x6, 0x60, 0x7, 0xc6, 0x70, 0xa5, 0xb0,
    0x0,

    /* U+045A "њ" */
    0x2f, 0xc0, 0xe, 0x6f, 0x80, 0xf, 0xff, 0x99,
    0x5d, 0xf8, 0x16, 0xee, 0xa6, 0x0, 0xc2, 0x89,
    0xc4, 0x4, 0x89, 0x2c, 0xe0, 0x4, 0x7f, 0xfd,
    0x20, 0xff, 0xf6, 0x9, 0xa8, 0x7, 0xff, 0x8,
    0xe4, 0x34, 0x3, 0xff, 0x87, 0xa1, 0xc0, 0x1f,
    0xe4, 0x77, 0xad, 0x49, 0x80, 0x3f, 0xc7, 0x11,
    0x2b, 0x60, 0x0,

    /* U+045B "ћ" */
    0x0, 0xc, 0x30, 0x7, 0xf8, 0xde, 0x80, 0x3f,
    0x5f, 0xe8, 0x1f, 0xfe, 0x80, 0xa, 0x76, 0xc0,
    0xb7, 0x74, 0x80, 0x44, 0x46, 0x1, 0x22, 0xc2,
    0x1, 0xf8, 0x67, 0xbf, 0xa4, 0x40, 0x38, 0xbd,
    0x8c, 0xc2, 0xde, 0x20, 0x18, 0x4f, 0x75, 0x9c,
    0x63, 0x20, 0x1d, 0xe4, 0x0, 0x1f, 0x5, 0x0,
    0xc2, 0x40, 0x18, 0xc0, 0xc0, 0x31, 0x0, 0x7c,
    0x20, 0x1f, 0xff, 0x50,

    /* U+045C "ќ" */
    0x0, 0xe3, 0xfe, 0x30, 0xf, 0x26, 0x27, 0x98,
    0x7, 0x8e, 0x6c, 0x40, 0x3e, 0x76, 0x0, 0xe2,
    0xfc, 0x0, 0xed, 0xf3, 0x0, 0xfa, 0x4a, 0xc,
    0x3, 0xc8, 0xc8, 0xe0, 0x1e, 0x1a, 0x1a, 0x0,
    0xfa, 0xc6, 0xc4, 0x3, 0x1f, 0xf9, 0x51, 0x40,
    0x3c, 0x88, 0x4, 0x30, 0xe, 0x3b, 0xb5, 0x6,
    0x88, 0x7, 0xca, 0xe3, 0xa0, 0x1f, 0xa1, 0x4e,
    0x40, 0x3f, 0x51, 0x33, 0x0,

    /* U+045D "ѝ" */
    0x0, 0x27, 0x70, 0xc0, 0x3f, 0x27, 0xae, 0x20,
    0x7, 0xe1, 0xb9, 0x30, 0xf, 0xf3, 0x38, 0x7,
    0x17, 0xe0, 0x7, 0x17, 0xf8, 0x3, 0xf0, 0xf8,
    0x7, 0xfa, 0x88, 0x3, 0xfa, 0x11, 0x44, 0x3,
    0xe5, 0x72, 0xa0, 0xf, 0x8e, 0x87, 0xc0, 0x3e,
    0x1d, 0xa, 0x20, 0xf, 0xb4, 0x61, 0x0, 0x3e,
    0x33, 0x2b, 0x80, 0x7f, 0x1d, 0x0, 0x7f, 0xe,
    0x80, 0x7e,

    /* U+045E "ў" */
    0x0, 0x95, 0x40, 0x13, 0x20, 0x7, 0xb6, 0xcc,
    0x12, 0x48, 0x3, 0xd0, 0xb9, 0xf6, 0xac, 0x1,
    0xf5, 0xf6, 0xfd, 0x0, 0x7f, 0x9, 0x0, 0x7d,
    0x7e, 0x80, 0x1e, 0xcf, 0x10, 0xf0, 0xf0, 0xe,
    0x33, 0x28, 0x82, 0x12, 0x10, 0x6, 0xa0, 0x90,
    0xa, 0xc2, 0xc0, 0x21, 0x62, 0x30, 0x9, 0x81,
    0x80, 0x26, 0xb, 0x0, 0xe7, 0x6, 0x0, 0x50,
    0xb0, 0x7, 0x50, 0x58, 0x21, 0x30, 0x7, 0x89,
    0x9, 0x3c, 0x24, 0x3, 0xef, 0x8, 0x45, 0x10,
    0xf, 0x90, 0x8c, 0x38, 0x3, 0xfa, 0xc0, 0x90,
    0x3, 0xfb, 0x82, 0xc0, 0x3c, 0x60, 0x2, 0x71,
    0x60, 0xe, 0x1c, 0xdb, 0xd0, 0xb0, 0xf, 0xb,
    0x9a, 0x15, 0x28, 0x7, 0x80,

    /* U+045F "џ" */
    0x2f, 0xc0, 0xe, 0xef, 0x0, 0xff, 0xff, 0x80,
    0x7f, 0xf1, 0xe, 0xef, 0x84, 0x3, 0x91, 0x38,
    0x2, 0x2f, 0xfa, 0x2, 0x7f, 0xe0, 0xf, 0xfe,
    0x22, 0x3a, 0x80, 0x60,

    /* U+0462 "Ѣ" */
    0x0, 0xcf, 0x0, 0x1f, 0xfc, 0x29, 0x71, 0x0,
    0xff, 0xe6, 0xd7, 0xfc, 0x21, 0xdf, 0xf2, 0x80,
    0x77, 0xbb, 0xc0, 0x7, 0x7e, 0x0, 0xe5, 0x88,
    0x84, 0x26, 0x22, 0x20, 0xf, 0xfe, 0x7f, 0x7f,
    0xee, 0xb4, 0x0, 0xfc, 0xab, 0xc6, 0x96, 0xe0,
    0x1f, 0x5d, 0x56, 0xda, 0x8, 0x10, 0xf, 0xfe,
    0x2, 0xa0, 0x20, 0x7, 0xff, 0x4, 0x80, 0xc0,
    0x3f, 0xf8, 0x2a, 0x6, 0x1, 0xff, 0xc0, 0x63,
    0x15, 0x0, 0xf5, 0xd5, 0x6d, 0x90, 0xb0, 0xf,
    0x95, 0x78, 0x1b, 0x54, 0x0,

    /* U+0463 "ѣ" */
    0x0, 0x1c, 0x20, 0x7, 0xf2, 0xbe, 0x0, 0x7f,
    0xf7, 0xff, 0xd2, 0xf, 0xff, 0x38, 0x5, 0x10,
    0x50, 0x38, 0x89, 0x0, 0x27, 0x76, 0x2, 0x3b,
    0xc6, 0x1, 0xf0, 0x91, 0x4, 0x3, 0xf3, 0x6e,
    0xbb, 0xf5, 0x0, 0x39, 0x2a, 0xa7, 0x2b, 0x30,
    0xc, 0x6a, 0xb4, 0x40, 0x2c, 0x3, 0xf8, 0x80,
    0x80, 0x3f, 0xbc, 0x34, 0x3, 0x24, 0x45, 0x8a,
    0x2c, 0x1, 0x8d, 0xde, 0x26, 0xf1,

    /* U+046A "Ѫ" */
    0x0, 0x7f, 0xff, 0xf0, 0x80, 0x31, 0x81, 0xb3,
    0x7e, 0x30, 0x30, 0xd, 0x86, 0x6b, 0x99, 0xf5,
    0x99, 0xb0, 0x3, 0xb4, 0xf0, 0x80, 0x31, 0x61,
    0xe0, 0x7, 0x87, 0x4b, 0xc4, 0x0, 0x3e, 0x58,
    0x1, 0xf8, 0x74, 0x30, 0x45, 0x83, 0xa0, 0x1f,
    0xc2, 0xcc, 0x2c, 0xc1, 0x3b, 0x8, 0x7, 0xc9,
    0xf0, 0xa4, 0x59, 0x63, 0x90, 0x3, 0x8a, 0xc6,
    0x7b, 0x40, 0x1b, 0xd2, 0x16, 0x40, 0x1a, 0x2,
    0x58, 0x3, 0xcd, 0x21, 0x20, 0x11, 0x29, 0x30,
    0x7, 0xe6, 0x24, 0x20, 0x5, 0x85, 0x0, 0x7f,
    0xa8, 0x2c, 0x0, 0xc0, 0xc0, 0x1f, 0xe6, 0x6,
    0x6, 0x5, 0x10, 0xf, 0xf0, 0xa8, 0x30,

    /* U+046B "ѫ" */
    0x7, 0xff, 0xff, 0x38, 0x1, 0x0, 0x66, 0x7c,
    0x20, 0x80, 0x3, 0xa1, 0xf6, 0x6d, 0xe3, 0x46,
    0x1, 0x2c, 0x34, 0x0, 0x21, 0xa1, 0x40, 0x39,
    0xd9, 0xe1, 0xdc, 0xce, 0x1, 0xe3, 0x0, 0x3c,
    0x1, 0xa0, 0x7, 0x36, 0x3a, 0x0, 0x11, 0x17,
    0x0, 0x11, 0x49, 0x7d, 0x91, 0x2f, 0x91, 0xd0,
    0x1, 0x1, 0xc2, 0x1, 0xd2, 0x1e, 0x2, 0xa6,
    0x60, 0xf, 0x12, 0x20, 0x98, 0x28, 0x3, 0xf7,
    0x85, 0x80,

    /* U+0472 "Ѳ" */
    0x0, 0x85, 0xf3, 0xbf, 0xb1, 0xc0, 0x3c, 0x9f,
    0x6, 0x4, 0x7, 0x1c, 0x80, 0x12, 0xd8, 0xc7,
    0x73, 0x7b, 0x5c, 0x6d, 0x0, 0x68, 0x75, 0xc4,
    0x2, 0x28, 0xc0, 0xa1, 0x90, 0x82, 0x0, 0xf8,
    0xe0, 0x59, 0x43, 0x6a, 0xbf, 0xb0, 0x30, 0x81,
    0x15, 0x7f, 0x90, 0x14, 0x1, 0xbf, 0xff, 0xd8,
    0x0, 0x20, 0x40, 0xf, 0xe4, 0x5, 0x50, 0x58,
    0x7, 0xf4, 0x86, 0x48, 0x14, 0x80, 0x7d, 0x42,
    0x26, 0x1a, 0x6, 0xb3, 0x0, 0x8f, 0x14, 0x28,
    0x41, 0x6c, 0x53, 0x3b, 0x7f, 0xc, 0x6d, 0x0,
    0x24, 0xf8, 0x30, 0x21, 0x38, 0xe4, 0x0, 0x0,

    /* U+0473 "ѳ" */
    0x0, 0x8e, 0xfb, 0xfa, 0x48, 0x3, 0x3e, 0x21,
    0x98, 0x1b, 0x50, 0x0, 0x90, 0x37, 0xb9, 0xd2,
    0x16, 0x41, 0x1, 0x48, 0x1, 0x33, 0x85, 0x81,
    0x82, 0x88, 0xf5, 0x82, 0x8, 0x3, 0xbb, 0xd8,
    0x6, 0x20, 0xb, 0xbf, 0x48, 0x18, 0x18, 0xa,
    0x27, 0x70, 0x20, 0x40, 0x5a, 0x0, 0x4c, 0xe1,
    0x0, 0x90, 0x37, 0xb9, 0xd2, 0x16, 0x20, 0x7,
    0xc4, 0x33, 0x3, 0x6a, 0x0,

    /* U+0474 "Ѵ" */
    0x0, 0xff, 0xe0, 0x90, 0xc7, 0xd0, 0x7, 0xe6,
    0xfd, 0xf9, 0x5, 0x10, 0xf, 0x24, 0x80, 0x14,
    0x50, 0x18, 0x3, 0xd0, 0xf, 0xf6, 0x1e, 0x12,
    0x1, 0xc6, 0x61, 0x80, 0x9, 0x8, 0x54, 0x3,
    0x58, 0x48, 0x7, 0x50, 0x70, 0x6, 0x60, 0x60,
    0xe, 0x60, 0x42, 0x0, 0x20, 0xa0, 0x80, 0x70,
    0xa8, 0x50, 0x3, 0x83, 0x40, 0x3e, 0x90, 0x60,
    0x2, 0x83, 0x0, 0x7c, 0x66, 0x16, 0x60, 0x28,
    0x7, 0xf5, 0x5, 0x68, 0x70, 0x7, 0xf3, 0x1,
    0xa0, 0xa0, 0x7, 0xf9, 0x80, 0xc, 0x1, 0xff,
    0x58, 0x2, 0x80, 0x3c,

    /* U+0475 "ѵ" */
    0x0, 0xff, 0x10, 0x5f, 0xb0, 0x7, 0x16, 0xeb,
    0x3c, 0x2c, 0x3, 0xa4, 0x81, 0x90, 0x88, 0x80,
    0x11, 0x20, 0xf5, 0x5, 0x87, 0x0, 0x54, 0x12,
    0x20, 0x6, 0x5, 0x10, 0x2, 0x83, 0x0, 0x66,
    0x6, 0x3, 0x24, 0x10, 0xd, 0x61, 0x21, 0x41,
    0xc0, 0x1c, 0x48, 0x2a, 0xe0, 0xa0, 0x1e, 0xe0,
    0xb1, 0x60, 0xf, 0x94, 0x44, 0x14, 0x1, 0xfa,
    0x40, 0x8c, 0x3, 0x0,

    /* U+048A "Ҋ" */
    0x0, 0x17, 0xc0, 0x0, 0xfa, 0x0, 0x3e, 0x29,
    0x6f, 0xf6, 0x2c, 0x80, 0x7e, 0x6e, 0xe6, 0xfd,
    0x88, 0x7, 0xf8, 0x48, 0x3, 0xf6, 0xf9, 0x0,
    0x78, 0x7b, 0xd0, 0x3, 0xfe, 0xa1, 0x0, 0xff,
    0xe0, 0x3a, 0x0, 0x7f, 0xf0, 0x12, 0x0, 0x80,
    0x3f, 0xc3, 0x41, 0x4c, 0x1, 0xfe, 0xd1, 0x75,
    0x0, 0xff, 0x41, 0x9a, 0x0, 0x3f, 0xca, 0xe3,
    0xa0, 0x1f, 0xe2, 0xa0, 0xa1, 0x0, 0xfe, 0x1f,
    0x8, 0x40, 0xf, 0xf7, 0x92, 0x38, 0x7, 0xfc,
    0x65, 0x40, 0x1f, 0xfc, 0x1e, 0x10, 0xf, 0xa7,
    0x8, 0x1, 0x26, 0x1, 0xe7, 0x2, 0x2b, 0x7d,
    0x80, 0x3e, 0xce, 0x7, 0x0, 0xff, 0xe0, 0x20,
    0x60, 0x7, 0xff, 0x3, 0x1, 0x40,

    /* U+048B "ҋ" */
    0x0, 0x27, 0xa0, 0x2, 0x38, 0x3, 0xc8, 0xf7,
    0xfe, 0x5a, 0x0, 0xfa, 0x3f, 0x7b, 0x50, 0x3,
    0xf8, 0x84, 0x3, 0xc5, 0xf8, 0x1, 0xc5, 0xfe,
    0x0, 0xfe, 0x1f, 0x0, 0xff, 0xa8, 0x80, 0x3f,
    0xd0, 0x8a, 0x20, 0x1f, 0x95, 0xca, 0x80, 0x3f,
    0x1d, 0xf, 0x80, 0x7e, 0x1d, 0xa, 0x20, 0xf,
    0xda, 0x30, 0x80, 0x1f, 0x8c, 0xca, 0xe0, 0x1f,
    0xe3, 0xa0, 0xc, 0x21, 0x6e, 0x0, 0x1d, 0x0,
    0xf9, 0x4, 0xbf, 0x84, 0x3, 0xbd, 0xc1, 0xc0,
    0x3f, 0xc8, 0x42, 0x1, 0xfe, 0xb9, 0x0,

    /* U+048C "Ҍ" */
    0x0, 0x14, 0x28, 0x7, 0xfc, 0xee, 0xf0, 0xf,
    0xfe, 0x5b, 0x7d, 0x2, 0xff, 0xe0, 0xe, 0x57,
    0x50, 0x27, 0x7a, 0x0, 0x38, 0xe3, 0xc1, 0xe2,
    0x27, 0x0, 0xff, 0xe5, 0xaf, 0xff, 0x6c, 0x88,
    0x7, 0x12, 0xae, 0x42, 0x6f, 0x10, 0xc, 0xf5,
    0x5a, 0xf9, 0x6, 0xc0, 0x3f, 0xc3, 0x0, 0x80,
    0x1f, 0xf1, 0x0, 0x80, 0x7f, 0xc4, 0x2, 0x1,
    0xfe, 0x1f, 0x6, 0x0, 0xcf, 0x55, 0xaf, 0x8c,
    0xd0, 0x1, 0x89, 0x57, 0x21, 0xc6, 0x0,

    /* U+048D "ҍ" */
    0x12, 0x9f, 0x82, 0x28, 0x3, 0x46, 0xb0, 0x3e,
    0xec, 0xa0, 0x15, 0xd2, 0x83, 0x55, 0x48, 0x1,
    0x12, 0x90, 0x73, 0xb9, 0x4, 0x3, 0xe8, 0xdd,
    0x77, 0xe1, 0x80, 0x73, 0x55, 0x4c, 0x78, 0x40,
    0x1b, 0xd5, 0x69, 0x60, 0x50, 0xf, 0xee, 0xf,
    0x0, 0xfe, 0xc0, 0xe0, 0xd, 0xb1, 0x16, 0xa1,
    0x30, 0x6, 0x47, 0x78, 0x1f, 0x0,

    /* U+048E "Ҏ" */
    0xdf, 0xff, 0x64, 0x8, 0x6, 0x23, 0x38, 0x8d,
    0xfc, 0xc0, 0x2e, 0xcc, 0xb7, 0x94, 0x78, 0x3,
    0xf0, 0xd1, 0x11, 0x0, 0x38, 0xc4, 0x0, 0xa0,
    0x60, 0x1d, 0xb4, 0x0, 0x10, 0xf, 0xa9, 0x20,
    0x1c, 0x10, 0x3, 0x91, 0xdd, 0xa2, 0x66, 0x0,
    0x67, 0xfc, 0xe0, 0x47, 0xa0, 0x11, 0x19, 0xc8,
    0xc2, 0x2, 0x1, 0x76, 0x65, 0x73, 0xa7, 0x20,
    0x1f, 0xc7, 0x8, 0x1, 0xfe, 0x7d, 0x0, 0xff,
    0xe0, 0x80,

    /* U+048F "ҏ" */
    0x2f, 0xb0, 0x7d, 0xff, 0x59, 0x80, 0x75, 0xc0,
    0x18, 0xa6, 0x28, 0x4, 0x8b, 0x7b, 0x9d, 0x21,
    0x44, 0x1, 0x52, 0x0, 0x4c, 0xe1, 0x60, 0x1,
    0x40, 0xe, 0xa0, 0x50, 0x1, 0x0, 0x78, 0x80,
    0x40, 0x4, 0x1, 0xa4, 0x48, 0x4, 0x0, 0x28,
    0x0, 0x27, 0xaa, 0x2, 0x80, 0x54, 0x60, 0x54,
    0x8e, 0x16, 0x0, 0x34, 0xcd, 0xca, 0x0, 0x39,
    0x0, 0x55, 0x0, 0x62, 0x86, 0xc2, 0x1, 0x9f,
    0x7f, 0xd7, 0xa6, 0x80, 0x1f, 0xc3, 0xaa, 0x1,
    0xff, 0xcc,

    /* U+0490 "Ґ" */
    0x0, 0xf8, 0xe0, 0x80, 0x3e, 0x47, 0x70, 0x7,
    0xff, 0x23, 0x7f, 0xfd, 0x0, 0x18, 0x8c, 0xfc,
    0x20, 0xf, 0xcc, 0xf2, 0x0, 0x7f, 0xff, 0xc0,
    0x3f, 0xfa, 0xe0,

    /* U+0491 "ґ" */
    0x0, 0xf4, 0xf9, 0x80, 0x7f, 0x17, 0xff, 0x30,
    0x7, 0x22, 0x70, 0x80, 0xe, 0xef, 0x88, 0x3,
    0xff, 0xf8,

    /* U+0492 "Ғ" */
    0x0, 0x27, 0xff, 0xee, 0x0, 0xe3, 0x3f, 0x28,
    0x6, 0x5c, 0xcf, 0x58, 0x7, 0xff, 0x60, 0xe3,
    0x81, 0xe2, 0x39, 0x1, 0x5d, 0x40, 0x9d, 0xfb,
    0x1, 0xbe, 0xc1, 0x7f, 0xfa, 0x0, 0x3f, 0xfa,
    0x22, 0x1, 0xff, 0xd3,

    /* U+0493 "ғ" */
    0x0, 0x6f, 0xff, 0xc0, 0x18, 0xd1, 0x38, 0x3,
    0x6d, 0xdf, 0x0, 0x7f, 0xf2, 0x44, 0x0, 0x42,
    0x30, 0x0, 0xb8, 0x83, 0x3b, 0xaa, 0x2, 0xb2,
    0xa, 0xbb, 0xa0, 0x0, 0x80, 0x4, 0x4c, 0x40,
    0x1f, 0xfc, 0x90,

    /* U+0494 "Ҕ" */
    0xdf, 0xff, 0xd8, 0x1, 0x88, 0xcf, 0xca, 0x1,
    0xbf, 0x33, 0xd2, 0x1, 0xff, 0xdc, 0x68, 0xce,
    0xe5, 0xa8, 0x7, 0x5b, 0x82, 0x12, 0x55, 0x0,
    0x33, 0x76, 0x56, 0x60, 0x55, 0x80, 0x2b, 0x10,
    0x8, 0xec, 0x2c, 0x3, 0xf9, 0x40, 0x84, 0x3,
    0xf8, 0x40, 0x3f, 0xe1, 0x1, 0x0, 0xfc, 0xc0,
    0x81, 0xbe, 0x40, 0x19, 0x64, 0x20, 0x3, 0x93,
    0x3a, 0x82, 0x4c, 0x3, 0x8c, 0xc0, 0xb8, 0xc0,
    0x1e, 0x7f, 0xea, 0x30, 0x8,

    /* U+0495 "ҕ" */
    0x2f, 0xff, 0x9c, 0x3, 0x91, 0x38, 0x80, 0x31,
    0xdd, 0xf2, 0x80, 0x7f, 0xf3, 0x85, 0xf3, 0xb9,
    0x46, 0x1, 0x8a, 0x8, 0x80, 0xb8, 0xa0, 0x10,
    0xe7, 0x67, 0x48, 0x50, 0x80, 0x8, 0xc0, 0x26,
    0x50, 0x70, 0xf, 0xda, 0x1c, 0x1, 0xff, 0x17,
    0xe0, 0x7, 0x60, 0x68, 0x7, 0xcc, 0x82, 0xa0,
    0x1a, 0x2f, 0x64, 0x28, 0x3, 0x9d, 0x9, 0x31,
    0x0, 0x3b, 0xfb, 0xec, 0xc0, 0x0,

    /* U+0496 "Җ" */
    0x1e, 0xf3, 0x0, 0xeb, 0xf4, 0x0, 0xe9, 0xf8,
    0x0, 0xd, 0x87, 0x80, 0x7f, 0xf0, 0xd, 0x8a,
    0x0, 0x25, 0x51, 0xb0, 0x7, 0xfd, 0xc1, 0x20,
    0x1d, 0x61, 0x22, 0x1, 0xfc, 0xe4, 0xa8, 0x1,
    0xc3, 0x21, 0x60, 0x1f, 0x8a, 0x6, 0xc0, 0x3e,
    0x63, 0x54, 0x0, 0xfa, 0x42, 0xc4, 0x3, 0xf7,
    0x85, 0xff, 0x90, 0x2f, 0xfc, 0x86, 0xa0, 0x1f,
    0xd6, 0x2, 0x44, 0x0, 0x11, 0x40, 0x64, 0x1,
    0xf8, 0x9c, 0x37, 0x64, 0x9, 0xdd, 0x30, 0x48,
    0x7, 0xee, 0x7, 0x30, 0xf, 0xa0, 0x51, 0x40,
    0x3c, 0xc6, 0x30, 0x1, 0xf8, 0x6c, 0x2c, 0x40,
    0x30, 0xc8, 0x50, 0x7, 0xf9, 0x50, 0x6c, 0x3,
    0x58, 0x2a, 0x0, 0x7f, 0xd2, 0xb, 0x98, 0x15,
    0x50, 0x58, 0x7, 0xff, 0x0, 0xa0, 0xc, 0xc0,
    0xbf, 0xe1, 0x0, 0xeb, 0xf4, 0x0, 0xe7, 0xf3,
    0x0, 0xff, 0xf1, 0x0,

    /* U+0497 "җ" */
    0x2f, 0xd0, 0xc, 0xfe, 0xe0, 0x1b, 0xbc, 0x80,
    0x98, 0x9c, 0x3, 0xf9, 0xc5, 0xc8, 0x1, 0x23,
    0x2, 0x1, 0xf0, 0xc0, 0xc0, 0x6, 0x80, 0x80,
    0xf, 0xac, 0x2c, 0x3, 0x98, 0xd8, 0xc0, 0x38,
    0xd4, 0xd4, 0x3, 0xd0, 0x19, 0xf0, 0x11, 0xf8,
    0x10, 0x1, 0xf7, 0x81, 0xa1, 0x1, 0x21, 0x7,
    0x0, 0x79, 0x90, 0xb2, 0xe8, 0x2a, 0xf4, 0x95,
    0x40, 0x18, 0x64, 0x38, 0x3, 0xe9, 0xb, 0x10,
    0xa, 0x81, 0xcc, 0x3, 0xe4, 0x61, 0xcb, 0x56,
    0x42, 0x80, 0xf, 0xe9, 0x22, 0x26, 0xb7, 0xe8,
    0x6, 0x7f, 0x70, 0xd, 0xb8, 0x1, 0xff, 0xd7,
    0x27, 0xc0,

    /* U+0498 "Ҙ" */
    0x2, 0x8c, 0xef, 0xf6, 0x40, 0x80, 0xb, 0x5c,
    0xce, 0x23, 0x7f, 0x20, 0x28, 0xcf, 0xdc, 0xde,
    0x51, 0x90, 0x3, 0x98, 0x6, 0x1b, 0x5, 0x0,
    0xfe, 0x70, 0x20, 0x8, 0x6a, 0xab, 0xd9, 0x8,
    0x0, 0x8d, 0x56, 0x42, 0x6, 0x40, 0x8, 0xbf,
    0xf6, 0xb3, 0x28, 0x3, 0xf1, 0x4a, 0x2a, 0x0,
    0x7f, 0x18, 0x18, 0x80, 0x7e, 0x30, 0x5, 0xe2,
    0x0, 0x74, 0x20, 0x28, 0x1d, 0xfe, 0xe6, 0xfb,
    0x85, 0x15, 0x63, 0x11, 0xc, 0x88, 0xda, 0xa0,
    0x3, 0x9d, 0x50, 0xcd, 0x92, 0x0, 0xff, 0xe7,
    0x0,

    /* U+0499 "ҙ" */
    0x3, 0x9e, 0xff, 0x6c, 0x8, 0x3, 0x98, 0xd0,
    0xc9, 0xf0, 0x42, 0x77, 0x57, 0x9e, 0x64, 0xc0,
    0x84, 0x1, 0xac, 0x3, 0x84, 0x44, 0xb2, 0x4c,
    0x1, 0x77, 0x36, 0x86, 0x44, 0x2, 0xbb, 0xa4,
    0xad, 0x40, 0x24, 0x49, 0xb8, 0x24, 0x18, 0x40,
    0x35, 0x83, 0xa4, 0xf6, 0xdd, 0xb9, 0xc6, 0x12,
    0xd4, 0x11, 0x6, 0xde, 0x60, 0x95, 0xa2, 0x1b,
    0x22, 0x1, 0xff, 0x0,

    /* U+049A "Қ" */
    0xdf, 0x20, 0xf, 0x6f, 0xa0, 0x7, 0xf4, 0x93,
    0xa0, 0x7, 0xe5, 0x63, 0x80, 0xf, 0xc3, 0x63,
    0xa0, 0x1f, 0xda, 0x34, 0x20, 0x1f, 0xa0, 0xdd,
    0x0, 0x3d, 0xbf, 0xe7, 0x28, 0x0, 0xf8, 0x8a,
    0x2, 0x30, 0xf, 0xbf, 0x75, 0x21, 0xc0, 0x1f,
    0xe6, 0x42, 0xa0, 0xf, 0xf5, 0xa, 0xa8, 0x3,
    0xf8, 0x74, 0x28, 0x80, 0x3f, 0x8d, 0xc3, 0x31,
    0x40, 0x1f, 0xa0, 0xc4, 0xdf, 0x7c, 0x80, 0x3d,
    0x9e, 0x1, 0xff, 0xd0,

    /* U+049B "қ" */
    0x2f, 0xc0, 0xe, 0xdf, 0x30, 0xf, 0xd2, 0x50,
    0x60, 0x1f, 0x23, 0x23, 0x80, 0x7c, 0x34, 0x34,
    0x1, 0xfa, 0xc6, 0xc4, 0x3, 0x8f, 0xfc, 0xa8,
    0xa0, 0x1f, 0x22, 0x1, 0xc, 0x3, 0xc7, 0x76,
    0xa0, 0xd1, 0x0, 0xfc, 0xae, 0x3a, 0x1, 0xfd,
    0xa, 0x79, 0x6c, 0x1, 0xf5, 0x11, 0xa6, 0x17,
    0xe0, 0x7, 0x6e, 0x80, 0x3f, 0xf9, 0x66, 0xfe,

    /* U+049C "Ҝ" */
    0xdf, 0x20, 0xf, 0x37, 0xd8, 0x7, 0xf0, 0xc8,
    0x50, 0x7, 0xf5, 0x4, 0x88, 0x6, 0x7f, 0x0,
    0x2a, 0x21, 0x80, 0x3f, 0xd, 0x85, 0x0, 0x7f,
    0x58, 0xc8, 0x80, 0x76, 0xc0, 0x7a, 0x9b, 0x0,
    0x78, 0x84, 0x8, 0xc, 0x80, 0x3d, 0xf2, 0x1a,
    0xe1, 0xc0, 0x1f, 0xe8, 0x23, 0x70, 0xf, 0x1a,
    0x80, 0x38, 0x20, 0x80, 0x39, 0x28, 0x0, 0x6c,
    0x1c, 0x1, 0xfe, 0x92, 0x37, 0x0, 0xff, 0x70,
    0x41, 0x0,

    /* U+049D "ҝ" */
    0x3f, 0xb0, 0xe, 0x9f, 0x70, 0xf, 0xc4, 0xc4,
    0xe0, 0x1c, 0x60, 0xe, 0xe, 0x0, 0xe3, 0xc2,
    0x53, 0x63, 0x0, 0xf8, 0x6c, 0x60, 0x3, 0x93,
    0x3, 0x6, 0x44, 0x3, 0x84, 0xc0, 0xc2, 0x80,
    0x3c, 0xbe, 0x1c, 0xa5, 0x20, 0x1e, 0x16, 0x3b,
    0x16, 0x40, 0xe, 0x29, 0x11, 0x50, 0x50, 0x80,
    0x7e, 0x47, 0x1a, 0x0,

    /* U+049E "Ҟ" */
    0x0, 0x37, 0xc8, 0x7, 0x9b, 0xec, 0x0, 0x42,
    0x6, 0x44, 0x10, 0x1, 0x48, 0xd0, 0x26, 0xc0,
    0x2e, 0xeb, 0x80, 0x1e, 0x1a, 0x20, 0xb4, 0xc0,
    0x95, 0x4b, 0x9, 0x28, 0x30, 0x0, 0xaf, 0x81,
    0x2a, 0x91, 0x59, 0x1c, 0x3, 0xfc, 0x54, 0x34,
    0x1, 0xf9, 0xbf, 0xda, 0x16, 0x20, 0x1f, 0x84,
    0x88, 0x21, 0xe0, 0x1f, 0xcf, 0xba, 0xf1, 0x55,
    0x0, 0x7f, 0xc3, 0x41, 0x44, 0x1, 0xff, 0x23,
    0x87, 0x0, 0x7f, 0xf0, 0x20, 0xcd, 0x0, 0x1f,
    0xfc, 0xd, 0x17, 0x40, 0xf, 0xf8, 0x6c, 0x28,
    0x40,

    /* U+049F "ҟ" */
    0x1, 0x86, 0x0, 0xfc, 0x24, 0xf6, 0x23, 0x0,
    0x77, 0x60, 0x17, 0x73, 0x0, 0x3a, 0xe4, 0xa,
    0xed, 0xc0, 0x1c, 0x88, 0x1, 0x44, 0x18, 0x7,
    0xff, 0xb, 0x7c, 0xc0, 0x3f, 0x49, 0x41, 0x80,
    0x7c, 0x8c, 0x8e, 0x1, 0xf0, 0xd0, 0xd0, 0x7,
    0xea, 0x1b, 0x10, 0xe, 0x3f, 0xf2, 0x21, 0x40,
    0x3e, 0x44, 0x2, 0x18, 0x7, 0x8e, 0xed, 0x41,
    0xa2, 0x1, 0xf9, 0x5c, 0x74, 0x3, 0xfa, 0x10,
    0xe4, 0x3, 0xfa, 0xc9, 0x98,

    /* U+04A0 "Ҡ" */
    0xbf, 0xfe, 0x70, 0xf, 0x47, 0xc8, 0x11, 0x9c,
    0x20, 0x1f, 0x23, 0x94, 0x84, 0xe6, 0x4c, 0x1,
    0xe1, 0xa0, 0xf0, 0xf, 0xfe, 0xd, 0xd, 0x10,
    0x7, 0xff, 0x1, 0xd1, 0x94, 0x3, 0xff, 0x80,
    0x70, 0x52, 0x1, 0xfe, 0x8f, 0xf6, 0x7, 0x0,
    0x7f, 0xc2, 0x44, 0x10, 0xb0, 0xf, 0xfa, 0x77,
    0x58, 0xe, 0x80, 0x1f, 0xfc, 0x12, 0xa0, 0xa1,
    0x0, 0xff, 0xe0, 0xaa, 0x86, 0xc0, 0x3f, 0xf8,
    0x54, 0x4a, 0xc0, 0x1f, 0xfc, 0x2e, 0x9, 0x20,
    0xf, 0xfe, 0x9, 0xc8, 0x78, 0x0,

    /* U+04A1 "ҡ" */
    0xef, 0xfc, 0x80, 0x19, 0xfe, 0x81, 0x12, 0x10,
    0x70, 0x8, 0xa0, 0xa8, 0x2a, 0xec, 0xa0, 0x1d,
    0xe1, 0xc0, 0x1f, 0xe8, 0x28, 0x30, 0xf, 0xe3,
    0x73, 0x70, 0xf, 0xd9, 0xf8, 0x1c, 0x1, 0xfc,
    0x68, 0x41, 0x0, 0x1f, 0xdf, 0x7a, 0x4a, 0xe0,
    0x1f, 0xf6, 0xc, 0x20, 0x7, 0xf8, 0x74, 0x28,
    0x80, 0x3f, 0xc7, 0x23, 0xe0,

    /* U+04A2 "Ң" */
    0xdf, 0x30, 0xf, 0xb3, 0xcc, 0x3, 0xff, 0xfe,
    0x1, 0xb3, 0xff, 0xe3, 0x0, 0xf1, 0x19, 0xfc,
    0x1, 0xf7, 0x66, 0x7c, 0x60, 0x1f, 0xff, 0x1e,
    0xc5, 0x0, 0xff, 0xe0, 0x11, 0x9b, 0x7c, 0xc0,
    0x3e, 0xcf, 0x80, 0xf, 0xfe, 0xa0,

    /* U+04A3 "ң" */
    0x2f, 0xc0, 0xe, 0x3f, 0xb0, 0xf, 0xff, 0x61,
    0xff, 0xf6, 0x0, 0x78, 0x51, 0x38, 0xc0, 0x3c,
    0x57, 0x7d, 0xe0, 0x1f, 0xfc, 0xf5, 0xb4, 0x0,
    0xfc, 0xe0, 0x28, 0x44, 0xfc, 0x0, 0xe4, 0xf9,
    0x0, 0xff, 0xe6, 0xab, 0xa8,

    /* U+04A4 "Ҥ" */
    0xdf, 0x30, 0xf, 0xb3, 0xff, 0xf3, 0x80, 0x7f,
    0xf0, 0x8, 0xcf, 0xc4, 0x1, 0xff, 0xc0, 0x9c,
    0xcf, 0x28, 0x7, 0xff, 0xcb, 0x3f, 0xfe, 0x30,
    0xf, 0xf8, 0x8c, 0xfe, 0x0, 0xff, 0xe0, 0x76,
    0x67, 0xc6, 0x1, 0xff, 0xff, 0x0, 0xff, 0xeb,
    0x0,

    /* U+04A5 "ҥ" */
    0x2f, 0xc0, 0xe, 0x4f, 0xff, 0xa8, 0x3, 0xfc,
    0x28, 0x9d, 0xa0, 0x1f, 0xe2, 0xbb, 0xe7, 0x0,
    0xff, 0xec, 0x1f, 0xff, 0x58, 0x7, 0xf8, 0x51,
    0x38, 0xc0, 0x3f, 0xc5, 0x77, 0xd0, 0x1, 0xff,
    0xef,

    /* U+04A6 "Ҧ" */
    0xdf, 0xff, 0xf8, 0xc0, 0x3f, 0xe2, 0x33, 0xf8,
    0x3, 0xff, 0x85, 0xf9, 0x9f, 0x20, 0x7, 0xff,
    0xfc, 0x3, 0xff, 0x84, 0xb1, 0x9d, 0xcb, 0x50,
    0xf, 0xfe, 0x1c, 0xb8, 0x29, 0xa5, 0x50, 0x3,
    0xff, 0x84, 0xbd, 0x97, 0xb8, 0x2a, 0xe0, 0x1f,
    0xfc, 0x19, 0x10, 0x8, 0xe8, 0x24, 0x3, 0xff,
    0x8e, 0x82, 0x30, 0x7, 0xff, 0x1c, 0xc0, 0xc0,
    0x3f, 0xf8, 0xe4, 0x4, 0x1, 0xff, 0xc6, 0x60,
    0x40, 0xdf, 0x20, 0xf, 0xaf, 0xcc, 0x3, 0x24,
    0x84, 0x0, 0x7f, 0xf0, 0xd3, 0x3a, 0xc2, 0x4c,
    0x3, 0xff, 0x86, 0x46, 0xb, 0x8c, 0x1, 0xff,
    0xc4, 0x6f, 0xea, 0x30, 0x8,

    /* U+04A7 "ҧ" */
    0x2f, 0xff, 0xe6, 0x0, 0xff, 0x91, 0x38, 0x80,
    0x3f, 0xf8, 0x7, 0x77, 0xca, 0x1, 0xff, 0xee,
    0xca, 0xde, 0xd7, 0x0, 0xff, 0xe0, 0xaa, 0x80,
    0xca, 0x34, 0x40, 0x3f, 0xe5, 0xed, 0xd7, 0x19,
    0x40, 0x7, 0xfd, 0x82, 0x0, 0x1e, 0x6, 0x0,
    0xff, 0xe2, 0x10, 0x80, 0x80, 0x7f, 0xf1, 0xcb,
    0xf0, 0x3, 0xa3, 0xd8, 0x3, 0x10, 0x8c, 0x1,
    0xff, 0xc2, 0x1e, 0x6, 0x0, 0xff, 0xe0, 0x15,
    0xdb, 0x8c, 0xd0, 0x1, 0xff, 0xc0, 0x44, 0x85,
    0xf0, 0x3, 0xff, 0x82, 0xdd, 0xd4, 0x0, 0x40,

    /* U+04A8 "Ҩ" */
    0x0, 0x16, 0x38, 0x4, 0x53, 0xdf, 0xd4, 0x60,
    0x18, 0x70, 0xfc, 0x0, 0x9a, 0xc2, 0x42, 0xb8,
    0xa0, 0x15, 0xb, 0x40, 0xd, 0x3, 0xfe, 0xfb,
    0x85, 0x10, 0x1a, 0xc, 0x80, 0x24, 0x56, 0x0,
    0x28, 0x50, 0xb0, 0xa0, 0x60, 0x9, 0x43, 0x80,
    0x3b, 0x81, 0x1, 0x43, 0x0, 0x22, 0x5, 0x0,
    0xe5, 0x3, 0x1, 0x6, 0x0, 0xff, 0xe0, 0x98,
    0x8, 0x8, 0x4, 0x40, 0x40, 0x1c, 0xa0, 0xc0,
    0xc0, 0xa0, 0x12, 0x2, 0x0, 0x76, 0x6, 0x87,
    0x5, 0x80, 0x54, 0x12, 0x1, 0x85, 0xc5, 0x81,
    0xc, 0xa0, 0x0, 0x6c, 0x34, 0x1, 0x68, 0x50,
    0x5, 0xc2, 0xf4, 0x21, 0x28, 0xb6, 0xba, 0x72,
    0x80, 0x11, 0x61, 0xaf, 0x64, 0x90, 0x25, 0x11,
    0xf4, 0xd8, 0x4, 0x59, 0x4a, 0x4c, 0xc2, 0x57,
    0x33, 0x3b, 0xc0, 0x1c, 0xb5, 0xdf, 0xed, 0xa8,
    0xcf, 0xf7, 0x60, 0x0,

    /* U+04A9 "ҩ" */
    0x0, 0xe, 0x40, 0x0, 0xab, 0xbf, 0x60, 0x3,
    0x61, 0xf8, 0x16, 0x29, 0xa1, 0xbe, 0x0, 0x1c,
    0x95, 0xc2, 0x46, 0x36, 0xf8, 0xcc, 0xc1, 0x41,
    0x0, 0x4, 0x17, 0x0, 0xa0, 0x30, 0x8, 0x48,
    0x8, 0x14, 0x3, 0x28, 0x30, 0x7, 0xce, 0x1,
    0x8c, 0x18, 0x4, 0x60, 0x20, 0x30, 0xc, 0xa1,
    0x80, 0xe1, 0x20, 0x6, 0x8, 0x0, 0xc, 0x8b,
    0x4, 0xb, 0xb0, 0x40, 0xbc, 0x1e, 0xe, 0x80,
    0x7, 0x46, 0x76, 0x10, 0x1f, 0x9, 0x2e, 0x0,
    0x7, 0xd0, 0x2c, 0xa2, 0x66, 0x4, 0x62,

    /* U+04AA "Ҫ" */
    0x0, 0x85, 0xf3, 0xbf, 0xad, 0x80, 0x32, 0xfc,
    0x18, 0x10, 0x24, 0xe9, 0x2, 0xd0, 0xae, 0xf6,
    0xf6, 0xa9, 0x20, 0xd0, 0x4d, 0x10, 0x4, 0x55,
    0x8d, 0x20, 0xac, 0x1, 0xf1, 0x82, 0x7, 0x0,
    0x7f, 0x88, 0x14, 0x3, 0xff, 0x96, 0x40, 0xa0,
    0x1f, 0xe4, 0xe, 0x0, 0xff, 0x48, 0x2b, 0x0,
    0x7c, 0x60, 0x34, 0x13, 0x46, 0x1, 0x15, 0x63,
    0x82, 0xd8, 0xae, 0x76, 0xf6, 0xa9, 0x28, 0x1,
    0x3e, 0xc, 0x48, 0x52, 0x74, 0x80, 0x21, 0x7c,
    0x60, 0xbb, 0x30, 0x7, 0xff, 0x40,

    /* U+04AB "ҫ" */
    0x0, 0x8e, 0xbb, 0xfa, 0x88, 0x2, 0x7c, 0x53,
    0x30, 0x2e, 0x98, 0x24, 0xd, 0xee, 0x74, 0x82,
    0x84, 0x5, 0xa0, 0x4, 0xdc, 0xc0, 0x62, 0xa0,
    0x1c, 0x20, 0x20, 0x60, 0x1f, 0x84, 0xc, 0x3,
    0xf8, 0xc5, 0x40, 0x38, 0x40, 0x10, 0x16, 0x80,
    0x13, 0x73, 0x82, 0x40, 0xde, 0xe7, 0x48, 0x20,
    0x1, 0xf1, 0x48, 0xc1, 0x74, 0xc0, 0x23, 0xa6,
    0xd, 0xa2, 0x0, 0xff, 0xe0, 0x0,

    /* U+04AC "Ҭ" */
    0xbf, 0xff, 0xf6, 0x11, 0x9e, 0x0, 0x19, 0xe6,
    0x9c, 0xcc, 0x0, 0xcc, 0xd4, 0x1, 0xff, 0xff,
    0x0, 0xff, 0xee, 0x66, 0x4, 0x3, 0xf8, 0xce,
    0x0, 0xfb, 0xfc, 0x80, 0x1f, 0xfd, 0x0,

    /* U+04AD "ҭ" */
    0xef, 0xff, 0xd8, 0x89, 0x80, 0x8, 0x9a, 0xae,
    0xe0, 0x1b, 0xba, 0x0, 0x3f, 0xfe, 0x62, 0x3,
    0x6c, 0x1, 0xf9, 0x38, 0x3, 0x87, 0xec, 0x3,
    0xff, 0x8e, 0xcf, 0x80, 0x0,

    /* U+04AE "Ү" */
    0x8f, 0x90, 0xf, 0x87, 0xf8, 0x20, 0x58, 0xc0,
    0x3d, 0x61, 0x60, 0xb, 0xf, 0x0, 0xe4, 0x54,
    0x50, 0x2, 0xa1, 0xb0, 0x6, 0x90, 0x90, 0xd,
    0x21, 0x2, 0x0, 0x82, 0x82, 0x0, 0xc4, 0xe3,
    0x0, 0x4e, 0x4e, 0x1, 0xe8, 0x26, 0x39, 0x9,
    0x0, 0xfd, 0x21, 0xa8, 0xa8, 0x1, 0xf9, 0x10,
    0x21, 0x60, 0x1f, 0xee, 0x4, 0x10, 0xf, 0xfe,
    0x0, 0x80, 0x7f, 0xf9, 0x0,

    /* U+04AF "ү" */
    0xaf, 0x50, 0xf, 0x5f, 0x94, 0x84, 0x80, 0x71,
    0x22, 0x8, 0xc8, 0xc8, 0x3, 0x50, 0x78, 0x2,
    0xc2, 0xc0, 0x33, 0x92, 0x0, 0x18, 0x18, 0x2,
    0x60, 0xa0, 0xc, 0xc0, 0xc0, 0xb, 0x6, 0x0,
    0xd6, 0x16, 0x6, 0x4c, 0x20, 0x18, 0x90, 0x8e,
    0x42, 0x80, 0x3d, 0xe1, 0xa, 0x66, 0x0, 0xf2,
    0xa, 0x4, 0x80, 0x7e, 0x90, 0x15, 0x0, 0xfc,
    0x80, 0xa0, 0x1f, 0xfd, 0xd0,

    /* U+04B0 "Ұ" */
    0x8f, 0x90, 0xf, 0x8b, 0xf4, 0x20, 0x98, 0xc0,
    0x3d, 0x21, 0x20, 0x9, 0xe, 0x0, 0xe5, 0x45,
    0x40, 0x2, 0x29, 0x38, 0x4, 0x36, 0x36, 0x1,
    0xac, 0x60, 0x80, 0x16, 0x30, 0x20, 0x18, 0x60,
    0x38, 0x11, 0x51, 0x80, 0x3c, 0xc6, 0x67, 0xa0,
    0x90, 0xf, 0x8, 0xa0, 0x20, 0x58, 0xc4, 0x3,
    0xaf, 0xac, 0x2, 0x6e, 0xf0, 0xe, 0x9b, 0xb3,
    0x81, 0xdd, 0xa8, 0x3, 0x8d, 0x11, 0xa0, 0xc8,
    0x90, 0x7, 0xff, 0x84,

    /* U+04B1 "ұ" */
    0xaf, 0x50, 0xf, 0x5f, 0x94, 0x84, 0x80, 0x71,
    0x22, 0x8, 0xc8, 0xc8, 0x3, 0x50, 0x78, 0x2,
    0xc2, 0xc0, 0x33, 0x92, 0x0, 0x18, 0x18, 0x2,
    0x60, 0xa0, 0xc, 0xe0, 0xc0, 0xb, 0x6, 0x0,
    0xd4, 0x16, 0x8, 0x4c, 0x20, 0x18, 0x90, 0x93,
    0x82, 0xc0, 0x3d, 0xe1, 0xa, 0x64, 0x1, 0xe4,
    0x23, 0x9, 0x0, 0xe9, 0xff, 0x10, 0x2, 0xbf,
    0xc0, 0x16, 0x3b, 0x94, 0x5, 0xde, 0x0, 0x96,
    0x21, 0x20, 0xb1, 0x10, 0x7, 0xff, 0x38,

    /* U+04B2 "Ҳ" */
    0x1e, 0xf5, 0x0, 0xe2, 0xff, 0x20, 0xd, 0x5,
    0x8, 0x6, 0xe0, 0x64, 0x0, 0x23, 0x6, 0x80,
    0x4e, 0x65, 0x20, 0x1a, 0x48, 0xdc, 0xe, 0x3,
    0x80, 0x3d, 0xc1, 0x9, 0xc1, 0x6, 0x1, 0xe3,
    0x80, 0xb2, 0x47, 0x0, 0xfc, 0xe6, 0x0, 0xa0,
    0xf, 0xe2, 0x30, 0x3, 0x0, 0x7f, 0x70, 0x20,
    0x41, 0x80, 0x7c, 0xe6, 0x56, 0xc1, 0xc0, 0x1e,
    0x38, 0xf, 0x9, 0x22, 0x48, 0x7, 0x70, 0x49,
    0x0, 0x3c, 0x19, 0x0, 0x29, 0x24, 0x60, 0x8,
    0xa4, 0x2f, 0x29, 0x18, 0x68, 0x3, 0x99, 0x0,
    0xd1, 0x1f, 0xc2, 0x1, 0xeb, 0xf0, 0xf, 0xfe,
    0x90,

    /* U+04B3 "ҳ" */
    0x4f, 0xd0, 0xc, 0x3d, 0xe4, 0x8, 0xe5, 0x20,
    0x15, 0xd, 0x10, 0x2, 0xd, 0x94, 0x1d, 0x19,
    0x40, 0x36, 0x8d, 0x34, 0x14, 0x80, 0x70, 0xd0,
    0x48, 0x78, 0x7, 0xc8, 0x40, 0xa4, 0x1, 0xf3,
    0x90, 0x2a, 0x0, 0x78, 0xe0, 0xb4, 0x28, 0x40,
    0x30, 0xe8, 0x79, 0x50, 0xe8, 0x6, 0xa1, 0x92,
    0x5, 0x63, 0xcb, 0x67, 0x45, 0x60, 0xa, 0x48,
    0xd3, 0x9f, 0xe8, 0x3, 0xb7, 0x0, 0x3f, 0xf9,
    0x64, 0xf8,

    /* U+04B4 "Ҵ" */
    0xbf, 0xff, 0xf2, 0x0, 0xb, 0xf4, 0x0, 0x46,
    0x78, 0x0, 0x67, 0x9c, 0x3, 0xe9, 0xcc, 0xc2,
    0x19, 0x98, 0xc0, 0x3f, 0xff, 0xe0, 0x1f, 0xff,
    0xf0, 0xf, 0xfe, 0xbe, 0x67, 0xde, 0x5, 0x98,
    0x0, 0xf8, 0xcf, 0xe2, 0x0, 0x19, 0x80, 0x3b,
    0xbf, 0xff, 0xe2, 0x0, 0xff, 0xf6, 0x5b, 0x80,

    /* U+04B5 "ҵ" */
    0xef, 0xff, 0xc0, 0xb, 0xf3, 0x4, 0x4c, 0x0,
    0x44, 0x80, 0x3d, 0x57, 0x70, 0xd, 0xdc, 0x1,
    0xff, 0xff, 0x0, 0xff, 0xe7, 0xd, 0xdf, 0x28,
    0x7c, 0x0, 0x79, 0x13, 0x84, 0xc, 0xc0, 0x1b,
    0xff, 0xf7, 0x0, 0x7f, 0xf4, 0x45, 0xf8,

    /* U+04B6 "Ҷ" */
    0x4f, 0xb0, 0xf, 0xb3, 0xc8, 0x3, 0xff, 0xe4,
    0xc0, 0x80, 0x1f, 0xfc, 0x2, 0x20, 0x59, 0x0,
    0x42, 0xc4, 0x1, 0xdc, 0x9, 0xbd, 0xbd, 0xc9,
    0x10, 0xe, 0x3d, 0x62, 0x12, 0x5, 0xa2, 0x0,
    0xf1, 0x4e, 0xff, 0xba, 0x94, 0x40, 0x3f, 0xfc,
    0x2, 0x1f, 0x86, 0x1, 0xff, 0xc0, 0x23, 0x70,
    0xf, 0xf6, 0xfb, 0x80, 0x7f, 0xf5, 0x0,

    /* U+04B7 "ҷ" */
    0x2f, 0xc0, 0xe, 0x9f, 0x50, 0xf, 0xfe, 0xc9,
    0x81, 0x0, 0x7f, 0x9, 0xc, 0x88, 0x13, 0x38,
    0x6, 0xe1, 0x6e, 0xfd, 0x91, 0x0, 0xc7, 0xf2,
    0xcc, 0x8d, 0x60, 0xe, 0x16, 0x99, 0x39, 0x0,
    0x7f, 0xf0, 0xc, 0x22, 0xc0, 0x3f, 0x8, 0x12,
    0x0, 0x7e, 0xbf, 0x20, 0xf, 0xfe, 0x5d, 0xc0,

    /* U+04B8 "Ҹ" */
    0x4f, 0xa0, 0xf, 0xb7, 0xc8, 0x3, 0xff, 0xba,
    0x20, 0x2, 0x81, 0x0, 0xe7, 0x5, 0x0, 0x33,
    0x90, 0x7, 0x19, 0xd, 0x90, 0x4, 0x2c, 0x40,
    0x17, 0x2, 0x6d, 0x6, 0x74, 0x80, 0x63, 0xd6,
    0x21, 0x1, 0x5a, 0x20, 0xc, 0x53, 0xb6, 0x1b,
    0x4a, 0x1, 0xff, 0xd6, 0x4f, 0x30, 0xf, 0xfe,
    0x30,

    /* U+04B9 "ҹ" */
    0x3f, 0xb0, 0xe, 0xaf, 0x40, 0xf, 0xfe, 0x7a,
    0x8, 0x6, 0x10, 0x50, 0x1b, 0x40, 0xc, 0x44,
    0x19, 0x20, 0x36, 0x40, 0xa, 0x41, 0xb0, 0x26,
    0x42, 0x1, 0x27, 0x42, 0x83, 0x6a, 0x80, 0x61,
    0x7b, 0xc, 0x20, 0xf, 0x85, 0xdc, 0x1, 0xfd,
    0x4, 0x1, 0x80,

    /* U+04BA "Һ" */
    0xdf, 0x20, 0xf, 0xff, 0x18, 0xb5, 0x66, 0x2d,
    0xc4, 0x3, 0x64, 0xa9, 0x99, 0x23, 0x90, 0x2,
    0x39, 0xdf, 0xf6, 0x20, 0x50, 0x80, 0x39, 0x88,
    0x0, 0x76, 0x62, 0xe0, 0x1f, 0xd4, 0x1e, 0x1,
    0xfc, 0x60, 0x60, 0x1f, 0xfe, 0x40,

    /* U+04BB "һ" */
    0x4, 0x30, 0xf, 0xc5, 0x7e, 0x1, 0xff, 0xe0,
    0x19, 0xef, 0xe9, 0x10, 0x8, 0xbd, 0x8c, 0xc2,
    0xde, 0x20, 0x1, 0x3d, 0xd6, 0x71, 0x8c, 0x80,
    0x5e, 0x40, 0x1, 0xf0, 0x40, 0x1, 0x10, 0x3,
    0x18, 0x10, 0x0, 0x40, 0x3f, 0xfe, 0x60,

    /* U+04BC "Ҽ" */
    0x0, 0xfc, 0x95, 0xdf, 0xed, 0x82, 0x0, 0xff,
    0x55, 0xa8, 0x91, 0x4f, 0xac, 0x1, 0x21, 0x0,
    0x58, 0xa3, 0x5f, 0xba, 0xe8, 0x9, 0x70, 0x2b,
    0xe0, 0x3, 0x99, 0x7a, 0x80, 0x42, 0xf6, 0x10,
    0x4e, 0x8, 0x0, 0x80, 0xe1, 0x0, 0xf2, 0x30,
    0x58, 0x82, 0x92, 0x1, 0x98, 0x3, 0xf5, 0x2,
    0x20, 0xcb, 0x6c, 0xf, 0xff, 0xfb, 0x0, 0x83,
    0x21, 0x8, 0x4, 0xcf, 0xfe, 0x50, 0x3, 0xdc,
    0x81, 0x66, 0x7f, 0xd4, 0x1, 0x90, 0xc, 0xc0,
    0x1f, 0xfc, 0x47, 0xe, 0x10, 0xf, 0x9, 0x80,
    0x7d, 0x6, 0x5e, 0xc0, 0x10, 0xbf, 0xe2, 0x0,
    0x7d, 0x8a, 0x33, 0xfb, 0xdc, 0x81, 0x64, 0x0,
    0xfd, 0x58, 0xa4, 0x41, 0x27, 0xd9, 0x0, 0x0,

    /* U+04BD "ҽ" */
    0x0, 0xf2, 0xe7, 0xfb, 0x60, 0x3, 0xf5, 0x50,
    0xd1, 0x6, 0xfa, 0x20, 0x76, 0x60, 0xea, 0x7d,
    0x76, 0xe7, 0x2d, 0xb, 0x41, 0x8, 0xd, 0x10,
    0xa, 0x10, 0xcd, 0xe0, 0xa8, 0x6, 0x2, 0x3d,
    0x80, 0x8c, 0x51, 0x60, 0x7d, 0xde, 0x80, 0xe1,
    0xdc, 0x90, 0x2b, 0xbf, 0xe0, 0x1, 0xb0, 0x93,
    0x22, 0x7c, 0x40, 0x1a, 0x3, 0xc, 0x2, 0x1a,
    0x30, 0xe, 0x66, 0xe, 0x6e, 0x6f, 0x2d, 0x80,
    0x7a, 0x6d, 0xc, 0xc4, 0x95, 0x0,

    /* U+04BE "Ҿ" */
    0x0, 0xfc, 0x95, 0xdf, 0xed, 0x82, 0x0, 0xff,
    0x55, 0xa8, 0x91, 0x4f, 0xac, 0x1, 0x21, 0x0,
    0x58, 0xa3, 0x5f, 0xba, 0xe8, 0x9, 0x70, 0x2b,
    0xe0, 0x3, 0x99, 0x7a, 0x80, 0x42, 0xf6, 0x10,
    0x4e, 0x8, 0x0, 0x80, 0xe1, 0x0, 0xf2, 0x30,
    0x58, 0x82, 0x92, 0x1, 0x98, 0x3, 0xf5, 0x2,
    0x20, 0xcb, 0x6c, 0xf, 0xff, 0xfb, 0x0, 0x83,
    0x21, 0x8, 0x4, 0xcf, 0xfe, 0x50, 0x3, 0xdc,
    0x81, 0x66, 0x7f, 0xd4, 0x1, 0x90, 0xc, 0xc0,
    0x1f, 0xfc, 0x47, 0xe, 0x10, 0xf, 0x9, 0x80,
    0x7d, 0x6, 0x5e, 0xc0, 0x10, 0xbf, 0xe2, 0x0,
    0x7d, 0x8a, 0x33, 0xfb, 0xdc, 0x81, 0x64, 0x0,
    0xfd, 0x58, 0xa4, 0x41, 0x27, 0xd9, 0x0, 0xff,
    0x1d, 0x68, 0xe, 0xc1, 0x0, 0x7f, 0xf7, 0x40,

    /* U+04BF "ҿ" */
    0x0, 0xf2, 0xe7, 0xfb, 0x60, 0x3, 0xf5, 0x50,
    0xd1, 0x6, 0xfa, 0x20, 0x76, 0x60, 0xea, 0x7d,
    0x76, 0xe7, 0x2d, 0xb, 0x41, 0x8, 0xd, 0x10,
    0xa, 0x10, 0xcd, 0xe0, 0xa8, 0x6, 0x2, 0x3d,
    0x80, 0x8c, 0x51, 0x60, 0x7d, 0xde, 0x80, 0xe1,
    0xdc, 0x90, 0x2b, 0xbf, 0xe0, 0x1, 0xb0, 0x93,
    0x22, 0x7c, 0x40, 0x1a, 0x3, 0xc, 0x2, 0x1a,
    0x30, 0xe, 0x66, 0xe, 0x6e, 0x6f, 0x2d, 0x80,
    0x7a, 0x6d, 0x8, 0xc9, 0x2a, 0x0, 0x3e, 0x4b,
    0x50, 0xcb, 0x50, 0xf, 0xfe, 0x28,

    /* U+04C0 "Ӏ" */
    0xdf, 0x30, 0xf, 0xfe, 0xd8,

    /* U+04C1 "Ӂ" */
    0x0, 0xfb, 0xe4, 0x0, 0x5b, 0x40, 0x1f, 0xfc,
    0x2a, 0x7f, 0xf6, 0xb5, 0x80, 0x7f, 0xf0, 0x97,
    0xb9, 0xbf, 0x62, 0x1, 0xff, 0xc4, 0x12, 0x0,
    0xff, 0xf, 0x79, 0x80, 0x75, 0xfa, 0x0, 0x74,
    0xfc, 0x0, 0xd8, 0x78, 0x7, 0xff, 0x0, 0xd8,
    0xa0, 0x0, 0xaa, 0x36, 0x0, 0xff, 0xb8, 0x24,
    0x3, 0x58, 0x48, 0x80, 0x7f, 0x39, 0x2a, 0x0,
    0x61, 0x90, 0xb0, 0xf, 0xc5, 0x3, 0x60, 0x1e,
    0x63, 0x54, 0x0, 0xfa, 0x42, 0xc4, 0x3, 0xef,
    0xb, 0xff, 0x20, 0x5f, 0xf9, 0xd, 0x40, 0x3f,
    0x58, 0x9, 0x10, 0x0, 0x45, 0x1, 0x90, 0x7,
    0xc4, 0xe1, 0xbb, 0x20, 0x4e, 0xe9, 0x82, 0x40,
    0x3e, 0xe0, 0x73, 0x0, 0xfa, 0x5, 0x14, 0x3,
    0x98, 0xc6, 0x0, 0x3f, 0xd, 0x85, 0x88, 0x4,
    0x32, 0x14, 0x1, 0xfe, 0x54, 0x1b, 0x0, 0xac,
    0x15, 0x0, 0x3f, 0xe9, 0x5, 0x40, 0x55, 0x5,
    0x80, 0x7f, 0xf0, 0xa, 0x2, 0x40,

    /* U+04C2 "ӂ" */
    0x0, 0xe9, 0xb0, 0xb, 0x24, 0x3, 0xfd, 0x88,
    0x80, 0x53, 0xc0, 0xf, 0xf2, 0xb5, 0xfd, 0x3a,
    0x80, 0x7f, 0xd3, 0xfb, 0xf0, 0x1, 0xe2, 0xfd,
    0x0, 0xcf, 0xae, 0x1, 0xbb, 0xc8, 0x8c, 0x4e,
    0x1, 0xfc, 0xe2, 0xe4, 0x12, 0x30, 0x20, 0x1f,
    0xc, 0xc, 0x0, 0x50, 0x10, 0x1, 0xf5, 0x85,
    0x80, 0x66, 0x36, 0x30, 0xe, 0x35, 0x35, 0x0,
    0xe8, 0xc, 0xf8, 0x8, 0xfc, 0x8, 0x0, 0xf7,
    0x81, 0xa1, 0x1, 0x21, 0x7, 0x0, 0x73, 0x21,
    0x65, 0xd0, 0x55, 0xe9, 0x2a, 0x80, 0x21, 0x90,
    0xe0, 0xf, 0xa4, 0x2c, 0x40, 0x14, 0xe, 0x60,
    0x1f, 0x23, 0xd, 0x3, 0x21, 0x40, 0x7, 0xf4,
    0x92, 0x30,

    /* U+04C3 "Ӄ" */
    0xdf, 0x20, 0xf, 0x6f, 0xa0, 0x7, 0xe9, 0x27,
    0x40, 0xf, 0x95, 0x8e, 0x0, 0x3e, 0x1b, 0x1d,
    0x0, 0xfd, 0xa3, 0x42, 0x1, 0xf4, 0x1b, 0xa0,
    0x7, 0x6f, 0xf9, 0xca, 0x0, 0x3c, 0x45, 0x1,
    0x30, 0x7, 0xbf, 0x75, 0x61, 0x2a, 0x1, 0xf9,
    0x2c, 0x28, 0xc0, 0x3f, 0x24, 0x86, 0x88, 0x7,
    0xe6, 0x51, 0xa0, 0xf, 0xeb, 0x4, 0x30, 0xf,
    0xc2, 0xe1, 0x3b, 0xe4, 0x1, 0xed, 0x6, 0x0,
    0xfe, 0xc0, 0x70, 0xf, 0x4e, 0xe9, 0x83, 0x80,
    0x3d, 0xc6, 0x44, 0x95,

    /* U+04C4 "ӄ" */
    0x2f, 0xc0, 0xc, 0x3b, 0xe4, 0x1, 0xf5, 0x15,
    0x10, 0x7, 0xa1, 0x1d, 0x40, 0x3c, 0x8e, 0x90,
    0x1, 0x8e, 0xee, 0x1b, 0x0, 0xf2, 0x20, 0x5,
    0x0, 0x38, 0xff, 0xd6, 0x16, 0x60, 0x1f, 0x25,
    0x7, 0x0, 0x7e, 0x56, 0x28, 0x0, 0xfd, 0x0,
    0xe0, 0x1f, 0x85, 0x41, 0xb, 0xf0, 0x3, 0x88,
    0x8, 0x3, 0xf1, 0x81, 0x80, 0x75, 0xdb, 0x10,
    0x54, 0x3, 0x85, 0x4c, 0xd8, 0x0,

    /* U+04C5 "Ӆ" */
    0x0, 0x93, 0xff, 0xfa, 0x80, 0x3e, 0x13, 0x3e,
    0x20, 0xf, 0x84, 0x27, 0x33, 0xa0, 0x3, 0xf8,
    0x40, 0x3f, 0xf8, 0x26, 0x6, 0x1, 0xff, 0xc1,
    0x10, 0xf, 0xfe, 0x28, 0x80, 0x7f, 0xf0, 0x78,
    0x1c, 0x3, 0xff, 0x82, 0x60, 0x20, 0x1f, 0xfc,
    0x17, 0x2, 0x0, 0xff, 0xe0, 0x9, 0x10, 0x3,
    0xff, 0x83, 0x0, 0xa0, 0x1f, 0xf4, 0x6b, 0x4,
    0x80, 0x78, 0xc1, 0x31, 0x8c, 0x89, 0x62, 0x1,
    0xe1, 0x1, 0x32, 0xbf, 0xd4, 0x0, 0xf9, 0xfc,
    0xc1, 0x0, 0x3f, 0xf8, 0x26, 0xa0, 0x1f, 0xfc,
    0x14, 0xf, 0x0,

    /* U+04C6 "ӆ" */
    0x0, 0x1f, 0xff, 0xe0, 0xc, 0xe0, 0x48, 0x98,
    0x3, 0xf5, 0x5d, 0xe0, 0xf, 0x8, 0x8, 0x7,
    0xf8, 0xc0, 0xc0, 0x3f, 0xc2, 0x2, 0x1, 0xfe,
    0xf0, 0x60, 0xf, 0xf1, 0x81, 0x0, 0x7f, 0x12,
    0x18, 0x7, 0xf4, 0xe0, 0x50, 0x7, 0xd6, 0xc8,
    0x2c, 0xc0, 0xf, 0x90, 0xb7, 0xe4, 0x3, 0xde,
    0xc0, 0x80, 0x1f, 0xe4, 0x40, 0x7, 0xfd, 0x5e,
    0x0,

    /* U+04C7 "Ӈ" */
    0xdf, 0x30, 0xf, 0xb3, 0xcc, 0x3, 0xff, 0xef,
    0x9f, 0xff, 0x18, 0x6, 0x23, 0x3f, 0x80, 0x3b,
    0xb3, 0x3e, 0x30, 0xf, 0xff, 0xbe, 0xf9, 0x80,
    0x7f, 0xf2, 0x8, 0x4, 0x3, 0xc5, 0xb3, 0xa2,
    0x64, 0x1, 0xe1, 0x36, 0x24, 0xd0, 0xf, 0x8f,
    0xb9, 0xf6, 0x20,

    /* U+04C8 "ӈ" */
    0x2f, 0xc0, 0xe, 0x1f, 0xd0, 0xf, 0xfe, 0xb9,
    0x5d, 0xf5, 0x0, 0x61, 0x44, 0xf0, 0x6, 0x3f,
    0xfe, 0xe0, 0xf, 0xff, 0x11, 0x7e, 0x0, 0x7f,
    0xf1, 0x10, 0x18, 0x3, 0x9f, 0x2e, 0x83, 0x80,
    0x38, 0x44, 0x83, 0xa,

    /* U+04C9 "Ӊ" */
    0xdf, 0x30, 0xf, 0xb3, 0xcc, 0x3, 0xff, 0xfe,
    0x1, 0xb3, 0xff, 0xe3, 0x0, 0xf1, 0x19, 0xfc,
    0x1, 0xf7, 0x66, 0x7c, 0x60, 0x1f, 0xff, 0x1e,
    0xc2, 0x0, 0xff, 0xe0, 0x11, 0x5b, 0xe6, 0x1,
    0xf6, 0x70, 0x38, 0x7, 0xff, 0x1, 0x3, 0x40,
    0x3f, 0xf8, 0x18, 0x8, 0x0,

    /* U+04CA "ӊ" */
    0x2f, 0xc0, 0xe, 0x3f, 0xb0, 0xf, 0xff, 0x61,
    0xff, 0xf6, 0x0, 0x78, 0x51, 0x38, 0xc0, 0x3c,
    0x57, 0x7d, 0xe0, 0x1f, 0xfc, 0xf5, 0xb3, 0x0,
    0xfc, 0xe0, 0x28, 0x44, 0xfc, 0x0, 0xe4, 0xf2,
    0x20, 0x80, 0x7f, 0x89, 0x40, 0x3f, 0xc2, 0xf4,
    0x0,

    /* U+04CB "Ӌ" */
    0xff, 0x0, 0x7d, 0x1e, 0xe0, 0x1f, 0xfe, 0x42,
    0x6, 0x0, 0xfe, 0xa0, 0x97, 0x10, 0x13, 0x76,
    0x0, 0x3a, 0x84, 0x77, 0xf6, 0x40, 0x80, 0x55,
    0x6c, 0x66, 0x47, 0xb7, 0x0, 0xc9, 0x39, 0x8b,
    0x84, 0x0, 0xff, 0xeb, 0x5e, 0x30, 0x7, 0xf2,
    0x18, 0x87, 0x80, 0x7e, 0x1f, 0xf4, 0x0, 0x7f,
    0xf3, 0x0,

    /* U+04CC "ӌ" */
    0x3f, 0xb0, 0xe, 0xaf, 0x40, 0xf, 0xfe, 0xa9,
    0x2, 0x18, 0x6, 0x60, 0x0, 0xb0, 0x65, 0xd6,
    0x79, 0x80, 0x53, 0x4, 0x8a, 0x2e, 0x60, 0x19,
    0xf7, 0xfd, 0xb0, 0xc0, 0x1f, 0xfc, 0x75, 0xa4,
    0x0, 0xfd, 0xaa, 0x20, 0x1f, 0xea, 0xf4, 0x0,
    0xff, 0xe2, 0xe3, 0xb8, 0x0,

    /* U+04CD "Ӎ" */
    0xdf, 0x20, 0xf, 0xf6, 0xf8, 0x80, 0x69, 0x0,
    0xfe, 0x72, 0x0, 0xf2, 0x20, 0x3, 0xe1, 0x80,
    0xf, 0xd2, 0x1, 0xf5, 0x80, 0x7e, 0x62, 0x70,
    0xe, 0x35, 0x42, 0x0, 0xf5, 0x94, 0x10, 0x6,
    0xf0, 0x90, 0xf, 0x8e, 0x42, 0x0, 0x26, 0x37,
    0x20, 0xf, 0xc8, 0x85, 0x40, 0x18, 0x28, 0x0,
    0xff, 0x48, 0x48, 0x40, 0xc0, 0x7, 0xfc, 0x4e,
    0x54, 0xc8, 0xa0, 0x1f, 0xfc, 0x8, 0x25, 0x9,
    0x0, 0xff, 0xe1, 0x48, 0x39, 0x0, 0x7f, 0xf0,
    0x93, 0x20, 0x3, 0xdb, 0x84, 0x1, 0xf1, 0x80,
    0x7c, 0x64, 0x4d, 0xf1, 0x0, 0xff, 0x6f, 0x3,
    0x80, 0x7f, 0xf0, 0xd0, 0x34, 0x3, 0xff, 0x87,
    0x80, 0x80,

    /* U+04CE "ӎ" */
    0x2f, 0xf1, 0x0, 0x78, 0x7b, 0xc4, 0x3, 0x40,
    0x7, 0xa0, 0x40, 0x3c, 0xa6, 0x1, 0x89, 0x80,
    0x3c, 0x81, 0xe0, 0x1a, 0x41, 0x0, 0x38, 0x60,
    0xd4, 0x0, 0x88, 0x81, 0x0, 0xf3, 0x8d, 0x80,
    0x24, 0x9c, 0x3, 0xf5, 0x8b, 0xb8, 0xa4, 0x3,
    0xf9, 0x4e, 0x20, 0x88, 0x0, 0xff, 0x78, 0x2,
    0x40, 0x3f, 0xe3, 0x78, 0x20, 0x0, 0x86, 0xd0,
    0x7, 0xa1, 0xc0, 0x27, 0x3, 0x31, 0x7d, 0x0,
    0x7e, 0xcb, 0xc, 0x0, 0xff, 0xe0, 0x60, 0x20,
    0x7, 0xff, 0x3, 0x64, 0x40,

    /* U+04CF "ӏ" */
    0x4, 0x32, 0xbf, 0x0, 0xff, 0xef, 0x0,

    /* U+04D0 "Ӑ" */
    0x0, 0xd7, 0x82, 0x3, 0x5c, 0x1, 0xfa, 0x43,
    0xbf, 0x9e, 0x80, 0x3f, 0x16, 0x76, 0xf6, 0xa0,
    0x7, 0xf8, 0x48, 0x40, 0x3f, 0xf8, 0x15, 0xf8,
    0x1, 0xff, 0xa, 0x81, 0x98, 0x3, 0xfd, 0x20,
    0xc1, 0x0, 0x1f, 0xe7, 0x19, 0x34, 0x20, 0xf,
    0xce, 0x12, 0x12, 0x16, 0x1, 0xfa, 0x41, 0x81,
    0x45, 0x84, 0x3, 0xca, 0x2c, 0x20, 0x9, 0x9,
    0x0, 0xf4, 0x5, 0x80, 0x4c, 0xc, 0x1, 0xc8,
    0x48, 0x40, 0x10, 0xb0, 0xb0, 0x6, 0xf0, 0x4f,
    0xfe, 0x60, 0xb0, 0x8, 0x90, 0x55, 0x7e, 0x22,
    0x28, 0x2, 0x2, 0x2a, 0xbe, 0x90, 0x90, 0x15,
    0x16, 0x0, 0xf9, 0x8, 0xcd, 0x20, 0xc0, 0x1f,
    0xd6, 0x10,

    /* U+04D1 "ӑ" */
    0x0, 0x2f, 0x80, 0x4f, 0xc0, 0x19, 0x2, 0x0,
    0xa5, 0x0, 0x30, 0xd3, 0x7e, 0x95, 0x80, 0x72,
    0xf6, 0xf6, 0x8, 0x6, 0x5b, 0xed, 0xeb, 0x40,
    0xa, 0x29, 0x9, 0x9, 0x2d, 0x40, 0x14, 0xdd,
    0x97, 0xb2, 0x16, 0x0, 0x29, 0x10, 0x9, 0x88,
    0x44, 0x1, 0x84, 0x78, 0xc, 0x1, 0x3d, 0xdc,
    0x60, 0x21, 0x4c, 0xb5, 0x77, 0x10, 0x4, 0xa3,
    0x6a, 0x89, 0x8, 0x6, 0x10, 0xc, 0x66, 0x0,
    0x9c, 0x35, 0xda, 0x70, 0x40, 0x28, 0x90, 0x89,
    0x5a, 0x40, 0x0,

    /* U+04D2 "Ӓ" */
    0x0, 0xc5, 0xd0, 0xb, 0xe8, 0x1, 0xfc, 0x22,
    0x2, 0x1, 0x0, 0xfc, 0x5d, 0x20, 0xfc, 0xa0,
    0x1f, 0xc2, 0x1, 0x8, 0x7, 0xfd, 0x5f, 0x80,
    0x1f, 0xf0, 0xa8, 0x19, 0x80, 0x3f, 0xd2, 0xc,
    0x10, 0x1, 0xfe, 0x71, 0x93, 0x42, 0x0, 0xfc,
    0xe1, 0x21, 0x21, 0x60, 0x1f, 0xa4, 0x18, 0x14,
    0x58, 0x40, 0x3c, 0xa2, 0xc2, 0x0, 0x90, 0x90,
    0xf, 0x40, 0x58, 0x4, 0xc0, 0xc0, 0x1c, 0x84,
    0x84, 0x1, 0xb, 0xb, 0x0, 0x6f, 0x4, 0xff,
    0xe6, 0xb, 0x0, 0x89, 0x5, 0x57, 0xe2, 0x22,
    0x80, 0x20, 0x22, 0xab, 0xe9, 0x9, 0x1, 0x51,
    0x60, 0xf, 0x90, 0x8c, 0xd2, 0xc, 0x1, 0xfd,
    0x61, 0x0,

    /* U+04D3 "ӓ" */
    0x0, 0xb6, 0xc0, 0xfd, 0xc0, 0x38, 0xdc, 0x2,
    0xf0, 0xe, 0xec, 0x3, 0xe8, 0x0, 0xcb, 0x7d,
    0xfe, 0xa4, 0x0, 0xa2, 0x90, 0x90, 0x92, 0xd4,
    0x1, 0x4d, 0xd9, 0x7b, 0x21, 0x60, 0x2, 0x91,
    0x0, 0x98, 0x84, 0x40, 0x18, 0x47, 0x80, 0xc0,
    0x13, 0xdd, 0xc6, 0x2, 0x14, 0xcb, 0x57, 0x71,
    0x0, 0x4a, 0x36, 0xa8, 0x90, 0x80, 0x61, 0x0,
    0xc6, 0x60, 0x9, 0xc3, 0x5d, 0xa7, 0x4, 0x2,
    0x89, 0x8, 0x95, 0xa4, 0x0, 0x0,

    /* U+04D4 "Ӕ" */
    0x0, 0xfd, 0x9f, 0xff, 0xeb, 0x0, 0xf9, 0x8c,
    0x40, 0x6, 0x7f, 0x80, 0x3c, 0x30, 0x34, 0x7,
    0x99, 0xf4, 0x0, 0x7a, 0x6, 0x1c, 0x3, 0xff,
    0x86, 0x6c, 0x6c, 0x1, 0xff, 0xc4, 0xf0, 0xf0,
    0xf, 0xfe, 0x23, 0x1a, 0x98, 0x4, 0x7f, 0xfe,
    0xd0, 0xc, 0x30, 0x16, 0x1, 0xc6, 0x7e, 0x40,
    0xd, 0x3, 0x2, 0x1, 0x8f, 0x33, 0xd2, 0x1,
    0x1b, 0x4, 0x7f, 0xd8, 0x1, 0xff, 0xc0, 0xf0,
    0x55, 0xe4, 0x0, 0xff, 0x94, 0xd6, 0xab, 0xa0,
    0x3, 0xfe, 0xb0, 0x80, 0xf, 0x8f, 0x33, 0xf4,
    0x8b, 0x90, 0x7, 0xe3, 0x3f, 0xc0,

    /* U+04D5 "ӕ" */
    0x0, 0x2d, 0xf7, 0xf5, 0x98, 0xc, 0x77, 0xf5,
    0x10, 0x5, 0x14, 0x84, 0x86, 0x98, 0xde, 0xe0,
    0x86, 0xba, 0xa0, 0xa, 0x6e, 0xcb, 0xd9, 0x9,
    0x18, 0xeb, 0xdb, 0xa, 0x20, 0x29, 0x10, 0x9,
    0x88, 0x19, 0xc0, 0x24, 0x90, 0xa0, 0xc, 0x23,
    0xc1, 0x82, 0x3c, 0x80, 0x80, 0x9, 0xee, 0xe3,
    0xa, 0xee, 0xed, 0x2, 0xa, 0x65, 0xab, 0xb8,
    0x81, 0xee, 0xfe, 0xa0, 0x51, 0xb5, 0x44, 0x80,
    0x2, 0x89, 0xf8, 0x0, 0x22, 0x0, 0x94, 0x81,
    0x94, 0x3, 0x33, 0x80, 0x1c, 0x3e, 0x62, 0xe8,
    0xec, 0x6b, 0x22, 0x19, 0x34, 0x0, 0x89, 0x26,
    0x76, 0x8c, 0x4f, 0x71, 0x77, 0xc, 0x68, 0x0,

    /* U+04D6 "Ӗ" */
    0x3, 0xf6, 0x0, 0x1f, 0xb8, 0x4, 0x71, 0x3f,
    0xec, 0x57, 0x0, 0xcf, 0xfd, 0xbf, 0x40, 0x1f,
    0x9, 0x0, 0x76, 0xff, 0xff, 0x8, 0x0, 0x8c,
    0xfe, 0x10, 0x7, 0x66, 0x7c, 0x1, 0xff, 0xd8,
    0xcf, 0xff, 0x18, 0x4, 0x67, 0xf0, 0x80, 0x5f,
    0x99, 0xe2, 0x0, 0xff, 0xec, 0x76, 0x67, 0xc8,
    0x0, 0x23, 0x3f, 0x84,

    /* U+04D7 "ӗ" */
    0x0, 0x9c, 0xc0, 0x28, 0x20, 0xe, 0xbf, 0x10,
    0x77, 0x0, 0x7b, 0x87, 0xbe, 0x24, 0x80, 0x38,
    0xb7, 0xb7, 0xd8, 0x3, 0xf0, 0x90, 0x7, 0xe4,
    0xbf, 0xf6, 0xb8, 0x7, 0x45, 0xa1, 0xa1, 0xc6,
    0x0, 0x4a, 0xe5, 0xb9, 0x7c, 0xc7, 0x20, 0x9,
    0xf, 0x20, 0xa, 0x4d, 0x84, 0xc, 0x8c, 0x47,
    0x90, 0x10, 0x40, 0xbb, 0xbc, 0xe0, 0x62, 0x3,
    0x77, 0xf9, 0xc0, 0xc4, 0x11, 0x3e, 0x10, 0x80,
    0xa4, 0x0, 0x8a, 0xc8, 0x0, 0x90, 0x37, 0xd9,
    0xba, 0x45, 0x0, 0x9f, 0x14, 0xc, 0xc9, 0x6e,
    0x0,

    /* U+04D8 "Ә" */
    0x0, 0xc9, 0x3b, 0xfe, 0xd9, 0x30, 0xf, 0xd,
    0xd9, 0x88, 0xb3, 0x65, 0x8, 0x6, 0x74, 0x3b,
    0xfd, 0xd7, 0xc8, 0xae, 0x80, 0x66, 0xcc, 0x20,
    0x6, 0x6f, 0x23, 0x80, 0xc, 0x60, 0x1f, 0xf,
    0x3, 0x80, 0x7f, 0xf0, 0x4c, 0xc0, 0x85, 0xff,
    0xff, 0xc0, 0x30, 0x20, 0x9, 0xdf, 0xfc, 0x40,
    0x2, 0x0, 0x44, 0x7f, 0x84, 0x8, 0x10, 0x1c,
    0x3, 0xf1, 0x98, 0x10, 0x3c, 0x20, 0xc0, 0x3c,
    0x3c, 0x10, 0x0, 0x46, 0xc, 0x70, 0xc, 0xde,
    0x48, 0xe0, 0x14, 0xb8, 0x47, 0xee, 0xbe, 0x45,
    0x6c, 0x3, 0xa3, 0x58, 0x8b, 0x2e, 0x50, 0x4,

    /* U+04D9 "ә" */
    0x0, 0x14, 0xf7, 0xfb, 0x18, 0x3, 0x1e, 0xb0,
    0x19, 0x1c, 0xd8, 0x4, 0x69, 0x7d, 0x9b, 0xa3,
    0x49, 0x0, 0xad, 0x0, 0x22, 0xd1, 0x61, 0x1,
    0x1f, 0x81, 0x1, 0xb, 0xbb, 0xf2, 0x81, 0x98,
    0xa, 0xef, 0xc8, 0x6, 0x24, 0x45, 0x44, 0xe6,
    0x4, 0x8, 0xd, 0x10, 0xa, 0x89, 0x84, 0x15,
    0x8f, 0xb2, 0xf9, 0x4e, 0x40, 0x29, 0xa3, 0x32,
    0x1c, 0x60, 0x0,

    /* U+04DA "Ӛ" */
    0x0, 0xf0, 0x80, 0x7f, 0xf0, 0x9f, 0x90, 0x33,
    0xc4, 0x3, 0xf8, 0x41, 0xc1, 0x88, 0x40, 0x3f,
    0x9b, 0xcc, 0x2b, 0x40, 0x3f, 0xf9, 0xa9, 0x3b,
    0xfe, 0xd9, 0x30, 0xf, 0xd, 0xd9, 0x88, 0xb3,
    0x65, 0x8, 0x6, 0x74, 0x3b, 0xfd, 0xd7, 0xc8,
    0xae, 0x80, 0x66, 0xcc, 0x20, 0x6, 0x6f, 0x23,
    0x80, 0xc, 0x60, 0x1f, 0xf, 0x3, 0x80, 0x7f,
    0xf0, 0x4c, 0xc0, 0x85, 0xff, 0xff, 0xc0, 0x30,
    0x20, 0x9, 0xdf, 0xfc, 0x40, 0x2, 0x0, 0x44,
    0x7f, 0x84, 0x8, 0x10, 0x1c, 0x3, 0xf1, 0x98,
    0x10, 0x3c, 0x20, 0xc0, 0x3c, 0x3c, 0x10, 0x0,
    0x46, 0xc, 0x70, 0xc, 0xde, 0x48, 0xe0, 0x14,
    0xb8, 0x47, 0xee, 0xbe, 0x45, 0x6c, 0x3, 0xa3,
    0x58, 0x8b, 0x2e, 0x50, 0x4,

    /* U+04DB "ӛ" */
    0x0, 0xa3, 0x88, 0x33, 0x0, 0x1e, 0x11, 0x0,
    0x8, 0x40, 0x3d, 0x3e, 0x41, 0xda, 0x1, 0xc5,
    0x3d, 0xfe, 0xc6, 0x0, 0xc7, 0xac, 0x6, 0x47,
    0x36, 0x1, 0x1a, 0x5f, 0x66, 0xe8, 0xd2, 0x40,
    0x2b, 0x40, 0x8, 0xb4, 0x58, 0x40, 0x47, 0xe0,
    0x40, 0x42, 0xee, 0xfc, 0xa0, 0x66, 0x2, 0xbb,
    0xf2, 0x1, 0x89, 0x11, 0x51, 0x39, 0x81, 0x2,
    0x3, 0x44, 0x2, 0xa2, 0x61, 0x5, 0x63, 0xec,
    0xbe, 0x53, 0x90, 0xa, 0x68, 0xcc, 0x87, 0x18,
    0x0,

    /* U+04DC "Ӝ" */
    0x0, 0xf9, 0x7d, 0x2, 0x78, 0x40, 0x3f, 0xf8,
    0x46, 0x2, 0x4, 0x20, 0x1f, 0xfc, 0x36, 0xe5,
    0xb, 0xe1, 0x0, 0xff, 0xe1, 0x88, 0x4, 0x20,
    0x1f, 0x87, 0xbc, 0xc0, 0x3a, 0xfd, 0x0, 0x3a,
    0x7e, 0x0, 0x6c, 0x3c, 0x3, 0xff, 0x80, 0x6c,
    0x50, 0x0, 0x55, 0x1b, 0x0, 0x7f, 0xdc, 0x12,
    0x1, 0xac, 0x24, 0x40, 0x3f, 0x9c, 0x95, 0x0,
    0x30, 0xc8, 0x58, 0x7, 0xe2, 0x81, 0xb0, 0xf,
    0x31, 0xaa, 0x0, 0x7d, 0x21, 0x62, 0x1, 0xf7,
    0x85, 0xff, 0x90, 0x2f, 0xfc, 0x86, 0xa0, 0x1f,
    0xac, 0x4, 0x88, 0x0, 0x22, 0x80, 0xc8, 0x3,
    0xe2, 0x70, 0xdd, 0x90, 0x27, 0x74, 0xc1, 0x20,
    0x1f, 0x70, 0x39, 0x80, 0x7d, 0x2, 0x8a, 0x1,
    0xcc, 0x63, 0x0, 0x1f, 0x86, 0xc2, 0xc4, 0x2,
    0x19, 0xa, 0x0, 0xff, 0x2a, 0xd, 0x80, 0x56,
    0xa, 0x80, 0x1f, 0xf4, 0x82, 0xa0, 0x2a, 0x82,
    0xc0, 0x3f, 0xf8, 0x5, 0x1, 0x20,

    /* U+04DD "ӝ" */
    0x0, 0xe3, 0xf6, 0x7, 0xf3, 0x0, 0xff, 0x38,
    0x8, 0x78, 0x7, 0xff, 0x1, 0x39, 0xc2, 0x38,
    0xc0, 0x38, 0xbf, 0x40, 0x21, 0x7f, 0x71, 0x0,
    0xbb, 0xc8, 0x8c, 0x4e, 0x1, 0xfc, 0xe2, 0xe4,
    0x12, 0x30, 0x20, 0x1f, 0xc, 0xc, 0x0, 0x50,
    0x10, 0x1, 0xf5, 0x85, 0x80, 0x66, 0x36, 0x30,
    0xe, 0x35, 0x35, 0x0, 0xe8, 0xc, 0xf8, 0x8,
    0xfc, 0x8, 0x0, 0xf7, 0x81, 0xa1, 0x1, 0x21,
    0x7, 0x0, 0x73, 0x21, 0x65, 0xd0, 0x55, 0xe9,
    0x2a, 0x80, 0x21, 0x90, 0xe0, 0xf, 0xa4, 0x2c,
    0x40, 0x14, 0xe, 0x60, 0x1f, 0x23, 0xd, 0x3,
    0x21, 0x40, 0x7, 0xf4, 0x92, 0x30,

    /* U+04DE "Ӟ" */
    0x0, 0x84, 0x3, 0xfc, 0xfc, 0x81, 0x7e, 0x20,
    0x1c, 0x20, 0xe0, 0x23, 0x0, 0x73, 0x79, 0x85,
    0x70, 0x7, 0xff, 0x14, 0xa3, 0x3b, 0xfd, 0x90,
    0x20, 0x2, 0xd7, 0x33, 0x88, 0xdf, 0xc8, 0xa,
    0x33, 0xf7, 0x37, 0x94, 0x64, 0x0, 0xe6, 0x1,
    0x86, 0xc1, 0x40, 0x3f, 0x9c, 0x8, 0x2, 0x1a,
    0xaa, 0xf6, 0x42, 0x0, 0x23, 0x55, 0x90, 0x81,
    0x90, 0x2, 0x2f, 0xfd, 0xac, 0xca, 0x0, 0xfc,
    0x52, 0x8a, 0x80, 0x1f, 0xc6, 0x6, 0x20, 0x1f,
    0x8c, 0x1, 0x78, 0x80, 0x1d, 0x8, 0xa, 0x7,
    0x7f, 0xb9, 0xbe, 0xe1, 0x45, 0x58, 0xc4, 0x43,
    0x22, 0x36, 0xa8, 0x0,

    /* U+04DF "ӟ" */
    0x0, 0x37, 0x98, 0x56, 0x80, 0x61, 0x7, 0x6,
    0x31, 0x0, 0x9f, 0x90, 0x33, 0x84, 0x0, 0x73,
    0xff, 0x6c, 0x8, 0x3, 0x98, 0xd0, 0xc9, 0xf0,
    0x42, 0x77, 0x57, 0x9e, 0x64, 0xc0, 0x84, 0x1,
    0xac, 0x3, 0x84, 0x44, 0xb2, 0x4c, 0x1, 0x77,
    0x36, 0x86, 0x44, 0x2, 0xbb, 0xa4, 0xad, 0x40,
    0x24, 0x49, 0xb8, 0x24, 0x18, 0x40, 0x35, 0x83,
    0xa4, 0xf6, 0xdd, 0xb9, 0xc6, 0x12, 0xd4, 0x11,
    0x6, 0xde, 0x60,

    /* U+04E0 "Ӡ" */
    0xd, 0xff, 0xfd, 0xa0, 0x7, 0x33, 0xf0, 0x1,
    0x80, 0x15, 0x99, 0xd6, 0x7, 0x60, 0x1f, 0x3c,
    0x1e, 0x0, 0x7c, 0xf0, 0x78, 0x1, 0xf2, 0x40,
    0x2a, 0x0, 0x7c, 0x40, 0x6, 0xbd, 0x20, 0xe,
    0x6f, 0xf6, 0x29, 0x60, 0x7, 0xe3, 0xa3, 0x15,
    0x0, 0xfe, 0x40, 0x20, 0x20, 0xf, 0x8c, 0x8,
    0x76, 0x48, 0x3, 0x3a, 0x2, 0x19, 0x36, 0xf6,
    0xeb, 0xe0, 0x28, 0x4b, 0x69, 0x40, 0x8a, 0x6d,
    0x50,

    /* U+04E1 "ӡ" */
    0xe, 0xff, 0xfc, 0x80, 0x86, 0x7e, 0x0, 0x30,
    0x56, 0x67, 0x30, 0x41, 0x0, 0x79, 0x95, 0x1c,
    0x3, 0xc7, 0x23, 0x40, 0x1e, 0x1d, 0xd, 0x10,
    0xf, 0x58, 0x92, 0x10, 0x7, 0x98, 0xa, 0x36,
    0x0, 0x3b, 0x3f, 0xa8, 0x5d, 0x40, 0x3c, 0x2b,
    0x61, 0xc0, 0x1f, 0x90, 0x18, 0x8, 0x3, 0xc4,
    0x2, 0x2d, 0x81, 0x0, 0x8b, 0x82, 0x8c, 0x9f,
    0xb6, 0xf3, 0x49, 0x18, 0xb6, 0x50, 0xd0, 0xcd,
    0x36, 0x0,

    /* U+04E2 "Ӣ" */
    0x0, 0xff, 0xe1, 0x8f, 0xff, 0x9c, 0x3, 0x87,
    0x33, 0xcc, 0x1, 0xe3, 0x3f, 0x8, 0x5, 0xbe,
    0x40, 0x1e, 0x1e, 0xf4, 0x0, 0xfe, 0xa1, 0x0,
    0xff, 0x3a, 0x0, 0x7f, 0x92, 0x0, 0x80, 0x3f,
    0xd, 0x5, 0x30, 0x7, 0xed, 0x17, 0x50, 0xf,
    0xd0, 0x66, 0x80, 0xf, 0xca, 0xe3, 0xa0, 0x1f,
    0x8a, 0x82, 0x84, 0x3, 0xe1, 0xf0, 0x84, 0x0,
    0xfd, 0xe4, 0x8e, 0x1, 0xfc, 0x65, 0x40, 0x1f,
    0xf7, 0x8, 0x7, 0xfa, 0x4c, 0x3, 0xf8,

    /* U+04E3 "ӣ" */
    0x0, 0x3f, 0xff, 0x84, 0x3, 0x36, 0x67, 0x84,
    0x3, 0x9, 0x9f, 0x80, 0x22, 0xfc, 0x0, 0xe2,
    0xff, 0x0, 0x7e, 0x1f, 0x0, 0xff, 0x51, 0x0,
    0x7f, 0x42, 0x28, 0x80, 0x7c, 0xae, 0x54, 0x1,
    0xf1, 0xd0, 0xf8, 0x7, 0xc3, 0xa1, 0x44, 0x1,
    0xf6, 0x8c, 0x20, 0x7, 0xc6, 0x65, 0x70, 0xf,
    0xe3, 0xa0, 0xf, 0xe1, 0xd0, 0xf, 0xc0,

    /* U+04E4 "Ӥ" */
    0x0, 0x9f, 0xcc, 0x2f, 0x40, 0x3e, 0xf0, 0x9,
    0x8c, 0x3, 0xe8, 0xe3, 0xd, 0xe0, 0xf, 0xc2,
    0x1, 0xfb, 0x7c, 0x80, 0x3c, 0x3d, 0xe8, 0x1,
    0xfd, 0x42, 0x1, 0xfe, 0x74, 0x0, 0xff, 0x24,
    0x1, 0x0, 0x7e, 0x1a, 0xa, 0x60, 0xf, 0xda,
    0x2e, 0xa0, 0x1f, 0xa0, 0xcd, 0x0, 0x1f, 0x95,
    0xc7, 0x40, 0x3f, 0x15, 0x5, 0x8, 0x7, 0xc3,
    0xe1, 0x8, 0x1, 0xfb, 0xc9, 0x1c, 0x3, 0xf8,
    0xca, 0x80, 0x3f, 0xee, 0x10, 0xf, 0xf4, 0x98,
    0x7, 0xf0,

    /* U+04E5 "ӥ" */
    0x0, 0xb7, 0x0, 0xbd, 0xc0, 0x3c, 0x62, 0x2,
    0x1e, 0x1, 0xee, 0xd0, 0x3e, 0x80, 0x8, 0xbf,
    0x0, 0x30, 0x97, 0xf8, 0x3, 0xf0, 0xf8, 0x7,
    0xfa, 0x88, 0x3, 0xfa, 0x11, 0x44, 0x3, 0xe5,
    0x72, 0xa0, 0xf, 0x8e, 0x87, 0xc0, 0x3e, 0x1d,
    0xa, 0x20, 0xf, 0xb4, 0x61, 0x0, 0x3e, 0x33,
    0x2b, 0x80, 0x7f, 0x1d, 0x0, 0x7f, 0xe, 0x80,
    0x7e,

    /* U+04E6 "Ӧ" */
    0x0, 0xe1, 0x0, 0x84, 0x3, 0xf9, 0x3a, 0x2,
    0x38, 0xc0, 0x3f, 0x38, 0x70, 0x78, 0x7, 0xf8,
    0xfd, 0x81, 0xfc, 0xc0, 0x3f, 0xf9, 0x42, 0xf9,
    0xdf, 0xd8, 0xe0, 0x1e, 0x4f, 0x83, 0x2, 0x3,
    0x8e, 0x40, 0x9, 0x6c, 0x5b, 0x7b, 0x7b, 0x54,
    0x6d, 0x0, 0x68, 0x26, 0x44, 0x1, 0x15, 0x40,
    0x50, 0xc8, 0x2b, 0x0, 0x7c, 0xe8, 0x2c, 0xa1,
    0x20, 0x1f, 0xdc, 0x18, 0x40, 0x60, 0x1f, 0xce,
    0xa, 0x1, 0xff, 0xc3, 0x20, 0x30, 0xf, 0xe7,
    0x5, 0x50, 0x48, 0x7, 0xf7, 0x6, 0x48, 0x2b,
    0x0, 0x7c, 0xe8, 0x2c, 0x34, 0x13, 0x44, 0x1,
    0x1d, 0x40, 0x50, 0x82, 0xd8, 0xae, 0xf6, 0xf6,
    0x28, 0xda, 0x0, 0x49, 0xf0, 0x60, 0x40, 0x71,
    0xc8, 0x0,

    /* U+04E7 "ӧ" */
    0x0, 0x93, 0xd4, 0x23, 0x84, 0x3, 0x84, 0xc,
    0x8, 0x4c, 0x3, 0x97, 0x98, 0x2b, 0xc8, 0x3,
    0x8e, 0xbb, 0xfa, 0x48, 0x3, 0x3e, 0x21, 0x98,
    0x1b, 0x50, 0x0, 0x90, 0x37, 0xb9, 0xd2, 0x16,
    0x41, 0x1, 0x68, 0x1, 0x33, 0x85, 0x81, 0x8a,
    0x80, 0x75, 0x2, 0x8, 0x18, 0x7, 0x88, 0xc,
    0x40, 0xc0, 0x3c, 0x40, 0x60, 0x62, 0xa0, 0x1d,
    0x40, 0x81, 0x1, 0x68, 0x1, 0x33, 0x84, 0x2,
    0x40, 0xde, 0xe7, 0x48, 0x58, 0x80, 0x1f, 0x10,
    0xcc, 0xd, 0xa8, 0x0,

    /* U+04E8 "Ө" */
    0x0, 0x85, 0xf3, 0xbf, 0xb1, 0xc0, 0x3c, 0x9f,
    0x6, 0x4, 0x7, 0x1c, 0x80, 0x12, 0xd8, 0xc7,
    0x73, 0x7b, 0x5c, 0x6d, 0x0, 0x68, 0x75, 0xc4,
    0x2, 0x28, 0xc0, 0xa1, 0x90, 0x82, 0x0, 0xf8,
    0xe0, 0x59, 0x43, 0x6a, 0xbf, 0xb0, 0x30, 0x81,
    0x15, 0x7f, 0x90, 0x14, 0x1, 0xbf, 0xff, 0xd8,
    0x0, 0x20, 0x40, 0xf, 0xe4, 0x5, 0x50, 0x58,
    0x7, 0xf4, 0x86, 0x48, 0x14, 0x80, 0x7d, 0x42,
    0x26, 0x1a, 0x6, 0xb3, 0x0, 0x8f, 0x14, 0x28,
    0x41, 0x6c, 0x53, 0x3b, 0x7f, 0xc, 0x6d, 0x0,
    0x24, 0xf8, 0x30, 0x21, 0x38, 0xe4, 0x0, 0x0,

    /* U+04E9 "ө" */
    0x0, 0x8e, 0xfb, 0xfa, 0x48, 0x3, 0x3e, 0x21,
    0x98, 0x1b, 0x50, 0x0, 0x90, 0x37, 0xb9, 0xd2,
    0x16, 0x41, 0x1, 0x48, 0x1, 0x33, 0x85, 0x81,
    0x82, 0x88, 0xf5, 0x82, 0x8, 0x3, 0xbb, 0xd8,
    0x6, 0x20, 0xb, 0xbf, 0x48, 0x18, 0x18, 0xa,
    0x27, 0x70, 0x20, 0x40, 0x5a, 0x0, 0x4c, 0xe1,
    0x0, 0x90, 0x37, 0xb9, 0xd2, 0x16, 0x20, 0x7,
    0xc4, 0x33, 0x3, 0x6a, 0x0,

    /* U+04EA "Ӫ" */
    0x0, 0xe1, 0x0, 0x84, 0x3, 0xf9, 0x3a, 0x2,
    0x38, 0xc0, 0x3f, 0x38, 0x70, 0x78, 0x7, 0xf8,
    0xfd, 0x81, 0xfc, 0xc0, 0x3f, 0xf9, 0x42, 0xf9,
    0xdf, 0xd8, 0xe0, 0x1e, 0x4f, 0x83, 0x2, 0x3,
    0x8e, 0x40, 0x9, 0x6c, 0x63, 0xb9, 0xbd, 0xae,
    0x36, 0x80, 0x34, 0x3a, 0xe2, 0x1, 0x14, 0x60,
    0x50, 0xc8, 0x41, 0x0, 0x7c, 0x70, 0x2c, 0xa1,
    0xb5, 0x5f, 0xd8, 0x18, 0x40, 0x8a, 0xbf, 0xc8,
    0xa, 0x0, 0xdf, 0xff, 0xec, 0x0, 0x10, 0x20,
    0x7, 0xf2, 0x2, 0xa8, 0x2c, 0x3, 0xfa, 0x43,
    0x24, 0xa, 0x40, 0x3e, 0xa1, 0x13, 0xd, 0x3,
    0x59, 0x80, 0x47, 0x8a, 0x14, 0x20, 0xb6, 0x29,
    0x9d, 0xbf, 0x86, 0x36, 0x80, 0x12, 0x7c, 0x18,
    0x10, 0x9c, 0x72, 0x0, 0x0,

    /* U+04EB "ӫ" */
    0x0, 0x93, 0xd4, 0x23, 0x84, 0x3, 0x84, 0xc,
    0x8, 0x4c, 0x3, 0x97, 0x98, 0x2b, 0xc8, 0x3,
    0x8e, 0xbb, 0xfa, 0x48, 0x3, 0x3e, 0x21, 0x98,
    0x1b, 0x50, 0x0, 0x90, 0x37, 0xb9, 0xd2, 0x16,
    0x41, 0x1, 0x48, 0x1, 0x33, 0x85, 0x81, 0x82,
    0x88, 0xf5, 0x82, 0x8, 0x3, 0xbb, 0xd8, 0x6,
    0x20, 0xb, 0xbf, 0x48, 0x18, 0x18, 0xa, 0x27,
    0x70, 0x20, 0x40, 0x5a, 0x0, 0x4c, 0xe1, 0x0,
    0x90, 0x37, 0xb9, 0xd2, 0x16, 0x20, 0x7, 0xc4,
    0x33, 0x3, 0x6a, 0x0,

    /* U+04EC "Ӭ" */
    0x0, 0xc2, 0x1, 0x8, 0x7, 0xe5, 0xe6, 0x9,
    0xe2, 0x0, 0xf8, 0x40, 0xc0, 0x44, 0x1, 0xf9,
    0x3d, 0x42, 0x38, 0x80, 0x3f, 0xf9, 0x7, 0x3b,
    0xfe, 0xd9, 0x20, 0xe, 0x9c, 0x62, 0x20, 0x93,
    0x6c, 0x0, 0x44, 0xe5, 0x5f, 0xbd, 0xc8, 0x7,
    0x80, 0x1, 0x66, 0xa8, 0x4, 0x2f, 0x60, 0xe6,
    0x0, 0x20, 0xf, 0x91, 0xc2, 0x40, 0x3f, 0xea,
    0x4, 0x0, 0xec, 0xff, 0xed, 0x1, 0x0, 0xe4,
    0x4f, 0x80, 0x3e, 0x8b, 0xbe, 0x90, 0x10, 0xf,
    0xfa, 0x81, 0x0, 0x4, 0x1, 0xf2, 0x38, 0x48,
    0x16, 0x6a, 0x80, 0x43, 0x16, 0xe, 0x60, 0x4e,
    0x55, 0xfd, 0xd3, 0x84, 0x40, 0x2, 0x9c, 0x62,
    0x11, 0x13, 0x6b, 0x80, 0x40,

    /* U+04ED "ӭ" */
    0x0, 0x37, 0x98, 0x56, 0x80, 0x70, 0x83, 0x83,
    0x18, 0x80, 0x67, 0xe4, 0xc, 0xe1, 0x0, 0x86,
    0x73, 0xfd, 0x8e, 0x1, 0x1f, 0x30, 0xb2, 0x94,
    0x68, 0x81, 0xa6, 0x62, 0x6b, 0x9c, 0xb4, 0x1,
    0x66, 0x1, 0xa1, 0x4d, 0x0, 0x21, 0x22, 0xd8,
    0x18, 0x1, 0x4e, 0xee, 0x90, 0x20, 0xa, 0xab,
    0x9c, 0x8, 0x2, 0x25, 0x5c, 0x61, 0x81, 0x26,
    0x1, 0xa1, 0xd, 0xd, 0xb3, 0x15, 0x4e, 0x72,
    0xd0, 0x3e, 0x61, 0x55, 0x14, 0x68, 0x80,

    /* U+04EE "Ӯ" */
    0x0, 0xff, 0xe2, 0xbf, 0xff, 0x84, 0x3, 0xcd,
    0x99, 0xe1, 0x0, 0xf0, 0x99, 0xf8, 0x3, 0xff,
    0x8c, 0xdf, 0x60, 0x1f, 0xa7, 0xd5, 0x89, 0xc,
    0x3, 0xc4, 0xc4, 0xa1, 0x1, 0xe0, 0x1e, 0x80,
    0x90, 0x2, 0x99, 0x90, 0x3, 0x1a, 0xa2, 0x0,
    0x28, 0x8, 0x0, 0xde, 0x10, 0x1, 0x91, 0x6,
    0xa0, 0x4, 0x35, 0x30, 0xe, 0x80, 0x80, 0x4,
    0x5, 0x80, 0x78, 0xd4, 0x95, 0x46, 0xe2, 0x1,
    0xf4, 0x4, 0x40, 0x64, 0x3, 0xf1, 0x31, 0x12,
    0x44, 0x3, 0xfa, 0x80, 0x9c, 0x3, 0xf8, 0x7c,
    0x20, 0x3, 0xf6, 0xdf, 0x9a, 0xa8, 0x3, 0xe2,
    0x4, 0x7, 0xa0, 0xf, 0x80,

    /* U+04EF "ӯ" */
    0x0, 0xb7, 0xff, 0xac, 0x3, 0xdf, 0x99, 0xd2,
    0x1, 0xe2, 0x33, 0xe2, 0x0, 0xd7, 0xe8, 0x1,
    0xec, 0xf1, 0xf, 0xf, 0x0, 0xe3, 0x32, 0x88,
    0x21, 0x21, 0x0, 0x6a, 0x9, 0x0, 0xac, 0x2c,
    0x2, 0x16, 0x23, 0x0, 0x98, 0x18, 0x2, 0x60,
    0xb0, 0xe, 0x70, 0x60, 0x5, 0xb, 0x0, 0x75,
    0x5, 0x82, 0x13, 0x0, 0x78, 0x90, 0x93, 0xc2,
    0x40, 0x3e, 0xf0, 0x84, 0x51, 0x0, 0xf9, 0x8,
    0xc3, 0x80, 0x3f, 0xac, 0x9, 0x0, 0x3f, 0xb8,
    0x2c, 0x3, 0xc6, 0x0, 0x27, 0x16, 0x0, 0xe1,
    0xcd, 0xbd, 0xb, 0x0, 0xf0, 0xb9, 0xa1, 0x52,
    0x80, 0x78,

    /* U+04F0 "Ӱ" */
    0x0, 0xfc, 0x20, 0x1f, 0xdd, 0xa0, 0x7d, 0x0,
    0x1f, 0x8d, 0x80, 0x2f, 0x0, 0xfd, 0xb6, 0x7,
    0xee, 0x1, 0xff, 0xc6, 0x6f, 0xb0, 0xf, 0xd3,
    0xea, 0xc4, 0x86, 0x1, 0xe2, 0x62, 0x50, 0x80,
    0xf0, 0xf, 0x40, 0x48, 0x1, 0x4c, 0xc8, 0x1,
    0x8d, 0x51, 0x0, 0x14, 0x4, 0x0, 0x6f, 0x8,
    0x0, 0xc8, 0x83, 0x50, 0x2, 0x1a, 0x98, 0x7,
    0x40, 0x40, 0x2, 0x2, 0xc0, 0x3c, 0x6a, 0x4a,
    0xa3, 0x71, 0x0, 0xfa, 0x2, 0x20, 0x32, 0x1,
    0xf8, 0x98, 0x89, 0x22, 0x1, 0xfd, 0x40, 0x4e,
    0x1, 0xfc, 0x3e, 0x10, 0x1, 0xfb, 0x6f, 0xcd,
    0x54, 0x1, 0xf1, 0x2, 0x3, 0xd0, 0x7, 0xc0,

    /* U+04F1 "ӱ" */
    0x0, 0x8f, 0xd8, 0x1f, 0x88, 0x3, 0xce, 0x2,
    0x1c, 0x22, 0x0, 0xf2, 0x73, 0x84, 0xf1, 0x80,
    0x6b, 0xf4, 0x10, 0x8, 0x43, 0x3c, 0x43, 0xc3,
    0xc0, 0x38, 0xcc, 0xa2, 0x8, 0x48, 0x40, 0x1a,
    0x82, 0x40, 0x2b, 0xb, 0x0, 0x85, 0x88, 0xc0,
    0x26, 0x6, 0x0, 0x98, 0x2c, 0x3, 0x9c, 0x18,
    0x1, 0x42, 0xc0, 0x1d, 0x41, 0x60, 0x84, 0xc0,
    0x1e, 0x24, 0x24, 0xf0, 0x90, 0xf, 0xbc, 0x21,
    0x14, 0x40, 0x3e, 0x42, 0x30, 0xe0, 0xf, 0xeb,
    0x2, 0x40, 0xf, 0xee, 0xb, 0x0, 0xf1, 0x80,
    0x9, 0xc5, 0x80, 0x38, 0x73, 0x6f, 0x42, 0xc0,
    0x3c, 0x2e, 0x68, 0x54, 0xa0, 0x1e,

    /* U+04F2 "Ӳ" */
    0x0, 0xe2, 0xa8, 0x7, 0xa2, 0x0, 0xfa, 0x56,
    0x92, 0xc, 0x80, 0x3c, 0xc9, 0x65, 0x47, 0x20,
    0x1f, 0x37, 0xa0, 0x76, 0x0, 0x7f, 0xf1, 0x9b,
    0xec, 0x3, 0xf4, 0xfa, 0xb1, 0x21, 0x80, 0x78,
    0x98, 0x94, 0x20, 0x3c, 0x3, 0xd0, 0x12, 0x0,
    0x53, 0x32, 0x0, 0x63, 0x54, 0x40, 0x5, 0x1,
    0x0, 0x1b, 0xc2, 0x0, 0x32, 0x20, 0xd4, 0x0,
    0x86, 0xa6, 0x1, 0xd0, 0x10, 0x0, 0x80, 0xb0,
    0xf, 0x1a, 0x92, 0xa8, 0xdc, 0x40, 0x3e, 0x80,
    0x88, 0xc, 0x80, 0x7e, 0x26, 0x22, 0x48, 0x80,
    0x7f, 0x50, 0x13, 0x80, 0x7f, 0xf, 0x84, 0x0,
    0x7e, 0xdb, 0xf3, 0x55, 0x0, 0x7c, 0x40, 0x80,
    0xf4, 0x1, 0xf0,

    /* U+04F3 "ӳ" */
    0x0, 0xea, 0xf4, 0x3f, 0xc0, 0xf, 0x2a, 0xa1,
    0x38, 0x74, 0x3, 0xd8, 0xee, 0x47, 0xc1, 0x0,
    0xf4, 0xc0, 0x25, 0x10, 0x6, 0xbf, 0x40, 0xf,
    0x67, 0x88, 0x78, 0x78, 0x7, 0x19, 0x94, 0x41,
    0x9, 0x8, 0x3, 0x50, 0x48, 0x5, 0x61, 0x60,
    0x10, 0xb1, 0x18, 0x4, 0xc0, 0xc0, 0x13, 0x5,
    0x80, 0x73, 0x83, 0x0, 0x28, 0x58, 0x3, 0xa8,
    0x2c, 0x10, 0x98, 0x3, 0xc4, 0x84, 0x9e, 0x12,
    0x1, 0xf7, 0x84, 0x22, 0x88, 0x7, 0xc8, 0x46,
    0x1c, 0x1, 0xfd, 0x60, 0x48, 0x1, 0xfd, 0xc1,
    0x60, 0x1e, 0x30, 0x1, 0x38, 0xb0, 0x7, 0xe,
    0x6d, 0xe8, 0x58, 0x7, 0x85, 0xcd, 0xa, 0x94,
    0x3, 0xc0,

    /* U+04F4 "Ӵ" */
    0x0, 0x8f, 0xd8, 0x1f, 0x88, 0x3, 0xce, 0x2,
    0x1c, 0x22, 0x0, 0xf2, 0x73, 0x84, 0xf1, 0x80,
    0x7c, 0x20, 0x10, 0x80, 0x64, 0xfb, 0x0, 0xfb,
    0x3c, 0x80, 0x3f, 0xfd, 0xc, 0x8, 0x1, 0xfe,
    0x22, 0x5, 0x90, 0x4, 0x2c, 0x40, 0x17, 0x2,
    0x6f, 0x6f, 0x72, 0x44, 0x2, 0x3d, 0x62, 0x12,
    0x5, 0xa2, 0x0, 0xc5, 0x3b, 0xfe, 0xea, 0x51,
    0x0, 0xff, 0xf5, 0x0,

    /* U+04F5 "ӵ" */
    0x0, 0x1f, 0xb8, 0x37, 0x98, 0x7, 0xbc, 0x4,
    0x1c, 0x3, 0x1f, 0x40, 0x3f, 0x20, 0x0, 0xbf,
    0x4, 0x2, 0x19, 0xf5, 0x0, 0xff, 0xea, 0x98,
    0x10, 0x7, 0xe1, 0x21, 0x91, 0x2, 0x67, 0x0,
    0xb8, 0x5b, 0xbf, 0x64, 0x40, 0x23, 0xf9, 0x66,
    0x46, 0xb0, 0x6, 0x16, 0x99, 0x39, 0x0, 0x7f,
    0xf3, 0x40,

    /* U+04F6 "Ӷ" */
    0xdf, 0xff, 0xca, 0x0, 0x23, 0x3f, 0x8, 0x3,
    0xf3, 0x3c, 0x80, 0x1f, 0xff, 0xf0, 0xf, 0xfe,
    0x2f, 0xe1, 0x80, 0x71, 0x81, 0x1b, 0x80, 0x77,
    0x7b, 0x0, 0x7f, 0xf3, 0xc0,

    /* U+04F7 "ӷ" */
    0x2f, 0xff, 0xa8, 0x2, 0x44, 0xed, 0x0, 0x1d,
    0xdf, 0x38, 0x7, 0xff, 0xa8, 0x40, 0xed, 0x40,
    0x33, 0x80, 0x10, 0x80, 0x32, 0x7d, 0x0, 0x7f,
    0xf1, 0x5d, 0xc8, 0x1, 0x80,

    /* U+04F8 "Ӹ" */
    0x0, 0xeb, 0xd0, 0x1e, 0x90, 0xf, 0xf3, 0x98,
    0x0, 0x48, 0x3, 0xfd, 0x9c, 0x3, 0xd6, 0x1,
    0xff, 0xc2, 0x10, 0xf, 0x6f, 0x90, 0x7, 0xf9,
    0x3e, 0xc0, 0x3f, 0xfc, 0xd1, 0x55, 0x4c, 0x28,
    0x7, 0xf2, 0xae, 0x67, 0xad, 0x20, 0xf, 0xb7,
    0xff, 0x62, 0x17, 0x80, 0x7f, 0xf0, 0xe, 0xc8,
    0x88, 0x1, 0xff, 0xc1, 0x40, 0x30, 0xf, 0xfe,
    0x8, 0x80, 0x7f, 0xf0, 0xd0, 0x8, 0x3, 0xff,
    0x80, 0xe6, 0x2a, 0x1, 0xe8, 0xaa, 0xdd, 0x1,
    0x40, 0x1f, 0x2a, 0xf1, 0xb6, 0xa0, 0x7, 0x0,

    /* U+04F9 "ӹ" */
    0x0, 0xcb, 0xe8, 0x13, 0xc2, 0x1, 0xf1, 0x80,
    0x81, 0x8, 0x7, 0xe6, 0xe5, 0xb, 0xf1, 0x0,
    0x8b, 0xf0, 0x0, 0x20, 0x1d, 0x5e, 0x80, 0x1f,
    0xfd, 0x32, 0x20, 0x88, 0x3, 0xf8, 0xf7, 0x5d,
    0xcd, 0x50, 0xf, 0x8a, 0xaa, 0x72, 0xa4, 0x0,
    0xf0, 0xaa, 0xd1, 0x41, 0xc0, 0x1f, 0xf3, 0x3,
    0x0, 0x7f, 0xd6, 0xa, 0x1, 0xe2, 0x88, 0xad,
    0xc2, 0xc0, 0x3c, 0x2e, 0xf2, 0xab, 0x48, 0x3,
    0x0,

    /* U+04FA "Ӻ" */
    0x0, 0x27, 0xff, 0xee, 0x0, 0xe3, 0x3f, 0x28,
    0x6, 0x4c, 0xcf, 0x58, 0x7, 0xff, 0x60, 0xe3,
    0x81, 0xa2, 0x39, 0x1, 0x5d, 0x40, 0x9d, 0xfb,
    0x1, 0xbe, 0xc1, 0x3f, 0xfa, 0x0, 0x3f, 0xfb,
    0xa9, 0x90, 0x1, 0xf0, 0x80, 0xc, 0xc0, 0x1f,
    0x2f, 0xd8, 0x7, 0xfd, 0x80, 0x40, 0x1e, 0xab,
    0xb3, 0x85, 0x0, 0x78, 0x95, 0xa, 0x8c, 0x3,
    0x80,

    /* U+04FB "ӻ" */
    0x0, 0x57, 0xff, 0x94, 0x3, 0x1a, 0x26, 0x60,
    0xd, 0x17, 0x78, 0xc0, 0x3f, 0xe1, 0x10, 0x8,
    0xe0, 0x2, 0xf2, 0x5, 0x77, 0x4e, 0x9, 0x66,
    0x11, 0x77, 0x28, 0xa, 0x30, 0x1a, 0x24, 0x40,
    0x1f, 0xfc, 0x11, 0x8, 0xa0, 0xf, 0x38, 0x1a,
    0x0, 0x7b, 0x3c, 0x3, 0xf8, 0xc0, 0xc0, 0x33,
    0x65, 0x68, 0x50, 0x6, 0x31, 0x50, 0x87, 0x0,
    0xc0,

    /* U+04FC "Ӽ" */
    0x2f, 0xf2, 0x0, 0x7b, 0x3d, 0x8a, 0x82, 0x84,
    0x3, 0x39, 0xa3, 0x2, 0xb0, 0xd0, 0x4, 0x70,
    0x34, 0x1, 0x49, 0x23, 0x0, 0x38, 0x28, 0x40,
    0x37, 0x4, 0x94, 0x93, 0xa0, 0x7, 0x1c, 0x86,
    0x31, 0xc0, 0x7, 0xcc, 0x82, 0x1c, 0x1, 0xf8,
    0x54, 0x1, 0x40, 0x1f, 0xa8, 0x58, 0x1d, 0x40,
    0x3c, 0xe8, 0x73, 0x61, 0x44, 0x1, 0x8e, 0x3,
    0x81, 0x20, 0x3c, 0x3, 0x70, 0x51, 0x0, 0x1d,
    0xa, 0x40, 0x14, 0x4a, 0xa0, 0xd, 0x40, 0xc4,
    0xaa, 0x1a, 0x0, 0xe1, 0x60, 0xb5, 0xfe, 0x0,
    0xfb, 0x1, 0x0, 0x3f, 0xda, 0x2, 0x1, 0xf3,
    0xdd, 0x9c, 0x28, 0x3, 0xf3, 0x21, 0x4b, 0x0,

    /* U+04FD "ӽ" */
    0x3f, 0xe1, 0x0, 0x87, 0xbc, 0x8e, 0x6, 0xc0,
    0x2d, 0x1a, 0x20, 0x74, 0x56, 0x8, 0x36, 0x50,
    0xa, 0x86, 0x59, 0xca, 0x40, 0x30, 0xd0, 0x48,
    0x70, 0x7, 0x90, 0x80, 0x8c, 0x3, 0xce, 0x40,
    0x52, 0x1, 0xc7, 0x3, 0xa4, 0xca, 0x1, 0xe,
    0x86, 0x97, 0x85, 0x10, 0x2, 0xc5, 0xcc, 0xa,
    0x83, 0x81, 0x94, 0xe0, 0x2, 0x54, 0x34, 0x6f,
    0xc0, 0xe, 0xe0, 0xd0, 0xf, 0xc4, 0x1, 0xf4,
    0xdd, 0xa0, 0x28, 0x3, 0x85, 0x50, 0xa8, 0xc0,

    /* U+04FE "Ӿ" */
    0xc, 0xf8, 0x0, 0xf6, 0xfb, 0x80, 0x38, 0x1d,
    0x0, 0x34, 0x92, 0x38, 0x0, 0xa8, 0x28, 0x40,
    0xa, 0xc3, 0x40, 0x19, 0x54, 0x34, 0x5, 0x41,
    0x42, 0x1, 0xd4, 0x48, 0xfc, 0xc, 0x80, 0x1f,
    0x70, 0x41, 0x94, 0x80, 0x71, 0x7f, 0xb0, 0x2,
    0x2f, 0xf5, 0x80, 0x46, 0xee, 0x60, 0xc, 0xee,
    0xe0, 0x8, 0x62, 0x6, 0x6, 0x0, 0xe8, 0x50,
    0xe, 0x55, 0xe, 0xd0, 0x49, 0x0, 0x70, 0xd8,
    0x50, 0xaa, 0x83, 0x80, 0x3a, 0x85, 0x90, 0x1,
    0x42, 0x6e, 0x1, 0x32, 0x14, 0x80, 0x6d, 0x8,
    0x30, 0x29, 0xe, 0x0, 0xe3, 0x70, 0xe0,

    /* U+04FF "ӿ" */
    0x1e, 0xf3, 0x0, 0xd7, 0xea, 0x34, 0x1c, 0x1,
    0x3a, 0x32, 0x82, 0x31, 0x48, 0x1c, 0x14, 0x80,
    0x52, 0x4c, 0xbc, 0x1c, 0x1, 0x86, 0x42, 0x89,
    0xc8, 0x40, 0x9, 0xd6, 0x1, 0x3f, 0x58, 0x1,
    0x6d, 0xc0, 0x23, 0xb9, 0x0, 0xa, 0xa8, 0x2c,
    0x8c, 0x4c, 0x2, 0xb2, 0x84, 0xf0, 0xa2, 0x0,
    0x3a, 0xa3, 0x81, 0x48, 0x70, 0x1c, 0xd, 0x0,
    0x4c, 0xa7, 0x0,

    /* U+2022 "•" */
    0x9, 0xb2, 0x86, 0x4e, 0x20, 0x1, 0x41, 0x5,
    0x80,

    /* U+2026 "…" */
    0x8, 0xc2, 0x1, 0xb9, 0x0, 0x26, 0x28, 0x39,
    0xd8, 0x3a, 0x31, 0x84, 0x1c, 0x2, 0x6, 0x82,
    0x9, 0x98, 0x28, 0x14
};


/*---------------------
 *  GLYPH DESCRIPTION
 *--------------------*/

static const lv_font_fmt_txt_glyph_dsc_t glyph_dsc[] = {
    {.bitmap_index = 0, .adv_w = 0, .box_w = 0, .box_h = 0, .ofs_x = 0, .ofs_y = 0} /* id = 0 reserved */,
    {.bitmap_index = 0, .adv_w = 86, .box_w = 0, .box_h = 0, .ofs_x = 0, .ofs_y = 0},
    {.bitmap_index = 0, .adv_w = 86, .box_w = 3, .box_h = 14, .ofs_x = 1, .ofs_y = 0},
    {.bitmap_index = 22, .adv_w = 125, .box_w = 6, .box_h = 6, .ofs_x = 1, .ofs_y = 8},
    {.bitmap_index = 36, .adv_w = 225, .box_w = 14, .box_h = 14, .ofs_x = 0, .ofs_y = 0},
    {.bitmap_index = 124, .adv_w = 199, .box_w = 12, .box_h = 20, .ofs_x = 0, .ofs_y = -3},
    {.bitmap_index = 213, .adv_w = 270, .box_w = 17, .box_h = 14, .ofs_x = 0, .ofs_y = 0},
    {.bitmap_index = 321, .adv_w = 220, .box_w = 14, .box_h = 15, .ofs_x = 0, .ofs_y = -1},
    {.bitmap_index = 414, .adv_w = 67, .box_w = 2, .box_h = 6, .ofs_x = 1, .ofs_y = 8},
    {.bitmap_index = 421, .adv_w = 108, .box_w = 6, .box_h = 19, .ofs_x = 1, .ofs_y = -4},
    {.bitmap_index = 470, .adv_w = 108, .box_w = 5, .box_h = 19, .ofs_x = 0, .ofs_y = -4},
    {.bitmap_index = 516, .adv_w = 128, .box_w = 8, .box_h = 8, .ofs_x = 0, .ofs_y = 7},
    {.bitmap_index = 549, .adv_w = 186, .box_w = 10, .box_h = 10, .ofs_x = 1, .ofs_y = 2},
    {.bitmap_index = 577, .adv_w = 73, .box_w = 4, .box_h = 6, .ofs_x = 0, .ofs_y = -3},
    {.bitmap_index = 589, .adv_w = 123, .box_w = 6, .box_h = 2, .ofs_x = 1, .ofs_y = 5},
    {.bitmap_index = 594, .adv_w = 73, .box_w = 4, .box_h = 3, .ofs_x = 0, .ofs_y = 0},
    {.bitmap_index = 600, .adv_w = 113, .box_w = 9, .box_h = 20, .ofs_x = -1, .ofs_y = -2},
    {.bitmap_index = 664, .adv_w = 213, .box_w = 13, .box_h = 14, .ofs_x = 0, .ofs_y = 0},
    {.bitmap_index = 741, .adv_w = 118, .box_w = 6, .box_h = 14, .ofs_x = 0, .ofs_y = 0},
    {.bitmap_index = 752, .adv_w = 184, .box_w = 11, .box_h = 14, .ofs_x = 0, .ofs_y = 0},
    {.bitmap_index = 816, .adv_w = 183, .box_w = 11, .box_h = 14, .ofs_x = 0, .ofs_y = 0},
    {.bitmap_index = 878, .adv_w = 214, .box_w = 14, .box_h = 14, .ofs_x = 0, .ofs_y = 0},
    {.bitmap_index = 940, .adv_w = 184, .box_w = 11, .box_h = 14, .ofs_x = 0, .ofs_y = 0},
    {.bitmap_index = 1004, .adv_w = 197, .box_w = 12, .box_h = 14, .ofs_x = 0, .ofs_y = 0},
    {.bitmap_index = 1081, .adv_w = 191, .box_w = 12, .box_h = 14, .ofs_x = 0, .ofs_y = 0},
    {.bitmap_index = 1140, .adv_w = 206, .box_w = 12, .box_h = 14, .ofs_x = 0, .ofs_y = 0},
    {.bitmap_index = 1220, .adv_w = 197, .box_w = 12, .box_h = 14, .ofs_x = 0, .ofs_y = 0},
    {.bitmap_index = 1296, .adv_w = 73, .box_w = 4, .box_h = 11, .ofs_x = 0, .ofs_y = 0},
    {.bitmap_index = 1313, .adv_w = 73, .box_w = 4, .box_h = 14, .ofs_x = 0, .ofs_y = -3},
    {.bitmap_index = 1336, .adv_w = 186, .box_w = 10, .box_h = 10, .ofs_x = 1, .ofs_y = 2},
    {.bitmap_index = 1380, .adv_w = 186, .box_w = 10, .box_h = 7, .ofs_x = 1, .ofs_y = 4},
    {.bitmap_index = 1398, .adv_w = 186, .box_w = 10, .box_h = 10, .ofs_x = 1, .ofs_y = 2},
    {.bitmap_index = 1442, .adv_w = 183, .box_w = 11, .box_h = 14, .ofs_x = 0, .ofs_y = 0},
    {.bitmap_index = 1502, .adv_w = 331, .box_w = 20, .box_h = 18, .ofs_x = 0, .ofs_y = -4},
    {.bitmap_index = 1659, .adv_w = 234, .box_w = 16, .box_h = 14, .ofs_x = -1, .ofs_y = 0},
    {.bitmap_index = 1741, .adv_w = 242, .box_w = 13, .box_h = 14, .ofs_x = 2, .ofs_y = 0},
    {.bitmap_index = 1806, .adv_w = 228, .box_w = 14, .box_h = 14, .ofs_x = 0, .ofs_y = 0},
    {.bitmap_index = 1880, .adv_w = 264, .box_w = 14, .box_h = 14, .ofs_x = 2, .ofs_y = 0},
    {.bitmap_index = 1944, .adv_w = 214, .box_w = 11, .box_h = 14, .ofs_x = 2, .ofs_y = 0},
    {.bitmap_index = 1976, .adv_w = 203, .box_w = 10, .box_h = 14, .ofs_x = 2, .ofs_y = 0},
    {.bitmap_index = 2001, .adv_w = 247, .box_w = 14, .box_h = 14, .ofs_x = 0, .ofs_y = 0},
    {.bitmap_index = 2077, .adv_w = 260, .box_w = 13, .box_h = 14, .ofs_x = 2, .ofs_y = 0},
    {.bitmap_index = 2099, .adv_w = 99, .box_w = 3, .box_h = 14, .ofs_x = 2, .ofs_y = 0},
    {.bitmap_index = 2104, .adv_w = 164, .box_w = 10, .box_h = 14, .ofs_x = -1, .ofs_y = 0},
    {.bitmap_index = 2137, .adv_w = 230, .box_w = 13, .box_h = 14, .ofs_x = 2, .ofs_y = 0},
    {.bitmap_index = 2201, .adv_w = 190, .box_w = 10, .box_h = 14, .ofs_x = 2, .ofs_y = 0},
    {.bitmap_index = 2215, .adv_w = 306, .box_w = 15, .box_h = 14, .ofs_x = 2, .ofs_y = 0},
    {.bitmap_index = 2289, .adv_w = 260, .box_w = 13, .box_h = 14, .ofs_x = 2, .ofs_y = 0},
    {.bitmap_index = 2346, .adv_w = 269, .box_w = 16, .box_h = 14, .ofs_x = 0, .ofs_y = 0},
    {.bitmap_index = 2436, .adv_w = 231, .box_w = 12, .box_h = 14, .ofs_x = 2, .ofs_y = 0},
    {.bitmap_index = 2488, .adv_w = 269, .box_w = 17, .box_h = 17, .ofs_x = 0, .ofs_y = -3},
    {.bitmap_index = 2602, .adv_w = 233, .box_w = 12, .box_h = 14, .ofs_x = 2, .ofs_y = 0},
    {.bitmap_index = 2663, .adv_w = 199, .box_w = 12, .box_h = 14, .ofs_x = 0, .ofs_y = 0},
    {.bitmap_index = 2737, .adv_w = 188, .box_w = 12, .box_h = 14, .ofs_x = 0, .ofs_y = 0},
    {.bitmap_index = 2757, .adv_w = 253, .box_w = 13, .box_h = 14, .ofs_x = 1, .ofs_y = 0},
    {.bitmap_index = 2799, .adv_w = 228, .box_w = 16, .box_h = 14, .ofs_x = -1, .ofs_y = 0},
    {.bitmap_index = 2882, .adv_w = 360, .box_w = 22, .box_h = 14, .ofs_x = 0, .ofs_y = 0},
    {.bitmap_index = 3014, .adv_w = 215, .box_w = 14, .box_h = 14, .ofs_x = 0, .ofs_y = 0},
    {.bitmap_index = 3095, .adv_w = 207, .box_w = 15, .box_h = 14, .ofs_x = -1, .ofs_y = 0},
    {.bitmap_index = 3154, .adv_w = 210, .box_w = 13, .box_h = 14, .ofs_x = 0, .ofs_y = 0},
    {.bitmap_index = 3215, .adv_w = 107, .box_w = 5, .box_h = 19, .ofs_x = 2, .ofs_y = -4},
    {.bitmap_index = 3231, .adv_w = 113, .box_w = 9, .box_h = 20, .ofs_x = -1, .ofs_y = -2},
    {.bitmap_index = 3293, .adv_w = 107, .box_w = 5, .box_h = 19, .ofs_x = 0, .ofs_y = -4},
    {.bitmap_index = 3308, .adv_w = 187, .box_w = 10, .box_h = 9, .ofs_x = 1, .ofs_y = 3},
    {.bitmap_index = 3347, .adv_w = 160, .box_w = 10, .box_h = 3, .ofs_x = 0, .ofs_y = -2},
    {.bitmap_index = 3354, .adv_w = 192, .box_w = 6, .box_h = 3, .ofs_x = 2, .ofs_y = 12},
    {.bitmap_index = 3363, .adv_w = 191, .box_w = 10, .box_h = 11, .ofs_x = 1, .ofs_y = 0},
    {.bitmap_index = 3417, .adv_w = 218, .box_w = 12, .box_h = 15, .ofs_x = 1, .ofs_y = 0},
    {.bitmap_index = 3481, .adv_w = 183, .box_w = 11, .box_h = 11, .ofs_x = 0, .ofs_y = 0},
    {.bitmap_index = 3535, .adv_w = 218, .box_w = 12, .box_h = 15, .ofs_x = 0, .ofs_y = 0},
    {.bitmap_index = 3600, .adv_w = 196, .box_w = 12, .box_h = 11, .ofs_x = 0, .ofs_y = 0},
    {.bitmap_index = 3658, .adv_w = 113, .box_w = 8, .box_h = 15, .ofs_x = 0, .ofs_y = 0},
    {.bitmap_index = 3688, .adv_w = 221, .box_w = 12, .box_h = 15, .ofs_x = 0, .ofs_y = -4},
    {.bitmap_index = 3771, .adv_w = 218, .box_w = 11, .box_h = 15, .ofs_x = 1, .ofs_y = 0},
    {.bitmap_index = 3809, .adv_w = 89, .box_w = 4, .box_h = 15, .ofs_x = 1, .ofs_y = 0},
    {.bitmap_index = 3822, .adv_w = 91, .box_w = 7, .box_h = 19, .ofs_x = -2, .ofs_y = -4},
    {.bitmap_index = 3851, .adv_w = 197, .box_w = 12, .box_h = 15, .ofs_x = 1, .ofs_y = 0},
    {.bitmap_index = 3903, .adv_w = 89, .box_w = 3, .box_h = 15, .ofs_x = 1, .ofs_y = 0},
    {.bitmap_index = 3908, .adv_w = 338, .box_w = 19, .box_h = 11, .ofs_x = 1, .ofs_y = 0},
    {.bitmap_index = 3964, .adv_w = 218, .box_w = 11, .box_h = 11, .ofs_x = 1, .ofs_y = 0},
    {.bitmap_index = 3998, .adv_w = 203, .box_w = 12, .box_h = 11, .ofs_x = 0, .ofs_y = 0},
    {.bitmap_index = 4059, .adv_w = 218, .box_w = 12, .box_h = 15, .ofs_x = 1, .ofs_y = -4},
    {.bitmap_index = 4127, .adv_w = 218, .box_w = 12, .box_h = 15, .ofs_x = 0, .ofs_y = -4},
    {.bitmap_index = 4194, .adv_w = 131, .box_w = 7, .box_h = 11, .ofs_x = 1, .ofs_y = 0},
    {.bitmap_index = 4215, .adv_w = 160, .box_w = 10, .box_h = 11, .ofs_x = 0, .ofs_y = 0},
    {.bitmap_index = 4270, .adv_w = 132, .box_w = 8, .box_h = 14, .ofs_x = 0, .ofs_y = 0},
    {.bitmap_index = 4303, .adv_w = 217, .box_w = 11, .box_h = 11, .ofs_x = 1, .ofs_y = 0},
    {.bitmap_index = 4333, .adv_w = 179, .box_w = 13, .box_h = 11, .ofs_x = -1, .ofs_y = 0},
    {.bitmap_index = 4392, .adv_w = 288, .box_w = 18, .box_h = 11, .ofs_x = 0, .ofs_y = 0},
    {.bitmap_index = 4484, .adv_w = 177, .box_w = 11, .box_h = 11, .ofs_x = 0, .ofs_y = 0},
    {.bitmap_index = 4539, .adv_w = 179, .box_w = 13, .box_h = 15, .ofs_x = -1, .ofs_y = -4},
    {.bitmap_index = 4616, .adv_w = 167, .box_w = 10, .box_h = 11, .ofs_x = 0, .ofs_y = 0},
    {.bitmap_index = 4659, .adv_w = 112, .box_w = 6, .box_h = 19, .ofs_x = 1, .ofs_y = -4},
    {.bitmap_index = 4697, .adv_w = 96, .box_w = 2, .box_h = 19, .ofs_x = 2, .ofs_y = -4},
    {.bitmap_index = 4702, .adv_w = 112, .box_w = 6, .box_h = 19, .ofs_x = 0, .ofs_y = -4},
    {.bitmap_index = 4741, .adv_w = 186, .box_w = 10, .box_h = 4, .ofs_x = 1, .ofs_y = 5},
    {.bitmap_index = 4761, .adv_w = 134, .box_w = 8, .box_h = 8, .ofs_x = 0, .ofs_y = 7},
    {.bitmap_index = 4793, .adv_w = 213, .box_w = 11, .box_h = 18, .ofs_x = 2, .ofs_y = 0},
    {.bitmap_index = 4842, .adv_w = 213, .box_w = 11, .box_h = 18, .ofs_x = 2, .ofs_y = 0},
    {.bitmap_index = 4893, .adv_w = 267, .box_w = 16, .box_h = 15, .ofs_x = 0, .ofs_y = -1},
    {.bitmap_index = 4966, .adv_w = 185, .box_w = 10, .box_h = 18, .ofs_x = 2, .ofs_y = 0},
    {.bitmap_index = 4998, .adv_w = 227, .box_w = 13, .box_h = 14, .ofs_x = 1, .ofs_y = 0},
    {.bitmap_index = 5074, .adv_w = 204, .box_w = 12, .box_h = 14, .ofs_x = 0, .ofs_y = 0},
    {.bitmap_index = 5146, .adv_w = 101, .box_w = 3, .box_h = 14, .ofs_x = 2, .ofs_y = 0},
    {.bitmap_index = 5151, .adv_w = 99, .box_w = 6, .box_h = 18, .ofs_x = 0, .ofs_y = 0},
    {.bitmap_index = 5169, .adv_w = 173, .box_w = 9, .box_h = 14, .ofs_x = 0, .ofs_y = 0},
    {.bitmap_index = 5200, .adv_w = 380, .box_w = 23, .box_h = 14, .ofs_x = 0, .ofs_y = 0},
    {.bitmap_index = 5299, .adv_w = 378, .box_w = 21, .box_h = 14, .ofs_x = 2, .ofs_y = 0},
    {.bitmap_index = 5368, .adv_w = 269, .box_w = 16, .box_h = 14, .ofs_x = 0, .ofs_y = 0},
    {.bitmap_index = 5421, .adv_w = 228, .box_w = 12, .box_h = 18, .ofs_x = 2, .ofs_y = 0},
    {.bitmap_index = 5495, .adv_w = 263, .box_w = 13, .box_h = 18, .ofs_x = 2, .ofs_y = 0},
    {.bitmap_index = 5568, .adv_w = 221, .box_w = 14, .box_h = 19, .ofs_x = 0, .ofs_y = 0},
    {.bitmap_index = 5669, .adv_w = 258, .box_w = 12, .box_h = 18, .ofs_x = 2, .ofs_y = -4},
    {.bitmap_index = 5697, .adv_w = 243, .box_w = 15, .box_h = 14, .ofs_x = 0, .ofs_y = 0},
    {.bitmap_index = 5775, .adv_w = 234, .box_w = 12, .box_h = 14, .ofs_x = 2, .ofs_y = 0},
    {.bitmap_index = 5830, .adv_w = 239, .box_w = 12, .box_h = 14, .ofs_x = 2, .ofs_y = 0},
    {.bitmap_index = 5891, .adv_w = 185, .box_w = 10, .box_h = 14, .ofs_x = 2, .ofs_y = 0},
    {.bitmap_index = 5908, .adv_w = 257, .box_w = 16, .box_h = 17, .ofs_x = 0, .ofs_y = -3},
    {.bitmap_index = 5982, .adv_w = 213, .box_w = 11, .box_h = 14, .ofs_x = 2, .ofs_y = 0},
    {.bitmap_index = 6016, .adv_w = 329, .box_w = 21, .box_h = 14, .ofs_x = 0, .ofs_y = 0},
    {.bitmap_index = 6125, .adv_w = 203, .box_w = 12, .box_h = 14, .ofs_x = 0, .ofs_y = 0},
    {.bitmap_index = 6197, .adv_w = 263, .box_w = 13, .box_h = 14, .ofs_x = 2, .ofs_y = 0},
    {.bitmap_index = 6253, .adv_w = 263, .box_w = 13, .box_h = 18, .ofs_x = 2, .ofs_y = 0},
    {.bitmap_index = 6330, .adv_w = 228, .box_w = 12, .box_h = 14, .ofs_x = 2, .ofs_y = 0},
    {.bitmap_index = 6388, .adv_w = 253, .box_w = 14, .box_h = 14, .ofs_x = 0, .ofs_y = 0},
    {.bitmap_index = 6444, .adv_w = 308, .box_w = 16, .box_h = 14, .ofs_x = 2, .ofs_y = 0},
    {.bitmap_index = 6520, .adv_w = 262, .box_w = 13, .box_h = 14, .ofs_x = 2, .ofs_y = 0},
    {.bitmap_index = 6542, .adv_w = 271, .box_w = 15, .box_h = 14, .ofs_x = 1, .ofs_y = 0},
    {.bitmap_index = 6627, .adv_w = 263, .box_w = 13, .box_h = 14, .ofs_x = 2, .ofs_y = 0},
    {.bitmap_index = 6645, .adv_w = 228, .box_w = 12, .box_h = 14, .ofs_x = 2, .ofs_y = 0},
    {.bitmap_index = 6698, .adv_w = 230, .box_w = 13, .box_h = 14, .ofs_x = 1, .ofs_y = 0},
    {.bitmap_index = 6768, .adv_w = 193, .box_w = 12, .box_h = 14, .ofs_x = 0, .ofs_y = 0},
    {.bitmap_index = 6788, .adv_w = 221, .box_w = 14, .box_h = 14, .ofs_x = 0, .ofs_y = 0},
    {.bitmap_index = 6864, .adv_w = 296, .box_w = 18, .box_h = 16, .ofs_x = 0, .ofs_y = -1},
    {.bitmap_index = 6976, .adv_w = 214, .box_w = 14, .box_h = 14, .ofs_x = 0, .ofs_y = 0},
    {.bitmap_index = 7057, .adv_w = 265, .box_w = 15, .box_h = 18, .ofs_x = 2, .ofs_y = -4},
    {.bitmap_index = 7090, .adv_w = 230, .box_w = 13, .box_h = 14, .ofs_x = 0, .ofs_y = 0},
    {.bitmap_index = 7129, .adv_w = 350, .box_w = 18, .box_h = 14, .ofs_x = 2, .ofs_y = 0},
    {.bitmap_index = 7159, .adv_w = 359, .box_w = 20, .box_h = 17, .ofs_x = 2, .ofs_y = -3},
    {.bitmap_index = 7198, .adv_w = 265, .box_w = 16, .box_h = 14, .ofs_x = 0, .ofs_y = 0},
    {.bitmap_index = 7259, .adv_w = 318, .box_w = 16, .box_h = 14, .ofs_x = 2, .ofs_y = 0},
    {.bitmap_index = 7318, .adv_w = 228, .box_w = 12, .box_h = 14, .ofs_x = 2, .ofs_y = 0},
    {.bitmap_index = 7365, .adv_w = 226, .box_w = 14, .box_h = 14, .ofs_x = 0, .ofs_y = 0},
    {.bitmap_index = 7445, .adv_w = 352, .box_w = 19, .box_h = 14, .ofs_x = 2, .ofs_y = 0},
    {.bitmap_index = 7547, .adv_w = 234, .box_w = 12, .box_h = 14, .ofs_x = 1, .ofs_y = 0},
    {.bitmap_index = 7609, .adv_w = 188, .box_w = 11, .box_h = 11, .ofs_x = 0, .ofs_y = 0},
    {.bitmap_index = 7665, .adv_w = 212, .box_w = 12, .box_h = 16, .ofs_x = 1, .ofs_y = 0},
    {.bitmap_index = 7748, .adv_w = 196, .box_w = 11, .box_h = 11, .ofs_x = 1, .ofs_y = 0},
    {.bitmap_index = 7798, .adv_w = 156, .box_w = 9, .box_h = 11, .ofs_x = 1, .ofs_y = 0},
    {.bitmap_index = 7811, .adv_w = 212, .box_w = 13, .box_h = 14, .ofs_x = 0, .ofs_y = -3},
    {.bitmap_index = 7869, .adv_w = 201, .box_w = 12, .box_h = 11, .ofs_x = 0, .ofs_y = 0},
    {.bitmap_index = 7928, .adv_w = 272, .box_w = 17, .box_h = 11, .ofs_x = 0, .ofs_y = 0},
    {.bitmap_index = 8004, .adv_w = 174, .box_w = 10, .box_h = 11, .ofs_x = 0, .ofs_y = 0},
    {.bitmap_index = 8057, .adv_w = 222, .box_w = 12, .box_h = 11, .ofs_x = 1, .ofs_y = 0},
    {.bitmap_index = 8099, .adv_w = 222, .box_w = 12, .box_h = 15, .ofs_x = 1, .ofs_y = 0},
    {.bitmap_index = 8162, .adv_w = 191, .box_w = 11, .box_h = 11, .ofs_x = 1, .ofs_y = 0},
    {.bitmap_index = 8207, .adv_w = 205, .box_w = 11, .box_h = 11, .ofs_x = 0, .ofs_y = 0},
    {.bitmap_index = 8247, .adv_w = 255, .box_w = 14, .box_h = 11, .ofs_x = 1, .ofs_y = 0},
    {.bitmap_index = 8304, .adv_w = 218, .box_w = 11, .box_h = 11, .ofs_x = 1, .ofs_y = 0},
    {.bitmap_index = 8325, .adv_w = 205, .box_w = 12, .box_h = 11, .ofs_x = 0, .ofs_y = 0},
    {.bitmap_index = 8386, .adv_w = 217, .box_w = 11, .box_h = 11, .ofs_x = 1, .ofs_y = 0},
    {.bitmap_index = 8403, .adv_w = 220, .box_w = 12, .box_h = 15, .ofs_x = 1, .ofs_y = -4},
    {.bitmap_index = 8471, .adv_w = 183, .box_w = 11, .box_h = 11, .ofs_x = 0, .ofs_y = 0},
    {.bitmap_index = 8525, .adv_w = 158, .box_w = 10, .box_h = 11, .ofs_x = 0, .ofs_y = 0},
    {.bitmap_index = 8541, .adv_w = 183, .box_w = 13, .box_h = 15, .ofs_x = -1, .ofs_y = -4},
    {.bitmap_index = 8618, .adv_w = 258, .box_w = 16, .box_h = 19, .ofs_x = 0, .ofs_y = -4},
    {.bitmap_index = 8706, .adv_w = 173, .box_w = 11, .box_h = 11, .ofs_x = 0, .ofs_y = 0},
    {.bitmap_index = 8761, .adv_w = 221, .box_w = 13, .box_h = 14, .ofs_x = 1, .ofs_y = -3},
    {.bitmap_index = 8789, .adv_w = 195, .box_w = 11, .box_h = 11, .ofs_x = 0, .ofs_y = 0},
    {.bitmap_index = 8823, .adv_w = 301, .box_w = 16, .box_h = 11, .ofs_x = 1, .ofs_y = 0},
    {.bitmap_index = 8848, .adv_w = 301, .box_w = 18, .box_h = 14, .ofs_x = 1, .ofs_y = -3},
    {.bitmap_index = 8884, .adv_w = 204, .box_w = 13, .box_h = 11, .ofs_x = 0, .ofs_y = 0},
    {.bitmap_index = 8935, .adv_w = 258, .box_w = 14, .box_h = 11, .ofs_x = 1, .ofs_y = 0},
    {.bitmap_index = 8982, .adv_w = 184, .box_w = 10, .box_h = 11, .ofs_x = 1, .ofs_y = 0},
    {.bitmap_index = 9020, .adv_w = 184, .box_w = 11, .box_h = 11, .ofs_x = 0, .ofs_y = 0},
    {.bitmap_index = 9076, .adv_w = 280, .box_w = 16, .box_h = 11, .ofs_x = 1, .ofs_y = 0},
    {.bitmap_index = 9150, .adv_w = 196, .box_w = 11, .box_h = 11, .ofs_x = 0, .ofs_y = 0},
    {.bitmap_index = 9200, .adv_w = 202, .box_w = 12, .box_h = 16, .ofs_x = 0, .ofs_y = 0},
    {.bitmap_index = 9278, .adv_w = 201, .box_w = 12, .box_h = 14, .ofs_x = 0, .ofs_y = 0},
    {.bitmap_index = 9350, .adv_w = 216, .box_w = 13, .box_h = 20, .ofs_x = -1, .ofs_y = -4},
    {.bitmap_index = 9427, .adv_w = 156, .box_w = 9, .box_h = 15, .ofs_x = 1, .ofs_y = 0},
    {.bitmap_index = 9455, .adv_w = 185, .box_w = 12, .box_h = 11, .ofs_x = 0, .ofs_y = 0},
    {.bitmap_index = 9513, .adv_w = 172, .box_w = 10, .box_h = 11, .ofs_x = 0, .ofs_y = 0},
    {.bitmap_index = 9566, .adv_w = 91, .box_w = 4, .box_h = 16, .ofs_x = 1, .ofs_y = 0},
    {.bitmap_index = 9580, .adv_w = 89, .box_w = 6, .box_h = 14, .ofs_x = 0, .ofs_y = 0},
    {.bitmap_index = 9595, .adv_w = 91, .box_w = 7, .box_h = 20, .ofs_x = -2, .ofs_y = -4},
    {.bitmap_index = 9625, .adv_w = 299, .box_w = 19, .box_h = 11, .ofs_x = 0, .ofs_y = 0},
    {.bitmap_index = 9698, .adv_w = 305, .box_w = 18, .box_h = 11, .ofs_x = 1, .ofs_y = 0},
    {.bitmap_index = 9749, .adv_w = 216, .box_w = 13, .box_h = 16, .ofs_x = -1, .ofs_y = 0},
    {.bitmap_index = 9809, .adv_w = 191, .box_w = 11, .box_h = 15, .ofs_x = 1, .ofs_y = 0},
    {.bitmap_index = 9870, .adv_w = 222, .box_w = 12, .box_h = 15, .ofs_x = 1, .ofs_y = 0},
    {.bitmap_index = 9928, .adv_w = 183, .box_w = 13, .box_h = 20, .ofs_x = -1, .ofs_y = -4},
    {.bitmap_index = 10029, .adv_w = 207, .box_w = 11, .box_h = 14, .ofs_x = 1, .ofs_y = -3},
    {.bitmap_index = 10057, .adv_w = 260, .box_w = 16, .box_h = 16, .ofs_x = 0, .ofs_y = 0},
    {.bitmap_index = 10134, .adv_w = 196, .box_w = 12, .box_h = 16, .ofs_x = 0, .ofs_y = 0},
    {.bitmap_index = 10196, .adv_w = 288, .box_w = 18, .box_h = 14, .ofs_x = 0, .ofs_y = 0},
    {.bitmap_index = 10291, .adv_w = 225, .box_w = 14, .box_h = 11, .ofs_x = 0, .ofs_y = 0},
    {.bitmap_index = 10357, .adv_w = 271, .box_w = 15, .box_h = 14, .ofs_x = 1, .ofs_y = 0},
    {.bitmap_index = 10445, .adv_w = 208, .box_w = 12, .box_h = 11, .ofs_x = 0, .ofs_y = 0},
    {.bitmap_index = 10506, .adv_w = 244, .box_w = 15, .box_h = 15, .ofs_x = 0, .ofs_y = 0},
    {.bitmap_index = 10590, .adv_w = 191, .box_w = 12, .box_h = 12, .ofs_x = 0, .ofs_y = 0},
    {.bitmap_index = 10650, .adv_w = 269, .box_w = 15, .box_h = 21, .ofs_x = 2, .ofs_y = -3},
    {.bitmap_index = 10752, .adv_w = 229, .box_w = 13, .box_h = 18, .ofs_x = 1, .ofs_y = -3},
    {.bitmap_index = 10831, .adv_w = 236, .box_w = 14, .box_h = 16, .ofs_x = 0, .ofs_y = 0},
    {.bitmap_index = 10902, .adv_w = 194, .box_w = 12, .box_h = 11, .ofs_x = 0, .ofs_y = 0},
    {.bitmap_index = 10956, .adv_w = 235, .box_w = 12, .box_h = 14, .ofs_x = 2, .ofs_y = 0},
    {.bitmap_index = 11022, .adv_w = 224, .box_w = 12, .box_h = 15, .ofs_x = 1, .ofs_y = -4},
    {.bitmap_index = 11096, .adv_w = 186, .box_w = 10, .box_h = 18, .ofs_x = 2, .ofs_y = 0},
    {.bitmap_index = 11123, .adv_w = 149, .box_w = 9, .box_h = 13, .ofs_x = 1, .ofs_y = 0},
    {.bitmap_index = 11141, .adv_w = 198, .box_w = 12, .box_h = 14, .ofs_x = 0, .ofs_y = 0},
    {.bitmap_index = 11177, .adv_w = 165, .box_w = 10, .box_h = 11, .ofs_x = 0, .ofs_y = 0},
    {.bitmap_index = 11212, .adv_w = 225, .box_w = 12, .box_h = 18, .ofs_x = 2, .ofs_y = -4},
    {.bitmap_index = 11281, .adv_w = 192, .box_w = 11, .box_h = 16, .ofs_x = 1, .ofs_y = -5},
    {.bitmap_index = 11343, .adv_w = 341, .box_w = 22, .box_h = 17, .ofs_x = 0, .ofs_y = -3},
    {.bitmap_index = 11467, .adv_w = 282, .box_w = 18, .box_h = 14, .ofs_x = 0, .ofs_y = -3},
    {.bitmap_index = 11557, .adv_w = 203, .box_w = 12, .box_h = 17, .ofs_x = 0, .ofs_y = -3},
    {.bitmap_index = 11638, .adv_w = 174, .box_w = 10, .box_h = 13, .ofs_x = 0, .ofs_y = -2},
    {.bitmap_index = 11698, .adv_w = 242, .box_w = 13, .box_h = 17, .ofs_x = 2, .ofs_y = -3},
    {.bitmap_index = 11766, .adv_w = 191, .box_w = 12, .box_h = 14, .ofs_x = 1, .ofs_y = -3},
    {.bitmap_index = 11822, .adv_w = 237, .box_w = 13, .box_h = 14, .ofs_x = 2, .ofs_y = 0},
    {.bitmap_index = 11888, .adv_w = 196, .box_w = 12, .box_h = 11, .ofs_x = 1, .ofs_y = 0},
    {.bitmap_index = 11940, .adv_w = 235, .box_w = 15, .box_h = 14, .ofs_x = 0, .ofs_y = 0},
    {.bitmap_index = 12021, .adv_w = 191, .box_w = 12, .box_h = 16, .ofs_x = 0, .ofs_y = 0},
    {.bitmap_index = 12090, .adv_w = 265, .box_w = 17, .box_h = 14, .ofs_x = 0, .ofs_y = 0},
    {.bitmap_index = 12168, .adv_w = 214, .box_w = 14, .box_h = 11, .ofs_x = 0, .ofs_y = 0},
    {.bitmap_index = 12221, .adv_w = 271, .box_w = 15, .box_h = 17, .ofs_x = 2, .ofs_y = -3},
    {.bitmap_index = 12259, .adv_w = 224, .box_w = 13, .box_h = 14, .ofs_x = 1, .ofs_y = -3},
    {.bitmap_index = 12296, .adv_w = 348, .box_w = 20, .box_h = 14, .ofs_x = 2, .ofs_y = 0},
    {.bitmap_index = 12337, .adv_w = 284, .box_w = 17, .box_h = 11, .ofs_x = 1, .ofs_y = 0},
    {.bitmap_index = 12370, .adv_w = 383, .box_w = 22, .box_h = 18, .ofs_x = 2, .ofs_y = -4},
    {.bitmap_index = 12463, .adv_w = 312, .box_w = 19, .box_h = 16, .ofs_x = 1, .ofs_y = -5},
    {.bitmap_index = 12543, .adv_w = 312, .box_w = 18, .box_h = 15, .ofs_x = 1, .ofs_y = -1},
    {.bitmap_index = 12667, .adv_w = 254, .box_w = 15, .box_h = 11, .ofs_x = 0, .ofs_y = 0},
    {.bitmap_index = 12746, .adv_w = 230, .box_w = 13, .box_h = 17, .ofs_x = 1, .ofs_y = -3},
    {.bitmap_index = 12824, .adv_w = 183, .box_w = 11, .box_h = 13, .ofs_x = 0, .ofs_y = -2},
    {.bitmap_index = 12886, .adv_w = 193, .box_w = 12, .box_h = 17, .ofs_x = 0, .ofs_y = -3},
    {.bitmap_index = 12917, .adv_w = 158, .box_w = 10, .box_h = 14, .ofs_x = 0, .ofs_y = -3},
    {.bitmap_index = 12946, .adv_w = 213, .box_w = 14, .box_h = 14, .ofs_x = 0, .ofs_y = 0},
    {.bitmap_index = 13007, .adv_w = 184, .box_w = 12, .box_h = 15, .ofs_x = 0, .ofs_y = -4},
    {.bitmap_index = 13068, .adv_w = 213, .box_w = 14, .box_h = 14, .ofs_x = 0, .ofs_y = 0},
    {.bitmap_index = 13136, .adv_w = 184, .box_w = 12, .box_h = 15, .ofs_x = 0, .ofs_y = -4},
    {.bitmap_index = 13207, .adv_w = 226, .box_w = 14, .box_h = 17, .ofs_x = 0, .ofs_y = -3},
    {.bitmap_index = 13296, .adv_w = 173, .box_w = 12, .box_h = 14, .ofs_x = 0, .ofs_y = -3},
    {.bitmap_index = 13362, .adv_w = 312, .box_w = 19, .box_h = 18, .ofs_x = 0, .ofs_y = -4},
    {.bitmap_index = 13410, .adv_w = 247, .box_w = 15, .box_h = 14, .ofs_x = 0, .ofs_y = -3},
    {.bitmap_index = 13449, .adv_w = 238, .box_w = 15, .box_h = 17, .ofs_x = 0, .ofs_y = -3},
    {.bitmap_index = 13504, .adv_w = 203, .box_w = 12, .box_h = 14, .ofs_x = 0, .ofs_y = -3},
    {.bitmap_index = 13552, .adv_w = 236, .box_w = 13, .box_h = 14, .ofs_x = 0, .ofs_y = 0},
    {.bitmap_index = 13601, .adv_w = 195, .box_w = 11, .box_h = 11, .ofs_x = 0, .ofs_y = 0},
    {.bitmap_index = 13644, .adv_w = 236, .box_w = 12, .box_h = 14, .ofs_x = 2, .ofs_y = 0},
    {.bitmap_index = 13682, .adv_w = 216, .box_w = 11, .box_h = 16, .ofs_x = 1, .ofs_y = 0},
    {.bitmap_index = 13721, .adv_w = 316, .box_w = 19, .box_h = 14, .ofs_x = 0, .ofs_y = 0},
    {.bitmap_index = 13825, .adv_w = 247, .box_w = 15, .box_h = 11, .ofs_x = 0, .ofs_y = 0},
    {.bitmap_index = 13895, .adv_w = 316, .box_w = 19, .box_h = 17, .ofs_x = 0, .ofs_y = -3},
    {.bitmap_index = 14007, .adv_w = 247, .box_w = 15, .box_h = 13, .ofs_x = 0, .ofs_y = -2},
    {.bitmap_index = 14085, .adv_w = 102, .box_w = 3, .box_h = 14, .ofs_x = 2, .ofs_y = 0},
    {.bitmap_index = 14090, .adv_w = 329, .box_w = 21, .box_h = 18, .ofs_x = 0, .ofs_y = 0},
    {.bitmap_index = 14224, .adv_w = 272, .box_w = 17, .box_h = 15, .ofs_x = 0, .ofs_y = 0},
    {.bitmap_index = 14322, .adv_w = 228, .box_w = 12, .box_h = 18, .ofs_x = 2, .ofs_y = -4},
    {.bitmap_index = 14398, .adv_w = 191, .box_w = 11, .box_h = 15, .ofs_x = 1, .ofs_y = -4},
    {.bitmap_index = 14460, .adv_w = 258, .box_w = 16, .box_h = 17, .ofs_x = 0, .ofs_y = -3},
    {.bitmap_index = 14543, .adv_w = 212, .box_w = 13, .box_h = 14, .ofs_x = 0, .ofs_y = -3},
    {.bitmap_index = 14600, .adv_w = 262, .box_w = 13, .box_h = 19, .ofs_x = 2, .ofs_y = -5},
    {.bitmap_index = 14643, .adv_w = 220, .box_w = 11, .box_h = 15, .ofs_x = 1, .ofs_y = -4},
    {.bitmap_index = 14679, .adv_w = 268, .box_w = 15, .box_h = 17, .ofs_x = 2, .ofs_y = -3},
    {.bitmap_index = 14724, .adv_w = 225, .box_w = 13, .box_h = 14, .ofs_x = 1, .ofs_y = -3},
    {.bitmap_index = 14765, .adv_w = 234, .box_w = 12, .box_h = 17, .ofs_x = 1, .ofs_y = -3},
    {.bitmap_index = 14815, .adv_w = 194, .box_w = 11, .box_h = 14, .ofs_x = 0, .ofs_y = -3},
    {.bitmap_index = 14860, .adv_w = 316, .box_w = 18, .box_h = 17, .ofs_x = 2, .ofs_y = -3},
    {.bitmap_index = 14958, .adv_w = 265, .box_w = 15, .box_h = 14, .ofs_x = 1, .ofs_y = -3},
    {.bitmap_index = 15035, .adv_w = 91, .box_w = 3, .box_h = 16, .ofs_x = 1, .ofs_y = 0},
    {.bitmap_index = 15042, .adv_w = 243, .box_w = 15, .box_h = 18, .ofs_x = 0, .ofs_y = 0},
    {.bitmap_index = 15140, .adv_w = 188, .box_w = 11, .box_h = 15, .ofs_x = 0, .ofs_y = 0},
    {.bitmap_index = 15215, .adv_w = 243, .box_w = 15, .box_h = 18, .ofs_x = 0, .ofs_y = 0},
    {.bitmap_index = 15313, .adv_w = 188, .box_w = 11, .box_h = 14, .ofs_x = 0, .ofs_y = 0},
    {.bitmap_index = 15383, .adv_w = 335, .box_w = 20, .box_h = 14, .ofs_x = 0, .ofs_y = 0},
    {.bitmap_index = 15469, .adv_w = 318, .box_w = 19, .box_h = 11, .ofs_x = 0, .ofs_y = 0},
    {.bitmap_index = 15565, .adv_w = 213, .box_w = 11, .box_h = 18, .ofs_x = 2, .ofs_y = 0},
    {.bitmap_index = 15617, .adv_w = 202, .box_w = 12, .box_h = 16, .ofs_x = 0, .ofs_y = 0},
    {.bitmap_index = 15698, .adv_w = 263, .box_w = 16, .box_h = 14, .ofs_x = 0, .ofs_y = 0},
    {.bitmap_index = 15786, .adv_w = 196, .box_w = 12, .box_h = 11, .ofs_x = 0, .ofs_y = 0},
    {.bitmap_index = 15845, .adv_w = 263, .box_w = 16, .box_h = 19, .ofs_x = 0, .ofs_y = 0},
    {.bitmap_index = 15954, .adv_w = 196, .box_w = 12, .box_h = 14, .ofs_x = 0, .ofs_y = 0},
    {.bitmap_index = 16027, .adv_w = 329, .box_w = 21, .box_h = 18, .ofs_x = 0, .ofs_y = 0},
    {.bitmap_index = 16161, .adv_w = 272, .box_w = 17, .box_h = 14, .ofs_x = 0, .ofs_y = 0},
    {.bitmap_index = 16255, .adv_w = 203, .box_w = 12, .box_h = 19, .ofs_x = 0, .ofs_y = 0},
    {.bitmap_index = 16347, .adv_w = 174, .box_w = 10, .box_h = 14, .ofs_x = 0, .ofs_y = 0},
    {.bitmap_index = 16414, .adv_w = 200, .box_w = 12, .box_h = 14, .ofs_x = 0, .ofs_y = 0},
    {.bitmap_index = 16479, .adv_w = 169, .box_w = 11, .box_h = 15, .ofs_x = -1, .ofs_y = -4},
    {.bitmap_index = 16545, .adv_w = 263, .box_w = 13, .box_h = 18, .ofs_x = 2, .ofs_y = 0},
    {.bitmap_index = 16616, .adv_w = 222, .box_w = 12, .box_h = 14, .ofs_x = 1, .ofs_y = 0},
    {.bitmap_index = 16671, .adv_w = 263, .box_w = 13, .box_h = 18, .ofs_x = 2, .ofs_y = 0},
    {.bitmap_index = 16745, .adv_w = 222, .box_w = 12, .box_h = 14, .ofs_x = 1, .ofs_y = 0},
    {.bitmap_index = 16802, .adv_w = 271, .box_w = 15, .box_h = 19, .ofs_x = 1, .ofs_y = 0},
    {.bitmap_index = 16908, .adv_w = 205, .box_w = 12, .box_h = 14, .ofs_x = 0, .ofs_y = 0},
    {.bitmap_index = 16984, .adv_w = 271, .box_w = 15, .box_h = 14, .ofs_x = 1, .ofs_y = 0},
    {.bitmap_index = 17072, .adv_w = 205, .box_w = 12, .box_h = 11, .ofs_x = 0, .ofs_y = 0},
    {.bitmap_index = 17133, .adv_w = 271, .box_w = 15, .box_h = 19, .ofs_x = 1, .ofs_y = 0},
    {.bitmap_index = 17242, .adv_w = 205, .box_w = 12, .box_h = 14, .ofs_x = 0, .ofs_y = 0},
    {.bitmap_index = 17318, .adv_w = 226, .box_w = 14, .box_h = 19, .ofs_x = 0, .ofs_y = 0},
    {.bitmap_index = 17419, .adv_w = 184, .box_w = 11, .box_h = 14, .ofs_x = 0, .ofs_y = 0},
    {.bitmap_index = 17490, .adv_w = 221, .box_w = 14, .box_h = 19, .ofs_x = 0, .ofs_y = 0},
    {.bitmap_index = 17583, .adv_w = 183, .box_w = 13, .box_h = 18, .ofs_x = -1, .ofs_y = -4},
    {.bitmap_index = 17673, .adv_w = 221, .box_w = 14, .box_h = 19, .ofs_x = 0, .ofs_y = 0},
    {.bitmap_index = 17769, .adv_w = 183, .box_w = 13, .box_h = 18, .ofs_x = -1, .ofs_y = -4},
    {.bitmap_index = 17863, .adv_w = 221, .box_w = 14, .box_h = 19, .ofs_x = 0, .ofs_y = 0},
    {.bitmap_index = 17962, .adv_w = 183, .box_w = 13, .box_h = 19, .ofs_x = -1, .ofs_y = -4},
    {.bitmap_index = 18060, .adv_w = 230, .box_w = 13, .box_h = 18, .ofs_x = 0, .ofs_y = 0},
    {.bitmap_index = 18120, .adv_w = 195, .box_w = 11, .box_h = 14, .ofs_x = 0, .ofs_y = 0},
    {.bitmap_index = 18170, .adv_w = 185, .box_w = 10, .box_h = 17, .ofs_x = 2, .ofs_y = -3},
    {.bitmap_index = 18199, .adv_w = 156, .box_w = 9, .box_h = 14, .ofs_x = 1, .ofs_y = -3},
    {.bitmap_index = 18228, .adv_w = 318, .box_w = 16, .box_h = 18, .ofs_x = 2, .ofs_y = 0},
    {.bitmap_index = 18308, .adv_w = 258, .box_w = 14, .box_h = 14, .ofs_x = 1, .ofs_y = 0},
    {.bitmap_index = 18373, .adv_w = 198, .box_w = 12, .box_h = 18, .ofs_x = 0, .ofs_y = -4},
    {.bitmap_index = 18430, .adv_w = 157, .box_w = 10, .box_h = 15, .ofs_x = 0, .ofs_y = -4},
    {.bitmap_index = 18487, .adv_w = 215, .box_w = 13, .box_h = 18, .ofs_x = 0, .ofs_y = -4},
    {.bitmap_index = 18583, .adv_w = 173, .box_w = 11, .box_h = 15, .ofs_x = 0, .ofs_y = -4},
    {.bitmap_index = 18655, .adv_w = 219, .box_w = 14, .box_h = 14, .ofs_x = 0, .ofs_y = 0},
    {.bitmap_index = 18742, .adv_w = 182, .box_w = 11, .box_h = 11, .ofs_x = 0, .ofs_y = 0},
    {.bitmap_index = 18801, .adv_w = 100, .box_w = 4, .box_h = 4, .ofs_x = 1, .ofs_y = 4},
    {.bitmap_index = 18810, .adv_w = 221, .box_w = 13, .box_h = 3, .ofs_x = 0, .ofs_y = 0}
};

/*---------------------
 *  CHARACTER MAPPING
 *--------------------*/

static const uint16_t unicode_list_3[] = {
    0x0, 0x1, 0x8, 0x9, 0x10, 0x11, 0x12, 0x13
};

static const uint16_t unicode_list_5[] = {
    0x0, 0x4
};

/*Collect the unicode lists and glyph_id offsets*/
static const lv_font_fmt_txt_cmap_t cmaps[] =
{
    {
        .range_start = 32, .range_length = 95, .glyph_id_start = 1,
        .unicode_list = NULL, .glyph_id_ofs_list = NULL, .list_length = 0, .type = LV_FONT_FMT_TXT_CMAP_FORMAT0_TINY
    },
    {
        .range_start = 176, .range_length = 1, .glyph_id_start = 96,
        .unicode_list = NULL, .glyph_id_ofs_list = NULL, .list_length = 0, .type = LV_FONT_FMT_TXT_CMAP_FORMAT0_TINY
    },
    {
        .range_start = 1024, .range_length = 96, .glyph_id_start = 97,
        .unicode_list = NULL, .glyph_id_ofs_list = NULL, .list_length = 0, .type = LV_FONT_FMT_TXT_CMAP_FORMAT0_TINY
    },
    {
        .range_start = 1122, .range_length = 20, .glyph_id_start = 193,
        .unicode_list = unicode_list_3, .glyph_id_ofs_list = NULL, .list_length = 8, .type = LV_FONT_FMT_TXT_CMAP_SPARSE_TINY
    },
    {
        .range_start = 1162, .range_length = 118, .glyph_id_start = 201,
        .unicode_list = NULL, .glyph_id_ofs_list = NULL, .list_length = 0, .type = LV_FONT_FMT_TXT_CMAP_FORMAT0_TINY
    },
    {
        .range_start = 8226, .range_length = 5, .glyph_id_start = 319,
        .unicode_list = unicode_list_5, .glyph_id_ofs_list = NULL, .list_length = 2, .type = LV_FONT_FMT_TXT_CMAP_SPARSE_TINY
    }
};



/*--------------------
 *  ALL CUSTOM DATA
 *--------------------*/

#if LVGL_VERSION_MAJOR == 8
/*Store all the custom data of the font*/
static  lv_font_fmt_txt_glyph_cache_t cache;
#endif

#if LVGL_VERSION_MAJOR >= 8
static const lv_font_fmt_txt_dsc_t font_dsc = {
#else
static lv_font_fmt_txt_dsc_t font_dsc = {
#endif
    .glyph_bitmap = glyph_bitmap,
    .glyph_dsc = glyph_dsc,
    .cmaps = cmaps,
    .kern_dsc = NULL,
    .kern_scale = 0,
    .cmap_num = 6,
    .bpp = 4,
    .kern_classes = 0,
    .bitmap_format = 1,
#if LVGL_VERSION_MAJOR == 8
    .cache = &cache
#endif
};



/*-----------------
 *  PUBLIC FONT
 *----------------*/

/*Initialize a public general font descriptor*/
#if LVGL_VERSION_MAJOR >= 8
const lv_font_t lv_font_yora_montserrat_20_cyr = {
#else
lv_font_t lv_font_yora_montserrat_20_cyr = {
#endif
    .get_glyph_dsc = lv_font_get_glyph_dsc_fmt_txt,    /*Function pointer to get glyph's data*/
    .get_glyph_bitmap = lv_font_get_bitmap_fmt_txt,    /*Function pointer to get glyph's bitmap*/
    .line_height = 24,          /*The maximum line height required by the font*/
    .base_line = 5,             /*Baseline measured from the bottom of the line*/
#if !(LVGL_VERSION_MAJOR == 6 && LVGL_VERSION_MINOR == 0)
    .subpx = LV_FONT_SUBPX_NONE,
#endif
#if LV_VERSION_CHECK(7, 4, 0) || LVGL_VERSION_MAJOR >= 8
    .underline_position = -2,
    .underline_thickness = 1,
#endif
    .dsc = &font_dsc,          /*The custom font data. Will be accessed by `get_glyph_bitmap/dsc` */
#if LV_VERSION_CHECK(8, 2, 0) || LVGL_VERSION_MAJOR >= 9
    .fallback = NULL,
#endif
    .user_data = NULL,
};



#endif /*#if LV_FONT_YORA_MONTSERRAT_20_CYR*/

